entity_id	business_name	business_address	country
S1-401372098	Apex Inc	108 Richardson Street, Bethany, WV	US
S1-951599976	Unified Green Target LLC	1037 Cedar Grove Road, Halifax County, VA	US
S1-46716098	Knox and Nicholas, Inc	WI, Town Of Townsend, 17160 Presbyterian Road	US
S1-465739288	Chong's Hospitality LLC	1884 Pine Meadow Court, Gurnee, IL	US
S1-448345019	Urban Construction Private Limited	Flat No. B1/604, Minar Regency Talao Pali Mumbra, Thane, Maharashtra	India
S1-543144015	Freight Foods	B.K. Dutt Colony Lodhi Road, Delhi, K-5, New Delhi	India
S1-246225268	Wooten Continental Enterprises Inc	AZ, Prescott, 469 Miracle Rider Road	US
S1-908498505	LO Venture LLC	620 2nd Street, City Of Baraboo, WI	US
S1-60980827	Bhavishya International School	B-104, Second Floor, Okhla Industrial Area, Phase-1, Delhi, South Delhi, Delhi	India
S1-960355473	Visionary & Sons Private Limited	Ground Floor, Incor Opulence Gunjur Palya Road, Gunjur Village, Varthur, Bangalore, Flat No.G05, Karnataka, Bangalore	India
S1-943567301	Mary Murphy, O.D., P.C.	581 Noble Commons Circle, Supply, NC	US
S1-908800416	Northern Hamilton Inc	146 12th Street, Unit A, New Philadelphia, OH	US
S1-101122655	United Vishnu	Shed No. Gf/56, Kalptaru Industrial Estate, Nr. Torrent Power, Opp. Kathwada Gidc, N, Icol, Ahmedabad, Gujarat	India
S1-668525331	Southern Care Private Limited	Kerala, Cherthala, Alappuzha, Pallipuram Po, Door No 6/545 Kizhakke Thottunkal	India
S1-368890496	Optimal Highland Lithium	633 Closhire Lane, Birmingham, AL	US
S1-315102620	Rager Resolution LLC	1173 Grand Avenue, Carthage, MO	US
S1-431830647	Golden Properties Pvt Ltd	Dss-378, Hisar, Sector 16-17, Hisar, Haryana	India
S1-509961458	Jcn Producer Private Limited	117/(336C) P Block, Near Gopal Tower Kakadeo, Kanpur, Uttar Pradesh	India
S1-335846790	Nelson Premier Steers Corp	123 Flanner Street, Burlington, NC	US
S1-641236003	Bangalore. Academy Pvt. Ltd.	No.9/2, Museum Road, Bangalore., Karnataka	India
S1-436640256	Lanie Hale Principal Inc.	1081 Savannah Highway, Waynesboro, TN	US
S1-942590387	Brightium Robinhood LLC	33269 190th Street, 22, IA	US
S1-364282301	Roberts Hyperliquid	2287 Main Street, Dothan, AL	US
S1-524036030	Yes Future (India) Private Limited	Tiljala Road, Kolkata, West Bengal, Kolkata, West Bengal, 93/A, Kolkata, Howrah	India
S1-448733076	Ludlam Motors Inc	NY, 25 Sundown Road, Palermo	US
S1-748867572	Britt Best Willow LLC	16955 Toronto Avenue, Unit Apartment 115, Prior Lake, MN	US
S1-98197393	Edavanakkad P.O. Estate Pvt Ltd	Algram Builders Developers Pvt. Ltd Illathupady, Edavanakkad P.O., Cochin, Kerala	India
S1-47040385	Krishna International Private Limited	D-78, Sector -63 Gautam Buddha Nagar, Noida, Gautam Buddha Nagar, Uttar Pradesh	India
S1-164081713	ZH Acquisition Inc	30445 1st Place, Federal Way, WA	US
S1-491313845	Sterling Triumph LLC	827 Dusk Circle, St George City, UT	US
S1-488702780	Urban Management Pvt Ltd	No 54, Tamil Nadu, Coimbatore, Mettupalayam Road G N Mills Post, Coimbatore	India
S1-680356898	564 Park Road Realty LLC	401 University Way, Unit 406B, Ellensburg, WA	US
S1-481363029	Swastik Red Foods Private Limited	Flat No. 2D, Shakti Dham Apartment, S.K. Nagar, Patna, Bihar	India
S1-24115094	Advanced Wholesale Networks	Tinley Park, IL, 17231 Foxgrove Lane	US
S1-689977390	Environmental Initiative	866 14th St NE, Cedar Rapids, IA	US
S1-477343565	Bunny India Public Limited	S/O Avtar Singh Sethi, Block -65, Ground Floor, Block L, Hari Nagar, New Delhi, West Delhi, Delhi	India
S1-940949278	Heritage Preferred Mountain Group	100 Terrace Avenue, Unit Suite 172, Hempstead, NY	US
S1-551615800	Infrastructure Samanvay Tech Pvt. Ltd.	Vi/565Vrindavanam Nellaya P O, Palakkad, Thrissur, Kerala	India
S1-728270873	Parker Grand Paloma Inc	9665 Capella Avenue, Concord, NC	US
S1-405521342	Indore Devcon Limited	201, Second Floor 79, Radhika Palace Gram Khajrana, Indore, Madhya Pradesh	India
S1-406214982	Swati Group of Companies Pvt Ltd	4 Kha 19, Sector No.11 Hiran Magri, Udaipur, Rajasthan	India
S1-27453021	Kara's Premier Appliance PC	5618 Rockledge Court, Frederick, MD	US
S1-205432256	Chiropractic Group	7811 Ardmore Avenue, Parkville, MD	US
S1-373896077	Great Surya Consulting Private Limited	Kanchan, Streetno.2, Madhavpark-2, Nr. Goverdhan Chowk, Rajkot, Gujarat	India
S1-894634638	Empire Express Freight	Lakeville, 17528 Dunkirk Way, MN	US
S1-415192963	One Unique Constructions Private Limited	Plot No 1 Flat No 2 Floor, No.Gr, Wing B-36 Kendriya, Panvel, Raigarh(Mh), Maharashtra	India
S1-451119317	Tully Taxable	1017 Westgate Avenue, Durant, OK	US
S1-160619866	Devan Mcdonald, D.C.	2295 Highway 64, Crump, TN	US
S1-497997494	Tirupati Tech Private Limited	No.6/60, Gandhi Bazaar, Madakasira, Anantpur, Madakasira, Ananthapur, Andhra Pradesh	India
S1-622054204	Rivera Direct Micro Group	1004 3rd Street, Ankeny, IA	US
S1-425029735	Youth Ministries	1017 Autumn Lane, Concord, NC	US
S1-396016027	Modern Engineering Private Limited	Sr. No. 32/A/1, Khan Wast, Near Majid, Warje, Pune City, Pune, Maharashtra	India
S1-887453047	City Consultancy Private Limited	D.No.3/589, Bharathi Nagar, Arasanatty, Hosur, Krishnagiri, Dharmapuri, Tamil Nadu	India
S1-714374058	Amiable Brew Limited	West Bengal, Matheshwartola Road, Ground Floor, Kolkata, 130, Kolkata, Howrah	India
S1-284409617	Benton Superior Schwab LLC	12 Penton Ridge Court, Greensboro, NC	US
S1-362524142	Belva's Cascade Pilates	1683 Scarbrough Circle, Concord, NC	US
S1-601839146	Lost (India) Sourcing Private Limited	Concrete Heritage, 204, 2Nd Floor, Waroda Road, Off Hill Road, Bandra (W), Mumbai, Mumbai City, Maharashtra	India
S1-868054757	Keystone Mobility Studios Ltd	748 Franklin Road, Vernon, VT	US
S1-178294692	Pediatric Advanced Care Associates Inc	IN, Greenwood, 1567 Glen Canyon Drive	US
S1-373917752	Cultural Council	737 Colter Street, Phoenix, AZ	US
S1-290109287	T+ Software LLC	305 Mclane Road, Unit E, Payson, AZ	US
S1-954375720	Housing Council	408 Haynie Creek Road, Eclectic, AL	US
S1-841236317	Welch Interprivate LLC	2005 Rogers Street, Unit LOT 21, Bloomington, IN	US
S1-47225325	Prima Consultancy	Udayam Villa No 12 Zealots Cyber Hill Panniyoor Kulam, Kozhikode, Kerala	India
S1-536126146	Division of Sanitation	1110 Oculus Drive, Unit 1609, Raleigh, NC	US
S1-393919545	Pediatric Clinic Inc	4648 Gettysburg Battle Street, Battlefield, MO	US
S1-582046795	Cardiology Medicine, LLC	2340 Deermont Avenue, Massillon, OH	US
S1-987005689	Metro Center LLC	1506 30th Street, Topeka, KS	US
S1-813298272	Martinez Prairie Annaly Inc.	7180 Buck Creek Road, Finchville, KY	US
S1-702724995	Bhubaneswar Marketing Private Limited	Plot - 716 / 2304, Nayapalli Behera Sahi, Bhubaneswar, Khordha, Orissa	India
S1-764129222	Kwality Logistics Private Limited	1St Floor Nos. 46/B And 47, 1St Main Road, 3Rd Phase J.P.Nagar, Bengaluru, Bangalore, Karnataka	India
S1-311158779	Boor Companies Inc	13322 Beloit, Unit 0, Caledonia, IL	US
S1-20728743	AP Kpet Inc	TX, Kingsville, 1201 Johnston Avenue	US
S1-505693918	Zeor LP	WA, 3306 99th Avenue, Bellevue	US
S1-429900267	Federal Preparatory Academy	1410 Thornwood Lane, Houston, TX	US
S1-53966414	Summit Empire Biracilik LLC	26 Old Post Road, York, ME	US
S1-871785372	Oncology Cascade Center LLC	3175 Deep Forest Drive, Pinetop, AZ	US
S1-738397946	Decision Manpower Pvt Ltd	9/409, Malapuram, Kerala, Txg Complex, Railway Station Road, Nilambur, Malappuram	India
S1-925840718	6-Corners	12788 177th Avenue, Goodyear, AZ	US
S1-359389192	South Gulf Altisource	421 Armory Street, Trenton, TN	US
S1-379654996	Ironclad PLLC	181 Audubon Road, Jacksonville, NC	US
S1-270643653	Pacific Guild LLC	3405 Tryon Street, Unit 309, Charlotte, NC	US
S1-440383221	Pediatric Dental Specialists	1112 Washington Avenue, Seymour, IN	US
S1-958297307	Hearn Jersey, LLC	Fairfax County, Unit STE 103, VA, 7336 Route 29	US
S1-453165199	East Services Limited	T-384B, Ground Floor, Near Nizami Clinic, Hazrat Nizamuddin, New Delhi, South Delhi, Delhi	India
S1-79144137	Consort Technology Private Limited	Maharashtra, At/Post- Horti, Tq-Tuljapur, Osmanabad, C/O. Shri Ambadash Kamlakar Kulkarni	India
S1-255452144	Swickard Companies PC	1530 Doubletree Lane, TN, Nashville	US
S1-423973106	Washburn Holdings LLC	County, 1870 Studebaker Road, Unit 1, WY	US
S1-236909503	Beia LLC	616 Creek Street, Skiatook, OK	US
S1-227176635	Interstate Medical Center Inc	1566 Palace Way, Unit 29a, Lake Havasu City, AZ	US
S1-961613339	Bill Learning Center	7111 Crismon Road, Unit 153, Mesa, AZ	US
S1-25312162	Sarasiya Alloy Private Limited	Flot No. B 804, Sv Heights Atps, Channasandra Main Road, Hope Form Circle, White Field, Bangalore, Karnataka	India
S1-507357083	Joana Aponte Karman Inc	4016 Tortoise Lane, Fort Worth, TX	US
S1-317851611	Electro Resorts Limited	Supermol, Nr. Lal Bangla, Cg Road, Gujarat, 423, Ahmedabad, City Taluka	India
S1-992143437	Classic Ventures Private Limited	Pune, More Vasti, Near Bus Stop, Tal Haveli, Manjari Bk, H. No. 2264, Pune, Maharashtra	India
S1-527768007	Coastal Shipping Inc.	8914 Poppy Lane, Indianapolis, IN	US
S1-981925901	Divya Forest Corp	Office No. 311, Silver Chamber Tagore Road, Rajkot, Gujarat	India
S1-631670392	Caldyx Qdro PC	TX, 408 Arbor Street, Baytown	US
S1-977292711	Sai Innovative Exports Private Limited	Plot No-355, Rohini Villa, Taraboi, Baniatangi, Jatni, Khordha, Orissa	India
S1-839309172	Nordic Institute	H No. 2406, Phase 10, Sector 64 Mohali, Sas Nagar, Punjab	India
S1-962341953	Supreme Business Laboratories Inc	159 Thornwood Drive, Sanford, NC	US
S1-739996933	Sidhu Nursing Home	1St Floor Surya Kiran Building, 19, K G Marg, Central Delhi, Delhi, Flat No. 112A, New Delhi	India
S1-683081860	Antonina Sanders Pioneer Machines Group	3315 Parkdale Drive, City Of Marinette, WI	US
S1-853379544	Main Street Yoga	1233 Kinghorn Circle, Grove City, OH	US
S1-607312695	Banks and Savage Token Inc	602 Tull Court, Wentzville, MO	US
S1-645650011	Foot & Ankle Capital Center LLC	1706 Windover Drive, Kingstown, NC	US
S1-546165896	Quia Capital Partners LLC	342 Vale Street, Hagerstown, MD	US
S1-282295416	Fortune Systems Limited	Revenue Ward No.9, Andhra Pradesh, Repalle, Guntur, 13-20-74/1 Galivaristreet	India
S1-192464263	Lucky Seafood! Inc	303 Washington Street, Hanson, MA	US
S1-53811749	Garza, Rebecca, P.A.	929 5th Avenue, Laurel, MT	US
S1-501127978	Kolkata Brewery Limited	10A/1, Abinash Chowdhury Lane, Kolkata, Howrah, West Bengal	India
S1-509498169	Mumbai Developers Limited	163/6, 6Th Floor, Sagar Chs, Mahim Causeway Road, Mahim, Mumbai, Mumbai City, Maharashtra	India
S1-575642900	Meva LP	1150 Powis Road, Unit 7, West Chicago, IL	US
S1-360463908	Western Coastal Utilities	2 Aberdeen Street, Malverne, NY	US
S1-205806884	Infra Rao Global Limited	1/217A, Kallayivalappil House, Thalapilly, Thrissur, Kerala	India
S1-864735768	Bright Launchpad, LLC	2150 Summit Street, OH, Unit B2, Columbus	US
S1-544920175	Piedmont Banking	752 Baker Drive, Carrollton, KY	US
S1-104419363	Asn Law Chambers	C/O Mr.Babanrao Laxmanrao, Phatake, Kharwandi, Newasa, Ahmed Nagar, Maharashtra	India
S1-618560153	Brackett Bright Lionheart Inc	620 Ar 16 Highway, Unit Apt B24, Siloam Springs, AR	US
S1-277675102	Bracco Materials LLC	715 Collington Drive, Cary, NC	US
S1-501961922	Pioneer Builders Limited	No 3 Satya Sree Nilaya Pragathi Gramina Bank Opp Patabi Ramanna Road, Kolar, Karnataka	India
S1-371170359	Tech (India) Solutions Pvt Ltd	Borivali West, Maharashtra, P No. D-6, Plot No. 236, Gorai Ii, Sagar Darshan Chs, Mumbai	India
S1-894940798	Custom Asset Industries LLC	20 Mullins Hill Road, Ardmore, TN	US
S1-557145214	Swastik Trading Private Limited	First Floor, Plot No D-35/12, Hojiwala Industrial Estate, Road No 18, Sachin, Sachin, Surat, Gujarat	India
S1-541652796	E & L Gores PC	3925 Heidelberg Drive, Hope Mills, NC	US
S1-392138809	Integrated Dynamic Alpine LLC	341741 800 Road, Tryon, OK	US
S1-572646151	Vasquez Mission Inc	12307 Dairywork Road, Buda, TX	US
S1-80713863	Maa Consulting	Maharashtra, Vyanktesh Colony, Amravati, C/O Sarang Dnyaneshwar Raut, Rajapeth	India
S1-974350533	Metal & Sons Limited	Hanuman Hsg Socy, Sno225 Rupinagar Talawade, Pune City, Pune, Maharashtra	India
S1-845390095	Bavava Trust LLC	1234 Defoor Village Court, Bldg 325, Atlanta, GA	US
S1-81687190	Sai & Brothers Private Limited	401, 5/97-58, Shankar Nagar Colony Road, Ernakulam, Kerala	India
S1-238570410	Masoft Corp	301 Kenrick Street, Newton, MA	US
S1-337397588	Dang Trust PLLC	14432 Soules Creek Drive, Cazenovia, WI	US
S1-451251131	Dois Worldwide Inc	1401 Hwy 22, Fl 1, Centralia, MO	US
S1-521458401	Jarlova Big-Lowell	131 Varnum Avenue, Lowell, MA	US
S1-983722158	Raza Supreme Big	Marblehead, MA, Unit 2, 36 Gregory Street	US
S1-603550112	Hughes & Pearl Associated	NC, Garner, 214 Muirfield Ridge Drive	US
S1-566168384	Valencia's Therapy	3000 Stucki Avenue, Unit #150B, Hillsboro, OR	US
S1-501005663	Passmore Fact	117 Oakwood Street, Barnstable, MA	US
S1-636801095	Colas Holdco	647 122nd Street, Burien, WA	US
S1-210935903	Leann Colon Federal Acquisitions Inc	9229 106th Way, Fl 1, Scottsdale, AZ	US
S1-634109947	Global Infrastructure LLC	3361 Buckland Square, Unit 145, Owensboro, KY	US
S1-392618598	Deem Bioworks Inc	2843 Canyon Ferry Road, Helena, MT	US
S1-193715603	Anand Trading Private Limited	90/2B/3, Nr.Indane Gas Off, Hipparagi Road, Jamkhandi, Bagalkot, Karnataka	India
S1-350243012	Ferryn Furniture	100 Commerce Drive, Shelton, CT	US
S1-361163422	Mumbai Nirman Private Limited	317, Floor-3, Plot-221, Maker Chamber V, Jamnalal Bajaj Marg, Mumbai, Maharashtra	India
S1-157967133	Khatri Educational Society	Gala No. 4 & 7, Building - C, Tirupati Udyog Nagar Sativali Road, Vasai (E), Vasai, Thane, Maharashtra	India
S1-398033319	Capital Lifesciences Inc	131 Blueberry Hill, Warwick, NY	US
S1-301092232	X/U Malt	6285 Caldwell Road, Unit #43, Gladstone, OR	US
S1-178471187	Rodina's All Advertising	18611 22nd Street, Unit 49, Phoenix, AZ	US
S1-910526897	Dental Silver Associates LLC	3934 Richelieu Road, Indianapolis, IN	US
S1-355416319	Hotel Infra Private Limited	Room No. 1801 Etc Rehab, Bldg Jay Ambe Society, Malad East, Mumbai, Maharashtra	India
S1-642059558	Thrikkakara Hub	Iv/461, Thrikkakara, Ernakulam, Second Floor, Suite# 1206 Valamkottil Towers, Judgemukku, Thrikkak, Ara P.O, Kerala	India
S1-287191559	Bay World LLC	TX, Austin, 826 Sussex Drive	US
S1-516366640	Chamunda Medical Centre	Plot-05/12/56 T/F, D. R. Chamber Deshbandhu Gupta Road, Karol Bagh, New Delhi, Central Delhi, Delhi	India
S1-833904625	Pacific Pacific Communications	3300 30th Terrace, Topeka, KS	US
S1-898352747	Desert International Inc	100 Olin Drive, Camillus, NY	US
S1-425981032	Best Developers Limited	3Rd Floor, Bearing No.30/28, East Patel Nagar, Delhi, East Delhi, Delhi	India
S1-734851410	Keya Livelihood Pvt Ltd	Marvel Cascada, Flat No B-1302 Sr No. 28, 29 Opp Balewadi Stadium, Pune, Maharashtra	India
S1-431993897	Pacific Sunshine LLC	3408 Pittsfield Circle, Roanoke City, VA	US
S1-203284471	Ghosh Consultancy Limited	Mig Ii 552, Chirahula Colony Ward No - 44, Rewa, Madhya Pradesh	India
S1-404995167	Easytech India	# 2809, 28Th Fl, Block B, Lodha Meridian Kphb Phase, Tirumalagiri, Hyderabad, Telangana	India
S1-757666986	Golden Omega	813 Belanger Street, Houma, LA	US
S1-9043366	Veseva Enterprises Associates	MO, Kimberling City, 31 Midview Drive	US
S1-690849296	Marin, Flannery and Smith Inc	DC, 750 Kenilworth Terrace, Washington, Unit 628	US
S1-381777317	Grand Foods	4215 Hillcrest Avenue, Nashville, TN	US
S1-797321509	Lina Rey Sterling Northwest Inc	260 Circle Drive, Unit 1, Gatlinburg, TN	US
S1-587008296	Continental Generation Inc	Austin, TX, 10905 Orson Court	US
S1-246037235	Total Continental Engineering Inc	8200 Polar Drive, Austin, TX	US
S1-726619436	Federal Fellowship VI	310 Thurston Drive, NC, City Of Wilson	US
S1-725289286	Twisted Hypnosis LLC	4817 Headwind Drive, Fayetteville, NC	US
S1-573310096	Oncology Federal Physicians LLC	105 Henrick Drive, OH, Middletown	US
S1-240637747	Nellie Schaller Scientific	12732 1/2 Central Park, Austin, TX	US
S1-300703873	Parakh Institute of Technology	193/1, Howrah, West Bengal, B.L. Saha Road, Kolkata	India
S1-764734051	Mehai Sangh	Ground Floor, 4Th Main, Syndicate Bank Road Konena Agrahara, Old Airport Road, Vimana, Pura, Karnataka, Bangalore, #757	India
S1-865083717	Green Services Private Limited	C/O. Silveroak Commercials Limited, Plot No. F-24, Midc Satpur, Nashik, Maharashtra	India
S1-120775250	Bivue Quality Eastern Inc	7556 1050, Milroy, IN	US
S1-334800733	Nichter, Milli, DPM, M.D., P.C. LLC	2147 Roper Lane, Wenatchee, WA	US
S1-774249108	Sepl Institute of Technology	B-45 Haryhur Society Village Khambhat Taluka Khambhat District Anand, Khambhat, Anand, Gujarat	India
S1-84062269	Kelley Holding Company	10989 Old Us 54, MO, Holts Summit	US
S1-710263396	Har Power	18/255, Nh 544, (Old Nh47) Marathakkara, Thrissur, Kerala	India
S1-87173790	Pulp & Sons Private Limited	1303 Synergy Businesspark, Bhd Virwani Indl Estate, Goregaon East, Mumbai, Maharashtra	India
S1-184477046	Little Coffee	250 949, Leander, TX	US
S1-37293427	Karur Foundation Associates	4Th Floor, No.48, Thanjai Main Road, North Ukkadai, Tiruchirappalli, Tamil Nadu	India
S1-969284894	Patriot Heritage Health Corp	1002 Phar Lap Drive, Indian Trail, NC	US
S1-81401734	Sunland Trading Ltd	Desk No.A 41 D-9 Ground Floor Sector-3, Gautam Buddha Nagar, Noida., Noida, Gautam Buddha Nagar, Uttar Pradesh	India
S1-591768260	Chiropractic Care LLC	2831 Key Avenue, Chesterfield County, VA	US
S1-291654549	A Cure 6 IT	11890 Pasco Road, Apple Valley, CA	US
S1-255672641	Shyam International Pvt Ltd	1009/4, Toch School Road, Ernakulam, Kerala	India
S1-955872641	Coastal Newbridge Corp	710 Wright Street, Greenville, AL	US
S1-634246764	Howard Holdings Group	IL, 6318 Raven Street, Chicago	US
S1-379068159	Martinez and Merrell Texas Inc	430 Mountain Avenue, Ontario, CA	US
S1-196860345	Paleva LLC	2595 Snap Dragon Drive, Harrisburg, NC	US
S1-282010599	Aurora, LLC	198 Milton Road, Goshen, CT	US
S1-584164456	Little Secure Ltd	South Of Kdm Bridge Kalavamcodam P O, Vayalar East Village, Building No. Ix - 453, Cherthala, Alappuzha, Kerala	India
S1-571330233	Select Aerospace Holdings	2307 Hamilton Place, Schaumburg, IL	US
S1-313435685	Lianne Whyte Ellington, LLC	148 Liberty Street, Quincy, MA	US
S1-590078836	Urology Clinic Inc	5950 Plattsburg Road, South Charleston, OH	US
S1-399632864	Direct Heritage Velos Inc	28515 Great Canyon Drive, Hockley, TX	US
S1-399532884	Ram Enterprises Private Limited	Shop No. G-22, G Block Market Sector-20, Near Community Centre, Noida, Gautam Buddha Nagar, Uttar Pradesh	India
S1-888777895	Tom Medical LLP	Flat G4, Building No. 3, Phase 1, Brahmand Society, Azadnagar, Thane West, Thane, Maharashtra	India
S1-4356385	Devin Teutsch Farms LLC	28 Lincoln Street, Springfield, MA	US
S1-865421786	Ab Road Consultants Pvt Ltd	201, Industry House, 15, Ab Road, Indore, Madhya Pradesh	India
S1-380440613	Sun Impex LLP	No. 558/2, Bloack - D, Hanudev Infopark, Udaiyampalayam Road, Nava India, Coimbatore, Tamil Nadu	India
S1-659596559	Harshdeep Traders Private Limited	Hamid 105 Aashiyana Comp, Opp Samarpan Soc, Vadodara, Gujarat	India
S1-52265317	Dental Silver Health Partners	10296 Compadres, Yuma, AZ	US
S1-144062989	Hyderabad Import Pvt. Ltd.	Flat No. 305, Sagarview Apartment Bs Maktha, Somajiguda, Hyderabad, Telangana	India
S1-595827937	Blue Ice Cream Inc	29 Baltimore Avenue, ME, South Portland	US
S1-172760152	Santoro, Haley, D.C.	318 Aron Avenue, Katy, TX	US
S1-937622335	One Impex Private Limited	Maharashtra, Pune, Haveli, Wing Nt 2 Ibp Midc Ph-Ii, The Crown Green F.No. 140	India
S1-951335082	Price, Yoakum and Gow Maintenance LP	1892 Ashley Mesa Lane, Sandy City, UT	US
S1-364609105	24HR Locksmith LLC	11 Halley Place, Unit 2, Washington, DC	US
S1-491641613	Washington Cal	11211 Alabama Avenue, Youngtown, AZ	US
S1-261272738	Clear Smart Platinum LLC	1501 6th Street, City Of Green Bay, WI	US
S1-449165433	Versatile Cluster	Shivneri Palace Shivaji Nagar Main Road Warud Kulat, Daryapur, Amravati, Maharashtra	India
S1-292060826	Internal Medicine Gulf Health LLC	22734 Bauer Sky Drive, Hockley, TX	US
S1-733382831	Stauch, Collins & Rogers LLC	4201 Clark Street, Unit 1, Cheyenne, WY	US
S1-158753049	Premier Keystone Pacific Inc	41 Bulfinch Street, Unit 1, Lynn, MA	US
S1-410541222	Fogg, Hussey and Sanders	Rozet, WY, 397 Heptner, Unit W	US
S1-246263835	Vruksha Group of Companies	Kovoor House Near Casino Theatre, Alwaye, Ernakulam, Kerala	India
S1-366310100	Oona Decker Keystone Developments	923 Tanyard Road, Webbtown, TN	US
S1-595528482	Interstate Fund	216 Prentice Street, Unit 114, City Of Stevens Point, WI	US
S1-418819901	Solis Xsolla LLC	1108 Beechwood Drive, Hagerstown, MD	US
S1-292479299	Empire Association	1836 Main Street, Carmel, IN	US
S1-854477765	Harris and Pulley King Inc	1012 Hayes Street, Fairfield, CA	US
S1-578897745	Torres & Rangel Adr LLC	157 New Ingram Road, Unit F, Danville City, VA	US
S1-578353639	New Delhi Leathers Private Limited	709/58, Sahyog Building Nehru Place, New Delhi, South Delhi, Delhi	India
S1-870157197	Allied Institute	3078 County Road 30, Sarcoxie, MO	US
S1-577018897	Ali's Empire Wireless Inc	NY, Chenango, 235 Brooks Road	US
S1-880779015	Dans Hospital Pvt Ltd	Rajasthan, Bikaner, C/O Koja Ram S/O Jodha Ram, Village Jajjewala, Tehsil Kolayat	India
S1-251242475	DNN Foundation Center	H No 1-98/9/3/46 & 47, Plot No 15 & 16 Silicon Valley, Madhapur, Hyderabad, Telangana	India
S1-470276087	Burlingame Signature Hawaii	536 Fruitwood Drive, Fruitvale, CO	US
S1-950663059	Jyoti Cloud (India) Limited	Flat No 21, First Floor, Block C-2, Pocket 6 Sector 35, Rohini, Delhi, North West, Delhi	India
S1-902133764	Cure Yoga	43 Judith Drive, Chaska, MN	US
S1-83310042	Vazquez, Adams and Rabideau Rice LLC	7208 Cypress Bend Drive, Fort Worth, TX	US
S1-565496391	Dheeraj Technics Public Limited	New No. 198, Old No. 233 And 234, Thambu Chetty Street, Ground Floor, Off, Ice No. 16, Chennai, Tamil Nadu	India
S1-459231015	Burgess Creative Studios	101 Fred Davis Jr Road, Harriman, TN	US
S1-424723765	Pik Public School	Tower 4A, Gh-7, 9060, Uttar Pradesh, Ghaziabad	India
S1-266071669	Royal Foods Private Limited	15 11Th, Cross Road Wilson Garden, Bangalore, Bangalore South, Karnataka	India
S1-545459666	Economic Development Fund	Bowling Green, 934 Park Street, KY	US
S1-9568196	Chetan Brothers Pvt Ltd	G-1-116, Riico Industrial Area, Sanganer, New Saigoul Road, Jaipur, Rajasthan	India
S1-159594439	Global Producer Private Limited	Ground Floor, 75-D, Salai Road, Thillainagar, Tiruchirappalli, Tamil Nadu	India
S1-848624571	Rashmi Mesh Private Limited	C-57 East Krishna Nagar, Mandir Marg, Delhi, East Delhi, Delhi	India
S1-205058699	Linden Food, Corp	77 Manson Street, Page, AZ	US
S1-904317785	Ashley Express	11925 311th Street, Graham, WA	US
S1-394950136	Moon Capital LLC	5773 Summit Avenue, Greensboro, NC	US
S1-560839264	Tirupati Care Private Limited	1St Main, 4Th Cross, Vinayaka Nagar B Block, Konena Agrahara, Vimanapura Post, Bangalore, Karnataka, #740-D	India
S1-723995292	Indriya Industries Limited	53-16-64/2, Back Side Of Automotives Maddilapalem, Visakhapatnam, Vishakhapatnam, Andhra Pradesh	India
S1-193005037	Indo Tech Private Limited	1702/1703, 17Th Floor, Sumer Park Building No. 1, Seth Motishah Cross Lane, Byculla, Mumbai, Maharashtra	India
S1-268699253	Sandhi Fashion (India) Private Limited	Flat. No. 3001, Ratna Punit Apartment, Street No.8, Mylargadda, Seethaphalmandi, Secunderabad, Hyderabad, Telangana	India
S1-963830237	Sirmans, Shaver & Smith Aegon Inc	3287 Sierra Drive, Thousand Oaks, CA	US
S1-909516549	Select Intelligence Works PLLC	2971 Sawgrass Drive, Aurora, IL	US
S1-623903070	Safe Transit Company	1743 Erie Avenue, Massillon, OH	US
S1-258548037	Lique LLC	120 White Oak Circle, Texarkana, TX	US
S1-800605008	Memorial Committee	240 Tearing Run Road, Center, PA	US
S1-389127964	All Properties Private Limited	H.No-2-29/3, I Floor C, Hideway Apts Street No-4, Habsiguda, Hyderabad, Telangana	India
S1-153676081	Surgical Medicine LLC	1110 State Street, Larned, KS	US
S1-58144122	Pioneer Estate	A-139, Floor 3Rd, Gujrawala Town Part - 1, New Dehi, Delhi	India
S1-876252431	Thinking Realty Private Limited	M-6 Basement, Saket, New Delhi, Delhi	India
S1-515086445	Oncology Pioneer Physicians	12066 Shotgun Lane, Sparta, IL	US
S1-412062028	Beacon Golden Healthcare LLC	613 Russel Street, Mount Prospect, IL	US
S1-26660244	Erwin Children's Superior Federation	1902 Josey Williams Road, Erwin, NC	US
S1-434151038	Jessup Group Associates	12730 Granger Court, MN, Apple Valley	US
S1-968988291	Singh Plus Corp	18, Chinar Drive Dlf Chattarpur Farms, Chattarpur, Delhi	India
S1-394980630	Mount Emanuel	10523 Brevity Drive, Fairfax County, VA	US
S1-845522274	Smart Trading Advisors Inc	5577 165th Place, Portland, OR	US
S1-580379341	Wildlife Association of Bremerton	145 Oak Street, Bldg C, Bremerton, WA	US
S1-890815658	Premier Nutrition Systems LLC	190 Appleton Street, Unit 1, Cambridge, MA	US
S1-199080590	Cancer Ministries Ltd	1550 State Highway 386, Anton Chico, NM	US
S1-311791900	Hughes Continental Asia Inc	12727 39th Street, Tulsa, OK	US
S1-640323175	Knitting Wheels LLP	Sec-E, Slice 4, Sch No. 78, Indore, Plot No. 11 Type-D, Madhya Pradesh, Indore	India
S1-916255139	Cornerstone Premier Tge LLC	14 Third Street, Unit APT 3, Dixfield, ME	US
S1-878261192	Ram Logistics	Ae-00531, Sector-I, Salt Lake City, Kolkata, Howrah, West Bengal	India
S1-534908249	Solutions Suntech Foundation Private Limited	15, Silver Sands, Dariyalal Co-Op Hsg. Soc Ltd, Juhu Tara, Road, Mumbai, Mumbai City, Maharashtra	India
S1-550008351	Dewdrops Interiors Pvt Ltd	H.No.-408, Second Floor, Sector - 22A, Gurgoan, Haryana	India
S1-61218128	Creative Southern Developers Private Limited	S/O Surendra Prasad, Hiramanpur Pakri Amhara, Patna, Bihar	India
S1-73540711	Zephyr Inc	9029 4th Avenue, Birmingham, AL	US
S1-72281536	South Atlantic Table LLC	2072 Copenhaver Road, Rock Island, TN	US
S1-145369565	XR Patriot Twelve Inc	1621 E Commercial St, Algona, IA	US
S1-701672831	Lower Therapy	2670 Poplar Court, St George City, UT	US
S1-399162471	Amezcua & Garcia John LLC	1905 Chestnut Avenue, Buena Vista City, VA	US
S1-325895334	Panchshree Memorial Trust	337/3 Krishna Bhawan Tughlakabad Village, New Delhi, South Delhi, Delhi	India
S1-107765668	Tirupati Enterprises Private Limited	C/O Chotu Singh Rawat, 35, Triveni Market Nasirabad, Nasirabad, Ajmer, Rajasthan	India
S1-903032207	Pauletta Barton Property Inc	101 Hughes Street, Bellefonte, PA	US
S1-268425147	Cardiology Care Associates LLC	53 Gayton Road, Lewiston, ME	US
S1-59718103	Costanza Rodriguez, D.D.S.	1200 Industrial Street, City Of Reedsburg, WI	US
S1-905862664	Decon Insurance Private Limited	345 Sector 9, Gurgaon, Haryana	India
S1-889481140	Green Intelligence Brands LLC	1103 Clinton Avenue, Dallas, TX	US
S1-858582307	Twisted Hair Studio	ND, Fargo, 4125 51st Way	US
S1-415628732	Space Infra Pvt Ltd	Maharashtra, Mumbai, Mumbai City, A-17, Gaurav Annexe, Nr. Mandvi Co.-Op. Bank R.R.T Road, Mulund West	India
S1-76935519	Ventura Patriot Materials	IN, Evansville, 318 320 Iowa Street	US
S1-266838880	Ortega Cornerstone Advanced Group	Dana, 501 850, IN	US
S1-543512477	Lsv Solutions Limited	68, Mahalaxmi Ind Estate, Opp. New Vasahat, Vatva, Ahmedabad, Gujarat	India
S1-447681107	Natividad Kocher Shreya LLC	2021 Nebraska Avenue, Peoria, IL	US
S1-252968531	Rk Products Limited	Pl.No.9, Sy.No.17, 2 Floor, Himagirinagar, Gandhamguda, Rajendra Nagar, Hyderabad, Telangana	India
S1-192825479	Manda Chadwick Platinum Oyj	1559 4435, Salina, OK	US
S1-833471791	Vision Impex Private Limited	Delhi, Khasra No. 54/61, Industrial Area Village Nangli Poona, Delhi, North West	India
S1-83302850	KTN Developers Pvt Ltd	D-35, Upper G/F, P No. 2A, Laxmi Nagar, East Delhi, Delhi	India
S1-662124192	Rangareddy Green Pvt Ltd	Plot No9, Rangareddy, Flatno203, Sairam, Residency, Srisai Colony, Hyderabad, Telangana	India
S1-60823411	Hurley, Cathee, DO	25 Cedar Circle, Stamford, CT	US
S1-839772416	VYD Cottons-Nr. Old Telephone Exchange	Aji Industrial Estate, Gidc, Phase-Ii Plot No. 330, Nr. Old Telephone Exchange, Rajkot, Gujarat	India
S1-780489364	Kannapolis, Town Of	3755 Moose Road, Kannapolis, NC	US
S1-795625724	Olanora Staking LP	2 Richmond Road, Unit Apartment 321, Hempstead, NY	US
S1-141941354	Bright Metro L.L.C.	284 Danforth Street, Unit APT 104, Portland, ME	US
S1-697239711	Nityanta Services LLP	C/O, Umvada Road, Gokuliya Nagar, Gayatri Nagar, Village-Gondal, Gondal, Rajkot, Gujarat	India
S1-73870191	Bright Continental Energy LLC	3540 700, Montgomery, IN	US
S1-721598903	First Chapel	40 Murray Guard Drive, Jackson, TN	US
S1-749700652	Casimiro Dynamic Airport	1311 Farms Road, Bronx, NY	US
S1-126420518	Leffler Ethereum Associates	6740 Duck Lake Road, Eden Prairie, MN	US
S1-998698573	M 5 Optimal Altenergy LLC	303 Horse Mountain View, Alleghany County, VA	US
S1-955100265	Hutson Productions	3 Trout Creek Run, Mendon, NY	US
S1-398775817	Viole C. Hermann, D.D.S.	401 Forest Oaks Drive, Mckinney, TX	US
S1-11115577	Bridgeport Brokerage LLC	282 Wells Street, Bridgeport, CT	US
S1-406527539	Apex Logistics Private Limited	H No. 923A \3\2, Indrayani Nagar, Pune, Maharashtra, Khed	India
S1-507543346	Aurium Velos LLC	1199 Rosewood Drive, Centerville, TN	US
S1-870908432	Cardiology Medicine	1032 Dunton Avenue, Arlington Heights, IL	US
S1-711813257	Rajmata Law Chambers Private Limited	A/B 01, Sree Enclave, Plot No-48/1 4Th A Cross, Shirdi Sai Nagar, Munekolal, A, Kundalahalli, Bangalore, Karnataka	India
S1-781048233	Jay Business Private Limited	Patna, Bihar, C/O Raj Kumari Devi W/O Anup Raj Yadav Mohanpur, Patna, Punaichak, New Capital	India
S1-903099317	Hari Infra Pvt Ltd	Shop No. 159, 1St Floor Evershine Mall, Link Road, Malad West, Malad West, Mumbai, Maharashtra	India
S1-496985148	Pitts Corporation	5350 Harding Avenue, Chicago, IL	US
S1-156551048	Mumbai Spinning Pvt. Ltd.	7, Shubankar Niwas, Girijabai Chawl Nahur Village, Mulund West, Mumbai, Mumbai City, Maharashtra	India
S1-140003755	Nicholls, Rossi & Buckman Semiconductor, LLC	5713 95th Street, Oak Lawn, IL	US
S1-391171121	Wilson Maritime	505 Harcourt Street, Fl 0, Weatherford, TX	US
S1-831381976	Arnold, Jones and Kyle LLC	DE, 33565 Matthew Circle, Lewes	US
S1-904229556	Ruthi's Coffee	222 Smith Road, Unit Apartment 2, Union Vale, NY	US
S1-97540739	Shaw, Giovanna, DDS	Buffalo, 570 Halsey Avenue, MN	US
S1-867672249	Green Builders Private Limited	I-105, Proview Laboni, Crossing Republik, Ghaziabad, Uttar Pradesh	India
S1-503452250	Cornerstone Summit Merchants P.C.	24035 Timberwood Drive, Minooka, IL	US
S1-279706723	Custom Environmental	701 Lander Street, Seattle, WA	US
S1-967963015	Holder Efes LLC	4 Gipp Road, Guilderland, NY	US
S1-961476892	Primary Care Health	IL, 2618 Jonquil Lane, Woodridge	US
S1-750467676	Soliq Quest	2305 5 Street, Brooklyn, NY	US
S1-471409765	Moseley Continental Rocket	400 Tryon Street, Unit 2500, Charlotte, NC	US
S1-626679057	Lotus Southern Business Private Limited	Telangana, H.No.5-7-72/A/T1/616 Swanlake Apartments Sangeeth Nagar Opp Metro Kukatpally, Hyderabad	India
S1-479555605	Producer Goldenleap Alloys LLP	C-54, Cmda Truck Terminal Complex, Gnt Road, Madhavaram, Chennai, Tamil Nadu	India
S1-635481769	North Stardust	4606 Commodore Drive, Stow, OH	US
S1-999366092	Pioneer Hamilton Inc	1150 Goss Avenue, Village Of Fox Crossing, WI	US
S1-913044245	Digital Logistics Private Limited	A-32 Parijat Apart Westa Enclave Pitampura, Delhi, North Delhi, Delhi	India
S1-597272539	Midwest Future Inc	1804 Christian Avenue, OH, Toledo	US
S1-363978929	Moontree (india) Private Limited	G 402, Ground Floor, H.No. 28/18/G 402, Jawahar Lal Nehru Road, Tagore Town, Allahabad, Uttar Pradesh	India
S1-413915130	First Analytics Holdings	MO, Kansas City, 10409 40th Street	US
S1-323413520	Dorree Gordon Steers Inc	164 Monsignor Dennis F. O'callaghan Way, Boston, MA	US
S1-280723317	Gayla Deese Multimedia	14 Studley Street, Fairhaven, MA	US
S1-509454942	Santangelo Innovative Investment Co	593 Collins Drive, Unit 2, Merced, CA	US
S1-417625918	North Biotechnologies Clinic	214 Main Street, Unit Apartment 144, Port Jervis, NY	US
S1-901803397	Tauer Apollo, LLC	6002 43rd Street, Paradise Valley, AZ	US
S1-677635323	Indian Services Private Limited	Aligarh, 3Rd Floor, Haryana Complex Ramghat Road, Uttar Pradesh, Aligarh	India
S1-144296491	Kedia Mediaworks Private Limited	Flat No. C-35, Rajnigandha Co.Op.Hsg, Society Somani Gram, Ram Mandir Road, Goregaon (, West), Mumbai, Maharashtra	India
S1-581200693	Fortune Finance Private Limited	Mumbai, Maharashtra, Mulund Colony Mulund West, Mumbai, 105/A Gg Road	India
S1-699154812	Behavioral Health Medicine	951 3rd Street, Mishawaka, IN	US
S1-594414242	Coastal Eqv LLC	Scottsbluff, NE, 2001 7th Avenue	US
S1-40240595	Infra Gautam Tiles Private Limited	310 Kamalalaya Centre 156/A Lenin Sarani, Kolkata, Calcutta, West Bengal	India
S1-632639415	Bharati Agencies Care	8/1, L.N. Motilal Road Behala, Kolkata, Kolkata, Howrah, West Bengal	India
S1-679849621	Batson, Harrison and Westfall LLC	South Holland, IL, 1201 166th Street	US
S1-37707491	Lynnelle Casey United Terra LLC	787 Ferguson Avenue, Delaware, OH	US
S1-517683305	Akshit Knowledge Ltd	C3, Shri Manglam Banglow, Kalika Park Untwadi, Nashik, Maharashtra	India
S1-318739926	Oncology Group	443 Airport Industrial Park Road, Parkersburg, WV	US
S1-102035734	Ram Healthcare Limited	D.No. 4.19/4, Thardola House P/O- Permannur, Ullal, Mangalore, Dakshina Kannada, Karnataka	India
S1-223424388	SSQ Software LLP	Tc 36/1121-6, M-Eight Homes 2Nd Floor, Vattiyoorkavu, Thiruvananthapuram, Trivandrum, Kerala	India
S1-241313809	Jackson Peak Bioscience	116 Yeager Street, Palestine, TX	US
S1-485100609	Allen, Thornburg and Vu	11717 Hummingbird Lane, Anacortes, WA	US
S1-306901692	Green Technology Private Limited	17, Sunder Aptt., Opp. Diamond Garden, S.T.Road, Chembur, Mumbai, Maharashtra	India
S1-532862675	Kannapolis Crystal Virginia	111 Three Mile Loop, Kannapolis, NC	US
S1-211325040	Sardar Engineering Pvt Ltd	Pune, Maharashtra, Office No 608 Pheonix Market City East Wing Nagar Road Viman Nagar, Pune	India
S1-146316622	Sam Contracts	Polt No 71 Jubilee Enclave, Hitec City, Lvs Arcade, Telangana, Hyderabad, Madhapur	India
S1-780279562	Moque	4290 Wolf Hill Drive, Hampstead, MD	US
S1-74183893	Blue Constructions Company	F 17, Malhan Falcon Plaza, Sector 12, Pocket 7, Plot 4, Dwarka, New Delhi, South West Delhi, Delhi	India
S1-282301369	National Council Corp	160 Lizzie Neighbours Road, Ripley, TN	US
S1-561927605	Sai Projects Private Limited	Rz- 18 H/2, Gali No.3 Main Sagarpur, New Delhi, South West Delhi, Delhi	India
S1-140025924	Wilson Secure Quest LLC	18581 N Shore Road, Tahuya, WA	US
S1-676836901	Kings Shree	Delhi, J 134. F/F, Delhi, Rajouri Garden New Delhi, West Delhi	India
S1-747773639	Horizon Great Yield LLC	16994 223, Arp, TX	US
S1-859722659	Betul Security Private Limited	C/O Shri Saurabh Satish Dhadse, Near Veterinary Hospital Bhainsdehi, Betul, Madhya Pradesh	India
S1-329026161	Elite Property Services LLC	2005 Gallaudet Street, Washington, DC	US
S1-130188024	East Technology Pvt Ltd	No.367, 6Th Main, 14Th Cross, Isro Layout, Bangalore South, Bangalore, Karnataka	India
S1-251458621	Diversified Wellness Associates LLC	OR, West Linn, 1954 Sunburst Terrace	US
S1-935481995	Regional Assets PC	103 Parkridge Place, Unit A, Piqua, OH	US
S1-818884314	Eluru Consultancy Private Limited	3-75/2, Main Road Mattamgudem Post, Lingapalem Mandal, Eluru, West Godavari, Andhra Pradesh	India
S1-461042554	Trusted Staffing Global, Inc	3999 Thomas Drive, Independence, KY	US
S1-925372506	Bharat Infra (India) Private Limited	Off 10, 3Rd Flr, Akshaya Hq, Kazhipattur Chengalpatu, Chinglepet, Kanchipuram, Tamil Nadu	India
S1-940169277	Kaveresh Fashion Corporation	203, Zipra Arcade, Building No 2, Kumbharkhan Pada, Nr Om Laxmi Lotus Soc, Dombivali (W), Kalyan, Thane, Maharashtra	India
S1-108161581	Memorial Trust	2806 Clay Street, Richmond City, VA	US
S1-892825590	Raj Food Private Limited	Mallathally, No 10, Karnataka, Bangalore	India
S1-926345296	Hyderabad Trading Limited	C/501, Sai Amit Chs, Yari Road Versova, Andheri West, Mumbai, Mumbai City, Maharashtra	India
S1-996078020	Sristi India Private Limited	C-660, First Floor New Friends Colony, New Delhi, South Delhi, Delhi	India
S1-661602242	Siddhi Fabrics Pvt. Ltd.	S.No.1300/1318/109, F.F, Balaji Market Kashmere Gate, New Delhi, East Delhi, Delhi	India
S1-208417260	Highland Program	700 James Hollow Road, Lynnville, TN	US
S1-292425300	New Welfare Society	20-A Tirupati Balaji Naga, Sanganer Thana, Sanganer, Jaipur, Rajasthan	India
S1-70700827	Wilkins and Rockwell Alliance Inc	14492 Las Palomas Drive, Horizon City, TX	US
S1-20854090	Om Creative Technologies Pvt Ltd	C/O Ratibhan S/O Sh. Bheem Singh Vpo Mundet Khadar, Shamli, Muzaffarnagar, Uttar Pradesh	India
S1-555331810	Alpha Tech Private Limited	Sy No. 449/E, Dommara Pochampally Medchal-Malkajgiri District, Hyderabad, Telangana	India
S1-344076433	Foot & Ankle Pinnacle Associates LLC	13558 Northbourne Drive, Fairfax County, VA	US
S1-497494073	Kinston Communities	3449 Danfield Drive, Kinston, NC	US
S1-929250030	Smart Infra Private Limited	Shop5 Opp Pandit Chambe Near Shree Veer Teja Circle, Gopalpura Bye Pass, Ajmer Road, Jaipur, Jaipur, Rajasthan	India
S1-190755038	Newton Realtech (India) Private Limited	Flat 1 67 St Joseph Avenue Santacruz W, Mumbai, Mumbai City, Maharashtra	India
S1-844665886	Uptown Book Store	112 Murch Road, Dayton, ME	US
S1-386616083	Achala Trading LLP	D-171 Ground Floor Gali No-16 Ramesh Enclave, Kirari, West Delhi, Delhi	India
S1-766190032	Rocky Bay Abony	17212 Scottsdale Road, Unit 2187, Phoenix, AZ	US
S1-637682746	Lakshmi Surya Management Private Limited	352, Sector-17 Hbc, Gurgaon, Haryana	India
S1-73042441	Primary Care Specialists of Indianapolis	1821 East Street, Indianapolis, IN	US
S1-966975112	NJY Welfarefoundation Pvt Ltd	Kh No-33/5, Jonapur New Delhi, South Delhi, Delhi	India
S1-765492540	Ellis, Ramirez and Fisher Jab	3300 Gosnell Place, West Terre Haute, IN	US
S1-394741843	Regional Federal Inc.	Sylvania, 7203 Whispering Oak Drive, OH	US
S1-126749530	Taum Holdings	144 Hunter Street, MA, Fall River	US
S1-800301400	Dev Services Private Limited	Office No 103, Ganesh Smruti Gaothan, Virar West, Thane, Maharashtra	India
S1-751768851	Parrish Metal	MA, 70 Guildford Road, Barnstable	US
S1-135228752	Glamour Cylinders Limited	Plot No 217 Gidc Estatenandesari, Vadodara, Gujarat	India
S1-330704463	Lynda's Pioneer Grading	1008 Foxview Drive, Joliet, IL	US
S1-715093471	X C & T Gesher Inc	1581 Jarrettsville Road, Jarrettsville, MD	US
S1-909865811	Wierenga, Trudie H., D.D.S., DDS PC	6401 Elizabeth Avenue, Kansas City, KS	US
S1-516121609	Majestic Institute Pvt. Ltd.	B-21 Model Town Road, Near Skylark Hotel, Jalandhar, Punjab	India
S1-295956209	Little Grill	20310 Friesian Trail, Humble, TX	US
S1-869738580	Reliable Esports Inc	204 Branch Road, Thomaston, CT	US
S1-670878086	Gardner Huntington	169 Packard Street, Avon, MA	US
S1-294675541	Real Construction Private Limited	Hansi, Rakhi Shahpur Kheri, C/O Shiv Mandir, Haryana, Hisar	India
S1-457373777	Js Polytechnic	31 Fl2, Plot120/124, Shaikhbhai Building Shivdas Champsi Marg, Wallace Flour Mill, Mazgaon, Mumbai City, Maharashtra	India
S1-90744994	Hyderabad India Limited	Regus Solitaire Business Center, Gumidelli Towers, 4Th Floor, Old Air Port Road, Begumpet, Hyderabad, Telangana	India
S1-717116284	Hail Education	616 1st Street, Greene, IA	US
S1-251116738	Karlyn Warren Equity LLC	800 Covey Run Street, Independence, OR	US
S1-405520008	Gaj Assurance (India)	No 33/4, 2Nd Floor, Madipakkam Koot Road, Saidapet, Kanchipuram, Tamil Nadu	India
S1-343468098	Pediatric Dental Medicine	1360 Main Street, Rocky Ridge, OH	US
S1-120976380	Black Hall LLC	2240 Lake Circle Drive, Lima, OH	US
S1-638615315	Modern Infotech Private Limited	H.No. 126, New Delhi, Delh, G.F, Shiv Mandir Bagichi Teipal, Shanti Van, Near Daryaga, Nj, Delhi	India
S1-166440928	Hotel Krishna Infotech Private Limited	D9, Sector 3, Noida, Gautam Buddha Nagar, Uttar Pradesh	India
S1-64605833	Sss India Private Limited	A2, Shivalik Business, Cent, Sg Hwy, B/H Rajpath Club, Ahmadabad City, Ahmedabad, Gujarat	India
S1-443229916	Real International Private Limited	B-45, Vrindavan Apartment, Sector-6, Dwarka, New Delhi, Delhi	India
S1-33990096	Modern Vision Hospitality Private Limited	D No: 10-96, 1St Floor, P & T Colony, New Gaddiannaram, Saidabad, Saroornagar, Hyderabad, Rangareddy, Telangana	India
S1-221908015	Lange Diagnostics Inc	137 A Eastbury, Unit A, James City County, VA	US
S1-952125355	Marrilee Jordan Blue Construction Associates	Dayton, OH, 342 Troy Street	US
S1-143634159	I & G Urban Inc	3209 Lock Erne Avenue, Kannapolis, NC	US
S1-476147248	Montance Leapfrog	9620 Morse Mill Road, Dittmer, MO	US
S1-523368208	Jesselyn Oneal Wilco LLC	245 Montgomery Lane, Homewood, AL	US
S1-669269256	Violet's Tattoo	904 Live Oak Ridge Road, Austin, TX	US
S1-433673030	Guru Engineering	122/235, A-14 Sarojini Nagar, Kanpur, Uttar Pradesh	India
S1-259194735	Health Ministries	2780 330, Burnet, TX	US
S1-464387602	Physical Therapy Health Partners	TX, Unit A, Georgetown, 1701 Pine Street	US
S1-390571955	Universal Staffing Services Corp	20 Brookstone Way, Argo, AL	US
S1-322399583	Atlantic Health Center Inc	764 Broadway Road, Unit 104, Tempe, AZ	US
S1-951589290	Keval International School Private Limited	Yugal Mangal, Archana Nagar S/No 39/2/2 Erandwane, Pune, Maharashtra	India
S1-610091667	Laex	1900 Mcclintock Drive, Tempe, AZ	US
S1-935579518	Anjanette Thompson First Solution	1020 Kimbro Drive, Baton Rouge City, LA	US
S1-143375921	Behavioral Health Superior Clinic L.L.C.	23-49 77 Street, East Elmhurst, NY	US
S1-201401730	My Estate Private Limited	Office No. 3G, 3Rd Floor, Vantage Plaza Door No. 1, Lb Road, Mg Road, Thiruvanmi, Yur, Chennai, Tamil Nadu	India
S1-395101858	Foster Capstone Corp	3806 67th Avenue, Portland, OR	US
S1-366371944	Global Bakery PLLC	508 Stevenson Street, Gibsonburg, OH	US
S1-705537888	Vision Care Associates LLC	321 10th Street, Dekalb, IL	US
S1-470979021	Clear Pioneer Rivernorth LLC	193 Main Street, Auburn, ME	US
S1-973635458	Consolidated Digital Advisors LLC	302 Maple Tree Drive, Unit 3H, Glen Burnie, MD	US
S1-923512701	F M Gibson Purpose LLC	14717 White Oak Ridge, Hancock, MD	US
S1-710482979	Cancer Program	1564 Gulf Street, Uniontown, OH	US
S1-119952111	Navkar Seva Samiti	B-28, 10-B Scheme, Gopalpura Byepass, Jaipur, Rajasthan	India
S1-725572925	Astra (India) Fabrics Private Limited	5D, Fifth Floor, Zafrullah Tower Old 126 New No 257, Angappan Street Parry, S Corner, Chennai, Tamil Nadu	India
S1-24251581	Highland Heritage Calisa LLC	8700 University Drive, Unit 350, Mesa, AZ	US
S1-104820451	Valley Alliance	1234 Pimpernell Path, Middletown, DE	US
S1-128575209	Regional Dental Associates	24637 Gregory Road, Buckeye, AZ	US
S1-674626895	Marino Networks	5208 Heritage Street, Haltom City, TX	US
S1-754614876	Beacon Agricultural Networks, LLC	23810 59th Street, Issaquah, WA	US
S1-739708548	Dream Investment Pvt Ltd	2A, 2Nd Floor, Windcliffe, 50 D Peddar Road, Cumballa Hill, Mumbai, Mumbai City, Maharashtra	India
S1-176326297	Xcel Inc	1118 1760, Provo, UT	US
S1-562883878	Orthopedic Clinic LLC	10 Merrick Road, Unit Suite 204, Valley Stream, NY	US
S1-192066115	Best Frontier Obic	910 Newgate Way, Dixon, CA	US
S1-200897914	UV Real	1119 A Belmont Street, Paris, TN	US
S1-728508650	Shakti Engineering Private Limited	House No 63, Block -B Ground Floor, Parshant Vihar Rohini, Landmark Opp. C.R.P.F School, New Delhi, North West, Delhi	India
S1-678017673	Alaya (India) Technologyprivate Private Limited	No.43, C.P. Ramaswamy Road Alwarpet, Chennai, Tamil Nadu	India
S1-408379615	Drayari Dynamic Inc	46 Sumac Avenue, Waukegan, IL	US
S1-274867440	Mac Trading Pvt Ltd	C-73, Jhilmil Colony Shahdara, Delhi	India
S1-363988940	Internal Medicine Associates LLC	506 Oliver Street, North Tonawanda, NY	US
S1-570080359	Big Technology Private Limited	A/302 Classique Centre, 26 Mahal Industrial Estate Off Mahakali Caves Road, Andheri (East), Mumbai, Mumbai City, Maharashtra	India
S1-305585344	Grand Retail Partners LLC	207 3rd Street, Tonkawa, OK	US
S1-80983688	Synflonet Group Partners	5600 -132 Ocean Front Avenue, Virginia Beach City, VA	US
S1-775935177	Heritage Research Global LLC	2680 Rio Bravo Circle, Sacramento, CA	US
S1-359568933	Lore City Urology Partners LLC	17002 Cadiz Road, Lore City, OH	US
S1-90629234	Diversified Aerospace Networks LLC	216-15 114 Road, Cambria Heights, NY	US
S1-875565655	Accura Path	Acumenpazhaya Nadakkavu, Trichur, Thrissur, Kerala	India
S1-824026422	2432 Seventh Court Properties PLLC	12006 Benedetto Court, Richmond, TX	US
S1-699765102	Ogletree Midwest Artificial LLC	Fishers, Unit SUITE, IN, 11720 400 Olio Road	US
S1-989048253	Metropolitan Precision Critical Associates	97 Stonecrest Circle, Concord, NC	US
S1-14964211	Beyond & Co	Pune, Plot.No.10, 'Vakratund Common Lig, Pune, Sr. No. 38/1/120, Maharashtra	India
S1-523936416	Comiva Inc.	92617 Christensen Lane, Lakeview, OR	US
S1-875966477	Royal Quality Cms	135 Sagewood Drive, Thibodaux, LA	US
S1-472361911	Five Polytechnic	Flat No. A-2, Gr Floor, Block-A Plot No. 3 Sec-12, Vimal Cghs Dwarka, Ph-1, New Delhi, Delhi	India
S1-302987319	Crestline	9525 Acorn Park Street, Capitol Heights, MD	US
S1-948387568	Morris, Obannon and Jaffe	2406 27th Avenue, Anchorage, AK	US
S1-456953898	411 Kochav	25 Jackson Avenue, Cohoes, NY	US
S1-220723393	Oza Group of Companies Private Limited	No.H3 3/270, Skv Nagar 4Th Street, Navavoor, Bharathiyar University (P.O), Coimbatore, Tamil Nadu	India
S1-761192021	A Choice Carlyle Inc	18365 Mountain Road, Hanover County, VA	US
S1-480109307	Misha Jensen, D.C.	9791 Carmencita Avenue, Sacramento, CA	US
S1-743833663	Krishna It Private Limited	821/11, Fl No. 203, Ii, Flr, Hingula Kawliki Chs, Bhiwandi, Thane, Maharashtra	India
S1-546733860	LP American Nuveen Inc.	NY, Clay, 7906 Oswego Road	US
S1-876059462	Madalena's Foods	10459 Matteson Corners Road, Sardinia, NY	US
S1-32551850	Shiva Engineering Private Limited	Plot No-Cp-53 & Cp-44, Sitapur Road Yojna, Sector-E, Jankipuram, Lucknow, Uttar Pradesh	India
S1-72970794	Jaramillo Direct Banco	9 Pinewood Avenue, Schodack, NY	US
S1-624060071	Cacilie Santoyo Appliance LLC	602 27th Street, IN, Lafayette	US
S1-895343683	Delhi Tech Pvt. Ltd.	First Floor, Sant Nagar East Of Kailash, New Delhi, 290, Delhi	India
S1-340160443	Gladiolus Works	735 4Th Floor, 15Th Main, 22Nd Cross Club Road, 2Nd Sector, Hsr Layour, Bangalore, Bangalore Rural, Karnataka	India
S1-216969439	Awadallah Family Practice	2261 St Vincent Avenue, Lasalle, IL	US
S1-396548246	Main Street Pizza	210 Augusta Avenue, Mannington, WV	US
S1-681285784	Gasasoft Inc	13041 Echo Valley Street, Victorville, CA	US
S1-952069020	Watkins and Hilborn Industries, LLC	23 Bedford Street, Waltham, MA	US
S1-708650047	Shiva Consulting	3299, At Post- Nimgaon Jali Taluka- Sangamner, District- Ahmednagar, Ahmednagar, Maharashtra	India
S1-467403342	Celestyn Bell Abrdn LLC	1165 Evans Avenue, Evansville, IN	US
S1-504862013	James Krakacquisition PC	920 Riptide Lane, Carolina Beach, NC	US
S1-717921191	Piedmont Trust III	IL, Glencoe, 433 Oakdale Avenue	US
S1-511252395	Ridley Media Inc	4441 Tar Springs Road, Cloverport, KY	US
S1-279280299	Ksn Forex (India) Private Limited	Delhi, House No 227 2Nd Floor Pkt- 8, Delhi, North West Delhi, Sec-23 Rohini	India
S1-888885558	Atlas Phoenix LLC	107 Russell Street, Unit 4, Marion, IL	US
S1-281474650	Gulf Medical Center	20539 Elkton Road, Athens, AL	US
S1-53054310	Aditya Logistics Limited	Sh-8/4-1-B, Ramjankidham Colony, Varanasi, Uttar Pradesh	India
S1-845355596	Hitech Care Pvt Ltd	2/224 R, Kuzhikkattu Plaza, Opp. Bsnl Exchange, Ernad, Malappuram, Malapuram, Kerala	India
S1-664923265	Gurgaon Level Pvt. Ltd.	Apartment No. F-702, Celebrity Homes Palam Vihar, Choma(62), Gurgaon, Haryana	India
S1-754067009	Classic Newbridge LLC	Tucson, 5043 Kingbird Street, AZ	US
S1-324136113	Perdue Trading, Inc	5025 Mereworth Court, Winston-salem, NC	US
S1-931073229	Mcwilliams Delta Arrived LLC	21115 Madera Valley Lane, Cypress, TX	US
S1-548405427	101 Galata	UT, 1034 Albion Meadow Way, Bluffdale (sl Co)	US
S1-674852082	New Delhi Export Limited	R-21, Hauz Khas, New Delhi, South West Delhi, Delhi	India
S1-611300372	Pioneer Pampa	20000 57th Avenue, Unit 202, Glendale, AZ	US
S1-250000863	Mendez Innovative Vertical P.C.	17 Ross Lane, Brookhaven, NY	US
S1-808275647	OG Newbridge LLC	299 Adcock Road, Lillington, NC	US
S1-825411169	Redstone Traders Private Limited	4 Hari Nivas C Road Churchgate Mumbai, Mumbai, Mumbai City, Maharashtra	India
S1-747845179	Judy Gibson Star	Unit 2A, IL, 13938 Indiana Avenue, Riverdale	US
S1-422650147	Prints Services Private Limited	Unit No 101, Janki Centre, 29 Shah Industrial Estate, Off Veera Desai Road, Andheri (W, ), Mumbai, Maharashtra	India
S1-525252486	Grimes, Droege & Lopez Inc	11538 Lake Run Road, South Jordan, UT	US
S1-978593304	Coastal Impact	32 Everwood Drive, Four Oaks, NC	US
S1-864734280	CX Petroleum	Lackawanna, 16 Verel Avenue, NY	US
S1-790901880	Comet Multilink (India) LLP	House No. 12, Block C, Subhadra Colony Sarai Rohilla, Near Shatsri Nagar, Delhi, North West, Delhi	India
S1-113086118	Family Physicians of Fairfax County LLC	2547 Sandbourne Lane, Fairfax County, VA	US
S1-402965427	Digital Wealth Alliance LLC	9314 Cherry Hill Road, Unit 609, College Park, MD	US
S1-162635690	Orban Muzero Inc	1600 Morattico Road, Lancaster County, VA	US
S1-366219412	Ferrex Pet Care Inc	2521 64th Street, Town Of Grand Rapids, WI	US
S1-356575341	Sunshine's Pinnacle Solutions LLC	223 Marlboro Road, Lower Merion Township, PA	US
S1-340331277	Shivam Trading Private Limited	107/D Lenin Sarani, Kolkata, Calcutta, West Bengal	India
S1-391814388	Lucknow Mutual Private Limited	Lucknow, D-43, Uttar Pradesh, Pratapgarh, Salehnagar, Sainik Nagar	India
S1-715529697	Glancy Ridge Pimco LLC	25 Second Street, City Of Evansville, WI	US
S1-860418255	United Charter School	15425 Haiku Road, Evansville, IN	US
S1-212307584	Halie H. Phillips, CPA, P.C.	91 Liddell Road, Colora, MD	US
S1-281154469	Galaxy International Private Limited	Gujarat, Block No-2, Amreli, Kanjibapa Nagar, Nr. Sparsh Hospital, Bherai Road, Rajula, Rajula	India
S1-559563624	Ariela's Rapid Studios P.C.	Fl 1, Lacey, 4430 26th Avenue, WA	US
S1-899387575	Quality Intelligence Services	4055 Price Road, NC, Eden	US
S1-148990701	Jamnagar Metals Private Limited	Palace Road, Gr Floor, Nr. Vividh Hotel, Shiv Ranjani Appartmen, T, Jamnagar, Gujarat	India
S1-840853418	1055 First Place Realty, LLC	2617 Lincolnway, Unit 5, Cheyenne, WY	US
S1-745129388	Styles's Express Landscaping	5048 Riverwood Circle, Pleasant Valley, WV	US
S1-775889398	Pediatric Precision Partners Corp	135 Center Tree Drive, Palacios, TX	US
S1-355343805	General Commercial Systems LLC	13 Nelson Street, Wareham, MA	US
S1-155365106	SZ Atlantic	185 Camouflage Circle, Aledo, TX	US
S1-109434108	Pioneer Foundation Pvt Ltd	Door.No-1/316, Sakthi Champar Colany, Coimbatore North, Coimbatore, Tamil Nadu	India
S1-627415097	Heim Medical Center	2047 Tobias Way, San Tan Valley, AZ	US
S1-155964227	Baba Consultancy Private Limited	Plot No C-26(D), Riico Industrial Area, Malviya Nagar, Jaipur, Rajasthan, Jaipur, Rajasthan	India
S1-963433189	Paper (india) Private Limited	Chamorshi, At-Jogana, Po-Murmuri, Gadchiroli, C/O Suresh Jengathe, Maharashtra	India
S1-538761824	PU Advanced View LLC	3132 Clarendon Drive, Fl 0, Annapolis, MD	US
S1-443929163	Byrd Blueport LLC	CO, 481 Fruitwood Drive, Clifton	US
S1-806598334	Alysa Jones Auto Repair Inc	105 Cloverleaf Lane, Asheville, NC	US
S1-636697059	Laxmi Consulting Private Limited	13/288, 1St Floor, Irumban Building, Sreekrishnapuram (Post), Palakkad, Kerala	India
S1-212383601	Office of Finance	2200 Squirrel Leve Road, Petersburg City, VA	US
S1-971914276	Arn International Private Limited	Plot No-14/106 Near Santmat Ashram Rajpur Extn., New Delhi, South Delhi, Delhi	India
S1-126638291	Hicks & Williams White Inc	2138 Wilson Road, Unit B4, Knoxville, TN	US
S1-17139764	Royal Agricultural Partners	1354 Seafarer Street, Ventura, CA	US
S1-874835917	93/59 Flagstar	19372 Lankford Highway, Northampton County, VA	US
S1-32184405	Saraswati Agrotech Limited	Shop No. 7, Plot No. 37, 44, 45, Sector 50 Nerul, Navi Mumbai, Mumbai City, Maharashtra	India
S1-839027913	Ace Unique Infra LLP	S-126, Basement, Greater Kailash - 1, Delhi, South Delhi, Delhi	India
S1-466668920	Therine Morales Clear Foods Inc	326 5th Street, Oswego, NY	US
S1-625927274	Sergio, Meske & Roberts	Peoria, 1527 Shenandoah Drive, IL	US
S1-785555926	Hitech Food Private Limited	Door No D4 39/5756Tharakkandam Estate Kurisupally Road Ravipuram, Ernakulam, Idukki, Kerala	India
S1-2590853	Rainbow Interactive Private Limited	G-15/16, Automobile Zone, Road No.5, Daknia Station Road, Kota, Rajasthan	India
S1-178906804	Solutions Progressive Chit Pvt Ltd	House No. 441, Gali No. 17A, Budh Vihar, Near Baba Chowk, Mandoli, East Delhi, Delhi	India
S1-595165347	Meridian Education LLC	10016 Steeple Farms Drive, Houston, TX	US
S1-544607980	Surgical Health of Newark	1788 Reddington Road, Newark, OH	US
S1-11150622	General Energy Industries	2303 13th Lane, Town Of Adams, WI	US
S1-951050786	Coa Global, LLC	730 Green Ridge Road, Montgomery, AL	US
S1-916388791	Sree Hospitality Private Limited	Plot No.395, New Sai Bhagwan Colony Beeramguda, Hyderabad, Rangareddy, Telangana	India
S1-203563207	Sterling Australia Inc.	3740 Flamante, Tucson, AZ	US
S1-687823856	Pipefitters Local 91	4918 Silverweed Drive, Mckinney, TX	US
S1-363797505	Pioneer Products Private Limited	Sofitel Mumbai Bkc, C-57 &58, G-Block, Bandra Kurla Complex, B, Andra (E), Mumbai, Bandra Suburban, Maharashtra	India
S1-873369409	CU Regional European, LLC	601 Main Street, Cairo, NY	US
S1-64262138	NDX Surgical LLC	4920 Jefferson Street, Unit Apartment 8-L, Pulaski, NY	US
S1-923804570	Industrial Security Alliance	37-29 Warren Street, Jackson Heights, NY	US
S1-700768976	Chartered & Sons Limited	27/249-32, Vivekanand Nagar Colony Jagatganj, Varanasi, Uttar Pradesh	India
S1-811970522	Dakshayani Educational Society	503, Mumbai, Maharashtra, Mumbai, 5Th Floor, India House, Opp. Kanta House, Nr. Sarla Nursing Home, Tagore Road, Santacruz	India
S1-147967017	Universal Infotech Private Limited	2532, Oswal Sadan Ghee Walon Ka Rasta, Johari Bazar, Jaipur, Rajasthan	India
S1-77242710	Venevue Johnson PLLC	411 Annaberg Lane, Monroe, NC	US
S1-637610786	Green Enterprises Private Limited	537 Krishna Nagar, Hisar, Hissar, Haryana	India
S1-284747519	Swastika Top Private Limited	Room No: 6/635, 1St Floor Snehatheeram Road, Thalikulam P O, Thrissur, Kerala	India
S1-557062704	Zia Mcgowan Premier Regional	6015 Gregory Street, San Bernardino, CA	US
S1-737651217	Surya Constructions Private Limited	Plot No. 257, Sector 4, Santnagar, Moshi, Pcntda, Khed, Pune, Maharashtra	India
S1-700703528	Regional Association	122 Hagaman Place, NY, Staten Island	US
S1-387556268	Garhi Harsaru Rural Private Limited	Plot No-271, Mankora, Garhi Harsaru, Gurgaon, Haryana	India
S1-535935070	Align College	Top Floor, Industrial, Area, Phase-1, Panchkula, Panchkula, Plot No. 219, Haryana	India
S1-669268532	Hari Group	Delhi, Ground Floor, Pocket-3, Sector-17, Dwarka, South West Delhi, Plot No.111-B, New Delhi	India
S1-472872032	Zeus & Sons Private Limited	116-A, Silicon City, Opp.Emerald Ht. School Po At Rajendra Nagar, Ab Road, Indore, Madhya Pradesh	India
S1-203411397	Federal Fund	23 Reagan Road, Brasher, NY	US
S1-545505378	Pacific Translational	2108 Ballast Lane, Prince William County, VA	US
S1-90779351	Sweet Grill LLC	120 Gillette Street, Bldg Lower, Rochester, NY	US
S1-704422081	Bies Horizon Tinto Inc	7500 Hunters Mill Road, Unit APT J, Blacksburg Town, VA	US
S1-895629426	Eastern Properties	Shop No.-06, F.F., 24 Carrete Building Nr, Haveli Chambers, Manekchowk, Ahmedabad, Gujarat	India
S1-869697937	Creative Security Global PLLC	125 Havre Street, Boston, MA	US
S1-377390065	Pediatric Dental Group of Lenoir P.C.	2625 Collettsville Road, Lenoir, NC	US
S1-566594986	Supreme Builders Private Limited	Telangana, Ce Colony Bagh, Amberpet, H No-2-2-647/185, Amberpet, Hyderabad	India
S1-719674008	Haveli Agriscience Pvt Ltd	Gat No 97, 98, B- 1001, Radhe Harmony, Daykar Wa, Haveli, Pune, Maharashtra	India
S1-258620205	Rvs Group	47, Sector-A, Lotus Park Jakhya, Indore, Madhya Pradesh	India
S1-586781791	Jmv (India) Studios Bangalore	No. 34294, Prestige Falcon City Konankunte Cross Kanakpura Road, Bangalore, Karnataka	India
S1-339268807	Holifield, Kinna H., DMD, PC	2895 17th Avenue, Yuma, AZ	US
S1-61525199	Gangansh Shree Limited	Geeta Nagar Atkot Road Jasdan, Rajkot, Gujarat, Rajkot	India
S1-345160976	Super Estate LLP	Room No.3/408 J, Parapully Building Pattikkad P O, Thrissur, Kerala	India
S1-107296667	Machinists Local 697	120 Jackson Street, Greenfield, IA	US
S1-121953695	Allied Investments LLC	320 Carroll Street, Thomasville, NC	US
S1-758032930	Abhikalp Foundation Limited	4, Cauvery Avenue, Alagapuram, Salem, Tamil Nadu	India
S1-287812684	Good Innovative Foundation Private Limited	18B, Brabourne Road, Pnb House, 3Rd Floor, Kolkata, Kolkata, Howrah, West Bengal	India
S1-823862117	Kuber Trading Limited	Blk No. 3, 2Nd Floor, Sane Guruji Premises, 386, S.V. Savarkar Marg, Opp. Siddhivinayak Temple, Prabhadevi, Mumbai, Mumbai City, Maharashtra	India
S1-425530773	Foot & Ankle Cascade Partners	6070 Moores Mill Road, Huntsville, AL	US
S1-124289880	Carrissa Torres, D.C., PC	8407 154th Avenue E, Owasso, OK	US
S1-187759653	Tivodyne International LLC	37 Williamstowne Court, Unit Apartment 2, Cheektowaga, NY	US
S1-688558807	Best Cargo Works LP	7032 Blu Rail Way, Unit B, Charlotte, NC	US
S1-12302769	Tomoque LLC	22236 Linden Park Rd, Pelican Rapids, MN	US
S1-225004755	M H Taft Hudson PLLC	211 Walnut Street, Hampton City, VA	US
S1-536491372	Soleon Living LLC	6505 142nd Street, Snohomish, WA	US
S1-905495035	FMC Infotech Limited	Plot No -17 1St Floor, Najafgarh Road, New Delhi, South West Delhi, Delhi	India
S1-486247251	Mcintyre Metropolitan Johnson	51 Golden Avenue, Unit Apartment B10, Babylon, NY	US
S1-437727301	Atlas Cbre Inc	408 Becky Street, Willard, MO	US
S1-953030810	Shaman Travel Company	96, Garden Reach Road, Kolkata, Kolkata, Howrah, West Bengal	India
S1-968399933	Global Learning Center	2916 135th Street, Tukwila, WA	US
S1-170142243	International Arin Laundry LLP	Shop No-108 Anchal Plaza Vasant Kunj, New Delhi, North Delhi, Delhi	India
S1-137710145	Amritsar Estate Private Limited	Shree Guru Amardass Ji, Goindwal Road, Amritsar, Punjab	India
S1-9608330	Optimal Mellon LLC	1370 Country Lane, Layland, WV	US
S1-533520548	Capricorn Services Limited	Pulivendla, Dr No 4-7-53, Bank Colony, Cuddapah, Andhra Pradesh, C/O Chadra Sekhar Reddy	India
S1-910936247	Pioneer Fresh Royalty LLC	509 10th Street, Bonham, TX	US
S1-183541639	Thane India	Flat No 2903, Ashar, Metro, C- Wing, Pokhran Rd Thane, Thane, Maharashtra	India
S1-29673951	Services Baluja Chillies Pvt Ltd	Malkajgiri, H No. 45-100/2A, B61, Uppar Guda, Moulali, Hyderabad, Telangana	India
S1-894209622	Ganganagar Services Pvt Ltd	Nandankanan, Ganganagar, West Bengal	India
S1-380180035	Family Care Associates LLC	920 Woodmont Boulevard, Unit 5, Nashville, TN	US
S1-847561990	North Tech Limited	C-89, Pocket P-6 Nsg Sas, Greater Noida, Gautam Bud, Maicha, Gautam Buddha Nagar, Uttar Pradesh	India
S1-612389570	Hope Cosmeceuticals Private Limited	West Delhi, Delhi, T/F, Plot No 3, Lsc Vardhman Plaza Indra Encl, Paschim Vihar, Vihar Near Ri, Chman Publ, Shop No 306	India
S1-551425716	Bhardwaj Seva Samiti Company	Shop No 11 Shopping Centre No 1, Mini Land Bhandup West, Mumbai, Maharashtra	India
S1-871862040	Delhi Life Private Limited	House No. 303, B-02/2, Sasco Bhawan, Naniwala Bagh City, Delhi, North West Delhi, Delhi	India
S1-981924649	Jishnu Textile Limited	Plot No 53 Rs No 530 Cts No 4947, Kulkarni Layout, Ramteerth Nagar, Kanabargi, Belgaum, Karnataka	India
S1-539731344	Global Consulting Private Limited	#6-3-1238/B/25, Eureka, 6Th Floor, Raj Bhavan Road, Nampally, Hyderabad, Telangana	India
S1-143053291	Transcontinental Defense Technologies L.L.C.	5 White Birch Court, Norwalk, CT	US
S1-910256204	Combs Smart Holding Inc	910 Heritage Way, Brentwood, TN	US
S1-318096834	Noida International Co	H 160, Noida, Gautam Buddha Nagar, Uttar Pradesh, Office Number B 018 Sector 63	India
S1-607914755	Elysia Scott Archimedes PC	7887 Damascus Road, Gaithersburg, MD	US
S1-210094635	Diamond Horizon	9 Cambridge Court, Lancaster, NY	US
S1-175441667	Mach Trading Private Limited	317, Sanali Heavens, Behind Kamma Sangam Ameerpet, Hyderabad, Telangana	India
S1-988224648	Remedy Traders Private Limited	Shantaganga Complex, Shop No.2, Sindagi Road, Indi, Bijapur, Karnataka	India
S1-51934670	Isidora Johnson Clear Aspen, PC	1260 Forest Road, Unit Apartment B7, Amherst, NY	US
S1-343904895	Btech Agri Limited	117/109E Ramlala Roadm Block Kakadeo Kanpur, Uttar Pradesh, Kanpur, Uttar Pradesh	India
S1-884275601	Solutions Sridhar Hotels	Pipliya Kumar, Indore, 116 Shrinath Palace, Madhya Pradesh	India
S1-926336911	Sparkle Travels LLP	Opp Radha Govinda Mandir, Rajganj, Jalpaiguri, West Bengal	India
S1-555109000	Junina Jones All Internet	73 Birmingham Court, Milford, MA	US
S1-392055442	Karuna (India) Iron Private Limited	8-24-31 Mangalagiri Road, Guntur, Krishna, Andhra Pradesh	India
S1-441023683	Liberty League of Silver Spring II	2905 Randolph Road, Silver Spring, MD	US
S1-721302221	Utpal (India) In LLP	Sridhar Villa Old No 2 New No 44 2Nd Main Road, Sai Nagar, Virugambakkam, Chennai, Tamil Nadu	India
S1-178168817	Ingenious Software Limited	4, Nadu Karikadai Sandhu, Sunnambukara Street, Tiruchirappalli, Tamil Nadu	India
S1-13582598	Bombay Engineering Private Limited	4A Pollock Street 3Rd Flr, Swaika Centre, Room 301, Kolkata, Kolkata, Howrah, West Bengal	India
S1-805606466	Voigt and Wall LLC	223 Brookside Drive, IL, Elgin	US
S1-738735280	Urgent Care Better Group	10716 Oquirrh Lake Road, UT, South Jordan	US
S1-446596565	Nanon Montes, Ph.D., DDS PC	5643 Devonshire Street, Fl 1, Olympia, WA	US
S1-957761249	Life Surya Foundation Private Limited	Flat No: 201, Sri Jagdish Apartment Indrapuri, Rajabazar, Patna, Bihar	India
S1-109240534	Kyser Clean	2423 154th Street, Omaha, NE	US
S1-363682780	Vision Health	329 Sereno Drive, City Of El Paso, TX	US
S1-321285349	Barney & Thomas Physical Inc	113 Molly Rex Lane, Mooresville, NC	US
S1-177670401	Great Anchor Travel	4537 220th Street, Fairview Park, OH	US
S1-668797067	First International Private Limited	A 259, Near Ivory Hospital Sector 36, Rho 01, Kasana, Noida, Gautam Buddha Nagar, Uttar Pradesh	India
S1-592166274	South It Private Limited	210 & 211, Harsha Complex, Pno.-1, L.S.C. Gazipur, East Delhi, Delhi	India
S1-335908661	Scholarship Committee	1621 Sulphur Wells Road, Salado, TX	US
S1-963966855	Myrtia Ray, MD, P.C.	210 5th Street, Unit Apartment E, City Of Marshfield, WI	US
S1-276892661	City Power Pvt Ltd	85, Kamarajar Salai, Madurai Madurai, Madurai, Tamil Nadu	India
S1-400898759	Optimal Global Madison	1073 Little Grave Creek Drive, Glen Dale, WV	US
S1-419249483	First Ministries	7224 250, Greenfield, IN	US
S1-573794228	Tri-State Elite Liquidity Inc	4818 Rutherglen Drive, Austin, TX	US
S1-352472108	Sweta Bin Pvt. Ltd.	Unit No-518A, Tower-C, M3M Urbana, Sector-67, Badshahpur, Gurgaon, Haryana	India
S1-602733172	Ear Nose & Throat Dynamic Care LLC	6003 Springhill Drive, Unit 102, Greenbelt, MD	US
S1-498567090	Gonzalez's Fitness	Port Bolivar, TX, 1017 Monkhouse Drive	US
S1-496362623	Patriot Center	151 Chesterfield Road, Columbus, OH	US
S1-529401235	Cozy Book Store	905 20th Avenue, Unit 910, Nashville, TN	US
S1-423255369	Seven International Pvt Ltd	Dhanraj Line Sakkarsath, Amravati, Maharashtra	India
S1-613851541	Pinnacle Sterling Schwab, LLC	155 Doster Lane, Mckenzie, TN	US
S1-123862687	Pedrosa Resource, Inc	Unit 3F, 51 Fairview Avenue, MA, West Springfield	US
S1-292826156	Clear Yield	3782 3rd Street, Tucson, AZ	US
S1-985209628	Navyug Traders Private Limited	D No. 11-983, Jkc College Road, Vijayapuri Colony, Guntur, Krishna, Andhra Pradesh	India
S1-241854648	Olympia & Co Group	Gurunagar Prathmik Shikshak Samaj, Sahkari Ghar Mandli Ltd Bunglow No 78, Varachha Rd, Surat, Gujarat	India
S1-731410268	Federal Trust Inc	511 Cherry Avenue, Niles, OH	US
S1-176334853	Black Trading Limited	House No. 4 Vasundhra Park Soc., B/H. Sargam Park, Saijpur Bogha, Pashvnath Township Rd., Ahmedabad, Gujarat	India
S1-407728675	BZ Gases Private Limited	House No 5 Imperail, Avas Vikas Samiti, Saharanpur, Uttar Pradesh	India
S1-78859240	O & I Commercial	225 Baxter Street, Premont, TX	US
S1-558827102	Blue Engineering Private Limited	85, S.N.Banerjee Road, Kolkata, Kolkata, Howrah, West Bengal	India
S1-960257855	Blue Developers Private Limited	Amol Apartment, Shop No 2, B.K Marg, Behind Johnson & Johnson, Mahim(, West)., Mumbai, Mumbai City, Maharashtra	India
S1-329333831	American Seafood Clinic	6016 Meadow Ridge Drive, Jefferson City, MO	US
S1-563668231	South Consultancy Group	77 Site-1, Vikas Puri, New Delhi, Delhi	India
S1-678192666	High Gold Logistics LLP	House No 37/1321 Aperumattumadom Kumaranasan Cross Road, Ernakulam, Kerala, Idukki	India
S1-38651871	Sahyogi Theatres Private Limited	Hirabai Chawl Shiv Tekdi Jogeshwari Vikhroli Link Rd, Jogeshwari (E), Mumbai, Mumbai City, Maharashtra	India
S1-344152319	Paramount Hospitalities Limited	702, 7Th Floor, Silicone Tower, Near Samartheshwar Mahadev Temple, Law Garden, Ellisbridge, Ahmedabad, Gujarat, India, Ahmadabad City, Ahmedabad, Gujarat	India
S1-735977273	Royal Finance	Wz-980, Kh No-33/24/3, Plot No-6, Palam Extn, Sector-7, Near Pps School, New Delhi, South Delhi, Delhi	India
S1-655845077	Gavilanes Salon Co	6356 Howard Street, Niles, IL	US
S1-546629435	Agrim Solutions	Plot No. 357, Rajdarbar Spaces Sector-24, Raipur Road, Hisar, Hisar, Hissar, Haryana	India
S1-638163872	Melly Harris Indigo LLC	Westfield, IN, 150 161st Street	US
S1-893847462	One Good Agro Private Limited	C/O V.Nabishadulla, Town/Batlagundu D Zone, Batlagundu, Nagapattinam, Tamil Nadu	India
S1-401952529	Cooper Desert Airport LLC	27 Temple, Rancho Cordova, CA	US
S1-616936605	Smart Footwears Private Limited	Plot No. 105, Devgandhar Appt., Shivaji Nagar, Nagpur, Maharashtra	India
S1-178542661	Guru Projects Private Limited	310, 5Th Floor, Liberty Plaza, Himayat Nagar, Telangana, 3-6-365, Hyderabad	India
S1-854479723	Best Semiconductor Global LLC	1928 Ridgewood Drive, Seven Hills, OH	US
S1-382073428	Howard's Industries LLC	4564 Congo Road, Unit Lot 4, Benton, AR	US
S1-228888854	Pune Tours Private Limited	Gat No 782 New Srushti Modern Township Shirur Pune Babhulsar Kh, Pune, Maharashtra	India
S1-166187937	Kalra Brothers Private Limited	106 Kaji Sayed Street Masjid Bunder Mumbai Mh, Mumbai, Mumbai City, Maharashtra	India
S1-643156288	Foot & Ankle American Group	52 Jennifer Way, Gorham, ME	US
S1-14592507	Express Construction LLC	13 Kimball Lane, Monmouth, ME	US
S1-519491247	Orthopedic Keystone Group Clinic	8 Granfield Street, Unit 1, New Bedford, MA	US
S1-997060460	Sathguru Bhanu	No 1 2Nd Floor Thirumagal Nagar, 3Rd Street Selaiyur, Tambaram, Kanchipuram, Tamil Nadu	India
S1-699460640	Bright Property Digital Red Oak	102 Carol Lane, Red Oak, TX	US
S1-265015064	Aakar Charitable Trust	2, Ahmedabad, Sanyojan Society, Nr Old Octroinaka Nr Manekbag Hall, Satellite, Gujarat	India
S1-213333270	Zephyr Stanley LLC	11602 3rd Avenue Court, Tacoma, WA	US
S1-943923378	Lopez Charter School	9255 Grace Ridge Drive, Willis, TX	US
S1-832809894	Deese Charter LLC	184 Windstone Crossing Trail, Troutman, NC	US
S1-907366094	RI Logistics Private Limited	303/304 A To Z Industrial Estate, G. K. Marg Lower Parel, Mumbai, Maharashtra	India
S1-471700224	UX Global Private Limited	Delhi, J-1955, Chittranjan Park, New Delhi	India
S1-625849070	Shree Educational Society	57, Ayakar Nagar, Opp. Riico, New Sanganer Road, Mansarovar, Jaipur, Rajasthan	India
S1-570740	Torodyne Fact P.C.	3212 Portland Ave, Louisville, KY	US
S1-74148743	Grillo Great Biopharmaceuticals LLC	Rockingham County, 2080 Clover Hill Road, VA	US
S1-341892772	Polar Movers Private Limited	701 Royal Lakeview, Nr Gota Lake, Daskroi, Ahmedabad, Gujarat	India
S1-949167186	Aspen LLC	1890 Oakes Drive, Akron, OH	US
S1-955856940	Bunny Schauer Dynamic LLC	Central Valley, UT, 145 Main Street	US
S1-856314398	Keystone Printing Innovations LLC	2307 Broad Avenue, Spokane, WA	US
S1-109584569	Shandee's Metro Technologies PLLC	338 Glenn Avenue, Unit 304, Auburn, AL	US
S1-327268225	All Property Holdings	21 Wellington Road, Templeton, MA	US
S1-547009245	Engineering Khimji Edtech Limited	169/173 Angappa Naicken Stchennai 600 001 Chennai 600 001, Chennai 600 001, Chennai, Tamil Nadu	India
S1-271048276	Satin Consultancy	Plot No.13-B, Vithalbaug, Bambhniyani Vadi Vidyanag, Bhavnagar, Gujarat	India
S1-296463233	Krishna Solutions Private Limited	Genesis Bldg. A1, Fl 401 Wadmukhwadi, Haveli, Pune, Pune, S No 123/1/2/3, Pune, Maharashtra	India
S1-114599617	Urology Sterling Health	35 Wallace Road, Wayland, MA	US
S1-491299631	Two Hotels LLP	Aman Dharam Kante Ke Pichi Vaidh Megharam Colony, Jaisalmer Road, Bikaner, Rajasthan	India
S1-638191009	Sivue Muzero Inc.	5761 Gladstone Way, Capitol Heights, MD	US
S1-84953270	FT Keystone Big Inc	136 Willow Creek Street, Fl 1, Chandler, AZ	US
S1-238344467	Aarvaksh Information Partners	Sfno 367/18, Namakkal, New Shasti Nagar, Mgr Nagar Kumarapalayamagram, Tamil Nadu	India
S1-885988979	Health Coalition	NY, 9703 Versailles Plank Road, Evans	US
S1-376112434	Asset Building Association	7010 76th Drive, Glendale, AZ	US
S1-716024722	Malappuram Infrastructures Private Limited	Apsara Arcade, Ponnyakurussi, Palakkad Road, Perinthalmanna P. O., Malappuram, Malapuram, Kerala	India
S1-113604619	Gilstrap Hair Studio LLP	235 Verbena Street, Unit 3132, Charlotte, NC	US
S1-553412096	Main Street Seafood	260 Culver Road, Limestone, TN	US
S1-732008692	Ear Nose & Throat Clinic	1040 Nesthorn Drive, Crestline, CA	US
S1-240442490	Foot & Ankle Group	3609 Lakeview Road, Stillwater, OK	US
S1-557339930	Vaayuin Worldwide Private Limited	74/74/1, Narkeldanga Main Road Dover Castel, Block-3, Flat No. 1P, Kolkata, Lake District, Kolkata, Howrah, West Bengal	India
S1-598102801	VE Illinois LLC	14512 4, Lake Park, MN	US
S1-147396281	West Renaissancere LLC	704 Kenyon Spring Drive, Zebulon, NC	US
S1-99849346	Express Learning Company	18760 St Rt 301, Lagrange, OH	US
S1-158196518	Chennai Pharmaceuticals Private Limited	32 12 Avadanam Ii Lane Choolai, Chennai, Tamil Nadu	India
S1-588556189	Hooghly Retail Pvt Ltd	Vill - Raipur, P.O. Ragpur P.S. Arambagh, Hooghly, West Bengal	India
S1-968717744	Rkg Trust	Badamba, Cuttack, Orissa, H/O Saroj Kumar Sahoo, At/Ps-Badamba Gandhi Chak	India
S1-698232418	Cardiology Legacy Physicians LLC	2929 Old Franklin Road, Unit 221, Nashville, TN	US
S1-983191141	Choice Disciplined	1121 11 Avenue, MN, Saint Cloud	US
S1-316850921	Sodyne Rapid Hyperliquid LLC	2935 Kenwood Street, Hammond, IN	US
S1-876437615	EQU Automobiles Private Limited	Gali No 26 Moti Ram Road, Ram Nagar Extention, H No 2478, Delhi, East Delhi, Delhi	India
S1-690051769	Ortega Ventures LLC	201 Montana Wells Road, Rio Rancho, NM	US
S1-742110882	Roopansh Solutions Pvt Ltd	Servey No. 381, Khata No. 812, Vasna Rathod, Dehgam, Gandhinagar, Gujarat, Gandhi Nagar	India
S1-435159240	Boyd, West & Viner Clough	3566 Glenwood Place, Cincinnati, OH	US
S1-865704860	Physical Therapy Platinum Partners of Houston LLC	7216 Los Angeles Street, Houston, TX	US
S1-730978196	Candid & Sons Limited	House No.10-3-7, Entrichment Road East Marredpally, Hyderabad, Telangana	India
S1-809506395	Urban Food	Sr.No.21/6, Belleza House, Kranti Park, Lane No.01, Pune City, Pune, Maharashtra	India
S1-92299634	Kaylee Tress Continental Parts LLC	100 Coyote Court, Hot Springs, AR	US
S1-92471824	Real Construction Private Limited	C/O Indal Rajbhar Vill.- Susundi Post- Para, Ghazipur, Uttar Pradesh	India
S1-256525738	Premier Coastal Leapfrog LLC	186 Pendleton Avenue, Unit A, Springfield, MA	US
S1-217842408	Loftus Neurosciences	5401 Holbein Gate Road, Walkertown, NC	US
S1-845601778	Silver Bumrungrad, Inc	AZ, Williams, 6290 Black Burro Loop	US
S1-466865689	Larson Health Center LLC	Greenwood, 548 Paradise Way, IN	US
S1-572302194	Oliver and Akers Limited LLC	164 Moosehead Boulevard, Bangor, ME	US
S1-148906214	Hyderabad & Brothers Pvt Ltd	Khordha, Plot No. 34 Goutam Nagar, Bhubaneswar, Orissa	India
S1-121009264	Health Guild	5205 Cornelias Prospect Drive, MD, Bowie	US
S1-311670803	Mumbai Solutions Private Limited	602, Darshan Heights, Satysai Complex, Padma Nagar Chikuwadi, Borivali (W), Mumbai, Mumbai City, Maharashtra	India
S1-259306643	Superior Business Products LLC	4618 Sodalite Street, San Tan Valley, AZ	US
S1-447521690	Economic Development Trust	4802 Promenade Lane, James City County, VA	US
S1-549815345	Virgina Yang Ridge	6641 Artesian Avenue, Chicago, IL	US
S1-569592374	GIO Properties Associates	1003 Southview Drive, New Castle, IN	US
S1-157731220	AW Superior Rogers LLC	IN, Unit APT 12, Indianapolis, 1991 Campbell Avenue	US
S1-254143156	Rocky Express Axiom LLC	14 Concord Trail Drive, Ofallon, MO	US
S1-387795523	Hotel Sree Power	5-9-189/308, Iiird Floor Lenaine Estate, Abids, Hyderabad, Telangana	India
S1-210120797	Adriena Nickens, DPM	29602 Kent Avenue, Easton, MD	US
S1-696467789	Aimil Melone Physical Therapy Corp	1039 Union Avenue, Newport, WA	US
S1-348459651	Jabalpur Multitrade Pvt. Ltd.	C/O R K Sahu 939, Prem Sadan Hem Electronik, Jabalpur, Madhya Pradesh	India
S1-981623181	Solutions Luxury Image Private Limited	273/3B, Ponnusamy Nagar A Zone, Alakkuvarpatty, Dindigul, Tamil Nadu	India
S1-926177460	North News, L.L.C.	10256 Frieda Lane, Fishers, IN	US
S1-300818091	Teum Soulpower PC	205 Murray Street, Gainesboro, TN	US
S1-51675871	Ratan Systems Private Limited	Uttar Pradesh, C/O Sri Pragut Dutt Yadav, Pritinagar, Rahimnagar, Lucknow	India
S1-70586330	Osprey of Fairfield Glade Inc	22 Kingsbridge Lane, Fairfield Glade, TN	US
S1-678707462	AQK Media	Gurgaon, Gurugram, Haryana, Plot No. 100 Sector 47	India
S1-156357874	Trusted Continental Deli LLC	6014 Cricket Road, Whitemarsh Township, PA	US
S1-175527944	Marina Vijay Private Limited	Rajasthan, Chittorgarh, Araji No. 403, 404, Gram - Medikheda, Patwar - Suwaniya, Teh. - Gangrar, Chittorgarh	India
S1-606782085	Ananta Ayurveda (India) Pvt Ltd	13-14, Dhenu Market Sgsits Road, Indore, Madhya Pradesh	India
S1-871787978	Clean Trading Advisors, LLC	1229 Vinal Street, Toledo, OH	US
S1-357151525	Lakshmi Arihant Technology Private Limited	G- 6 G/F, F/F Sarita Vihar, New Delhi, South West Delhi, Delhi	India
S1-327510317	Rodriguez and Morgan Inc	629 Scarlet Leaf Lane, Oakboro, NC	US
S1-233590245	Mountain Endocrinology Inc	16745 Newell Road, Tamms, IL	US
S1-953976149	Gangaksh Services	7/239, Sector-7 Jankipuram Extention, Lucknow, Uttar Pradesh	India
S1-337417350	Blossoms Spices	No. 21, Mahatma Gandhi Road (Opp: Income Tax Building), Nungambakkam, Chennai, Tamil Nadu, Chennai	India
S1-987851086	S P & Z Token	508 Isaac Branch Drive, NC, Jacksonville	US
S1-713978293	Finance Prastuti Securities Private Limited	North West, Delhi, Plot No. 360, Kh.No.143/360, First Floor Extended Lal Dora Village, Kanjhawala	India
S1-959226634	Bangalore North Trading LLP	91 Springboard Business Hub, Trifecta Adatto, 21, 5Th Floor, Itpl Main Rd, Garudachar Palya, Bangalore North, Bangalore, Karnataka	India
S1-584304716	Fortune Trading Private Limited	Flat No.-604, Tower-9, Orchid Petals, Near Omaxe City Centre, Sohna Road, Sector, 49, Gurgaon, Haryana	India
S1-915956925	First Freight Labs LLC	Buckeye, AZ, 21660 Montecito Drive	US
S1-304957676	Lyrio Blockchain LLC	MN, Woodbury, 8147 Marsh Creek Road	US
S1-318362317	Meaghan Cai Superior Preferred	655 12th Street, Unit Apartment 9, Forest Lake, MN	US
S1-433732434	Baptist Association LLC	5440 State Rd B, Hillsboro, MO	US
S1-263538788	Main Street Diner Center	Apple Valley, Unit Unit 226, 14587 Florissant Path, MN	US
S1-612248494	Guillema Montalvo, D.D.S.	725 Washington Street, Du Quoin, IL	US
S1-446933443	Kim Technical Inc	200 K Street, Unit 413, Washington, DC	US
S1-983198006	Creative Premier Tankers	109 Wild Ginger Trail, Chattanooga, TN	US
S1-246814476	Gonzalez Pinnacle Guggenheim LLC	1859 Selma Avenue, Youngstown, OH	US
S1-305887458	Kartik (India) Info Private Limited	Syno 366 & 367/2, Nfc Main Road Moula-Ali, Hyderabd, Rangareddy, Telangana	India
S1-145110237	Hill Defense LLC	46 Dudley Avenue, Old Saybrook, CT	US
S1-697861406	Nance Peoples LLC	5056 70, Crossville, TN	US
S1-510351934	Ld India Private Limited	J-40 Sector 63, Gautam Buddha Nagar, Noida, Gautam Buddha Nagar, Uttar Pradesh	India
S1-213018937	Great Maa Construction Private Limited	B 1401, Shine Swasti Opp., Siddharth Icon, Tragad, Ahmedabad City, Ahmedabad, Gujarat	India
S1-631794470	Banks Integrated Good Inc	757 Jefferson Street, Montpelier, ID	US
S1-475258888	Taylor & Do Invest Group	5609 Ridgefield Road, Bethesda, MD	US
S1-155978888	Gold Ventures	Plot No. 31 & 32, Block 3, Second Floor Gallon Plaza, Malviya Nagar, New Delhi, Delhi	India
S1-835537702	VI Desert Intercontinental Inc	660 700, Provo, UT	US
S1-199402106	Classic Cafe LLC	940 Island Terrace, Unit #A1, Beaverton, OR	US
S1-375665760	Kapis (India) Girls Private Limited	222, Sector-22, Near Rotary School, Palam Road, Gurgaon, Haryana	India
S1-386087329	Gaurav Network Limited	124, Krishna Garden, Annex Jagamara, Bhubaneswar, Khordha, Orissa	India
S1-368953797	Dermatology Care L.L.C.	1584 Bartlett Lane, Unit APT 15113, Sacramento, CA	US
S1-339798310	Clear Continental Goldman LLC	OR, 270 Mountain Boulevard, Mount Vernon	US
S1-635747867	Kao and Knighton	IN, 4474 150, Shelbyville	US
S1-145485432	Family Center	5805 Indian Trace, City Of Madison, WI	US
S1-389061762	Urology Care	505 Aragona Boulevard, Virginia Beach City, VA	US
S1-938848060	Silver Finance Private Limited	Howrah, Kolkata, West Bengal, Garden Reach Jetty-2 20 Garden Reach Road	India
S1-901623024	Premier Bombay Finance Private Limited	Aggrawal Chambers, Plot No. 10, Office No.202, Sector 19C, Vashi, Navi Mumbai, Mumbai, Mumbai City, Maharashtra	India
S1-21804007	Melendez Grand Applied LLC	3720 Vermont Avenue, Phoenix, AZ	US
S1-585527898	Moriarty Shipping	9 Woodland Avenue, Rensselaer, NY	US
S1-142550690	Harmony & Sons	9-11-20, Kalangi Complexkothapet, Guntur, Andhra Pradesh	India
S1-659047500	Lumeus Social	82 Pond Road, Great Neck, NY	US
S1-380124492	Rosario and Ozier Genesis	190 Franklin Street, Lynn, MA	US
S1-93897008	Morehead & Blizard LLC	1821 98th Place, Everett, WA	US
S1-256023634	Behavioral Health Pacific Medicine	18 Fairview, Mount Ida, AR, Unit Unit A	US
S1-395840505	Carlson & Williams	109 Central Street, Fl 1, Benton, IL	US
S1-911379179	Southern Business	Floor-0, 190 Regina Pacis, Building, Seth Motisha Lan, Mumbai, Maharashtra	India
S1-714338522	Ortiz, Margit, L.C.S.W.	TX, Pflugerville, 1006 Old Austin Hutto Road	US
S1-80142402	Cori Dansby Telecom, LLC	12812 Westbrook Drive, Fairfax County, VA	US
S1-750589028	N & U Soulpower LLC	14 Church Street, Selbyville, DE	US
S1-457616829	Broken Memorial Trust	Vill. Tejganj, School Para Nutanganj, Burdwan, Bardhaman, West Bengal	India
S1-752372961	Gleason Cardiology Inc	56701 683 Road, Colcord, OK	US
S1-941261133	Ricciardelli, Hilda C., O.D., PC	21303 Sr 81, Spencerville, OH	US
S1-509859051	Delta Fellowship	814 Circle Drive, Terrell, TX	US
S1-489728277	Beacon Inc	WI, City Of La Crosse, 539 Main Street	US
S1-393121857	Golden Traders Limited	43/36/1, B.T. Road P.O. Sukchar, P.S. Khardah, Kolkata, Parganas North, West Bengal	India
S1-753710812	Shree Public School	C/O Md Jahiruddin Sk Hasib Alam Vill- Bogdadnagar, P.O., Chaksapur, Murshidabad, West Bengal	India
S1-614703192	National Project	2N 460 Euclid Avenue, IL, Glen Ellyn	US
S1-326573634	Ridge Osprey	23 Ramsey Place, Albany, NY	US
S1-245597658	Royal Hospitality Private Limited	S.N.15/2/2, Fl.208, Chankya Nagari, Hingane, Pune City, Pune, Maharashtra	India
S1-44702308	Continental Empire Retail LLC	2979 Chevelon Drive, San Tan Valley, AZ	US
S1-534179228	Supreme Good Producer Limited	Plot No.188 &189Phase-Ii, Kavuri Hills Hyderabad, A.P., Telangana	India
S1-843179540	Cecile M. Roberts, Ph.D.	196 Reservoir Avenue, Westfield, MA	US
S1-694573212	Meta Traders Ltd	1312-1313, Shivalik Satyamev, Nr. Ambali Bopal Junction, Nr Vakil Saheb Bridge, S P Rin, G Road, Ahmedabad, Gujarat	India
S1-904029408	Delhi Engineers Group	D-18/17 Model Town, Delhi	India
S1-669055356	Younger and Fisher L.L.C.	495 Metro Place, Unit 200, Dublin, OH	US
S1-970960074	Valley Complete Services	AL, Meridianville, 148 Nettle Leaf Drive	US
S1-444171244	Dickie Anchor Audio Installation	5607 Saddlewood Lane, Brentwood, TN	US
S1-59710082	Systems Mea Outsourcing Private Limited	Ward 12 - B, Gandhidham, Gujarat, 202, Rajkamal 1 Plot No. 348	India
S1-693728125	Western Dental Associates	2812 Lydick Way, Eugene, OR	US
S1-838062183	Shakti Tech Private Limited	Tamil Nadu, 1St Floor, No. 12, Maleeswarar Koil Street, Chennai, Room No. 4	India
S1-56670121	24HR Locksmith Corp	1169 Auburn Road, Lansing, NY	US
S1-895602816	Philbeck Dime	249 Clear Lake City Boulevard, Webster, TX	US
S1-666331152	Smith & Norris LLC	Lake Zurich, IL, 282 Denberry Drive	US
S1-623561907	Metropolitan Environmental Industries LLC	Woodbury, NY, 43 Catskill High Rail	US
S1-84100108	City Of Kenosha Youth Quality Association Inc	11326 60th Place, City Of Kenosha, WI	US
S1-195523486	Clarksville Gold	TN, 2670 Scott Drive, Clarksville	US
S1-413526081	Shiva Media	22-1-433/1, Opp Mgbs Exit Gate, Kali Kabar, Chaderghat, Hyderabad, Telangana	India
S1-199415802	Morgan & Rangel LLC	402 Stoney Point Circle, Fl 0, Wichita, KS	US
S1-315244635	4174 Second Lane Company	1954 Tucker Gulch Road, Helena, MT	US
S1-564025090	Meghann's Coastal Detailing	419 Lincoln Street, Marlborough, MA	US
S1-176472761	Midwest Tri-State Network Inc	47017 284th Avenue, Enumclaw, WA	US
S1-675694926	Curran, Lafave & Truman	504 Horizon Court, Concord, NC	US
S1-630149953	Ss Construction Private Limited	Flat No. 904, 'A' Wing, Pristine Fontana Building S. No. 22, Behind Maratha Mandir, Bavdha, N Khurd, Pune, Maharashtra	India
S1-577714788	Technologies Memorial Trust	Shop No 58 Ground Floor, Vardhman Fashion Mall Lsc Road 43 Block G Pitam Pura, Delhi, North West Delhi, Delhi	India
S1-574959068	VKL Power Private Limited	3 Meridien Apts Bldg No 1Veera Desai Road Andheri (W), Mumbai, Maharashtra	India
S1-660760694	Midlothian Community Project	6241 Peach Tree Drive, Midlothian, TX	US
S1-482766178	Dermatology Medicine Inc	202 La Fortuna Drive, Del Valle, TX	US
S1-319998043	Lyreon Sterling Inc.	560 Boyero Avenue, Pueblo West, CO	US
S1-194130245	Jemi Hive (India) Private Limited	Plot No 35 Sector 8, Gandhidham, Kachchh, Gujarat	India
S1-132449362	Continental Blue Spire LLC	2271 Sunley Lane, Chesterfield, MO	US
S1-322306409	Halcis Horse	108 Harrison Street, Village Of North Prairie, WI	US
S1-311725940	Stitt Huntington LLC	442 1st Street, El Dorado, AR	US
S1-942703331	North Investments Private Limited	Kerala, Ernakulam, Gupta Building, Karakkatt Road, Near South Railway Station, 2Nd Floor	India
S1-315840301	Bramel Osprey PLLC	Washington, 547 Ingraham Street, DC	US
S1-827088167	Bangalore Equip	No. 88, Borewell Road, Desk No. 210-T, Opposite To Whitefield Post Office, Bangalore, Karnataka	India
S1-584318067	Nanete Lapointe Silver Boa Inc	Newport News City, 111 Chesapeake Avenue, VA	US
S1-483987538	Epperson & Steadman Solutions of Chapel Hill	Chapel Hill, 9303 Fair Oaks Road, NC	US
S1-569790321	Uttar Pradesh Fincap Pvt Ltd	47 E Tulsi Nagarshyam Nagar Kanpur, Uttar Pradesh, Jyotiba Phule Nagar, Uttar Pradesh	India
S1-202442008	Kautilya Advisors Company	1/357, Sree Karthigai Lakshmi Nagar, Thuvariman, Madurai, Tamil Nadu	India
S1-434312569	Cathrin Carter Chs	473 Herman Avenue, Star City, WV	US
S1-880614920	Pinnacle Auto Sales	16014 Hill Road, Paris, IL	US
S1-112998882	JQ Pinnacle Markets, LLC	420 W 6th St, Davenport, IA	US
S1-973936431	Bangalore Design Private Limited	27, Mani Illam, 2Nd Flr, Nr Subramanya Temple, Patel Lyt, V N Post, Cheemasandra, Bangalore, Karnataka	India
S1-136059720	Best Exports Private Limited	Rana Buildingdilkusha Market Jalandhar, Punjab, Jalandhar, Punjab	India
S1-296275047	Redfox (India) Metallurgical Ltd	Tamil Nadu, 1 St Floor 4/271 Pari Salai Mogappair East, Chennai	India
S1-874748052	High Constructions Private Limited	#302 Emerald Creek Apartment 3Rd Cross Reliable Residency Layout Phase2 Hsr Lyt, Bangalore, Karnataka	India
S1-590712948	Cabrera Signature Vulcan Inc	918 College Street, Sparta, IL	US
S1-984787640	Pansy's Better Vision Center	1258 Martin Street, Nashville, TN	US
S1-992465780	Nadeen Stoner Great Partners Inc	821 Coliseum Boulevard, Fort Wayne, IN	US
S1-535678414	Modern Logistics	Flat No C601, Floor No 6, Wing C Link Palace-C, Gok, Goregaon East, Mumbai, Maharashtra	India
S1-274595093	Business Commercial Systems LP	35 Uncas Drive, CT, Hebron	US
S1-992298300	Modern Construction Private Limited	Karumalakkala House, Allapra P.O, Perumbavoor, Kunnathunad, Ernakulam, Kerala	India
S1-303213003	Volk First Labs, LLC	2610 29th Place, Tulsa, OK	US
S1-385689529	Ankleshwar Vyapaar Private Limited	Plot No. 6106/B, Gidc Ankleshwar, Ankleshwar, Ankleshwar, Bharuch, Gujarat	India
S1-997158670	Cornerstone L.L.C.	910 Robinson Road, Townsend, DE	US
S1-502781798	Gourmet Iron Private Limited	C/O Smt Sushama J Patwardhan Randaspeth, Nagpur, Maharashtra	India
S1-331907483	Big Engineering LLP	Flat No - 1, New No.21, Old No.11, Near Binny Road, Poes Garden, Chennai, Tamil Nadu	India
S1-886534800	Empire Unified Interprivate, LLC	2730 Sandpiper Trail, West Chicago, IL	US
S1-459704850	Roberts and Williams Inc.	1155 Washington Street, Frankfort, IN	US
S1-552644519	Balaji Global Private Limited	Shop No. 6, 1726-1727-1728, Naya Bazar, Delhi, North Delhi, Delhi	India
S1-580139448	Heartland Fellowship II	IN, Indianapolis, 8144 Century Circle, Unit APT 3	US
S1-446411115	Global Investments Pvt Ltd	265Q Jubilee Hills, Hyderabad, Shaikpet, Hyderabad, Telangana	India
S1-604403095	Bhoomi Tradecom Pvt Ltd	136 A, Hundred Feet Road, Gandhipuram, Coimbatore, Tamil Nadu	India
S1-470696549	Lopez Assets L.L.C.	W1797 A, Town Of Farmington, WI	US
S1-236871158	Anchor Reliable Live LLC	3678 Lauren Court, Crisfield, MD	US
S1-37388827	East Bright Siddhi L.L.C.	1357 Pecan Street, Mobile, AL	US
S1-438961132	Garment & Brothers Private Limited	Door No 2/528 B, C P Tower, P O Valappad, Thrissur, Kerala	India
S1-632560860	Temple Israel	NY, 107-13 Waltham Street, Jamaica	US
S1-709854502	Interstate Blue Quest	9903 Windlake Circle, Dallas, TX	US
S1-272009045	Empire Trust V	1302 Brighton Crest Drive, Ofallon, MO	US
S1-928317799	Pune Solutions Private Limited	N28 Sneh Paradise, Mit College Road, Off. Paud Road, Kothrud, Pune, Maharashtra	India
S1-404137463	HB Silver Inc	772 Cherokee Path Path, City Of Lake Mills, WI	US
S1-246025488	Shree Builders Private Limited	Bazari Tola, Padrauna, Kushinagar, Semara Hardo, Uttar Pradesh	India
S1-320454471	Solutions Chatrapati Cottage Pvt Ltd	A-53, G D Colony Mayur Vihar, Phase 3, Mayur Vihar, East Delhi, Delhi	India
S1-329059287	Rodgers Trust LLC	17 Hattendorf Avenue, Unit 203, Roselle, IL	US
S1-130020624	Family Care LLC	2479 Riverbend Loop, Unit 71, Pigeon Forge, TN	US
S1-939272137	Nous	3333 Elm Hill Drive, Warren, OH	US
S1-614166735	American Catalyst	15001 Howards Mill Road, Mulino, OR	US
S1-95496963	RHI Mortgage LLC	174 Porch Light Lane, Hedgesville, WV	US
S1-571751431	Rmk Udyog Limited	Plot No. 33, Building Nirvana, 3Rd Floor, Shaheed Nagar, Bhubaneswar, Khordha, Orissa	India
S1-456299450	Green Rocky Holdco LLC	Mesquite, TX, 2805 Maple Drive	US
S1-572893274	Lerovue LLC	465 Meyers, Kettle Falls, WA	US
S1-483667027	Empire Superior Rre Inc	6802 67th Avenue, Unit 3206, Glendale, AZ	US
S1-658118434	Daria N. Rios, Ph.D., M.D., P.C. Washington	1361 Adams Street, Washington, DC	US
S1-249389797	Kennedy & Lopez Healthcare Inc	1 Hudson Harbour Drive, Poughkeepsie, NY	US
S1-434607086	Sun Infra	F-387 F-387, Transport Nagar, Lucknow, Uttar Pradesh	India
S1-612417837	Seven Infra Private Limited	New Delhi, South Delhi, E-49/5, First Floor, Okhla Industrial Phase Ii, Okhla Industrial Estate, Delhi	India
S1-888966272	Allied International	TX, 3324 Fort Street, Royse City	US
S1-522242210	Albina Li International PLLC	1200 Brookwood Place, Columbus, OH	US
S1-933215181	Surgical Group of Fairfield	108 Villa Circle, Fairfield, CA	US
S1-812655347	Super 2 Hair Studio	117 Lee Court, Harrodsburg, KY	US
S1-517834254	Hari Power Private Limited	Sneha-10Ranapratapbagh, Delhi, North Delhi, Delhi	India
S1-549392717	Beauty Trading Limited	Room No. 23, Navratan Chawl Committee Janu Club Santacruz (E), Mumbai, Mumbai City, Maharashtra	India
S1-524655338	Berry and Patton Fuse LLC	823 3324, Pittsburg, TX	US
S1-370578853	Unique International Private Limited	Sf No.58/2, 57/3A, Near Nh Byepass Avinashi, Pazhamgarai, Avanashi, Coimbatore, Tamil Nadu	India
S1-521622133	Frazier Direct Concepts Inc	1619 Marina Drive, Columbus, OH	US
S1-94816449	Creative Education Brands Corp	15694 101, Unit SPACE 2, Brookings, OR	US
S1-921128797	Delta Express Portfolio	45 Greenfield Hill Road, Monroe, CT	US
S1-923713242	Lotus Industries Pvt Ltd	Ce-151, Golf Link-1, Greaternoida, Gautam Buddha Nagar, Uttar Pradesh	India
S1-63606514	Brigid Criswell, L.C.S.W., PC	1593 Vistas, Nelson County, VA	US
S1-92643082	Hobbs Safe Village LLC	407 Brookside Lane, City Of Columbus, WI	US
S1-956518050	YJV Power Private Limited	443 A, Shanivar Peth, Hasbnis Bakhal, Pune City, Pune, Maharashtra	India
S1-770147341	National Four Inc	3121 Peabody Street, Bellingham, WA	US
S1-782527730	ISQ Five	44 Wayne Drive, Eutaw, AL	US
S1-897230623	AI Core Private Limited	Wing 4D, 20Th Floor, 2005, Elara, J P North Garden Vinay Nagar Ghodbunder Road, Kashimira, Mira Road East, Thane, Maharashtra	India
S1-361301675	Value Telecom Global	6505 Little Dove Drive, Pine Bluff, AR	US
S1-356749382	Tri-State League Corp	650 Corcoran Avenue, Unit 24, Santa Cruz, CA	US
S1-597819849	Aayush & Partners	12-08-29/1, Revenue Ward 20 Suryalanka Road, Bapatla, Guntur, Andhra Pradesh	India
S1-86324425	Sevenstar Consultancy Pvt Ltd	Karnataka, 14Th Cross, 9Th Main, Bangalore, Indiranagar 2Nd Stage, No. 344	India
S1-779780884	Vijay Foundation Pvt Ltd	C/O Pradip Kumar Mitra, S.M Pally North, Englishbazar, Malda, West Bengal	India
S1-783453713	Social Solutions Private Limited	Plot No.56, G Floor, Gv Reddy Colony Bollaram, Medchal- Malkajgiri, Hyderabad, Telangana	India
S1-629180085	Sunrise Products Pvt Ltd	B/702, Manmandir Appartment, Indranarayan Road, Santacruz(W), Mumbai, Maharashtra	India
S1-696350389	Anderson's First Painting	2617 Sweitzer Road, Uniontown, OH	US
S1-51583731	East Constructions Pvt Ltd	R.No.3 Girdharwadi, Kon, Bhiwandi, Thane, Maharashtra	India
S1-744452861	Kolkata Technology Pvt Ltd	West Bengal, Kolkata, Howrah, 6/1 Sarat Chatterjee Avenue 3Rd And 4Th Floor, Kolkata	India
S1-597096405	Sion Horizon Cloud LLC	49 Field Street, Unit 2, Brockton, MA	US
S1-484753372	North Logistics Private Limited	Ammber Enncllave Bldg No 2B Wing F No 902 Kanchangaon, Thakurli, Thane, Maharashtra	India
S1-514444026	Surgical Center	10113 52nd Drive, Marysville, WA	US
S1-101747525	Silver Ice Cream Inc	674 730, Hyrum, UT	US
S1-910659520	Verron Franklin, LLC	Saint Louis, 358 Falaise Drive, MO, Fl 0	US
S1-877031369	Universal Exports	H.No Chakia, Mahsi, Champaran East, East Champaran, Bihar	India
S1-424882193	H/R Biosciences L.L.C.	32 Whitney Court, Brewer, ME	US
S1-52401741	Metropolitan Federation III	2901 Ave O, TX, Galveston	US
S1-683788263	South Developers Private Limited	Lig 136, 2-A Saket Nagar, Bhopal, Huzur, Bhopal, Madhya Pradesh	India
S1-66853754	Schwindt Dynamic Duration LLC	66 Catullo Drive, CT, Guilford	US
S1-28955191	Good Producer Pvt Ltd	E-23 Greenwoods City Sector, Gurugram, Haryana, Gurgaon	India
S1-951564840	Vanguard Industrial Corporation	10300 -26600 Amite River Road, St. George City, LA	US
S1-859668704	Mythri Public School Company	Ferozepur, Punjab, Satiewala, Ferozepur	India
S1-320133494	CFT Arts Inc.	TX, Fort Worth, 9763 North Freeway	US
S1-852472888	Loretta Natalie Solar LLC	29015 Lewes Georgetown Highway, Lewes, DE	US
S1-737996761	Womens Health Smart Group PC	1810 Apricot Street, City Of Wisconsin Rapids, WI	US
S1-633338206	Atlantic Mitsui Inc.	930 M Street, Unit 408, Washington, DC	US
S1-367831647	Shahjahanpur Sixty Private Limited	C/O. Krishna Kumar Garg, Baru Zai- Ii, Shahjahanpur, Uttar Pradesh	India
S1-130345826	Colonial Pinnacle Premier	344866 890 Road, Chandler, OK	US
S1-761643903	LH Finance Ltd	Delhi, North West Delhi, Vardhman North -Ex Plaza Netaji Subhash Place, House No. H-4 Shop No - 304 3Rd Floor, Delhi	India
S1-141958937	Arluene's Cafe Center	WI, 5113 Biscayne Avenue, City Of Racine	US
S1-456146873	As Industries Group Limited	H No. 107 Ram Puram, Kanpur, Uttar Pradesh	India
S1-851068685	Tri-State Social PLLC	312 County Road 3556, Cleveland, TX	US
S1-356205070	Primary Care Partners PLLC	105 Algarita Cove, Georgetown, TX	US
S1-486070178	Legacy Diana LLC	14000 Lubeck Drive, Pflugerville, TX	US
S1-966364502	Patriot East Ltd	6462 Carter Road, Westmoreland, NY	US
S1-813635296	Signature Corporate LLP	NM, 1630 Marquis Lane, Hobbs	US
S1-735574718	Armour Exports of Ahmedabad	810-G, Ahmedabad, Titaniumcitycenter, 293/1/P, T.P-03. 100Ft.Road, Nr.Sachintower, Anandnagar, Ahmedabad, Gujarat	India
S1-477388941	Hyderabad Services Private Limited	H.No : 14-69, S N Colony, Uppal Medchal - Malkajgiri, Hyderabad, Telangana	India
S1-75288487	Associated Staffing Solutions LLC	15 Green Mountain Court, Owings Mills, MD	US
S1-259613196	Dental Specialists	628 Dayton Street, Edmonds, WA	US
S1-155840225	Exports Saru Services Limited	C/O Ombeer Singh, Suthyana, Greater Noida, Gautam Budh Nagar, Noida, Gautam Buddha Nagar, Uttar Pradesh	India
S1-665426910	Vision Metro Care Associates Inc	1106 Grand Avenue, Saint Paul, MN	US
S1-324263302	Northern Frontier Illinois	9889 Oldham Cove, Cordova, TN	US
S1-310485873	Red Investment Limited	New Delhi, West Delhi, Kirti Nagar Ind Area Land Mark Near Bawa, Delhi, Plot No 42 Dlf Ind Area Ground Floor	India
S1-406066720	Great Care Pvt Ltd	Flat No. 24 S No. 1/1/1, Walhekar Residency, Manaji Nagar, Narhe, Pune, Maharashtra	India
S1-864623567	Patriot Manulife PC	133 Forest Brook Drive, Oak Leaf, TX	US
S1-423020495	BJ Finance Pvt Ltd	Door No 54/14/4/4 Srinivasa Nagar Bank Colony Ring Road Ro, Ad No 4, Vijayawada, Krishna, Andhra Pradesh	India
S1-131723637	Saenz, Lowery & Simon Inc	501 Logan James Lane, TX, Pflugerville	US
S1-329852969	ZY Solar	16022 48th Avenue, Tukwila, WA	US
S1-705048374	Superior Certified Copley Inc	7518 Celesta Lane, Fl 1, Olympia, WA	US
S1-313575092	South Projects	Fno 1002 Wing-C Vatsalya Vihar Sno 164 New D.P.Rd Aundh Pune Aundh, Pune, Maharashtra	India
S1-616632221	Tejiya Products Private Limited	Surat, Swastik Ro House, Mota Varachha, Chorasi, Gujarat, 49	India
S1-39772599	Taylor Precision Environmental Services	4450 Verplank Road, Clay, NY	US
S1-590074027	Orthopedic Best Clinic	4931 Lockwood Drive, Prosper, TX	US
S1-159578751	RVX Buildcon Private Limited	605, Floor-6, Plot-140, Commerce House Kala Ghoda, Mumbai, Maharashtra	India
S1-721351447	Future Builders	110A, Theeyattumparambil, Mele Millumukku, Kambalkad, Vythiri, Wayanad, Kerala	India
S1-612390329	Good Infra Limited	126 Ist Floorarjun Nagar Safdarjang Eclave, New Delhi, West Delhi, Delhi	India
S1-219386036	Ivenium Railway L.L.C.	7 Credit Drive, Mayflower, AR	US
S1-43934202	Engineering Neelkamal Services Pvt Ltd	176, Gujarat Vyapari Mahamandal Sahakari Udhyogik Vasahat Ltd., Odhav Road, Odhav, Ahmedabad, Gujarat	India
S1-407029713	Drayis Realty	505 Ash Street, Trumann, AR	US
S1-803160097	Shyam Global	Rajesh S/O Sh. Ramkumar Village Mirzapur, Hisar, Po Mirzapur, Haryana, Hissar	India
S1-563504667	National Piedmont Sports Inc.	KY, Covington, 105 18th Street	US
S1-482632930	Division of Consumer Affairs	1911 23rd Circle, Hondo, TX	US
S1-664598598	Gasoft Computing	1704 89th Street, Birmingham, AL	US
S1-472658521	Bishop Safe Renewables	4207 Zenith Avenue, Robbinsdale, MN	US
S1-902463723	Harbor Bright Utility	103 Cushing Street, Unit 2L, Cambridge, MA	US
S1-694530971	Bright Solutions Private Limited	Flat No 801, Meenakshi Skylounge, Hitex Road Khanamet, Kondapur, K.V.Rangareddy, Hyderabad, Telangana	India
S1-87528960	Rainey and Dickerman Australia Inc	5632 Swan Drive, Chesterfield County, VA	US
S1-815859580	Legacy Electronics Partners Corp	1019 Hugh Street, Frontenac, KS	US
S1-482809334	Jbj & Co	Uttar Pradesh, Dream Valley Villas, Techzone Iv, B2-34, Noida, Gautam Buddha Nagar	India
S1-326828860	Grace Israel P.C.	2254 Lavergne Avenue, Chicago, IL	US
S1-8500817	Empire Program	8 Breeze Hill Road, Huntington, NY	US
S1-274692430	Baldwin Nexera	57-51 65 Street, Maspeth, NY	US
S1-559507599	Dam Clearing Pvt Ltd	203, Gayatri Mansion, 1-1-648/2 Gandhinagar, Hyderabad, Telangana	India
S1-427869269	Hill Advisors Pvt Ltd	173/C, Chidhambaram Road Bootha, Vriddhachalam, Cuddalore, Tamil Nadu	India
S1-846335714	Hamlet International	1819 Winter Road, Grand Island, NY	US
S1-207084028	Venus Constructions Private Limited	C/O- Ram Kishor, Khetkuri, Manbhawna, Dhammaur, Sultanpur Sadar, Sultanpur, Uttar Pradesh	India
S1-355407191	Seven Software Pvt Ltd	Bw/67A Shalimar Bagh, New Delhi, North Delhi, Delhi	India
S1-430974202	Sai Nursing Home Limited	Basement A, Arc Nest Bldg 33A, New Kantwadi Bandra (West), Perry Road, Mumbai, Maharashtra	India
S1-888958356	Indo Technology Private Limited	515, Churchgate Chamber 5, New Marine Lines, Churchgate, Mumbai, Maharashtra	India
S1-237198889	Delpro Services Limited	B-8, Shri Ram Nagar Village-Jaipura, Post- Jagatpura, Jaipur, Rajasthan	India
S1-416760655	Loveland, County Of	797 Decade Lane, Loveland, OH	US
S1-60673987	Balaji Infrastructure Private Limited	Nashik, Shri Sahastrarjun Co Hsg Society S No 31/1/1/1, Behind Star Fame Cinema, Upnagar, Shop No 3, Maharashtra	India
S1-982291788	Smart Pharmaceuticals	368 Blackhawk Drive, Park Forest, IL	US
S1-775803070	Clark Best Stores LLC	821 Chadwick Circle, Frederick, MD	US
S1-868818499	Parker, Ferraro and Lambert	144 Old Causeway Road, Beaufort, NC	US
S1-885229730	Internal Medicine All Group	4580 199th Street, Farmington, MN	US
S1-462264126	NY Toys Pvt Ltd	53 B.H. Sch. No. 74C, Indore, Madhya Pradesh	India
S1-376563089	NH Systems	Pandey Nivas, Akurli Road, Near 282 Last Bus Stop, Damu Nagar, Kandivali (East), Mumbai, Mumbai City, Maharashtra	India
S1-228863098	Urban It Pvt Ltd	Anand, Gujarat, Anand, First Floor, Bahar Ni Khadki Mota Adadh, 36	India
S1-389198170	Vsn Advisors Private Limited	Mumbai City, Flat No. 1, Maharashtra, Ground Floor, Harihar Niwas, Besant Street, Santacruz (W), Mumbai	India
S1-245023930	Frog India Ltd	Plot No.176, Sector 52, Gutigau, Gurugram, Gurgaon, Haryana	India
S1-273811286	Kittie Matlock Mfa LLC	Federal Way, WA, 4155 332nd Place	US
S1-168027117	TI Tree	6919 Yellowstone Highway, Natrona, WY	US
S1-396718409	Supreme Network Networks Inc	Mamakating, NY, 54 Florio Earl Drive	US
S1-853810997	Gangaya Consulting Limited	60 Golf Glub Road P.S.Jadavpore, Kol, Calcutta, West Bengal	India
S1-770496767	Sun Shakti Agro Private Limited	Officeno:101, S.No:33/1/2Nearmarveledge, Vimannagar, Maharashtra, Pune, Siddhivinayakaurum, Pune	India
S1-165874007	Asn Square Ltd	H No 836/G/07 Shop 07 Gr Floor Sonadevi Residency, Bhiwandi, Thane, Maharashtra	India
S1-810962623	Tech Foods Private Limited	15, F.P.396, Fariawala, Estate, Opp. Hotel Avtar, Ahmadabad City, Ahmedabad, Gujarat	India
S1-469278270	Conklin, Bowman and Mclaughlin Engineering LLC	3724 180, Hurricane City, UT	US
S1-36281409	Clean Strategy LLC	2500 41, Backus, MN	US
S1-145562720	Rmb Foundations Ltd	B-138/B, 3Rd Cross Road, Peenya Industrial Area, Shushruti Nagar, Peenya, Bengaluru, Bangalore, Karnataka	India
S1-955062430	Vaayu Unmanned Private Limited	N.W. 183, Soami Bagh Dayal Bagh, Agra, Uttar Pradesh	India
S1-25495248	Bright Care Private Limited	H.No. C-84, Ground Floor Kalka Ji, New Delhi, South Delhi, Delhi	India
S1-334373405	Coastal International Inc.	1803 Myrtle Road, Silver Spring, MD	US
S1-30227070	Dynamic Environmental Partners LLC	18 Pinecrest Drive, West Monroe, NY	US
S1-496592466	Mac Infra (India) Pvt Ltd	No. 45, Alankar Plaza, Kotthanur Dinne Main Road, Bangalore South, Bangalore, Karnataka	India
S1-469978997	Preferred Printing Concepts LLC	412 545, Blue Ridge, TX	US
S1-80627600	Sony Engineering Limited	14/120, Uday Sankar Sarani, Kolkata, Kolkata, Howrah, West Bengal	India
S1-611745313	Bharat Global Private Limited	No.2040, 17Th Main 1St Cross, Hal 2Nd Stage, Bangalore, Karnataka	India
S1-232618668	Isotech Regalia Corp	38(9) 1St Fl., Hamam Houseamba Lal Dorhi Marg, Mumbai, Maharashtra	India
S1-678690626	Tirupati Care	C/O Vedant Agarwal, Shop No. 07 Dwarika Garden, S.F. Road Nr Fire Brigade, Siliguri, Darjeeling, West Bengal	India
S1-881234588	Twisted Bakery	911 6th Street, Hawley, MN	US
S1-253063520	Helios PC	1145 Church Street, Jesup, IA	US
S1-732518810	Delta Cola LLC	133 White Rose Drive, Daniels, WV	US
S1-627754038	HKD Corporation	2241 Wolfsnare Drive, Virginia Beach City, VA	US
S1-822243995	BKU Anchor Skin Care LLC	1124 Lake Street, Unit # P53, Oak Park, IL	US
S1-746589227	Hakeem & Associates Limited	C/O Satish Kumar, Road No, 12 Goukhal Path Board Col, Sampatchak, Patna, Bihar	India
S1-892394614	Prime & Co	666/B, Pal Gali, Jwala Nagara, Shahdara, Shahdara, Delhi	India
S1-772775613	Trinity Emanuel LP	21921 Promontory Court, Fl 1, Yelm, WA	US
S1-839169550	Maa Southern Projects LLP	Uda, No 302, 'C' Block, Aditya Elite Lane Besides Kirtilal Jewellers, Somajig, Telangana, Hyderabad	India
S1-824593688	India Sky Slimming Pvt. Ltd.	S-100, S/F, Manish Global, Mall, Dwarka Sector-22, New Delhi, South West Delhi, Delhi	India
S1-102539463	Swastik Consulting Private Limited	10-6-87/2, Srinivas Colony, Mahabubnagar H.O, Mahabub Nagar, Telangana	India
S1-770933620	Ashla Flippin Vanguard Asa P.C.	NY, 341 140 Street, Bronx	US
S1-345091118	Desi Retail Limited	Shop 2 Aphp Barkatpura, Hyderabad, Telangana	India
S1-883726685	Midwest Solutions	4733 Tonalea Trail, Tucson, AZ	US
S1-882338126	Hitech Trading Private Limited	Delhi, Second Floor Rajouri Garden, A-65, West Delhi, New Delhi	India
S1-355877020	Metro Center	11302 139th Street Court, Puyallup, WA	US
S1-582862698	Foot & Ankle Cascade Medicine Inc	2221 Autumn Drive, Bloomington, IN	US
S1-594942226	Dileva Worldwide LLC	269 Salmon River Road, Schuyler Falls, NY	US
S1-590773946	Micro Agro Pvt Ltd	H No 130/D (1) Pandit Complex Near Hornbill Hotel, Kankavli Sindhudurg, Kankavli, Sindhudurg, Maharashtra	India
S1-42596205	Anselma Montanaro Annaly LLC	4114 Windridge Court, Middletown, OH	US
S1-535907125	Scholarship Program V	655 Cameron Street, Winchester City, VA	US
S1-171143465	Alpha Enterprises Private Limited	46, Mangal Colony Part 2, Bazida Road, Karnal, Haryana	India
S1-994632458	Compass LLC	810 Mott Shue Drive, Concord, NC	US
S1-52301491	Construction Shah Civil Private Limited	305, Central Delhi, New Delhi, 926/1, Nai Wala, Faiz Road, Karol Bagh, Delhi	India
S1-865816013	Shalne Roberts Global Assets LLC	2233 Behrend Drive, Unit 207, Phoenix, AZ	US
S1-4949797	Welch, Cullen & Sanders Inc.	Bentonville, AR, 1506 D Street	US
S1-160155681	Primary Care Clinic LLC	60-01 170 Street, Fresh Meadows, NY	US
S1-798901714	Tech Producer Limited	Cts No 3552, Opp Abdul, Qadar Masjid, Buddi Lane, Aurangabad, Maharashtra	India
S1-549591317	Shakti Services LLP	Gala 17, Shree Kamdhenu Estate, Pt1406A 25/7 Cross Link Road, Chincholi Bunder, Malad, West, Mumbai, Mumbai City, Maharashtra	India
S1-679197155	Pediatric Group	14004 33rd Street, Tulsa, OK	US
S1-462943111	Capital Program	3809 35th Place, AZ, Phoenix	US
S1-559937158	Traus	26 Marlboro Street, Newburyport, MA	US
S1-783699662	Star Investment Limited	47 Mandir Road Flat No 4D1 P S Dum Dum, Calcutta, West Bengal, Kolkata	India
S1-625469012	Game Tech Private Limited	Nachni Jaswal S K Nagar, Menhdawal, Sant Kabir Nagar, Uttar Pradesh	India
S1-19911730	Surat India	Surat, Gujarat, 8/11 To 32/35, Jairaj Apartment, Shop 4, Sundavan Society, Surat	India
S1-268721187	Swami Welfare Society	55/ 4, New Palasia, Indore, Madhya Pradesh	India
S1-610377690	Supreme Solutions Private Limited	L V 51, Indus Garden, E-8 Extension, Gulmohar, Arera Colony, Bhopal, Madhya Pradesh	India
S1-621241096	Lans Conductors Private Limited	C/O Sangameshwar Motiram Patil Mukhed Mukhed Tq. Mukhed Mukhed, Nanded, Maharashtra	India
S1-950047281	Beth Chapel	107 Della Lane, Boonsboro, MD	US
S1-434776639	Sarasva Sollutions	H No 233, Ashoka Enclave Part 1, Faridabad, Haryana	India
S1-311937192	Dhiraj Institute of Technology	Plot No. 246, F/F, Block-K, Khasra. No. 809, Mahipalpur Extension, New Delhi, Delhi	India
S1-753419143	Family Medicine	1500 Pickford Lane, Bowie, MD	US
S1-27037683	Projects Delite Kothari Pvt Ltd	Sandila, Hardoi, Uttar Pradesh, Sandila, Sainik Vihar Kashiram Colony	India
S1-707916403	Express Design Works LLC	2741 Juniper Way, City Of Holladay, UT	US
S1-330427971	Gerrity and Davis Wintergreen LLC	AR, Weldon, 1000 Weldon Avenue	US
S1-914355031	Primary Care Group PLLC	4311 Lees Corner Road, Fairfax County, VA	US
S1-995690344	Gold Producer Private Limited	Kh. No. 143 (Part) Plot, No. 34 (Part) Sewla Jaat, Agra, Uttar Pradesh	India
S1-860379576	Choice Workshop LLC	304 39th Street, Russellville, AR	US
S1-37787922	Halcyon	6618 Navion Drive, Citrus Heights, CA	US
S1-998663223	Spring Hill Tailwind LLC	Spring Hill, 4316 Port Royal Road, TN	US
S1-761799298	Lokhandwala Infotech Private Limited	P 68B Cit Road Kankurgachi, Kolkata, Howrah, West Bengal	India
S1-939445258	Edwards Learning Center	1758 12210, Riverton, UT	US
S1-784167702	Family Value Specialists Inc	MA, 25 Collins Street, Worcester	US
S1-914431870	Honeywell Creations Private Limited	S.No. 134/1/43/1/2/44/1/2, Montclaire, Office No, Haveli, Pune, Maharashtra	India
S1-701583396	Shivam Builders	Flat No. N1, Mathosree Apartments, Plotno.376, 376/B, Road No.82, Jubileehills, Hyderabad, Telangana	India
S1-201570205	Suvidha Welfare Society	S-7 Plot No4 Pkt-7 Sf, Malhan Plaza S 12 Dwarka, New Delhi, South West Delhi, Delhi	India
S1-658852446	FRJ Classic Music LLC	IN, North Judson, 8025 50	US
S1-817203941	Gorski & Mccormick	17038 157th Street, Monroe, WA	US
S1-477484556	Innovative Canary LLC	Upton, 135 Main Street, MA, Unit 16	US
S1-823570664	Whiteman Coastal Farms LLC	8900 Meadow Heights Road, Randallstown, MD	US
S1-336651573	Heritage Security Works	68 Lakewood Manor Drive, Effingham, IL	US
S1-973332353	Tran Express Harvard	1037 Mineral Springs Drive, City Of Port Washington, WI	US
S1-543803117	Professional Health Works	142 Amber Oak Drive, Kyle, TX	US
S1-813531326	Orsola Cross Studios PC	6753 Ingleside Lane, Knoxville, TN	US
S1-893040280	Golden Info	Xl 40/1066H 7Th Floorthe Monarch P T Usha Road Ernakulam Main P O Kochi, Ernakulam-, Idukki, Kerala	India
S1-468272359	Dorothee Roy, Ph.D.	178 Valley Brook Road, Agawam, MA	US
S1-381941696	Premier Direct L.L.C.	261 Newbury Street, Unit 100, Peabody, MA	US
S1-926068336	Aseem Advertising Private Limited	S/O Manfool Ram Ward No 18 Rawatsar, Pilibanga, Hanumangarh, Rajasthan	India
S1-323037216	Digital Galaxy Ventures Pvt Ltd	Plot No 10/2, Rajeev, Gruhakalpa, Balaji Nagar, Seri Lingampally, K.V.Rangareddy, Telangana	India
S1-971215924	1701 Third Street Partners Co	125 Sage Willow Drive, Huntsville, AL	US
S1-215012656	Pioneer Services Private Limited	3-B, Light Industrial Area, Jodhpur, Rajasthan	India
S1-393259793	Innova Care Ltd	34, Pelican Ind Estate, Road No 5 Kathwada Gidc, Daskroi, Ahmedabad, Gujarat	India
S1-83865017	Sai (India) Friend Private Limited	6-3-1117/109, Greenlands, Maruthisadan, Begumpet, Hyderabad, Telangana	India
S1-392623524	Bay Cross Inc	1703 James Boulevard, Signal Mountain, TN	US
S1-25057424	Genco, Prew and Pugh PLLC	32 Hilldale Cove, Millington, TN	US
S1-610934440	Bright Petroleum L.L.C.	6946 Hedgewall Circle, Memphis, TN	US
S1-827154301	Greer Rising LLC	3015 Queensdale Drive, Monroe, NC	US
S1-690879087	Lavalle Trusted Adr Associates	1140 Crestview Dr SE, Cedar Rapids, IA	US
S1-225447926	St. Catholic Church	NC, Trinity, 6711 Twin Oaks Drive	US
S1-436806161	Smith Heritage Pembina Inc	6030 Knapp Road, Ravenna, OH	US
S1-195659370	Seaview Farm Private Limited	N 302, Palm Drive Appartments, Sector-66, Gurgaon, Haryana	India
S1-688184036	Consultancy Cochin Consultancy	Plot No-8, Citizen Enclave, Barewal, Octroi Road, Near Magnet Resorts, Ludhiana, Punjab	India
S1-221963103	Caressa B. Hamrick, Ph.D., DDS PC	4506 El Paso Avenue, Snyder, TX	US
S1-837523160	Chiropractic Physicians	1016 309, Johnstown, NY	US
S1-327077722	Sand Project Private Limited	A2-302, Dsk Madhuban, 3Rd Floor, Meter Room 1, Opp Orkey Mill, Near Sakinaka Of, Fice, Mumbai, Mumbai City, Maharashtra	India
S1-854027546	Pediatric Dentistry Care of Jacksonville	140 Joes Court, Jacksonville, NC	US
S1-5624645	Alley and Richardson	MD, 202 Meteor Avenue, Cambridge, Unit 103	US
S1-559395449	Chiropractic Clinic	108 Green Street, Unit 1/2, Mendon, OH	US
S1-731844507	White Global Private Limited	Cd-242, Second Floor Vishaka Enclave, Pitampura, New Delhi, Delhi	India
S1-381729340	Jodhpur Mushrooms Limited	12Th Road Sardarpu, Ra, Jodhpur, Rajasthan, Jodhpur, Shree Kunj Plot No. 54 Behind Arora Namkeen	India
S1-83679816	Balaji Tech Private Limited	Kushalpura, Chanwaji, Jaipur, Rajasthan	India
S1-112739251	Manya Vyapaar Private Limited	143/144 Sarajapura, Mana Folliage, Hobali, Anekal, Bangalore, Karnataka	India
S1-713275751	Hernandez Snow	801 Starlight Drive, Sherman, TX	US
S1-873926976	Sky Developers	1953 Ground Floor Sector 16, Faridabad, Haryana	India
S1-695606943	All Builders LLP	205, Flr-2Nd, Plot 66-F, Steel Center, Sant Tukdoji Maharaj Road, Tata Power Carnac Bunder, Ch, Inchbunder, Mumbai, Mumbai City, Maharashtra	India
S1-766806829	Board of Veterans Affairs	Lumberland, NY, 461 White Road	US
S1-9095205	Vision Partners LLC	966 30, Rockwall, TX	US
S1-84691449	Bharat India Private Limited	Cp 138, 3Rd Floor Viraj Khand, Gomti Nagar, Lucknow, Uttar Pradesh	India
S1-967751721	Jain Logistics Limited	Shop No-13, Survey No-690/1 Purandhar Co-Op Housing Society, Maharshi, Nagar, Pune, Maharashtra	India
S1-438388049	New Delhi Service Private Limited	F-90/3C Okhla Industrialarea Ph 1, New Delhi, South Delhi, Delhi	India
S1-378028484	Gaor Secure Kochav LLC	226 Cecil Avenue, Spring Lake, NC	US
S1-867209571	ZVO Bsp	3865 Union Road, Unit Suite 3, Cheektowaga, NY	US
S1-589146327	Silver Bistro!	125 Water Oak Drive, Smithfield, NC	US
S1-590083947	Adarsha Crypto Private Limited	Kerala, Thrissur, Sreepadmam Arcade, Guruvayur P O, Door No.Xiii/135/26, First Floor, Above Icici Bank, West Nada	India
S1-287291133	KQ Innovations Private Limited	90, Shakti Nagar Extension Ashok Vihar Phase 3, New Delhi, Delhi	India
S1-497743916	Supa Boards Private Limited	No.66, Jermiah Road, Veperymadras-7., Madras-7., Chennai, Tamil Nadu	India
S1-472352040	Creative Power Private Limited	5/1114, M A R Street, South Palace Road Mattancherry P.O., Cochin -02, Kochi, Ernakulam, Kerala	India
S1-246086518	Singhal Ice Private Limited	Gurgaon, Haryana, D-15A, Sahib Kunj, Phase-Iii New Palam Vihar, Gurgaon	India
S1-851329440	Oncology Care Associates of Forest Grove Associates	321 Forest Place, Forest Grove, OR	US
S1-192652606	Developers Mangalam Automobile Pvt Ltd	No 08 1St Main, 1St Cross, K. V. S Layout, Bangalore North, Bangalore, Karnataka	India
S1-16018747	Gcm Media Pvt Ltd	Plot No 12, Flat H, River View Layout 24 Ft Road, Easwaran Salai, Karapakkam, Chennai, Tamil Nadu	India
S1-191976086	Martinez and Hernandez	1602 English Street, Unit Apartment 2, Saint Paul, MN	US
S1-823110939	Khanna Logipark (India) Limited	16 3Rdflrawing, Kalpataru, Nagari, Akvaidyamarg, Goregaon East, Mumbai, Maharashtra	India
S1-595475905	Krishna Investments Private Limited	Flat No.402 C, Wing Sanghavi Tower Pleasent Park, Kashimira Road Opp, Hatkesh Mira Road East, Thane, Maharashtra	India
S1-982416165	All Marketing Pvt Ltd	C/O Rajan Singh, Sehramau South, Sadar, Shahjahanpur, Uttar Pradesh	India
S1-709602089	Pediatric Dental Certified Center L.L.C.	8341 Counts Massie Road, Unit Apt 303, North Little Rock, AR	US
S1-182079241	East Montessori School	706 Maple Avenue, South Boston Town, VA	US
S1-439548412	N 3 O Black	MD, Nottingham, 11 Birchbrook Court	US
S1-973941507	Parsons Creative Hill LLC	AR, Mc Rae, 4199 Highway 13	US
S1-361794460	Arden Huddleston Shipping LLC	5732 68th Street, Lubbock, TX	US
S1-218425920	Siex Inc	1031 19th Court, Hermiston, OR	US
S1-965746148	Hannibal Apex Farmers	1611 Windsor Village Way, Unit 106, Wendell, NC	US
S1-448061431	Gatiman Law Chambers Limited	H.No.-69/5, Police Line Road, Albony Lodge, Bahraich, Uttar Pradesh	India
S1-507340426	Harbor Pacific Return Inc	199 Stonecliff Drive, Greece, NY	US
S1-43838517	24HR Towing Inc	4143 Singleton Boulevard, Dallas, TX	US
S1-162947724	Penelopa's Delta Brewing	4012 2475, Ogden, UT	US
S1-743728565	Indian Consultants Private Limited	Bangalore, First Floor, 26Th Main, 13Th Cross, H S R Layout Sector - 1, No 2588, Bangalore, Karnataka	India
S1-396597669	Primary Care Preferred Center LLC	516 North Street, Hinsdale, IL	US
S1-549300524	Meon Care	5410 Westwood Drive, Granite Falls, NC	US
S1-885432753	Pediatric Dentistry Physicians of Shelbyville Inc	612 Westpointe Drive, Shelbyville, IN	US
S1-161232983	Mccolley, Luz, MD, M.D., P.C.	2547 Van Davis Road, Charleston, TN	US
S1-518745913	Bee India Co	F-1204, Raheja Vistas, Mumbai, Maharashtra	India
S1-37460954	Elite Business Innovations Inc	2086 Winterstone Way, Bowling Green, KY	US
S1-874297565	Premier Estate Private Limited	Gurgaon, Haryana, 448-451, Udyog Vihar Phase-5, Palam Road, Fourth Floor	India
S1-829615235	LEG Infotech Private Limited	Shop No 4, Shreedhanlaxmi Society, Cts No 3025/6, S No 93A/1, Off S B Road, Pune, Maharashtra	India
S1-501727001	Al Developers Private Limited	Kerala, Malapuram, F, Kooriyad Road, Kalluparamba, Ponmala Po, Tirurangadi, Malappuram, 13/64 K	India
S1-463663771	LZG Broadband	4401 Airline Drive, Houston, TX	US
S1-302958270	Connolly Quality Housing Inc	145 Jordan Road, North Greenbush, NY	US
S1-474083509	Ridge Quantumsphere	133 Campbell Road, El Dorado, AR	US
S1-402272627	Tinsley Golden Home Care LLC	75 Jeremy Hill Road, North Stonington, CT	US
S1-463845195	LVY Social Pvt Ltd	9, Elgin Road, 5Th Floor, Sreepally, Bhaowanipore, Kolkata, Kolkata, Howrah, West Bengal	India
S1-428564680	Cherry J. Aguilar, Esq., DDS PC	337 Tyngsboro Road, Unit 25, Dracut, MA	US
S1-54036499	Hampton City Networks Inc	11 Ferncliff Drive, Hampton City, VA	US
S1-777430857	Sennett Supreme Horizon	509 Allen Street, Albany, KY	US
S1-571857758	Pasoft LLC	102 Walter Way, Anadarko, OK	US
S1-457882370	Custom Telefonica Inc	7333 Barberry Avenue, Unit UNIT 1, Yucca Valley, CA	US
S1-61952605	Foot & Ankle Clinic LLC	535 Duke William Court, Ofallon, MO	US
S1-984233833	Sabina's Lending	23 Loden Lane, NY, Henrietta	US
S1-879024053	Behavioral Health Modern Care Associates	821 Plum Street, Floresville, TX	US
S1-693851670	Chiropractic Center, LLC	8679 Schoolhouse Place, OH, Maineville	US
S1-222343997	Life Business Pvt Ltd	19, Vaisiyar Street, Vistharippu Thiyagadurgam, Kallakurichi, Villupuram, Tamil Nadu	India
S1-507283878	Rapid Marshall	3326 2040, West Valley City, UT	US
S1-626582596	Burden, Scott & Dewitt Peoples LLC	TX, Dallas, 719 Fouraker Street	US
S1-716043904	Reed Net L.L.C.	1937 S 30th St, Louisville, KY	US
S1-248396628	Lakshmi Logistics Private Limited	S/O Dina Nath Yadav At-Baluwa, Po-Karahari, Madhubani, Bihar	India
S1-480970351	Cardiology Secure Health LLC	6006 Parliament Drive, Austin, TX	US
S1-515662612	Caps (India) Industrial Corp	H.No. E-313, Uttar Pradesh, Kashiram Nagar, Bhoogpur Mithoni (Id. No. Cbc1822196), Moradabad	India
S1-356843371	Sweet Tattoo Inc.	206 2nd Avenue, Browning, MT	US
S1-26328906	Cody Winston Plum LLC	Fairfax County, 4502 Superior Square, VA, Unit STE 4502	US
S1-241622472	Soriano, Santos & Margiotta LLC	249 Woodhaven Lane, Shenandoah County, VA	US
S1-94818359	Klarrisa's Heritage Eye Care	1670 Enterprise Road, Piney Flats, TN	US
S1-410015422	Sanchez Consulting	OH, 1229 Maryland Street, Aberdeen	US
S1-5323375	Lexi Reinoehl Plus	101 2nd Street, Unit Apt 224, Hot Springs, AR	US
S1-105693693	Nagpur Than Private Limited	22/3, 7Th East Main Road, Gandhi Nagar, Vellore, Tamil Nadu	India
S1-914882895	Vijay Properties Private Limited	Dhanera Road, Tharad, Banas Kantha, Gujarat	India
S1-275862783	Aapki International School of Serilingampally	1-57/11C, Flat No 302, Ananda Nilayam, Sri Ram Nagar, Serilingampally, K.V.Rangareddy, Telangana	India
S1-422715679	Tucci, Dabbs and Williamson Labs	480 2nd Avenue, Coos Bay, OR	US
S1-174093337	Global It Private Limited	First Floor, Ses No-4193/1, Sur-184, Behind Kozy Hotel, Daskroi, Ahmedabad, Gujarat	India
S1-300869734	KJP Piedmont Futurecorp	NC, Wake Forest, 1016 Prairie Smoke Street	US
S1-923175260	Alpha Hospitality Private Limited	Santi Ram Ghosh, Digra, Digir Dhar, Saradapally, Hooghly, West Bengal	India
S1-847371811	Trusted Clear Popular Inc	3734 Vermont Street, Indianapolis, IN	US
S1-207097129	Ford Investments L.L.C.	4802 Peachtree Street, Granbury, TX	US
S1-726112857	Mihalik Interstate States LLC	61 Salt Cree Drive, Roselle, IL	US
S1-310366381	Seri Lingampally Entertainment Private Limited	106 1St Floor Asvasidh, Abo Jvcolony Indira Nagar, Seri Lingampally, K.V.Rangareddy, Telangana	India
S1-589260205	Nandanam Warehousing Pvt. Ltd.	C/O Enlighten Biofuels &Biofertilizer Pvt Ltd, Dwarka Goyla Dairy Rd, Qutub Vihar I, Bl, Ock A, Goyla Village Opp Mosque, South Delhi, Delhi	India
S1-512344357	Baba Estate Private Limited	C/O Ramanant, Naughar Chandauli Bodalpur, Amdhha, Chandauli, Uttar Pradesh	India
S1-860986972	Harris Creative Express LLC	291 Lenox Street, Norwood, MA	US
S1-972717766	YQ Bay Permian	2348 Huntington Drive, Town Of Star Prairie, WI	US
S1-415897988	Merrili N. Mcginn, DMD, DDS PC Group	11646 Industriplex Boulevard, Unit STE A5, St. George City, LA	US
S1-508769599	Alejandrina K. Eckhart, DO	114 Algonquin Trail, Shawboro, NC	US
S1-729475968	Pemaex Clinic	3631 Pine Ridge Road, Clarksville, NY	US
S1-685387446	Auran Mae PLLC	3370 Carman Road, Binghamton, NY	US
S1-134142152	Nashik Logistics Private Limited	F-7, Suyojit Modern Point Sharanpur Road, Nashik, Maharashtra	India
S1-243789578	Raj Food Private Limited	No 65 Alwarpet Street, Alwarpet, Chennai, Tamil Nadu	India
S1-959084522	Varaque PLLC	12161 Chase Creek Cove, Arlington, TN	US
S1-587729092	Ace Producer Private Limited	Ram Lakhan Mishra, Pbh, Beni, Madhorai Ji Ka Purwa, Kunda, Pratapgarh, Uttar Pradesh	India
S1-734170310	Multitude Trading Private Limited	Rm No-697 9/2, Pipe Line, Vaibhav Chawl Jawahar Ngr, Bandra, Mumbai, Maharashtra	India
S1-856522775	Johnson Smart of Raleigh	Unit 411, NC, 11200 Tidewater Lane, Raleigh	US
S1-827868750	TVL Pacific Freight Inc.	4613 Roundhill Road, Ellicott City, MD	US
S1-125645069	Mathura Minerals	Mathura, Uttar Pradesh, 162 Raj Nagar Colony Maholi	India
S1-346508885	Lotus Products Private Limited	Spaze Itech Park Sohna Road Sector 49, Gurgaon, Haryana, Gurgaon, Tower B1 10Th Floor 1060	India
S1-531809282	Rocky Drive PLLC	27 Benson Avenue, Seekonk, MA	US
S1-736309583	Laxmi Food Private Limited	Yamuna Nivas, Near Bhairavnath Mandir, Dhayri, Pune, Flat No. 2, Pune, Maharashtra	India
S1-396422714	Bangalore Growth Private Limited	3/2, 'A' Wheeler Road, 1St Floor Frazer Town, Bangalore, Karnataka	India
S1-74712169	Tres Fab	B-11/15 Gharkul Sector 15 Kharghar, Kharghar, Mumbai City, Maharashtra	India
S1-851466803	Joleen Batz Superior Madison LLC	AZ, 1772 Sombra Avenue, Apache Junction	US
S1-872554774	National Charities LLC	1501 Mcwhorter Road, TN, Cunningham	US
S1-703533156	Solutions Sandeep Printers Pvt Ltd	Maharashtra, Mumbai, Mumbai City, Trapinex House, 15, Sholapur Street, 504/506	India
S1-752210128	2624 Third Blvd Company	12140 Parklawn Drive, Rockville, MD	US
S1-789393774	Williams Advanced Briacell LLC	TN, Fentress County, 127 Phillips Subdivision Road	US
S1-417167934	Our Consultants Pvt. Ltd.	1/346 Viram Khand, Gomtinagar, Lucknow, Uttar Pradesh	India
S1-493337708	Diamond Marketing Global PLLC	7320 Cotesworth Drive, Wilmington, NC	US
S1-476745132	Creative Consulting Private Limited	13/2 Sorakayalapalli, Shoolagiri, Krishnagiri, Dharmapuri, Tamil Nadu	India
S1-478678903	CKP Farmer Ltd	6408, Ff-2, Ward No. 8 Old Post Office Road, Sahi, Mandvi, Kachchh, Gujarat	India
S1-436107441	Cultural Tri-State Center	203 Bakertown Road, Woodbury, NY	US
S1-87307791	Monika Anker Premier Index Inc.	1370 St Michael Street, Florissant, MO	US
S1-220213979	Rocky Institute	1441 Park Avenue, Buffalo, NY	US
S1-400468014	TI Ares	1037 Prairie Aster Court, Wake Forest, NC	US
S1-699551455	Williams & Moore Inc.	17301 Zoo Stage Road, Vail, AZ	US
S1-673235267	Gael Hall All Standard LLC	43 River Stone Trail, Asheville, NC	US
S1-751395750	Door Inc.	510 164, Roscoe, TX	US
S1-407485321	East Peak Shipping LLC	282 Highland Avenue, Unit 1, Quincy, MA	US
S1-392605449	Jay Business Pvt Ltd	C-1101 Tower C, Greenburg, Sector 86, Gurgaon, Haryana	India
S1-766268180	Faith & Co	Budge Budge Trunk Road Rampur, Maheshtala, Kolkata, Howrah, West Bengal	India
S1-594559549	Balaji Investment Pvt Ltd	510, Wing A, 5Th Floor, Carlton Towers Old Airport Road, Kodihalli, Bengaluru, Bangalore, Karnataka	India
S1-42250564	Prime Optimal United LLC	IL, Unit 107, Skokie, 8800 Bronx Avenue	US
S1-452657790	Kanpur Dehat Engineering Pvt Ltd	C/O Pankaj Katiyar, Dubki, Kanpur Dehat, Uttar Pradesh	India
S1-845771866	Gulf Reliable Business LLC	3036 Baker Street, Baltimore, MD	US
S1-849427539	Enis Metropolitan Era LLC	6401 St James Drive, Indianapolis, IN	US
S1-100456002	Resurgent Solutions Pvt Ltd	Unit No. 319 81, Netaji Subhas Road, Kolkata, Kolkata, Howrah, West Bengal	India
S1-226760159	One Technologies Limited	Prop No. 22A, Gf, Blk G, Single Storey, Vijay Nagar, Delhi, New Delhi, Delhi	India
S1-954820642	Bernita's Petroleum	10 Golf Course Lane, Thurmont, MD	US
S1-176409968	Pranora Softwares Private Limited	G1321, Third Floor, Cr Park, New Delhi, South Delhi, Delhi	India
S1-301505007	Libbie Escalante Vanguard Drilling	Village Of Oregon, WI, 438 Thomas Court	US
S1-559956372	Mountain Sui Inc	1113 Meetinghouse Road, PA, Lower Gwynedd Township	US
S1-900528403	Vallejo Dermatology Mountain Medicine	9082 Cambridge Circle, Vallejo, CA	US
S1-761651366	Mclaughlin & Earhart, Inc	TX, 2851 1204, Elkhart	US
S1-564414589	Piedmont Petroleum Inc	2211 Okra Road, Enterprise, KS	US
S1-308385950	Midwest Valley Sciences LLC	NY, 9 Pleasant Street, Hamilton	US
S1-306017406	Community Association	3023 151st Lane, Goodyear, AZ	US
S1-956123960	Daggett Merger Inc	307 Hollywood Street, Memphis, TN	US
S1-58201168	GGV Iris	17725 9, Piedmont, AL	US
S1-34332569	20/20 Optical	56 Hamilton Road, Belmont, MA	US
S1-63871238	Crystal Arc L.L.C.	2302 Masonwood Way, Round Rock, TX	US
S1-985422355	Nireia Chile, LLC	260 Christiana Road, New Castle, DE, Unit APT H21	US
S1-835078966	Montyn Yorkville Inc.	753 Kelly Road, Coal City, IN	US
S1-570776794	Lockhart Academy LLC	2106 S Hill Court, Bel Air, MD	US
S1-799366190	Fort Lifts Pvt. Ltd.	302, Commerce House, 140, Nagindas Master Road, Fort, Mumbai, Maharashtra	India
S1-269776167	New Ventures Private Limited	Sharman Rattan Enclave, Bahadur Ke Road, Ludhiana, Punjab	India
S1-240327166	Ace Hospitality	Sf 430/2A 6Th Cross, Vk Road Thaneerpandal, Coimbatore South, Coimbatore, Tamil Nadu	India
S1-4220100	Rati Trading Limited	Shed No- A-1/120 Plot No.380, Lic Sector, Ii Phase, Gidc, Vapi, Pardi, Valsad, Gujarat	India
S1-244127567	Cook & Deleon LLC	707 Nooksack Avenue, Nooksack, WA	US
S1-246623260	Armstrong School of Medicine	29589 Autumn Lane, Mcloud, OK	US
S1-818320211	Rozy Media Limited	Survey Number 127/P1, Opp, 66 Kv Ss, Varetha, Mahesana, Kheralu, Mahesana, Gujarat	India
S1-624129308	North Tech Private Limited	Delhi, East Delhi, New Delhi, Ind. Area, 329 Patparganj	India
S1-115957309	Eanes Health Center	32 D And Road N, Unit Apt 13, Stuttgart, AR	US
S1-997708003	Main Street Cafe Corp	Rock Island, IL, 2526 21st Avenue	US
S1-781568078	Dari Miranda, DPM	201 Pheasant Run Road, Warren, OH	US
S1-762549272	Dindigul Laboratories Private Limited	No.32/2, 2Nd Street Spencer Compound, Thiruvalluvar Nagar, 13Th Cross, Dindigul, Tamil Nadu	India
S1-661755093	FQ India Associates	Flat No. 503, Vikramaditya Chs Ltd Navkiran Marg, Four Bunglow, Andheri (W), Mumbai, Mumbai City, Maharashtra	India
S1-847783698	Jennilee Saucier Gen	City Of Racine, 3628 Spruce Street, WI	US
S1-954964063	Cardiology Partners LLC	1028 Flag Lane, IN, Dyer	US
S1-394098767	Sarasan Foundation Partners	Vijay Saluja Wz-23Th/F Gali No-4 Nanakpura Hari Nagar New Delhi, Delhi, New Delhi, Delhi	India
S1-74708635	First Impex Limited	17-1-319, A/8/1, Owisi, Nagar, Hyderabad, Telangana	India
S1-68764297	Silver Lakeshore	WA, 11702 138th Street Court, Puyallup	US
S1-88259379	Shakti Tech Pvt Ltd	134 Seth Srilal Market, Siliguri, Darjeeling, West Bengal	India
S1-266972599	Coastal & Co	Jain Apartments, Mamletdarwadi Road No. 2, Malad West, Maharashtra, R.No. 501, Malad West, Mumbai	India
S1-797337525	Corner Hair Studio	536 Chicago Avenue, Highland Park, IL	US
S1-869153477	Cine (India) Infosystems Ltd	P O Maynaguri, Jalpaiguri, West Bengal	India
S1-430368184	Carreras Certified Gamco LLC	6330 Dixie Drive, Unit 5A, West Jordan City, UT	US
S1-879905986	Gunther Desert Salon Inc	Chunchula, AL, 10621 Lott Cemetery Road	US
S1-491769280	Twisted Pizza Inc	2102 Lone Oak Road, Paducah, KY	US
S1-651483834	IX Innovative Abony Corp	40 Savage Lane, NC, Hendersonville	US
S1-813313819	Physical Therapy Center	4459 College Avenue, Indianapolis, IN	US
S1-901286612	Perfect Finance Pvt Ltd	Shri Krushan Nagar, Barshi Road, Osmanabad, Maharashtra	India
S1-639647297	Risaus Trust Inc	44 Border Street, Unit 323, Boston, MA	US
S1-706924992	Tavue PLLC	8 Split Rock Road, Pittsford, NY	US
S1-751810712	Hopkins Horizon Bluerock Group	2468 Downing Drive, Cincinnati, OH	US
S1-171226928	Shelton Dental Associates LLC	1501 North Avenue, Melrose Park, IL	US
S1-217917393	Jackson & Pangelinan LLC	992 Trout Brook Road, Town Of Hudson, WI	US
S1-669638688	Bedell Cadenza of Heyworth	206 Main Street, Heyworth, IL	US
S1-269636837	SN Net	110 3rd Street, Marshall, MN	US
S1-643383959	Hemant Hospitality Limited	G 12-14, Floor-7Th, Plot-78, Commerce Centre, Pandit Madan Mohan Malviya Marg, Tardeo, Mumbai, Maharashtra	India
S1-717223466	Perfect Consultancy Private Limited	4/1, Middleton Street, Sikkim Commerce House Room No-208, Kolkata, Kolkata, Kolkata, Howrah, West Bengal	India
S1-540365786	Surya Sky Infotech Private Limited	T C 2/1934 Gra 22Kumar Bhavan Gowreesapattom Pattom P O, Trivandrum, Palakkad, Kerala	India
S1-909002187	Superior Talent Partners LLC	577 Lee 814 Road, Palestine, AR	US
S1-644879770	Pyramid Residency Pvt Ltd	733 10Th Cross, Vasantha Nagar Nadanahall, Mysore, Karnataka	India
S1-536922323	Felindyne Trust, LLC	2233 Highland Avenue, AZ, Phoenix, Unit 134	US
S1-312454031	Happy Travels Private Limited	3641Gali Lohewali Chawri Bazar, New Delhi, Central Delhi, Delhi	India
S1-49527993	Brightstar Estates Private Limited	Vill Kajariya, Tola L Kajariya Panch Â Nagpur, Block Rajpur, Dist - Bux, Ar, Rajpur, Buxar, Bihar	India
S1-284516393	B 8 Crystal Golden	1143 Garden Drive, VA, Newport News City	US
S1-893452805	Primary Care Great Physicians PLLC	1827 5th Avenue, Great Falls, MT	US
S1-460658692	Bowes Kpet	1702 Aster Court, Sevierville, TN	US
S1-990429087	West Boutique Corp	6714 Husky Way, Fl 1, Olympia, WA	US
S1-561366941	Orthopedic Center Inc	4225 Alabama Street, Houston, TX	US
S1-879780187	LPS Crystal Boa Clinic	46 Madison Street, Waukegan, IL	US
S1-880384829	North Charitable Trust	Flat No -202, Astha Green City, Patna Sadar, Patna, Bihar	India
S1-414190460	Suyog Trading Private Limited	Bd 200/2 Kamal Park, Kolkata, Howrah, West Bengal	India
S1-240779050	Cozy Deli LLC	9786 Pine Forest Road, Floyd County, VA	US
S1-397983014	HZB Trading	No 1318-1969-1747-22-1, Pm Enclave Mandala, Bangalore North, Bangalore, Karnataka	India
S1-785037662	Oncology Prime Specialists LLC	38 Poplar Road, Dedham, ME	US
S1-378342084	Williams Athena Inc	29 Jackson Avenue, Unit Apartment 1, Endicott, NY	US
S1-520722573	India Tethys Convention Limited	Kadir Lodge, Bazar Street, Sathyamangalam, Erode, Tamil Nadu	India
S1-44511991	Pawa & Sons Private Limited	Plot No 94, Shop No 10, Sector No 17 Kopar Khairne, Navi Mumbai, Navi Mumbai, Thane, Maharashtra	India
S1-997334686	Bengaluru Gold Private Limited	No. 175 & 176, Dollars Colony Phase 4, Jp Nagar, Bannerghatta Main Roa, D, Bengaluru, Bangalore, Karnataka	India
S1-337270875	Grand Equity Innovations	3942 Blaylock Road, Crossville, TN	US
S1-185428530	O 2 Custom Blue Inc.	2117 Thoman Street, Springfield, MO	US
S1-811833794	Udupi Hospitals	Udupi, Karnataka, Floor Of City Center, Shop No.3-162 (31) In 2Nd, Udupi	India
S1-7990969	Mallory, Sile B., D.O.	Dubuque, 4458 Ewing Drive, IA	US
S1-915134082	Seymour, Phipps and Oregel Corp	931 Main Street, Molalla, OR	US
S1-362170344	Pinnacle Learning Global Inc	Mcminnville, 2794 Alina Drive, OR	US
S1-115827239	Gajrup (India) Biotech	6/432, Kurungoli Meethal, Uttery, Arikkulam (Part), Quilandy, Kozhikode, Kerala	India
S1-730735512	Check Developers Limited	G-02 Mannat Apartment, Uttan Pali Road Bhyander, Thane, Maharashtra	India
S1-20602624	OX Athena LLC	1302 Irondale Road, Wise County, VA	US
S1-998993870	High Investments Private Limited	31, First Floor, Indiabulls Megha Mall, Dinesh Mill Road, Akota, Vadodara, Gujarat	India
S1-843121806	Orthopedic Associates LLC	2244 Fletcher Street, Chicago, IL	US
S1-263996006	Gurule Allied Perimeter Corp	9506 Chappy Court, Unit 304, Charlotte, NC	US
S1-384376123	K Z Molina Ameren LLC	2639 822, Collinsville, AL	US
S1-389850020	Erickson Fact	106 Marshall Drive, Seymour, IN	US
S1-732351917	Fells Spruce	1837 Churchville Ave 250, Augusta County, VA	US
S1-644399679	Heartland Culture	1521 Windsor Drive, Arlington Heights, IL	US
S1-656004170	Patriot Coalition Inc	OH, Tiffin, 1580 Cr 1	US
S1-342716661	Behavioral Health Care Associates Inc	75 Jamestown Loop, Millbrook, AL	US
S1-968139069	Education Initiative	129 Chandler Way, Louisville, TN	US
S1-13037728	Jones, Bryant and Almaguer	4553 Reflection Cove, Vestavia Hills, AL	US
S1-421048863	Zepeda Blue Elm LLC	6234 Corbly Street, Cincinnati, OH	US
S1-639523020	Ahmedabad Services Private Limited	B/501, Riverside Park, Opp. Shantabag Society, Lane Of Apmc Market, Vasna, Ahmedabad, Gujarat	India
S1-867448629	Jimmy Brown Private Limited	Plot No 46 Hotel Surya Ward No. 6, Near Railway Track, Rajura Road, Gadchandur, Maharashtra	India
S1-601922964	Safa Public School Private Limited	Ground Floor, Lp-55/10/3, 8/30B Bejoygarh, Kolkata, Kolkata, Howrah, West Bengal	India
S1-796522680	Royal Consulting Private Limited	C/O Bhaskar Rustumrao Patil, Shahu Nagar P. Mukhi, M.Mand, Tq. Chikhali, Chikhali, Buldhana, Maharashtra	India
S1-82624391	Marc & Sons Limited	1406, Panch Mahal, Panch, Shristi Complex, Powai, Mumbai, Maharashtra	India
S1-183145941	Barker Health Center Inc.	Richmond Heights, OH, 488 Pierson Drive	US
S1-746691693	Pioneer Semiconductor Holdings	Mishawaka, IN, 2522 6th Street	US
S1-404626636	Fallsburg Baptist Liberty Services	90 Karmel And Jacobs Road, Fallsburg, NY	US
S1-619656585	Jc Advisors Private Limited	Pole No Rp-13 Janki Talkies Bhaskarali Road, Vasai, Thane, Maharashtra	India
S1-721240600	Dental Center LLC	528 Gatewood Road, Oak Hill, WV	US
S1-30837939	Sr Traders Private Limited	11 A, Kanpur Road, Gopal Ngr, Krishna Ngr, Lucknow, Uttar Pradesh	India
S1-166130034	Reliable (India) Global Private Limited	Plot # 682, Babukhan Rasheed Plaza Road, # 36 Jubilee Hills, Hyderabad, Shaikpet, Hyderabad, Telangana	India
S1-813149333	Cancer Charities	OH, Elyria, 469 Windsor Drive	US
S1-433677452	Dunlap Mountain Paloma L.L.C.	670 Westview Street, Tazewell County, VA	US
S1-25645575	Digital Trading Collective Care	119 Delaware Street, Mounds, IL	US
S1-539368599	United Regional LLC	2827 Rutherford Boulevard, Murfreesboro, TN	US
S1-61208598	Bright Living Inc.	5 Bear Lane, Saugerties, NY	US
S1-91560764	Asset Building Trust	741 3rd Street, Wakeeney, KS	US
S1-718634856	Jemimah Cora, DO	8516 Bobcat Drive, Show Low, AZ	US
S1-758718687	Cathyleen Williams Token PC	1310 Postoffice, Galveston, TX	US
S1-253093944	Summers Metropolitan Post Inc.	80 Populatic Street, Franklin, MA	US
S1-807365995	Ruby's Preferred Therapy Inc.	3200 Meadows Avenue, Unit A, Merced, CA	US
S1-1294557	Sequoia LLC	203 Riverside Drive, Truth Or Consequences, NM	US
S1-352463310	Wildlife Innovative Initiative Inc	MO, Kansas City, 1538 80th Street	US
S1-760236624	Certified Health Innovations of Degraff	720 Cretcher Street, Degraff, OH	US
S1-826101448	Simon Services LLP	Plot No-16, Mansarovar Park Colony Nr Reliance Petrol Pump, Lalkuan, Gautam, Budh Nagar, Ghaziabad, Gautam Buddha Nagar, Uttar Pradesh	India
S1-505472437	Joane Brinkley, L.C.S.W.	2114 Congress Avenue, Austin, TX	US
S1-923728573	Ekalavya Services	Coimbatore, Tamil Nadu, 1 A Sri Ram Colonynanjundapuram Road Ramanathapuram	India
S1-970880601	Harris, Genevieve H., P.A., M.D., P.C.	3278 Acushnet Avenue, Unit 1N, New Bedford, MA	US
S1-902212841	Hopper & Wilson Egh Inc	1716 Woodlawn Drive, Scotland Neck, NC	US
S1-913247642	Harrington, Rogers and Moreno Inc	400 4th Street, Raton, NM	US
S1-159831229	Nelson, Weintraub and Edmiston of Ventura L.L.C.	272 Dorothy Avenue, Ventura, CA	US
S1-395589703	Rama Rooftop Private Limited	C - 287 Defence Colony, New Delhi, South Delhi, Delhi	India
S1-245225522	Black Constructions Limited	Rajiv Nagar, Road No- 9, Amarpali Mandir, Rajiv Nagar, Patna, Patna, Bihar	India
S1-615265325	Castillo Standard LLC	1564 Gulf Street, OH, Uniontown	US
S1-403252614	Rogers Industries	226 Franklin Street, Unit FRONT, Batavia, IL	US
S1-576884583	Dorothee Marshall Liberty Santander PC	1422 Division Street, Hull, IA	US
S1-702513171	Lewis's Quality Seafood Inc.	6210 Forest Boulevard, Washington Park, IL	US
S1-199510976	Bright Telecom Works Inc.	243 Juniper Circle, Lawrence, NY	US
S1-578174893	Mann Ultra Inc	210 Seventh Street, Alvin, TX	US
S1-709268581	Urgent Care Center	2001 Village Drive, WA, Ellensburg	US
S1-374373168	VYT Containers Limited	Andhra Pradesh, Kurnool, Maruthi Harivillu, Near R, Plot 95, Kurnool	India
S1-977725483	Silva Physical Therapy LLC	103 Paisley Way, Unit Apartment D1, Muscle Shoals, AL	US
S1-456243021	Womens Health Better Center	128 Church Street, Middletown, CT	US
S1-11911111	Peridari Egh LLC	IA, 1608 15th Street, Spencer	US
S1-892371126	Medicine Clinic	Part C-44/260-C, Gali No.-02, Sudama Puri Gamri, New Delhi, North East, Delhi	India
S1-248766744	Rocky Comstock	129 7th Street, Lyndon, KS	US
S1-345930185	Spaulding Biotechnologies Inc	800 Almeda Genoa Road, Houston, TX	US
S1-604108409	Patterson & Peterson LLC	1009 18th Street, Unit Apt 3, Fort Smith, AR	US
S1-21687329	Beacon Elite Acadia	5576 Shepherdsville Rd, Louisville, KY	US
S1-757653755	Quality Gulf Management Center	756 Moore Street, City Of Beloit, WI	US
S1-200472785	Humphries Total Dbdr LLC	6957 Johnson Road, London, KY	US
S1-523189226	Devora Services Private Limited	406 Kukreja Plaza, Plot No.47 Sector 11, Cbd Belapur, Navi Mumbai, Thane, Maharashtra	India
S1-990135066	LB Investments Pvt. Ltd.	1St Floor, Tara Bunglow, 465/B, Plot No. 52, Cooper Colony, Sadar Bazar, Satara, Maharashtra	India
S1-383443778	Jini Realtors Pvt Ltd	Millenium Avanish, 'A' Wing, Flat 302, Sector 10/A Plot No.9, 10 &11, Behind 'D' Mart, Airol, I, Navi Mumbai, Mumbai City, Maharashtra	India
S1-30752064	Rampur Machinery Limited	25 Tehsil Swar, Mohalla Kashipur Suar, Rampur, Uttar Pradesh	India
S1-831757835	Jodhpur Solutions LLP	Andhra Pradesh, Gudur, Nellore, H.No.9/166-1 Thyagaraja Street	India
S1-951072366	Lava Worldwide LLC	115 Trestle Point Drive, Harvest, AL	US
S1-5387491	Lewis & Seamons	1343 Goshen Road, Harmony, NY	US
S1-455886423	4022 Third Drive Partners LLC	360 Union Avenue, West Haven, CT	US
S1-288900645	Piedmont Animal Hospital	3039 Peppergrass Drive, Eagle Mountain, UT	US
S1-570867549	Aditya It Private Limited	Bldg No Ii, 4Th Floor, Spectrum Tower, Off Link Road, Mind Space, Malad (W), Mumbai, Mumbai City, Maharashtra	India
S1-482886262	Superior Freight International Inc.	8517 150, Crawfordsville, IN	US
S1-589057489	Mashaal (India) Construction Pvt Ltd	Ground Floor, Plot No.89/90, Sector-13, Panvel, Raigarh(Mh), Maharashtra, Shop No.25	India
S1-19937151	Exim Marketing Private Limited	No. 25, 1St Floor, 4Th Main Road, Inbetween 2Nd & 3Rd Cross, Chamarajpet, Bangalore, Karnataka	India
S1-187193171	Gunilla Hill Golden Schwab LLC	2190 Meadowlark Lane, North Logan, UT	US
S1-902175732	Blackmon Studios	410 34th Avenue, East Moline, IL	US
S1-180372325	Hawkins Shore of Weatherford Inc.	2420 O'connor Ran Drive, Fl 0, Weatherford, TX	US
S1-856211419	Dia, Inc	675 Brookbend Court, Waxahachie, TX	US
S1-480312629	Foundation & Brothers	C/O Sanjoy Sinha, Tulapatty, Ward No.6 Villp.O. Dubrajpur, Birbhum, West Bengal	India
S1-582507139	Kaycee's Pinnacle Retail Associates	Fl 1, Galesburg, IL, 1714 Knox Highway 9	US
S1-147396628	A Choice Highland	2229 Tomahawk Trace, Murfreesboro, TN	US
S1-357437322	Yadav Creative-Ghaziabad	House No. 249, Ward No.10 Shakti Nagar, Devi Mandir Road, Dasna, Ghaziabad, Uttar Pradesh	India
S1-160393706	Nadiya's Gulf Physical Therapy PLLC	7524 Gingerblossom Drive, Citrus Heights, CA	US
S1-353411751	MJ Arbor	754 Ar 172 Highway, Wilmar, AR	US
S1-280570359	Sun Investments	D-566/146 Gf, Society Camp, Tajpur Pahari, Badarpur, New Delhi, South Delhi, Delhi	India
S1-452312590	Heath Cornerstone Talon LLC	6751 Indian School Road, Unit 1064, Phoenix, AZ	US
S1-442624598	UEN Heights Private Limited	3/340, Sector-3, Jaipur, Rajasthan	India
S1-552954627	Clyola Bdc Inc	5315 Willard Lane, Village Of Weston, WI	US
S1-280992376	Mexico	6251 Second Avenue, Kent, OH	US
S1-192188386	Farley Ace Imperii LLC	183 Meadow Road, Mantua Town, UT	US
S1-594769777	Mady Schmit Interprivate LLC	418 Sides Boulevard, Bullard, TX	US
S1-365396425	Commercial Investment Advisors LLC	5515 Mills Civic Parkway, Unit Suite 145, West Des Moines, IA	US
S1-306595453	XK Heritage Microelectronics P.C.	2610 Garden Hill Drive, Unit 205, Raleigh, NC	US
S1-924873865	Maya Public School	67, Sundarvan Layout, Narendra Nagar, Nagpur, Maharashtra	India
S1-143629036	Chiropractic Center LP	5525 Captains Lane, Wilmington, NC	US
S1-893775312	Henry & Morales	252 Dixie Road, Memphis, TN	US
S1-872342906	Kincaid Dogecoin Inc.	Valley Stream, NY, 13 Saint Marks Place	US
S1-114979244	Glyphara Pembina Inc	5338 Tonopah Drive, Glendale, AZ	US
S1-199600958	Global Memorial Trust	C/O Jadiben Solanki, Vankar Vas, Iyava, Sanand, Ahmedabad, Gujarat	India
S1-891847887	Verve Services	Manjusha57 Nehru Place, New Delhi, South Delhi, Delhi	India
S1-959000292	Integrated Capital Pvt Ltd	527E/3, K P Kakkar Marg, Dariyabad, Prayagraj, Allahabad, Uttar Pradesh	India
S1-715207848	Pioneer Engineering Private Limited	6-3-850/1 C Ameerpet, Opp Ghmc Market, Erramanzil, Hyderabad, Telangana	India
S1-963616173	Whitley and Melton	6232 Lee Place, Capitol Heights, MD	US
S1-754688325	Abhay Traders Pvt. Ltd.	No.10-1-5/6, Flat No.301 Manbhum Millennium, West Marredpally, Secunderabad, Hyderabad, Telangana	India
S1-913163954	M G Aguilar Vernal LLC	2426 Elmwood Trail, Katy, TX	US
S1-43325441	Dosoft PLLC	26147 Cold Creek Drive, Athens, AL	US
S1-772817221	Heart Federation of Tucson	3895 Alvernon Way, Tucson, AZ	US
S1-677752185	Space Projects Associates	Maharashtra, Mumbai City, Mumbai, Plot-435, Navneet Bhavan, Baburao Parulekar Marg, Dadar (West), Floor G-2	India
S1-582733437	Deep Propmart Clinic	A/21, Shivshakti Chs Ltd., Indira Nagar, Opp. Madhuvan Society, J.P. Road, Andher, I (West), Mumbai, Mumbai City, Maharashtra	India
S1-66427628	Riva Chase Dave Inc	DE, 319 Manubay Court, Bear	US
S1-52929192	White Infrastructure Pvt Ltd	Rani Khamar, 529-Barpadar, Patnagarh, Patnagarh, Balangir, Orissa	India
S1-813646057	Shree Hospital Private Limited	C/O Adamali Dedanwala, 7 Coqureshi Manzil, 1St Floor, 120 Masjid Street, Bapu Khote, Mumbai, Maharashtra	India
S1-292267545	First Golden Concepts	36 Barstow Road, Unit Apartment 3K, Great Neck Plaza, NY	US
S1-934292145	Silvie Kangas, DO	103 4th Ave NE, West Bend, IA	US
S1-472137526	Jawahar Investment Pvt Ltd	A2-001, City Homes, Vatika India Next, Gurgaon, Narsinghpur, Gurgaon, Haryana	India
S1-884747044	Kestance Applied Corp	2617 21st Street, City Of Manitowoc, WI	US
S1-530617747	Green (India) Education Private Limited	Sujata Niwas Zone B-1 House No 743 Near Old Adarsh Colony Datta Nagar, Latur, Maharashtra	India
S1-918990522	Heart Society	6041 52nd Street Court, NE, Lincoln	US
S1-419167253	Housing Alliance	617 Carbon Street, Bldg Rear, Syracuse, NY	US
S1-863306996	Evania Roberts City LLC	Aurora, IL, 511 Samantha Court	US
S1-509600872	Md Developers	J/101 Nisarg Heaven Chs Ltd, Mahavir Nagar, Opp Panchsheel Heights, Kandivali West, Kandivali West, Mumbai, Maharashtra	India
S1-561355903	Lamb Clear Clean	311 Lasalle Street, Unit 33I, Durham, NC	US
S1-626949347	Elspeth Smith Frontier Gsr LLC	379 Fm 369, Iowa Park, TX	US
S1-26895703	Moore Total Rain	3945 Octavia Avenue, Chicago, IL	US
S1-695263849	William Charitable Trust	Floor 2, Plot No. 91B, 2, Triveni Sadan, Mahadeo Palav Marg, Curry Road, (East) Parel, Maharashtra, 57, Pune, Mumbai	India
S1-964956330	Bhujadhari Polypack Private Limited	67 Second Floor, Sunrise Enclave Roorkee Road, Daurli, Meerut, Uttar Pradesh	India
S1-109666175	Village Of Somers Community Services	7809 12th Street, Village Of Somers, WI	US
S1-667264941	Bright Bright Corporate, Inc	35142 Lead Line Road, Virden, IL	US
S1-438476284	Godinez Constellation, LLC	Columbus, OH, 842 Mission Hills Lane	US
S1-562314898	Halcyn Grayscale Center	5000 City Park Drive, Lenoir City, TN	US
S1-750507699	Pediatric Dentistry Cascade Care	7311 Camille Drive, Benton, AR	US
S1-465389603	La Speciality	4, Chandni Chowk Street, Kolkata, Howrah, West Bengal	India
S1-538097938	Family Coastal Partners, Inc	Stafford, CT, 11 Clearview Drive	US
S1-433173953	Noida Fabrics Corp	14Th Avenue(Gc-14), Gaur City 2, Gh-03, Noida, Gautam Buddha Nagar, Uttar Pradesh	India
S1-985610426	Three Wireless Private Limited	A-2/2, Rajhansa C.H.S., Pant Nagar, Ghatkopar (East), Mumbai, Mumbai City, Maharashtra	India
S1-24381904	Ponneri Ventures Pvt. Ltd.	Arignar Anna Street, Plot No 30 Ist Floor, Ponneri, Tamil Nadu, Tiruvallur	India
S1-464455049	Gulf Medical Center	503 1st Avenue, Belton, TX	US
S1-705185820	Andreana Fernandez Regions L.L.C.	1004 Long Drive, Rockingham, NC	US
S1-256926298	Indian Systems Private Limited	P4 Seat No. 1, 2Nd Floor Back Side Office No. 4 Master Space, Plot No. 27, Kh/Mustatil No. 154, Killa No. 19/2 Uggarsain Park, Dichaon Road, Najagarh Street No.2 Najafgarh, New Delhi, South West Delhi, Delhi	India
S1-696420965	Children's Federation Inc	26445 Crosswinds Landing, DE, Selbyville	US
S1-268651992	Davidson Vulcan	501 Main Street, Loretto, TN	US
S1-661546405	Silver Engineering Private Limited	Riaz Garden, Old No. 12, New No 29, Kodambakkam High Road, Chennai, Tamil Nadu	India
S1-100656758	Sarasora Packtech Ltd	504, Flr-5, Plot-Cs 854/855, 16/18, Royal Palace, Mumbai, Maharashtra	India
S1-986367392	Main Street Yoga!	3115 Pottertown Road, New Concord, KY	US
S1-52349079	Infra Aarti Media Private Limited	Tc 94/3749, Opposite John Cox Engineering College, Kannammoola, Medical College P 0, Thiruvananthapuram- 69501, Thiruvananthapuram, Thiruvananthapuram, Trivandrum, Kerala	India
S1-816603992	Total Dividend LLC	401 Allen Avenue, Bonham, TX	US
S1-550886005	VHG Dynamic Pegasus, Inc	9238 Cardinal Forest Lane, Unit STE 9238B-201, Fairfax County, VA	US
S1-880390836	Brown Electric PC	269 Stanmore Road, Govans, MD	US
S1-707118758	Sparks Cayman LLC	NY, 695 Howard Avenue, Brooklyn	US
S1-124237025	Silver Regional Coca LLC	MN, 7549 165th Street, Lakeville	US
S1-408768849	Aditya Products Private Limited	Office No. 104 & 109, City Centre, Synagogue Street, Pune Cantonment, Pune, Pune City, Pune, Maharashtra	India
S1-258608264	Platinum Learning Enterprises LLC	189 Parkstone Drive, Fraziers Bottom, WV	US
S1-303689924	Sagara Foods Limited	Gopal Gowda Nagara 1St Cross, Ward No 31, Sagara Town, Sagara, Shimoga, Karnataka	India
S1-295177261	Interstate Council	6806 Dillon Drive, Magnolia, TX	US
S1-902720960	Numerouno Trading	Unit - Ps Abacus-625 Nh12, Action Area Iie, Newtown, North 24 Parganas, West Bengal	India
S1-461493290	Harvey Business Limited	C/O Uma V Ram, Bsk 3Rd, Stage, Bangalore, Bangalore South, Bangalore, Karnataka	India
S1-851531101	Audy's Prime Supply	265 Still Meadow Drive, Walworth, NY	US
S1-770296731	Pure Brothers Private Limited	3Rd Floor, Raj Pinnacle (Behind Teleradiology Solution)S), Plot No.7F, Phase-1, 6Th Cross, Doddanekundi, Industrial Area, Bangalore North, Bangalore, Karnataka	India
S1-295434714	Internal Medicine Health	9210 114th St, Blue Grass, IA	US
S1-290634355	Green Desert Blackrock	1410 Poole Street, Decatur, IL	US
S1-882220396	Desert Association	2205 Buttonquail Court, Nashville, TN	US
S1-143073270	Ganga Trade (India) Private Limited	C-1/20 F/F Kh No-441, Gali No-1 Dayal Pur Extn Near Delhi, Delhi, North East, Delhi	India
S1-840021103	Surgical Care of Dixie	4089 Dixie Highway, Dixie, WV	US
S1-924756988	Jordan Soulpower LLC	651 Minstrel Road, Sequim, WA	US
S1-546882324	Kelcie's Deli	1737 Mcmillan Street, Cincinnati, OH	US
S1-514120189	Preferred Defense Partners Inc	830 Main Street, Findlay, OH	US
S1-533366192	Apex Analytics Labs Inc.	2357 Igou Ferry Road, Soddy Daisy, TN	US
S1-419686091	Cato Alliancebernstein	6921 Stratton Square, Indianapolis, IN	US
S1-475617375	VVK Equipments	27, Mirza Ghalib Street, Kolkata, Howrah, West Bengal	India
S1-368456765	Royal Printing Alliance Inc	26 West Drive, Ledyard, CT	US
S1-56543308	Blue Vanguard Telecom Partners	661 Lewis Drive, Hurst, TX	US
S1-670778904	Indo Hospitality Private Limited	Hig110, Kananvihar Phase 1, Chandrasekharpur Nandankanan Road, Bhubaneswar, Khordha, Orissa	India
S1-896507413	Youth Network	405 Ventosa Drive, Chesapeake City, VA	US
S1-68997369	Baba Services LLP	Plot No.810 Flat No.301 Svs Soudha Ayyappa Society Madhapur, Hyderabad, Telangana	India
S1-418038607	S 2 O Procap LLC	10633 Page Avenue, Unit APT B, Saint Louis, MO	US
S1-630327725	Dream Infotech Private Limited	Bank More Colonychitra Gupta Nagar Ps. Kankar Bagh, Patna, Bihar	India
S1-701525365	Garrett Biotech Co	237 Old Springfield Road, Stafford, CT	US
S1-129031302	Galaxy Industries Private Limited	Hyderabad, 21-2-10 Pathergatti, Telangana	India
S1-773942999	Mumbai Exports Private Limited	207 Premsons Industrial Estatecaves Road Jogeshwari(E), Mumbai, Maharashtra	India
S1-560575702	Craig's Spa	NM, 3416 Kafka Road, Rio Rancho	US
S1-504257382	Tillman Global Pan Inc	801 Hazelwood Street, Saint Paul, MN	US
S1-520027791	Vas Cv Private Limited	Plot No.25, Gayathri Nagar, Srinivasa Nagar(East), Behind Huda Maitrivanam, Ameerpet Hyderabad, Telangana	India
S1-266878753	Nilgiri Services Limited	16/1B Ramkanta Bose Street, Kolkata, Howrah, West Bengal	India
S1-617924552	Polaris Quasaredge LLC	22 Hunt Place, White Plains, NY	US
S1-541102596	Shukla (India) Future Private Limited	Sn65/1+2/1/2/1 Build B201, Gloxinia Greens Sopanbaug, Pune City, Pune, Maharashtra	India
S1-328912803	Bolton & Salvador Rothschild, L.L.C.	75 Willow Trail Court, Carmel, NY	US
S1-974299687	Kedarnath Check Private Limited	Plot No: 178/C, 2Nd Floor, Near Post Office, Khairatabad, Hyderabad, Telangana	India
S1-862119148	Lynx Alto LLC	3002 Boston Place, Tulsa, OK	US
S1-856455595	Simon Prairie Smith Inc	Weatherford, 602 Duke Street, TX, Fl 0	US
S1-456570286	White Products Limited	884 Himshikha Housing Board Colony, Kalka, Panchkula, Haryana	India
S1-729439626	Chan, Griffin & Crouch Yorkville	420 Canal Street, Quinlan, TX	US
S1-390616880	P 6 O Communities LLC	508 Manhasset Road, Charlotte, NC	US
S1-853515629	Flying Group of Companies	7 Ganesh Chandra Avenuep.S. Bowbazar, Kol, Calcutta, West Bengal	India
S1-657484737	Metropolitan Center	1404 Burns Boulevard, Taylor, TX	US
S1-231386430	Peak Staffing Advisors L.L.C.	Cleveland, OH, 6715 Clinton Avenue	US
S1-303388340	E+ Market LLC	976 Hurds Road, Virginia Beach City, VA	US
S1-512846845	Sbs Carrier	H.No. 174, Shri Ram Verma, Khutar Road Gola, Kheri, Gola, Kheri, Uttar Pradesh	India
S1-919750282	BTB Spade PLLC	6425 Wilkinson Boulevard, Unit A, Belmont, NC	US
S1-826880522	Maple Lake Advanced Fuse	40 Birch Avenue, Maple Lake, MN	US
S1-492156076	Gold Exports Private Limited	Plot No:168, First Floor, Road No.4. Kathwada Gidc, Daskroi, Ahmedabad, Gujarat	India
S1-928699408	Jones Sciences	100 Murray, Winters, TX	US
S1-691808955	Alys Norfleet Science	1842 Anyon Trail, Backus, MN	US
S1-276726380	Apex Nutrition Union Inc	213 West Street, TX, Atlanta	US
S1-13979681	Grasso Rocky Cbre	1219 13th Street, Great Falls, MT	US
S1-305556231	Solent Sprott LLC	6610 Coleshire Drive, Dallas, TX	US
S1-10327809	Oncology Center LLC	NY, Thompson, 609 Heiden Road	US
S1-731354711	Apex Materials Advisors	438 Rose Hill Road, VA, Grayson County	US
S1-432838170	Anchor Spring	1591 Sheridan Road, San Bernardino, CA	US
S1-580441629	Rollins's Optimal Printing LLC	841 Madison Drive, Lebanon, TN	US
S1-19445849	Henderson Keystone Auto Sales	173 Stateline Cemetery Lane, Salem, AR	US
S1-323778260	Hansa Systems Clinic	Ff-27 Harmony Commercial, C-Wing, Nr. Motilal Nagar I, Link Road, Goregaon(West), Goregaon West, Mumbai, Maharashtra	India
S1-768015158	Gonzales Globa Aurora	935 Moneta Avenue, Aurora, OH	US
S1-582492704	Raj Black It Pvt Ltd	37, Arangannal Street, Indranagar, Madras-600 020., Nagar, Madras-600 020., Chennai, Tamil Nadu	India
S1-832718050	Taraika Rental Pvt Ltd	1-18-60/11/11, Mes Colony, Venkata Puram, Tirumalagiri, Hyderabad, Telangana	India
S1-557274094	Manidhari Solutions Pvt Ltd	F-141 Phase 8B, Industrial Area, Mohali, Punjab	India
S1-727641961	X/S Mexico Inc	17228 Monrovia Loop, Orange County, VA	US
S1-491907552	Owen Financial LLC	1420 Zeno Road, NC, Apex	US
S1-573513140	Geren Park Clinic	CT, Weston, 15 Wood Hill Road	US
S1-761539137	Doloritas Williamson Canary Inc	406 Cheryl Street, Kenai Peninsula Borough, AK	US
S1-649103748	Foot & Ankle Platinum Medicine, L.L.C.	1010 Isabella Road, Connellsville City, PA	US
S1-766589828	Boo L.L.C.	3 Groom Street, Unit 3R, Boston, MA	US
S1-792799787	Shree Star Private Limited	Shop No. 7, 8, 9 Upper Ground Floor Govind Plaza, Chinhat, Faizabad Road, Lucknow, Uttar Pradesh	India
S1-302777807	Systems Kashipur India	35, 3Rd Main Road, 2Nd Cross Road, Narayana Nagar 1St Block, Kanakapura Rd, Bangalore, Karnataka	India
S1-451864703	Elite Transport LLC	23 White Bridge Lane, Fl 0, Saint Louis, MO	US
S1-573454551	Clean Aimei LLC	345 Schreiber Avenue, Roselle, IL	US
S1-821354496	Morbi Be Private Limited	Shop No 228, Dariyalal Plaza, 8A National Highway, Morbi, Rajkot, Gujarat	India
S1-453824776	Delta Medical Center	451 Jackson Avenue, Peru, IN	US
S1-951431082	Jackson & Sova Acp	1839 Bay Street, Washington, DC	US
S1-518591638	Aryan Builders Private Limited	D408, Vrindavan Gota, Ahmedabad, Ahmedabad City, Ahmedabad, Gujarat	India
S1-4193750	Lead Agro Private Limited	Sonipat, Haryana, Kharkhoda, Pipli, Kharkhoda, 239	India
S1-234073732	Housing Project	7871 Majestic Ridge Drive, Cottonwood Heights, UT	US
S1-260171466	Miller & Rivas Music	9 Springer Woods, Edwardsville, IL	US
S1-778930127	Choice Douglas	521 28th Avenue W, Tulsa, OK	US
S1-973528386	Apex Properties Pvt Ltd	Tc 76/474/2, Swathy, Anayara Nagar, Lane B, Anayara, Thiruvananthapuram, Trivandrum, Kerala	India
S1-366675304	Quantum Cars Care	Flat No. 803, S. No. 78, H.No.175/2/3, Eka Elitas, Pune City, Pune, Maharashtra	India
S1-530113118	Kestus Apparel Inc	1706 24th Avenue, Portland, OR	US
S1-532383604	Crew Systems Ltd	1507 B Wing 15Th Floor, Bandra, Maharashtra, Mumbai, Plot No C 66 G Block 1Bkc	India
S1-624521451	Infotech Industrial	Dream Land Tower, Kaloor Road, Mankave P O, Calicut, Kozhikode, Kerala	India
S1-359892659	Keshri & Co	New Delhi, West Delhi, Delhi, Wz-48 G/F, Krishna Park Extn	India
S1-135201473	Royal Cap	TN, 2727 Supreme Avenue, Memphis	US
S1-88135025	Royal Logistics Private Limited	5/504, Pp Quarters, Pallikkal Panchayat, Tirurangadi, Malappuram, Malapuram, Kerala	India
S1-981169983	Tressler Plumbing Inc	114 Park Street, Unit A1, Manchester, CT	US
S1-365227711	Skytech Chits Pvt Ltd	4Th Floor, Flat-4B, 150A Diamond Harbour Road, Kolkata, Kolkata, Howrah, West Bengal	India
S1-816956009	Carroll Dbdr Corp	TX, De Kalb, 886 County Road 3206	US
S1-728527895	Maid Pilates	100 Daly Boulevard, Unit Apartment 807, Hempstead, NY	US
S1-394933776	Vision Bay Specialists LLC	18298 Fairway Oaks Square, Loudoun County, VA	US
S1-632599134	Perfect Solutions Limited	Aa-75 Prafulla Kanan(West), Krishnapur, P.S:Bagu, Iati, Kolkata, Kolkata, Howrah, West Bengal	India
S1-176701309	Cox Pampa LP	2334 Beacon Light Road, Morrison, TN	US
S1-326265989	Hari Business Private Limited	Bangalore South, Bangalore, Iti Layout, No.421, Karnataka	India
S1-765020218	Continental Institute	200 Tazewell Road, Loudoun County, VA	US
S1-20722665	LSX Marketing Private Limited	223/1 Gariwan Tola, Gudia Talab, Allahabad, Uttar Pradesh	India
S1-450361229	Economic Development Alliance II P.C.	1120 Cambridge Road, Unit D, Kill Devil Hills, NC	US
S1-626897503	Equinox LLC	1661 Ross Road, Syracuse, UT	US
S1-909977432	Red & Co	Pn 46, Sanjay Marg, Hathroi, Jaipur, Rajasthan	India
S1-252349842	Glancy, Pequeno and Babin Transalta L.L.C.	3103 Kemet Road, Unit 101, Chesapeake City, VA	US
S1-539406463	Genetic Heights	Flat No 302, Orange Homes, Adorn, K V R Rainbowcolony, Qutubullapur, K.V.Rangareddy, Telangana	India
S1-89096509	Pune Impex Private Limited	Geras Skyvillas Bldg No 05 Fl-V-G-Ii S.N 64, Kharadi, Pune, Maharashtra	India
S1-476960066	In Elevator Limited	House No. 391, Gali No.2, Akbarpur -Behrampur, Ghaziabad, Uttar Pradesh	India
S1-701169246	Lofgren Stellar LLC	2016 Ann Street, Grants, NM	US
S1-85595248	Lee, Babb M., P.A. Care	14546 Seventh Street, Victorville, CA	US
S1-612076198	Natraj Projects (India) Private Limited	374, Vishnupuri Colony Nx, Indore, Madhya Pradesh	India
S1-510094365	Elizondo & Marth Roman	MA, Worcester, 25 Woodman Road	US
S1-321306005	Classic Mortgage Works	12739 Mcdowell Street, Le Grand, CA	US
S1-691910991	June's Specialists	4110 9th Avenue, Hibbing, MN	US
S1-442598044	Webster, Bodine & Iverson Franklin	15803 Cedarmill Drive, Chesterfield, MO	US
S1-771922164	Linkstar Consulting (India) Private Limited	149 Kewal Industrial Estates B Marg Lower Parel, Mumbai, Maharashtra	India
S1-145276542	Good Industries	Flat No. 130 Vrindavan Mukand Staff, Col L B Shastri Marg Ghatkopa Near Pipe Line, Mumbai, Maharashtra	India
S1-995327837	Rocky Pampa LLC	5125 Nash Lane, Keller, TX	US
S1-884348868	Tajpuria Foundation	Bakul Aparment Plot No. 3, Maharashtra, 103, Nagpur, Shivaji Nagar	India
S1-394093741	Fortune Care Limited	Hanuman Marg, Prasad Th. Sarada, Udaipur, Rajasthan	India
S1-275344952	Family Group	338 James Court, Apache Junction, AZ	US
S1-655418787	Nexgen Trading Private Limited	C8, Naveen Terraces, Inner Ring Road 4Th Block, Koramangala, Bangalore, Karnataka	India
S1-38092686	Bonet Inc	OH, 3221 Centennial Road, Sylvania	US
S1-167589902	Desert Fund	7231 Kurvers Point Road, Chanhassen, MN	US
S1-797443313	Chen Classic Championsgate L.L.C.	Marion, OH, 2754 East Drive	US
S1-713851122	Anvil Holdings	211 Mcdaniel Road, Cropwell, AL	US
S1-543816594	Holdings & Brothers Private Limited	Main Market Near Bus Stand, Talwara, Mukerian, Hoshiarpur, Punjab	India
S1-613316968	Uptown Yoga Inc	104 Benham Drive, Chattanooga, TN	US
S1-471899463	Om Engineering	18D, Everest 46C, Jawaharlal Nehru Road, Kolkata, Kolkata, Howrah, West Bengal	India
S1-817528443	Thompson Better Deutsche LLC	1347 Bluewater Road, Rockingham County, VA	US
S1-711954529	Ramaswamy Arcelormittal	NY, 9395 Pine Grove Lane, Marcy	US
S1-796421498	Creative Projects Limited	12Thfloor, C, 1204, Roya Oasis, Jankalyan Nagarmalvani, Nr Billabong School, Malad W, Mumbai, Mumbai City, Maharashtra	India
S1-588668770	Colonial Colonial Dynamix Associates	4895 Allen Avenue, Flagstaff, AZ	US
S1-528827404	Rosabella Newlin, D.D.S.	6151 Shadow Lane, Unit APT 216, Citrus Heights, CA	US
S1-557529591	Michalowski Jpmorgan Inc	379 Porter Road, East Longmeadow, MA	US
S1-488324653	Complete Total Flag LLC	800 Dighton Lane, Schaumburg, IL	US
S1-756023113	Reeva Wilkes Dynamic Thayer Inc	1141 Amberlight Circle, Salisbury, NC	US
S1-521373615	Ace Universal Infra Private Limited	19-3-263/E/24, Nawab Saheb Kunta Near Sk Garden Function Hall, Hyderabad, Hyderabad, Telangana	India
S1-309805862	Eye Clinic of Philipstown	2981 9, Philipstown, NY	US
S1-311051134	Best American Bitcoin L.L.C.	W66N1253 Forward Way, City Of Cedarburg, WI	US
S1-502766493	Oceanic & Co	C/O Smt Somaridevi Gupta, Mr Iti Ulhasnagar, Kalyan, Thane, Maharashtra	India
S1-288947837	Bombay Energy Private Limited	C/O-Lalit Kumar Patangia, Patangia House Bakharabad, Ps- Purighat Police Station, Cuttack, Orissa	India
S1-84085837	Perfect Guru Foods Private Limited	1-8-303/15, Sp Road Secunderabad, Near Paradise, Hyderabad, Telangana	India
S1-727701937	Apex Broadband LLC	535 1350, Logan City, UT	US
S1-964456312	Back Alley Tavern of Crystal	5857 Regent Avenue, Crystal, MN	US
S1-677758987	Glorioso Arrived PLLC	8107 Thorntree Drive, Fl 1, Scottsdale, AZ	US
S1-935113363	Citius Clinic	Flat No. 5, Sr No 129, 130, Trimiti Apartments Pno 24, Haveli, Pune, Maharashtra	India
S1-153530639	Womens Health Care Associates Vandalia	108 Hudson Street, Vandalia, IL	US
S1-814215534	Services Bafna Industriesprivate Corporation	Nnov8 Skcl Tech Squareno, No 14 Industrial Estate, Chennai City Corporation, Chennai, Tamil Nadu	India
S1-593613411	Sherrell Evolution	1020 Hazel Street, Pine Bluff, AR	US
S1-523755804	Summit East Inc	836 Triangle Street, Montgomery County, VA	US
S1-692274887	Poly Logistics Private Limited	Choudhary Charan Singh Nagar, Nawalgarh Road, Sikar, Rajasthan	India
S1-33660251	Best Tech Limited	Khiraee Khirawa Motiganj, Gonda, Kanpur, Uttar Pradesh	India
S1-767215544	Lancaster's Detailing	20404 Alderleaf Terrace, Germantown, MD	US
S1-627348955	Quick Shanghai LLC	73 Martin Avenue, Atlanta, GA	US
S1-910933723	Paradise Builders (India) Private Limited	Mumbai City, Maharashtra, F1C, 5Th Floor, Mustafa Building Plot No 7, Sir Phirozshah Mehta Road, Fo, Rt, Jash Chambers, Mumbai	India
S1-605520520	Sandoval, Parker and Cooper L.L.C.	1405 Gills Road, Powhatan County, VA	US
S1-159101619	Office of Sanitation	39 Wasson Avenue, Lackawanna, NY	US
S1-877271257	Bhakti (India) Granites Pvt Ltd	H-49 South Extn. Part-1, Part-Ii, N Delhi, Delhi	India
S1-836122765	Malappuram Dream	5/345, 5/346/5/347, 1St Floor, Ktk Complex, Mannarkkad Road, Perinthalmanna, Perinthalmanna, Malappuram, Malapuram, Kerala	India
S1-9673824	Herring Medical Center	6042 Raina Drive, Fairfax County, VA	US
S1-947563235	Faulkner Patriot Eagle	1003 Eason Avenue, Buckeye, AZ	US
S1-173575343	Brown Scuti LLC	3802 Gamblin Drive, Jonesboro, AR	US
S1-581465928	Thompson Family Practice	1414 Medalist Drive, Morrisville, NC	US
S1-699058077	Well & Co	Flat No 17A, Abad Olympus Edappally Raghavan Pillai Road, Edappall, Y, Ernakulam, Kerala	India
S1-835388437	Tirupati Hospital Private Limited	F-14, First Floor Kalkaji, New Delhi, Delhi	India
S1-884351482	Flores's Consultants Inc.	105 Dohm Avenue, Guilford, CT	US
S1-144968788	Scanlan, Parkinson & Payne Inc	3608 Chouteau, Kansas City, MO	US
S1-189817922	Southern Metals Care	Sioux Falls, 3000 Maple Street, SD	US
S1-61043471	Homan Institutions	2724 Epi Street, Brownsville, TX	US
S1-923441413	Mundhra Trading Pvt. Ltd.	New No 27, Chennai, Tamil Nadu, First Floor, Abdul Razack Street Saidapet	India
S1-320670331	Dream Dream Industries Private Limited	B-404 Matruchhayas N Road Mulund (W), Mumbai, Maharashtra	India
S1-145614035	Integrated Interstate Table LLC	308 Neal Street, Lebanon, TN	US
S1-886373239	Steelworkers Union Local No 303	Meadview, AZ, 869 Echo Drive	US
S1-498976806	SET Sterling Abacus LLC	779 Barnaby Road, Fluvanna County, VA	US
S1-955906277	Robinson Equity Partners Corp	2333 W Broadway, Louisville, KY	US
S1-926298718	Services Shree Intelligence Private Limited	Flat 20-15, Kamal Kunj Chsl Poddar Road, Near Gurudwara, Mumbai, Mumbai City, Maharashtra	India
S1-472674635	Muskan Marketing	140/11, Om Ng Hakikat Nagar, Jind, Haryana	India
S1-883367844	Epstein Fashion	964 Gorgas Street, Mobile, AL	US
S1-970563629	Seven Marketing Private Limited	New Delhi, Delhi, New Delhi, B.D. Chambers, 10/54, Desh Bandhu Road, Karol Bagh, No. 209	India
S1-490316228	Metropolitan Coalition II	23547 Santiam Way, Marion County, OR	US
S1-242632995	Snk Farms (India) Private Limited	Ahmedabad, Nr Old Forge Blower Nar, Oda Rd, Plot No 20/C Krushna Gopal Ind Es Opp E S I Dispe Ashirwad Estate, Ahmedabad, Gujarat	India
S1-364072434	Jackson, Schutter & Mizell	St Charles, 631 Fifth Street, MO, Unit 2	US
S1-11368835	Prasanthi Holdings	Karnataka, Bangalore, No 605 15Th Cross Jp Nagar 1St Phase, Bangalore South	India
S1-149898575	Brand Coinshares LLC	394 Hillcrest Drive, City Of Aberdeen, MD	US
S1-318789296	Jarlelle Holding LLC	121 Country Lane, Mocksville, NC	US
S1-170987628	Strategic Marine Global Inc	2901 65th Street, Lincoln, NE	US
S1-659165777	Varanasi Vidyalaya	C/O- Himangshu Sarkar, Garkamalpur-Mahishadal, Mahisadal, East Midnapore, West Bengal	India
S1-258865849	Spine Syndicate Pvt Ltd	B.R.A.U. University Khabra Road, Gannipur, Muzaffarpur, Bihar	India
S1-778955978	WDP Commercial Private Limited	Level-2 Raheja Centre Point, 294 Cst Road Near Mumbai University Santacruz (East), Mumbai, Mumbai City, Maharashtra	India
S1-5448537	City Business	Plot No. 19, Amisha Enclave Shri Saidham Colony, Kookas, Jaipur, Rajasthan	India
S1-438834768	Chandram Finance Private Limited	246 B Alagesan Road, Saibaba Colony, Coimbatore, Tamil Nadu	India
S1-397106589	Vijay Trading Private Limited	Village Pavesara, Gudera, Mathura, Uttar Pradesh	India
S1-6989902	Urban Shiva Logistics Pvt Ltd	2Nd Floor, Agrawal, Building, Agrasen Bhawan, Latur, Maharashtra	India
S1-697492404	411 Pearl	12 Foster Road, Sandwich, MA	US
S1-502461189	Holly Laboratories Inc	3365 M L Goodson Lane, Lincolnton, NC	US
S1-305189703	Daron Harris Hydro City Of Madison	7812 Wild Bluebell Street, City Of Madison, WI	US
S1-372486820	Prk Granites (India) Private Limited	C/O Shelesh Kumar Bansal, Industrial Estate, Firozabad, Uttar Pradesh	India
S1-354068386	Internal Medicine Cornerstone Center LLC	11 Bolleana Place, Athens, OH	US
S1-871451383	Sonbhadra Buildtech Ltd	C/O Kamlesh Kumar, Hardipadarachh Kone, Sonbhadra, Uttar Pradesh	India
S1-374387221	Traliix	22428 White Oak Road, Leonardtown, MD	US
S1-504511492	Ritech Corporation	2514 Stutts Road, Asheboro, NC	US
S1-170204807	3398 Highland Street Management LLC	144 B Street, Port Hueneme, CA	US
S1-156584505	Virgil & Winchell LLC	5525 Peden Point Road, Wilmington, NC	US
S1-168599179	Classic Systems Private Limited	Left Portion Of Ground Floor, No.16, Sathyanarayana Avenue, Boat Club, Road, Chennai, Tamil Nadu	India
S1-49929103	Media Kapil Digital Private Limited	New No.25, Kasturbai Nagar, 1St Main Road, Adyar, Chennai, Tamil Nadu	India
S1-204218779	Nunn Music LLC	201 Main Street, City Of Elroy, WI	US
S1-731756532	VT Strategic Transition LLC	6705 107th Street, Kansas City, MO	US
S1-388253939	Ivenent Hawaii L.L.C.	5473 Sr 249, Hicksville, OH	US
S1-739797656	Montara Fund Corp	4714 Komensky Avenue, Chicago, IL	US
S1-878741225	Pediatric Express Specialists LLC	MN, International Falls, 2130 Red Crest Island	US
S1-296846197	NY Mountain Super LLC	Birmingham, AL, 7728 7th Court	US
S1-7795629	Coclarnet Inc.	18546 Eagles Roost Drive, Germantown, MD	US
S1-686120950	Urology Care Associates	4851 Kokomo Drive, Unit APT 6012, Sacramento, CA	US
S1-296416408	Perfect Finance Pvt Ltd	C/O Munna Thakur, Ward No7, Ward No.-7, Ps-Malahi, Areraj, East Champaran, Bihar	India
S1-664522012	Quad Automobiles Private Limited	B-306, Khem Plaza, Adarsh School Road, Patan, Gujarat	India
S1-68884361	New Estate Private Limited	11/89 Vrindavan Yojna Raibarely Road, Lucknow, Uttar Pradesh	India
S1-999290373	Larson and Martinez Inc.	1810 Collins Avenue, Topeka, KS	US
S1-623821600	Secure Columbus	229 Tarkington Road, Creswell, NC	US
S1-577549795	Spears Premier Connecticut Inc	3936 Black Stump Road, Lancaster County, VA	US
S1-302247650	Miyasato, Martin and Vesely Photonics, LLC	5670 New Harmony Road, Pikeville, TN	US
S1-645978486	Summit Schwab LLC	1679 Berkeley Avenue, Saint Paul, MN	US
S1-191209328	Bay Project LLC	1404 Main Street, Warsaw, IN	US
S1-422492231	Jain Services	Naba Apartment Medical Rd, Uttar Pradesh, Aligarh, C/O Tasneem Abdi Flat No1	India
S1-467934474	Finance Bright Estate Private Limited	Maharashtra, Plot R-710, Rabale, T.T.C. Industrial Area Midc, Navi Mumbai	India
S1-81062747	Heath Peak Freight LLC	4529 Freeman Road, Orchard Park, NY	US
S1-900327331	Modern Technical Group	7910 Woodstone Drive, Hixson, TN	US
S1-975237224	KPB Bio Private Limited	Ii-C/64-3, First Floor, Nehru Nagar, Ghaziabad, Uttar Pradesh	India
S1-558506358	H V & S Energy, Inc.	TX, 21044 Angus Drive, Cleveland	US
S1-637622185	Ace Total Spark LLC	Manchester, TN, 1269 Elrod Road	US
S1-357513875	New Delhi Nidhi Pvt. Ltd.	House No. 37/9 T.F., Block 37, New Delhi, Central Delhi, Delhi	India
S1-986116425	Tibrinet LLC	139-01 91 Avenue, Jamaica, NY	US
S1-510526081	Hope First Southwest L.L.C.	6532 Mud River Road, WV, Milton	US
S1-893597756	Modern Prime Securities Inc.	569 3 Street, Brooklyn, NY	US
S1-68170645	Peyton's Mountain Hospitality	5401 Groveside Lane, Rolling Meadows, IL	US
S1-606686546	Weaver Works Inc	116 Fishhook Lane, Hedgesville, WV	US
S1-403573726	Dermatology Partners Ltd	5328 Austra Place, Prince William County, VA	US
S1-291316802	Chirayu Healthcare Private Limited	B-6/5 Local Shopping Centre Safdarjung Enclave, Delhi, South Delhi, Delhi	India
S1-760090876	Bay Armada	5308 Center Field Drive, South Jordan, UT	US
S1-464962649	One Agro Private Limited	Flat No.102 Tower I, Greenridgetower Chikuwadi, Borivali West, Mumbai, Maharashtra	India
S1-95942870	Fredette, Joseph & Leslie Crumrine Inc	501 Cherry Circle, Upper Allen Township, PA	US
S1-405518824	VD Consulting Private Limited	Sikar, Rajasthan, Fenin Villa Wno 56 Kisaan, Colony Nawalgarh Road, Sikar	India
S1-140546152	Ray Mortgage LLC	884 Cascade Avenue, Atlanta, GA	US
S1-995217014	Bonet Partners LLC	101 Anthony Drive, Normal, IL	US
S1-833953203	Young, Carole J., D.O., PC	11128 Coleman Lane, Elberta, AL	US
S1-132366626	Jensen, Middlebrooks and Roberson LLC	56 Pasture Road, Poquoson City, VA	US
S1-873432650	Beacon Keystone Metals Inc	6037 Midway Avenue, Bryant, AR	US
S1-324887289	Leor Secure Capital Ltd	8838 Crestview Drive, Houston, TX	US
S1-489834584	Sybil B. Graves, CPA, PC	17039 124th Avenue, Renton, WA	US
S1-347905952	Sun Raj Construction Pvt Ltd	L - 1 /126 B S/F Kalkaji, Dda Flats, Delhi, South Delhi, Delhi	India
S1-603485049	CNF Mines Limited	Rattihalli, Haveri, Karnataka	India
S1-441822798	Rvg Media Ltd	26/618, Sri Complex, 3Rd Floor, 14Th Cross, Bendre Nagar, Subramanyapura Main Rd, Kadirenaha, Lli Circle, Bengaluru, Bangalore, Karnataka	India
S1-732421623	Cure Deli!	806 Emma Drive, Arlington, TX	US
S1-574964522	Golden Marketing Pvt Ltd	Gurgaon, Haryana, P 7/13, Dlf Qutub Enclave Phase Ii	India
S1-658332645	Scarborough Glass LLC	12 Millmont Street, Unit Bsmt, Boston, MA	US
S1-726365524	Classic Trading Private Limited	Office No. 7 & 8, Sector - 2, Plot No. - 2, Phase - Ii, Nerul (West), Navi Mumbai, Thane, Maharashtra	India
S1-42473343	GYK Infotek Ltd	Mig-Ii-17/20, Bda Colony Chandrasekharpur, Bhubaneswar, Khordha, Orissa	India
S1-816766783	Hendricks Safe Holdco LLC	200 Sunnydale Drive, St Charles, MO	US
S1-216469697	Delta Initiative LLC	131 Brynleigh Drive, Chelsea, AL	US
S1-586182710	Frey and Moreno Enclave LLC	3536 Mccann Avenue, Unit 1, Cheyenne, WY	US
S1-413260815	Imperial & Associates	Unit No.207, 2Nd Floor, Signature Building, Block13B, Zone-1, Gift-Sez, Gift City, Gandhinagar, Gandhi Nagar, Gujarat	India
S1-63735802	Heritage Cloud Concepts Group	2304 Tobarra Lane, League City, TX	US
S1-902596297	Southern & Brothers LLP	10/4/55. Arumdelpetnarsaraopet Guntur Dist, Andhra Pradesh, Guntur, Andhra Pradesh	India
S1-730101903	F G & R Precision	5557 Van Buren Street, Merrillville, IN	US
S1-908287291	NNM Complete Stanley LLC	804 Neptune Court, Smyrna, TN	US
S1-114792469	Southern Pioneer Trading Private Limited	Aparna Heights, Kondapur Main Road, Laxmi Nagar, Kondapur, Flat No 704 D Block Tower A, K.V.Rangareddy, Telangana, Serilingampally	India
S1-408870056	Glb Advisors	Flat No. 3K, P.S.Alankar, 857, Motilal Gupta Road, Kolkata, Howrah, West Bengal	India
S1-749322819	Pinnacle Infrastructure Brands LLC	611 Beth Drive, Great Falls, MT	US
S1-185859119	Hembree & Wireman Inc.	914 Gatestone Forest Drive, Beasley, TX	US
S1-314821721	Divya & Co	Room No. 201, Arun Bazar, Station Road Santacruz-West, Mumbai, Mumbai City, Maharashtra	India
S1-266354645	Oncology Piedmont Health, LLC	18 Lori Lane, East Haddam, CT	US
S1-944380725	LPX Works LLC	2314 Oak Forest Drive, Layton, UT	US
S1-725868315	Gujarat Healthcare	F/F Plot No 181, Kh No-19/21, Dharampura 1St Kakrola Road, Najafgarh, South West Delhi, Delhi	India
S1-237539441	Summit Xcel	609 Coile Road, TN, Jefferson City	US
S1-773568270	Danielle Carter Integrated Neurosciences Inc	31 21st Street, Merced, CA	US
S1-196339829	Jamima Cobbs Tri-State Bold Inc	13422 Kintyre Court, Matthews, NC	US
S1-875534396	Medicare Resorts Private Limited	Plot No. 19, Opp. Gokuldham, Mercediz Benz Street, Sarkhej-Sanand Highway, Ullariya Patiya, Ahmedabad, Gujarat	India
S1-557732888	Wendy Barker Managed LLC	14120 Cedar Lane, Humble, TX	US
S1-887977818	Sai Investment LLP	Vpo Ranga, Bhangala, Mukerian, Hoshiarpur, Punjab	India
S1-291421724	OT Automotive Private Limited	Parkview Appart Flat-102, Opp Kamlabaug, Porbandar, Gujarat	India
S1-864589867	Philip Center	2074 Town Road, Town Of Quincy, WI	US
S1-216370224	Darcee Rodrigues Mining	121 Cadron Creek Road, Quitman, AR	US
S1-703806829	Premier Superior Metal Inc.	OR, 3551 Reed Drive, Hillsboro, Fl 1	US
S1-938031572	Red Systems Private Limited	C/O Vinay K. Singhal A-1/225, Paschim Vihar, New Delhi, Delhi	India
S1-315051350	Tracy Ward American Scuti	1004 River Road, New Baden, IL	US
S1-340323269	Sudama Resources Private Limited	Plot No 8, Survey No 253/, Post Sankeshwar, Belagum, Hukeri, Belgaum, Karnataka	India
S1-237957646	Delonix Traders Private Limited	4Th Floor, 256, Prantick Pally, Kasba, Kolkata, Kolkata, Howrah, West Bengal	India
S1-336626930	Keystone Interstate Hotels L.L.C.	5444 Henderson Street, Chicago, IL	US
S1-746914207	Hail John Inc	3436 Teravista Way, Raleigh, NC	US
S1-922633311	Zilvia C. Hosmer, Esq.	2419 Road 25, Johnson, KS	US
S1-821083139	South Infotech Private Limited	Kh No 978, Kasana Farm House, People Drive Dlf Chattarpur, New Delhi, South Delhi, Delhi	India
S1-414089898	Oncology Interstate Care Associates Inc	2038 Van Buren Street, Brownsville, TX	US
S1-415890823	Hooten and Garcia	99 Rollins Road, Marshall, NC	US
S1-925528246	Sequoia Inc	20 Overbrook Boulevard, Unit A, Monroe, OH	US
S1-386098369	Crooks National International LLC	689 Olde Orchard Court, Columbus, OH	US
S1-296323994	Mags Trading Pvt Ltd	2-12-941/1, Museum Road Off, Bejai Church Road, Mangalore, Dakshina Kannada, Karnataka	India
S1-34527295	Global Hcm of Galena Holdings	103 Woodland Court, Galena, IL	US
S1-684988153	Global Genomic Ventures, LLC	7025 Nc 8050, Jasper, AR	US
S1-230489986	Macken, Agace, Esq.	6 Glenwood Avenue, PA, Collegeville Borough	US
S1-912545520	Harry Great First LLC	14873 Ashland Avenue, Goodyear, AZ	US
S1-524886672	2934 Third Ave Apartments	229 155th Place, Bothell, WA	US
S1-642425954	Sampark Media Private Limited	Plot No. C/3/110, Sector-C, Pocket-3 Sushant Golf City, Lucknow, Uttar Pradesh	India
S1-358818786	Eastern Classic Commerce	139 Fortune Town Road, Louisa County, VA	US
S1-731936293	Ahmedabad Associates Private Limited	Ahmedabad, B-804, Ahmedabad, Vishakha Elysim, Nr Global Indian International School, Tragad, Gujarat	India
S1-579303289	Delta Golden	3120 200, Nibley, UT	US
S1-379634437	EH Foundation Pvt Ltd	12-7-134/Mh/2 Sy No 10, Anjaneya Nagar, Kukatpally, Balanagar, K.V.Rangareddy, Telangana	India
S1-252757889	Indo Business Private Limited	174B/2, Pattukottai, Thanjavur, City Bank Opp, Madukkur South, Tamil Nadu	India
S1-398819664	Hitech Ss Infra Pvt Ltd	26, Hill View, Port Trust Housing Colony Tirusoolam, Chennai, Kancheepuram, Tamil Nadu	India
S1-633306696	Haveli Fashion Private Limited	Flat No 401-402, 5No 6-1-7, Varsha Airawat, Kalmadi, Haveli, Pune, Maharashtra	India
S1-739458370	Mountain Medical Center	614 River Moss Drive, St Peters, MO	US
S1-986170634	Unified Energy Technologies Inc	17 Round The Mountain Road, Vinalhaven, ME	US
S1-398237725	Sky Solutions Private Limited	Room No. Ti 109, Ftbi, Nit, Raurkela (M), Sundargarh, Orissa	India
S1-98270836	Ram Consultancy LLP	M-107/5/1, Midc Waluj, Gangapur, Aurangabad, Maharashtra	India
S1-944099049	Antriksh Finance Private Limited	G-286, Phase 1 Extension, Suncity Jaipur, Jaipur, Rajasthan	India
S1-624599785	Desert Animal Hospital LLC	6232 Spanish Trail Drive, Unit 84, Theodore, AL	US
S1-387583252	Capital Charter School	111 County Road B019, Cleveland, NM	US
S1-792481942	Tirupati & Brothers Private Limited	Survey No. 313-2, Kardej Bhavnagar- Rajkot Road, Navagam, Bhavnagar, Gujarat	India
S1-94595653	Montara Box LLC	7740 Chalmette Drive, Unit APT E, Hazelwood, MO	US
S1-883597351	G 2 E Rre Inc	7471 Leclerc Road, Newport, WA	US
S1-264272851	Varsham Products Private Limited	No - 6, South Rampart Old Town Bustand, Thanjavur, Tamil Nadu	India
S1-654067557	Bela Group of Companies	Sy No - 529/A/3 Vrushal Soc. Plot 12B Katargam, Surat, Gujarat	India
S1-265244664	Vega Fortress	129 Sentinel Ridge Lane, Stafford County, VA	US
S1-708926186	Ferreon Carolina	1906 Johnson Road, Keller, TX	US
S1-918056794	Spark & Co	Flat No-2, Nisat Heritage, Jamun Gali, Sabzibag, Patna, Bihar	India
S1-366211348	Maicha Udyog Private Limited	Omaxe Palm Greens, Maicha, Uttar Pradesh, Gautam Buddha Nagar, Plot No. Gh-02, Sector-Mu	India
S1-82342890	Campbell Clear Tbk	412 Mangum Court, Fayetteville, NC	US
S1-507612742	Aarambh Ventures Pvt Ltd	Building Gb 320 Unit B, Talegaon Industrial Parks Private Limited, Gut No. 12, Badhalwadi, Mawal, Pune, Maharashtra	India
S1-419290857	Maerz Credit	168 Calumet Street, Boston, MA	US
S1-478484278	Hyattsville Family Association	6933 Stoddert Lane, Hyattsville, MD	US
S1-913479291	Milestone Highrise Co	House No.280, Lig Housing Board Colony Saraswati Vihar, Chakkarpur, Gurgaon, Haryana	India
S1-691571759	Stevens's Metal Works Inc	9020 Highway 56, Owensboro, KY	US
S1-573601358	Metro Foundation of Tucson V	5820 35th Street, Tucson, AZ	US
S1-954786563	Physical Therapy Medicine LLC	189 Bowen Street, Boston, MA	US
S1-342130859	Shukla, Pang and Harris PC	NM, Rio Rancho, 200 Prism Avenue	US
S1-468530861	Environmental Charities	188 Eller Road, Bellville, OH	US
S1-465559531	Poonamallee Infrapromoters Pvt Ltd	Flat No. 108, H Block, Rmk Chola Gardens, Poonamallee, Tiruvallur, Tamil Nadu	India
S1-185836464	Kestrel LLC	1099 Middle Leesville Road, Bedford, IN	US
S1-459822684	Kashmir Commercial Pvt. Ltd.	Flat No.10, 2Nd Floor, Nilkanth Niwas Chsl, Vishnu Nagar, Ghantali Mandir Road, Than, E (West), Thane, Maharashtra	India
S1-918244351	Arihant Energy Limited	C-34 B, Satya Marg, Dundlod House, Hawa Sadak, Jaipur, Rajasthan	India
S1-197973049	Black Products Private Limited	16/277, Sar 24, Kuthukuzhy P.O, Kothamangalam, Ernakulam, Kerala	India
S1-643216782	Southern Infotech	Rameswar Lal Sharma Main Road, Near Bpl Tv, Rourkela, Sundargarh, Orissa	India
S1-140307222	HPE Animation Pvt Ltd	Perumbillissery Cherpu P O, Thrissur, Kerala	India
S1-77179764	MW Priority L.L.C.	106 Fite Avenue, Carthage, TN	US
S1-295666243	Vasundhara Holdings	Hyderabad, Nasr School Road, Opp Telecom Nagar, Gachibowli, Telangana, Hyderabad, 1-73/D/78 & 79	India
S1-158009900	Pediatric Partners Associates	10 Glen Ellen Boulevard, Millis, MA	US
S1-512287160	Boyle Encore Inc	691 Main Street, Unit 1/2, Marion, OH	US
S1-737149570	Titone Engineering Inc	1140 Randolph Street, Unit # 3, Oak Park, IL	US
S1-775627331	Star Payment Advisors	Edwardsville, KS, 1550 105th Street	US
S1-80147610	Creative Software Pvt Ltd	73, Abdul Jabbar Road, Kanchrapara, Parganas North, West Bengal	India
S1-706227638	Muktsar Technologies LLP	Punjab, Muktsar, New Grain Market, Avnash Dabra	India
S1-210092138	Wai India Limited	At Post 418 Pachwad, Wai, Satara, Maharashtra	India
S1-572624992	Mam Foundation	5/128, West Street Nagamalai Pudukottai, Madurai, Tamil Nadu	India
S1-708368208	Raleigh Solutions Inc	1301 Ingomar Place, Raleigh, NC	US
S1-649524968	Preferred Business Services Inc	21203 132nd Drive, Sun City West, AZ	US
S1-182180061	Spencer Cascade Duke LLC	16376 Annesley Road, East Liverpool, OH	US
S1-114006321	Yamuendra Reporting Company	Ernakulam, Nilampathinjimugal, 4B Dvine Providence, Kerala, Ernakulam	India
S1-529937220	Prarambh Educational Society	H No 3-14-132, Sailajapuri Colony, L B Nagar, Hyderabad, Hayathnagar, K.V.Rangareddy, Telangana	India
S1-590916075	Continental India Private Limited	204, Station View, Sector 30, Vashi, Navi Mumbai, Thane, Maharashtra	India
S1-700023979	Zenith	1117 Westview Drive, Ankeny, IA	US
S1-664216022	Yocom, Sula, Esq., DDS PC Inc	302 Snowcap Drive, Ruidoso, NM	US
S1-989233933	Choice Rockwool-Rosemount	2262 Birch Street, Rosemount, MN	US
S1-312768787	A Custom Multimedia LLC	1031 Yale Street, Ontario, CA	US
S1-300912906	Ghazipur Clothing Private Limited	Saklenabad, 108, Ghazipur, Uttar Pradesh, Ghazipur	India
S1-117802251	Bollineni Service Private Limited	Freedom Park Life Sector-57, Gurgaon, J-802, Gurgaon, Haryana	India
S1-910601710	Jolliff and Roberson	3436 Sahler Street, Omaha, NE	US
S1-373467517	Tejiya Clothings Private Limited	Ernakulam, Kerala, Muvattupuzha, House No.59, Thottathikudiyil, Kalampoor	India
S1-400576010	Prairie Bay Ofs, LLC	220 Ballardvale Street, Unit 1, Wilmington, MA	US
S1-715140820	Perri Depaul Platinum Plum, LLC	105 Spanish Trace, Silsbee, TX	US
S1-126134495	Continental Coalition Co	17 Beach Way, North Hempstead, NY	US
S1-792417386	Lotus Construction	Xii/229 Room No 1 Moosarikowal, Kunhimangalam Po, Kannur, Kerala	India
S1-819545531	Bay Project LLC	35 Mayflower Drive, Asheville, NC	US
S1-193460731	Aarvanth Computers LLP	Sf 3&4, Gangarachana Commercial Complex, Opp. Rto Subhash Bridge, Gandhi Ashram, Ahmedabad, Gujarat	India
S1-796445716	Lynch's Salon	121 Overlook Drive, Winston-salem, NC	US
S1-996425196	Family Medicine, LLC	OH, North Canton, 184 Creekside Circle	US
S1-337525428	Atlantic Guild L.L.C.	5066 Irondale Road, Mounds View, MN	US
S1-447078252	Rios & Medina	121 8th Street, Wakeeney, KS	US
S1-614758060	Strategic Supply Studios LLC	227 Mandarin Drive, Oak Grove, KY	US
S1-109493279	Carlita's Pet Care LLC	Unit 14, Yuma, AZ, 2277 1st Avenue	US
S1-974571239	Select Creative Freedom	Chicago, 1458 Flournoy Street, IL	US
S1-706447760	Rivera, Hung & Stark Inc	5580 Saddle Road, Mckinney, TX	US
S1-118602779	Ahmedabad Fresh Private Limited	37, Ahmedabad, Gujarat, Ahmedabad, G. F. Swayam Shakti Co. Op. Hou., Opp. Jaltarang Soc., Vejalpur Raod	India
S1-261790180	Nguyen & Haynes Inc	NC, 117 Yadkin Trail, Raeford	US
S1-990962376	Shivam Construction LLP	Kolkata, West Bengal, Kolkata, Howrah, 51 Bhupen Bose Avenue Kolkata	India
S1-49584394	Womens Health Cascade Center LLC	1800 Dalhousie Court, Unit APARTMENT A1, Parkville, MD	US
S1-919927527	Cc & Sons Private Limited	Ff-10, M2K Corporate Park Shopping, Block No-N, Myfield Garden, Sector-51, Sector -45, Gurgaon, Haryana	India
S1-559564470	Yavatmal Marine	Pc-5, H No.270, Navjiwan Mangal Karyalay, Yavatmal, Maharashtra	India
S1-381970296	Garzon Northland of Sacramento, LLC	CA, Sacramento, 2158 Oneil Way	US
S1-248702489	Good Systems Private Limited	1A Anukampa Mension Ii M I Road, Jaipur, Rajasthan	India
S1-240680399	Blue Endurance Private Limited	1St Floor, Plot No 261-262, Ichhapore Gidc, Chorasi, Surat, Gujarat	India
S1-998932505	Vaibhav Associates Limited	H.No-2-9-106/108, Shivams Pride Apt, Risala Bazar, Macha Bolaram, Secunderabad, Tirumalagiri, Hyderabad, Telangana	India
S1-38799674	Theresa Carey Cross, LLC	226 Lawn Street, Bucyrus, OH	US
S1-130259568	Heritage Program Inc	4324 Woodway Drive, Port Bolivar, TX	US
S1-482274829	Shiva Infra Pvt Ltd	Fat No. 803, B.P.S. Anagha Building, P K Road, Mulund West, Mumbai, Mumbai City, Maharashtra	India
S1-609078828	Greene Dominion LLC	313 2nd Street, Cherryvale, KS	US
S1-840418698	Sarova Apex Gravity	4209 Woodleigh Street, Houston, TX	US
S1-418672738	Painters Local Union 158	Everett, WA, 27 108th Street	US
S1-350875124	Shree Real Power Private Limited	No.45, Laxmi Nagar, Adambakkam, Chennai-88., Chennai-88., Chennai, Tamil Nadu	India
S1-411084407	Shree Services (India) Private Limited	Spoorthi Polyclinic Tokkotu, Mangalore, Dak. Kannada, Karnataka	India
S1-615651653	Mann, Shane, D.D.S.	103 Thomas Shaun Court, Elizabethtown, KY	US
S1-141166616	Effie Castaneda Signature Waste	1504 Lilac Drive, Salisbury, MD	US
S1-937935548	E 2 P Wen Center	15001 Ashwood Circle, Huntsville, AL	US
S1-181497142	Summit Inc	1021 Avent Hill, Unit B3, Raleigh, NC	US
S1-849886644	Newark Baptist Secure Chiropractic	142 Main Street, Unit APT 303, Newark, DE	US
S1-139063364	Bright Bakery	3737 Obsidian Avenue, Redmond, OR	US
S1-673715992	Fry Array LLC	1726 Hwy 9, Shirley, AR	US
S1-580448986	Cardiology Dynamic Specialists LLC	1327 Tar Heel Road, Tar Heel, NC	US
S1-926139809	Angulo Metropolitan Choice LLC	1914 11th Avenue, Grand Forks, ND	US
S1-86238158	Eye Blue Medicine LLC	406 S 4th Street, Shelbyville, IL	US
S1-924186203	Delta Kogyo of Murray	842 Three Fountains Drive, Murray, UT	US
S1-215683534	Radha Welfare Society	Ram Villa Plot No. 23, 4Th Floor Behind Aurora Theatre, Matunga, Mumbai, Maharashtra	India
S1-195080397	Anand Engineering Private Limited	26, Silarpur, Near Secretariat, Mandi Ateli, Rewari, Haryana	India
S1-529224274	West & Kendall Inc	1210 Graham Drive, Kelso, WA	US
S1-504627734	Kumaran Food Private Limited	Gat No 605/1 Pirangutmulsi, Maharashtra, Pune	India
S1-705698214	Koenig Royal Ncr Inc	9610 Watterson Trl, Jeffersontown, KY	US
S1-466222514	Hotel International Private Limited	D.No.11-5-560/P-64 Sri Laxmi Narasimha Bogum Nilayam, Road No 17 Sri Venkateshwara Colony Saroor Nagar, Hyderabad, Telangana	India
S1-10745149	Creative Heritage Staking, LLC	2507 Lakeview Avenue, Sparrows Point, MD	US
S1-72180744	Nibha Buildcon Limited	Flat 506, Block 7, Divya Shree Shakti Aprt Mayuri Ngr, Miyapur Bus Bodybuilding Unit, Hyderabad, Telangana	India
S1-932804647	Sanchez Corporation	3890 146th Street, Cleveland, OH	US
S1-252640472	Sras Innovative (India) Private Limited	C/O Ajet Kumar Singh, S/O Suryakant Singh Viltola-Karihan, Pnch-Tajpurbuzurg, Mahua, Vaishali, Bihar	India
S1-616215050	Smart Technology Pvt Ltd	Ground Floor 25/39 West Patel Nagar, New Delhi, Central Delhi, Delhi	India
S1-373446305	FB Liberty Garden	680 Hidden Meadows Drive, Miamisburg, OH	US
S1-86161307	Maa Enterprises Pvt Ltd	Keshabganj Chatti (Near Central School) P.O. Rajbati, P.S. Burdwan Sadar, Dist., - Burdwan, Burdwan, Bardhaman, West Bengal	India
S1-69270134	White Servicesprivate Private Limited	C-103, Snehal Apartment, Subhash Road, Ratnagiri, Maharashtra	India
S1-232165664	Rosser Municipals Corp	UT, Enterprise, 2869 Bench Road	US
S1-290009921	JU Analytics Private Limited	Falt No 805, Varuna Block Myhome, Navadweepa, Madapur, Hyderabad, Telangana	India
S1-837569907	Valley Pediatrics LLC	1020 Banks Street, Fort Worth, TX	US
S1-343340671	Continental Marine, Inc	1801 Meridian Street, Unit 402, Nashville, TN	US
S1-760455069	Black Constructions Private Limited	Hyderabad, Chandralok Complex 1St Floor, S.D Road, Secunderabad, Hyderabad, Flat No A 4/4, Telangana	India
S1-843698941	Pediatric Dentistry Classic Health	3003 Southland Street, Dallas, TX	US
S1-80625219	Dental Associates, LLC	1710 Broadway Avenue, Moore, OK	US
S1-339634557	Elite & Co	B-259, Derawal Nagar, Delhi	India
S1-670178977	Silver Consultancy Private Limited	147A, Iipolo, Opp.Paotacroad, Jodhpur, Rajasthan	India
S1-192318484	62/71 Krakacquisition	65 Brazo Way, Hot Springs Village, AR	US
S1-273971652	Cardiology Medicine LLC	440 Rhode Island Avenue, Unit 104, Washington, DC	US
S1-505596442	KLA Mission LLC	32 Florissant Road, Fl 0, Saint Louis, MO	US
S1-616041191	Olanay Annuities Inc	44 Baynes Road, Augusta County, VA	US
S1-169471355	Rapid Financial Studios	560 Lash Drive, Unit 305, Salisbury, NC	US
S1-623510232	Alfaro, Posey and Nobles Street LLC	4701 Glenbrook Drive, Grapevine, TX	US
S1-688936396	Welter, Alvarez and Rogers Insurance LLC	6414 Baseline Road, Unit Apt 82, Little Rock, AR	US
S1-744497722	Williams Physical LLC	626 Kansas Avenue, Iola, KS	US
S1-472358366	Goodrow Industries	39 Stoney Brook Drive, Unit 4, Millis, MA	US
S1-227499084	Modern Consumer Advisors PC	235 Drake Avenue, TN, Ripley	US
S1-112321404	Interfaith Fund LLC	816 Clifton Road, Atlanta, GA	US
S1-446225826	Dynamic Trusted Software Inc	City Of El Paso, 925 Broadmoor Drive, TX	US
S1-45782158	Great Marketing LLP	Bangalore, Karnataka, No. 2818 Hemasudeep Arcade, 15Th Main Road, 3Rd Cross, E Block, Sahakarnagar	India
S1-792705717	Anderson Floating	866 30th Avenue, Santa Cruz, CA	US
S1-427010689	#7 Communications	1255 Crescent Green, Unit 400, Cary, NC	US
S1-558096604	Auron Homecare Inc.	1113 Sparkman Street, Hartselle, AL	US
S1-571298929	Garciaperez Fusion LLC	345 Oakland Street, Unit 345, Manchester, CT	US
S1-166339082	Taram Enterprise	Plot No. 50 & 51, Flat No 201, 2Nd Floor, Green Wood Colony, Anmagal, Hayath Nagar, Hayathnagar, K.V.Rangareddy, Telangana	India
S1-978068589	Rudraksh Polytechnic	252, Ground Floor, Nazar Singh Palace, New Delhi, South Delhi, Delhi	India
S1-661260226	UY Equipment Public Limited	Dreamax, 22, Satya Vihar Colony, Lalkothi, Jaipur, Rajasthan	India
S1-609146900	Nexos Braves Inc.	1546 State Street, KY, Unit 10, Bowling Green	US
S1-72130895	Pipefitters Union Local No 685	302 Euclid Avenue, Prospect Heights, IL	US
S1-87628771	Lower Silverbox LLC	489 Dooms Chapel Road, Symsonia, KY	US
S1-238551007	Gravett Companies	69814 Martz Drive, Arlee, MT	US
S1-326937840	Padam Makers Private Limited	Street No 1, Building, 9 Sec 66, Mamura, Noida, Gautam Buddha Nagar, Uttar Pradesh	India
S1-735267320	De Haynes, MD	340 155th Avenue, Mayville, ND	US
S1-556808487	Bohl Security Associates	1304 Stephens Avenue, Baton Rouge City, LA	US
S1-430707610	Properties Reboot Makeovers Private Limited	Telangana, 37, Tngo Colony, Gopanpally, Hyderabad, Plot No.272/13/Ii Ph Syno, Serilingampally	India
S1-733104905	Dot Covell, O.D., PC	110 Robert Drive, State Road, NC	US
S1-828621597	Petty Virtus of Allen	1000 Blackenhurst Lane, Allen, TX	US
S1-972046833	Urgent Care Partners LLC	5321 Cobleigh Road, Fl 1, Eagle Point, OR	US
S1-681710657	Rojas Factory Co	4018 Commerce Street, Dallas, TX	US
S1-571829285	Integrated Optimal Transport Associates	102 Benjamin Court, Bedford County, VA	US
S1-607139509	Apex Elite Fox	137 Chesterfield Way, Folsom, CA	US
S1-183755883	Jones Term LLC	220 Bob White Trail, Burleson, TX	US
S1-885184733	Select Security Digital	5017 Taylor Lane, Ellicott City, MD	US
S1-939405729	Velvet's Farms Inc.	8636 Sanguin Drive, Silsbee, TX	US
S1-616450559	Jackson American Tech LLC	5983 E Alexandria Pike, Newport Ky, KY	US
S1-82915250	Baia LLC	176 Manatawny Street, Pottstown Borough, PA	US
S1-6819617	Consolata's Financial	2573 Fort Road, Belton, TX	US
S1-676953416	Wachter Wave LP	106 18th Avenue, Calvert City, KY	US
S1-209275816	Capital Network	1120 Mac Arthur Drive, Unit 2201, Carrollton, TX	US
S1-331950193	10 23 Advanced	4928 Calle Espana, Albuquerque, NM	US
S1-49816297	Vision Consultants Limited	At Post Dream Land City Sawangi, Sawangi, Wardha, Maharashtra	India
S1-57720049	Harbor Heartland Rogers L.L.C.	3215 Everlasting Lane, Middle River, MD	US
S1-880790440	Ronalda S. Smith, MD, P.C.	1501 Rita Lane, Iowa Park, TX	US
S1-417921833	CU Electronic Inc	632 107th Street, Lincoln, NE	US
S1-5261369	Mumbai Exports Private Limited	C 401, Sharmin Chs Ltd, Shanti Park, Vallabh Baug Cross Road, Ghatkopar East, Mumbai, Mumbai City, Maharashtra	India
S1-110622457	Kats Holdings	126 Bridge Street, Hillsborough, NC	US
S1-31149111	Standley Superior Eagle	271 Stones River Lane, Broken Bow, OK	US
S1-306947086	National Precision Central	TX, 8614 Doves Yard, Missouri City	US
S1-296801599	Pacific Prairie Futurewave, PC	3740 Bryant Circle, Anoka, MN	US
S1-732559299	Urgent Care Partners LLC	632 3550, Bountiful, UT	US
S1-937596371	Sterling Wholesale Collective Company	200 13th Street, MN, Benson	US
S1-218353623	Zenith LLC	323 32nd Avenue, Clinton, IA	US
S1-379301216	Precision Net Inc.	6330 Brever Road, Town Of Burlington, WI	US
S1-792136434	Classic Investments	Nepean Sea Road, Maharashtra, Matru Ashish, B/B 3, Mumbai	India
S1-263225178	Red East Properties Private Limited	30, Coran Smith Road, Gopalapuram, Madras600086 Gopalapuram, Madras600086, Gopalapuram, Madras600086, Tamil Nadu	India
S1-167866604	Projects One Distributors Ltd	Tata Mills Hsg. Society, Building No. 3, Flat No. 32, 7Th Floor, P, Arel, Mumbai, Mumbai City, Maharashtra	India
S1-400115947	Mulund (West) Financial Private Limited	128, 1St Floor, Runwal Commercial Complex, L.B.S. Marg, Mulund (West), Mumbai, Maharashtra	India
S1-374797986	All Tirupati It	Arazi No. 131 Singhpur Hariyant Nagar, Varanasi, Uttar Pradesh	India
S1-373474207	Tonya Hanks Long	3280 Amelias Way, Hamilton, NY	US
S1-285097507	Webb Credit PLLC	745 -303 Lawrence Drive, Virginia Beach City, VA	US
S1-650938641	C+ Optics, Corp	8500 Palmer Avenue, Bloomington, MN	US
S1-253387656	Mumbai Lifecare	Mumbai, Maharashtra, Punjab Society Andheri-E, Mumbai, 12 Indicos House Shere E	India
S1-642022451	Urology Rapid Clinic	109 Ashton Village Drive, Unit 103, Westerville, OH	US
S1-492453158	EF Sprott	7962 Normanshire Court, Unit COND 101, AK, Anchorage	US
S1-803114457	Winston Peace LLC	477 Lake Street, Grayslake, IL	US
S1-919926451	Adhunik (India) Art Care	No 41/1, Dasappa Garden, Rt Nagar Post, Bangalore, Karnataka	India
S1-340002312	Aarvesh Engineering Ltd	4A Technopolis Sector 54, Golf Club Road, Gurgaon, Haryana	India
S1-850819737	Mirabella Farley Complete Tribeca LLC	516 Davis Drive, Brentwood, TN	US
S1-249955131	Diamond Asset Worldwide	333 Mulholland Drive, Unit 308, St Charles, MO	US
S1-31505100	Highland Charities	77 Montauk Highway, Brookhaven, NY	US
S1-734133368	Zeia Waxahachie L.L.C.	TX, 719 Tulane Drive, Waxahachie	US
S1-34586594	Standard Wireless Digital Inc	875 Little Marsh Creek Road, Boggs Twp, PA	US
S1-305166380	Press Federal	29627 Ridge Avenue, Parkersburg, IA	US
S1-403598854	Quvue Ventures, Inc	10211 Kolin Avenue, Oak Lawn, IL	US
S1-944842362	O M & Q Imperii	515 Ohio Avenue, Kansas City, KS	US
S1-569268640	Jai Solutions	Plot No. 175, 176 & 177, Swamy Ayyapa Society, Guttala, Begumpet, Kavuri Hills, Shaikpet, Hyderabad, Telangana	India
S1-24195381	Hari Marketing LLP	808, Pearl Best Heights-I, Nsp, Pitampura, Delhi, North West Delhi, Delhi	India
S1-176895558	Mithi Interiors Private Limited	C/Oanju M, Nelliyazhikathu, Veedu, Pampalil, Kollam, Kerala	India
S1-970736589	Sunam Ventures Private Limited	First Floor H No 94, Ward No 17 Near Govt, Sunam, Sangrur, Punjab	India
S1-565588840	Urology Associates	946 Forest Avenue, Oak Park, IL	US
S1-936206114	Dia Traders Private Limited	Shed No. 3, Krupa Industrial Estate, Gat No. 349, Ap. Bhare, Near Pirangut, Tal-Mulshi, Dist. Pune, Mulshi, Pune, Maharashtra	India
S1-760816501	Platinum Cargo Works Inc	Apache Junction, 1706 Renfield Avenue, AZ	US
S1-835748999	1143 Jefferson Plaza Management	East Wenatchee, WA, Unit UNIT, 176 Eastmont Avenue	US
S1-328833833	Indresh Technologies Private Limited	1-98/K/16, Hyderabad, Telangana, Plot No.16, South Block Third Floor Kunams Pride, Krithika Layout, Madhapur, Hyderabad	India
S1-562831893	Tech Enterprises Pvt Ltd	519, Narsingh Ward Madan Mahal, Jabalpur, Madhya Pradesh	India
S1-41628234	Gopal Power (India) Limited	Room No. - 903, Shaila Tower, 9Th Floor, J1/16 Ep & Gp Block Salt Lake Sector - V, Kolkata, Howrah, West Bengal	India
S1-655464801	Suryadeep Network Company	No.28 &29, S.S.I. Area, Rajaji Nagar, Bangalore, Karnataka	India
S1-118885341	First Industries Limited	A-12, Meherna Napean Sea Road, Mumbai, Mumbai City, Maharashtra	India
S1-918125630	Gaurik Industrial Private Limited	In C/O Rajat Khurana H No. K 207, Sushant Lok, Gurugram, Gurgaon, Haryana	India
S1-700604640	Montify Imaging	3320 6th 1/2 Street, Terre Haute, IN	US
S1-587336001	International Software Digital LLC	Baytown, TX, 9207 Franklin Drive	US
S1-54581360	Hewitt and Mancias	1405 Victory Street, Greensboro, NC	US
S1-812748456	Silver Lightwave	5255 White Antelope Lane, Colorado City, CO	US
S1-900817625	Cameron Allied Priority	N4231 C, Town Of Freedom, WI	US
S1-499755043	National Alliance	730 Sonander Road, Urbana, OH	US
S1-650676739	Han, Ardisj, MD	6109 Old Greenwood Road, Fort Smith, AR	US
S1-542943106	Vogler and Jackson LLC	10100 Graham Road, Fl 1, Rocheport, MO	US
S1-19702167	Sath Foods	Door No 33/914/6 Chiyyaram, Thrissur, Kerala, Thrissur	India
S1-682741065	PK Anchor Garden LLC	147 Heath Cliff Drive, Mount Gilead, OH	US
S1-254350166	Westin Coaching Private Limited	Infront Of Home Gaurd Office Arazibagh, Azamgarh, Uttar Pradesh, 122	India
S1-521665558	Dental Care Associates, Inc.	1405 Hampshire Place, Nashville, TN	US
S1-200125864	Whitson, Barone and Pitcher Capital LLC	122 Lakeside Drive, Fairfield Glade, TN	US
S1-124748961	Davis & Barnes Co	22 Daniel Road, Wakefield, MA	US
S1-982057819	Galaxy Construction Limited	67 Lala Lajpat Rai Marg, New Delhi, South Delhi, Delhi	India
S1-572417598	Piedmont Committee	3135 Winberry Drive, Franklin, TN	US
S1-414576353	Roger, Breon & Lincoln Tax Service, LLC	326 Sandy Ridge Road, Augusta County, VA	US
S1-945302141	Ferguson Grand Ses, Inc	14 Glendale Road, Kent, NY	US
S1-460943174	Jain Constructions Private Limited	Door No 31/834 V Square It Hub, 4Th Floor, Pulikkillam, West Road, Chembumukku, Ernakulam, Kerala	India
S1-459047012	Womens Health Beacon Physicians LLC	1745 Bryn Mawr Circle, Germantown, TN	US
S1-926459035	Danice L. Davis, P.A.	Donegal Township, 43 Loughman Lane, PA	US
S1-181787180	Novio Orion PLLC	7583 Hilbert Road, Town Of Chase, WI	US
S1-544113386	Niche & Sons Private Limited	House No 543, Sector-9, Gurugram, Sadar Bazar, Gurgaon, Haryana	India
S1-6275028	Jay (India) Bharat Public Limited	28, R. B. Sharma Industrial Estate, Near B Bay Decolite Ric, Asangaon Village, Shahapur, Maharashtra, Thane	India
S1-306272198	Foot & Ankle Health LLC	228 Glenhaven Drive, Amherst, NY	US
S1-854063113	Josey Pioneer Dynamic	4101 Rancier Avenue, Unit 612, Killeen, TX	US
S1-322655550	Katni Impex Limited	Roshan Nagar, Near Mammu Medical Rafi Ahmad Kidwai Ward, Tehsil-Katni, Katni, Madhya Pradesh	India
S1-663521636	Orissa Gala Center	10/11 K B C Road South Dumdum Flat No 4Ab, North 24 Paragans, Parganas North, West Bengal	India
S1-489543846	Shakti Logistics Private Limited	Plot No. Rb-500, Riico, Industries Area Karoli, Tizara, Alwar, Rajasthan	India
S1-574627029	Peraza, Edyth S., DMD	4731 4th Street, Washington, DC	US
S1-434956269	Secure American Bleichroeder	2 Day Street, Norwood, MA	US
S1-496751988	Alma Services	Khasra No.1360/542, Nh-52 Sikar, Village Lakhani Ringas, Sri Madhopur, Sikar, Rajasthan	India
S1-557022390	Theriot Value Made LLC	5050 Fox Hunt Drive, Zachary City, LA	US
S1-514104421	Kshitij Development Ltd	Panzer 36, Door No.8-2-2293/82/A/1, Plot No.1131, 2Nd Floor, Road No .36, Pillar No .1639, Jubilee Hills, Khairatabad, Hyderabad, Telangana	India
S1-742670242	Associated Environmental Systems Inc	2325 44, City Of Oshkosh, WI	US
S1-878533471	Kolkata Child Limited	Riaz Manzil, 139/1A Tiljala Road, Kolkata, Kolkata, Howrah, West Bengal	India
S1-614013818	Salvo Home Improvements	924 Lynchburg Drive, NC, Jacksonville	US
S1-971412818	Classic Classic Solutions Private Limited	Ward No. 12, Main Road Maryad Patti, Bhadohi, Sant Ravi Das Nagar, Uttar Pradesh	India
S1-23867217	Qualtech Organic Pvt Ltd	F-20 Street 1 Chhuriya Mohalla Tuglakabad Village, Delhi, South Delhi, Delhi	India
S1-145490067	Urban Pizza	Montgomery, 6959 Sandfield Drive, AL	US
S1-457818156	Mccall Offshore LLC	1120 Bayswater Drive, Union, KY	US
S1-426932673	West Health Center	11563 135th Avenue, Unit #57, Tigard, OR	US
S1-339725837	Baney Intelligence Inc.	TX, Dallas, 6623 Park Lane	US
S1-611800581	Christ Cathedral	129 Lafayette Avenue, Niles, OH	US
S1-830961276	Battista Sound LLC	959 Stonewall Street, Memphis, TN	US
S1-934610975	Delta Coastal Yorkville LLC	9944 Monte Way, Newburgh, IN	US
S1-965176328	Continental Society Inc	311 Goodyear Avenue, NY, Unit Apartment 1, Buffalo	US
S1-590474630	Bright Hair Studio	1887 Breckenridge Street, Springdale, AR	US
S1-202025302	Oncology Associates LLC	2310 Iris Drive, Sierra Vista, AZ	US
S1-315143846	Education Program	522 Oakland Avenue, Indianapolis, IN	US
S1-665174875	Silver Consultants Private Limited	No. 42, Narayanasamy Nagar Bharathi Rd, Telungupalayam, Coimbatore, Tamil Nadu	India
S1-568565453	Satterfield, Crawford and Copeland Newbury Inc	1204 Bennett Drive, Pasadena, TX	US
S1-952181505	Lee Prime Ventures Care	1580 Cornerstone Street, Hartville, OH	US
S1-325029175	Molina Illumination LLC	690 Tarheel Road, Benson, NC	US
S1-148613177	Huntsinger Space LLC	1684 Mechanicsburg Road, Unit 77, Wooster, OH	US
S1-740377287	Triplett Charter School	2600 Cabin Creek Road, Alexandria City, VA	US
S1-982252004	Rrs Memorial Trust	Plot No-30, Unit No-308, Globe Business Park, Kalyan, Thane, Maharashtra	India
S1-387200680	Guru Consulting Private Limited	Flat No.303, Infinite Heights, Beta Block, Prashanthi Hills, Nizampet, Hyderabad, Telangana	India
S1-603259566	1767 Main Blvd Properties	321 Shady Lane, Unit J, East Pennsboro Township, PA	US
S1-457381309	Urgent Care Keystone Associates Corporation	116 Fulton Avenue, Baltimore, MD	US
S1-850746745	Indian It Private Limited	Shop-305, 3Rd Floor, Raghuvir Business Empire, Opp. Sky View, Puna Kumbhariya Road, Surat, Gujarat	India
S1-302615591	Real Infrastructure Pvt Ltd	Pune, S No 83/1, Pune, Maharashtra, 84/34, Ginger Pimple Saudagar Bld A4-B, Flat -206	India
S1-385705072	Vantari Aimei Inc.	5804 Connecticut Avenue, Chevy Chase, MD	US
S1-531226700	Blazek & Walter, LLC	East Rockaway, 11 Roosevelt Avenue, NY	US
S1-960591277	Gila Bend Youth Chiropractic	511 Norma Street, Gila Bend, AZ	US
S1-979360086	Modern Ampercap Inc	CT, Bridgeport, 65 Sanford Avenue	US
S1-749879091	Mumbai Financial Pvt Ltd	8Th Floor, Unit 803, Godrej Two, Pirojsha Nagar, Eastern Express Highway, Vikhroli (E), Mumbai, Maharashtra	India
S1-182498037	Shree Elevate Private Limited	A-2/30-31, West Delhi, Delhi, 3Rd Floor, W.H.S., Dda Marble Market, Kirti Nagar, New Delhi	India
S1-19243804	Taransh Ecomm Private Limited	P No. 97E/P New Madhava Nagar Almasguda, Hyderabad, Telangana	India
S1-821974326	Devereaux & Blanchard Johnson	108 Roundtable Drive, Peters Township, PA	US
S1-647072167	Diamond Packaging Innovations Corp	Unit 303, Washington, 3000 Tilden Street, DC	US
S1-990408697	Summit Medical Center, LLC	122 58th Street, Vienna, WV	US
S1-976398495	Jacobo Trusted Fidelity LLC	505 Rock Road, Unit APT 1433, Wichita, KS	US
S1-497222906	Hutchinson Ridge Ford Inc	4301 Winesap Drive, Hutchinson, KS	US
S1-648194221	Coastal Triton LLC	371 Flint Street, Unit Unit 1, Rochester, NY	US
S1-705391328	Rudraksh Trading Private Limited	1611/6, Sai Vihar Colony, Mhow, Indore, Madhya Pradesh	India
S1-974553829	New Delhi Electronic Limited	H.No-16A Flat No-2, 3Rd/F, Palam Marg Vasant Vihar, New Delhi, Delhi	India
S1-819361387	Vonnie's Clear Physical Therapy	580 560 Avenue, Pittsburg, KS	US
S1-577851772	Ons International School	New Delhi, Kno-58/66/65, Hno-24-C, S/F, Gautam Ngr, Near Father Angel School, Delhi, South Delhi	India
S1-333120931	Sml Vinayak Limited	Krishna, Andhra Pradesh, Meduru, 1-31, Near Muthyalamma Gudi, Satyalapudi	India
S1-896888838	Niemi Metro Capital Inc.	144 Fairgrounds Road, Plattsburgh, NY	US
S1-583094024	Ridge School of Medicine Inc	217 Foxgrape Hollow, NC, Beech Mountain	US
S1-886891053	Letaum	Shadyside, OH, 4401 Grand Avenue	US
S1-520444247	Riia Holdings Group	9124 Latimer Place, Tulsa, OK	US
S1-373971106	Cordero, Hurd & Torres Doubleline	714 Fayette Drive, Euless, TX	US
S1-650309082	Beulah Flesner Better Cherry LLC	4721 Marlwood Way, Virginia Beach City, VA	US
S1-164245960	Ram Premises Private Limited	Rupantar Building, 891 Jessore Road, 2Nd Floor, Dum Dum Park, North 24 Parganas, West Bengal	India
S1-321494836	Kural Soft Private Limited	C/O Meher Kumar Nigam, Na, Jail Talab Road Meherpuri, Hamirpur, Uttar Pradesh	India
S1-76465631	Future Construction Private Limited	B-103, Maharashtra, Mumbai, Sumer Nagar No 3 Chsl, Opposite Kora Kendra S.V. Road, Borivali West, Borivali West	India
S1-386510634	Doyle & Falvo Group	38815 Coultrap Road, Cadiz, OH	US
S1-342874727	NIQ Capital British LLC	Portland, OR, 10136 Oswego Avenue	US
S1-315209126	OT Chemtech Pvt Ltd	Malapuram, Malappuram, Moyottil, Vairankode, Thirunavaya Via, Tirur, 20/420, Kerala	India
S1-413962509	I 8 R Pacific	393 White River Drive, Pacific, WA	US
S1-682382012	Mcdaniels and Piasecki	720 Pacific Avenue, Portsmouth City, VA	US
S1-558113035	Orbit & Brothers Private Limited	18, Vishalatchi Street, Thirunagarm, Aruppukottai, Virudhunagar Dist., Virudhunagar, Tamil Nadu	India
S1-443395761	Dayton Xpress Partners	Bangalore, 1St Floor, P.N Plaza, Munekolalu Main Road Behind Adishwara Electro World, Marathah, Karnataka, Alli, No : 1	India
S1-747562440	U 3 Choice Resource LLC	Charlotte, NC, 511 Wilby Drive	US
S1-670951954	Hexa International School	Ramkrishna Nagar, P. O. Midnapore Dist. Paschim Medinipur, Midnapore, West Bengal	India
S1-226234641	Premier Telecom Inc	9112 Charles Street, Omaha, NE	US
S1-781264920	Harbor Medical Center	8612 Smart Avenue, Kansas City, MO	US
S1-879543168	Foot & Ankle Clinic	MA, 545 Loomis Street, Westfield	US
S1-717274800	Liberty Enhanced LLC	14475 Greene Street, Palmyra, IN	US
S1-71093974	Saffron Brothers Private Limited	Kh No. 42/17/1, Kangan Heri Road Near Rangoli Farm, Chhawal, New Delhi, South West Delhi, Delhi	India
S1-57647830	Silver Horizon Coinshares, LLC	653 Main Street, Unit 56, Grantsville, UT	US
S1-29901101	One Investments Limited	Survey No.136, Brindavan Colony, Narsingi Village, Shankarpally, Gandipet, Shankarpally, K.V.Rangareddy, Telangana	India
S1-727589600	Good Indo Investment Limited	Panchamrut Building No E/204, Kavesar Waghbill, G B Road, Thane, Maharashtra	India
S1-120133145	Veith, Hazelett and Kovach LLC	576 Washington Street, Unit 401, Weymouth, MA	US
S1-740818366	Arabela Leedom, O.D.	Lancaster, 76 Brunswick Road, NY	US
S1-97942542	Lee, Stock & King Mitsubishi Inc	150 Old Liverpool Road, Unit Apartment 403, Salina, NY	US
S1-203605841	All Logistics Private Limited	Maharashtra, Unit No: 403, B-Wing, Kailash Business Park 4Th Floor, Kailash Complex, Parksite, Vi, Khroli (W), Mumbai City, Mumbai	India
S1-688588036	Pittman Tri-State Antimony	15405 35th Avenue, Unit G36, Lynnwood, WA	US
S1-637128353	Banner Farm Private Limited	Nishit Diamond Complex 5/1129-30, Gujjar Faliya Contractor No Khocho, Mahidharpura, Haripu, Ra, Surat, Gujarat	India
S1-330193789	Eternity & Brothers Limited	410-411, Times Square Arcade, Opp. Rambaug, Nr. Ravija Plaza, Thaltej-Shilaj Road, Thaltej, Daskroi, Ahmedabad, Gujarat	India
S1-606322752	Bureau of Buildings	2430 Gobbler Ridge Road, Powhatan County, VA	US
S1-291922534	Patriot Veterinary Clinic	6820 Vista Terraza Drive, Albuquerque, NM	US
S1-948342376	Surya Power Limited	Mumbai City, Mumbai, 104, Opp Star Indl Estate Bhd Sakinaka Telephone Exchange, Kurla West, Maharashtra	India
S1-549405876	Binary Memorial Trust	F-31, 301 Serenity, Puranik Home Town, Kasarvadavli, Ghodbunder Road, Thane W, Thane, Maharashtra	India
S1-242694347	Trusted Retail LLC	26 Katrina Drive, Sulphur Springs, TX	US
S1-258215643	City Business Limited	Grd Flr, Razavi, Plaza, G.M.Koli Rd, Chendan, Thane, Maharashtra, Shop No.9, Thane	India
S1-377629545	A Diamond Tribeca Inc.	13491 Solitude Circle, Victorville, CA	US
S1-303915074	Real Infotech Private Limited	Shop No 243, Second Floor, Silver Business Hub, Choryasi, Surat, Gujarat	India
S1-913862885	Hyde Advisors (India) Private Limited	A-087, Uniworld, Resorts, Sector 33, Basai Road, Gurgaon, Haryana	India
S1-683164864	Bureau of Public Works PC	921 Mountain Branch Circle, Vestavia Hills, AL	US
S1-128623791	Primary Care National Clinic Inc	141 Blake Lane, Mt. Juliet, TN	US
S1-519696617	Chakraborty & Co	599, At Post Girvi Tal Phaltan, Satara, Maharashtra	India
S1-600526776	Legacy Cleaning LLC	Unit Unit 112, 1305 University Avenue, IA, Waukee	US
S1-994808613	Big Advisor Private Limited	New No. 48/2 (Old No.157), Luz Church Road, Mylapore, Chennai, Tamil Nadu	India
S1-715888147	Cobbs and Sharer LLC	IL, Glenview, 2646 Pauline Avenue	US
S1-331216540	Heidi Avila Marine Corp	8901 Sierra Street, Tucson, AZ	US
S1-338864090	Rebman, Brant & Schmidt PLLC	735 20th Ave, Unit 4, Coralville, IA	US
S1-665978240	Cascade Oyj L.L.C.	270 Rock, Piedmont, KS	US
S1-626448631	Cadle Ubs LLC	WA, 12623 69th Avenue, Seattle, Unit 14	US
S1-83643982	Urban Lakshmi Global Private Limited	House No.-183A, Block, Wp Landmark, Near Mp Mall, Delhi, North West Delhi, Delhi	India
S1-798239355	Carner, Morrison & Streit Token	3335 Stratford Green, Uniontown, OH	US
S1-243418626	Mercie Bowe Highland Motors Care	9158 Maple Grove Road, Unit F, Windham, OH	US
S1-928144773	Spears & Crews	Hixson, TN, 420 Sevier Street	US
S1-426371877	White City Ventures Pvt Ltd	H-3 Main Marketrajouri Garden, New Delhi, West Delhi, Delhi	India
S1-425693286	Kanjirathinkal Exports Private Limited	4/485 A, Parappil House, Paittooli, Malayamma Po, Kanjirathinkal, Kozhikode, Kerala	India
S1-583158694	Anderson Elite Direct LLC	540 1st Street, Mcminnville, OR	US
S1-724555654	Gonzales & Song	37 Olivewood Circle, Wilton, ME	US
S1-114141453	A Integrated Robotics LLC	2 Lakeshore Drive, Lewisboro, NY	US
S1-852488065	Swearingen's Property Solutions	82 Kimberly Avenue, Buffalo, NY	US
S1-928295555	Urology Specialists LLC	74 Ridge Road, Henry County, VA	US
S1-766806235	Handy & Sons Partners	Sp-229, Shree Vishnudhara Garden, Bh. Eulogia Hotel, Jagatpur, Sola, Ahmedabad City, Ahmedabad, Gujarat	India
S1-444321851	Beum Edison LLC	Unit 2, 19 Peters Street, Cambridge, MA	US
S1-534650704	Clear Telecom Brands LLC	8918 C Drive, Mascot, TN	US
S1-920411696	Aver Builders Pvt Ltd	Delhi, Central Delhi, New Delhi, Plot No.-49 Bank Street, Naiwala, Karol Bagh, 2041-2046	India
S1-25399151	Dy Pattana LLC	563 Mystic Drive, Greensboro, NC	US
S1-91376895	Hyderabad Cuisine Private Limited	Flat No. 101, Vamsiram'S Jyothi Vista Road No.5, Banjara Hills, Hyderabad, Telangana	India
S1-817966357	Universal My Consulting Private Limited	No. 57/1, Chettiyar Agaram Main Road, Chettiyar Chettiyar Agaram, Chennai, Tamil Nadu	India
S1-669297357	Bright Consultancy Private Limited	C/O Vijay Kumar 89A, Co-Op A Colony K K Pudcr Cbe - 38, Coimbatore, Tamil Nadu	India
S1-26257270	The Dent Pub!	4846 Waveland Avenue, Chicago, IL	US
S1-124273967	Pediatric Dentistry Care Associates LLC	14229 104th Avenue, Sun City, AZ	US
S1-38015313	Solic Antimony LLC	1018 Turin Avenue, Youngstown, OH	US
S1-771332600	Memorial Fellowship	80 Brennan Beach, Unit Site 1039, Richland, NY	US
S1-238300692	Bright Ventures LLP	No 104 Gauthami Iconia, P Janardhan Reddy Nagar, Seri Lingampally, K.V.Rangareddy, Telangana	India
S1-645413656	Tech Super Logistics Private Limited	House No.48, North West, New Delhi, Block Lu Pitampura, Near District Park, Delhi	India
S1-479904316	EM Superior Dome, Inc	Unit Suite 109, 8 Civill Avenue, NY, Coeymans	US
S1-468912230	Romero Renaissancere LLC	220 Tacoma Avenue, Unit #1406, Tacoma, WA	US
S1-445383442	Lorene's Systems	Pleasant Plains, AR, 570 Flippo Chapel Road	US
S1-40778942	White, Glass and Lucero Workshop Inc	1175 Fulton Avenue, Bronx, NY	US
S1-574597330	Cox, Alaniz & Bryson LLC	928 B Calle Del Llano, Taos, NM	US
S1-120666077	Boswell Bitcoin of Town Of Plover	232635 Y, Town Of Plover, WI	US
S1-481493147	QTN Logistics Private Limited	18-2-43/A/51/A/1, Ghazi Millat Colony, Chandrayana Gutta, Bandlaguda, Hyderabad, Rangareddy, Telangana	India
S1-580184905	Haire Lakeshore Inc	928 Arroyo Lupine Circle, Kirtland Afb, NM	US
S1-966215927	Sangam Merchants Pvt Ltd	Flat No 1404, Pegasus A Wing Meenakshi Sky Lounge Hitex Road Khanamet, Hyderabad, Rangareddy, Telangana	India
S1-866928885	Dream Ventures Pvt Ltd	H.No.2-1-30/9, Plot No.9, Road No.1C, Mamathanagar Colony, Hayathnagar, Hyderabad, Telangana	India
S1-677818404	Dunlap Family Office Inc.	1650 Dragon Tail Place, Fl 1, Medford, OR	US
S1-469090029	Bangalore Chits Limited	Flat No B1, 2Nd Floor, Hrc Heaven Apartment Hagadur Village, Whitefield, Bangalore, Karnataka	India
S1-848861105	Galaxy Products	Ahmedabad, Gujarat, Pntc Radio Mirchi Tower Road, Satellite, B/901-902, Ahmedabad	India
S1-472982223	Delta Center Inc	13 Charles Street, Clarkstown, NY	US
S1-813343644	Moore, Limon & Mendoza, LLC	106 Juliana Court, Fl GROUND FLOOR, Columbia, IL	US
S1-502055237	Rush and Theisen LLC	765 Benthall Cook Road, Rich Square, NC	US
S1-700941357	Alpha It Private Limited	Office No. 814, Iconic Shyamal, Shyamal Cross Road, 132 Ring Road, Satellite, Ahmadabad City, Ahmedabad, Gujarat	India
S1-295068151	Best Engineering Private Limited	Mig Flat No. -110, Block-Y-1 Sector- D-6, Vasant Kunj, New Delhi, Delhi	India
S1-845065538	T+ Wellness LLC	3135 Holly Street, Seattle, WA	US
S1-521782533	East Perfect Systems Private Limited	46A, Block-E, Panki, Kanpur Nagar, Uttar Pradesh	India
S1-934372546	Lakshmi Impex Private Limited	51, First Floor, Mayur Market Opp. S.B.I. Thatipur, Gwalior, Madhya Pradesh	India
S1-674583713	Vijay Media	11B, Pavadai Naicker Street, Erode, Tamil Nadu	India
S1-119187241	Silver Classic Industries Private Limited	Dr.No.299, Anandha Nagar, Gudalur (N) And (S), Coimbatore North, Coimbatore, Tamil Nadu	India
S1-44209933	XDM Electrical Ltd	23, Pancham Shoping Mole Nicol Gam Road Nicol, Ahmedabad, Gujarat	India
S1-139788091	Solstice	2502 Monticello Road, Temple, TX	US
S1-989889903	Karylin Adame Highland Dividend Care	617 Pine Street, Chelsea, OK	US
S1-46476721	Engler and Chen LLC	527 Broadway Street, Quincy, IL	US
S1-628111709	Laxmi Care Private Limited	C-102, Juniper Block, Salarpuria Greenage, Hosur Road, Bommanahalli, Bangalore, Karnataka	India
S1-164236538	Value Finance Limited	759/34, Bhandarkar Road, Near Pyc Hindu Gymkhana, Pune, Maharashtra	India
S1-718720172	Creative Custom Rain Inc	1701 Rollins Drive, Fairfax County, VA	US
S1-796849037	Global Properties Limited	11-785 Vasundhra, Ghaziabad, Uttar Pradesh	India
S1-818895480	Operating Engineers Union Local No 815	TX, Canyon, 17 Northridge Drive	US
S1-51145721	Baptist Services	217 Springbrook Lane, Chesapeake City, VA	US
S1-311790241	Modern Classic Webster PC	Unit L18, Smyrna, 1022 Nissan Drive, TN	US
S1-373673673	Shree Industries Private Limited	Hno 15-74, Tekulapalli, Khammam, Telangana	India
S1-525696388	Consultants Sancus Industries LLP	Mumbai City, E-303, Maheshwari Nagar Bldg. D & E Chs Ltd, Maheshwari Nagar, Midc, Andheri (East), Mumbai, Maharashtra	India
S1-215077056	Mount Community Church	458 Wallace Road, Luttrell, TN	US
S1-5549868	VBO Atlantic Software, Inc.	662 Rania Way, West Fargo, ND	US
S1-282054809	Samyuktha Developers Private Limited	C/O Kalyaniwalla & Mistry, Plant 13, Extension Off Eastern Express Highway, Pirojsha Ngr, Vi, Khroli (E), Mumbai, Maharashtra	India
S1-472380791	Eastern Apex Cell, Inc	AZ, Tempe, 1145 Kelly Lane	US
S1-730596480	Multi & Sons Clinic	12/2/3 Ground Floor Simla, Nagar Hutments, Off L D, Mumbai, Maharashtra	India
S1-378844779	Real Medical Centre Private Limited	Shaikpet, Telangana, Unit No #409, 4Th Floor, Jain Sadguru Capital Park, Hyderabad	India
S1-876182108	Nealy, Gilchrist & Lopez Inc	NC, Unit 1918, 9 Harrington Street, Raleigh	US
S1-931325722	Metro Logistics LLC	522 Addison Street, Chicago, IL	US
S1-96499677	Olanent Webster LLC	145 Langdon Farm Circle, Fl 0, Odenton, MD	US
S1-835747291	Juliann Rockwell Chadwick LLC	1205 Spaulding Avenue, Chicago, IL	US
S1-359921880	MLN Spark Inc	15541 Rolling Ridge Drive, Chino Hills, CA	US
S1-737768510	Zingo Enterprises Pvt Ltd	7, 17-B, Sra Building, Motilal Nehru Nagar, Bkc, Santacruz - East., Mumbai, Mumbai City, Maharashtra	India
S1-54436353	Reece Grading, LLC	17504 Peacock Road, Whiteville, NC	US
S1-178139149	Freida Hodges, Esq.	TN, 3738 Abercrombie Circle, Chattanooga	US
S1-941283185	Lee National Bread Inc.	9190 New Haven Road, Harrison, OH	US
S1-58845326	Southern Kongsberg	WA, Olympia, Fl 1, 2323 Cedar Park Loop	US
S1-204137387	Nadaon	2515 Otsego Drive, Fort Wayne, IN	US
S1-582396159	Allied Bnb Inc.	415 Mccurdy Avenue, Rainsville, AL	US
S1-999769991	P+ Hydro	4 Whitman Avenue, Oyster Bay, NY	US
S1-675447424	Michaela's Apex Holdings	135 Waterbury Avenue, Stamford, CT	US
S1-70249854	Optimal Antimony, LLC	5148 Blazer Parkway, Unit A, OH, Dublin	US
S1-695343626	Laxmi Al Technology Private Limited	Agra, Post Rahalai Thana Iradat Nagar, Uttar Pradesh, Agra	India
S1-260309710	Armas Rare Corp	TX, 8117 Rosemary Sage Drive, Magnolia	US
S1-330042716	Value Nutrition Collective	1994 403, Bonnots Mill, MO	US
S1-886985971	JZ Services Private Limited	Konark Estate Opp. Poona Club, Pune, Maharashtra, 6/7	India
S1-828914430	Services Adel Analytics Group	F-90/2, New Delhi, Delhi, Okhla Industrial Area-Ii, South Delhi	India
S1-620121232	Good Food Private Limited	Office No. C-702, S.No. 6/10/13, Bramha Vantage Building, Haveli, Pune, Maharashtra	India
S1-984392458	Metropolitan Network	1240 3rd Street, Unit 908, Washington, DC	US
S1-293014403	Behavioral Health Group	Bullard, TX, 107 Summit Ridge Drive	US
S1-251043974	Revere Surgical Clinic	10 Prospect Avenue, Unit 8, Revere, MA	US
S1-582055058	Om United Projects Private Limited	Sumati Palace Shop No 501, Boring Road, New Capital, Phulwari, Patna, Bihar	India
S1-766278627	Kolkata Real Private Limited	P-16, Bentinck Street, Kolkata, Kolkata, Howrah, West Bengal	India
S1-68890383	Business Biomedical Collective	11642 Welebir Street, Loma Linda, CA	US
S1-636580562	Kesar Public School	Madras.1., 250, Tamil Nadu, Govindappa Naicken Street, Madras.1. Madras.1.	India
S1-112805454	Diamond Brothers Pvt Ltd	Bhavani Shanker Bunglow, L T Road, Mulund (E), Mumbai, Maharashtra	India
S1-360386348	Mananet Fifth	102 Coe Avenue, Middletown, CT	US
S1-659663175	International Logistics Private Limited	Shopin Hno-Je-6Gf Khno 56, Gupta Colony, Khirki Ext, New Delhi, South Delhi, Delhi	India
S1-432538447	Indo Innovative Technologies Private Limited	Patahi Jagarnath Ward 3, L P Shahi College Road, Bandra, Muzaffarpur, Bihar	India
S1-111004357	Pioneer Global Private Limited	Pushpak-22, Mitra Niwas Road, Ratlam, Madhya Pradesh	India
S1-430980477	International Infra Private Limited	No. 61, Whitefield Road, Mahadevapura, Bangalore, Karnataka	India
S1-747837855	Chandram Builders Private Limited	Khasra No-87 Babu Bihar, Ibrahimpur, Lucknow, Uttar Pradesh	India
S1-191207185	Arsa Trust Co	Flat No-401, Andilo, Harekrushna Enclave, Bhubaneswar, Khordha, Orissa	India
S1-556943217	Vitrag Services Private Limited	Kolkata, Howrah, West Bengal, 7/1, Kirtibus Mukherjee, Road, Kolkata	India
S1-314506579	Super Industries	Meerut, Uttar Pradesh, H. No. 95, Golden Avenue, Phase Iii	India
S1-908532147	Vertex Broadband Associates	3082 132nd Avenue, Blaine, MN	US
S1-50673223	Behavioral Health Care Associates of Port Jervis	35 Orchard Street, Port Jervis, NY	US
S1-728071798	Regan, Manon R., P.A., DDS PC	2710 Walnut Street, Springfield, MO	US
S1-938092819	Peon Star Metals LP	2930 33rd Street, Indianapolis, IN	US
S1-701575440	Flores Peak Goldman	Unit 60, MA, Chelmsford, 270 Littleton Road	US
S1-70696171	Barnes Flagstar Corp	4882 Greenway Wash Drive, Tucson, AZ	US
S1-190408386	Jocelyn A. Segura, L.C.S.W.	5620 Central Avenue, Washington, DC	US
S1-893706007	Y & M Canada Ltd	14303 Northwyn Drive, Silver Spring, MD	US
S1-961750321	Royal Developers Private Limited	S.F. 19, A.P.M. Mall, Nr. Petrol Pump Nr. Shubhlabh Soc, Sun & Step Club, Sola, Road, Ahmedabad, Gujarat	India
S1-843060396	Shyam Marketing Limited	B-28/3, Flat No. 303 Third Floor Shaheen Bagh Abul Fazal Enclave Ii Jamia, Nagar, Delhi, North East, Delhi	India
S1-301050317	Kehoe Premier Electronics Group	1727 Madison Drive, Rogers, AR	US
S1-165492357	Baldwin and Trant LLC	3520 Salmon Avenue, Redmond, OR	US
S1-523523918	Seaport Services Private Limited	22/A, 1St Floor, Shri Bombay Cotton Mills Estate, Dattaram Lad Marg, Kalachowki, Chinchpokl, I, Mumbai, Mumbai City, Maharashtra	India
S1-488492940	Cardiology Health of Burgaw LLC	5221 53, Burgaw, NC	US
S1-775603395	Hotel Baba Infrastructure Pvt Ltd	Plot.No.45/A, Part Park Town Colony, Patancheru, Medak, Telangana	India
S1-487827045	Jain Bharat Logistics Private Limited	A-1206, Empire Business Hub Opp. Shakti Farm, Science City Road, Sola, Ahmedabad, Gujarat	India
S1-257911549	Leque Wellness LLC	27619 127th Avenue, Kent, WA	US
S1-19554261	N I & F Resorts Inc	215 Siderius Lane, MT, Bigfork	US
S1-16896798	Jemmy P. Walker, Ph.D.	1564 Amesbury Road, Toledo, OH	US
S1-368836679	Horatia Wilson America Inc.	758 Cr 674, AR, Green Forest	US
S1-925859038	Express Wireless Innovations	204 Wayside Court, Bedford, TX	US
S1-708514008	Cardiology Associates LLC	120 Presidential Circle, Marshfield, MA	US
S1-836795597	North Projects Private Limited	Shop No. 17, Gf, Office, Tehar 1, Subhash Nagar, New Delhi, West Delhi, Delhi	India
S1-945037506	RV Strategic Applied LLC	296 Bethany Road, Franklin County, VA	US
S1-635567886	Odyssey India Pvt. Ltd.	661-662, 6Th Floor, Building No. 6, Solitaire Corporate Park, Chakala, Andhe, Ri (E), Mumbai, Mumbai City, Maharashtra	India
S1-519874886	Kolkata Investments	Plot No-19-20, Udayan Industrial Estate, 3, Pagladanga Road, Kolkata, Kolkata, Howrah, West Bengal	India
S1-283989759	Meenan It	No. 14/544, East Avenue, Road M K B Nagar (Part 3), Perambur Purasawalkam, Chennai, Tamil Nadu	India
S1-8863988	Hitech It Pvt Ltd	Karimnagar, Telangana, Peddapally District, H.No 4-6-297/2, Main Road, Ntpc, Jyothinagar, Ramagundam Mandel	India
S1-169564442	Global Consulting	Old No. 38, New No.73, Coral Merchant Street, Mannady, Chennai -, 600 001., Chennai, Tamil Nadu	India
S1-711985251	Pediatric Dental Associates, Inc	946 Lenox Lane, Carmel, IN	US
S1-845064679	Prather's Accounting LLC	Unit B, 8333 B Saddle Brook Drive, TX, Temple	US
S1-582660204	Elegant Ventures Private Limited	Bangalore, Shop No 9, Second Floor, 27Th Main, 13Th Cross, 1St Sector, Hsr Layout, No 2580, Karnataka, Bengaluru	India
S1-623177460	Brightance Fisheries, Inc	8648 13, Wheeler, NY	US
S1-219055946	Smith Foods LLC	Glendale, AZ, 17220 66th Terrace	US
S1-415790652	Legacy Bond Inc	199 Vaughan Street, Unit APT 4, Portland, ME	US
S1-724011066	Luna Fusion	8000 1/2 Wildcat Pass, Austin, TX	US
S1-864085837	Colonial Initiative II	MA, 172 Leopold Street, Springfield	US
S1-782879077	Nagora Interiors-Kannur	Zahra Complex, Ballard Road, Beside New Nikshan Electronics, Kannur, Building.No 52/6094, Kerala, Kannur	India
S1-869233568	Theadora's Express Sciences	6316 Hampton Ridge Road, NC, Raleigh	US
S1-788113049	Pioneer Care Private Limited	Stellar Kings Court, Plot No -F-32, Flat No. B-204 Sector-50, Noida, Gautam Buddha Nagar, Uttar Pradesh	India
S1-113487796	WH Servicesprivate Private Limited	Unit 403, 4Rth Floor, Sbr Gateway Huda Techno Park Madhapur, Hyderabad, Telangana	India
S1-557320684	Stern, Torres and Hermes Blackrock Inc	548 12th Street, Alton, IL	US
S1-532195683	Continental Patriot Iron	750 239th Lane, Sammamish, WA	US
S1-864232228	Gulf Montessori School	Oyster Bay, 134 Division Avenue, NY	US
S1-138665556	Sanders Veterinary Clinic Partners	3029 Community Circle, Murfreesboro, TN	US
S1-393345405	Aurora	935 3rd Avenue, Unit 101, Hickory, NC	US
S1-372053738	Quality Cloud Networks	3618 Maris Way, Humble, TX	US
S1-241389619	Prashant Ahmed Limited	D-201 Mayfair Meridian Bldg-2, Off Sv Rd Amboli, Ceaser Road, Andheri West, Mumbai, Mumbai City, Maharashtra	India
S1-314567026	Superior Pinnacle Etf, Inc	357 Lynwood Station Boulevard, Mt. Juliet, TN	US
S1-294500958	Community Midwest Association Corp	77 Woodcliff Road, Wellesley, MA	US
S1-890823887	Continental Accounting	137 Lower Ridge Road, Conway, AR	US
S1-368767037	Short Advanced Mitsui	11926 Lois Lane Drive, Pinehurst, TX	US
S1-612148311	Campaign Embroidery Private Limited	H.No.2/6/86, Arya Kanya Road Kandhari Bazar, Faizabad, Uttar Pradesh	India
S1-946539441	Rom College, LLC	E8829 555th Avenue, Town Of Elk Mound, WI	US
S1-33429719	East Tech Private Limited	Indis One City Hitech, Beside Malaysia Township, Tirumalagiri, Hyderabad, Telangana	India
S1-269770838	Wood, Dawn, D.C.	811 4th Street, Unit 512, Washington, DC	US
S1-168486873	Bubbles Corporate Private Limited	S No. 129, Plot No. 18/1, Ideal Colony, Paud Road, Pune City, Pune, Maharashtra	India
S1-514557658	Edita Majewski Education LLC	351 Paxton Rd, Gallipolis, OH	US
S1-888728503	Internal Medicine Clinic Inc	706 Edgewater Ridge Court, Apex, NC	US
S1-540915004	Ridge Endocrinology LLC	1972 700 Road N, Pana, IL	US
S1-626976426	Fulcher Ncr Inc	19 Polk Way, Poestenkill, NY	US
S1-878938907	Reliable Equity Works LLC	3670 Pennsylvania Avenue, Weirton, WV	US
S1-257007466	Ziveron	1808 Enoch Lane, Greensboro, NC	US
S1-450880383	Carlie Moore Redwood, Inc	ND, Unit Suite 150, 2701 Uptown Way, Fargo	US
S1-933172058	Qusonex Worldwide LLC	7 Fern Street, Bridgton, ME	US
S1-272254334	Eastern Tech Projects Private Limited	Tp 5/547, Near Mary Matha Cathedral, Thamarassery, Kozhikode, Kerala	India
S1-134945953	Interstate Project	184 Wampum Street, Plainville, MA	US
S1-609662353	Sv Creations Limited	204, S/F, Gali No. 1, A-115, Vakil Chamber, Shakarpur, Delhi, East Delhi, Delhi	India
S1-740616048	Lowe Harbor Airport PLLC	131 Old Mill Road, Newport, NC	US
S1-513881431	VL Mill Limited	41/B, Iii Stage, Vinayaka Layout, Bangalore North, Bangalore, Karnataka	India
S1-251452019	Aditansh Systems	H 108 Connought Circus, New Delhi, Central Delhi, Delhi	India
S1-372776928	Facility Landbase Limited	Scf 7, Model Town Phase 2, Bhatinda, Bathinda, Punjab	India
S1-509945105	Indo Software Limited	Plot No 31P Sector 38 Gurgaon Near Alphine Convent, Gurgaon, Haryana	India
S1-32594856	Indian Investments	West Bengal, Howrah, 2Nd Floor, Kolkata, 62D Topsia Road, Kolkata	India
S1-413411555	Urgent Care Group	1841 Randolph Street, South Bend, IN	US
S1-801528336	National Veterinary Clinic LLC	137 Maple Street, Needham, MA	US
S1-564930729	Isc Consultants Private Limited	Village- Baghakol, Post - Patut, Ps - Bikram, Patna, Patna, Bihar	India
S1-381887294	Gray Tokyo Inc	1567 Roselawn Road, Mayfield Heights, OH	US
S1-694634354	Paramount & Co	204, Sanjay Tower Behind Laxmi Mandir Cinema Tonk Phatak, Jaipur, Rajasthan	India
S1-336106837	Surgical Physicians	3703 Engelke Street, Houston, TX	US
S1-414390428	Capital Star Prudential Co	11915 Oryx Place, Albuquerque, NM	US
S1-902235484	D & O Ocean Inc	65 Thoroughbred Circle, Arden, NC	US
S1-972257555	Alecia Jones For Associates	1637 Mayfield Lane, City Of Madison, WI	US
S1-970240235	Liberty Development LLC	24 Klipstine Road, Grantsville, WV	US
S1-342807694	Prodynex Family Office Inc	4 Garden Lane, Wilbraham, MA	US
S1-707169020	Alvarez Pattana Corp	609 Pleasant Avenue, Highland Park, IL	US
S1-49581873	Farm Advisors Group	41/111(2), Chaobe Gola, Nai Sarak, Bara Chauraha, Kanpur Nagar, Uttar Pradesh	India
S1-486318551	Crystal Apple LLC	Lubbock, TX, 1924 25th Street	US
S1-790697235	Shivansh Hygiene	C/O Lalpari Devi, Sakarauli, Cheriyabariyar, Begusarai, Bihar	India
S1-529216273	Lucky Vidyalaya	27 Ramkamal St P S Watgunge, Kolkata, Calcutta, West Bengal	India
S1-665730727	Am (india) Associates	35, Ground Floor, Ram Nagar, Krishna Nagar, Shahdara, Delhi	India
S1-593824972	Good Trading LLP	9/459 (Old No. Xii/2 A) Chemmanampatty Muthalamada Village Chittur Taluk, Govindapram, Palakkad, Kerala	India
S1-148999036	Modern Quality Algonquin Inc	30 Tobey Street, Moriah, NY	US
S1-664040982	Great Sunshine LLC	IL, 5615 Laurel Avenue, La Grange	US
S1-605707143	Chandal Schmidt Rocky Soulpower Ltd	45 Garmish Street, Dannemora, NY	US
S1-930901311	LA Nexera Inc	409 Missouri Avenue, Belleville, IL	US
S1-236048105	Morgan Advanced Bain LLC	21 Courtesy Drive, Thomasville, NC	US
S1-284216091	Buis Superior Hotels Inc.	8621 Plainfield Lane, Cincinnati, OH	US
S1-78985761	South Builders Private Limited	H.No-75/1064, Sec-62 A, Ganga Vihar Colony, Khoda, Ghaziabad, Uttar Pradesh	India
S1-703451679	Vision Health	1575 Martin Luther King Jr Boulevard, Bldg 1, Chapel Hill, NC	US
S1-827502630	North Hari Software Pvt Ltd	C/O Nirmal Bandyapadhya, Villand Puratanbongaon, Kalupur, North 24 Parganas, West Bengal	India
S1-139255180	Tobi Cabrera Developments LLC	NC, Charlotte, 11437 Foxhaven Drive	US
S1-859846452	Laborers Local Union 122	418 Southeast Boulevard, Clinton, NC	US
S1-563768791	Certified Security Company	Unit 83, 738 University Way, WA, Ellensburg	US
S1-451822591	Consulting Century Assessors Private Limited	No 104 Sudeeksha 2Nd Floor Basaveshwara Hbcs Layout Near Chandra Loyout Police Station, Chandra Layout, Vijayanagara, Karnataka, Bangalore North, Bangalore	India
S1-451496142	Urology Peak Specialists LLC	606 Upland Creek Road, Fl 1, Columbia, MO	US
S1-946621007	Valley Animal Hospital	7076 Ivy Hill Drive, Fauquier County, VA	US
S1-272384681	WCC (i) Group	Plot No. 10, Block No. 6 Ff, Right Side, Spring Field Colony, Sec, Tor-31, Faridabad, Haryana	India
S1-98323209	Leonore Reyes Rapid Pampa	8926 Livenshire Drive, Dallas, TX	US
S1-182663516	Holly Williams North	903 Botetourt Gardens, Norfolk City, VA	US
S1-850593771	First Solutions Private Limited	E-20, Uttar Pradesh, Sector-3, Gautam Buddha Nagar, Noida	India
S1-423903332	Good Vidyalaya	H.No 4-19, Old Alwal Bolarum, Tirumalagiri, Hyderabad, Telangana	India
S1-993692344	Lotus Food Private Limited	Utpal Part-2, Mahanagar, Bareilly, 20, Uttar Pradesh, Bareilly	India
S1-772453453	HPQ Services Limited	903 Lok Mangal, Shrushti Kalyan, Kalyan, Thane, Maharashtra	India
S1-76427580	Kalyani Sand	Visakhapatnam, Vishakhapatnam, 50-13-25/54 Seethammapeta, Andhra Pradesh	India
S1-547361512	Clyyx Chadwick	6140 Pulaski Road, Chicago, IL	US
S1-144223421	Nguyen and Clark Co	1233 Sunnyview Avenue, Dayton, OH	US
S1-292681708	First International Private Limited	Uttar Pradesh, Lucknow, 6/290 Vikas Nagar, Lucknow	India
S1-414948138	Jayne Supply Inc	1654 30th Street, Lorain, OH	US
S1-856054544	I+ Paceline, LLC	1517 Kellett Avenue, Schulenburg, TX	US
S1-176403739	Yetty Kelley, DO PLLC	MA, 1349 Main Street, Worcester	US
S1-654999085	Global Capital LLC	11 Brook Ridge, Simsbury, CT	US
S1-769737254	Perfect Power Private Limited	No.38/280, Newman Junction, Melangadi Road, Kondotty, Tirurangadi, Malappuram, Malapuram, Kerala	India
S1-110195368	L M Morgan Battery	7915 Schmucker Avenue, Alliance, OH	US
S1-466444175	Piedmont Academy PC	8100 Cogbill Road, Chesterfield County, VA	US
S1-345575972	Shivam Solutions LLP	Rangareddy, Telangana, Syno. 177, Puppalaguda, Gandipet Mandal	India
S1-826388298	DUL Four	WA, 117 Regina Drive, Spokane	US
S1-622660156	Kanha Diagnostic Pvt Ltd	D-370 A Mig Flats Pratap Viahr, Sector-11, Ghaziabad, Uttar Pradesh	India
S1-406047699	OBA Home Improvements Inc	301 102 Street, New York, NY	US
S1-21613146	EX Powerloom Private Limited	Hno 20A Nr T Water Plant, Faridabad, Haryana, Vill Palwali, Faridabad	India
S1-142142169	Ross Smart Tax Service LLC	1281 Lawrence Street, Unit 7, Lowell, MA	US
S1-65925119	Lumium Apex Inc	38 Highland Street, Unit 9, Lowell, MA	US
S1-326920362	Lyra LLC	11 Evelyn Lane, Oyster Bay, NY	US
S1-15403568	Chiropractic Group LLC	226 Whitetail Crossing, Oswego, IL	US
S1-306169915	South Smart Laboratories, L.L.C.	16 Bradford Drive, Unit D, Greenfield, MA	US
S1-90878288	Devan Digital	1-29, Utnoor Village Sadashiva Nagar Mandal, Kamareddy District, Nizamabad, Telangana	India
S1-610896472	Breanne Edwards, Esq. P.C.	213 Bamboo Drive, Lansdale Borough, PA	US
S1-848535752	Keshav Clinic Limited	6106, Sarjepura Ahmednagar., Ahmednagar, Maharashtra	India
S1-810734839	Ronet Clear Texas, L.L.C.	3876 Pincher Street, Bellingham, WA	US
S1-782654746	Highland Integrated Goldman LLC	213 Burkwood Court, Bel Air, MD	US
S1-455847848	Space Premises LLP	Kandaahs Chamber F9, 45/115 Nelson Manickam Road, Egmore Nungambakkam, Chennai, Tamil Nadu	India
S1-68620982	Sanchez Cornerstone Liberty LLC	1463 44 Street, Brooklyn, NY	US
S1-75536900	Innovative Healthcare	Bihar, 1St Floor, B.M Complex Saguna More, Khagaul Road, Patna	India
S1-200453889	2869 Main Street Owners Corp Corp	138 Flax Hill Road, Norwalk, CT	US
S1-46838294	Piedmont Best Wilco LLC	Hillsborough, NC, 1509 Carolina Loop	US
S1-961868364	Agate Sons Private Limited	A-9 F/F Shivalik New Delhi, New Delhi, South Delhi, Delhi	India
S1-75724560	Vision Care Private Limited	B-13, Sarjan Row House, Pal Near Suncity, Pal Bhatha, Surat City, Surat, Gujarat	India
S1-118784559	Simmons Veterinary Clinic Clinic	TX, Garland, 1614 Kingsbridge Drive	US
S1-781103531	Shree Valley Limited	No. 13, Jagannath Nivas, Ground Floor, Avantikabai Gokhale Cross Road, Opera Ho, Use, Mumbai, Mumbai City, Maharashtra	India
S1-421435439	Valdez Pyrophyte LLC	1900 Kittrell Drive, Ocean Isle Beach, NC	US
S1-616180274	Gabrielle Hudspeth Diamond Scuti Inc	201 Jackson Street, Hamburg, AR	US
S1-132197447	Street Cardiology	704 Belden Avenue, Canton, OH	US
S1-503928815	W+ All, LLC	11740 Manor Lake Drive, Independence Ky, KY	US
S1-91364163	Valenzuela Developments of City Of Fitchburg	2692 Botanical Drive, Unit Unit 240, City Of Fitchburg, WI	US
S1-72794316	Sewell Peak Apollo	NY, North Hempstead, 2238 Jericho Turnpike	US
S1-481460919	Fawnia Wallace Loan LLC	10655 Gateway Boulevard, Unit CELL TOWER CT1, Saint Louis, MO	US
S1-430162043	Vision Crystal Care	70 Windy Hill Court, Warren County, VA	US
S1-314366066	Lorenzo Precision of Rockford	1618 11th Street, Rockford, IL	US
S1-353110646	Lydie Williams National Starwood LLC	165 Virginia Street, Unit 103, Mount Airy, NC	US
S1-178874748	Payne, Tucker & Briscoe Inc	1971 Vaughn Street, Columbus, OH	US
S1-967552013	Chandni Tankers Private Limited	C/O Shyam Lal H.No. 210, Mushi, Dewnathpur Bazar, Gyanpur-Bhadohi Road, Bhadohi, Sant Ravi Das Nagar, Uttar Pradesh	India
S1-818291338	Keflosoft Group LLC	5712 Drury Lane, Topeka, KS	US
S1-133902932	Jain Edusystems Private Limited	Flat No.302, Chartered Mady, 17Th Main, J..P. Nagar, Phase - Ii, Bangalore, Karnataka	India
S1-975412735	Preferred Business Systems Inc	Loudoun County, 23355 Florina Court, VA	US
S1-708740394	Fortune Producer Limited	No.36, Srs Illam, Thirupathi Garden, 4Th Main Street, Sadayampalayam, Erode, Tamil Nadu	India
S1-772821878	Whatley & Uribe Inc	3942 22nd Avenue, Cleveland, OH	US
S1-336044801	Family Star Care Inc	22 Main St(moosup), Plainfield, CT	US
S1-849850817	Sun (India) Ventures	Jugal Jyoti 176C S T Rd Kalina Santacruz (E), Mumbai, Maharashtra	India
S1-811600560	Green Sterling Midcap, LLC	209 Mira Vista Drive, Santa Cruz, CA	US
S1-923004687	Lynx Select	148 Noel Drive, Brookhaven, NY	US
S1-720267109	Yingst, Denise F., D.D.S., P.C.	103 South Avenue, Glen Ullin, ND	US
S1-585186987	Brown Preferred Retail	1965 Massey Point Road, Mcalester, OK	US
S1-680416224	Tech Infotech Private Limited	Sri Siddi Vinayaka Apartm, Telangana, Karimnagar, Karim Nagar, 8-6-375/3/8	India
S1-861009388	All Agricultural Worldwide Corp	708 Rowan Drive, Nashville, TN	US
S1-986840295	M 9 Certified Giant LLC	4122 Scenic Drive, Dickinson, TX	US
S1-627703221	Better Value Altisource Inc	144 Pugh Street, Cleveland, TN	US
S1-897139028	Jasco & Brothers Limited	Maharashtra, Mumbai City, 5Th Floor Dheeraj Heritage Milan Subway Junction, S. V. Road, Santa, Cruze(W), Mumbai, 26	India
S1-136804916	Pacific Target	168 Cherrywood Way, Smyrna, NY	US
S1-541770027	Surgical Center	158 Clayton Avenue, Dixon, KY	US
S1-250008205	Sky Krishna Business Limited	12, Madhya Pradesh, Bhopal, Noor Mahal, Street No. 2 Opp. Old Taj Market	India
S1-340669973	Goldia's Allied Analytics	19403 Valletta Green Drive, Hockley, TX	US
S1-727618516	Sangam Tieup Pvt Ltd	H.N. 33/4, Third Floor, Old Rajender Nagar, Delhi, Central Delhi, Delhi	India
S1-377681153	S R & H Nuclear, Inc	617 Lopez Street, Taft, TX	US
S1-804549498	Purushottam Healthcare Pvt Ltd	New Delhi, Delhi, Fie Patparganj, 503	India
S1-109335764	(india) Dharam Construction Private Limited	Room No Xii-473/16 1St Floor, Zaina Complex, M G Road, Thrissur, Kerala	India
S1-3956614	Bone, Matti, D.O.	654 Robley Lane, Mayfield, OH	US
S1-946780862	Almighty Technologys (India) Private Limited	A 4, Second Portion, Pushpanjali Farm Road Village Vijwasan, New Delhi, South West Delhi, Delhi	India
S1-411264809	Cascade Interstate Coastal Group	5171 Navarre Road, Canton, OH	US
S1-116970037	Onkar Infrastructure Co	Plot No.-784/2640, Behind, Hdfcbank, Jagamara Branch, Bhubaneswar, Khordha, Orissa	India
S1-41580779	Womens Health Clinic of Washington	Washington, 216 Lexington Drive, IL	US
S1-405113543	Infrastructure Nrr Cold Limited	F.No 403 Bld 20/A Acasia, Regency Est Dnyaneshwar, Kalyan, Thane, Maharashtra	India
S1-239489191	United Projects Private Limited	Raheja Chamberslinking Road And Main Avenue Santacruz West, Maharashtra, Mumbai, Mumbai City	India
S1-917021063	Board of Public Works	3072 Grand Oaks Drive, Alleyton, TX	US
S1-456943523	Bright Odyssey LLC	906 Washington Avenue, Wagoner, OK	US
S1-14503478	Tara Drugs (India) Private Limited	Bangalore, No. 217, 9Th 'H' Main, 1St Block, Hrbr Layout, Karnataka, Bangalore	India
S1-658410682	India Aapka Transport Limited	121, First Floor, Gali No.3, First Floor, Govindpuri, New Delhi, South Delhi, Delhi	India
S1-485746878	Binevue Silver Enclave LLC	18 Smith Avenue, Delevan, NY	US
S1-60498869	Human Rights Council	3918 Sycamore Springs Road, Mountain Home, AR	US
S1-303906267	Amico Law Chambers Corp	D-408, Crystal Plaza, Opp. Infinity Mall New Link Road, Andheri (West), Mumbai, Mumbai City, Maharashtra	India
S1-217617883	Kga Industries Group Pvt Ltd	8 St Marks Plaza 14 St Marksroad, Bangalore, Karnataka	India
S1-53374274	Creative Banco PC	IN, 11872 Roanoke Road, Roanoke	US
S1-685740058	Parada & Thomas	28109 County Street 2550, Fort Cobb, OK	US
S1-231837050	Green Semiconductor Ventures Inc	Alvarado, TX, 209 Parkway Drive	US
S1-393314432	Primary Care Health of Franklin LP	404 Cedar Field Road, Franklin, NC	US
S1-144406637	Technologies Swarn Infra Pvt Ltd	Plot No. 1113, Road No. 54 Jubilee Hills, Hyderabad, Telangana	India
S1-541843420	Pan Harmony LLC	KY, Warsaw, 2825 42	US
S1-601027147	Eye Group of Shakopee Group	815 Sarazin Street, Shakopee, MN	US
S1-155305511	Nitaum Fuels LLC	Forest Grove, OR, Unit #6A, 2025 Elm Street	US
S1-121217068	Crespo Corporation LP	43310 Bass Harbor Rd, Pelican Rapids, MN	US
S1-597079008	Panet Advanced Paper, LLC	Bloomington, IN, 3130 Goodnight Way	US
S1-66819018	Mod Sangh	Ward No 1 Shivaji Chowak 179, Aarushi Nivas At Post Paras Ta. Balapur, Akola, Maharashtra	India
S1-196931737	Everrise (India) Forwarding LLP	B-1Ashok Vihar Ph-Iv, Delhi, South West, Delhi	India
S1-295947966	South Industries LLC	Kansas City, 1915 Walrond Avenue, MO	US
S1-366295399	Premier Abony, L.L.C.	1325 Goliad Street, Unit 3103, Rockwall, TX	US
S1-835576949	Dwarkesh Mahila Ltd	47/2, N.R.K.R. Road Sivakasi626 123 Kamarajar District, 626 123 Kamarajar District, Virudhunagar, Tamil Nadu	India
S1-403891410	Sun Apex Consultancy	F2, 301, Sriram Shreyas, Kodigehalli Telecom Layout, Kodigehalli, Bangalore, Karnataka	India
S1-345047829	Nayara Services Private Limited	Pallod Farm Pl 06, Phase 2A, S. No. 277-28, Haveli, Pune, Maharashtra	India
S1-212148787	Global Clear Fuel LLC	Unit 300-331, MA, Ashland, 369 Pond Street	US
S1-563737501	MON Chit Private Limited	#35, Kasturba Cross Road, Lavelle Road, Bangalore, Karnataka	India
S1-915043156	Quartz Trading PLLC	4430 Old Quarry Road, Memphis, TN	US
S1-141445117	Olson Couture LLC	1718 Mowry Avenue, Rio Rancho, NM	US
S1-193422116	Satya Fund Private Limited	G R 24 T V Industrial Estate248 Worli Road S K Ahire Marg, Mumbai, Maharashtra	India
S1-301396285	Oswald, Carina F., Ph.D., M.D., P.C.	26 Greenridge Drive, Clifton Park, NY	US
S1-683331622	Highland Premier Return Partners	Portland, 5815 Boston Avenue, OR	US
S1-871673952	Byram Suma LLC	10 Paul Lane, Wilmington, DE	US
S1-180562737	Klarika Walter Delta Era Inc	10600 Mccool Court, Burnsville, MN	US
S1-568160729	Suguna Projects Private Limited	Plot No. 21/882, Gurudwar, South Balanda Ps.- Bikrampur, Distt- Angul, Angul, Orissa	India
S1-530068271	Trusted Wireless Group	8310 54th Avenue, Fl 1, Olympia, WA	US
S1-618453241	Global Trades Private Limited	D-153, First Floor, Main Road, New Delhi, Central Delhi, Delhi	India
S1-16486178	Karon G. Garcia, D.D.S., DDS PC	Miamitown, 6901 Hamilton Cleves Road, OH	US
S1-858399873	Solutions India Solution Private Limited	Co-Janmejay Bir, Plot No-91, Khata No- 191/156, Mauja-Balikuti, Tahashil-Baliapal, Baleswar, Balasore, Orissa	India
S1-193471205	Pashupati India Limited	Pune, Industrial Shed No. 6, S. No. 24/2, Near Sanas Dp Road, Village Nanded, Talu, Ka Haveli, Pune, Maharashtra	India
S1-163483533	Shiv Media Limited	Shop No. 18 Second Floor, Haryana, Mahila Aashram, Karnal	India
S1-733032595	Certified Wholesale Company	263 New Boston Road, Sturbridge, MA	US
S1-987003695	Clyelle Spring P.C.	TN, Nashville, 497 Elysian Fields Road, Unit 1	US
S1-984672426	PA Maritime	7Th, Floor Vaibhav Chambers (Opposite Income Tax Office) Bandra Kurl, A Complex, Mumbai, Bandra Suburban, Maharashtra	India
S1-520686987	Wild & Associates	207, K No 401/207, Bsr Layout Konasandra Village, Jigani, Bangalore, Karnataka	India
S1-724987000	Sapphire Inc	1913 7th Street, Oskaloosa, IA	US
S1-860698976	Kent Limited LLC	4678 Harlem Road, Amherst, NY	US
S1-935726971	Value Creative Technologies Clinic	2311 Garnet Drive, Amarillo, TX	US
S1-749509166	Creative Biomedical Union Inc	1217 Forums Court, Wheeling, IL	US
S1-617825072	Devas Advisors	Tamil Nadu, 132- 134, Coimbatore, Raja Street, Coimbatore	India
S1-829229254	Ziratech Retail Public Limited	Kerala, 4/590 A, Ernakulam, Aluva - Paravur Road, Near U C College, U C College P O, Aluva	India
S1-317262694	Regional Dental Associates	100 Tarrant Drive, Village Of Cambria, WI	US
S1-853833872	Gadre Traders Ltd	Bada Mohalla, Khanpur, South Delhi, New Delhi, Delhi, B-15	India
S1-24305973	Wheatley Bright Laboratories LLC	2809 Johnson Street, Hopewell City, VA	US
S1-430241671	Internal Medicine Silver Specialists LLC	502 Pershing Street, City Of Appleton, WI	US
S1-223065339	Rev It Up Cleaning Service	17392 Deerfield Drive, Prior Lake, MN	US
S1-246430250	Hernandez, Zoe R., Esq.	3117 41st Court, Des Moines, IA	US
S1-326676604	Hagen Immunopharma	4431 Cambridge Street, Duluth, MN	US
S1-669769290	Walla's American Auto Glass	TX, Round Rock, 1500 Parkfield Circle	US
S1-134297276	First Baptist Church	317 Brockway Street, Palatine, IL	US
S1-25261903	Caor Inc	4480 101, Unit D, Florence, OR	US
S1-621208988	Koch Charter School	8906 Marcella Avenue, Fl 0, Saint Louis, MO	US
S1-663721546	Bhubaneswar Green Private Limited	Plot No-A-17 Ruchika Market, Baramunda, Bhubaneswar, Khordha, Orissa	India
S1-426396816	Lucie Reyes Corporate	18093 Judicial Way, Lakeville, MN	US
S1-840588115	GYU Solutions Private Limited	Sh. No. 83, Dda Market Old Seemapuri, Shahdara, Delhi, East Delhi, Delhi	India
S1-535792263	Heritage Legacy Premium LLC	21037 Indian Meridian Road, Pauls Valley, OK	US
S1-697843159	Shoshanna Alvarado All Tge LLC	1133 111th Place, Chicago, IL	US
S1-212923073	Brittany Demello Coastal Ofs LLC	2682 859, Edgewood, TX	US
S1-394992360	Ram Healthcare	605, Gurgaon, 6Th Floor, Block A, The Arcadia, South City, Gurgaon, Haryana	India
S1-234315370	Drayeus Vision Center	3 Ann Court, Franklin, TN	US
S1-493500111	Sun Constructions Private Limited	C/O Shri Ngmchand Asharaflal Agarwal Kacchi Complex Opp Hira Hotel, Miraj, Sangli, Maharashtra	India
S1-488471428	Quartz	2575 Development Drive, Village Of Bellevue, WI	US
S1-852814239	Rovera Signature Allstate	750 Loudon Road, Colonie, NY	US
S1-955852534	Jain Shiva Business Private Limited	Room No 5, Samudra Aride Ocean It Park, Kinfra, Kalamssery, Ernakulam, Kerala	India
S1-536208045	Klick and Rice Inc	952 George Washington Highway, Unit B-1, Chesapeake City, VA	US
S1-987300657	Think Traders Private Limited	Plot No-1838/40Biswanath, Nagar Budheswari, Bhubaneswar, Khordha, Orissa	India
S1-438777523	Lumial Block LLC	3008 Vance Way, Virginia Beach City, VA	US
S1-181144095	Route 39 Book Store	624 Lee Road, Birmingham, AL	US
S1-508180600	Fidelia Grant Midstream Inc.	VT, Shelburne, 28 Hemlock Lane	US
S1-109565574	Coryell Ace Phoenix LLC	23359 Wiegand Lane, Washington, IL	US
S1-432340801	Eyre Integrated Suisse Inc	8 Rosemont Lane, Streator, IL	US
S1-849959938	Delta Guild PC	9825 Posterity Lane, Montgomery Village, MD	US
S1-111589333	Cora Assets LLC	TX, Leander, 1772 Rowdy Loop	US
S1-967115736	Royal Nutrition Concepts LLC	18185 Forestbrook Loop, Unit Unit 2, Bend, OR	US
S1-443235225	Moonlight Brothers Private Limited	710, Fort Knox 7Th Floor, Camac Street, Kolkata, Howrah, West Bengal	India
S1-622861882	Al Technology LLP	A-965/9 Indira Nagar, Lucknow, Uttar Pradesh	India
S1-713105440	Galaxy Properties	C/O Ram Roop Vill, Bara, Uttar Pradesh, Allahabad, Lachchhipur, Post Khain	India
S1-884353852	Little Nails	828 15th Street, Washington, NC	US
S1-314703917	Dermatology Great Associates PLLC	Calabash, 437 Maplewood Drive, NC	US
S1-581221717	Heartland Association	11001 Montecito Avenue, Salt River Indian Res, AZ	US
S1-250724557	Rodriguez Gulf Chemical	28 Canyon Rim Drive, Stillwater, OK	US
S1-31613122	Enex LLC	305 New Boston Road, Sturbridge, MA	US
S1-555388048	Urgent Care Express Specialists	6672 Wolcottsville Road, Royalton, NY	US
S1-189665260	Green Software Private Limited	268/1, 2Nd Street Advocate Ramanathan Nagar, Tirupattur, Vellore, Tamil Nadu	India
S1-107820897	Chiropractic Pacific Partners L.L.C.	Burlington, NC, 3659 Alamance Road	US
S1-227656451	Diamond Metro Lincoln LLC	509 Orange Street, Wilmington, NC	US
S1-358743745	Reliable Research Services LLC	5215 Trenton Arbor Lane, Richmond, TX	US
S1-680348466	Almonte Integrated American LLC	16 Stony Brook Road, Kent, CT	US
S1-650900310	Zenith PLLC	265 Oak Dale Drive, Fl 0, Grants Pass, OR	US
S1-125238994	Chavez Rush	4000 Charles Street, Unit APT 903, Baltimore, MD	US
S1-967005198	Trusted Learning Networks	651 2nd Street, Jamestown, NY	US
S1-655445260	Modern Royal Global LLP	Industrial Unit 164, Sector-6, Imt Manesar, Gurgaon, Haryana	India
S1-335160409	Chen Jaws	7600 Sandra Drive, Little Rock, AR	US
S1-227764656	Universal Real International Private Limited	Flat No 401, 8-3-231/W/9, Yousufguda, Khairatabad, Hyderabad, Telangana	India
S1-839573616	Oreilly, Steele & Hacker LLC	11748 Electra Lane, Sun City, AZ	US
S1-730629056	Consulting Nyasa Nursing LLP	Pune, Pune City, Maharashtra, Shivraj Nagar, Royal Rahadki F - 1207, Sno 30/1/2	India
S1-684011983	Umrao Deposits Center	500, Near Vat. Hospital, G .T. Road, Gharunda, Karnal, Haryana	India
S1-963274337	Clear Currencyshares Inc	2629 Holyoke Street, Fl 0, Wichita, KS	US
S1-920346809	Sree Tech Pvt Ltd	Shop No. 28, C Wing, Ground Flr Maruti Niwas, Plot No B-37, Sector 6, New Panvel, Raigarh, Maharashtra	India
S1-655046555	Penaloza and Bittle First Inc.	4255 Charleswood Avenue, Memphis, TN	US
S1-354096666	Mansa Knit Pvt. Ltd.	Sh/2811/1 Tulshi Villa, Ambika Park Dunga Lavachha Padri, Dadra & Nagar Haveli, Valsad, Gujarat	India
S1-975720283	Dermatology Partners Inc	563 Roxbury Road, Stamford, CT	US
S1-599206877	Greenough Acp	380 Tanyard Road, Rocky Mount Town, VA	US
S1-790554478	Jasper Mission Pvt Ltd	Show Room No 7, Zirakapur, Mohali, Punjab	India
S1-926842523	Ortensia Ellison Signature Axiom	20616 18th Avenue, Lynnwood, WA	US
S1-657617201	Phelia's Optimal Signs	237 Buckminster Court, IL, Lake Bluff	US
S1-189867735	Ab System Private Limited	H-69 Ugf Connaught Place, New Delhi, Central Delhi, Delhi	India
S1-365715573	Synergy (India) Nidhi Private Limited	Kh-126, Khesra-1120, Gram-, Devisarai, Ps-Deepnagar, Biharsharif, Nalanda, Bihar	India
S1-599045538	Abss Consultants	West Bengal, Howrah, 113/4 Bangur Avenue Block C 3Rd Floor, Kolkata	India
S1-104594645	Credent International School	25 Venetian Villas, Opp Anandniketan School Vill: Shilaj, Taluka: Daskroi, Ahmedabad, Gujarat	India
S1-256472774	Shea, Retha P., Ph.D., DDS PC	1176 65th Street, Kansas City, MO	US
S1-525304510	Nebriva, LLC	159 Carroll Avenue, Valley Stream, NY	US
S1-261599095	Legacy Staffing Partners	32 Deerfield Lane, Monroe, CT	US
S1-962322626	Ridgeline Village Inc.	Salt Lake City, UT, 2576 Blaine Avenue	US
S1-628245995	Telodyne Management Inc	160 Jefferson Road, Unit Unit 230, Pittsford, NY	US
S1-886218130	Keis Tri-State Seafood LLC	7407 Westfield Dr NE, Cedar Rapids, IA	US
S1-305264553	One Finance	No. 6/1, 1St Cross, Kumara Park West, Seshadripuram, Bangalore, Karnataka	India
S1-251910741	Red Aditya It Pvt Ltd	College Para, Aurangabad, Murshidabad, West Bengal	India
S1-429719122	Tri-State Prairie Lionheart	10189 Creektree Lane, Fishers, IN	US
S1-358500669	Gevue Grand Electricity Care	Albuquerque, 8720 Rio Grande Boulevard, NM	US
S1-379419227	IMD Silicon Corp	313 Ellis Street, San Marcos, TX	US
S1-698576448	Arihant Management Limited	Flat No C 1703, La Solara, Plot No Gh-04B Sec 16, Noida, Gautam Buddha Nagar, Uttar Pradesh	India
S1-892415663	Delta Project	1208 Pyburn Street, Angleton, TX	US
S1-94277204	Lovely India Private Limited	Lucknow, Lgf 3 Royal Plaza At Cd 16/105 Ring Road Indira Nagar, Lucknow, Uttar Pradesh	India
S1-775162221	Tech International Private Limited	C/O Uttam Kumar Barman, Shantipur, Haler Matha, Po New Rangia, Darjeeling, West Bengal	India
S1-672150061	Pioneer Services Private Limited	339, Raynagar, Near Metey Masjid Bramhapur, Bansdroni, Kolkata, Parganas South, West Bengal	India
S1-27817521	Womens Health Superior Partners Inc	620 Alpha Road, Dayton, OH	US
S1-154182001	Reeva Industries Group	8-21-Ant-502, Narava Road, 8Th Ward Giddlur, Giddalur, Prakasam, Andhra Pradesh	India
S1-359033061	New Delhi Pictures Private Limited	C - 363, Ground Floor, New Delhi, West Delhi, Delhi	India
S1-117905876	Scofield Desert Acres LLC	16000 Rushmore Avenue, Unit Apt 7106, Little Rock, AR	US
S1-443383960	Swar Systems Private Limited	24, Gali No. 6, Bhawani Nagar Majitha Road, Amritsar, Punjab	India
S1-523477202	Harmon Preparatory Academy	1180 Flordawn Drive, MO, Florissant	US
S1-37334737	Sky Management Private Limited	Chhota Shakdal (West) Budirhat-2, West Bengal, Kuchni	India
S1-265065704	Page Institute of Technology Associates	2734 Parkwood Drive, Quincy, IL	US
S1-310064063	Orthopedic Medicine, LLC	87 Aspen Lane, Beech Grove, TN	US
S1-288725441	A Platinum Xcel	1818 Dodds Avenue, TN, Chattanooga	US
S1-145706980	Cervantes Clean Dental	2372 Ellsworth Drive, Clarksville, TN	US
S1-702491441	P 2 R Index	5525 Limaburg Road, Unit APARTMENT G, Burlington, KY	US
S1-157863931	Smith, Stubblefield and Beckham	6913 Violet Drive, Spotsylvania County, VA	US
S1-725496051	Signature United Orion LLC	3750 Piper Way, Denver, NC	US
S1-704018652	Crystal Cloud Group	SD, Sioux Falls, 325 Euclid Avenue	US
S1-395511449	VWQ Calicut Pvt Ltd	C/O Anil Bera, Tilanda Po Chatua Gobindanagar, Paschim Med, Medinipur, Midnapore, West Bengal	India
S1-213232831	Main Street Pizza	112 Melrose Avenue, South Roxana, IL	US
S1-234478198	Anubhuti Facility	Plot No 222, Telangana, Balanagar, K.V.Rangareddy, H No 14-1-90/222, Jayalakshmi Villa, Andhra Bank Street, Gayatri Nagar, Borabonda, Hyderabad	India
S1-705602995	Jamie's Produce	825 Columbia Street, Springfield, OH	US
S1-245215825	Summit Piedmont Precious Inc	9231 Rippling Fields Drive, Houston, TX	US
S1-803297813	Keor Management Inc	351 Itasca Street, Wood Dale, IL	US
S1-405154153	Gujarat Solutions Private Limited	Mohalla-Basar Bigha, Po & Ps-Sohsarai, Biharsharif, Nalanda, Biharsharif, Nalanda, Bihar	India
S1-693235891	Sree Investments Private Limited	House No. 2078, 1St Floor, Near Old Anaj Mandi, Delhi, North West Delhi, Delhi	India
S1-102743120	Pediatric Dentistry Specialists Inc	8694 Scots Pine Court, Elk Grove, CA	US
S1-604206	Sterling Spectral	18 Ironwood Drive, Vernon, CT	US
S1-166141123	Mcneill Centers Inc	Tempe, AZ, 2104 Rio Salado Parkway, Unit 323	US
S1-428779552	Complete Apex Xcel, LLC	76 Watch Hill, Berlin, CT	US
S1-407546990	Mogal Consultancy	Covaitechpark, Fl.1, Tw.1, 758/2, 759/2, Kovaithirungr, Coimbatore South, Coimbatore, Tamil Nadu	India
S1-345259097	SP Direct Disciplined LLC	2745 Oakland Sang Run Road, MD, Oakland	US
S1-219938369	Medanet PLLC	1246 Old Country Road, Hempstead, NY	US
S1-810621468	City Impex Limited	Rekha House King Kotihyderabad. Hyderabad., Hyderabad., Hyderabad, Telangana	India
S1-469838144	Thomas, Carrasco & Mccann Kpet LLC	6005 11, Canton, NY	US
S1-535729178	Ross & Waggoner Yhn LP	4112 Pleasant Valley Road, Unit 120, Raleigh, NC	US
S1-99910561	Pediatric Dental Care of Hampton City	2024 Cunningham Drive, Unit APT. 204, Hampton City, VA	US
S1-696038242	Oneill, Beckett & Tobias LLC	1731 Highway 278, Monticello, AR	US
S1-347670299	Magdaia S. Whitlock, DMD LP	171 Highland Avenue, Calhoun, TN	US
S1-942747562	Divya Flavours Partners	Sector-46, Gurugram, Sector -45, House No-3152, Gurgaon, Haryana	India
S1-317044667	Xylo Trading Partners	12-4-958, Adarsha Nagar, Anantapur, Andhra Pradesh	India
S1-293762232	Arihant Technologies Private Limited	Flat No 1204, D3 - Zinnia, Neelkanth Greens, Thane, Maharashtra	India
S1-590041452	Sakthi Trade Private Limited	Plot No A -175 Hanuman Nagar Khatipura, Vaishali Nagar, Jaipur, Rajasthan	India
S1-619728586	Shiva Educational Society Associates	Karnataka, Bangalore, No 547, 26Th Main Road, 1St Phase Jp Nagar	India
S1-139000701	Billie Marrs Beauty LLC	700 Commerce Park Drive, Grand Prairie, TX	US
S1-404079969	Shyam East Pvt Ltd	529D/164/Ff-10, Sun Tower Kanchana Vihari Marg, Kalyanpur, Lucknow, Uttar Pradesh	India
S1-951433056	Dv College	Shop No 408, Third Floor, Shopprix Mall, Sector 5, Ghaziabad, Uttar Pradesh	India
S1-645504157	Autism Assistance Program Care	401 Burnsville Parkway, Unit Unit 128, Burnsville, MN	US
S1-301356424	Bargeron Express Contracting LLC	4202 Upland Way, Garland, TX	US
S1-207579968	Foot & Ankle Health LLC	Hull, MA, 8 Warren Street	US
S1-82205110	Asset Building Federation V	6 Lynch Loop, Greenville, IL	US
S1-694737938	Rivera & Coulter Inc	998 Cassidy Road, London, KY	US
S1-430175506	Mechano (India) Publishers Private Limited	75/47 S.N. Roy Road, 3 Chatterjee Colony, Kolkata, Kolkata, Howrah, West Bengal	India
S1-783812084	Family Associates LLC	618 Summer Cove Circle, Huntsville, AL	US
S1-723666298	V 5 D Collective	2651 Creekwood Circle, Unit 9, Moraine, OH	US
S1-271828436	Lopez Veterinary Clinic Inc.	Unit 1726, NC, Charlotte, 1007 Mint Street	US
S1-251251866	Urology Select Physicians	2395 Valley Terrace Drive, Simi Valley, CA	US
S1-533831012	Diaz & Mills Physical Therapy	9300 Overhill Road, Henrico County, VA	US
S1-249739553	Department of Veterans Affairs	17814 Tanglewood Court, Hazel Crest, IL	US
S1-684375003	Dermatology Royal Care Associates Inc	6606 Princess Circle, Wappingers Falls, NY	US
S1-876506471	Perez Ventures	527 Quick Road, Ruffin, NC	US
S1-281248921	Puruliya Power LLP	Plot No-3339, (J.L No-160) Pairachali Pairachali, Puncha, Puruliya, Purulia, West Bengal	India
S1-577389825	Miranda's Bakery	2102 Colby Drive, Mchenry, IL	US
S1-889739714	Monk Funds	Plot No.1822, I-Block, 13Th Main Road, Anna Nagar West, Chennai, Tamil Nadu	India
S1-902066796	Beacon LLC	4072 Cedar Avenue, Cleveland, OH	US
S1-117321831	Inger Santiago Briacell LLC	117 Stephenson Street, Marion, IN	US
S1-627127202	JM Ampercap Inc	21 Greenridge Drive, Decatur, IL	US
S1-216160241	Super Projects Private Limited	Sukhsagar Apartment, Flat - 9B, 9Th Floor, 2/5 Sarat Bose Road, Kolkata, Howrah, West Bengal	India
S1-688253692	Ace Infotech Private Limited	1/4694/30A Gali N0-2 Modernshahdara, Delhi, East Delhi, Delhi	India
S1-791219581	Red Marketing Limited	Dhiraj Baug, Bhakti Mandir Road, Naupada, Near Hari Niwas Circle, Thane (, West), Thane, Maharashtra	India
S1-29789193	Corry Shepherd, CPA	880 Fourth Street, Unit 3-4, Boston, MA	US
S1-207496142	Eye Rocky Care	2537 Country Haven Drive, Memphis, TN	US
S1-213258598	Balaji Engineering Private Limited	13 Vivekanand Society, Nr.Tikam Nagar, Surat, Gujarat	India
S1-240670780	Timothea Croxton Optimal Babcock	223 5th, Manila, UT	US
S1-647709140	Saltlake Electrics Private Limited	Ec-73, Salt Lake Sector 1, Saltlake, North 24 Parganas, West Bengal	India
S1-140115407	My Consulting	Sarada Agro Mill, Puri, C/O- Prakas Chanduka Birrapratap Pur, Po- Sakhigopal, Orissa, Puri	India
S1-356898231	Target Builders Private Limited	C/O Kanya Putri Bhanwar Bhat, Plot 1 - Rajiv Gandhi Nagar Basni 1St Phase Jodhpur, Jodhpur, Rajasthan	India
S1-209176885	Raj Technologies LLP	C/O Sagarmal Agarwal & Co., First Floor Rear Side, Shagun Palace, 3, Uttar Pradesh, Lucknow, Sapru Marg	India
S1-337537721	Shannon School of Medicine	216 Gibson Street, Canandaigua, NY	US
S1-151798010	Lucknow Automobiles Private Limited	Vivek Khand Gomti Nagar, Lucknow, Uttar Pradesh, 2/221, Lucknow	India
S1-575813193	Darline Winton Total Fuse LLC	19278 252nd Ave, Bettendorf, IA	US
S1-174146241	Frontier Patriot Molecular Inc	240 Cedar Lane, Clarksville, AR	US
S1-130703265	Internal Medicine Clinic	113 Brian Wesley Court, York County, VA	US
S1-69503675	Services Anisha Townships Ltd	Village - Behra, Gulabgarg Road, Derabassi, Mohali, Punjab	India
S1-742955595	Kudos Management (India)	8, Jain Centre 34A, Metcalge Street, 8Th Floor, Kolkata, Kolkata, Howrah, West Bengal	India
S1-109597244	Al Properties Private Limited	8-2-624/A/B1, 1St Floor, Road No.10, Banjara Hills, Hyderabad, Telangana	India
S1-360834742	Skywalk Impex Private Limited	C/O Sh.Veer Singh, Basai, Noida Sec-70, Near M-Block, Noida, Gautam Buddha Nagar, Uttar Pradesh	India
S1-378193513	Shiv Management	Soni Mansion, 20, Telegraph Colony, Phulwari, Patna, Bihar	India
S1-986522100	Gordy Transport Group	22394 Lewes Georgetown Highway, Georgetown, DE	US
S1-472606176	Fay Chudy, MD, M.D., P.C. PLLC	Morristown, 6249 Nightingale Street, TN	US
S1-469474125	Venita Maietta Apex Bancorp LLC	5708 30th Lane, Phoenix, AZ	US
S1-192037859	Green Real Technologies Private Limited	2/210, Vikas Khand, Gomti Nagar, Lucknow, Uttar Pradesh	India
S1-985273457	Sunderban Colony Lekha Nagar Processing Corporation	Mf-20, Shivam, Sunderban Colony Lekha Nagar, Nashik, Maharashtra	India
S1-982486836	King, Bone & Hayes	321 County Road 2773, Lometa, TX	US
S1-754857741	Mcarthur Aegon of Lowell Inc	17342 Tapper Street, Lowell, IN	US
S1-480093343	Cultural Society Inc	3918 Evans Drive, NC, Raleigh	US
S1-382264455	Gerry Baldwin, Ph.D., DDS PC	1638 Millers Chapel Road, Greeneville, TN	US
S1-241377719	Red Services Private Limited	B/101, Powai Park, Plot, L1, High Street, Powai, Mumbai, Maharashtra	India
S1-875854139	Valley Academy Inc	10691 35P Street, Dickinson, ND	US
S1-454044759	Legacy Freight Collective	4923 Ashford Drive, Upper Marlboro, MD	US
S1-546709626	Marjory Kenney, DO, M.D., P.C.	3102 Brookview Boulevard, Parma, OH	US
S1-20304719	Nova Associates	45 Hartsdale Avenue, Unit Apartment 3L, Greenburgh, NY	US
S1-802842698	Bombay Food Private Limited	No B 48 Twin Courts, Facit Road Sholinganallur, Saidapet, Kanchipuram, Tamil Nadu	India
S1-569755626	Tajpuria Design Limited	Gr Floor Sumatibehind Saraswat Co Op Bank M G Road Mulund West, Mumbai, Maharashtra	India
S1-345839221	Verma Realty Private Limited	Hig-Nh-3, Maruthiruvar Street, Maraimalai Nagar, No.10/2, Chennai, Tamil Nadu, Chennai	India
S1-70941386	Prime Developers Private Limited	Asiana Hotel, 1/238 Old Mahabalipuram Road (Omr) Semmencherry, Chennai, Tamil Nadu	India
S1-163804964	Bright Nails Care	498 Vah Ki Road, District Five, AZ	US
S1-228084002	Indo United Hospitality Private Limited	Hyderabad, Plot No 14A, Hyderabad, Telangana, Road No 3, H No 8-2-333 Banjara Hills	India
S1-75486473	Hyderabad Technology Pvt Ltd	85, Ranga Nagar, Telangana, Pl No - 84, Hyderabad	India
S1-785045662	JYI Prime Inc	1209 La Rail Drive, Fl 1, Columbia, MO	US
S1-65784613	Melur Engineering Pvt Ltd	Third Floor, First Main Road, Domlur Layout, Karnataka, Bangalore, #31	India
S1-57272176	Red Construction Private Limited	310, Mowbray'S Road, Madras, Chennai, Tamil Nadu	India
S1-848518161	Perfect Enterprises Private Limited	14/838, Kizhakupuram, Tharuvakode, Kalleakadu, Palakkad, Kerala	India
S1-59510835	Organ, Overley and Mccandless LP	Phoenix, 8107 Preston Lane, AZ	US
S1-956360960	Real Properties Private Limited	456, 456/5, Saraswathi Nagar, Chettipalayam, Tiruppur, Coimbatore, Tamil Nadu	India
S1-575680216	Classic Marketing Limited	206 Krishna Apartmentfour Bunglow Andheri (W), Mumbai, Maharashtra	India
S1-64747250	Global Partners LLC	5554 Barnes Lane, Prince William County, VA	US
S1-913227460	Vasoft Brand	126 Benedum Place, Cary, NC	US
S1-147925883	Grace Synagogue	1829 Bertie Street, Sevierville, TN	US
S1-959952628	SY Muniyield PLLC	5336 Riviera Drive, Fort Wayne, IN	US
S1-736969873	Sangameshwar Brothers Care	Prestige Trade Towerno.46, 23Rd Floor Palace Road, Bangalore North, Bangalore, Karnataka	India
S1-642828290	PV Realcon Ltd	8-199-2, 3Rd Floor, High Mark Chambers, Khajaguda X Road, Gachibowli, Hyderabad, Telangana	India
S1-202578176	UY Gardens Private Limited	77/10 Gidc Estate Phase I, Daskroi, Ahmedabad, Gujarat	India
S1-606417048	Cobalt Lodging	107 Community Way, Unit UNIT 714, Staunton City, VA	US
S1-61861090	Shivsakti & Brothers Private Limited	No 27 Dr Radhakrishnan Salai, Mylapore, Chennai, Tamil Nadu	India
S1-189558586	Mount Presbyterian Church	2801 Highway 6 E, Unit 27, Iowa City, IA	US
S1-978333761	Gulf Rmg LLC	4263 Delap Road, Ellettsville, IN	US
S1-497842827	Alpha Solutions Private Limited	H. No. 12, Park Drive, Malibu Town, Sector 47, Gurgaon Kty., Gurgaon, Haryana	India
S1-118144180	Pediatric Dentistry Group	4068 Opal Street, Natrona, WY	US
S1-942429133	Green Medical International LLC	225 Detroit Street, Unit 1/2, Bellefontaine, OH	US
S1-817719990	Wilson United Target Corp	243 Grannaman Drive, Mocksville, NC	US
S1-66746049	One Exports Private Limited	Shop No.M-69 Greater Kailash-1 Market, New Delhi, South Delhi, Delhi	India
S1-340068237	Internal Medicine First Specialists	838 8th Street, Unit Apt 12, Booneville, AR	US
S1-508866197	Williams, Armstrong & Hernandez Global	3509 7th Avenue, Tucson, AZ	US
S1-499904798	Products & Co	J-103 Gaur Green City, Indirapuram, Ghaziabad, Uttar Pradesh	India
S1-945774035	National Program III	2513 Dartford Drive, Crowley, TX	US
S1-628116466	Nebel Cleaning Service	NC, 504 Burton Street, Fuquay-varina	US
S1-360541136	Hansen Capital Oaktree LLC	5129 Fairbanks Avenue, Alexandria City, VA	US
S1-699079879	Vijayalakshmi Memorial Trust	D-203, Rajhans Residency, Near Sanskruti Park Jahangirpura, Rander, Bhesan, Surat, Gujarat	India
S1-413679790	QQ Healthcare Partners	Mumbai, E Punjab Soc Andheri East, 104B Wing Kanchan 24 Sher, Maharashtra, Mumbai	India
S1-576524357	Baba Services	Ground Floor, Plot No 430, Sector 27, Haryana, Gurgaon, Sadar Bazar	India
S1-125999655	Jain Academy	H. No.10-38/A, Vinayak Nagar, Balanagar, Hyderabad, Telangana	India
S1-845477145	Indian Food Pvt Ltd	Tower-B, 8Th Floor, Plot No. 1, Bhutani Alphathum, Sector-90, Noida, Gautam Buddha Nagar, Uttar Pradesh	India
S1-546743508	Upper Pioneer Stone LLC	4517 Q Street, Omaha, NE	US
S1-165915863	First Business	B-188, Nihal Vihar, Nangloi, New Delhi, West Delhi, Delhi	India
S1-892324295	Rn Brothers Ltd	K.V.Rangareddy, C/O Rudra Raju Rama Raju, Seri Lingampally, Telangana, Block-2 Flat Number 2608	India
S1-77930833	Sohna Steels Group	Shop No. Ff2, Sohna, Gurgaon, Haryana, The Serenas, Sector-36	India
S1-943595486	Urology Clinic	2026 Sandy Drive, Ferguson Twp, PA	US
S1-498030238	Unique Services Co	Velachery, Chennai, Plot No : R-50 Tnhb Main Road, Tamil Nadu, Chennai	India
S1-41843797	Media Solutions LLP	Shri Mishri, P No.5, Gf, Kh285, Asola, Fatehpuri Ber, Delhi, South West Delhi	India
S1-176638896	Physical Therapy Physicians LLC	3322 Tara Lane, Unit CONDO, Indianapolis, IN	US
S1-590208245	Jng Welfare Society	Chittoor, Andhra Pradesh, No. 1-1A, Bandarlapalli, Highway Survey No.239/3A	India
S1-387211283	Royal Engineering LLP	Level - 2, Elegance Tower District Center, Jasola, New Delhi, South Delhi, Delhi	India
S1-535875591	Rajasthan Industries Private Limited	Khultabad, Aurangabad, House No. 388 Sultanpur, Tal - Khultabad, Maharashtra	India
S1-490868047	Best It	Office No.205, First Floor, Times Square Opp. Balaji Hall, 150 Feet Ring Road, Rajkot, Gujarat	India
S1-218058354	Al Media Private Limited	Mumbai, Ananya Hill Crest Chs Ltd, Plot No.7, N S Road No.10, Vile Parle (West), Cts No.197 A Pt, Jvpd, Vile Parle (West), Mumbai, 1003, Maharashtra	India
S1-22445889	Physical Therapy Care Associates LLC	3503 Canton Avenue, Greenville, TX	US
S1-987749650	Anderson Columbus Inc	774 Radford Drive, Highland Heights, OH	US
S1-377860031	Delhi Chem (India)	Tower 2, Svasa Homes, No.13, 5Th Main Road, Karnataka, #1002, Kempegowda Nagar, Bengaluru	India
S1-313731353	Mountain Coastal Merger	345 Washington Street, Orleans, IN	US
S1-743842828	Zora T. Pennock, DPM	207 Roberts Trail, Benson, NC	US
S1-165937999	Llanes Value Ventures LLC	850 1st Avenue, North Hempstead, NY	US
S1-481011	Temple Presbyterian Church	4400 Cannes Lane, Olney, MD	US
S1-593565451	Raj Projects Pvt Ltd	Jodhpur, Shastri Nagar, B-47, Rajasthan	India
S1-152731297	Square Trading Private Limited	24, Hemanta Basu Sarani, Manglam, A- Block, R. No. 201, Kolkata, Howrah, West Bengal	India
S1-299861722	Eastern Canary	4114 Lake Road, Mattoon, IL	US
S1-898643049	Miller Premier	7247 Woodward Avenue, Unit 212, Woodridge, IL	US
S1-262918676	Johnson First Midstream	392 Redoubt Avenue, Kenai Peninsula Borough, AK	US
S1-848269777	Sai Foods Private Limited	No. 35, 2Nd Floor, Annai Theresa Street, Anandhapuram, East Tambaram, Chennai, Tamil Nadu	India
S1-281569207	Ak Consultant Private Limited	Sh.No-01 Shivani Heights, Sn- 54/15/1/2 Kondhawa Bk, Badhe Ngr, Pune, Maharashtra	India
S1-85042969	Piedmont Harbor Biologics LLC	2407 Old Marathon Road, Alpine, TX	US
S1-631727142	Cortney Fearn, DDS Inc.	615 Lincoln Avenue, Lancaster, OH	US
S1-727292749	Oncology Group	Prince William County, 1533 Colonial Drive, VA	US
S1-867212465	Ilse's Rapid Law Group	105 Miles Drive, San Marcos, TX	US
S1-454207394	East Marketing Private Limited	Srt-432, Ground Floor, Sanath Nagar, Ameerpet, Hyderabad, Telangana	India
S1-265307526	Rpg Seva Samiti	No. 257, 1St Main Road, Officers Model Colony S.M. Road, Ward No. 15, T Dasarahalli, Bangalore, Karnataka	India
S1-406932020	Shivam Impex Private Limited	Fl No. 4, 2Nd Flr, Satsang Aptt, B J Road, Mh, Pune, Maharashtra	India
S1-749067273	Industries Vardan Fresh Ltd	705, Ansal Vikas Deep Building Laxmi Nagar District Centre, Vikas Marg, Delhi, East Delhi, Delhi	India
S1-40433208	Carey and Kagan Qdro, LLC	507 Plymouth Avenue, Salina, NY	US
S1-763712802	Custom Logistics Collective LLC	2777 Yates Drive, Atlanta, GA	US
S1-827038129	Western Parts LLC	40 The Ledges, Unit 3C, Youngstown, OH	US
S1-304231672	Solex Pattana LLC	526 Lake Drive, Middletown, DE	US
S1-48113060	Charil's Platinum Solutions	210 Shorewood, Unit APARTMENT 5, Vernon Hills, IL	US
S1-228279134	Technochem Trust	Door No 631 2 Nd Stage, Kesare Layout, N R Mohalla, Mysore, Karnataka	India
S1-248343073	Surmount (India) Mart Private Limited	2D, Jay Vijay Apartment, 61B, Palm Avenue, Kolkata, Howrah, West Bengal	India
S1-805229335	Pushp (exports) Private Limited	Shubhas Bhuvan, Surejeet Society, Mahavir Nagar India Colony, Thakkar Bapanagar, Bapunaga, R, Ahmedabad, Gujarat	India
S1-13709299	First Technologies Private Limited	Ground Floor, S.A.S.Nagar (Mohali), Rupnagar, F-247, Ds Saini Building, Industrial Area, Punjab	India
S1-24756267	Modern Shivam Products Limited	D-19, 601, Yamuna Nagar Welfare Chs Ltd Off Link Road, Oshiwara, Andheri West, Mumbai, Mumbai City, Maharashtra	India
S1-130957177	Fin Broadcasting LLP	D/602 Excellency Tower, Maharashtra, Mumbai City, Mumbai, Indralok Phase 8 Bhayander East Mumbai	India
S1-679392570	IJ First Token LLC	NY, 5 Cynthia Court, Florida	US
S1-128280984	Tamarra's Apparel	231 Vincent Street, Baltimore, MD	US
S1-220775509	Vision Midwest Care Associates	29414 Antioch Road, Andalusia, AL	US
S1-7314585	Swastik Projects Private Limited	Bargo Ranibag Rustampur, Gorakhpur, Uttar Pradesh	India
S1-415841864	PJ Newhold Partners	10911 Idlewood Court, La Porte, TX	US
S1-448989961	Dermatology Coastal Associates Inc	300 Charles Moore Road, Newbern, TN	US
S1-830936632	Herminia Molina Water Inc.	361 Bowditch Street, Burnsville, NC	US
S1-99245017	Cyber & Brothers Pvt. Ltd.	Bj-99, Shalimar Bagh Near Jaspal Kaur School, Delhi, North Delhi, Delhi	India
S1-976150307	Baba Shree Developers Limited	New No.278/102, 4Th Floor Peters Road Royapettah, Chennai, Tamil Nadu	India
S1-905106256	Krista Windom Cea LLC	1400 Westinghouse Road, Unit 3211, Georgetown, TX	US
S1-696641869	Unitek Jaivik Private Limited	Mithapur, Barea, Gardanibagh, Patna, Bihar	India
S1-268476080	Silver Retail International PLLC	Henrico County, 2808 Chapelwood Lane, VA	US
S1-874362372	Dark Solutions Private Limited	62, Ground Floor, Sahara Mall M.G.Road, Gurgaon, Haryana	India
S1-789108317	Civitech Services Private Limited	Delhi, South Delhi, W8E/15, Old No- H-27, Western Avenue, Sainik Farm, Near Generator House, Delhi	India
S1-915540133	Zenith Tax LLC	5241 Sable Court, Mentor, OH	US
S1-307675763	Gujarat Investments Pvt Ltd	D. No. 49-52-11, 1St Floor, Santipuram Junction, Visakhapatnam, Vishakhapatnam, Andhra Pradesh	India
S1-822788356	Pacific Charities Inc	330 99, Cottage Grove, OR	US
S1-11200670	Holloway Great Nasdaq Holdings	4717 Lakeside Drive, Omaha, NE	US
S1-429193877	Oconnell Healthy LLC	1020 Drayman Place, Apex, NC	US
S1-109450074	Hex (India) Enclave LLP	405, Cloud 9 Towers, Sector-1, Vaishali, Ghaziabad, Uttar Pradesh	India
S1-577633788	Meor LLC	3107 Walnut Creek Drive, Unit A, City Of Wilson, NC	US
S1-914501024	Mantri & Co	House No: 33 Badal Colony, Zirakpur, Patiala, Punjab	India
S1-213633120	TRS Agro Private Limited	1-188, Avas Vikas Colony, Barapur, Farrukhabad, Uttar Pradesh	India
S1-799859017	Fulmore Star Reit, Inc	3833 Beidler Place, Canal Winchester, OH	US
S1-909710664	Rapid Advanced Advisory LLC	879 Heather Circle, Conway, AR	US
S1-723680367	RFS Caterers Ltd	G-043, Tower -A, Palam Corporate Plaza, Palam Vihar, Gurgaon, Haryana	India
S1-138576801	Creative Custom Clough	547 Four Mile Square Road, Anson, ME	US
S1-932328277	Bright It Private Limited	Plot No D 139 Kagal 5 Star Midc, Kagal, Kolhapur, Maharashtra	India
S1-170999178	Barajas Direct Imaging	12570 Cotton Lane, Unit 1080, Surprise, AZ	US
S1-306915208	Great Oneim Inc.	22 Hunter Lane, Hempstead, NY	US
S1-571221834	Infrastructure Unique Dealcom Private Limited	X-138, Shop No-5, Bajaj Nagar, Gangapur, Aurangabad, Maharashtra	India
S1-46310811	Orthopedic Care Inc	IL, 5121 105th Street, Oak Lawn	US
S1-599204195	Nagapattinam Service Private Limited	Nagapattinam, Kunjaly Maraicar Street, 10/16 Elanthamarathady La, Nagapattinam, Tamil Nadu	India
S1-393062263	My Media Private Limited	C-3, First Floor Community Centre, Sda Market, New Delhi, Delhi	India
S1-922890080	Allied Logistics Works	6990 Ponce De Leon Drive, Spanish Fort, AL	US
S1-226211623	Dynamic Creative Networks	1907 1000, Westport, IN	US
S1-420441904	West Metro Hall Center	558 Central Avenue, Cedarhurst, NY	US
S1-400159361	Main Street Yoga	144 Kurlene Drive, Macomb, IL	US
S1-512595642	Plumbers Local 308	4646 Marrill Road, Byron, IL	US
S1-459337348	Shiv Trading Limited	H.N. 01Road No. 3 Ward No, 23, Ajay Motors Ke Pacha, Jhunjhunu, Jhujhunu, Rajasthan	India
S1-166337668	Grid Services Private Limited	Dno 4-53 W/O Veeraiah, Near Nagendr, Guntur, Andhra Pradesh	India
S1-138256304	Sree Investment Private Limited	Gala 7, 1B, Singh Industrial Premises, Ram Mandir Road, Goregaon West, Mumbai, Mumbai City, Maharashtra	India
S1-731164005	New Global Private Limited	2-B Matruchaya Hinaufriendssiciety Road Jogeshwari (East), Mumbai, Maharashtra	India
S1-616475804	Cancer Guild Inc	2402 93rd Trail, Brooklyn Park, MN	US
S1-127406091	Modern Gold Construction Private Limited	530, Archis Residency, Flat No. 202, Tara Terace, Kolhapur, Maharashtra	India
S1-312235137	Kestance Bridge	222 Brighton Avenue, Dallas, TX	US
S1-839699879	Behavioral Health Medicine LLC	21 16th Street, Richmond, IN	US
S1-941624670	I G & A Qdro Inc	3300 Commonwealth Court, Woodbury, MN	US
S1-820784044	Big Coffee	89 Erb Street, Buffalo, NY	US
S1-680899872	Mohta Network Private Limited	Spl-2A, I & Ii Phase, Riico Industrial Area Pur Road, Bhilwara, Rajasthan	India
S1-71284994	Billups Iron	1708 Red Clover Street, Village Of Holmen, WI	US
S1-505611155	Diehl Eaton	11341 Hartman Circle, Omaha, NE	US
S1-693515163	Falcon & Brothers LLP	Uttar Pradesh, Saharanpur, Gram Dhoodhli Dehradun Road, Saharanpur	India
S1-301123761	Select Heartland Breeze Clinic	197 A Thomas Johnson Drive, Frederick, MD	US
S1-351093285	North Stardust Care	470 Lake Street, Ravenna, OH	US
S1-513311458	Ethelind Roberts Tungsten LLC	WI, Town Of Grafton, 2228 Port Washington Road	US
S1-213617388	Wallen Vernal LLC	1144 Aragon Trail, Mesquite, TX	US
S1-899576573	Price & Han LLC	3909 Birkdale Drive, Westfield, IN	US
S1-177244042	Pediatric Medicine Inc	111 Franklin Avenue, Unit Apartment 4C, New Rochelle, NY	US
S1-916867113	MW Advisory P.C.	22 Mobile Drive, Randall, MN	US
S1-822796303	Infra Housing Consultants Partners	No. 4/729, Kuppusamy Layout, Coimbatore North, Coimbatore, Tamil Nadu	India
S1-321818285	Planet Traders Limited	Ankamvetti Kavala, Puthupariyaram P.O, Manakkadu, Thodupuzha, Thodupuzha, Idukki, Kerala	India
S1-187017508	Green Unified Digital LLC	958 Alma, Port Bolivar, TX	US
S1-96156790	Tasoft LLC	KY, Bardstown, 298 Lexi Court	US
S1-938302603	Bmw Engineering Private Limited	161/1, Mahatma Gandhi Road Room No.16, Ground Floor, Kolkata, Kolkata, Howrah, West Bengal	India
S1-770228041	Vimla Utilities Pvt Ltd	Lig-881, Road No 5, Post Office Back Side Line, Kukatpally Housing Board Colony, Hyderabad, Telangana, Hyderabad	India
S1-154190197	Family Partners LLC	3 Lamson Street, Boston, MA	US
S1-659740387	Vasai Consulting Pvt Ltd	Office No.301, 3Rd Floor, Blossom Building- No.14A, Yashwant Nagar, Bolinj, Virar West, Vasai, Palghar, Vasai, Thane, Maharashtra	India
S1-813581750	Unique South Investments Private Limited	272 Bharat Apartments Sector 13, Rohini, New Delhi, Delhi	India
S1-524227023	Smith Dental Associates	1162 Perry Parkway, Village Of Oregon, WI	US
S1-928779438	Internal Medicine Health LLC	906 Cernan Drive, Bellwood, IL	US
S1-358188421	Drp Pharma Limited	C/O Pritee Bainsla, Vill, Nandawala, Near Chaupal, Palwal, Faridabad, Haryana	India
S1-140990037	Family Alliance	3834 Indian Creek Road, Elkview, WV	US
S1-557182088	Annamarie Trautman, Esq., PC	1608 Kansas Avenue, Roswell, NM	US
S1-509831887	Biddy Simmons Future Inc	King, NC, 224 Greystone Drive	US
S1-33765893	Global Consultancy Pvt Ltd	C/O: Md Ruhul Amin Mondal, Jayrampur, Murshidabad, West Bengal	India
S1-552604766	East Family Practice	1645 Speed Road, Spencer, WV	US
S1-545479624	Interstate Vanguard Heritage LLC	1461 Middlebrook Road, Augusta County, VA	US
S1-321086402	C E & Z Micro	5151 Guadalupe Road, Unit 3147, Phoenix, AZ	US
S1-394836603	Nguyen Space Inc.	4850 79, Colesville, NY	US
S1-406152256	Lyndsie Roth, L.C.S.W. Clinic	780 Minot Road, Minot, ME	US
S1-796744920	Tpg & Co	Glitters, V Shantha Nagar Madambakkam, I 3, I - 4, Chennai, Tamil Nadu	India
S1-246038909	Debi Educational Society	Bandra Suburban, Ghanshyam Enclave, Link Road Next To Laljipada Police Chowki, Kandiva, Li West, Mumbai, Maharashtra, 511	India
S1-29749013	Kovilpatti Solutions Private Limited	112A, M.P. Complex Main Road, Kovilpatti, Tirunelveli, Tamil Nadu	India
S1-387942393	Red Seafood, Inc	312 College Street, Covington, TN	US
S1-753316856	Allied Pinnacle Shore Inc	105 Cottage Court, Louisa County, VA	US
S1-757677714	ZBU Harbors	1921 30, Gilman, IL	US
S1-145443638	Bright Grill	1133 Washington Street, Holliston, MA	US
S1-667949337	East Ispat Private Limited	297 Konark, Konark Market Complex, Konark Bus Stand, Konark, Puri, Orissa	India
S1-836296604	Coromandal Marketing Private Limited	G-3, Neel Madhav, Valji Ladha Cross Road, Near Hiera Mongi Hospital, Mulund (W), Mumbai, Maharashtra	India
S1-124899181	Living Solution (India) Private Limited	Maharashtra, Pune, Haveli, H No A -41, Bhavani Kunj, Kashid Ngr, S No 46/1	India
S1-267823339	Webster and Powell Snow Corp	5918 Morning Fern Lane, Humble, TX	US
S1-628791405	Polaris LLC	8390 Green Retirement Lane, Hanover County, VA	US
S1-780656853	Golden Power Limited	162/163, Flora Building Central Avanue Road, Near Rose Manor Sch, Ool, Santacruz West Mumbai, Mumbai City, Maharashtra	India
S1-380906499	Direct Continental Joint	4 Framark Drive, Unit Apartment 1007, Victor, NY	US
S1-400537875	Staples Virginia	NY, 3 A New Street, Sherburne	US
S1-319923917	Nguyen Equity Partners LLC	350 Maple Drive, Unit 424, Washington, DC	US
S1-764726689	Pediatric Dental Clinic	85 Azalea Lane, Andrews, NC	US
S1-998304049	Manav Welfare Society	126 Udaypur Road Nimta, Kolkata, Parganas North, West Bengal	India
S1-131190407	First Colonial Chiron P.C.	922 Mathis Avenue, Salisbury, NC	US
S1-389546786	KU Better Therapeutics	Advance, 231 Brayden Drive, NC	US
S1-789992683	Caldara Principal LLC	WA, Spokane, 3916 Pratt Avenue	US
S1-857273380	Purifoy, Shelton & Lewis	1900 Sunrise Way, Unit 14, Central Point, OR	US
S1-146902248	Regency & Brothers LLP	13/489, New Block Building, Nadakkavil Hospital, Tirur, Malappuram, Malapuram, Kerala	India
S1-532563960	Rapid King	1209 1st Street, Tyler, TX	US
S1-327579278	Sky Builders Pvt Ltd	Gujarat, Ahmedabad, 2402, Phase Iv, Near Siddhnath Ice Factory, Gidc Vatva, Ahmedabad	India
S1-398469911	Sushma India	C/O Beena Kumari P, Sai'S 2366923 Paral Rd Cly Var, Po Kuthuparamba, Kannur, Kerala	India
S1-618704174	New Life Chapel	AZ, Phoenix, Unit C18, 6565 19th Avenue	US
S1-711546038	Atlantic Solid LLC	5710 Ederton Court, NC, Fayetteville	US
S1-407240754	Aadrika Chits Private Limited	Above Urben Flavour Hotel, Evershine Cit, Y Vasai, Mumbai City, A Wing-103 Golden Co-Op Housing Society, Palghar, Maharashtra	India
S1-819331363	Sara Foundation Private Limited	H No-176/3, Reliance Tower Ke Pas, Ghaziabad, Uttar Pradesh	India
S1-152106212	Allied Intelligence Union Corp	174 Nola Lane, New Tazewell, TN	US
S1-428622363	Orbos Insurance LLC	426 Counselors Way, SC, Fort Mill, Unit APT 208	US
S1-611117474	Hero Guard Private Limited	14/716 Indira Nagar, Lucknow, Uttar Pradesh	India
S1-480369952	Sree Investments Private Limited	Villa No.38, Kolla Luxuria Lane Adjacent To Chirec School, Kondapur, Rangareddy, Telangana	India
S1-853616545	Evo Television Private Limited	Plot No. 56, Aruna Enclave, Tirumalagiri Secunderabad-15, Hyderabad, Telangana	India
S1-685048543	Ghanshyam Milk	5Th Floor, 502, Meraki Arena, Cts No. 619/14 619/15 619/21A 21B, V N Purav Marg, Opp R K Studio, Chembur East, Mumbai, Maharashtra	India
S1-834947894	Lower Evolution	MO, Saint Louis, Fl 0, 8026 Stanford Avenue	US
S1-668219004	Green Data Alliance	Muscle Shoals, AL, 214 Colorado Avenue	US
S1-995633012	Jay Power LLP	C/O Sanjay Sambhaji Mhase, Rno 102, Ekvira Aai Apt Bldg No1 Shlok Nagar, Mumbai, Thane, Maharashtra	India
S1-733363215	Reliable Dynamic Dome Inc	304 Milky Way Drive, Apex, NC	US
S1-143960680	Vijay North Consultants Private Limited	55/3456 Ground Floor Valluvassery Building Elamkulam Junction Metro Piller No 810, Kerala, Kadavantra, Ernakulam	India
S1-883292335	South Valley Dbdr	N89W16301 Main Street, Unit Apartment 5, Village Of Menomonee Falls, WI	US
S1-905638422	FJS Advisory Private Limited	Plot No. 31Part &32, 8Th Floor, Tower A, Ramky Selenium, Financial District, Nana, Kramguda, Hyderabad, Rangareddy, Telangana	India
S1-465062093	Esparza, Pembroke and Huh LLC	4438 Arrel Road, Youngstown, OH	US
S1-34081350	Barabani Builders Private Limited	C/O Varsha Agarwal, F-1 A, Shree Hl Appt Tagore Road, Barabani, Bardhaman, West Bengal	India
S1-586004357	Lilaa Holdings Group LLC	2120 Ashland Avenue, Evanston, IL	US
S1-653053845	Fine Medical Centre	Om Krupa Chs Ltd, Lower Kharodi, Malad (W) Opp. Marve Road Malad (W), 401, Maharashtra, Mumbai City, Mumbai	India
S1-377912796	Vaayuora Solutions Private Limited	7Th Floor-719, Shivalik, Shilp, Iscon Cross Road, Ahmadabad City, Ahmedabad, Gujarat	India
S1-290452420	KH Plastics LLP	H.No 591A, Hmt Layout, V.R Pura, Yelahanka, Bangalore North, Bangalore, Karnataka	India
S1-825136756	Colonial Alliance V	19 Sunset Trail, Austin, TX	US
S1-289698113	Swastik Technologies	436 Vishnupuri Annex. Bhanwarkunwa, Indore, Madhya Pradesh	India
S1-780189346	Young Interests	AZ, Phoenix, 15001 29th Avenue	US
S1-681441889	Womens Health Grand Center	1041 Logan Street, Port Townsend, WA	US
S1-559895759	National Corporate LLC	IL, Aurora, 1603 Colleen Court	US
S1-964134328	Legacy Fields	AR, Huntsville, 3117 Madison 1427	US
S1-525150018	Harlow Bitcoin	735 Warfieldsburg Road, Westminster, MD	US
S1-165965006	Utl Impex Limited	S/O Kalu Ram Saini Ward No. 5 Chirawa Chirawa (M), Jhunjhunu, Jhunjhunun, Rajasthan	India
S1-625312123	Aman Vidyalaya Private Limited	6-3-649/1 To 3, Unit 4, Nalanda Complex, Nampally, Hyderabad, Telangana	India
S1-416197754	Ankur Medical Limited	A-31, Sector-58, Noida, Gautam Buddha Nagar, Uttar Pradesh	India
S1-202958611	Gl Management (India)	24, Gandhinagar Crawford, Tiruchirappalli, Tamil Nadu	India
S1-643898887	Taylor Harbor Senior	9219 Falls Creek Trail, Albuquerque, NM	US
S1-822783100	Hitech Developers Private Limited	D-16, First Floor, Above Icici Bank Prashant Vihar, Delhi, North West Delhi, Delhi	India
S1-695827885	United Fellowship P.C.	4671 Waynick Meadow Road, Asheboro, NC, Unit 3	US
S1-216733182	Spak Brothers	304/A, Shyamal Kunj 2, B/H Arya Shri, Opp Pentagon Appartment, Rajkot, Gujarat	India
S1-100065295	Rocky Piedmont Giant Clinic	8019 Baptist Church Road, Mardela Springs, MD	US
S1-663070553	4731 Madison Place Holdings Clinic	24 His Way, Weaverville, NC	US
S1-890791121	Zahara Hoyt Aktiengesellschaft	1617 Curry Drive, Fl 1, Chandler, AZ	US
S1-309037526	B 8 Precision Israel Inc.	8016 Westboro Way, Sacramento, CA	US
S1-505475964	Advanced Diamond Navigation	67 Robert Drive, Unit 6723, Easton, MA	US
S1-338284293	Tirupati Infrastructure Private Limited	Kesarkunj Complex, Beside Jumbo King Vadapav, Krishnabaugh, Maninagar, Ahmedabad, Gujarat	India
S1-747707981	Bengaluru Realty Private Limited	No. 601, I Floor, I Main Road, 16Th 'E' Cross, Pai Layout, Old Madras Road, Bengaluru, Bangalore, Karnataka	India
S1-79601388	Masha Espinosa Modern Arch LLC	512 High Meadow Road, Fl 0, Saint Louis, MO	US
S1-715037663	Olympe Boyle Midwest Midcap Partners	1528 Zoo Parkway, Unit H, Asheboro, NC	US
S1-500805242	Golden Engineering Private Limited	Scf 5-E Ranjit Avenue, Amritsar, Punjab	India
S1-348776573	Yuen Management LLC	3812 King Street, Alexandria City, VA	US
S1-44740188	Kalinga Thoughts Private Limited	Bardhaman, Barabani, Shristi Nagar Town, Sen Raleigh Road, West Bengal	India
S1-158534901	Raven Corp	60 Taunton Avenue, Boston, MA	US
S1-294128479	Bhive Foundation	Howrah, 66, West Bengal, Dhan Devi Khanna Road 2Nd Floor, Kankurgachi, Kolkata	India
S1-277321107	Patel and Lipp Spring	AL, Wetumpka, 792 Alston Drive	US
S1-498219902	Future Infra Private Limited	1631, Gali Andheri, Pahri Bhojla Jama Masjid, Chitli Qabar, Delhi, Central Delhi, Delhi	India
S1-377518497	Bombay New Solutions Pvt Ltd	North West, Delhi, Ground Floor, Pkt-B, Sec-4 Bawana Dsidc City, Plot No. 54	India
S1-265294663	Lilian Stevens Mountain Chiron Inc	3600 Independence Boulevard, Charlotte, NC	US
S1-728762565	Blue Management Private Limited	Derabassi, P.No. 9, Luxmi Ind. Park, Said Pura, Punjab, C/O R.K Sharma, Mohali	India
S1-273311268	Yamuiya Nath Private Limited	Surat, Plot No.5, Gujarat, 3Rd Floor, Dummaswala Compound, Hirabag, Varachha Road	India
S1-660311557	Mount Fellowship	5 Briarhill Court, St Peters, MO	US
S1-650696290	Chanda Secure Convertible Inc.	157 Montague City Road, Greenfield, MA	US
S1-662862687	Credit Retail Labs, LLC	16163 Beechnut Street, Houston, TX	US
S1-362174	Shyam Shivam Ventures Pvt Ltd	Thrissur, Kerala, Kadukutty P.O Near Latin Church, Kallur, Vadakkum, Ammachiparambil House, Thrissur	India
S1-69136938	Construction Magnum Rasayan Ltd	Ff-17, Goyal Tower, Nr. Jahanvi Restaurant, Panjara Pole Char Rasta Univercity, Ahmedabad, Gujarat	India
S1-790709500	Goregaon West Minerals Private Limited	Pagrav Building, 57, S V Road, Maharashtra, Goregaon West, 106, Mumbai	India
S1-569877977	Global Assets Inc	5304 Madison 4448, Saint Paul, AR	US
S1-259620754	Tri-State Saul Inc	407 State Street, Williamston, NC	US
S1-193688525	Keystone Armour Inc	32 Hiltin Place, Greensboro, NC	US
S1-665417843	Twisted Bike Shop	3701 Quail Drive, Norman, OK	US
S1-539009314	Horizon Printing International LLC	49 Redland Road, Wetumpka, AL	US
S1-996746963	Emmar Nursing Home	Khasra No. 28/15, Rajokri Road, Near Kapashera Chowk, Samalka, Delhi, South West Delhi, Delhi	India
S1-464958840	Shakti Exports Private Limited	11-4-19/3, Srinivasapuram Colony, Kovvuru, Andhra Pradesh	India
S1-734475733	Williams Vanguard Consumer	454 Golf View Drive, IL, Crystal Lake	US
S1-44102077	Garg Infracon	63, G.T. Road (South), Howrah, West Bengal	India
S1-939019335	Jones Precision Fannie	13561 Pisces Avenue, Eloy, AZ	US
S1-770861340	Ardyce Opp Fields LLC	2242 91st Street, Chicago, IL	US
S1-986752294	Thompson Octave L.L.C.	Anna, TX, 145 Emma Drive	US
S1-976485117	Allied Healthcare	City Sr No 170 Word No 1, Plot 255-256/B, Bhavnagar, Gujarat	India
S1-995803674	Snyder America LLC	51 Daniels Farm Road, Middlesex, VT	US
S1-968834274	Shreeji Prints Private Limited	Sy No 169, Serilingampally Kondapur, Kondapur, Hyderabad, Telangana	India
S1-711368086	Sargent Maritime	550 Pluto Road, Milford, TX	US
S1-874097698	Shyam South Food Private Limited	Office No. 501, Ratan Gallaxie Arya Mandir Hall, J N Road, Mulund (W), Mumbai, Mumbai City, Maharashtra	India
S1-622393908	Sarasika Services Private Limited	583, Kashinath Ji Ki Gali, Jaipur, Rajasthan	India
S1-607933705	Nova LLC	4061 Market Street, Unit 16, Salem, OR	US
S1-158464905	Eilis Trupiano Highland	3 112th Street, Unit Apartment 2, Troy, NY	US
S1-893763030	National States LLC	1415 Vanderbilt Lane, Mesquite, TX	US
S1-370318467	Morgan Peak Staking	2800 84th Avenue, Brooklyn Park, MN	US
S1-482793213	Burke Resources Inc	16503 Jones Road, Henderson, MD	US
S1-497221253	Christiansen Interstate Lending Inc	3003 Ocean Gateway, Cambridge, MD	US
S1-510006375	Hernandez Trading Inc	12437 Stumptown Road, Huntersville, NC	US
S1-444242020	PX Health Private Limited	113-Bnew Mandi Muzaffar Nagar, Uttar Pradesh, Muzaffarnagar, Uttar Pradesh	India
S1-589512581	Patel Plumbing, L.L.C.	1658 Lin-lor Court, Elgin, IL	US
S1-773037425	Solstice LLC	1508 Tam-o-shanter Lane, Kokomo, IN	US
S1-530639460	(india) Southern Management Private Limited	K-43, Opp Plaza Cinema, Connaught Place, New Delhi, Delhi	India
S1-825385187	Education Program LLC	2939 Country Place Circle, Carrollton, TX	US
S1-425569447	Bay Custom Productions LLC	209 Grove Street, Pikeville, TN	US
S1-685535568	Jessalyn Esker Atlanta	2120 Grizzly Trail, Harker Heights, TX	US
S1-65068776	Ear Nose & Throat Specialists LLC	501 44th Street, Unit Unit 1316, Billings, MT	US
S1-643757932	4-Brothers LLC	15995 Bravery Avenue, Chino, CA	US
S1-949954287	Ghaziabad Ventures Private Limited	C-87/1 & C-88 Site 1 Bsr Road, Ghaziabad, Uttar Pradesh	India
S1-688842109	Babara Woods Silver LLC	18728 39th Drive, Bothell, WA	US
S1-275712314	Pediatric Dentistry Atlantic Center Inc.	809 Rochelle Road, Irving, TX	US
S1-818653007	Moten, Everett and Corey Center	109 Date Street, Hartford, IL	US
S1-60459372	Royal Constructions Private Limited	C/O Smt. Kamlesh Agarwal 138, Janakpuri, Bareilly, Uttar Pradesh	India
S1-310885588	Tice Rocky Mobility LLC	RI, Greenville, 519 Putnam Pike	US
S1-705367794	Beacon Midwest Square-Rochester	NY, Rochester, 16 Post Avenue	US
S1-128414869	Ark & Associates	Office No. 411, 4Th Floor, The Address Commericia, S.No. 164, Wakad, Pune, Maharashtra	India
S1-155352199	Golden Gold Infrastructure Private Limited	Fl No 401, Sr No. 35/80 81 Anika Apartment, Raghvendra Nagar, Pune, Maharashtra	India
S1-585930773	Oceanic Welfare Society	Sr. No. 16, 19, 21, 83(P) &91, 98, Forest Trails Pebbles A Bldg, Flat No. A, -103, Paud, Pune, Maharashtra	India
S1-10580196	Secure Telecom	310 Calion Street, Unit Apt C, Jonesboro, AR	US
S1-5272605	Fulford Blue	18 Woodside Avenue, Port Jefferson, NY	US
S1-949674979	My Logistics Private Limited	A-401, Lakshachandi Apts, Krishna Vatika Marg, Gokuldham, Gor Egaon (East), Mumbai, Maharashtra	India
S1-372476597	Apex Trading Private Limited	H.No 14, Maharani Road, Panchatti Nr Shiv Bodhgaya, Bodhgaya, Gaya, Bihar	India
S1-943380830	Rivera Adamas	895 Old Snapps Ferry Road, Chuckey, TN	US
S1-261677770	Flint, Inc	Kingsport, TN, 738 Rocky Branch Road	US
S1-885746969	Herbal India Private Limited	Gari Badai, Mauza, Pratap Pur, Fatehabad, Agra, Uttar Pradesh	India
S1-234285521	Horne Nasdaq	157 Pinnacle Court, Warrenton Town, VA	US
S1-104386090	Smart Greenland Partners	Pulaski County, 3599 Lake Ridge Drive, VA	US
S1-769559180	Ace Aerospace Services	2169 Sagecrest Loop, NM, Rio Rancho	US
S1-113305149	Sree Developers Pvt Ltd	8-25 Ramapuram Bavikadapalli, Pullampet, Kadapa, Cuddapah, Andhra Pradesh	India
S1-467258400	Highland Society of Malden Inc	167 Kennedy Drive, Unit 101, Malden, MA	US
S1-270228939	Allwin College	House No. 351, Block - B, Jj Colony, Inderpuri, New Delhi, Delhi	India
S1-478661142	Msp Holdings	H.No.12-5-149/10, Aruna Nivas, 1St Floor Vijayapuri, Tarnaka, Secunderabad, Hyderabad, Telangana	India
S1-799324054	Pune City Energy Care	Sn 31/3, H No 1304/3, Siddheshwar Prasad Bldg., Pune City, Pune, Maharashtra	India
S1-129469494	LB Technologies Private Limited	43-A, The Krishna Soc Opp Motera Gam, Gandhinagar, Ahmedabad, Gujarat	India
S1-392737211	Syntecor Clinic	2434 Hidden Valley Lane, Silver Spring, MD	US
S1-481128060	Anderson Group	OH, Unit B, 2103 Sidneywood Road, West Carrollton	US
S1-610042408	Shashi Developers	7 Vessella Villas Kondapur, Hyderabad, Rangareddy, Telangana	India
S1-483260441	Ridge Society	MO, Saint Louis, Fl 0, 6827 Vernon Avenue	US
S1-122838063	Digital Technology Limited	D..No.11-11-2, Flat.No.404, Vijetha Apartments, Ramireddypet, Narasaraopet, Krishna, Andhra Pradesh	India
S1-599240592	Nilay Books Company	Plot 13, H.No 3-38-40 Shobana Colony, West Marredpally, Secunderabad, Hyderabad, Telangana	India
S1-760094221	Marketing Pawan Council Private Limited	Raigarh, Maharashtra, B 202 Vighnaharta Chs Plot 7, Sect 1, New Panvel	India
S1-586802916	Verile's Fresh Boutique LLC	9496 Chesapeake Drive, OH, North Royalton	US
S1-690010564	Clear Energy Services Care	16435 Bridle Oak Drive, Cypress, TX	US
S1-271481846	Ramirez Dynamic Information	7 Pinehurst Drive, Clifton Park, NY	US
S1-805567974	VEF Midcap Inc	Unit UNIT C, Newark, DE, 812 Pencader Drive	US
S1-712128687	Bira Welfare Society	Door No:70/2, Anna Nagar, Dindigul, Tamil Nadu	India
S1-731648200	Bg Educational Society	Plot No.-544-E, Sector-37 Pace City-Ii, Near Hero Honda Chowk, Gurgaon, Haryana	India
S1-869831993	Heart Foundation	229 Butler Estate, Greenville, AL	US
S1-238132008	Global Agro Private Limited	S No22/8/9Seva Homes Flat, No 101 Nr Daffodils, Haveli, Pune, Maharashtra	India
S1-797816408	Global Program	2315 R Street, Washington, DC	US
S1-591334282	Gaor Inc	Terra Alta, WV, 264 Primrose Lane	US
S1-817145938	Mumbai Galvanizing LLP	Unit No 422, Maharashtra, 4Th Floor, Neelgiri Industrial Estate, 183, Tokershi Jivraj Road, Sewri (West), Mumbai	India
S1-955930074	Pushpam Group of Companies Clinic	Cts Ward No.03, Mahanagara Palike Ward No. 04, Cts No. 751/2, Atal Bhihare Vijapari Circle, Nalaband Chowk, Gacchinkatti Colony, Bijapur, Bijapur(Kar), Karnataka	India
S1-464755342	Marylee's Hair Studio	3214 Linden Drive, Anchorage, AK	US
S1-668873721	Urology All Specialists LLC	Windsor Locks, CT, 94 Old County Road	US
S1-99824219	Griggs Empire LLC	3321 Mallory Avenue, Badger, AK	US
S1-44605593	Super Ispat LLP	Mega Media, 40/703 Power House Road, Palarivattom, Cochin, Kerala	India
S1-191502	Global Pink Learning Public Limited	2-57, Madapur, Narsapur, Medak, Telangana	India
S1-841262640	Golden It Limited	Villa No-1, Aparna County B/H Mathrusri Nagar, Miyapur, Hyderabad, Telangana	India
S1-349700230	Seven Technologies Group	No 1446, Rajivi Nagar, Tuticorin, Tuticorin, Thoothukudi, Tamil Nadu	India
S1-369166869	Eternity Babu Pvt. Ltd.	B-52, Grd Floor Block B, Omicron 2, Greater Noida, Gautam Buddha Nagar, Uttar Pradesh	India
S1-856986445	Gallegos Opportunity LLC	Stickney, 4209 Clinton Avenue, IL	US
S1-13837614	United Construction LLP	C/O Saroj Kumar, Vill. Bajitpur Majhauli At - Jagai Majhauli, Pops - Bochahan, Muzaffarpur, Bihar	India
S1-400139873	Eastern It Pvt Ltd	Opp. Dhandari Kalan Railway Station, Adjoining R.V International, G.T. Road Dhandari Kalan, Ludhiana, Punjab	India
S1-220062526	Gagandeep & Co	Unit No. 312, 3Rd Floor Bps Plaza, Devidayal Road, Mulund West, Mumbai, Mumbai City, Maharashtra	India
S1-272721298	Ramkrishna Services Private Limited	Lotuse Apartment, Flat No-16, Bldg No-A2 B Wing, S.No 3/1/1/2 To 4, Yewalewadi, Pune, Maharashtra	India
S1-38766649	PFU Research	Panipat, Haryana, Panipat, 56/455 Dadlana	India
S1-84849610	North Engineering Private Limited	22/1, South Tukoganj, A.B.Road, Indore., Madhya Pradesh	India
S1-205166426	Cochin Memorial Trust	Flat No.03, Asha Chs Ltd, Plot No.33 Mhada Complex, Malwani No.08, Malad West, Mumbai, Mumbai City, Maharashtra	India
S1-554981898	Supreme Reliable Lakeshore LLC	2434 Cedar Pointe Drive, City Of Janesville, WI	US
S1-100365402	Flint LLC	4177 State Street, Eastern Goleta Valley, CA	US
S1-201132589	Total Certified Medicine	1512 Chalk Bluff Court, Leander, TX	US
S1-425087749	Choice Bsp	438 Zinnia Court, Merced, CA	US
S1-591813000	Boex	4240 Pulaski Street, Birmingham, AL	US
S1-873750649	Raj Infra Pvt Ltd	D-94, Industrial Focal Point, Rajpura, Distt.Patiala, Punjab., Rajpura, Patiala, Punjab	India
S1-405792862	Adc Build Limited	A-304, Iscon Center, Shivranjani Cross Roads, Satellite, Ahmedabad, Gujarat	India
S1-950851660	Flores Regional Assets	1607 Roosevelt Avenue, Bloomington, IL	US
S1-841680530	Flowers For Corp	920 Highgrove Drive, Chapel Hill, NC	US
S1-434565769	Services Sai Solar Private Limited	Fl-A/401, 4Thfloor, Gayatri Aangan, Bhubaneswar, Khordha, Orissa	India
S1-719716811	Veit Innovative Smart LLC	Houston, 11610 Snowmass Drive, TX	US
S1-493403317	Blue Logistics Pvt Ltd	12/1, Sura Cross Lane, Kolkata, Howrah, West Bengal	India
S1-24916373	W B Vanness Bynordic Group	257 Glade Hollow Drive, Russell County, VA	US
S1-293269519	Flytech Brothers Private Limited	9-2/30, Chah Kamal Purana Bazar, Hapur, Ghaziabad, Uttar Pradesh	India
S1-541260963	3-Point	105 Morgan Drive, Windsor, NC	US
S1-476769721	Prasana Traders Private Limited	Flt No-A/1404 Sai Pearles, Plot No-14&15 Sector-35D, Panvel, Raigarh(Mh), Maharashtra	India
S1-259293046	Quach Freight	33 Merritt Avenue, Braintree, MA	US
S1-463065598	Value Financial Solutions	15425 Tierra Grande Drive, Needville, TX	US
S1-547062323	New Sangh	No.32, Abhiman Enclave, Top Floor, 11Th Main, Nobo Nagar, Bangalore South, Bangalore, Karnataka	India
S1-218649327	Mari Group of Companies Private Limited	W/O Mr. Heera Lal 2206 L-1 Gali No.-10/4 Sangam Vihar Near Ashtal Mandir, New Delhi, Delhi	India
S1-554868625	Gerrie Johnson, P.A., M.D., P.C.	440 Highpoints Ridge, Branson, MO	US
S1-949851506	Sangam Diamond Pvt Ltd	8, Ganesh Chandra Avenue 1St Floor Suite No. 6A, Kolkata, Howrah, West Bengal	India
S1-523974786	Bright Tavern LLC	1720 Longview Drive, City Of Appleton, WI	US
S1-742019822	Olympie Hossain Fast, Inc	361 Treasure Island Drive, Allyn, WA	US
S1-744905074	AX Armada	12983 Ann Marie Drive, Unit Lot 1, Mccalla, AL	US
S1-583272868	Alok Gases Pvt Ltd	C 41, Gulmohar Park, New Delhi, South Delhi, Delhi	India
S1-48210794	Ilp Natural Private Limited	S-341 T/F Outer Ring Road Panchsheel Park, New Delhi, South Delhi, Delhi	India
S1-258380408	Good Global Pvt Ltd	9/1/51, Rishi Tola, Fatehganj, Faizabad, Uttar Pradesh	India
S1-318221358	Vanguard Capital Vertical	4151 Continental Drive, Waukegan, IL	US
S1-491777094	Sipra Polytechnic	Flat No. 101 & 102, Sai Durga'S Gk Residency, Ward No. 08, Block 5, Sadguru Nagar, Kar, Maghat, Hyderabad, Rangareddy, Telangana	India
S1-594278973	Silver Pinnacle Shreya P.C.	Oswego, 392 Ogden Falls Boulevard, IL	US
S1-330316171	Patna Foods Clinic	C/O Niku Devi, Mintu Kumar, Flat No -501B R.D.Tower, Panchshil Nagar, Gola Road, Dana, Pur, Patna, Bihar	India
S1-525571842	Big Premier Marketing Pvt Ltd	Building No. 11/507 B, Near Edavachal Juma Masjid Edavachal, Maniyoor, Chekkikulam, Kannur, Kerala	India
S1-907033309	@ Fit 7 All	1439 Sourdough Road, Melville, MT	US
S1-360914518	Delhi Electricals Pvt. Ltd.	193 G/F Main Road Ram Vihar Shahdara Gate No.3 Park Delhi, Delhi, East Delhi, Delhi	India
S1-526776848	Classic Schwab LLC	Cincinnati, OH, 5653 Childs Avenue	US
S1-649907240	Digital Guru Consulting Pvt Ltd	H-704 Block Mera Homes, Seegehlli Near Shell Petrol Bunk, Avalahalli, Hosakote, Bangalore Rural, Karnataka	India
S1-306010127	Chrysler Hallberg, CPA, M.D., P.C.	N11155 Evans Hill Road, Town Of Stephenson, WI	US
S1-777147078	Heritage Chemical Technologies Inc	720 Shadybrook Drive, Unit O, Akron, OH	US
S1-919165160	Dream Projects Limited	No51 R.K.Mutt Road, Mylapore, Chennai Hennai, Hennai, Chennai, Tamil Nadu	India
S1-287248352	Hayes, Johnson and Moore	2 Harris Avenue, Unit Apartment L12, Mechanicville, NY	US
S1-180936752	CS Ameren Inc	1302 2nd Street, Grimes, IA	US
S1-456238572	Arihant Media Private Limited	422, Victorian Avenue, 13Th Cross, 6D Main, Indira Nagar, Hal 2Nd Stage, Bangalore, Karnataka	India
S1-499216172	Robertson & Demars	383 Winslow Road, Wheatland, NY	US
S1-722440473	Anderson Heartland Tavia	1802 36, Heflin, AL	US
S1-128516192	High Investments Private Limited	Bhutani Infra Alphathum Sector-90, Noida, Tower-A Unit No-635 Plot No-1, Uttar Pradesh, Gautam Buddha Nagar	India
S1-107955768	Grace Ministries	3762 Treadway Trail, Hamilton, OH	US
S1-390620592	WPA Laboratories	Sree Sailam, Tc 84/1918, Nss Karayogam Lane, Near Muthoot Skychef, Thiruvananthapuram, Trivandrum, Kerala	India
S1-751406999	Mahindra & Partners Pvt. Ltd.	31/337, Gali No.6, Chhikara Colony, Bahadurgarh, Jhajjar, Haryana	India
S1-732389670	Blooming Core Private Limited	F-401 Sakshat Apartment Survey No. 502A1/27 Nandishwar Mahadev Temple, Vejalpur, Ahmedabad, Gujarat	India
S1-310662171	Vision Clinic of Montgomery LLC	9978 Fm 149, Montgomery, TX	US
S1-399761147	Kandivali Solutions Private Limited	106/A2 Sarova Tower Sindhudurg Chs Ltd Samta Nagar Thakur Village Kandivali-E, Kandivali, Mumbai City, Maharashtra	India
S1-889892920	Ace Biomedical Dynamics	Saint Johnsbury, VT, 490 Mount Vernon Street	US
S1-518120038	Thomas Piedmont Yhn LP	234 Riverside Drive, Dedham, MA	US
S1-231292475	Fenaon Concepts, LLC	29320 Kings Spur, OK, Maud	US
S1-347334097	Prk International School Private Limited	South 24 Parganas, Bediadanga, New Ballygunge Rd, West Bengal, 124/2/17 42/22	India
S1-266386719	Heart Center PC	NC, Greensboro, 5701 Northlake Drive	US
S1-446766985	Platinum Return PLLC	79 Averyll Avenue, Wolcott, CT	US
S1-450636499	Arihant Technology Private Limited	Sno-21/1, 21/3 Flat-C/22, Ganesh Garden, Dapodi, Pune, Maharashtra	India
S1-2409065	Gulf Montessori School	1828 Rockeast Road, Springville, IN	US
S1-605049357	Colonial Bay Indonesia LLC	1824 -3A Colonial Arms Circle, Virginia Beach City, VA	US
S1-906273834	Jarleon Sterling LLC	13795 Electric Street, Unit #28, Beaverton, OR	US
S1-535802318	Heinrich, Torres & Lee, LLC	131517 Federal Boulevard, Riverton, WY	US
S1-470232737	Gulf Interstate Tower Corp	3746 Harriet Avenue, Minneapolis, MN	US
S1-447585907	First Producer Pvt Ltd	Shop No. E-1, Wz-55C, Rattan Park, New Delhi, West Delhi, Delhi	India
S1-344339220	Urso's Quality Analytics	1410 Whitcomb Avenue, Indianapolis, IN	US
S1-960065780	Northwind	108 Paris Street, Unit 2, Boston, MA	US
S1-419797527	Great Technologies Private Limited	H.N 20, New Indra Nagar, Riverview Colony, Thatipur, Gird, Gwalior, Madhya Pradesh	India
S1-549264353	Mountain Health Center	4 Whitmore Street, Lexington City, VA	US
S1-510760326	Dynamic Investment Private Limited	Cts No. 530/31, Shaniwar Peth, Near Prabhat Theater, Off Bajirao Road, Mehunpura, Pune, Maharashtra	India
S1-977151213	Chiropractic Care LLC	TX, Harlingen, 22678 Tamm Lane	US
S1-710975868	Latest Instruments Private Limited	B-130, Delhi, South Delhi, Lower Ground Floor, Shivalik, Malviya Nagar, New Delhi	India
S1-588800377	Ridge Fusion	6819 Farm Road 106, Springfield, MO	US
S1-780059117	Raavi Institute of Technology	A-81, Rajasthan, Urmila Marg, Hanuman Nagar, Vaishali Nagar, Jaipur	India
S1-882343229	Parker Safe Amc PC	6805 Burbank Drive, Baton Rouge, LA	US
S1-302822677	Vais Clinic	6835 Barlowe Court, Hughesville, MD	US
S1-500755346	Dermatology Specialists of Coos Bay	889 Kentucky Avenue, Coos Bay, OR	US
S1-705247568	Surles Prairie Credit	77 Trapper Ridge Lane, Hedgesville, WV	US
S1-532263646	Shyam Energy Pvt Ltd	Plot No-A34, F.No-02, Gali No-10, Hindon Vihar, Sector-49, Noida, Gautam Buddha Nagar, Uttar Pradesh	India
S1-352050814	Veterans Society	Loami, IL, 409 Center Street	US
S1-737198187	Vanguard Fifth LLC	2108 Grand Detour Road, Dixon, IL	US
S1-483160150	Cardinal	KY, 209 Sugartree Lane, Versailles	US
S1-936695573	Rocky Ventures Inc	10270 377, Dublin, TX	US
S1-807375408	Villa Endocrinology	5761 Ferron Circle, Taylorsville City, UT	US
S1-992548042	Meeks, Lee and Correia LLC	169 Main Street, Unit 4, West Springfield, MA	US
S1-785700943	Premier Consultancy Private Limited	Building In Bikaner & Jaipur Bank Geeta Bhawan Chowk, Haryana, Sonepat, Sonipat	India
S1-811904920	Karoline Gray Direct Crescent LLC	210 Wisconsin Avenue, Villa Park, IL	US
S1-690774450	Internal Medicine Group	3690 Gulf Shores Parkway, Gulf Shores, AL	US
S1-228653601	Nagraj Education Ltd	3/1B Gour Sundar Sett Lan, Dumdum, Sinthee Police St, Kolkata, Kolkata, Howrah, West Bengal	India
S1-843563225	Ferrium Real LLC	3740 Zakira Court, Hampstead, MD	US
S1-45865263	Midwest Alliance VI	883 Garner Avenue, San Bernardino, CA	US
S1-235593041	Red Deli	16 Hale Court, Glendale Heights, IL	US
S1-435764640	Pederson Law Group LLC	38 Merwin Road, North East, NY	US
S1-253550233	Saint Baptist Church	812 Leroy Street, Union, NY	US
S1-353627933	Alpha Foundation Private Limited	Check Khapri Gondpipri, C/O Shri U V Pidurkar, Chandrapur, Maharashtra, Chandrapur	India
S1-634340370	Barr Alphabet PC	25861 Canal Road, Unit Unit 83, Orange Beach, AL	US
S1-814657574	Square Facility Private Limited	520-522 5Th Floor, Plot 731, Part 3, Arun Chambers Pandit Madan Mohan Malviya Marg, Tardeo, Mumbai, Mumbai City, Maharashtra	India
S1-156825302	Highland Golden Sizzle Care	NY, Syracuse, 306 Arthur Street	US
S1-353931815	Lane Craney Pacific Apogee	504 Spruce Avenue, Nixa, MO	US
S1-531837855	Gulf Energetics Inc	East Elmhurst, 94-01 25 Avenue, NY	US
S1-170943288	Tirupati Finance Pvt Ltd	313/36 G/F Inderlok City, Delhi, North West, Delhi	India
S1-204790284	Maxwell Complete Galata Inc	1420 Stone Canyon Way, City Of El Paso, TX	US
S1-476646646	Oxford Smart Rio LLC	Oxford, AL, 936 Pinecliff Drive	US
S1-825683224	Morales Runway PC	5074 Lowell Street, Washington, DC	US
S1-487734577	Renco Nursing Home	Tc 28/405, First Floor, Sastham Koil Road, Thiruvananthapuram, Thiruvananthapuram, Trivandrum, Kerala	India
S1-900606615	Varanasi Critical Private Limited	Vyas Bagh Vyas Bagh Harhua Shivpur, Varanasi, Uttar Pradesh	India
S1-367679059	Nguyen, Griffin and Wine Realty	11 Vancouver Avenue, Tulsa, OK	US
S1-34181833	Ear Nose & Throat Medicine LLC	2500 Melbrook Drive, Kankakee, IL	US
S1-72045433	Vijay Exports	302, J B House Op-Minita Apartments Tsishwar Bhuvan Road, Navjivan, Ahmedabad, Gujarat	India
S1-713928587	Talley and Koenig Inc	9861 Oak Canyon Lane, Tucson, AZ	US
S1-260641574	Happy Massage	63 Osborne Trail, Columbia Falls, MT	US
S1-503939857	Services Nand Warehousing Private Limited	508, The Loft B9, Mulshi, Haveli, Pune, Maharashtra	India
S1-291109440	Williams, Higgins & Garrett LLC	17252 Village Main Boulevard, Unit 15, Lewes, DE	US
S1-589393668	Baex Enterprises LLC	238 Belmere Luxury Court, Houma, LA	US
S1-154790709	DGC Direct Sprott Inc	3721 Spokeshave Lane, Charlotte, NC	US
S1-984429646	Sun Infrastructure Limited	Spaze It Park, Tower B3, 4Th Floor, Unit No- 442-4, Gurgaon, Haryana	India
S1-416449503	Express Environmental Company	1020 Skyview Drive, New Albany, IN	US
S1-7169872	ZR Pro	7179 Salmela Road, Embarrass, MN	US
S1-502781524	American Network V LLC	40 Osgood Street, Andover, MA	US
S1-747899452	Kira Harry Value LLC	83-44 265 Street, Glen Oaks, NY	US
S1-495297369	Highland Trust, LLC	4957 Captiva Court, Southport, NC	US
S1-394064735	Bagwe Wafers Private Limited	Sno 672/3A State Bank Hsg, Socy Shop N0.4 Bibawewadi, Pune City, Pune, Maharashtra	India
S1-468825447	Dubose Quality Mortgage	22429 Lexington Road, Le Center, MN	US
S1-212279400	New Delhi Ganesh Pvt Ltd	Office No. 303, 3Rd Floor, Balaji Chamber, D-246/10 Street No. 10, Laxmi Nagar, New Delhi, Delhi	India
S1-922513621	Mcgregor, Villarreal and Sandoval Intelligent	151 Atkinson Street, Rochester, NY	US
S1-122402532	Raj Energy Limited	Sco 1, Jbj House, 18Th Milestone, Delhi-Mathura Road, Neelam Ajronda Metro Station, Sector 20A, Faridabad, Haryana	India
S1-534229336	Maa Healthcare Private Limited	Gat No 2347/B/2, M No1587 Ganesh Park, Nagar Road, Wagholi, Pune, Maharashtra	India
S1-930761610	Hotel Infotech	B-702, Vasundhara Aptt. Plot No. 16 Sector 06, Dwarka, New Delhi, Delhi	India
S1-348948344	Sunray (India) Admedia LLP	I-A, 113, Vidhyut Vihar Colony Shakti Nagar, Sonebhadra, Uttar Pradesh	India
S1-690345259	Mcglasson & Linn Pinnacle LLC	1020 Ripley St, Davenport, IA	US
S1-241771203	Heritage Network	3833 50th Street, Unit 1, Lubbock, TX	US
S1-797541565	Stephens Audio Installation Care	2111 University Avenue, Minneapolis, MN	US
S1-396024629	Chavez Electronics LLC	930 Silverberry Circle, Kirtland Afb, NM	US
S1-58812574	Bail Apex Anadolu, Inc	208 Ridgelawn Drive, Athens, AL	US
S1-831727591	York Spacsphere	IA, 875 Spruce Street, Waukee	US
S1-787009435	Weber Epr PC	6 Saratoga Avenue, Waterford, NY	US
S1-67539245	Ryan Molecular Inc	1017 Grand Avenue, Unit Apartment 3, Saint Paul, MN	US
S1-806032435	Memorial Society	Milepost 109.7 I88 Highway, Sugar Grove, IL	US
S1-16771900	Laxmi Consulting Private Limited	1023 B Bazar Mohalla Village Tughlakabad, Delhi, South Delhi, Delhi	India
S1-728878045	Upper Madison Group	4564 5th Street, Gresham, OR	US
S1-13467906	Harbin Miluna Inc.	4241 Ambassador Drive, St George City, UT	US
S1-590984670	Minny P. Duran, M.D.	10 18 Nikos Way, Nogales, AZ	US
S1-33102953	Silver Cafe	VA, Halifax Town, 1076 Mountain Road	US
S1-934003476	Vibha Hospital	E-401, Sgm Nagar, Nit, Faridabad, Faridabad, Haryana	India
S1-117048649	Jalnayan Beverages Ltd	C-213/1 Gali No. 5, Chauhan Banger, Shahdara, East Delhi, Delhi	India
S1-394475192	Om Constructions Private Limited	Delhi, Savitri Nagar, 150-A, New Delhi	India
S1-228398068	Estates Educational Society	Survey No. 4784/A1/C/2, Shop No. 07 And 18, 2Nd Floor, Pride Icon, Gokul Road, Hubli, Dharwad, Dharwar, Karnataka	India
S1-117584702	Agro Innovative Infrastructure Private Limited	C/O-Gopal Patil Dwarka, Nagar Pimple Road, Amalner, Jalgaon, Maharashtra	India
S1-107957810	Market Traders Private Limited	Second Floor, 31, Arumugam Nager, 1St Street, Mugalivakkam, Chennai, Tamil Nadu	India
S1-686424097	Sea Trading Private Limited	Praveen Kumar, So-Lt Jagdish Chaudhary, Hn-79, Kavi Raman Path, Nageshwar Colony, Patna, Patna, Bihar	India
S1-733775896	IQI Advisory Inc.	311 Darlene Ext Street, Murfreesboro, NC	US
S1-364589143	Sparrow Holdings LLP	Podar House, 4Th Floor, A Road, Churchgate, Mumbai, Maharashtra	India
S1-961080544	Thomas & Trevino Inc	4360 Schenk Road, Barnhart, MO	US
S1-41478874	Sahaj & Associates	501, Fifth Floor, Tower A Signature Towers, South City-1, Nh-8, Gurgaon, Haryana	India
S1-794129388	Hultquist, Willa B., DPM	561 Marjorie Mae Street, Patton Twp, PA	US
S1-371417095	Universal Producer Private Limited	C/O Sanjay Sahu 9 Gram Jagdishpur, Gopalganj, Bihar	India
S1-844870867	Southern Bread Clinic	2694 Briarberry Drive, Vestavia Hills, AL	US
S1-521336346	Kaira Education Private Limited	Old No.37/C, Chennai, New No.14, Ground Floor, Nathamuni Street, T.Nagar, Tamil Nadu, Chennai	India
S1-276678997	Valdez's Harbor Data Inc	417 M T Hayes Road, Mecklenburg County, VA	US
S1-401685816	New Delhi Engineering Private Limited	H.No.-158, Second Floor, Gujjar Dairy, Gautam Nagar, New Delhi, South Delhi, Delhi	India
S1-418185631	3828 Main Lane Management	910 Watauga Avenue, Unit 301, Johnson City, TN	US
S1-7220224	Choice Safe Vision, LLC	8436 G Street, Tacoma, WA	US
S1-666101978	Shivrudra Engineers	H.No 1/618 Satav Nagar Handewal Rd Hadapasar, Pune, Maharashtra	India
S1-513005324	Ingeberg Voigt, CPA	2406 Oliver Street, Baltimore, MD	US
S1-572277104	Shepard Sterling Services LLC	Cloquet, 1582 Fern Drive, MN	US
S1-557910378	Internal Medicine Specialists Corp	2205 River Chase Drive, Monroe, NC	US
S1-296554401	North Engineering Private Limited	E-326 Greater Kailash-Ii, New Delhi, South Delhi, Delhi	India
S1-738879762	Dupont, Village Of	2098 Bradley Street, Dupont, WA	US
S1-87390816	South Signature Cslm LLC	547 300, Logan City, UT	US
S1-812539888	Nathalia Banning Staffing Inc	329 Fifth Street, IL, Vandalia	US
S1-291357856	Fajardo Express Ventures, LLC	517 White Oak Drive, Fl 0, Glen Burnie, MD	US
S1-462499569	Rojas Lane LLC	413 Bidwell Avenue, City Of Waukesha, WI	US
S1-776960737	Summit Trust	320 Broad Avenue, Rockingham, NC	US
S1-766721296	Calley Gomez Bancorp	416 Juniper Avenue, Wake Forest, NC	US
S1-237836072	Education Ministries	5138 Hazelridge Road, Roanoke City, VA	US
S1-419665788	Kestyn Vista LLC	80 Deaconess Road, Unit 351, Concord, MA	US
S1-115496141	Delta Capital Center	409 Adams Street, Loudonville, OH	US
S1-677935743	Black Business Limited	Mumbai, First Floor B-4 Hari Bhuvan, Zaver Road, Mulund West, Mumbai City, Maharashtra	India
S1-722771976	Navarro, Birch and Moriarty Hawaii LLP	116 Whitney Street, Camas, WA	US
S1-734485132	Life Consulting Private Limited	Office No S-180, 2Nd Floor, Hawares Fantasia Park, Plot No. 47, Sector- 30/A, Vashi, Navi Mumbai, Thane, Maharashtra	India
S1-374434926	Surya Gold Business LLP	2-108, Gurunagar Colony, Kongareddy Palli, Chittoor, Andhra Pradesh	India
S1-669236944	Consulting Heat Private Limited	Rewa, C/O. Awadh Bihari Tiwari Arun Nagar, Madhya Pradesh, Rewa	India
S1-366798296	Grc Vidyalaya	C/O Vivek Paliwal, Bhatnawar, Pohari Ii, Pohri, Shivpuri, Madhya Pradesh	India
S1-451492072	Graham Empire L.L.C.	190 Chloe Lane, Henderson, NC	US
S1-765638069	Delila Galloway Energia	8341 De Dorado, Fl 1, Scottsdale, AZ	US
S1-465865578	Vijay Shree Infotech Private Limited	36 Hosa Oni Ethinagudda, Dharwad, Dharwar, Karnataka	India
S1-555034146	Pragya & Associates	A-703, Devkrupa Appartment Nr. Corner Point, City Light Road, Surat, Gujarat	India
S1-115415854	One Consultancy Private Limited	West Bengal, Calcutta, Kolkata, 161/1 M G Road 3Rd Floorroom No 61	India
S1-787043095	W R Naranjo Fitness LLC	3121 Notting Hill Avenue, Roswell, NM	US
S1-813651438	Russell, Blair and Merritt LP	Unit 8, CA, 300 Del Verde Circle, Sacramento	US
S1-971981559	South Institute of Technology Inc	5250 10th Street, Savanna, IL	US
S1-545407827	Direct Point Inc	5N 790 Chambellan Lane, Bartlett, IL	US
S1-570072717	Magnify Trading Private Limited	302 3Rd Floor Kh. No.-215 Sarja Market Sector-7 Naharpur, Delhi, North West, Delhi	India
S1-520630575	Nonet Trusted Imaging, LLC	519 Adams Street, Holliston, MA	US
S1-557875472	Zilinum	408 Shugermans Loop, Alexander City, AL	US
S1-559388448	Federal Valley Toyo	268 Coolwell Road, Amherst County, VA	US
S1-66207309	Mehra India Pvt Ltd	23A1, Hiland Park 1925 Chakgaria, Panchasayar, Kolkata, Kolkata, Howrah, West Bengal	India
S1-884724402	Downtown Hypnosis	1405 Shadowdale Drive, Houston, TX	US
S1-712021702	Ramkrishna Produce Private Limited	Lotus Kripa, Bhagwati Kripa Chs Ltd, Off To Swami Vivekanand Road, Nr Sbi Bank, Maharashtra, 802, Malad West, Mumbai	India
S1-664413780	Orthopedic Associates LLC	613 23rd Street, Houston, TX	US
S1-499430434	HQ Legacy Rmg	9323 Eric Circle, Kingston, IL	US
S1-760096151	AL Heartland Motors Corporation	3862 Bittinger Road, Swanton, MD	US
S1-200617008	Shivani House Private Limited	5 And 6 Flat No. B-2 F/Floor, Ghora Mohalla Aya Nagar Kh. No. 1661 Gali No. 1 Lotus Apptt., South Delhi, Delhi	India
S1-623452738	FM Ifsc Limited	No. 15, Shop No. 3 And 4, 1St A Cross Telecom Layout, Jakkur Post, Bangalore, Karnataka	India
S1-474954481	Clute, Town Of	314 Yorktown Avenue, TX, Clute	US
S1-729521945	Star Management Private Limited	Wa - 139, 3Rd Floor Ganesh Nagar - Ii, Shakarpur, New Delhi, East Delhi, Delhi	India
S1-769639906	Community Cornerstone Council	41620 Shreve Mill Road, Loudoun County, VA	US
S1-208682389	Primary Care Medicine PLLC	1487 11B, Dickinson, NY	US
S1-412537380	Express American Electronics P.C.	106 Love Lane, Page County, VA	US
S1-64517585	Uptown Hypnosis!	18361 Marygold Avenue, Bloomington, CA	US
S1-812274502	Mumbai Innovative Pvt Ltd	Lahuji Salve Nagar, Bhd.Suncity Hotel, Midc Road No.19 Andheri (East), Mumbai, Bandra Suburban, Maharashtra	India
S1-460613684	Oncology Great Health P.C.	9408 34th Drive, Phoenix, AZ	US
S1-407219953	Chery Mcintyre Navios	17315 Thornwood Court, South Holland, IL	US
S1-929729599	Vignesh Micro Private Limited	Kanti Niketan, New Bus Stand Chhatauni Near Of Sports Club, P.O. Motihari, P.S., -Chhatauni, Motihari, East Champaran, Bihar	India
S1-877233109	Value Software Enterprises LLC	700 Flint Drive, Unit 3C, Newport News City, VA	US
S1-224466829	United Fund of Victoria	4610 Lilac Lane, Victoria, TX	US
S1-754983222	Hoffman's Associates	11166 Tesson Ferry Road, Unit SUITE 204, Saint Louis, MO	US
S1-668105264	Painter Blue Sony P.C.	4525 Brookview Place, Mason, OH	US
S1-335231034	Obsidian Mitsubishi LLC	65 Keith Drive, Charlestown, RI	US
S1-503524399	Forbes, Steed and Hall Studios LLC	817 Maple Street, NY, Olean	US
S1-442634470	Behavioral Health Specialists Inc	Salem, MA, 21 Victory Road	US
S1-611182218	Grace Zion	Springfield, 400 328 Madison Street, IL	US
S1-677693056	Arihant Technology Limited	Shriram Greenfield, Tower E 1307, Bangalore North, Bangalore, Karnataka	India
S1-391223436	Infra Charan Promotion Private Limited	B-53 Ground Floor, Kh No-212 & 210 Gali No 4 Jagatpuri Near Vishwakarma Gate, Delhi, East Delhi, Delhi	India
S1-725334592	Peridelle Newbridge Inc	3525 Pacifica Lane, Elk Grove, CA	US
S1-59630692	Balaji Management Private Limited	Ernakulam, Kerala, Xl/96Indian Guest House Palace Durbar Hall Road	India
S1-784006004	Kolkata Exporters Private Limited	18, Rabindra Sarani, Poddar Court Gate No. 4, 3Rd Floor, Room No. 320, Kolkata, Kolkata, Howrah, West Bengal	India
S1-907019093	Qusoft Prairie Loan LLC	211 Prospect Street, Wheaton, IL	US
S1-610257895	Dmk Hospital	Tc 14/321(1) Ebenezer, Pothujanam Road, Thiruvananthapuram, Thiruvananthapuram, Trivandrum, Kerala	India
S1-687742312	Safe Amc LLC	203 Brdway, Campbellsville, KY	US
S1-142506003	Star Estate Limited	26/ 46, Nachghar, Birhana Road, Birhana Road, Kanpur Nagar, Uttar Pradesh	India
S1-233112957	Atlantic Preparatory Academy	665 Tournament Drive, Cincinnati, OH	US
S1-619986950	Flagg Complete Green	12080 Old Frederick Road, Marriottsville, MD	US
S1-520640086	Aguilar Piedmont Crescent Inc	2102 Sandlin Road, Decatur, AL	US
S1-983768451	Clean Classic Cola LLC	53 Spinnaker Run Court, VA, Franklin County	US
S1-226418854	Eagle Mountain Grading	18473 Jefferson Avenue, Eagle Mountain, UT	US
S1-371591724	Saint Ministries	20 Henry Lane, Elizabethtown, IL	US
S1-986793668	Tovar Packaging LP	4602 Horseshoe Circle, Fl 1, Columbia, MO	US
S1-829657486	Agro Sudesh Consultants Limited	81, Vijay Block Main Vikas Marg, Laxmi Nagar, Delhi	India
S1-672056791	Apex Tech Private Limited	H. No. 10-3-444/120A P S Nagar, Hyderabad, Telangana	India
S1-356272103	Smith Imperial of Corvallis	4315 Arrowood Circle, Corvallis, OR	US
S1-972375131	Debraj Memorial Trust	1111, Bangalore, Bangalore North, 11Th Flr, C Block, Unishire Terraza, Karnataka	India
S1-600304818	Loella Robinson Diversified	205 Calamity Drive, Fish Haven, ID	US
S1-718504953	Saint Louis Children's Smart League	Fl 0, MO, Saint Louis, 232 Wesley Avenue	US
S1-584725611	Minot Hospitality LLC	2417 23rd Avenue, Minot, ND	US
S1-775105256	Primary Care Advanced Health LLC	676 Taylor Avenue, La Pryor, TX	US
S1-880279777	Ellingwood and Torres Live LP	828 Bauer Street, Hammond, IN	US
S1-369568495	Canty Prime Light LLC	2125 Baldwin Avenue, Unit 41, Crofton, MD	US
S1-155555909	Oncology Care, LLC	9220 Riverlight Road, Mckinney, TX	US
S1-762343690	Flores Worldwide LLC	129 Morning Street, Portland, ME	US
S1-496625035	Solvex & Co	4/A Damber Compd Mansori, Chsl Behram Baug, Jogeshwari West, Mumbai, Maharashtra	India
S1-705952997	Comptech & Co Kandivali West	B-101, Matrukrupa Chs Ltd, Anil Kunj Kamla Nehru Road, Near Fire Brigade Kandivali West, Mumbai, Kandivali West, Mumbai, Maharashtra	India
S1-288855596	Safe National Crypto	222 Jameson Way, Wilmington, DE	US
S1-693190919	Skg College	Plot No 45 Jashraj Nagar, Baroi Gujarat, Mundra, Kachchh, Gujarat	India
S1-509288861	Adi Marzban Path Auto Pvt. Ltd.	Ballard House, Adi Marzban Path, Mumbai, Maharashtra	India
S1-499953033	Bathsheba Harrison Proem LLC	1603 Farmer Avenue, Murray, KY	US
S1-441643727	Behavioral Health Smart Partners Co	TX, Balch Springs, 11908 Gaiter Drive	US
S1-384124643	Montan Aria	184 Broadway, Brookhaven, NY	US
S1-24659968	Moss Dynamic Services Inc	71 Harold Street, Hartford, CT	US
S1-266692839	OTR Energy Private Limited	Global Premises Poso Ground Industrial Estate, Indore, Madhya Pradesh	India
S1-151932324	Pepper Sangh	K 132, 3Rd Floor, Sfs Flats, Sarita Vihar, New Delhi, East Delhi, Delhi	India
S1-847994492	Valence Construction Private Limited	3/303 /Vidhyadhar Nagar, Jaipur, Rajasthan	India
S1-130147321	Mayfair Developers Co	Plot No. A-52, Shankar Vihar Extension, Near Shankar Park, Jaipur, Rajasthan	India
S1-795575495	Great Architecture Inc	186 Rose Marie Drive, Linn Valley, KS	US
S1-295284011	Torres Endocrinology	10841 Opalstone Street, City Of El Paso, TX	US
S1-703284403	Hilton Trust Partners	243 Pyramid Lane, Dandridge, TN	US
S1-448367080	Fresh Massage! Care	Bensenville, Unit 102, 1101 Irving Park Road, IL	US
S1-175111461	Dermatology Medicine LLC	1051 Van Buren Avenue, Indian Trail, NC	US
S1-690640850	QM Design Care	4J, Tiljala Road, Kolkata, Kolkata, Howrah, West Bengal	India
S1-146745089	Stine Obic LLC	5692 Wellington Road, Lyndhurst, OH	US
S1-541430758	Rangi Beverages Limited	Shahapur, Maharashtra, Banjara Hills, Chandgaon, 744, Thane	India
S1-132404195	Jayam & Brothers Private Limited	Flat-902, Building-349, Kalpataru Shrishti, Sector-3, Phase-2, Mira Road (East), Thane, Maharashtra	India
S1-877371536	Noble & Co	Govind Estate, Flat No. 702 7Th Floor, Plot No. 172, Shivaji Nagar, Nagpur, Maharashtra	India
S1-966204287	Jones, Yamashiro and Sanchez	5540 50, Butlerville, IN	US
S1-710565396	EDE Constructions Clinic	Maniyankerikalam Kavalam, Alappuzha, Kerala	India
S1-300996426	Heritage Peak Sachs	220 Grenadier Drive, Unit Apartment E, Salina, NY	US
S1-501727682	Cardiology Diamond Group PLLC	1936 Holborn Road, Dundalk, MD	US
S1-593879269	Lyndel Miller First Runway LLC	NY, 2 Rockwood Place, North Castle	US
S1-845429639	Department of Aging	2708 Forest Edge Way, Knoxville, TN	US
S1-120630528	Crest Builders Private Limited	3/5 2Nd Floorindustrial Area Kirti Nagar, New Delhi, North Delhi, Delhi	India
S1-500523589	Ceo Choice Etf	Rensselaerville, 24 Sunset Hill Lane, NY	US
S1-882434567	White Impex Private Limited	Wz-1672 First Floor, Lajwanti Garden, New Delhi, West Delhi, Delhi	India
S1-164097112	Kesteon Northland Inc	1166 Bells Mill Road, Shepherdsville, KY	US
S1-877174297	Simmons, Guzman and Williams LLC	11535 Carmel Commons Boulevard, Unit 101, Charlotte, NC	US
S1-883050955	Muthu Technologies LLP	C/O Sajerao Sakharam Kare, Devala, Tq. Aundha, Aundha Nagnath, Hingoli, Maharashtra	India
S1-256343247	Pacific Dental Inc	6491 Running Deer Trail, Steedman, MO	US
S1-802009285	Seven Sky Agro Private Limited	Gumanpura, Kota, Rajasthan, 43-A New Colony	India
S1-193155503	BZL Care Private Limited	C/O Biju Andrews, Kalloor House Koonammavu, Paravur, Ernakulam, Kerala	India
S1-76089171	Feldman & Harmon Care	Fairfax County, 1330 Deep Run Lane, VA	US
S1-612342775	Little Barbershop L.L.C.	12149 Lewis Circle, Forney, TX	US
S1-296054008	Ecstasy Polytechnic	Dombivali (East), Thane, Maharashtra, Gopal Nagar, Lane No.2, Shri Ratan Govindrav Hiraskar Ratan Kunj	India
S1-342562820	Surgical Atlantic Clinic Inc	3170 Hogan Drive, Memphis, TN	US
S1-682350775	Seven Charitable Trust	A-1/5, Dr. Mukherjee Nagar, Delhi, North West Delhi, Delhi	India
S1-317812831	Bureau of Labor	Gastonia, 511 Second Avenue, NC	US
S1-828114451	Halcola Activate PC	12 Oriole Lane, North Oaks, MN	US
S1-191612861	Urban Blue Care Private Limited	273/6 Manicktola Main Road, Kolkata, Calcutta, West Bengal	India
S1-197212532	Simon Medical LLC	6950 Holly Drive, Joint Base Lewis Mcchord, WA	US
S1-72218349	Raviya Software Group	Flat No.201, 236/237 Raviwar Peth Near Jain Mandir, Pune, Maharashtra	India
S1-731152906	Martinez, Hart and Larson LLC	307 Embers Lane, Clover, SC	US
S1-594754999	Owings Mills Cardiology Value Group	12116 Faulkner Drive, MD, Owings Mills	US
S1-447639119	HE Shetkari Pvt Ltd	Tc 1/2256 Kazhakkoottam Village, Thiruvananthapuram, Trivandrum, Kerala	India
S1-975179669	Future Builders Pvt Ltd	1609/24, Iind Floor, Opp:Devaiah Park Nagappa Block, Bangalore - 560 021., Bangalore, Karnataka	India
S1-705833446	Spring Systems Pvt Ltd	C/O Awadhesh Dwivedi Njb, Navjeevan Vihar, Waidhan, Singrauli, Madhya Pradesh	India
S1-224424402	Hi Consultancy Pvt Ltd	Scf 18, 100 Feet Road Near Bhagu Road, Bathinda, Punjab	India
S1-58919833	Henderson Launchpad Corp	948 Whittington Avenue, Unit Apt 227G, Hot Springs, AR	US
S1-634775342	Office of Finance	137 Carriage Hill Drive, Stem, NC	US
S1-113211021	Mcloud Community Certified Association LLC	205 2nd Street, Mcloud, OK	US
S1-858892561	Wires Realty Pvt. Ltd.	A-1709 One Lodha Place Se, Napati Bapat Marg Lower P, Mumbai, Maharashtra	India
S1-328875820	Southern Logistics	Shop No. 101/102 Ff, Sr No. 4311, 4312 Shobha Chambers, Zaveriwad, Ahmedabad, Gujarat	India
S1-568180949	All Research Associates	18230 Wild Mustang Drive, Surprise, AZ	US
S1-505441549	Hernandez Partnership Co	415 Elm Street, Chetopa, KS	US
S1-664506656	XB Global Hartford Clinic	8000 Wood Duck Court, Unit 8102, Franklin, TN	US
S1-549463542	Star Ligand LLC	105 Munson Road, Unit 114, Swanton, OH	US
S1-708213658	Positive College Private Limited	7Th Floor, Suryoday Society St. 1/E Opp Wockhardt Hospital, Kalawad Road, Rajkot, Akcros House, Rajkot, Gujarat	India
S1-854087923	Discover Broadband Private Limited	17/160. Sardar Ganj, B/H. Market Yard Office, Chanansma Highway, Patan, Gujarat	India
S1-923459419	Orthopedic Group	1055 Landon Lane, Fl 0, Arnold, MD	US
S1-225015652	Apex Infra	Chitanvispura Cir 4 House No. 1274, Mahal, Nagpur, Maharashtra	India
S1-198520398	Highland Federation VI	4301 Vista Lane, Sioux Falls, SD	US
S1-461301899	Cure Coffee	12823 Spring Avenue, Kansas City, KS	US
S1-988929257	Safe Electronics Ventures LLC	29717 Gallows Cove, Huntsville, AL	US
S1-681098662	Natassia's Cleaning Service	818 Sth 42, WI, Town Of Liberty Grove	US
S1-604789417	Mimosa Secret Private Limited	Plot No-297/453, Siluan, Mining Road, Opp. Rural Self Employment Training Centre, Keonjhar, Kendujhar, Orissa	India
S1-629504837	Mahajan Advanced Mckinley LLC	87 Kintail Street, Saratoga Springs, UT	US
S1-414912302	Errico Vertical	5015 234th Lane, Buckeye, AZ	US
S1-234127499	Straight Edge Tavern!	10932 49th Avenue, Tukwila, WA	US
S1-43039950	Elysia's Therapy	24503 Lower Canyon Lane, Katy, TX	US
S1-489380963	Brijwasi Medicare Limited	Shanta Neer, 2Nd Fr, Fl-2A, H-1223 Jessore Road, Patipukur, North 24 Parganas, West Bengal	India
S1-511991576	Keon Vanguard Muniyield Inc	6 Woodward Park Street, Unit 3, Boston, MA	US
S1-619568421	Holmes Spire Inc	2244 Cason Lane, Murfreesboro, TN	US
S1-211233819	Potential Visions Private Limited	Bangalore South, Karnataka, Bangalore, No.107/2, Kumbalagodu Dhakale, Gerupalya Village	India
S1-164828315	Pw Internet Private Limited	Maharashtra, Sneh Sadan Bunglow, Sidhivinayak Soc., Pandharpur, Plot No. 78/7 B	India
S1-679639942	Global Construction Limited	219, Goldcrestbusinesspark, Kailashesplanade, Lbs Marg, Mumbai, Maharashtra	India
S1-119658369	EP Crypto	2 Fairway Drive, Hesston, KS	US
S1-97620237	WHJ Manufacturing Limited	B - 608Andandlok Soc Mayur Vihar - I, New Delhi, East Delhi, Delhi	India
S1-23933197	Complete Services LLC	7359 Preserve Way, Prescott, AZ	US
S1-951000927	Technologies Soaring Engineering LLP	Flat No. A/201 Swastik Avenue Behind Nakshatra Residency, L P Savani R, Oad, Pal, Surat, Gujarat	India
S1-945887435	Graham's Catering	202 Somerhill Court, Somerset, KY	US
S1-95824696	Nagesh Castle Private Limited	G1, #4/608, V.O.C. Street, Desk, # 496, Kottivakkam, Perungudi, Omr, Chennai City Corporation, Chennai, Tamil Nadu	India
S1-709075265	Viking Apparel Ltd	116A, 1St Floor, Somdutt Chamber - I 5, Bhikaji Cama Place, Delhi, South West Delhi, Delhi	India
S1-987626724	Luu John Inc	4347 Kepler Avenue, Bronx, NY	US
S1-396928826	Bernier Generation LLC	7670 Quill Lane, Fl 1, Scottsdale, AZ	US
S1-553295585	Parin (India) Solutions Pvt Ltd	Karnataka, Bangalore, Bengaluru, F3, No 12, Nhcs Layout, Navarathna Apartments, 13Th Main Road, Vijayanagar	India
S1-452378977	Quackenbush, Helton and Granado	378 Watervliet Shaker Road, Colonie, NY	US
S1-834864420	Peacock Trust Ltd	2-10-309/2/6 Prasanthinag, Hanamkonda, Warangal Urban, Telangana	India
S1-169094268	L D Hernandez Home LLC	7230 Crooked Oak Drive, Dallas, TX	US
S1-969403285	Nagindas Master Road Services Private Limited	301, Gundecha Chambers, Nagindas Master Road, Mumbai, Maharashtra	India
S1-347222065	Elane's Ventures	6110 Holter Road, Jefferson, MD	US
S1-847982043	Brightify Roman LLC	3478 Catalina Avenue, Tucson, AZ	US
S1-28328044	Eastern Estate Private Limited	Survey No.329/333, At & Po Hansalpur, B/H Spinning Mill, Idar Highway, Himatnagar, Sabar Kantha, Gujarat	India
S1-594501267	Leeper Airport	213 10th Avenue, Dayton, KY	US
S1-264819262	Piedmont Village LLC	170 Straley Avenue, Fl Floor 1, Cheektowaga, NY	US
S1-982701407	Strategic Engineering Alliance LLC	1080 Washington Boulevard, Bushnell, IL	US
S1-232116162	Steele Tri-State Development LLC	412 4th Avenue, ND, Beulah	US
S1-334093330	Grundy Academy	6220 Sioux Falls Avenue, Brownsville, TX	US
S1-564189900	Venus Event Private Limited	No.25, F1, Nila Apartments B.V.R. Nagar, Lakshmipuram Road, Poonamallee, Chennai, Tamil Nadu	India
S1-486597883	<CITY_NAME> Estate LLP	Vill Chhota Dhakuriap O New Chamta, Darjeeling, West Bengal	India
S1-956774210	Schneider Metropolitan Air	15672 Peacock Hill Road, WA, Olalla	US
S1-487953195	Gak Polytechnic Private Limited	Flat No-302, Jilmil, Residency, Anavil Sheri, Surat City, Surat, Gujarat	India
S1-211926498	Millisent Gehring Certified Btc	9 Tallowood Court, Greensboro, NC	US
S1-135537368	Joy Star Private Limited	Telangana, Hno 6-46, Hyderabad, Sri Durga Estates D, Tirumalagiri	India
S1-725786214	Caldon Bain	Baltimore, 2732 Chesley Avenue, MD	US
S1-112431908	KPR Robotics Private Limited	First Floor, Block B, Sector 11, Haryana, Plot No. 35A, Faridabad, Ballabgarh	India
S1-462975082	Legacy Materials Company	5954 600, Cedar City, UT	US
S1-295935074	Haas Dental Associates	Woodburn, OR, 2100 Arney Lane, Unit D105	US
S1-536432164	Share It Pvt. Ltd.	M G Road Aravindnagargauribidanur Kolar, Kolar, Karnataka	India
S1-246355278	HFO Golden Design P.C.	3330 Lockburn Street, Indianapolis, IN	US
S1-685437516	Orbit India Private Limited	115 B Dada Nagar, Kanpur, Uttar Pradesh	India
S1-784454958	Equinox LLC	7275 Drexel Street, Ralston, NE	US
S1-700508188	Internal Medicine First Partners	800 Springer Street, Fl 0, Beeville, TX	US
S1-116182582	Emkay (India) Projects Company	No.486, Karnataka, J.P.Nagar Ii Phase Bangalore, 8Th Main Road, 11Th Cross, Bangalore	India
S1-938048089	Maxworth Mines Private Limited	32, Karamganj, Etawa, Uttar Pradesh	India
S1-343891447	Bridge International School Private Limited	Survey No. 141, (Paiki) Mundra Sez Textile & Apparel Park, Sector 12/S Shantipath - I, V, Mundra, Kachchh, Gujarat	India
S1-777971914	Gkk Business Private Limited	Vii/415-L10, Second Floor Golden Plaza Building, Tb Junction, Angamaly, Ernakulam, Kerala	India
S1-79888590	Mahalasa & Co	Jhansi Mahaveer Nagar, Bhel Babina, Babina, Jhansi, Uttar Pradesh	India
S1-572069678	Vision Hospitality	Cts No.1285 A/D, Old Bulb Factrory, Nehru Nagar, Opp. Hanuman Temple, Kanjur, Marg (E), Mumbai, Maharashtra	India
S1-272925563	Rocket Mouldings Ltd	1B-132, Near Vijay Ram Lila Committee, Nit, Faridabad, Faridabad, Haryana	India
S1-978639418	Flowers Family Practice Inc	10706 97th Avenue, Vancouver, WA	US
S1-628842880	Mills Packaging L.L.C.	406 Brookhaven Drive, Johnson City, TN	US
S1-197370420	Life Gold Construction Private Limited	D No.147/G -15 Thadagam Road, Venkittapuram, Coimbatore North, Coimbatore, Tamil Nadu	India
S1-524347427	Mava Trusted Dte	2810 Liberty Road, Greensboro, NC	US
S1-323766674	Amrit Chit Private Limited	Blue Horizon, Old Kosad Road, Chorayasi, Bul-A 204, Surat, Gujarat	India
S1-670136472	MCV Copper Private Limited	1St Floor, Banoo Manor House, Laxmil Vilas Bank Azad Road, Opp. Teli Gali Road, Andheri, (East), Mumbai, Mumbai City, Maharashtra	India
S1-668668343	Delta Learning Center LLC	535 Obion Road, Houston, TX	US
S1-97225167	Accord Consultancy-Bangalore	H No. 9, Pine View Edward Road, Bangalore, Karnataka	India
S1-726865305	Grieve Anchor Annaly Inc	3530 Willow Oak Circle, Cleveland, TN	US
S1-180923763	Hunger Fellowship	1314 University Drive, Unit 31, Tempe, AZ	US
S1-222662630	Kaveram Construction of Chennai	A/4, Sidco Industrial Estate, Villivakkam Chennai, Chennai, Tamil Nadu	India
S1-150089224	Bright Tech Private Limited	S.C.O 191, 3Rd Floor, Huda Ground, Jind, Haryana	India
S1-984788506	New Delhi Rani	1/1, Phase-Iii New Moti Nagar, New Delhi, Delhi	India
S1-596709756	Internal Medicine Rocky Care PLLC	186 Elnor Road, Louisa County, VA	US
S1-229028347	Ace Energy Private Limited	C/O Nirmala Rathore, Dipo Ke Piche, Shajapur, Shajapur, Madhya Pradesh	India
S1-82626151	Mckitrick Holding Company LLC	435 Sandra Drive, Baker City, LA	US
S1-974907683	Dempsey Quality Fuel PC	11221 850, Tyler, TX	US
S1-482974012	Kestari Infinite	4696 River Road, St George City, UT	US
S1-698439726	Internal Medicine Care Associates LLC	40 Lawrence Road, Fairfield, CT	US
S1-409442294	W/Q Twelve LLC	CA, 8707 Wintergreen Road, Pinon Hills	US
S1-948771427	Jai Investment Limited	B-1/186, Gali No-6 New Ashok Nagar, Delhi, East Delhi, Delhi	India
S1-842144575	Longshoremen Local 188	20903 85th Lane, Peoria, AZ	US
S1-389624737	City Of El Paso Harbor Apex Corp	10320 Montwood Drive, City Of El Paso, TX	US
S1-383752479	Select Clean Regions, LLC	12686 North Street, Fl 0, Dillsboro, IN	US
S1-423887583	Kircher Research Co	216 Garden Way, Westminster, MD	US
S1-646329290	Urology Health of Burkesville	138 Hegira Road, Burkesville, KY	US
S1-6272862	Physical Therapy Grand Partners LLC	Charlotte, Unit A, 7128 Snow Lane, NC	US
S1-930148210	Gress's Patriot Pet Care LLC	220 Prospect Avenue, Findlay, OH	US
S1-38317907	North Management Pvt Ltd	Plot No 54A, Newajpur, Kursi Road, Lucknow, Up, Lucknow, Uttar Pradesh	India
S1-557073117	Superior Intelligence Worldwide LLC	5830 Ashurst Street, Indianapolis, IN	US
S1-420763337	Konstance Maclean Vaneck LLC	12903 Mason Terrace Lane, Cypress, TX	US
S1-189596117	Behavioral Health Clinic LLC	3405 Claire Drive, Unit 104, Suitland, MD	US
S1-489003121	Maudie Wright Grand South LLC	IA, 411 Bryant Avenue, Waterloo	US
S1-739775071	AJ Treasury LP	AL, Bessemer, 1413 13th Avenue	US
S1-927001058	Friederike Mullally Platinum Payments Inc	Garland, 1105 Mckenzie Lane, TX	US
S1-256473352	Cozy Cleaning Service Inc	4485 Pine Bluff Road, Morris, IL	US
S1-172014595	Gurugram Realtors Pvt. Ltd.	Plot No. 101/4, Gali No 4 Kadipur Industrial Area, Gurugram, Gurgaon, Haryana	India
S1-230045269	Keystone Creative China LLC	1301 Springwood Lane, Unit 303A, OH, Fairborn	US
S1-622138408	Silver Energy Products	1 Webster Street, Saratoga Springs, NY	US
S1-827294981	Colman, Barbour and Pal Translational	3501 Cobblestone Terrace, Hopewell City, VA	US
S1-561918767	Punjab International Ltd	6-3-89, Flat No.203, My Home Fern Hill, Khairatabad, Hyderabad, Telangana	India
S1-260162043	Workman Intermediate	44684 Newsom Road, Vinton, OH	US
S1-426953208	Heritage Society LLC	139 Fort Graham Road, Whitney, TX	US
S1-53962107	Liska Electric	152 Pleasant Ridge Avenue, Fort Mitchell, KY	US
S1-391683240	Patriot Tire Shop Group	Patriot, OH, 280 Wright Road	US
S1-702623830	Behavioral Health Interstate Care Associates	6741 Rice Road, Chatham Township, OH	US
S1-257306706	Clinton Wildlife Guild	1058 1175, Clinton, UT	US
S1-992694367	Keystone Regional Aura	119 Red Bluff View Road, Searcy, AR	US
S1-373687217	Canton Dermatology Regional Center Inc	3447 Tuscarawas Street, Canton, OH	US
S1-55120945	Wadhwa Manpower Private Limited	C2, Yamuna Block, Triveni Complex Habsiguda Cross Roads, Hyderabad, Telangana	India
S1-492820667	Jai Finance	Plot No. B-05, Midc Railway Station, Aurangabad, Maharashtra	India
S1-505643600	Peridelle Pelican LLC	273 Boston Street, Syracuse, NY	US
S1-692293651	Camp Armour Inc	2003 Cleveland Avenue, Canton, OH	US
S1-798347278	Lotus Producer Private Limited	604, 6Th Floor, Siddhi Apartment, Chimpoli Road, Chikuwadi, Borivali (W), Mumbai, Mumbai City, Maharashtra	India
S1-624656570	Silver Atlas LLC	100 County Road 2555, Cleveland, TX	US
S1-144525073	Jalandhar Experts Pvt Ltd	Industrial Plot No. 28, Kapurthala Road, Wariana Industrial Complex, Punjab, Jalandhar	India
S1-967610004	Kaliachak Trading Private Limited	Vill. Baranagar, P.O. Jalalpur, Kaliachak, Malda, West Bengal	India
S1-697199027	Karad Farms Pvt Ltd	Shop No.8, Gr Floor, 22, Kalyan Building, K M Zaveri Marg, Bhuleshwar, Mumbai, Mumbai City, Maharashtra	India
S1-846160250	Bhavishya Farm Company	No.2881, 8Th E Cross, 14Th Main, Attiguppe, Bangalore North, Bangalore, Karnataka	India
S1-267433852	Sree Producer Private Limited	No 2 19Th Street, 5Th Avenue, Ashok Nagar, Chennai, Tamil Nadu	India
S1-226674356	TJI Pipe Private Limited	C/O. M. P. Kale, Mangala Niwas, N-11, G-15/1, Hudco, Navjeevan Colony, Aurangabad, Maharashtra	India
S1-290488129	Lanita Kelly Patriot Aurora Inc	240 George Ryder Road, Unit SER, Chatham, MA	US
S1-404224066	Khed Real Private Limited	Office No-229, Shree Ganesh Galaxy, Sr No-141/3, Haveli, Pimpri Chinchwad (M Corp.), Khed, Pune, Maharashtra	India
S1-823691936	SA (i) Ltd	Shop No. 6, First Floor, Riddhi Siddhi Complex, Near Sbi Bank, Village Dholera, Taluka Dholera, Dhandhuka, Ahmedabad, Gujarat	India
S1-768286124	Heart Program, Inc	1313 Erieview Drive, Madison Township, OH	US
S1-431990060	National Compania PC	29507 68th Avenue, Peoria, AZ	US
S1-657512652	Creative Logistics Private Limited	21 Fr1 206 Seedat Mansion, Dr Babasaheb Ambedkar Rd, Mumbai, Maharashtra	India
S1-65087032	Kim Green Skin Care	732 Lonesome Pine Road, Bybee, TN	US
S1-941108817	Shiv Enterprises Private Limited	C/O.Teja Seeds And Pesticides, Church Complex, Main Road, Rentachintala, Krishna, Andhra Pradesh	India
S1-801134582	Future Software Private Limited	23 Chatered Bank Bldg2Nd Floor M G Road, Mumbai, Maharashtra	India
S1-133050338	Federal Floating	200 Terry Avenue, Springdale, AR	US
S1-589592248	Lucero and Solberg Inc	6609 Jamaica Court, Austin, TX	US
S1-476979751	White Tge LLC	1507 Hardie Street, Greensboro, NC	US
S1-124236812	Rathore Seva Samiti	Off.No.8, C1, 2Nd Floor, Bramha Estate Kondhwa, Pune City, Pune, Maharashtra	India
S1-95539352	Nerita Rogers Value Rocky LLC	4651 Chivalry Drive, Lafayette, IN	US
S1-612371131	Solex Douglas LLC	100 Logans Run, Attleboro, MA	US
S1-174193925	Chiropractic Vanguard Medicine LLC	4514 Vallacher Avenue, Saint Louis Park, MN	US
S1-221756656	FX Producer Pvt. Ltd.	C1-2/1125, Sabari Enclave, Bpl Junction, Koottupatha, Palakkad, Kerala	India
S1-345875957	Cube Services Pvt. Ltd.	D.No 7-107/A, Sy No 161, Previously Pranava School Near Royal Function Hall, Manchirevula V, Illage, Hyderabad, Telangana	India
S1-679035414	Keystone Energy International LLC	100 Thomas Street, West Hartford, CT	US
S1-605064250	Sree Infotech Private Limited	Shop No.6, Shree Darshan, Plot No 95/96, Sector-34, Kamothe, Raigad, Maharashtra	India
S1-816295650	Daddy Bharat Private Limited	56-A Royal Residency, Indore, Madhya Pradesh, Bhatkhedi Mhow, Mhow	India
S1-340260993	Sanders Guild of Seattle	13359 11th Avenue, Seattle, WA	US
S1-383115155	Emerald Auto Repair Inc	1199 Howard Bullins Road, Madison, NC	US
S1-373228149	Halcify Corporate, Inc	Willoughby, 38610 Courtland Drive, OH	US
S1-868646077	Tyler Historical Heartland Committee L.L.C.	11300 271, Unit Lot 394, Tyler, TX	US
S1-745354170	Clean Hospitality Corporation	1833 Hermitage Drive, Kingsport, TN	US
S1-211224416	Madril, Muire, Ph.D.	6110 Alderton Drive, Mckinney, TX	US
S1-228655663	Southern Resolution LLC	1518 Tracy Street, Mcminnville, OR	US
S1-343753883	Thirumala Technologies	H No 452 At Washi, Tal Washi, Vashi, Osmanabad, Maharashtra	India
S1-123555068	Bhavsakti Agro Pvt Ltd	8-4-369/5-106, S. R Towers New Sastry Nagar, Erragadda, Hyderabad, Telangana	India
S1-865456029	Pediatric Physicians Inc	15 Admirals Way, Chelsea, MA	US
S1-141571654	My Foundation Private Limited	8-2-293/82/A/1, Plot No.92, Road No.1& 9 Opp Chiranjeevi Blood Bank, Jubilee Hills, Hyderabad, Telangana	India
S1-631621013	Atlas Square	3144 Maple Drive, Reedsport, OR	US
S1-669036970	Digital Foods Private Limited	Pop Chambers, No.134/3, 8Th A Main, Chamundipuram Bfw Layout, Laggere, Bangalore, Karnataka	India
S1-334835286	Royal Boa, Inc	7747 Ar 74 Highway, Jasper, AR	US
S1-809547502	Agri Cinema Limited	Level 8, Dlf Centre, Sansad Marg Connaught Place, Delhi, New Delhi, Delhi	India
S1-996549219	Vijayawada Institute Private Limited	P.N.5, Krishna Nagar, Teen Dukan, Deher Ke Balaji, Jaipur, Rajasthan	India
S1-86441125	Sauceda & Solis	145 River Birch Grove Road, Unit 108, Asheville, NC	US
S1-625050775	Gopi Properties Limited	Flat No. 6L, 6Th Floor Gopala Tower, Rajendra Place, New Delhi, North West, Delhi	India
S1-494608917	Gulf Council II	24 Butternut Hill Drive, Worcester, MA	US
S1-267516505	Arcturus Solutions (India) Limited	Office No. 23-200, Floor 23, Wework - Oberoi Commerz Ii, No. 2, 1 Mohan Gokhale Rd, Aarey Milk Colony, Goregaon East, Mumbai, Maharashtra	India
S1-505076726	Maa Finance LLP	Flr-3, Hakimi Edifice, 5Th Cross Rd, Vinayaka Ngr, Bangalore South, Bangalore, Karnataka	India
S1-843915557	Signature Tri-State Cantor LLC	4006 Dades Throughway, Forestport, NY	US
S1-46732045	Hp (India) Entertainment Clinic	C/O Paritosh Naskar Nona, Uluberia, Howrah, West Bengal	India
S1-809616925	Carleen Dotson Regional Navigation, LLC	2430 Wilderness Ridge Drive, Lincoln, NE	US
S1-784629531	Burns Empire Net	2143 Leonard Avenue, Columbus, OH	US
S1-10789540	Wynne Garcia Integrated Stellar Inc	56812 3, IN, Elkhart	US
S1-579269521	Zink Hair Studio-Danbury	Danbury, NC, 1075 Mount Drive	US
S1-795991165	A Cure 3 You	3066 Hopewell Twp Rd 71, Somerset, OH	US
S1-881297493	Dynamic Financial LLC	4534 298th Place, Auburn, WA	US
S1-557017789	Clean Wealth Associates	218 1st Avenue, Hungry Horse, MT	US
S1-393510880	Zephelle Robotics LLC	835 3rd Avenue, Camas, WA	US
S1-161559404	Talbott and Conaway Petroleum LLC	131 Gilliland Drive, Danville City, VA	US
S1-105764730	Tirupati Consulting Private Limited	Shop No 24, 2Nd Flr, Outr, Am Line, Nr Police Station, Delhi, North West Delhi, Delhi	India
S1-642004710	Callahan & Black Management Inc	TX, 1003 12th Street, Nederland	US
S1-869319064	Ballew & Holmer, Inc	5109 Rock Beauty Court, Waldorf, MD	US
S1-73786438	Technology Trends Private Limited	Trivandrum, Sivapriya T C 10/98 Perurkada P O, Trivandrum, Kerala	India
S1-787776209	Heritage Community LLC	149 Beach Avenue, Unit Apartment 301, Kennebunk, ME	US
S1-260261988	Anne Evans Rogers LLP	4137 Polkville Road, Polkville, NC	US
S1-577222608	Gulf Center V Inc	61187 Cone Flower Street, Bend, OR	US
S1-979238596	Delhi Traders Private Limited	Room No. 6, Survey Chawl, Palghar, Vasai, Thane, Maharashtra	India
S1-685592997	Dakkhan Trading Private Limited	31/2A, 1St Floor, Shanthi Samathanam Arcade, Opp To Selvi Mahal, Thiruvananthapuram Road, Murugankuruchi, Palayamkottai, Tirunelveli, Tamil Nadu	India
S1-421304085	Utley Permian, LLC	89 Meadowbrook Country Club Estate, Ballwin, MO	US
S1-889124773	Willis Electrical LLC	5350 Sparrow Wood Lane, Memphis, TN	US
S1-149492585	First Smart Waste LLC	435 Riverwalk Drive, Lewiston, NY	US
S1-11166089	Cano and Bryk Corp	27044 Kennedy Ridge Extension, North Olmsted, OH	US
S1-409889461	Temple Catholic Church	35 Combs Avenue, Depoe Bay, OR	US
S1-233708496	Ehrhardt and Stewart Columbus LLC	279 Neptune Avenue, Brooklyn, NY	US
S1-374621273	Phedra Mcwhirt Bynordic LLC	IL, 3211 Thelma Street, Rockford	US
S1-637574873	Gray Innovative Neurosciences LLC	OH, 10238 Desmond Place, Perrysburg	US
S1-245994308	Zia Andrus Cascade Gold	1116 Oak Street, Muscatine, IA	US
S1-309104455	Kolkata Investment Pvt Ltd	594/A Madaripur Pally Regent Park, Rahara, Kolkata, Kolkata, Howrah, West Bengal	India
S1-351318881	Anilya Freight	1St Floor, Greeta Towers, Plot Nos:96-98, 109-112, Saidapet, Kanchipuram, Tamil Nadu	India
S1-842724524	Diahann Lopez Reliable Noble	1800 36, Oneonta, AL	US
S1-168656298	Pranansh Multi Private Limited	Karnataka, #805, Bangalore, 16Th Main, 13Th Cross Btm Ii Stage	India
S1-202503754	Aggy Trujillo Royal Sab	519 Pineville Road, Statesville, NC	US
S1-826200967	IO Bynordic Corp	302 28th Avenue, Hickory, NC	US
S1-928493106	Twisted Hypnosis	425 Prairie Avenue, Bradley, IL	US
S1-155432754	Green Management Private Limited	7-49 Lakshminarayana Krup, Nittur Post Udupi, Udupi, Karnataka	India
S1-430639396	Classic Allied Vernal	2603 Eldorado Drive, Mobile, AL	US
S1-455872239	Rinker Armada LLC	1536 Kennedy Drive, City Of Green Bay, WI	US
S1-498143089	Clean Lithium	3008 Calumet Avenue, Valparaiso, IN	US
S1-14516084	Z+ Southern	CT, 45 Saint James Street, West Hartford	US
S1-162309853	Anro Institute	15/1A Gariahat Road 2Nd Floor, Kolkata, Calcutta, West Bengal	India
S1-331217957	Ranisati & Sons Private Limited	House No 41 Block B Near Gahlod Property Dealer Rajeev Nagar Village Begampur, New Delhi, North West, Delhi	India
S1-628241119	Dental Valley Center, Inc	900 4th Avenue, Austin, MN	US
S1-551897263	Monette Youth Federation Associates	56 Craighead 518 Road, Monette, AR	US
S1-897867237	Preferred Mortgage Industries	620 Summer Place, Unit 304, Nashville, TN	US
S1-632257784	Bosoft, Inc	CT, 190 W Avon Road, Avon	US
S1-867942611	Fresh Diner!	926 Coachway, Fl 0, Annapolis, MD	US
S1-74078079	Golden Beacon Otg	1358 Camellia Drive, Camden, AR	US
S1-470354857	Kestium North Inc	2376 Ripple Drive, Bullhead City, AZ	US
S1-286816578	Apex Design Networks Inc	201 Michelle Lane, Madison Village, OH	US
S1-62675744	Genesis & Sons Private Limited	Classic Tower'' Flat No-807, Plot No-11 Sect-18, Taloja Pachnand, Phase-Ii, Tal-, Panvel, Navi Mumbai, Raigarh, Maharashtra	India
S1-212882544	Writers Consultants Private Limited	H.No. 96A, G.F., G Block, South City-2, Sector -45, Gurgaon, Haryana	India
S1-381540720	Upper Marketing, Inc	Phoenix, AZ, Unit 143, 12222 Paradise Village Parkway	US
S1-951314958	XM China LLC	525 Sanctuary Drive, Waxahachie, TX	US
S1-635867471	Dental Associates LP	1095 Powell Lane, Halifax County, VA	US
S1-871425084	Khan, Stacy, DO	11919 Badlands Bend Lane, Humble, TX	US
S1-379892001	Chennai Finserv Private Limited	Shop No 240, Plaza Centre, 129, Gn Chetty Road, Chennai, Chennai, Tamil Nadu	India
S1-920135371	Scott Atlanta	900 5th Avenue, Midfield, AL	US
S1-300918792	Insignia Association Pvt Ltd	Khurja, Bulandshahr, Uttar Pradesh, Navalpura, City Station Road, Rice Mill, Plot No. 689	India
S1-666365068	Gajanan Films Corporation	Muktsar, Gidderbaha, T H G Marketing Private Limited Opposite Municipal Park Road, Punjab	India
S1-340553629	Interfaith Society	8168 28, Indian Lake, NY	US
S1-247532095	Oncology Better Care LP	1406 Whittier Avenue, Hempstead, NY	US
S1-866562337	Keating, Roscoe & Chavez Nmp	3951 Erie Street, Unit 108, Willoughby, OH	US
S1-422727297	Aspen Inc.	901 Mclean Avenue, WI, City Of Tomah, Unit Apt 208	US
S1-333384059	Oncology Group	3556 Piedmont Road, Unit 108, Atlanta, GA	US
S1-390994309	Tillotson and Arias Mercator, LLC	15031 1800th Avenue, Effingham, IL	US
S1-282721293	Best Hospitality Worldwide Inc	761 Harrison Avenue, Astoria, OR	US
S1-723793843	Horizon Payment Global LLC	809 Cleveland Avenue, Unit 1, Cheyenne, WY	US
S1-408014177	Gonzales Continental Sterling Corp	Marion, NC, 183 Court Street	US
S1-925462414	Federal Montessori School	2213 Lupine Avenue, Phoenix, AZ	US
S1-978591840	Oz Health Private Limited	D.No:7-39, 3Rd Floor, Vemuri Nagabhushanam Street Near Vijaya Lakshmi Theatre, Kamayyathop, U, Kanuru, Vijayawada, Krishna, Andhra Pradesh	India
S1-644128087	Robertson Blue For Corp	3633 Marcliff Road, Hope Mills, NC	US
S1-623762053	Services Hcm Jewels Private Limited	Plot No.: 2224/2225, Kalpana Area, Bhubaneswar, Khordha, Orissa	India
S1-564347387	Divya & Brothers Private Limited	No.2, Flat No.2, Latha Apartments, Dr. Radhakrishnan Salai, 6Th Street, Mylapore, Chennai, Tamil Nadu	India
S1-360541610	Swayam & Brothers	No. 127, 1St Floor, 6Th Main, W.C Road 2Nd Stage, 2Nd Phase, Bangalore, Karnataka	India
S1-227988433	Swastik Producer	No.10/6, Valluvar Street Vijayalakshmipuram, Ambattur, Chennai, Tamil Nadu	India
S1-565602305	Continental Talent Union	109 April Valley Drive, Gastonia, NC	US
S1-497011445	Seven Producer Private Limited	6-3-788/32, Flat No 404 Ameerpet, Hyderabad, Telangana	India
S1-214642590	Jalsagar Enterprises Private Limited	Survey No. 122, Kalavad Road, Village Sapda, Taluka Jamnagar, Jamnagar, Gujarat	India
S1-448291320	Ledyne Freight LLC	Accokeek, MD, 16309 Tortola Drive	US
S1-221020563	Jay Software Private Limited	8-3-228/96/2/1, Rahmath Nagar Yousufguda, Hyderabad, Telangana	India
S1-158439658	Nirmala (India) Producer Private Limited	Plot No. 234 Laxmi Nagar West, Nagpur, Maharashtra	India
S1-668316911	Fresh Seafood	14025 Tierra Creel Lane, City Of El Paso, TX	US
S1-49451452	Haynes & Schroyer Spa	1806 Swanson Avenue, Unit C108, Lake Havasu City, AZ	US
S1-764301150	Cardiology Associates LLC	152 Grand Street, Brooklyn, NY	US
S1-320583870	Great Project Associates	17560 Waterman Lane, Marana, AZ	US
S1-128032366	Digital Logistics Digital LLC	5624 104th Street, Omaha, NE	US
S1-8527176	Crowder Holding Company LLC	3605 O Street, Washington, DC	US
S1-749297916	Primary Care Medicine	650 Spruce Drive, Paris, TX	US
S1-697738986	Pediatric Dental Care Associates Inc.	281 2121, Canton, TX	US
S1-237847398	Coimbatore North Services	Coimbatore North, P.G.Pudur, Annur Taluk, Coimbatore, Tamil Nadu, D.No. 6/461	India
S1-413134351	Select Technical Enterprises LLC	1941 Highland Drive, Merced, CA	US
S1-873714455	Ace Solutions Limited	No 7, 2 Floor, 100 Feet Road, 17 Main, 5 Block, Koramangala, Bangalore, Karnataka	India
S1-395764489	Apex Infra Private Limited	C/O Rajni Bala, Bahmani, Bazar, Near Resham Da Ara, Jalalabad, Firozpur, Punjab	India
S1-544019441	Cardiology Clinic Inc.	2750 Havenwood Drive, Unit Unit B, City Of Oshkosh, WI	US
S1-930158144	Thane Option Corp	Office No 208, Kamdhenu 23 West, Pi -A-10/2, A-11, Mithane, Thane, Navi Mumbai, Thane, Maharashtra	India
S1-728652222	Regional Society LLC	87-59 126 Street, Richmond Hill, NY	US
S1-864647663	Fashions Vanijya Private Limited	310, Kanchan House, Commercial Complex Plot No. C-1 Community Center, Karampura, West Delhi, Delhi	India
S1-383737004	Choice Mortgage Group	1844 Bass Loop, Colorado City, TX	US
S1-363013864	Shree Lakshmi Software Private Limited	H-17, Rh-4, Sector-6 Vashi, Navi Mumbai, Maharashtra	India
S1-147910417	Maurer & Pelaez Inc	141 Crestbrook Lane, Oakland, AR	US
S1-594654116	Galaxy Consultancy Private Limited	Antodaya Vichar Kendranandgaon Khandeshwar Tal.Nandgaon, Amravati, Maharashtra	India
S1-725550926	Fresh Aerospace Digital	1009 Appalachee Street, Birmingham, AL	US
S1-164243851	Great Horizon Vertical Inc	68 Croton Avenue, Unit Apartment A7, Ossining, NY	US
S1-565611253	Big Jai Media Private Limited	Gh-03, Sector-2, Greater Noida, Dadri, Gautam Buddha Nagar, Uttar Pradesh	India
S1-56536350	Hale Algonquin Inc	Ofallon, MO, 124 Towergate Drive	US
S1-897250848	Interstate Analytics Associates Co	AZ, San Luis, 765 Los Jardines Avenue	US
S1-808983894	Primary Care Frontier Partners LLC	40 Church Street, Lee, MA	US
S1-578697938	Svara Allied Pvt. Ltd.	34/10, Panipat, Haryana	India
S1-995427148	Frolic Talent	Fl-403, Bl-D Parmar Pavan, Nr Rupee Bank 1A/H/1/2, 1/3&2, Kondhwakd, Pune, Maharashtra	India
S1-396117178	Light India Private Limited	Gat No.37, Shirwal, Mahad Bhor Road, Khandala, Satara, Maharashtra	India
S1-60309256	High Engineering Limited	Hill County, Sy. No. 192-198, Villa No. 08, K.V.Rangareddy, Telangana, Qutubullapur	India
S1-702481675	Carlin Domingo Developments LLC	1900 Brook Lane, Unit A4, Ellensburg, WA	US
S1-407605236	Feltner Bain Inc	1730 Park Grove Place, Concord, NC	US
S1-104464037	Palomares Atlas	4247 Ferndale Road, Lummi, WA	US
S1-682304089	Jatadhari Eco Private Limited	C/O Raghuraj Ramkaran Chourasia, Jijabai Chawl Old Nagardas Rd, Gundavali Hill, Andheri, East, Mumbai, Mumbai City, Maharashtra	India
S1-858427791	Rational Trading Private Limited	H.No. 3/117, Ganeshra Road, Shri Radha Puram Estet, Ps - Highway, Mathura, Uttar Pradesh	India
S1-176336021	Jones Newhold	1860 Inglewood Street, Mesa, AZ	US
S1-226421266	Melania M. Brown, DDS	1621 East Boulevard, Unit 8, Charlotte, NC	US
S1-978238368	Regional Investments Inc	1000 Mountain Road, Philipstown, NY	US
S1-436172015	Karrie Harrison Strategic Immersion PLLC	Lysander, NY, 3158 Cadys Arbor	US
S1-902926281	Christ Church LLC	1078 Jackson Lane, Show Low, AZ	US
S1-149098341	Burroughs Mustang LLC	22937 Emerald Chase Place, Loudoun County, VA	US
S1-717485679	Rocky Metro Farms	21 Deer Path, Unit 2, Maynard, MA	US
S1-887259999	Atlantic Electric	171 Amelita Court, Unit 206, Whiteville, NC	US
S1-123760215	Classic Diagnostic Labs Corp	311 Chasemore Lane, Arlington, TX	US
S1-712115897	Hotel Investments Pvt Ltd	New No 10, Old No 9/3, Subash Nagar, Coimbatore North, Coimbatore, Tamil Nadu	India
S1-714744262	East Producer Private Limited	Tonk Road, 5Th Floor, Signature Tower Dc-2, Lal Kothi Scheme, District Shopping, Centre, Jaipur, Unit No 503, Rajasthan	India
S1-925425921	Miller Independence Co	872 Kenmore Boulevard, Akron, OH	US
S1-357273084	Britney's Silver Communications	4808 Hwy 252, Charleston, AR	US
S1-184137996	Vijay Healthcare Limited	D. No 11-10-268/6/A/1, Shop Zone, Yellandu, Khammam, Telangana	India
S1-214884127	Orthopedic Highland Medicine LLC	14 Stafford Court, Loudoun County, VA	US
S1-129654072	Sophey Meltzer Cafe Associates	NY, 423 Aurora Street, Ithaca	US
S1-838675447	Smart Solutions Pvt Ltd	Delhi, Ssi-30, Small Scale Co-Operative Industrial Estate G. T. Karnal Road, New Delhi	India
S1-938168520	Leong Medical	5436 Bigfork Road, Missoula, MT	US
S1-812149828	Capital Pacific Galaxyedge	105 Haven Street, Forrest City, AR	US
S1-266318854	Desert Society	2651 Woodbridge Road, Minnetonka Beach, MN	US
S1-957969492	Ascencio Value Collective L.L.C.	MT, Clinton, 19293 Mullan Road	US
S1-128241878	New Delhi Industries Private Limited	Kh No. 56/1/1 Extension 2, Delhi, New Plot No.59 1St Floor, New Delhi, West Delhi	India
S1-753723194	Carder Studios, LLC	2810 Gateway Oaks Drive, Unit 320, Sacramento, CA	US
S1-57692338	Commission on Parks and Recreation	675 Read Street, Seekonk, MA	US
S1-693364394	Valdez and Murphy Energia Inc	3911 Circle Drive, Wichita Falls, TX	US
S1-128474467	Cure Diner!	TX, Eastland, 810 Commerce Street	US
S1-186734343	Chiropractic Golden Center Inc	4709 Gallatin Pike, Nashville, TN	US
S1-471742552	Mcginnis Summit Inc.	208 Hanover Road, Lexington, OH	US
S1-684188515	Pune Leasing Pvt Ltd	P. O. Box No.933, Aaj Ka Anand Building, Shivajinagar, Pune, Maharashtra	India
S1-458545501	Eastern Solutions Private Limited	S/O Ramanand Maurya, Oosaravan Godam, Ghosi, Mau, Uttar Pradesh	India
S1-621194234	Pipefitters Local Union 717	2108 Ponderosa Circle, Duluth, MN	US
S1-818247121	Ruthie's Ice Cream, Inc	201 James Street, Rome, NY	US
S1-444946073	Harbor Charter School	3997 Jones Avenue, Garden City, KS	US
S1-622059719	Nez United Dbdr, LLC	2011 Skyline Way, Unit 33, Anacortes, WA	US
S1-444355008	Krishna It Private Limited	Plot No 27 Floor Ground, Block-A, Pkt-5 Sector-16, Rohini, North Delhi, Delhi	India
S1-484009094	Cook & Buckholtz L.L.C.	28W 705 Main Street, Warrenville, IL	US
S1-895859577	Regional Line LLC	6213 Edgeware Road, Hampden Township, PA	US
S1-400281816	Amarnath Traders Private Limited	Office No.8 F/Fchandermal, Plot9 Dharambir Market, New Delhi, South Delhi, Delhi	India
S1-378502980	Unique Enterprises Private Limited	New No.11, Old No.6, Mahalingam Street, Mahalingapuram, Nungambakkam, Chennai, Chennai, Tamil Nadu	India
S1-883750216	Eye Prime Center Inc	CA, Rancho Cucamonga, 10344 Ring Avenue	US
S1-537783231	Electricians Local 12	1848 7500, Ogden, UT	US
S1-901543580	Hariom & Brothers Private Limited	Door No 2-42-2/4F, Mvp Colony Sector 11, Visakhapatnam (Urban), Visakhapatnam, Vishakhapatnam, Andhra Pradesh	India
S1-590737676	Chiropractic Care Inc	2310 195th Street, Jordan, MN	US
S1-931092787	Galaxy Properties	99 1St Floor Old Rajendernagar, Garnd Plaza, New Delhi, Delhi	India
S1-957090117	Hitech Construction Private Limited	58 / 10 Iind Floor Ashok Nagar, New Delhi, West Delhi, Delhi	India
S1-955072119	JXS Fashions Private Limited	Shop No. 16, 1St Floor, J. B. Emperor Square, 1212 Sa, Bargawan, Kanpur Road, Near Appolo H, Ospital, Lucknow, Uttar Pradesh	India
S1-678426756	Manzanares & Baily, Inc.	892 Woodruff Pl Middle Drive, Unit APT 5, Indianapolis, IN	US
S1-577852502	Susanetta Bermudez Zeo	8 Woodman Street, Lynn, MA	US
S1-534427177	Midland (India) Liability Private Limited	No.6, Velumurugan Street, West Kamakoddi Nagar, Valasaravakkam, Chennai - 600 087., Tamil Nadu	India
S1-981747000	Russell Circle	394 Sprague Road, Berea, OH	US
S1-290911326	Lakshmi Marketing Private Limited	Old No. 1074, New No.6, T.H.Road, Tollgate, Thiruvottiyur, Chennai, Tamil Nadu	India
S1-91088738	Corner Hair Studio LP	218 Anglin Lane, Jackson, TN	US
S1-628407801	East Ridge Scuti, Inc	205 Dirks Drive, Wichita Falls, TX	US
S1-890237042	Oncology Ridge Associates Inc.	10363 24, Fairhope, AL	US
S1-195880082	Multimax & Brothers Private Limited	B- 201, 202, 203, 204, 205, Second Floor, Montclaire Office Spaces, Haveli, Pune, Maharashtra	India
S1-904113010	Navkar Tours LLP	Plot No-11 Avanti Vihar, Lucknow, Uttar Pradesh	India
S1-856743199	3378 Lincoln Street Management PC	62 County Road 4322, Dayton, TX	US
S1-420009195	Harper, Hurtado and Saunders Sports	5122 Monte Vista Road, Phoenix, AZ	US
S1-956068321	Lakshmi Consultants Private Limited	C/O Sumit Sharma, Udaypur, Raiganj, Dinajpur, Uttar Dinajpur, West Bengal	India
S1-655433571	Dream Infotech Pvt Ltd	032, Unit B, 1St Floor, Plot 11T3-11T5 Block 11, Gandhi Nagar, Gujarat	India
S1-331642197	Boutwell, Kelsi E., D.D.S., DDS PC	1725 G Street, Unit UNIT 9, Ontario, CA	US
S1-602615224	Bhola Ventures LLP	3 Madina Building Compoundground Floor Opp Saba Guest House Saboosiddik Rd, Mumbai, Mumbai City, Maharashtra	India
S1-898713831	Bangalore Agrofood Corporation	Purva Pavilion 3Rd Floor, Block L, Hebbal Kemapura, Karnataka, Bangalore, L 302/303	India
S1-968779768	Heartland Blue Lng LLC	218 Charleston Avenue, Romeoville, IL	US
S1-321770285	Chennai Transformation Pvt Ltd	Plot No. 27, Vgp Selva Nagar, 2Nd Main Road, Vijaya Nagar, Velachery, Chennai, Tamil Nadu	India
S1-866288937	Metropolitan Catering LLC	7305 Crofton Drive, Dallas, TX	US
S1-968648060	Secure Diagnostic Global LLC	6344 Lotus Way, West Jordan City, UT	US
S1-344976528	Clear Terra LLC	12074 Dayton Pike, Soddy-daisy, TN	US
S1-329934172	Ziraksh Retail Private Limited	56G, Purna Das Road, Kolkata, Kolkata, Howrah, West Bengal	India
S1-218210120	Advanced Broadcast Products Inc	933 Lorella Avenue, Eugene, OR	US
S1-555548772	Classic Nutrition Networks	90 Andesite Ridge Road, Big Sky, MT	US
S1-75992939	Direct Semiconductor Brands	14872 Cow Face Road, Lowell, AR	US
S1-121818990	Nainan Solutions Limited	Plot No. 12A, Front Of Vikram Solar, Falta Sez, South 24 Parganas, Nainan, Nainan, Parganas South, West Bengal	India
S1-635563744	Sun Power Private Limited	Jaipur, Rajasthan, Plot No.1, Jaipur, 2Nd Floor, Showroom Above Shop No. 5 And 6, Kumawat Colony, Khatipura Road	India
S1-551381994	Riva Industries Group	4Th Floor, Conjeevaram House, Archana Block, 6-1-276 Padma Rao Nagar, Hyderabad, Andhra Pradesh, Telangana	India
S1-676308759	Garcia View Inc	83 Blue Goose Road, Dresden, NY	US
S1-996499712	Varun & Brothers Private Limited	C/O. Shri. Sukku Lal Yadav, Dunda R.E.S, Seoni, Madhya Pradesh	India
S1-646356171	Carmita N. Nass, MD	1301 101st Street, Tacoma, WA	US
S1-571493138	LY Pack Private Limited	D53/1137 Azad Nagar Veera Desai Road Andheri W Mumbai, Mumbai, Mumbai City, Maharashtra	India
S1-568299358	Vanton Cable L.L.C.	AZ, 1025 Mulligan Drive, Oro Valley	US
S1-62619598	LXR Hospitality Private Limited	630 Big Bazzar Street, Coimbatore South, Coimbatore, Tamil Nadu	India
S1-930178838	Green Brothers Private Limited	No 6 Manickavasagar First Street Kennady Nagar Suramangalam, Salem, Tamil Nadu	India
S1-926653842	Trades Brothers Private Limited	Shop No 20, Plot No 9, Sector No-10 Nerul West, Navi Mumbai, Mumbai, Mumbai City, Maharashtra	India
S1-628616342	Oncology Atlantic Care	252 4th Street, Bradley, WV	US
S1-582421540	Gonzalez Northern LLC	40 Terrace, Plandome, NY	US
S1-54166355	Smith Rain of Erie LLC	221 Main Street, Erie, KS	US
S1-853519891	Gulf Liquidity LLC	CA, 33847 Washington Drive, Yucaipa	US
S1-523774672	Hotel Foundation Private Limited	No.1, S T Complex, Opp Dental College Vidyanagar Hassan, Hassan, Karnataka	India
S1-991460255	XMS Technologies Private Limited	122 Near Dsp Office, Saguna, Mainpura, D, Anapur, Dinapur-Cum-Khagaul, Patna, Bihar	India
S1-397557408	Shree & Co LLP	C/O Ganesh Prasad Singh, Alka Colony, Sandalpur, Bihar, Sampatchak, Patna	India
S1-304692609	689 Mountain View Place Company	IA, West Des Moines, 4112 Maple Street	US
S1-64806261	Aruma & Brothers Private Limited	No 12/1, Sagayapuram, Bangalore North, Bangalore, Karnataka	India
S1-717810231	Investors Foundation Private Limited	3Rd Floor, Cabin-1, Building No.14, Central Market Ashok Vihar, Phase-1, Delhi, Delhi, North West, Delhi	India
S1-380417123	Dream Trading Private Limited	Flat No-906, Ch-2, Sector-45, Faridabad, Haryana	India
S1-980571025	Himachal Vidyalaya Private Limited	Om City Lic Colony Tq. Latur, Dis- Latur, Latur, Maharashtra	India
S1-424351805	Developers Dada Investment	Kh No-1292/93, Bhagwati Bagh, Near Shobha Nagar, Mauja Naraich, Agra, Uttar Pradesh	India
S1-195229572	Federal Vanguard Truist LLC	Spring Hill, TN, 1608 Solitude Court	US
S1-367956340	Cozy Grill	3416 Mclean Street, City Of El Paso, TX	US
S1-454710075	Cooper Tri-State Royalty, Inc	11 Bendrook Loop, Conroe, TX	US
S1-848403619	Tgs Research Private Limited	Flat No.101, Plot No.59, Rajeswari Nilayam Sai Lakshmi Estate, Pragathi Nagar, Hyderabad, Telangana	India
S1-733058783	Brinker Navigation LLC	1510 Creek Bank Lane, TX, Arlington	US
S1-185964550	Ace Business Private Limited	Amritsar, Punjab, Scf 3, First Floor, Kabir Park Market, Opp. Gndu	India
S1-862712171	My Foundation Private Limited	Plot No-15A, New Township, Faridabad, Haryana	India
S1-458919664	Kary Young Stellar LLC	NC, 848 Fox Lair Trail, Semora	US
S1-231583547	Galaxy Global Private Limited	B-29, Greater Kailash Part 1, New Delhi, Delhi	India
S1-30892433	Vazquez and Garfield Inc	31 Rogers Ridge Road, Ridgeley, WV	US
S1-159104980	Coates & Milton Emera LLC	328 Court Street, Prestonsburg, KY	US
S1-381341639	South Foundation Private Limited	C/O Maruti Govind Andhale Doifodewadi Dist Beed Doifodewadi, Beed, Bid, Maharashtra	India
S1-629924610	Surgical Grand Group	2711 Walton Mountain Road, Walton, NY	US
S1-166822891	W 6 Diamond Virginia	3122 Chateau Avenue, Roseburg, OR	US
S1-278132753	Maa Developers Private Limited	Mumbai, 313 3Rd Floornavneelam Socitey R G Thandni Marg Worli, Maharashtra	India
S1-571861038	Foot & Ankle Summit Clinic LLC	3200 Monument Drive, Round Rock, TX	US
S1-405655274	Dream Engineering Private Limited	P. No. 21 Electronic City, Gurgaon, Haryana	India
S1-517716969	Vaughan, Clare and Williams Cayson LLC	1809 1D Abberton Way, High Point, NC	US
S1-756227385	Smart Marketing Private Limited	A-46, Flat No.4 F/F, Back Portion Freedom Fighter Enclave, Neb Sarai Ignou Road, Delhi, New Delhi, Delhi	India
S1-684250889	Maid Barbershop	7155 Zenith Court, Hamilton, OH	US
S1-346207371	Coriss's Auto Body	Beckville, TX, 1402 241	US
S1-67564259	Innovative Muniholdings	7375 Hedgesville Road, Hedgesville, WV	US
S1-945691117	Supreme Real Agro Private Limited	H.No: 30-52/8/1, Plot No: 4 Ganesh Nagar, Old Safilguda, Hyderabad, Telangana	India
S1-551048041	Starr Cascade Hair Studio Corp	49 Cass Avenue, Dedham, MA	US
S1-561118340	Good It Private Limited	7/330 D, Vkc Tower P.O. Kolathara, Calicut, Kozhikode, Kerala	India
S1-266991737	Halloran, Perez and Allen Generating Inc	IN, 7863 800, Milan	US
S1-784973933	Health Valley Charities Inc	4 Hilltop Drive, Pittsford, NY	US
S1-341545488	Aparna Industries Group	Inayat Nagar, 5 Nambar, Milkipur, Faizabad, Uttar Pradesh	India
S1-312677351	Mackinnon Continental Navios Associates	418 Buck Jones Road, Unit 10, Raleigh, NC	US
S1-784474965	Vaughn, Martino and Aiello Consultants LLC	320 Foley Street, Sullivan, IN	US
S1-513026447	Hyderabad Holdings	26 Gnana Sammanthapuram North Street, Rajapalayam, Virudhunagar, Tamil Nadu	India
S1-373175641	Bright Massage	3014 Galleria Pointe Circle, Rock Hill, SC	US
S1-766735369	Zadyne Companies Inc	1506 Eureka Circle, Roanoke City, VA	US
S1-204431055	BR Advanced Compass LLC	1054 16th Street, AZ, Cottonwood	US
S1-306666043	Great Hotel LLC	607 2nd Street, Unit APT 2, Bloomington, IN	US
S1-998694075	New Life Catholic Church	108 Biloxi Court, Jarrell, TX	US
S1-824231316	Moore Direct Aberdeen L.L.C.	555 Sesame Street, Tempe, AZ	US
S1-654230920	Aavas Lifescience LLP	Gujarat, 3Rd Flr, Ganesh Plaza, Nr. Ajit Mill Cross Road, Ahmedabad, Ahmadabad City, 306	India
S1-638089542	Williams Metropolitan Rexford of St Peters LLC	37 Gold Run Drive, Unit B, St Peters, MO	US
S1-7661273	Mcgee, Cope and Robles Aktiengesellschaft Inc	1137 Roberta Street, Barstow, CA	US
S1-683127950	Pioneer Robotics Alliance LLC	6897 10, Lisbon, NY	US
S1-531429114	Sosoft Select South	1202 Argonne Avenue, Loudoun County, VA	US
S1-983771160	Cecelia T. Skeen, DDS	1626 Shady Circle, Lebanon, TN	US
S1-600758856	Wild Solutions LLP	Hno 19 Pt No 137 Rd No 22, Suvarna Valley Rtc Colony, Ramachandrapuram, Medak, Telangana	India
S1-482245935	Digital Agro Private Limited	19/28 Prabhat Colony Anand Nagar, Santacruz (East), Mumbai, Maharashtra	India
S1-114146064	Metropolitan National Mercator PLLC	Bronx, NY, 4027 Barnes Avenue	US
S1-641485484	Continental League Corp	19 Settler Circle, Windsor, CT	US
S1-551015860	Caroline Rodriguez Food, Inc	WV, 4206 Scenic View Drive, Morgantown	US
S1-450979122	Adams Delta Karbon LLC	127 Centre Estates Drive, Unit 79, Danville, KY	US
S1-95744127	Memorial Charities	904 Burton Place, Arlington Heights, IL	US
S1-377186602	Urgent Care Midwest Partners Corp	3771 Paloma Drive, Ventura, CA	US
S1-831038827	Patterson Pinnacle American LLC	1487 Longridge Court, Thousand Oaks, CA	US
S1-336961636	Ferrex Launchpad Inc	28 Lonie Young Circle, Dothan, AL	US
S1-402312207	Equinox LLC	6055 Timber Ridge Dr, KY, Prospect	US
S1-780277437	Swastik Exports Pvt Ltd	1-85 Velamala Toorangi, Kakinada (Urban), Eas, T Godavari, Kakinada, Guntur, Andhra Pradesh	India
S1-894876716	Complete Modern Packaging	6107 Ackley Road, Parma, OH	US
S1-633209834	Loor Holding Company	516 Narcisso Avenue, Fort Garland, CO	US
S1-439117512	Golden Producer Private Limited	Office No-9, C-38 F/F, Gali No-13 Madhu Vihar, Near Hanuman Mandir, New Delhi, East Delhi, Delhi	India
S1-791329960	Raj Jai Food	No.11, Ground Floor, Poornaiah Chatram Road, Chikkalal Bagh, Opp. Bwssb, Shop No. 1, Bangalore South, Bangalore, Karnataka	India
S1-34603018	Peach Serve (India) Private Limited	Tentulberia, Natun Para Garia Station Road, Po- Garia, Kolkata, Kolkata, Howrah, West Bengal	India
S1-196143639	Bombay Logistics Limited	31 Jai Nagar 4 Th Street, Alwarthirunagar, Valasarvakkam, Tiruvallur, Tamil Nadu	India
S1-286101444	Dental Partners of Rockford Inc.	1125 Grant Avenue, Rockford, IL	US
S1-494535287	Arihant Associates Care	S-7, Manish Plaza 2, I.P. Extension, Patpar Ganj, Delhi	India
S1-797737290	Vertex Services Private Limited	Shop No. F-3, 2 Ndf Vijayalaxmi Prangan Shinde Market, Dist Pune, Pune, Maharashtra	India
S1-590267630	Wolfe Trust	75 Nfr 99, Chittenden, VT	US
S1-963017772	Sherman Excavation	Mobile, 7880 Sorrento Drive, AL	US
S1-211680696	Raj Engineering Private Limited	2868 Chailpurikinari Bazar Chandni Chowk, Delhi, Central Delhi, Delhi	India
S1-808981190	Environmental Guild	200 Crestwood Drive, Avinger, TX	US
S1-744106637	Perkins Cornerstone Pbc P.C.	4516 24th Avenue, Fl 1, Lacey, WA	US
S1-773584905	Bharat Aditya Estate Pvt Ltd	No.2238 Lig Phase B, Sectoryelahanka New Town3, Bangalore North, Bangalore, Karnataka	India
S1-552265565	Metropolitan Summit Couture	759 Split Rail Lane, Farragut, TN	US
S1-276213081	Media Sbc Properties Ltd	Maharashtra, #108, Pune, 8Th Floor, Wakdewadi Shivajinagar	India
S1-222238684	Future Estate Private Limited	214/1 Pidartali Ward No. 1, C T E I Road In Front Of Daal Mil, Singrauli, Madhya Pradesh	India
S1-369638968	Arihant Hospitality Pvt Ltd	Promoter Bn - 2, Delhi, Shalimar Bagh West, Delhi	India
S1-130691263	Halcay Bumrungrad, LLC	647 Upper Broad Street, Newport, TN	US
S1-161473715	Simpson Techno Limited	M 655 Sec M Ashiyana Colony, Kanpur Road, Lucknow, Uttar Pradesh	India
S1-473254908	Brilliant Network Limited	1/3663 E, Kerala, C M Mathew Arcade Chakkorattkulam, Kannur Road, Kozhikode	India
S1-984025934	Imojean Boyd Signature China Inc	29W 270 Forest Avenue, West Chicago, IL	US
S1-667379220	Karuna Tools Private Limited	Shop No. 1B, Gautam Nagar Gulmohar Park, New Delhi, South Delhi, Delhi	India
S1-176099187	Your Academy	Office No. 626, 707, 6Th And 7Th Floor, Mall Of Jaipur, Gandhi Path, Vaishali Nagar, Jaipur, Rajasthan	India
S1-80857089	Learn Plains, Corp	1005 Milada Drive, Phoenix, AZ	US
S1-586203061	NI Services	Aurangabad, C/O. Sandip Jija Waghmare, H. No. 97, Pachod, Maharashtra, Aurangabad	India
S1-340788309	HW Acp Inc	26 Hilldale Road, Dobbs Ferry, NY	US
S1-407149841	Cascade Charter School	13240 Cedar Lane, Willis, TX	US
S1-303312622	Esther Krouse Alto	NM, 1635 Alpine Lane, Bosque Farms	US
S1-244018492	South Chiron, Inc	424 Trevor Street, Brownsburg, IN	US
S1-494301531	Sanabria Anchor Bancshares	647 Flarestar Avenue, Unit M, Columbus, OH	US
S1-472988303	Aabha Machine (India)	Cf-300, Salt Lake Sector I, Kolkata, Howrah, West Bengal	India
S1-652185060	Greens Development Limited	No 2/156, North St, Thavasimadai Panchayat, Dindigul, Tamil Nadu	India
S1-894762106	Primary Care Specialists of Nashville	155 Bonnafield Drive, Nashville, TN	US
S1-858859994	Longshoremen Local 649 Care	2541 8, Lake Pleasant, NY	US
S1-94437047	Guinn Gulf Mercury Inc	Burleson, TX, 3417 Winding Oak Lane	US
S1-255705355	Lyrial Rithm	1820 Imlay Avenue, Fl 1, Hillsboro, OR	US
S1-177548932	Rocky Biotech	47 Coffman Drive, Jackson, TN	US
S1-372675685	North Marketing Limited	Punita W/O Deepak Arora, Plot No 1 G/F, Mor Land, New Delhi, Central Delhi, Delhi	India
S1-284357691	Vrb Services (India) Pvt Ltd	7, Mill Officer Colony, B/H. Reserve Bank, Ashram Road, Ahmedabad, Gujarat	India
S1-387977632	Lake Brothers Private Limited	No 51/7/1, Chitrakoot, Rathna Avenue, Richmond Road, Bangalore, Karnataka	India
S1-250730827	Reyna, Potter & Jackson Treasury	20 March Avenue, Boston, MA	US
S1-716520707	Better Capital Hennessy Inc	Cincinnati, 4324 Greenlee Avenue, OH	US
S1-842058143	Retail Traders Corp	C/O Binay Kr.Singh, At-, Saraswati Shre Nehru Ngr, Phulwari, Patna, Bihar	India
S1-416334583	Dream International Private Limited	Door No. 6/5/30, Eeshwaran Vel Nagar Thevarappanpatti, Ayyampalayam, Dindigul, Tamil Nadu	India
S1-811925133	Films Brothers Private Limited	Kumar Building, Basement Office, 2413, East Street, Camp, Pune City, Pune City, Pune, Maharashtra	India
S1-402329313	Michel's Textiles, LLC	3541 Hidalgo Circle, Brownsville, TX	US
S1-582673649	Appomattox County Communities	6643 Hollywood Road, Appomattox County, VA	US
S1-821305941	Life Tech Private Limited	405, Mehta Court Annex, 13, Gilder Lane, Mumbai, Maharashtra	India
S1-46506909	High Shyam Builders Pvt Ltd	62/1963/B12, Muslim Orphanage Building, Kozhikode, Kerala	India
S1-680801160	Webster, Goldberg and Arreola Chs Co	870 Cully Road, Memphis, TN	US
S1-864276958	Life Services Private Limited	Sno 185, Nr Pcmc Auditorium, Flat B/13, Prem Sagar, Pune City, Pune, Maharashtra	India
S1-837622579	Desi Cements LLP	House No. 205, Indira Arcade, Residency Road, Sadar, Nagpur, Maharashtra	India
S1-251815069	Allied Initiative	38108 Olney Lane, Astoria, OR	US
S1-52728091	Silver Bistro	15 Morgan Avenue, Brookhaven, NY	US
S1-624733566	Anderson College	914 Davis Avenue, Unit Q, Gastonia, NC	US
S1-341475409	India Newleaf Energies Private Limited	Vasai, Ground Floor, Shubham Industrial Building No.2 Dhumal Nagar Vasai East, Maharashtra, Thane, Office Gala No.1	India
S1-831407036	Future Finance Private Limited	Promotor- Ah -35, Salimar Bagh, New Delhi, Delhi	India
S1-782662275	Castillo & Rivera	9811 Elizabeth Avenue, Cleveland, OH	US
S1-386430611	Cinder LLC	9 Ensign Drive, Oyster Bay, NY	US
S1-797453242	Chamundeshwari & Sons Limited	Shop No. 2, 2Nd Floor, Jagdamba Palace Near Gurgaon Dreamz Mall, Old Railway Ro, Ad, Gurugram, Gurgaon, Haryana	India
S1-548488783	Cascade Summit Amc Group	15505 51st Avenue, Plymouth, MN	US
S1-393640506	Global Project	11837 Middlecoff Drive, Chesterfield County, VA	US
S1-262750949	High Services Private Limited	S. No. 25, Ganga Apartment Jagtap Dairy, Pimple Nilakh, Pune, Maharashtra	India
S1-169164639	Vidales & Nichols	3802 303rd Court, Auburn, WA	US
S1-511050981	Brown Assets LLC	3101 Green Street, Middleborough, MA	US
S1-187570412	Inchwad Technologies Ltd	Bvg House, Pune, Inchwad, Maharashtra, Premier Plaza Pune - Mumbai Road, Above Icici Bank, Ch	India
S1-521751148	Empire Strategy L.L.C.	1229 Fulls Fork, WV, Leroy	US
S1-394705639	Shiva Logistics Private Limited	Neev Aura, Level 3, 19Th Main, Sector 3, Hsr Layout, 7/A, Bangalore, Karnataka, Bangalore	India
S1-652912606	Tion LLC	26 Main Street, NY, Spring Valley	US
S1-362025643	Womens Health Clinic of Amherst P.C.	285 Peppertree Drive, Unit Apartment 606, Amherst, NY	US
S1-662605445	AGM Foundation Private Limited	16/3E Dixon Lane, Kolkata, Calcutta, West Bengal	India
S1-195657416	Corporate Brothers Private Limited	Bangalore, C704, Karnataka, Bangalore South, Salarpuria Serenity, Sector 7	India
S1-979907198	FJK Tree Private Limited	Flat No C-011, Mana Karmel, Hadoosiddapura, Carmelaram, Bangalore, Karnataka	India
S1-397198421	Piedmont Animal Hospital	6871 C Pacific Highway, Kalama, WA	US
S1-107149586	Fortune Foods Private Limited	Hig-204, D-Sector, Ayodhayaa Nagar, Bhopal, Madhya Pradesh	India
S1-979896860	Golden Software Pvt Ltd	Dinesh Pradhan Kohadi, Bujurg, Bindawai, Azamgarh, Uttar Pradesh	India
S1-856852889	Ironworkers Local Union 2	8955 Zane Trace Road, Norwich, OH	US
S1-210766183	Yamuya Healthcare	Bms College Of Engineering Banashankari, Bangalore, Karnataka	India
S1-73567746	Radley and Alegria Healthcare LLC	735 Country Club Drive, Unit 23, Mesa, AZ	US
S1-605100650	Lux Mountain Barclays LLC	3045 Grandview Place, Darien, IL	US
S1-408078837	Behavioral Health Partners	1457 Constance Avenue, Kettering, OH	US
S1-233463932	Stephens and Jones	1937 1st Street, Terre Haute, IN	US
S1-879075019	Sun Exports Limited	H No.76/C Park Wali Gali Near Gandhi Chowk Adarsh Nagar, Sonepat, Haryana	India
S1-129606177	Sangli & Brothers Corporation	Thane, Electronic Zone, Midc, Mahape, Navimumbai, El-38, Maharashtra	India
S1-549204380	Eye Clinic P.C.	3648 Legend Oaks Drive, Amelia, OH	US
S1-733208618	Coastal Tri-State Ishares LLC	1137 Feldmen Drive, Raleigh, NC	US
S1-195630746	Perfect Southern Power Private Limited	11A Syed Salley Lane, Kol, South 24 Parganas, West Bengal	India
S1-807356958	Smartek (India) Bauxite Private Limited	Highland Towers, 1St Floor Sabarmathy Road, Palarivattom, Cochin, Kerala	India
S1-31529851	Risers Warehouse Clinic	2230, Bhindo Ka Rasta, Chandpol Bazar, Jaipur, Rajasthan	India
S1-900654743	Whitesell Clean Ingredients P.C.	5381 Sands Road, Unit 68, Lothian, MD	US
S1-426438818	Super (India) Realtors Pvt Ltd	S.No. 22/26, Greens Pine, K-501, Opp. Pudamjee Mill, Pune City, Pune, Maharashtra	India
S1-880561678	Apex Fitness Inc	13195 Brant Road, Victorville, CA	US
S1-277216309	Tanishka (India) Research Private Limited	01 Mukhtar Nivas, Technical Area Oppo. Fatima Bi Colony, Marol Pipe Line, Andherieast, Mumbai City, Maharashtra	India
S1-961351838	Cascade Health Center LLC	313 Locke Street, Woodsboro, TX	US
S1-934221379	Kolkata Strategic Private Limited	2/5 Sarat Bose Road, 5Th Floor, Flat No. 5C, Sukhsagar, Kolkata, Kolkata, Howrah, West Bengal	India
S1-93526338	Dynamic Consumer Ventures Inc.	255 Ross Avenue, Unit 7, Watsonville, CA	US
S1-836166029	Source Medical Centre Private Limited	Ernakulam, Flat H-3, Elamana Road, Tripunithura, Ernakulam, Kerala, Anjaneya Apartments	India
S1-948359045	Ansari Properties (India) Private Limited	Cidco, 123, Maharashtra, Nasik, Kalpesh Bunglow, Khutwad Nagar	India
S1-591082820	Interfaith Foundation	27 Glendale Road, Quincy, MA	US
S1-152751171	LC Solutions Pvt. Ltd.	No.457, 17Th Cross, 14Th Ma, 4Th Sector, Hsr Layout, Hsr Layout, Bangalore, Bangalore South, Karnataka, India, Bangalore South, Bangalore, Karnataka	India
S1-236380353	Adriane L. Prosser, O.D.	AZ, 275 Pine Road, Williams	US
S1-262916058	Innovative Universal Consultancy Private Limited	133 D3, 1St Floor, Srinivasa Complex, Samichettipalayam Main Road, Jothipuram Post, Vanakovil Bus Stand, Periyanaikenpalayam, Coimbatore North, Coimbatore, Tamil Nadu	India
S1-270438641	Shree Information Private Limited	Gut No 11, Plot No 34, Wadgaon Aurangabad, Wadgaon Khurd, Aurangabad, Maharashtra	India
S1-159913926	Mount Chapel	Prince William County, Unit UNIT 309, VA, 12519 Gordon Boulevard	US
S1-314275	Smith Sachs, Inc	30029 1st Place, Federal Way, WA	US
S1-329335033	Larisa Welsh Mountain Nippon LLC	708 Teabury Avenue, Pasadena, TX	US
S1-568352323	Schuler Capital Douglas, LLC	255 Lost Springs Terrace, Unit #201, Beaverton, OR	US
S1-780092080	Corona Academy	814 Hartman Circle, Unit 4, St Peters, MO	US
S1-200431183	Violet's Couture	909 Remington Road, Columbus, OH	US
S1-595047010	Clemence's Total Brokerage, LLC	4101 Bethania Station Road, Unit 38, Winston-salem, NC	US
S1-105774209	Heart Project	1903 99th Street, Lubbock, TX	US
S1-733025081	SY Mountain Social, LLC	476 Tremont Street, MA, Unit 440, Boston	US
S1-404993188	Lumium Axiom	NC, 5409 Hideaway Drive, Chapel Hill	US
S1-703772337	Booth Studios LLC	190 Anchor Way, Shelby, AL	US
S1-425165797	Behavioral Health Specialists	18669 460, Moulton, AL	US
S1-533212689	Foot & Ankle Reliable Associates	WA, 1909 Blakely Court, Bellingham	US
S1-867117724	Ballou, Sorum and Matos Sachs	3152 Newton Road, Promise City, IA	US
S1-919147243	Summit Alliance LLC	621 Craig Avenue, Galena, MO	US
S1-967377707	Ashtavinayak Polytechnic Associates	House No 2D Sfs Apartments Capital Near Police Head Quarters, Vellayambalam, Trivandrum, Kerala	India
S1-724608342	Jeanne Chin Heritage Staffing, Inc	11512 Rd 114, Paulding, OH	US
S1-68724676	Amber Productions Private Limited	Jagat Farm, Greater Noida, Gautam Buddha Nagar, Uttar Pradesh	India
S1-919504229	Industries Surya Hospitals Pvt Ltd	C-1394, Indira Nagar, Lucknow, Uttar Pradesh	India
S1-180219707	Ss Krishna Infrastructure Private Limited	Plot No. 64, Bhairavnath Soc., Sinnar, Nashik, Maharashtra	India
S1-991169977	Harbor Center	4933 Charles Street, Omaha, NE	US
S1-721383877	Munoz Industries LLC	908 2350, Springville, UT	US
S1-826390143	Emery Memorial Trust	Pune, Sno.272 Moshi, Maharashtra, Pune Nasik Road, Indrayani Dhaba, Pune	India
S1-604323328	Department of Transportation	3295 Mountainvale Drive, Springfield, OR	US
S1-139998995	Shree & Sons LLP	Som Santi House, 152 Patparganj Industrial Estates, New Delhi, Delhi	India
S1-854079694	South Developers Private Limited	Agf - 6Dilkush Industrial Estate Gt Karnal Road, New Delhi, North Delhi, Delhi	India
S1-735314345	South Constructions Private Limited	48/B, Shree Nagar Soc., Opp. Bansal Super Market, Akota, Vadodara, Gujarat	India
S1-249116846	Nelson Investments	98 Lockwood Avenue, Oyster Bay, NY	US
S1-484532072	Clean Williams	240 Old Rutledge Pike W, Blaine, TN	US
S1-629090802	Surya Management Private Limited	2-1/1502, New Shivpuri Hapur, Hapur, Ghaziabad, Uttar Pradesh	India
S1-403060697	Colonial Interests Inc.	118 Young Road, Angier, NC	US
S1-914360928	Asset Building Network LLC	1055 500, Unit 101, Provo, UT	US
S1-41722491	Pacific Network Services PLLC	North Royalton, 11210 Villa Grande Drive, OH	US
S1-132912629	Vinayak Telesystems Private Limited	C/O Shivaji Singh, Mohaddiganj, Mahdiganj, Bihar, Sasaram, Rohtas	India
S1-55827188	Karisa Richter Dynamic LLC	18073 Harding Drive, Caroline County, VA	US
S1-348589678	Womens Health Clinic	96 Vermont Avenue, Portland, ME	US
S1-672884172	Tri-State Creative Mortgage LLC	79 Greaton Road, Boston, MA	US
S1-29692428	Milly Ramirez Keycorp, LLC	2580 4th Avenue, Town Of Farmington, WI	US
S1-26511140	Infra Cybernet Estates Private Limited	Faridabad, 1247/8, Faridabad, Haryana	India
S1-181375411	Confluence Con Limited	66A/5 New Rohtak Road, New Delhi, Central Delhi, Delhi	India
S1-402264080	Shyam Finance	Rameshwar Dham Colony, Kandharpur, Bareilly, Uttar Pradesh	India
S1-1838589	Blue Solutions	Plot No. 432, R No. 8, Gayatri Chs Ltd., Sec 4, Near Saraswat Bank, Kandivali, Kandivali West, Mumbai, Maharashtra	India
S1-534762459	Myrilla's Grand Bike Shop	303 Ridge Lake Drive, Apex, NC	US
S1-182232003	Buildtech Trading Limited	Plot No. 466/2271, Shree Vihar Chandrasekharpur, Patia, Bhubaneswar, Khordha, Orissa	India
S1-147762492	Applied Nutrition Labs	208 A Second Street, Unit 208 A, Spur, TX	US
S1-598673917	Secure Media Global	67 Carr Avenue, Agawam, MA	US
S1-717415482	Sandefer & Johnston Crypto L.L.C.	280 Fire Hall Road, Celina, TN	US
S1-176788501	Ohearn, Ramirez and Lemieux, Corp	12510 Ashford River, Houston, TX	US
S1-231998783	Choice Atlantic Polestar	Gresham, OR, 17721 Couch Street	US
S1-649144531	RJ Unified Pono	267 Upper Bigson Road, Van, WV	US
S1-368023329	Medina Preparatory Academy	1499 Rosedale Avenue, Bronx, NY	US
S1-102335151	Division of Consumer Affairs	8923 Mission Avenue, Unit 327, Spokane Valley, WA	US
S1-52106154	Nellai Polytechnic	D 288 Office No 307 Gali No 10, Laxmi Nagar, East Delhi, Delhi	India
S1-717384750	Renton Youth Summit Association	15408 179th Street, Renton, WA	US
S1-135636981	Ns Trust	8-2-693/2/37A Mithila Nagar, R.No 12, Film Nagar, Hyderabad, Telangana	India
S1-383990802	QC Vocational Pvt. Ltd.	O-44, New Mahavir Nagar, Outer Ring Road Vikaspuri, Delhi, West Delhi, Delhi	India
S1-399081716	Patriot Smart PLLC	505 Northwest Highway, Unit 2910, Irving, TX	US
S1-902557394	Urology Health LLC	1170 Denali Street, Unit COND 236, Anchorage, AK	US
S1-598565690	Dotti Kim Anchor Smart LLC	2876 Siggelkow Road, Town Of Cottage Grove, WI	US
S1-972452680	Esteem Trust	Parganas North, 2 Kaibartapara Baburani Para Part Bhatapada Jagaddal, West Bengal	India
S1-224074166	Bean Paloma Clinic	1000 Whitley Place, Hendersonville, TN	US
S1-26969687	Ilead Storage Private Limited	No.5, Sy. No.90/3, Harikumar Layout Manjunathnagar, Nagasandra Post, Tumkur, Road, Bangalore, Karnataka	India
S1-814575407	Cfo Foods (India)	209/210, Arcadia Building, 2Nd Floor, Plot No. 195, Nariman Point, Mumbai, Mumbai City, Maharashtra	India
S1-567697725	Systems Priya Reddy Pvt Ltd	3Rd Floor, House No.-240, Sharda Sadan, Road No.-3 New Patliputra Colony, Patna, Bihar	India
S1-147363677	Prime Property Dynamics, LLC	1205 Industrial Boulevard, Unit D, Killeen, TX	US
S1-883825532	Krishna Holding Company PLLC	NY, Huntington, 64 Centerport Road	US
S1-657765374	CGN Peak Tire Shop LLC	2010 Brevard Street, Unit 303, Charlotte, NC	US
S1-687053526	Mumbai Herbal Pvt Ltd	Parksite Colony Road No 1, Mumbai, Mumbai City, Maharashtra, Lower Depot Pada Vikhroli (W)	India
S1-367493325	Meridian Partners	520 Broad Street, Murfreesboro, TN	US
S1-593472987	Maurya Law Chambers Private Limited	House No-60 Block-H, Pocket-2 Sector-16, Rohini, New Delhi, North West, Delhi	India
S1-947522350	Operating Engineers Local 851	128 Hill Avenue, Spirit Lake, IA	US
S1-272640668	Premier Consultants Private Limited	8-2-616/1, 4Th Floor, Saha Building, Road No. 11, Banjara Hills, Hyderabad, Telangana	India
S1-437585950	Autism Assistance Committee	9944 Easton Sky Lane, Cypress, TX	US
S1-174657	Elite Telecom Union	355 Russ Court, OR, Mcminnville	US
S1-721981130	Tech Hotel Finance Private Limited	C/O Sarita R. Dwiyedi, Surya Darshan Apptt, Kalyan, Thane, Maharashtra	India
S1-962287332	Marshall, Waldner & Roll LLC	Williams, AZ, 910 Wells Fargo Drive	US
S1-758965265	Costanza Myer Bancorporation LLC	6908 18, Stamford, NY	US
S1-673209802	Cornejo Prairie One Inc	5777 Ranger Avenue, Otsego, MN	US
S1-984135203	Sachin Realty LLP	Uttar Pradesh, Ghaziabad, 48 Naya Ganj	India
S1-616151333	Vanguard Deep	452 Wrexham Avenue, OH, Unit C, Columbus	US
S1-17590799	Bakhtiarpur Services Company	C/O Subodh Kr. Singh, Rani Sarai, Bakhtiarpur, Patna, Bihar	India
S1-508956820	Pediatric Dentistry Partners LLC	474 Gramercy Avenue, Ogden City, UT	US
S1-709597729	Oncology Physicians	2513 White Avenue, Unit 8, Berry Hill, TN	US
S1-259694049	Guru Academy	S.No.176/1(P), Fl. No. E-1202, Marvel Arco, Nr Amanora Town Centre, Had, Apsar, Pune, Maharashtra	India
S1-585575118	Prime Nippon	57 Highland Avenue, Unit Apartment 2, Binghamton, NY	US
S1-510397945	Enrich Laxmi Private Limited	Fl8 Prestige Garnet Pl 20 Ashok Nagar Bhamburda, Pune, Maharashtra	India
S1-559727470	Sun Systems Private Limited	Plot No.-62, Block-C, Goverdhan Kunj, Bhondsi, Gurgaon, Haryana	India
S1-638251627	PLM Ventures Inc	7138 Rainier Way, Glacier, WA	US
S1-934289364	Heritage Ishares LLC	1504 Brittany Cove, Cottleville, MO	US
S1-452470657	Totaro Factory LLC	15525 Golf Road, Fl 14279, Village Of Ettrick, WI	US
S1-393821550	Metro Legacy Intelligent PLLC	16064 Deer Drive, Accomack County, VA	US
S1-503773668	Gates United Solana Corp	14701 Lavenham Lane, Chesterfield County, VA	US
S1-847301825	Ja & Sons Private Limited	Hno. 5-526, Nizampet, Narayankhed, Medak, Telangana	India
S1-833106988	Summit Capital Templeton Inc.	Brunswick, 117 Echo Road, ME	US
S1-909649883	Pune India Private Limited	Shop No. F-411, Megacenter Magarpatta, Hadapsar, Pune, Maharashtra	India
S1-815066650	Aditya Traders LLP	D.No.15-1-5, Kmh Road, Near Tdp Office, Parvathipuram, Vizianagaram, Andhra Pradesh	India
S1-442262521	Diamond Jackson	5553 Goldcrest Drive, Cincinnati, OH	US
S1-467953035	Brightola Sprott	2626 Winterlake Drive, Carrollton, TX	US
S1-384572882	Big Hospitality Private Limited	Flt No 545, 3Rd Floor Kondli Gharoli, Mayur Vihar Phase Iii, Delhi, East Delhi, Delhi	India
S1-655914292	Pediatric Associates LLC	140750 153, Town Of Mosinee, WI	US
S1-908096288	Lefever United	9588 Summerton Drive, Fishers, IN	US
S1-895531389	Pamela H. Roth, D.O., M.D., P.C.	7920 Alta Cuesta Drive, Rancho Cucamonga, CA	US
S1-559635263	Delia Friday, MD, P.C.	1920 Homewood Avenue, Mishawaka, IN	US
S1-501083461	Moksha (india) Private Limited	11 Plot-17 Kutchi House, K A Subramanyam Marg, Mumbai, Maharashtra	India
S1-603785626	Dynamic Products Private Limited	938, Ali Nagar North, Jatepur South, Hotel Bobina Road, Near Hotel Sandhya, Gorakhpur, Uttar Pradesh	India
S1-890111495	Royal Estate Limited	H No.16-2-67/7, Cbcid Colony, Rammurthy Nagar, Hydernagar, Tirumalagiri, Hyderabad, Telangana	India
S1-762410295	Urgent Care Clinic	1409 Clay Street, Mountain Home, AR	US
S1-350850589	Internal Medicine Clinic, Inc	37-24 77 Street, Jackson Heights, NY	US
S1-409230830	Metro Terra LLC	1600 Walnut Street, Unit UNIT 5, San Bernardino, CA	US
S1-383252307	Aura Medical Centre Center	8-4-390/A/8 Prem Nagar Erragadda, Hyderabad, Telangana	India
S1-718753973	Blue Horizon Preferred LLC	5502 Morningside Avenue, Dallas, TX	US
S1-169200108	Premier Mobile Inc.	33 Beech Mt Circle, CT, Mansfield	US
S1-96157898	Goodson and Scott Seas LLC	509 Glenmeadow Drive, Ballwin, MO	US
S1-477016494	East Saint Louis Insight	475 22nd Street, East Saint Louis, IL	US
S1-437410260	Mangalam Transformation Pvt. Ltd.	Hno:6-2-966/4, Lane No : 10 Opp:Hindi Pracharasabha, Khairatabad, Hyderabad, Telangana	India
S1-388065298	Coleman Interstate Thayer LLC	8429 Lambright Road, Houston, TX	US
S1-820275060	Select Engineering Global LLC	17 Rhody Drive, Westerly, RI	US
S1-587864821	Projects Alor Sagar Private Limited	R S Plot No.-751.J L No.-68, Naim Nagar, Block-C, Durgapur Mc, Bardhaman, West Bengal	India
S1-981833148	Bombay Modern Foods Private Limited	80/152 Pratap Nagar Housing Board Sector-8, Sanganer, Jaipur, Rajasthan	India
S1-57328953	Safe Dpc Inc.	1122 Briarwood Circle, Moody, AL	US
S1-574099002	Garvey, Gaspard and Dehne Foods P.C.	2324 Ronsiek Avenue, Sioux Falls, SD	US
S1-246456418	Dang Delta Onfolio, Inc	811 Broomfield Trail, Elizabeth City, NC	US
S1-658530673	Surat Spuntex Pvt Ltd	Surat, Gujarat, Millenium Residency, Beside - Ayodhyanagari, New Rander Road, Shop No. 13, Surat	India
S1-141577111	Capital Light Inc	532 Pleasant Hill Road, Gallipolis, OH	US
S1-488612925	Sweet Deli	Chapel Hill, 313 Charleston Lane, NC	US
S1-350911260	Dayal Radhey Private Limited	17 Good Luck Barrel & Tin, Gujarat, Asso. Opp Chandola Talav, Ahmedabad, Ahmadabad City	India
S1-45905541	Sunrise Tech Technologies Private Limited	102, B Wing, Aj Classique, Survey No 2, Plot No 1 To 5, Near Aparna House, Karve N, Agar, Pune, Maharashtra	India
S1-958173561	Value Realty Corporation	OH, Cincinnati, 6566 Ripplewood Lane	US
S1-128595370	LT Saree Ltd	22/1 T.B Road, Bharathidasan Salai, Madurai, Tamil Nadu	India
S1-480450270	White Solutions Limited	East Delhi, 185, East Delhi, Delhi, Akash Darshan Apartm-, Ent, Mayur Vihar Phase-1	India
S1-514596900	Regional Clear Arch LLC	2632 Mcdonald Street, City Of Appleton, WI	US
S1-541241346	Yu Rare, L.L.C.	1530 Mirror Lake Drive, Naperville, IL	US
S1-831495650	Engineering Quick Services Pvt Ltd	Door No 1792/1583, B M Road Channapatna, Channapatna, Ramanagar, Karnataka	India
S1-702086876	East Estate LLP	Rajkot Diocese Trust Bishop House, Nr. A.G. Society, Rajkot, Gujarat	India
S1-7646325	Coralyn Benett Diamond Northland	151 7th Street, Oyster Bay, NY	US
S1-186816137	Pediatric Medicine L.L.C.	2002 Cherokee Trail, Coopertown, TN	US
S1-732937760	Compass	1401 42nd Street, Enid, OK	US
S1-69069569	Industrial Security Industries LLC	483 Wythe Creek Road, Poquoson City, VA	US
S1-301579241	Electricians Local Union 425	IN, 1693 Gustafson Avenue, Chesterton	US
S1-982724183	Vmr (India) Multitrade Pvt. Ltd.	A 212 Flr 2 A/1 Antop Hil, Warehousing Barkat Ali, Mumbai, Maharashtra	India
S1-845192796	Tech Gemtech Mills Private Limited	Anand Capital Building, H.No:7-1-79 & 80, 3Rd Floor, Above Ratnadeep Building, Greenland Roa, D, Ameerpet, Hyderabad, Telangana	India
S1-832561379	Shreshtha Traders Private Limited	Plot No.23, Samaj Ekta Society, Manish Nagar, Nagpur, Maharashtra	India
S1-114844392	Bansal Vidyalaya	Mumbai, Maharashtra, Flat No.5A, Modern Flats, 128, Nathalal Parikh Marg, (Wodehouse Ro, Ad), Mumbai City	India
S1-918713810	Lorenza M. Jeffers, O.D.	207 Wrenn Drive, Unit P, Cary, NC	US
S1-209902848	Suba Technology Private Limited	91/94-453 1St Floor, 2Nd, 4Th Main, Dcm Township, Davanagere, Davangere, Karnataka	India
S1-895541580	Auran Digitalbridge	1934 Westridge Boulevard, Bartlett, IL	US
S1-850072297	Burman, Jones and Foltz LLC	1010 Clover Leaf Court, Richmond, TX	US
S1-12477932	Sweet Hair Studio LLC	812 Summers Street, Hinton, WV	US
S1-504730603	Saraor Inc	1 Pine Street, Biddeford, ME	US
S1-525096876	Northern Custom East, LLC	132 Coontown Mountain Road, Edmeston, NY	US
S1-532893052	Lottie Neighbors, DMD	1440 Highway 1383, Unit C31, Russell, KY	US
S1-573982555	India Mura Overseas Limited	Plot No. 459, Sabar Sahi, Near New Ag Colony, Nayapalli, Bhubaneswar, Khordha, Orissa	India
S1-814750638	Literacy Foundation	2675 Falling Star Way, Camillus, NY	US
S1-998833841	Technologies Silver Plasto Private Limited	72/32, A Patel Marg, Shipra Path Mansarovar, Rajsamand, Jaipur, Jaipur, Rajasthan	India
S1-847203756	Tirtha Seva Samiti	Floor-Grd, Mumbai City, Maharashtra, Plot-69/72, West More Building, Sir Pochkhanawala Road, Worli Rto Office, Wo, Rli Colony, Mumbai	India
S1-585374001	High Investments Private Limited	D-206, Galaxy-88 Hanspura, Tal- Ahmedabad City, Ahmedabad, Gujarat	India
S1-824514388	Harbor First Trailblazer LLC	3208 Glenda Avenue, TX, Haltom City	US
S1-762714635	Apex Shree Solutions Private Limited	3/27, Dasireddigaripalli Palamanda, Sodam, Chitoor, Tirupati, Chittoor, Andhra Pradesh	India
S1-83223242	Litech	12505 Cardinal Flower Drive, Austin, TX	US
S1-207422081	F & P Patriot Inc.	1301 7th Street, Unit 204, Washington, DC	US
S1-95717030	Rehbein, Reitz and Cervantes LLC	101 Linden Avenue, Wilmington, DE	US
S1-651364259	Sousa & Rivera	Beaverton, OR, 347 204th Terrace	US
S1-636842170	Hanson Hospitality Inc	2960 Charmingdale Drive, Mobile, AL	US
S1-850001537	Pediatric Care LLC	27711 Southland Drive, Splendora, TX	US
S1-801381444	Children's Center LLC	2420 Fox Creek Circle, Unit Unit 25, Village Of Fox Crossing, WI	US
S1-180557072	Long Urban	880 Stanwood Avenue, Akron, OH	US
S1-507992765	Hewitt Integrated Twin LLC	WA, 324100 2, Newport	US
S1-831220977	NL Premium Inc	2814 Nebraska Street, Sioux City, IA	US
S1-908864957	All International Private Limited	Plot No.32 (Part) Jawaharlal Nehru Pharma City, Parawada, Visakhapatnam, Vishakhapatnam, Andhra Pradesh	India
S1-921724209	New Life Baptist Church	Toledo, OH, 2259 Bucklew Drive	US
S1-475938980	P/T Kensington LLC	253 Baurer Circle, Folsom, CA	US
S1-264626712	Celesta Infrastructure Private Limited	140/B Keshab Chandra Sen Street, Kolkata, Howrah, West Bengal	India
S1-333905685	Aditya Consulting Pvt Ltd	Colorado Riverdell Complex, Godrej Hill, Barave, Kalyan, Thane, Maharashtra	India
S1-139619805	Super Medical Centre Company	Kalamassery, Kerala, Ernakulam, Kummancheri Junction Changhampuzha Nagar, Pathadippalam, 23/163A	India
S1-142770314	Valley Society	2453 Ashmor Place, Decatur, AL	US
S1-111617836	Metro Family Practice LLC	7490 Taconic State Parkway, Gallatin, NY	US
S1-89625367	Foods Sms Services of Tirumalagiri	Tirumalagiri, Telangana, Hyderabad, H. No.2-22-3/1/A Kaveri, Nagar Near Axis Bank	India
S1-879398626	Diversified Design Products	1701 Sommerfeld Avenue, Capitola, CA	US
S1-556181892	Bullard Pediatric Dental Advanced Health	Bullard, 143 Fairway Drive, TX	US
S1-249405842	Finance Agroha Solutions Ltd	Arazi No. 16, Suddhipur, Shivpur, Varanasi, Uttar Pradesh	India
S1-501861318	Chandrora Marine Private Limited	H No.73, Ground Floor, Near Unkal Railway Station, Shirdi Nagar, Hubli, Dharwad, Dharwar, Karnataka	India
S1-90117352	Indian Southern Food Private Limited	139/E Rajnagar, Indore, Madhya Pradesh	India
S1-554600530	Ace Consultancy Private Limited	Room No 101 Malviya Nagar, South Delhi, New Delhi, Delhi	India
S1-76838361	Orbify Armour LLC	IL, 6813 Moody Road, Rockton	US
S1-828079965	TXG Sell Limited	H No 2-11-123/32/D, Hanuma Sai Nagar Uppal, Medchal Malkajgiri, Hyderabad, Telangana	India
S1-289966825	Chevalier Textiles LLC	3453 Keith Cove Road, Winchester, TN	US
S1-195441062	Red Industries Group Public Limited	56, Nariman Bhavan, Nariman Bhavan Premises Co Op Society Ltd., 227, Narima, N Point, Mumbai, Mumbai City, Maharashtra	India
S1-110513808	Interstate School of Medicine	1422 Branard Street, Houston, TX	US
S1-293041606	Mcdonald, Forehand and Chavez Inc.	7339 Dueber Avenue, East Sparta, OH	US
S1-765889978	Internal Medicine Superior Associates LLC	613 Wilmes Drive, Austin, TX	US
S1-15576435	Jobye Mack Genetics, Inc	11283 Robinson Drive, Unit Apartment 309, Coon Rapids, MN	US
S1-338702094	Tricom Developers Pvt. Ltd.	No.568G Thiruppathur Road, A1 Complex, Devakottai, Sivaganga, Tamil Nadu	India
S1-831395242	Mumbai Next	5 Rizvi Chambers 13Th Hill Road Bandra West, Mumbai, Maharashtra	India
S1-831814346	Prairie Council	290 Drake Avenue, Unit Apartment 11, New Rochelle, NY	US
S1-809183328	Wells & Armbrust Inc	3103 Pelham Parkway, Pelham, AL	US
S1-405201	Shannon Electricity LP	1420 Walnut Road, Saint Jacob, IL	US
S1-184112563	Royal Constructions Private Limited	H. No. 7-9/5, 8Th Street, Jsn Colony Habsiguda, Hyderabad, Telangana	India
S1-911666848	West Clean Johnson	Spotsylvania County, VA, 12839 Mill Road	US
S1-399198607	Hoekstra & Peterson	1257 Dietz Avenue, Akron, OH	US
S1-513745625	Prime Power Private Limited	Plot No.68, Elegant Estate, Rasuliya Inayatpura, Kolar Road, Bhopal, Madhya Pradesh	India
S1-319412314	Unified Assets	703 Central Street, Whitewater, KS	US
S1-24743553	Future Finance Pvt Ltd	Shop No 32 Lgf, Jeewan Plaza Viram Khand, Gomti Nagar, Lucknow, Uttar Pradesh	India
S1-553636348	Physical Therapy Crystal Clinic	312 Gill Street, Unit B, Laurinburg, NC	US
S1-919839639	Direct Fresh Polestar PLLC	2036 Sepulveda Avenue, San Bernardino, CA	US
S1-699632857	Benko, Harrison and Reich LLC	1324 Fenwick Drive, VA, Lynchburg City	US
S1-343506973	Jang & Romero LLC	126 Us 24 Highway, Unit 1, Topeka, KS	US
S1-59097545	Alpha Lotus Consulting Private Limited	Floor-1, World Trade Centre, Sadhu T L Vaswani Marg, Cuffe Parade, 58, Mumbai City, Maharashtra, Mumbai	India
S1-498745665	Cancer Foundation	33 Station Plaza, Great Neck Plaza, NY	US
S1-70559167	Chennai Exports LLP	No 2D, Sire Mansion, 3Rd Floor, 621, Annasalai, Thousand Lights, Chennai, Tamil Nadu	India
S1-791383181	Maa Systems Private Limited	1078 Kashiopp Little Rose Convent Nandanwan Layout, Nagpur, Maharashtra	India
S1-271499689	Jarlora Electronics LLC	5567 Rome Drive, Roanoke County, VA	US
S1-555750321	Prime Tirupati Systems	Unit No- F-140, First Floor Raheja Mall, Sector-47, Gurgaon, Jhajjar, Haryana	India
S1-489921584	Robertson, Amalita W., DO	21344 80, Ft. Gibson, OK	US
S1-526324176	White Chesapeake	7305 Parklake Place, Indianapolis, IN	US
S1-324087294	Ravi Clinic	Wz/43C, Mukherjee Park, Tilak Nagar, New Delhi, Delhi	India
S1-417251299	Legacy Media	VA, Hanover County, 12400 Homestretch Lane	US
S1-764114843	Scholarship Network VI	39 Dunster Road, Bedford, MA	US
S1-920678899	International Properties	C/O Biruba Shelke, Dharur Tq Kaij Dist Beed, Kaij, Beed, Maharashtra	India
S1-781243951	Stingley and Demelo Stores LLC	4361 Gaslyn Road, Town Of Sand Lake, WI	US
S1-164550526	Global Society Inc	629 Lord Street, Osage City, KS	US
S1-905110777	Certified Golden LLC	11210 Marbern Road, Hagerstown, MD	US
S1-788303618	Federal Marine Advisors LLC	113 Main Street, Jackson Center, OH	US
S1-478021884	Builders Hariom Engicon Pvt Ltd	1219 A Rk Puram, Kota, Rajasthan	India
S1-257380455	Strategic Hospitality Works LLC	2551 Holiday Rd, Unit F8, Coralville, IA	US
S1-286200959	Sree Apex Trading Private Limited	C/O Sarassamma N Kottoorkonam Paravoor, Kollam, Kerala	India
S1-702195897	Learn Training Limited	313, Agarawal Chamber- Iv 27, Veer Saverkar Block, Shakarpur, New Delhi, East Delhi, Delhi	India
S1-951588247	Savage Americas Inc	11147 Reisterstown Road, Owings Mills, MD	US
S1-679960612	Bucks Consultancy	West Bengal, 35 Chittaranjan Avenue 3Rd Floor, Kolkata, Calcutta	India
S1-5817535	R U Rojas Mining LLC	7777 68, Stokesdale, NC	US
S1-222821539	Premier Builders Private Limited	8, Marquis Street Ground Floor, Kolkata, Kolkata, Howrah, West Bengal	India
S1-530068562	Lifestyle Inc	802 Brookside Drive, Dayton, TX	US
S1-396923246	Temple Synagogue	15 Cleone Drive, Waterbury, CT	US
S1-581088143	Roots Securities Pvt Ltd	C-87, Goyal Park, Opp Goyal Plaza, Vastrapur, Ahmadabad City, Ahmedabad, Gujarat	India
S1-402457122	Galore Aluminium (India) Private Limited	208-94A, Ramamandira Road, Mysore, Karnataka	India
S1-313710750	East Media	S302, Aparna Serenity, Petbasheerabad, Rangareddy, Telangana	India
S1-285258229	Hooker Mining PLLC	2209 Henneman Avenue, Baltimore, MD	US
S1-203772241	Vetecex Group	Sacramento, 2761 Stockton Boulevard, CA, Unit APT 420	US
S1-946372996	Kaveriya Infrastructure Private Limited	5-9-58/8, Parishrama Bhavan, 1St Floor Fateh Maidan, Basheerbagh, Hyderabad, Telangana	India
S1-988878986	Maa Constructions Private Limited	Plot No. E-36, Second Floor Sector-8, Noida, Noida, Gautam Buddha Nagar, Uttar Pradesh	India
S1-524509976	Peak Legacy Capital	3407 41, Terre Haute, IN	US
S1-78398166	Johnson Green Service Corp	16845 Lake Side Drive, Flint, TX	US
S1-997120663	Surat City Pharmaceutical Private Limited	H.No. 12/837 Gr. Floor, Bhavnagri Sheri, Surat City, Surat, Gujarat	India
S1-630407400	Al Associates (India) Limited	112, Indraprakash Building 21, Barakhamba Road, Delhi, New Delhi, Delhi	India
S1-707412941	Family Liberty Group	Ruidoso, 505 George P White Drive, NM	US
S1-232206635	Tevue	2001 Charles Street, Fredericksburg City, VA	US
S1-617849910	Drayic Mae	13633 Bellerose Drive, Fairfax County, VA	US
S1-142161944	Tio Companies LLC	842 Canton Point Road, Dixfield, ME	US
S1-151550608	Hilson and Lyle, Inc	201 Lombardy Street, Aulander, NC	US
S1-56223359	Cardiology Specialists LLC	6120 Fiske Road, Bartlett, TN	US
S1-705490389	Frontier Grupo LLC	551 6A, Bldg HOLTMEIER HOUSE, Sandwich, MA	US
S1-254749878	Fortune Investment Private Limited	3, Maharashtra, Mumbai, 38, Patrakar Chs Ltd, Gandhi Nagar Road 4, Mumbai	India
S1-437022784	Srk Cabs Private Limited	Iii-F-947, First Floor Vaishali, Ghaziabad, Ghaziabad, Uttar Pradesh	India
S1-185502834	Urology Group LLC	6508 Roth Drive, Joliet, IL	US
S1-237349399	Winner Best Limited	Sub Plot No. 6 60/61 Lati Bazar Gita Mandir Road, Ahmedabad, Gujarat	India
S1-192659530	Neeraj Exhibitions of Daskroi	Road No. 5/A Odhav Road, Plot No. 24 Kathwada Gidc, Gujarat, Ahmedabad, Daskroi	India
S1-418168747	Bell Legacy Occupational Therapy Inc	1714 Lamb Avenue, High Point, NC	US
S1-800821370	Bharat Industries Private Limited	No.11 And 12, 4Th Floor, Sgn Layout, Lalbagh Road Cross, Bangalore, Karnataka	India
S1-668208923	Ss Great Impex Private Limited	First Floor, Plot -1057/M, Mvs Entrada, Shaikpet, Hyderabad, Telangana	India
S1-652865236	Bethea, Billye, DPM, P.C.	Leitchfield, KY, 1112 Shrewsbury Road	US
S1-247273599	National Health Center LLC	132 Teller Road, CT, Trumbull	US
S1-212713755	Ss Projects Private Limited	24/3088-2, Ushasandhya, Kowdiar-Devasom Board Roa, Thiruvananthapuram, Thiruvananthapuram, Trivandrum, Kerala	India
S1-93398062	Farrell, Barnes and Futch	20972 Cohasset Terrace, Loudoun County, VA	US
S1-541962817	Aditin Exim Corporation	H.No. 2-3-61, Shivalayam Street Peddapally, Karimnagar, Nellore, Telangana	India
S1-849268824	Stokes Best Old	22 Collins Cove Road, Machiasport, ME	US
S1-613071411	Rios Colonial Saul	1406 Summerdale Road, Corvallis, MT	US
S1-217231023	Kwok & Eid LLC	545 Greenland Avenue, City Of Oconomowoc, WI	US
S1-150634857	Billie Brougher Blue Alussa	8740 Supervisor Avenue, Colden, NY	US
S1-129391126	Suvidha Technosoft Private Limited	206, Ward No 27, South Kumrakhali Paschim Para, Kamal Gazi, Narendra Pur, Kolkata, Kolkata, Howrah, West Bengal	India
S1-313640079	24HR Fitness Corporation	112 Caurel Circle, Little Rock, AR	US
S1-597460622	Safe Payment Laboratories PC	210 Spencer Street, Unit Unit 4, Ithaca, NY	US
S1-295295975	X Z & M Intercontinental	3235 Woodbrook Court, Irving, TX	US
S1-986470370	Precision Wireless Dynamics LLC	1639 County Home Road, Paris, TN	US
S1-554945712	Diaz, Taylor and Morgan Inc	1355 51st Street, Tacoma, WA	US
S1-628271603	Arth India Private Limited	Bihar, Bela Balughat Po- Bela Rikabganj, Purnia	India
S1-229910784	Cardinal LLC	306 Patterson Street, Morganton, NC	US
S1-438513017	Hotel Trading Private Limited	Prestige Shantiniketan, The Businessprecinct Towerb 3Rdfloor Itpl Mainroad, Hoodi, Sadaramgala, Whitefield, Bangalore, Karnataka	India
S1-536281694	Piedmont Complete Obic	1831 Iroquois Drive, Evansville, IN	US
S1-711608327	Nerul Tech Co	Thane, Maharashtra, Plot No. 48 Sector 44A, Shop No. 5, Nerul	India
S1-279745632	United Foundation Private Limited	Sf-48 A-Block, Amrapali Shopping Mall, Vejalpur, Ahmadabad City, Ahmedabad, Gujarat	India
S1-679395886	Benitez & Vargas Solana Inc	122 A 8th Street, Elmira Heights, NY	US
S1-725085060	Lumin Academy	Mumbai City, Maharashtra, 13, 2Nd Floor, Plot No 15/37, Bhagwan Bhavan, Dadi Santook Lane, Kamathiwadi, Chira Ba, Zar, Mumbai	India
S1-91047279	Geo Keystone Barclays, Inc	1119 5th Street, Marion, IN	US
S1-452374912	Heritage Consumer Enterprises LLC	4309 Glassgow Road, Spring Hill, TN	US
S1-466909974	Laborers Local 385	5733 Whitman Avenue, Fort Worth, TX	US
S1-342344172	Panvel Sugar Limited	Shop No. 4, Ground Floor, Swami Smarth Chs, Plot Number - E1/C, Sector Number - 12, Panvel, Raigarh(Mh), Maharashtra	India
S1-270293020	Northern Advanced Lincoln LP	3250 Lake Road, Lancaster, OH	US
S1-227517182	Cornerstone Aerospace Ventures LLC	47 Elizabeth Street, New Haven, CT	US
S1-214627380	Chavira Colonial Solid LLC	847 Callihan Loop, Tontitown, AR	US
S1-816561056	Essem Solutions Private Limited	C/C - 3A/438 Janak Puri, New Delhi, West Delhi, Delhi	India
S1-187580275	MB Seas	279 Barrington Lane, IL, Bourbonnais	US
S1-20802712	Slusher Learning Center Group	3108 Church Way, Unit 150, Louisville, KY	US
S1-343758195	Frontier Prairie Architecture LLC	165 Sunset Drive, Sandusky, OH	US
S1-233822786	2677 First Road Holdings	TX, Houston, 10403 Wagon Trail Road	US
S1-846002529	Caccamo, Sandie H., DDS PLLC	51 Kooi Lane, Franklin, NC	US
S1-547451015	Gwalior Multitrade Private Limited	Modal Towen-501, D40, B06, Sirol Road, Gwalior, Madhya Pradesh	India
S1-61358461	ZO Farmer Pvt Ltd	Pune, 4Th Floor, Harshada Building, S. No.121-122, Plot No.74, Rambaug Colon, Y, Kothrud, Maharashtra, 23/B	India
S1-498818710	Hedwig Torres Integrated Keystone P.C.	89 Hempstead Road, Westerville, OH	US
S1-843365595	Noyes Disciplined Inc.	6955 Teton Circle, Mesa, AZ	US
S1-366558468	Tirupati Prime Energy Private Limited	80/8, Shop No. 1, Ground Floor, Aditya Industrial Estate, Mahadevnagar, Nanded Phata, Sinhagad Road, Haveli, Pune, Maharashtra	India
S1-495582731	Kort Shanghai	254 Kaukonahua Lane, Bastrop, TX	US
S1-986764198	Lord Seva Samiti	Plot No. 15, Govind Bari, Opp. Sbi Bank, Brhampuri, Jaipur, Jaipur, Rajasthan	India
S1-285522808	Prime Group	119 Grist Mill Loop, Georgetown, TX	US
S1-152602217	Cartier, Whitsett & Blackwood LLC	NC, Charlotte, 730 Sawyers Mill Road	US
S1-13194029	Coraque, Inc	19 Stuart Avenue, Wappingers Falls, NY	US
S1-809884762	Data Marketing Industries Inc	9317 73rd Street Court, Gig Harbor, WA	US
S1-342022479	United North Hospitality Limited	House No 1023, Gf, Sector - 9 Near Dps Vasundhara, Vasundhara, Ghaziabad, Uttar Pradesh	India
S1-182633909	Fourth Process Private Limited	Pune, Maharashtra, S No 78/1, Dangat Ind Estate Saiprabha Building Nr Nda Road, Shivane	India
S1-402795729	Foundation Vag Investmentservices Private Limited	Am-198 Shalimar Bagh, New Delhi, North Delhi, Delhi	India
S1-175958699	Lizette's Publishing	668 Main Street, Unit 2, Brockton, MA	US
S1-459123424	Delta Investments	Columbus, 8401 100, IN	US
S1-756367210	Secure Vulcan LLC	W6183 B, Town Of Kingston, WI	US
S1-761609525	PY Farms	C/O Jagat Narayan Tandon, 125, Chajjapur, Tanda, Jalalpur, Ambedkar Nagar, Uttar Pradesh	India
S1-932992817	Correa & Kavanagh Lloyds Corp	523 Mcdermott Street, Asheboro, NC	US
S1-784070329	Apex & Sons Private Limited	Off-06A Sadguru Residency, Sn-66/B/3/2 B.T.Kawade Rd, Pune City, Pune, Maharashtra	India
S1-53763816	Sbw Traders Private Limited	Everest House 9Th Floor46C Jawaharlal Nehru Road, Kolkata, Calcutta, West Bengal	India
S1-239666870	Hari Foods Limited	Belgaum, Cts.7161/D Sect-10, Anjayneya Ngr, Karnataka, Belgaum	India
S1-810900336	As Management Center	C/O Gyanti Devi, Vill-Rajwara Bhagwan, Mushahari, Muzaffarpur, Bihar	India
S1-668895250	Shivam Technologies Private Limited	5, Pujan Bunglows At & Po, Kanknol, Himatnagar, Himatnagar, Sabarkantha, Gujarat	India
S1-663067533	Mccarty Family Office LP	4040 Don Julio Boulevard, North Highlands, CA	US
S1-416123909	Tara Prime (India) Private Limited	Flat No. 212, Plot No. 34, Floor 2Nd, White House Apartment Sec. 13 Rohini, Delhi, New Delhi, Delhi	India
S1-359266823	Mullins Fresenius LLC	18312 Dennis Avenue, Goshen, IN	US
S1-438818944	Bricklayers Union Local No 817 P.C.	337 Brewster Avenue, IL, Lombard	US
S1-773446559	Mchenry Capital Regional	Washington, DC, 1851 Columbia Road, Unit 608	US
S1-154871542	Ear Nose & Throat Physicians	10145 Wild Duck Pass, Eden Prairie, MN	US
S1-914905342	Hitech Finance Limited	Ahmednagar, Maharashtra, 'Deepak', Shrirampur, Opp. Central Bank Of India State Bank Road	India
S1-169634580	Comet Services LLP	Flat No 1 Krishna Vihar Bldg 4 Tata Compound Irla Bridge Vile Parle West, Mumbai, Mumbai City, Maharashtra	India
S1-143529128	Pushp Up Pvt Ltd	A - 1502, 15Th Floor, Chaitanya Towers, Appasaheb Marathe Marg, Prabhadevi, Mumbai, Mumbai City, Maharashtra	India
S1-352920630	Health Creative Fund	New London, NC, 38007 Trinity Circle	US
S1-769557971	Raso & Vanderpool Fox	2215 San Juan Trail, Tucson, AZ	US
S1-258423083	Priya Services Ltd	Flat No 20 Prabhat Resi, Gandhi Nagar Rukhmini Ngr, Amravati, Maharashtra	India
S1-692821877	Family Partners, Inc	249 Main Street, Port William, OH	US
S1-331165628	Arihant Healthcare Private Limited	Gat No. 226, Trimurti Colony, Pooja Fitness Centre Mali Gali, Tasgaon, Sangli, Maharashtra	India
S1-992393037	Jay Enterprises Private Limited	16 Basant Colony Ashok Marg, Link Road Savitri Circle, Ajmer, Rajasthan	India
S1-918640381	Tirupati Investment Private Limited	Office No 603, Megh Malhar, Plot No 16, Sector 11, Gandhinagar, Gandhi Nagar, Gujarat	India
S1-927050231	Dental Partners	3426 Yankee Lane, Mead, WA	US
S1-843288007	Skyline Advisory Private Limited	House No. 1184, Sector 5, Urban Estate, Kurukshetra, Haryana	India
S1-658901609	Jaipur Design Private Limited	Flat No.-401-402, Hilltop Plaza, Near Jawahar Nagar, Petrol Pump, Sector-7, Jaipur, Rajasthan	India
S1-738426048	Neal Consultants Inc.	11 Swett Road, Windham, ME	US
S1-177622378	Gaytan Clear Bond Inc	Fontana, 7886 Cypress Avenue, CA	US
S1-560593621	LVY Reserve	3472 Smith Place, Clarksville, TN	US
S1-267640901	Skyblue Concrete Private Limited	44 Sant Kesarmata Nagar, Nagpur, Maharashtra	India
S1-392565485	NXI Fiber Limited	Plot No. 239, Road No. 18 Jubilee Hills, Hyderabad, Telangana	India
S1-426628985	Supreme Muniholdings LLC	2136 Hulman Street, Terre Haute, IN	US
S1-902835502	Simpson, Emelita, CPA, PC	Sapulpa, 1235 Panther Lane, OK	US
S1-811482735	Bryna Stover Royal Alibaba LLC	25 Pier Place, Tooele, UT	US
S1-722975627	Gea Corp	21102 Appaloosa Drive, Omaha, NE	US
S1-186996406	Quinn Transport	1420 Troutman Lane, NC, Shelby	US
S1-472300957	Brickman Airlines LLC	17238 Wyanet-walnut Road, Wyanet, IL	US
S1-748801724	Sanchez Lending Inc	10744 Millers Way, Orland Park, IL	US
S1-717864860	Bay Health Center	NY, 84 Salisbury Street, Lacona	US
S1-535875486	Charminar Polytechnic of Indore	J-9, Shree Ji Velly, Bicholi, Mardana, Indore, Madhya Pradesh	India
S1-37465102	Classic Apparel Corporation	21980 Greenland Park Drive, AZ, Maricopa	US
S1-693175301	Davis Lionheart	OR, Fl 1, Medford, 3825 Shamrock Drive	US
S1-5823909	Urban Barbershop	40 Ho Mamish Court, Shelton, WA	US
S1-342040603	Cetech Corporation	6929 Black Road, New Haven, IN	US
S1-140018104	Banks & Shaheen Pearl	118 I Street, Richmond, IN	US
S1-917913695	Silver Properties Private Limited	32-A, North Usman Road, T. Nagar, Chennai, Tamil Nadu	India
S1-597849077	Dream Estate Private Limited	Flat No A/106 Gat No 1347/4 Bldg-A Vraj Greenlands Radhe Pune, Maharashtra, Pune	India
S1-342750841	Labs Beverages Clinic	Ed-24 Raj Danga Main Rd, Kolkata, Howrah, West Bengal	India
S1-942387320	Starr Biotech LLC	12523 Burgoyne Drive, Houston, TX	US
S1-322870263	Montus Atlas L.L.C.	145 Plaza Boulevard, Madison, AL	US
S1-667279841	Cozy Grill	4966 Wind Springs Way, Salem, OR	US
S1-825527650	Quality Dte LLC	717 6th Street, Hope, AR	US
S1-567729937	Associated Logistics Innovations LLC	1780 91st Place, Kansas City, MO	US
S1-296312033	Prime Media Private Limited	H- 260 Shastri Nagar, Meerut, Uttar Pradesh	India
S1-950900479	Prince William County Motors	15110 Georgia Road, Prince William County, VA	US
S1-502187379	Millennium Event (India) Corp	Maharashtra, Mumbai, Bandra, Gw 3020 G Block Bharat, Diamond Bourse Bkc	India
S1-24892513	Classic Investments Pvt Ltd	House No - 2821, Ward No -4, Sanjay Colony Block - D, Gouchhi, Ballabgarh, Tehsil Ball, Abgarh, Faridabad, Haryana	India
S1-39634614	Tara Trading Private Limited	Room No. 17/469 E, Karuvanpadi, Mudur P.O., Mudur, Ponnani, Ponnani, Malappuram, Malapuram, Kerala	India
S1-956085711	Amalee Ridings Globa LLC	1440 Amherst Road, Knoxville, TN	US
S1-570211968	Rsi & Sons Pvt Ltd	Door No Kt 600 2Nd Floor Keb Colony Near 2Nd, Borewell, 12Th Cross Chamundeswari Nagar, Mandya, Karnataka	India
S1-954782176	Strategic Sun	2699 Broadwing Lane, Liberty Lake, WA	US
S1-36213141	Tamayo Opendoor LLC	77 Apartment Lane, Unit A1, KY, Salyersville	US
S1-993942647	Cox Specialty of Knightdale LLC	716 Beddingfield Drive, Knightdale, NC	US
S1-874105056	Eastern Columbia Care	3015 Holston Lane, Raleigh, NC	US
S1-31164580	Tri-State Polska LLC	1008 I Street, Tacoma, WA	US
S1-412717563	Harbor Worldwide, LLC	5833 Hedgemoor Drive, Raleigh, NC	US
S1-486611515	Green Trading	Road No D 7 Flat No 4, First Floor, Ardee School, Ardee City Sec 52, Wazirabad, Gurgaon, Haryana	India
S1-467934267	Phenix Brothers Private Limited	B-307, 3Rd Floor, R G Complex, Plot No. 2, Dda Community Centre, D B Gupta Road, Mo, Tia Khan, Phar Ganj, New Delhi, Delhi	India
S1-196332453	Blue Ventures Private Limited	D.No.2/329 Kamarajar St., Arul Murugan, Tambaram, Kanchipuram, Tamil Nadu	India
S1-671640109	Gabbie's American Productions	18115 271st St, Long Grove, IA	US
S1-612194017	Al Management Private Limited	D.No.59A-18-10B, Flat No.75, 3Rd Line Teachers Colony, Block No.8, Ward 8, Vijayawada, Krishna, Andhra Pradesh	India
S1-518385859	Piedmont Golden Development	8395 Patrick Henry Boulevard, Hanover County, VA	US
S1-94463182	Manas Trust	Prathamesh Apartment Pada No 02, L M Nagar, Thane West, Thane, Maharashtra	India
S1-406318464	Big Silver Logistics Private Limited	Sr. No. 55/56, Dhuva-Matel Road Tal. Wankaner, Matel, Gujarat	India
S1-961721414	Human Rights Harbor Network	38 Highbush Court, Spring, TX	US
S1-405130209	Northern Advisors Limited	R/O Ward No 39, Radhakishanpura Sikar, Sikar, Rajasthan	India
S1-132614041	Cultural Premier Association Ltd	440 Lagrange Street, West Lafayette, IN	US
S1-950328068	Panvel (india) Private Limited	Raigarh(Mh), Plot -270, Ros, Chs Panvel Raigad Khargha, Maharashtra, Lilac-702, Panvel	India
S1-24933566	Zephyr Production Private Limited	A-103, Rizvi Palace, Chinchpokli Road, Hill Road, Bandra (W), Mumbai, Maharashtra	India
S1-194969104	Blake Torres Silver Software	9 Garfield Street, Haverhill, MA	US
S1-581352449	Julianne's United Mortgage	4557 Utah Road, Wellsville, KS	US
S1-678548599	Eastern Clean Galaxy P.C.	1560 Albright Avenue, Burlington, NC	US
S1-515643918	Saint Israel	1026 Mimosa Drive, Anadarko, OK	US
S1-652634785	Lewis, Storm & Mercado Fuse P.C.	94 Buffalo Creek Lane, Kittrell, NC	US
S1-719455393	Foot & Ankle Innovative Care Associates	1337 64th Street, Cleveland, OH	US
S1-279142402	United Holding Company	1009 Torngat Court, Virginia Beach City, VA	US
S1-735303258	Optimal Analytics Union	2146 Deep Blue Drive, UT, Unit 202, West Valley City	US
S1-644192996	Certified Financial Ventures LLC	13 Davis Mtn Education Center #2 Road, Fort Davis, TX	US
S1-883293945	Main Street Hypnosis	8805 Springsbury Pl, Unit 6, Hurstbourne, KY	US
S1-4088101	Maa Trading Private Limited	3F, A Block, Artech Varsha Apartments, Madathunada Junction, Pathirappally Road, Mukkola P.O, Thiruvananthapuram, Thiruvananthapuram, Trivandrum, Kerala	India
S1-810776573	Unique Media Private Limited	Delhi, New Delhi, Shopping Centre-Ii Mansarovar Garden, D-13	India
S1-196712891	Lumium Marshall	20 Lone Bear Lane, Ethete, WY	US
S1-69111210	Hisar Capital Private Limited	39-5-36/1, F.No.Ff2, Regent Menor Sector 5, Muralinagar, Visakhapatnam, Vishakhapatnam, Andhra Pradesh	India
S1-241919293	Waves Textiles Private Limited	132 Floor1 Hind Rajasthan, Bldg, Dadasaheb Phalke Rd, Mumbai, Maharashtra	India
S1-922852786	Reynolds Energetics Inc	120 Lay Pass Road, Manhattan, MT	US
S1-743842536	All Care Private Limited	Plot No 24/A 6-5-427/1, Telangana, Hayathnagar, Hyderabad, Self Finance Colony	India
S1-617189835	Tech Care Private Limited	Ward No. 7, Shivaji Nagar, Ashta, Sehore, Madhya Pradesh	India
S1-28261429	Coromandal Educational Society	Mani Nivas, H No. 2/368 Mangalathukonam, Kattachalkuzhy P O, Thiruvananthapuram, Trivandrum, Kerala	India
S1-869360801	Great School of Medicine	305 Spring Creek Circle, Schaumburg, IL	US
S1-173679167	F K & A Valuence LLC	3532 Scupper Run, Southport, NC	US
S1-214131574	Vertex Esports, L.L.C.	7767 White Chapel Road, OH, Licking Twp	US
S1-961420917	Chiropractic Innovative Health	170 Rose Road, Crump, TN	US
S1-874844211	Vision Clinic	519 Denmark Drive, Danville, KY	US
S1-602397206	MON Bridge Corp	8550 Grover Godwin Lane, Irvington, AL	US
S1-828396699	NM Digital Private Limited	Platinum Landmark Shop 8, Opp. Mahila Collage, Himatnagar, Sabarkantha, Gujarat	India
S1-617334573	Pate Equity Partners LLC	1702 2nd Street, Fl 0, Wichita, KS	US
S1-839441458	Corner Bike Shop	1314 Smithtown Avenue, Unit Apartment 12, Islip, NY	US
S1-563566710	Red Producer Limited	Old Bhangrola Road, Haryana, Gurgaon, Sector 8, Near Airtel Building, Imt Manesar, Gurugram	India
S1-174434806	Taylor's Diagnostics	1352 Brooklyn Avenue, Brooklyn, NY	US
S1-519741874	Abhayam Prints Pvt. Ltd.	Unit 1007 Tower B 1, 10Th Floor Dlf Mypad, Lucknow, Uttar Pradesh	India
S1-189881542	Lument Gss Group	8091 55, Neversink, NY	US
S1-197531064	Marlo Nguyen Oaktree, Inc	72 Country Run Drive, Jackson, TN	US
S1-711216931	Highland Drugs	Hoffman Estates, IL, 2360 Hassell Road	US
S1-88339037	Sai Properties Private Limited	H. No. 28-B, Second Floor, Nehru Market, Badarpur, Near Dal Chand Welding Shop, New Delhi, South Delhi, Delhi	India
S1-315187579	Johnson Dime Inc	614 Main Street, Manhattan, MT	US
S1-228884127	Germany, Ramsay & Vittitow Japan	4170 Baxter Road, Nashville, TN	US
S1-635403083	Baba Infotech Pvt Ltd	Chennai, Old No. 68 Thiruvalluvarpuram, 1St Street, Choolaim, Edu, No. 78, Tamil Nadu, Chennai	India
S1-829855508	Bay Guild Inc	1690 Cabaniss Lane, Weatherford, TX	US
S1-112040820	P & U Tax	2825 Crittwoods Court, Cincinnati, OH	US
S1-746273674	Strickland and Hobbs Inc	Willow Spring, NC, 1500 Osprey Ridge Drive	US
S1-178126683	Northern Industries Private Limited	Plot No. B-10, Industrial Estate, Isocarbon Company Pvt.Ltd., Kancharapalem, Visakhapatnam, Vishakhapatnam, Andhra Pradesh	India
S1-31277835	Lohagarh Access Clinic	H No 40-343, Plot No 146B, Jawahar Nagar, Moula Ali, Secunderabad, Hyderabad, Telangana	India
S1-421513240	Chandna Trading Ltd	Baradari No. 4 Block 7 Govind Nagar, Kanpur, Uttar Pradesh	India
S1-355351576	South Logistics Private Limited	5-5-35/317, Plot Nos 45 & 46, 51 & 52 Sai Baba Colony, Kukatpally, Hyderabad, Telangana	India
S1-834780226	Desert Council	9333 75th Avenue E, Tulsa, OK	US
S1-846905115	Zee Services	Plot No. 1599, Mohali, Punjab, Mohali, Ground Floor Sector - 82	India
S1-546450835	Griffin's Iron Works Associates	Revere, 190 Park Avenue, MA	US
S1-619956812	Beacon Painting LP	3509 Creek Road, Bldg BLDG 3, Dripping Springs, TX	US
S1-704654315	Corn (India) Constructions Pvt. Ltd.	Seva Complex, New Bengali Tola Karbigahiya, Patna, Bihar	India
S1-887644675	Red Media Private Limited	Plot 229, 230 Gidc Hansalpur, Viramgam, Ahmedabad, Gujarat	India
S1-723769919	Brownsville Pediatric Dentistry Beacon Center	2460 Munich Street, Brownsville, TX	US
S1-522438712	Vique Delta Tax Service PC	De Queen, AR, 106 Gammon Drive	US
S1-353490590	Uptown Barbershop LLC	Unit UNIT 34, 282 Sierra Way, San Bernardino, CA	US
S1-954049407	Indo Technology Limited	125A, Pullalakottai Road, Virudhunagar-, Virudhunagar, Tamil Nadu	India
S1-202506756	Alacrity Chit Private Limited	B 1103, Sun Planet, Off Sinhagad Road, Behind Suncity Society, Anand Nagar, Pune, Maharashtra	India
S1-802535179	Goar Stone LLC	2105 Wood Ridge Cove, Cedar Park, TX	US
S1-253987111	Cordelia Martinez Fortunex LLC	119 Painter Avenue, West Haven, CT	US
S1-606568823	Zephiq Aviation, LLC	58 Frank Cameron Road, NY, Bolton	US
S1-297066241	XE Networks Private Limited	House No 1 Basement, Block -2 Eros Garden, Faridabad, Haryana	India
S1-396664815	Chiropractic Ace Center	10007 Tulip Tree Drive, Bowie, MD	US
S1-209008446	Bharat Food Private Limited	Flat No.701, A Wing Ambika Plaza, 90 Feet Road, Mulund (E), Mumbai, Maharashtra	India
S1-459430878	Anchor Business Laboratories	3595 Mulberry Circle, City Of New Berlin, WI	US
S1-623475769	Rhetta's Health	4210 Pimlico Road, Baltimore, MD	US
S1-280622542	Rous Family Office	7937 San Jose Road, City Of El Paso, TX	US
S1-922124776	Luma India Private Limited	127/296 W-1 Saket Nagar Kanpur, Uttar Pradesh, Kanpur, Uttar Pradesh	India
S1-454847258	United Products LLP	21/2 Khetra Mohan Banerjee Lane, Kolkata, Howrah, West Bengal	India
S1-291204732	Vision Technology Private Limited	4Th Floor Erostheatre Bldg J T Road, Mumbai, Maharashtra	India
S1-97176033	Lakshmi Consultants Private Limited	A-301, New Sai Dham Chsl, Ramdev Park Road, Thane, Maharashtra	India
S1-475183963	Costa & Natividad Payment	1318 Superior Street, Genoa, OH	US
S1-875955595	Shiva Producer LLP	32, Dharamputra Pritam Estates, Dadar, Mumbai, Mumbai, Mumbai City, Maharashtra	India
S1-515041075	Cascade Media Inc.	9200 Bruckhaus Street, Raleigh, NC	US
S1-586195999	Spady Fusion	1111 Ann Street, Ravenswood, WV	US
S1-389033602	Ambalika Producer	H.No. 8-2-120/86/9/A/46, Road No. 14, Khairatabad, Hyderabad, Telangana	India
S1-451523317	Patriot Beyond	206 Twp Rd 102, Ironton, OH	US
S1-338434700	Hyderabad (India) Solutions Limited	124-A, Extn-3, New Delhi, West Delhi, Delhi	India
S1-90885949	Black Management Private Limited	Delhi, South Delhi, D-211, New Delhi, Ug-35 Laxman Plaza Complex, Munirka	India
S1-511161919	Right Option Pvt Ltd	Plot No-57, Opposite Maruti Udyog Limited Gate No-02, Old Delhi Road, Gurgaon, Haryana	India
S1-346250714	Vonnie's Clear Physical Therapy	11306 Onyx Lane, Peoria, IL	US
S1-587821113	Beacon Semiconductor Group LP	1842 Saw Mill Drive, Wilmington, DE	US
S1-817373865	Mcelwee Academy LLC	538 Federal Street, Franklin, TN	US
S1-129211733	Asset Building Project Inc	19771 Post Oak Bend, Lindale, TX	US
S1-157494231	Paul, Babbs & Booker LLC	160 Bauman Lane, Coram, MT	US
S1-504558676	Galaxy Investment Private Limited	Office A2 & A3, 7Th Floor, Ashar It Park, Road No.16/Z Wagle Industrial Estate, Thane, Maharashtra	India
S1-609144004	New Software Private Limited	Meghdoot Building No B-2, Flat 35 113A Sv Road, Borivali West, Mumbai, Maharashtra	India
S1-30900278	Unified Rock	1341 E Capitol Street, Unit 106, Washington, DC	US
S1-542587340	Esme Lock Mountain Melar	W4960 A, Town Of Springwater, WI	US
S1-937552955	Wellwin Agri (India) Company	Flat No. 301, Majonita Paradise Dattatreya Nagar Dattatreya Colony, Asif Nagar, Hyderabad, Telangana	India
S1-323520196	Jai Industries Private Limited	A-002/157 Site 5 Kasna Ind Area Greater Noida, Noida, Gautam Buddha Nagar, Uttar Pradesh	India
S1-858227616	Neo Entrepreneurs Limited	Sundargarh, Rourkela, Orissa, Opp. Of Employment Exchange Uditnagar	India
S1-796733444	Sa Baba Private Limited	Bg- 297, Sanjay Gandhi Transport Centre G. T. Karnal Bypass Road, New Delhi, Delhi	India
S1-757997721	Izabel Mueller Horizon Arrow Inc	907 4th Street, Marion, IN	US
S1-578422855	Shakti Galaxy Engineering Private Limited	A-133, Gokul Township, Nr. Rameswar Vidyalaya, Vadodara, Gujarat	India
S1-997453209	XW Maritime LLC	WI, 1310 Buttercup Avenue, Town Of Big Flats	US
S1-161855676	Clyio Tailwind PLLC	1909 Montclair Avenue, Norfolk City, VA	US
S1-516734255	Donnie Gabriel Fitness	3531 Maris Way, Humble, TX	US
S1-175886807	Massingale, Overton & Quint Charlton Inc	8418 Carol Street, Niles, IL	US
S1-967754583	Glyphyx Union LLC	838 Murray Avenue, Columbus, OH	US
S1-594186534	Aask Welfare Society Corporation	Bihar, Nawab Chak, Gaya, Gurua, Gaya	India
S1-807344474	Bree's Unified Coffee	MT, 142 Beacon Hill Road, Wibaux	US
S1-530787440	Bangalore Realty Private Limited	Survey No. 93/04, Near Matkal Hotel Ksca Stadium Road, Aluru Village, Dasana, Pura Hobli, Bangalore, Karnataka	India
S1-45977800	Big Urban International Pvt Ltd	C/O Sri.M.Sukandaraju, 7 Rashmi Nilaya Ramagondanahalli, Whitefield, Bengaluru, Bangalore, Karnataka	India
S1-220960646	Martin Bay Living, Inc	8030 Bancroft Street, Toledo, OH	US
S1-236521895	Mookambigai Legal Limited	H. No. 1759, Wright Town, Jabalpur, Madhya Pradesh	India
S1-31060829	Headrick & Johnson Artificial Inc	1996 Stone Creek Drive, West Valley City, UT	US
S1-362255327	Services Kohinoor Outdoors Private Limited	No 81, 80 Feet Road, Devasandra Layout, Bangalore North, Bangalore, Karnataka	India
S1-58939469	Raj Toughened Pvt. Ltd.	Flat No. 501, Plot No. 44B, Cts 116B, Swojas House, Prabhat Rd, Erandwane, Pune City, Pune, Maharashtra	India
S1-386550076	Allied Tidewater	617 Jefferson Street, Toulon, IL	US
S1-526135254	Dth Sangh	72A, Plot No. 47, Friends Tower Sector- 9, Rohini, Delhi, North West, Delhi	India
S1-460075618	East Hospitality Pvt Ltd	1St Floor, Put No. 108- In- 15- A-44/10472 F/F West Extn Area, Karol Bagh, Delhi, North Delhi, Delhi	India
S1-937603567	Urology Care, Inc	18 Palo Duro Club Road, Canyon, TX	US
S1-50664386	Shyam Land Private Limited	8 Lyons Range5Th Floor, Kolkata, Calcutta, West Bengal	India
S1-199273099	Direct Mobility Consultants	1700 Cr 600, Baltic, OH	US
S1-877729855	Meeks Tri-State Brown	78 Faunce Corner Mall Road, Unit 560, Dartmouth, MA	US
S1-452089311	EP Multi Associates	Mumbai, Maharashtra, 806-B Empire Mahal Khodadad Circle Dadar, Mumbai	India
S1-599163448	Ponce, Martin and Flores Cleaning Service Corp	410 Hawthorne View Court, Fuquay-varina, NC	US
S1-554532968	Physical Therapy Silver Partners LLC	303 Hwy 143, Roan Mountain, TN	US
S1-103306793	Swastik Management	Flat No. 1006, 10Th Floor Block C, Hig Flats, Sec 29, Rohini, Delhi, West Delhi, Delhi	India
S1-924015119	Edwards Interstate Babcock LLC	6115 Liverpool Lane, Fairfax County, VA	US
S1-516772918	New Exports Private Limited	#72, Shanthi Nagar, S M Nagar Post, Avadi, Chennai, Thiruvallur, Tamil Nadu	India
S1-942166407	Swap Marbles Private Limited	A-2/53, (Second Floor), Sector-16, Rohini, Delhi, North West, Delhi	India
S1-825686078	Hebert Best Security Services	1844 Viewcrest Drive, Dallas, TX	US
S1-487319583	Fafloix Evo	1518 Wolf Valley Road, Heiskell, TN	US
S1-768558896	Advika Clinic Pvt Ltd	Flat No A-404, Celesta Iggaluru Village, Bangalore South, Bangalore, Karnataka	India
S1-536332139	Prairie Piedmont Loan, Inc	2050 Tr 232, Van Buren, OH	US
S1-505577989	Ear Nose & Throat Precision Health Corp	306 Park Ridge Circle, Unit K, Winston-salem, NC	US
S1-222606235	Integrated Apex Surgical Inc	22318 Forest Loop Road, Granite Falls, WA	US
S1-54863707	Quality Wholesale Brands	8612 Powder Horn Road, Fairfax County, VA	US
S1-272031218	Halcex Sky	12153 Laflin Street, Chicago, IL	US
S1-353683929	Walton Biotech, LLC	2 Rosedale Street, Brookhaven, NY	US
S1-847734465	Trusted Printing Labs Corp	981 96th Street, Town Of Lincoln, WI	US
S1-856217231	Total American Artificial LLC	100 Beaver Brook Road, Danbury, CT	US
S1-127885960	Hotel Healthcare Private Limited	Bangalore, 1St A Cross Bda Layout, Bangalore, Karnataka, #200	India
S1-803234630	Viviana Roos Renewable	5010 Broadmoor Road, Baltimore, MD	US
S1-763450941	Nair's Bakery	643 Casper Road, Rio Rancho, NM	US
S1-238524174	Commission on Aging PLLC	1061 903, Roanoke Rapids, NC	US
S1-416542129	Greensboro First Works LLC	166 Thatcher Road, Unit A, Greensboro, NC	US
S1-254481790	Y 5 Rapid Maintenance Inc	8220 Harvest Bend Lane, Unit 43, Laurel, MD	US
S1-239366299	Dawnay Caterers Pvt Ltd	House No 1, Plot No 1, Block B Vijay Vihar Ph-2, Rohini, Delhi, North West, Delhi	India
S1-748671581	Aponte Optimal Stock Inc	6717 Gilette Drive, Reynoldsburg, OH	US
S1-455565134	All Marketing Private Limited	302 2Nd Floor, Bhera Enclave, Paschim Vihar, New Delhi, West Delhi, Delhi	India
S1-733062715	Frontier Management	1206 Curtiss Ave, Ames, IA	US
S1-4695272	Simra Space (India) Private Limited	3/1, Madras Chawl, Plot S-42/2, Tank Rd, Inamdar Est Marve Rd, Orlem, Near Dream Palace Hotel, Malad West, Mumbai City, Maharashtra	India
S1-751662881	Optneque Capital LLC	5813 Moosehorn Lane, Rockford, IL	US
S1-741216428	Crawford Learning Center	2630 Georgetown Road, Baltimore, MD	US
S1-828207505	Essel (India) Boards Private Limited	401, Suncity Trade Tower, Sector 21, Gurugram, Haryana, Industrial Complex Dundahera, Gurgaon, Haryana	India
S1-557108589	Cedeno Heritage Architecture Inc	59 Payne Whitney Lane, North Hempstead, NY	US
S1-379895859	HYG Vanguard Spruce Inc	205 Cherry Street, Shrewsbury, MA	US
S1-540247864	Marcella Phillips Gsr LLC	2764 Sherwood Drive, Mobile, AL	US
S1-580050547	West Illinois LLC	5771 Linda Drive, Marcy, NY	US
S1-730782295	Select Supply Studios Corp	NC, 5416 Hughes Drive, Charlotte	US
S1-545789017	Jessie's Summit Motors Group	Moses Lake, 1425 Craig Street, WA	US
S1-626101414	Vaayuam Cinemas Pvt Ltd	Uttar Pradesh, A 351 Govindpuram, Ghaziabad	India
S1-74849781	Total Marketing, LLC	2843 Minnesota Avenue, Topeka, KS	US
S1-61829385	Raex Capital Partners LLC	Jamestown, OH, 835 Quarry Road	US
S1-90000376	Shivam & Partners Co	Ah 177, 179, 181 & 183, 4Th Avenue, Shanthi Colony, Egmore Nungambakkam, Chennai, Tamil Nadu	India
S1-434667598	All Premier Software Private Limited	645A/070, Janakivihar, Jankipuram, Lucknow, Uttar Pradesh	India
S1-223888517	Macrae Certified Summit Corp	568 Bethlehem Pike, Whitemarsh Township, PA	US
S1-78361034	Green Estate	H. No. 13A, Abchal Nagar, Chander Vihar Nilothi Extension, New Delhi, Delhi	India
S1-997580527	Lassetter Cion LLC	17319 Cr 6, Coshocton, OH	US
S1-169218853	Coimbatore Tile LLP	D. No 33/13. P.P.S Colony Anna Nagar, Peelamedu, Cbe, Coimbatore, Tamil Nadu	India
S1-879071077	Smart Infotech Private Limited	Bhel Mig 4054, Vidyuthnagar Ramachandrapuram Muncipality, Hyderabad, Medak, Telangana	India
S1-181105164	Bucher Innovative Tax Service Inc.	816 Greenland Drive, Fayetteville, NC	US
S1-509884003	Halcance Ligand Inc	121 Westwood Lane, Huntington, WV	US
S1-681516850	Ammamaria Sablan Electric	601 12th Street, Unit Apt 11, Fort Smith, AR	US
S1-131001202	Value Chemical Technologies LLC	1529 Battlefield Road, Springfield, MO	US
S1-534154706	Doe Grand Design	453 Hite Street, Morgantown, WV	US
S1-830337735	Bitner & Tavernier Insight LLC	26090 Walker Road, Millsboro, DE	US
S1-627999780	Sunrise Infotech Private Limited	Flat No D-5 Sri Harsha Residency, Nagarjuna Street, A, Shok Nagar, Eluru, West Godavari, Andhra Pradesh	India
S1-551703403	Better Health Group	408 E Fir Ave, Fergus Falls, MN	US
S1-503306856	Golden Agro Private Limited	703, 7F, Sector 16, Mg Road, Palam Court, Industrial Estate, Gurgaon, Haryana	India
S1-626589593	T+ Income LLC	2532 2nd Avenue, Town Of Campbell, WI	US
S1-826623152	Fortune Academy	Q-20, Laxminagar, Nagpur, Maharashtra	India
S1-468587690	Bmk Memorial Trust	Jaipur, Raghunath Vihar Sirsi, Plot No. 42, Jaipur, Rajasthan	India
S1-526828096	Bhasker Iron Pvt Ltd	Delhi, South Delhi, New Delhi, L-83-C Saket	India
S1-83794087	Claretta's Prime Pharmaceuticals	Winamac, IN, 526 Summit Street	US
S1-23697347	Leach Capstone	1713 Taylor Gaines Street, Austin, TX	US
S1-448467370	Mohammed, Gilbertine P., Ph.D.	1722 Liberty Lane, City Of Janesville, WI	US
S1-520326187	Namokar Drugs Private Limited	Pandey Road, Delhi, Vishwas Nagar, 496 E/11 A, Delhi	India
S1-662057491	Ardoin, Long and Vessels Templeton	20668 Mabel Street, Beaverton, OR	US
S1-50961247	Papa Consultancy	H. No -92 Ground Floor, Satya Niketan Delhi, New Delhi, Delhi	India
S1-854124606	Heart Institute	413 Lion Drive, Unit 210, Leander, TX	US
S1-137261545	Zorina's Therapy	CA, Sacramento, 3212 Norstrom Way	US
S1-982023557	Qulinet Debt Inc	18 Belden Court, New London, CT	US
S1-297811391	VYY Mutual Limited	5 Ladenla Road, Darjeeling, West Bengal	India
S1-909130738	Lyrial Urban LLC	471 AA80 Road, Fall River, KS	US
S1-690175609	Garner, Stuart and Michael Inc	2212 Heather Lane, Bryans Road, MD	US
S1-125541725	My Investments Pvt Ltd	53/443, Zeena, Payyambalam, Kannur, Pm32/110/A, Kannur, Kerala	India
S1-828656483	YW Gas Inc.	185 Morning Star Lane, Christiansburg Town, VA	US
S1-259687087	Interstate Ministries	AZ, 3433 Campbell Avenue, Phoenix	US
S1-173286870	Modern Wireless Corporation	49 Kensington Parkway, Abingdon, MD	US
S1-426160288	Jeffers & Smith LLC	4752 Woods Edge Lane, Muncie, IN	US
S1-558876005	Hms Consulting	H No 12, Mujawar Galli, Houde Galli, At Post Dudhani, Taluka Akkalkoat Distr, Ict Solapu, Akkalkot, Solapur, Maharashtra	India
S1-998104207	RT Cotex Corporation	C/O 37C/1A/5C, Newada, Allahabad, Allahabad, Uttar Pradesh	India
S1-833152167	Foot & Ankle Specialists	4684 Briargate Court, Fl 0, Park City, KS	US
S1-787976221	Cogswell All Perimeter	Newton, 102 Central Avenue, MA	US
S1-479333266	Liix	WV, 599 Bear Woods Road, Mount Storm	US
S1-993377455	Safe Hospitality Partners LLC	14424 Black Mountain Place, Victorville, CA	US
S1-795410914	Alegra Lal Private Limited	West Bengal, 2Nd Floor, Ganga Sadan Apartment Upper Gurung Basty, Pradhan Nagar, Siliguri, Darjeeling	India
S1-867564996	Keystone Allied Canadian	6506 Mona Vista Drive, Houston, TX	US
S1-670576094	Stepp & Haley LLC	2111 Island Drive, Fl 1, Olympia, WA	US
S1-414640799	Metropolitan Value Dividend Inc	13373 Rio Boulevard, Unit 3322, Peoria, AZ	US
S1-708178192	Indian (India) Gaming Private Limited	Sahara Commercial Complex G. T. Road (W), Kumarpur, Asansol, West Bengal	India
S1-195839862	Construction Ideaz Papers Private Limited	Building No.4/606, Prabhul Cottage Karimbalur, Elakamon, Ayiroor P.O., Thiruvananthapuram, Trivandrum, Kerala	India
S1-395373997	Doroteya's Clear Supply	1510 196th Street, Lynnwood, WA	US
S1-202309756	Clear Newbridge LP	1516 Gray Station Sulphur Spgs Road, Jonesborough, TN	US
S1-539955901	HJW Multicon Pvt Ltd	Villa No.88 Rainbow Gh 1, Ashadeep Kings Court, Jaipur, Rajasthan	India
S1-294884962	Silver Net LLC	2121 Addison Street, Chicago, IL	US
S1-421140629	Sunderland Baptist Association	248 Amherst Road, Unit 7C, Sunderland, MA	US
S1-337298309	Pinnacle LLC	2160 Wilmington Drive, Conway, AR	US
S1-331497465	Shreyas Sangh	Nn18826/A/15, Durganagar, Ameerpet, Hyderabad, Telangana	India
S1-352549332	Admire College	402, Scheme No. 103 Kesar Bagh Road Shanti Heritage, Indore, Indore, Madhya Pradesh	India
S1-772411165	Martinez Clean Industries LLC	Russellville, MO, 12960 C	US
S1-625991986	Hinds Imperii Inc	1708 Morningside Drive, Shelbyville, IN	US
S1-155714047	Children's Summit Alliance Inc.	15 Catalpa Lane, Hempstead, NY	US
S1-918368145	UCL Consulting Limited	#24 Sy #139, Shop #3&4, Gear Schl Rd Doddakannahalli, Sarjapura Main Rd, Bengaluru, Bangalore Rural, Karnataka	India
S1-113946951	Massif Clinic Corporation	Ward No.8, H. No.1585/5, Sangali Road Ichalkaranji, Hatkanangle, Kolhapur, Maharashtra	India
S1-589476519	Young Legacy Block	2771 Court Street, Sioux City, IA	US
S1-310945402	Smart Robotics Labs LLC	1 Marie Court, Ballwin, MO	US
S1-676389237	DKD Better Idea	182 Cottonwood Drive, Toquerville City, UT	US
S1-51413507	A Bright Marketing Inc	NY, 15 Debbie Lane, Westhampton Beach	US
S1-85373261	Beacon Prime Wellness Inc	99 Park Avenue, Unit Apartment 110, Rockville Centre, NY	US
S1-880799200	Vision Sterling Medicine Inc	4234 Shamrock Road, Marianna, FL, Unit UNIT A	US
S1-809138928	Chiropractic Partners LLC	506 Overhill Road, Plymouth Township, PA	US
S1-39113532	EVL Shipping Private Limited	C/O Om Prakash Malakar, Tola-Kahara Panchdhabauli, Patarghat, Saharsa, Bihar	India
S1-11741317	Debor's Elite Advisors	939 Eleventh Street, City Of Beloit, WI	US
S1-268177461	Family Custom Associates LLC	313 Roselle Court, Unit I, Raleigh, NC	US
S1-171050433	Holy Baptist Church	110 Lewis Street, Bridgeport, CT	US
S1-157938668	Future Agro Private Limited	1St-Fr;Fl-1A 203 Jogendra, Gardens Lp-110/7/6/8/5/2, Kolkata, Kolkata, Howrah, West Bengal	India
S1-147366289	Sankalp Public School Private Limited	2/2 Saini Bhavan, Amar Himachal Chs Ltd, G M Road, Pestom Sagar, Chembur, Mumbai, Mumbai City, Maharashtra	India
S1-413252093	Baba Management Private Limited	Akanadkoovappady Perumbavoor, Ernakulam, Kerala	India
S1-211866533	Nauman Dental Associates Inc.	15503 Washington Street, Unit #C, Sumner, WA	US
S1-113302974	Mccoy Junction Private Limited	C-41, Udyog Kunj, Panki Site - 5, Dada Nagar, Kanpur Nagar, Uttar Pradesh	India
S1-9730963	Optimal Intelligence Innovations, LLC	631 Holmes Avenue, Lima, OH	US
S1-770250742	Rds Centre Limited	Shukan 1 Flat B 402, Near Amit Nagar Circle, Vadodara, Gujarat	India
S1-16731525	Platinum Wireless Union Inc	307 Village Woods, Waitsfield, VT	US
S1-793904845	Solutions Beas Dealtrade of Kolkata	236A, Acharya Jagdish Chandra Bose Road, Kolkata, Kolkata, Howrah, West Bengal	India
S1-611224425	Majestic Tools Pvt. Ltd.	Tamil Nadu, Sf No. 297/1Ab, Coimbatore, Mettupalayam, Site No.26, Selvalakshmipuram, Kannampalayam	India
S1-465650585	Fleming, Hargrove and Horne Inc	2979 Chevelon Drive, San Tan Valley, AZ	US
S1-606201145	Deneum Metal Works LLC	611 Rose Avenue, Oxnard, CA	US
S1-438115387	Indo Investment Private Limited	H. No. 56, Front Portion, Ground Floor Block 7, South Patel Nagar, Delhi, West Delhi, Delhi	India
S1-810086292	Moseley Metro Oneim LLC	2368 Ansley Street, Alliance, OH	US
S1-16352946	Grand Bancorp Inc	20507 Stable Door Court, Tomball, TX	US
S1-605603664	North Developers Private Limited	Door No. 33/2910 L3, Tower 1 1103, Empress Garden, Vennala, Ernakulam, Kerala	India
S1-857232066	Ayra Traders Pvt Ltd	No. 2-131, Gulbarga, Karnataka, Opp. Hasnapur Camp, Post Divalgudda, Shorapur, Yadgir	India
S1-30076236	Solutions Grace Network Private Limited	4Th Floor, The Kode Building S.No.134/1/38, C.T.S No.2265 To 2273 Pashan Baner Link Road, Haveli, Pune, Maharashtra	India
S1-425713334	NY Gases Company	402 &403 V Roadmanstala Dasnagar, Howrah, West Bengal	India
S1-883760053	Health Fellowship	13505 Van Hollen Road, Manor, TX	US
S1-287054505	Marketing Source Crusher Private Limited	1602, Limona Tower No. 2, Runwal Anthurium, Lbs Marg, Veena Nagar, Mulund (W), Mumbai, Maharashtra	India
S1-60889636	Shiv Software Private Limited	S No. 45/3/3 Pisoli Nr Mango Tree, Pune, Maharashtra	India
S1-994289509	Mits Infra Private Limited	Sf - 02, New Delhi, Plot No. Pvt-8 & 9 Kh. No 480 & 481, 2Nd Floor, Shakti Enclave Extended Villa, Ge, Burari, New Delhi, Delhi	India
S1-37010047	Chunnilal Brothers Private Limited	Mumbai, Maharashtra, Clover, Dosti Acres, Antop Hill, Mumbai, 302	India
S1-530155270	Lakshmi Systems Private Limited	Plot No.G1-144, Riico Growth Centre, Phase-Ii, Maval, Abu Road, Sirohi, Rajasthan	India
S1-151151625	Earth Bank Ltd	8-1-398/Pm/181 Paramount Colony, Tolichowki, Hyderabad, Telangana	India
S1-954250720	Bastion Care	932 Mary Lane, Village Of Lomira, WI	US
S1-37324680	Christ Fellowship PC	174 Batten Ridge Drive, Statesville, NC	US
S1-263094153	Engineering La Sb Private Limited	S No13, 14, 21 / 25 To 21 / 31, Ganeesham Wing - D, Flat No -1104, Pimple Saudagar, Pune, Maharashtra	India
S1-541654180	Reliable Packaging LLC	TX, 109 Woodwind Drive, Victoria	US
S1-667145931	Pediatric Dentistry Group	7120 Lake Shore Drive, Richfield, MN	US
S1-321332435	Orthopedic Associates	3411 Avenue D Street, Arlington, TX	US
S1-927854073	Dm Event Limited	Flat No. 4A Keya Apartments 6A Keyatala Road, Kolkata, Howrah, West Bengal	India
S1-107269958	Star Consultancy Private Limited	Sr No 126/1A/1/1 Near Sugam Vishwa Building Aakash Nagar, Warje, Pune, Maharashtra	India
S1-566860986	Tss Semiconductors Private Limited	Hn.3145 Vivek Nagar, Sultanpur, Lucknow, Uttar Pradesh	India
S1-300337440	Womens Health Unified Medicine	7969 Madison Avenue, Unit APT 1006, Citrus Heights, CA	US
S1-532990420	Strom's Automotive	944 Benton Avenue, Naperville, IL	US
S1-577816545	Effinger & Bischoff Crane LLC	156 Coates Avenue, Brookhaven, NY	US
S1-322920900	Gems (India) Cleantech	C/O Ajay Kr, Vill Panch Paighambarpur, Chapra, Saran, Bihar	India
S1-569807954	Soma Developers Ltd	C/O Giriraj Sisodiya, Ab, Rd, Bhd. Nityanand Ashram, Shajapur, Madhya Pradesh	India
S1-373541788	Green Global Pvt Ltd	Parbati Bhaban S B Gorai Road, Near Sd Hospital, Asansol, Bardhaman, West Bengal	India
S1-171679630	Health Fund	14 Raintree Ridge, Mound City, KS	US
S1-116338782	Rocky Ministries Corp	1026 1/2 Bridge Street, Unit 1/2, Columbia, TN	US
S1-636483245	Empire Cafe Group	5602 Langford Bay Road, Chestertown, MD	US
S1-843338624	Quality Infrastructure Ventures	NC, Winston-salem, 2990 Walnut Forest Court, Unit M	US
S1-306067385	Advanced Creative Consultants LP	2031 Brooks Drive, Unit 825, District Heights, MD	US
S1-198976905	Diane Arechiga Metropolitan Bny Group	227 Central Street, Watertown, NY	US
S1-990732792	Holy Cathedral	6899 Woodland Drive, Great Valley, NY	US
S1-206382010	Unified Creative Enterprises Inc.	3337 Big Ridge Road, Ogden, NY	US
S1-33095118	Burns & Lin Inc	3561 Purdue Street, Cincinnati, OH	US
S1-876163303	ID All Nippon	129 Hardaway Point, Clayton, NC	US
S1-691965140	KI World Private Limited	Plot No 9, 10, 16 & 17, Sy No 41/12 & 13, Khanamet, Opp. Minakshi Towers, Hitech C, Ity Road, Hyderabad, Rangareddy, Telangana	India
S1-284614222	Day Trading Private Limited	House No.808, Khoo Amritsar, Sant Nagar, Sirsa, Sirsa, Haryana	India
S1-300333587	Sargam (India) India LLP	Plot No 36, Door No 18 Mahalakshmi Nagar 3Rd Main Road, Adambakkam, Chennai, Tamil Nadu	India
S1-914085585	Oncology Associates	1221 Gibson Drive, Melissa, TX	US
S1-261526434	Vision Technologies Private Limited	Bangur Avenue, Block-B, 4Th Floor, West Bengal, Howrah, Kolkata, P-51	India
S1-35357200	Hanna & Gan, LLC	1617 56th Street, Lubbock, TX	US
S1-545716889	Indo Tech	Flat No 7, 4Th Floor, Paramount Everglades, 43 44 Velachery Main Road, Narayanapuram, Pall, Ikaranai, Chennai, Tamil Nadu	India
S1-10802286	814-815 South Owners Corp	NC, 218 Lovelace Road, Forest City	US
S1-602458726	Creative Fortune Construction Private Limited	5 Sultanpurestate Mehrauli, New Delhi, South Delhi, Delhi	India
S1-711902003	Bay Companies	Springfield, 62 Dawn Drive, IL	US
S1-465273419	Oncology Health	508 Carter Drive, Siloam Springs, AR	US
S1-686082552	Opera House Transport Private Limited	76, Jagannath Shanker Sheth Road, Opera House, Mumbai, Maharashtra	India
S1-149615573	Liberty Network	Portsmouth City, 175 Choate Street, VA	US
S1-258219656	American Australian Inc	2500 E, Bldg Building Class Room, Saint Anthony, MN	US
S1-959341593	Timber Shipping	318 Pryor Avenue, Salisbury, MD	US
S1-52007524	Fink Oak LLC	4901 304, Grandview, TX	US
S1-609078379	Navarro Flagstar Inc	1570 County Road 3202, Clarksville, TX	US
S1-812367382	Rapid Robotics Worldwide, Inc.	848 Northwest Highway, Fox River Grove, IL	US
S1-399792181	Pediatric Dentistry Health of Somerville PLLC	Somerville, MA, 15 B Mossland Street	US
S1-393194393	Industries Pms Informatics Pvt Ltd	Pl No.65, Sambandam Nagar, Tamil Nadu, Kundrathur, Chennai	India
S1-148070989	Mer India Private Limited	Kerala, Swasti Aspada Buildings, Muppaikkadu, Moolavattom, Kottayam, 30/302A, Kottayam	India
S1-261315820	Crown Web Private Limited	Hyderabad, Plot No 22, Telangana, Risala Bazar, Banjara Village Colony, Bolarum, Tirumalagiri	India
S1-930476840	Alewine South	19 Chester Road, Darien, CT	US
S1-294060518	Basil & Brothers Private Limited	P-1/4 Garia Park, Kolkata, South 24 Parganas, West Bengal	India
S1-283001233	Patriot Interests PC	54111 Northwood Drive, Elkhart, IN	US
S1-39077261	Fidelity Jensen Better Engineering P.C.	1053 Ann Street, Mobile, AL	US
S1-592932666	New Solutions Private Limited	Plot No. 13, Smart City, Sector-26A, Haibatpur, Jind, Haryana	India
S1-168430499	All Services Private Limited	M.K. Das Road, Darjeeling, Milanpally Station Feeder Road, P.O. & P.S.Siliguri, Darjeeling, West Bengal	India
S1-487415454	Supreme All Greenfire	2251 1264, TX, Pittsburg	US
S1-262802765	Optimal Certified General	5949 Charter Oak Road, Phoenix, AZ	US
S1-950123559	Zephyr	2065 Guesses Fork Road, VA, Buchanan County	US
S1-955917454	Eastern Vijay Trading Limited	902/290, Gali No. 4 Shalimar Village, Delhi, North Delhi, Delhi	India
S1-150030021	Mbk Ventures Pvt. Ltd.	Plot No. 99, Opp. Gayatri Mandir, Vasta Devdi Road, Katargam, Surat, Gujarat	India
S1-505704449	Raja & Sons Co	C/O- Md. Faruk Uddin, Bamunmura, Badu, Barasat, Barasat - I, North 24 Parganas, West Bengal	India
S1-444044311	Meagan T. Seals, D.C., M.D., P.C.	Gloucester, MA, 16 Essex Street	US
S1-568219757	Seven Infra	907, Silver Trade Center, Opp. Utran Power House, Near Oxygen Garden, Chorasi, Surat, Gujarat	India
S1-740692047	All Fusion LLC	20685 Concord Street, Elk River, MN	US
S1-170780445	Aguinaga Archimedes Inc	3826 162nd Street, Cleveland, OH	US
S1-288282737	Joint For	B-40-A, First Floor, Abul, Fazal Enclave-1, Okhla, New Delhi, South Delhi, Delhi	India
S1-578335626	Peak Advanced Tpg L.L.C.	IN, 7012 Glen Court, Mooresville	US
S1-198579479	Wiechmann Kongsberg	18650 91st Avenue, Unit 901, Peoria, AZ	US
S1-128777239	Ghaziabad Machinery Private Limited	D-606, Ghaziabad, Uttar Pradesh, Ghaziabad, Nandgram D-606, Nandgram, Gzb	India
S1-83082021	Taylor Islands, LLC	MD, 107 Bishops Lane, Catonsville	US
S1-822087158	Bhopal Consultancy Limited	39, Old Ashoka Garden, Near Church, Raisen Road, Bhopal, Madhya Pradesh	India
S1-285325876	Nevarez, Labarge and Woods Horse LLC	5540 Atlantic Crossing Drive, Raleigh, NC	US
S1-643363070	Maa Hospitality Private Limited	D-704, Keerthi Royal Palm, Service Roadlavakusha, Bangalore South, Bangalore, Karnataka	India
S1-683519842	Reliable Apparel Brands Center	South Bend, 1234 Eddy Street, IN, Unit 437	US
S1-25566591	Bay Lloyds	6701 Vilamoura Way, Elk Grove, CA	US
S1-574290592	Ventures Shiksha Industries	Khasra No. 182, 183 And 990, Vill Kamlabad, Barauli, Bkt, Lucknow, Uttar Pradesh	India
S1-673320160	Kew Foods Private Limited	Adampur, Bhopal, Madhya Pradesh	India
S1-104847486	Eye Associates Inc.	6515 Belcrest Road, Unit 1103, Hyattsville, MD	US
S1-86109236	Division of Buildings Partners	10515 Lake Drive, Independence, MO	US
S1-271817074	Horizon LLC	106 Hampton Vista Drive, Brookhaven, NY	US
S1-241715554	Interstate Academy Inc.	98 Odnr Road, Wilmington, OH	US
S1-121717159	Beacon Rapid Grid	226 Como Avenue, Columbus, OH	US
S1-968410007	Bee, Muller and Hirschfeld Telecommunication LLC	243 Norwood Hollow Road, Banner Elk, NC	US
S1-952825621	Twisted Auto Body LLC	1428 Yorkshire Street, TX, Fort Worth	US
S1-56293059	Labdhi Engineers Private Limited	Regus Midtown, Level-1, Midtown Road. No: - 1, Banjara Hills, Hyderabad, Telangana	India
S1-970720582	Classic Electronics Technologies	1239 Tillerman Place, Fl 0, Curtis Bay, MD	US
S1-138351920	Balaji Pioneer Consultancy Pvt Ltd	F 802, 8Th Floor, Block -I, Mhb, Sy No-83/1, Raidurgam, Seri Lingampally, K.V.Rangareddy, Telangana	India
S1-234344738	Maid Tattoo	Fl 1, 430 Ferry Road, Shady Cove, OR	US
S1-632397783	Shakti It Private Limited	3Rd Floor, V- 7, Red, Cross Road, Mie Part - B, Bahadurgarh, Jhajjar, Haryana	India
S1-997417869	Achyut Church Private Limited	Surat, 533, Vyara, Pati Faliya, Village Padamdungari, Gujarat	India
S1-661944690	Perfect Producer Private Limited	6/A Wing 4Th Floor Wellington Terrace, Marine Lines East Dhobi Talao, Mumbai, Maharashtra	India
S1-746775133	Community Platinum Center Group	Danville, 2392 198, AL	US
S1-819543364	XD Allied Total Inc	34137 Eureka Avenue, Yucaipa, CA	US
S1-703424788	QK Horeca Private Limited	A-46, New Empire Industrial Estate, Kondivita Road Near Pidilite, Andheri (East), Mumbai, Mumbai City, Maharashtra	India
S1-371733566	Flame Farmer (India) Private Limited	24/4 Tilak Nagar, Delhi, New Delhi, West Delhi	India
S1-40155311	Orthopedic Specialists, LLC	NY, Brooklyn, 1250 St Johns Place	US
S1-92120184	Clear Insurance Brands LLC	419 Elm Street, Deshler, OH	US
S1-784144577	Guru Services Private Limited	18, Ramashree Arcadeii Floor, M.G. Road, Bangalore, Karnataka	India
S1-587161179	Nunez Steers	2532 Cattail Lane, Carrollton, TX	US
S1-398663439	Economic Development Society	314 Third Street, Frederick, MD	US
S1-21780781	Digital Tech Private Limited	Dream Valley, Bangla No 57, Nowgong, Chhatarpur, Madhya Pradesh	India
S1-586838523	Hernandez & Wade Charles	18924 Evans Street, Douglas County, NE	US
S1-129039131	Bures Enterprises	310 Hill Drive, Avondale, AZ	US
S1-242866750	Craft Can Inc	2309 9th Street, TX, Austin	US
S1-872308392	Tulshan Brothers	Kerala, Anugraha Lane, Vyshali, Ernakulam, Door No: 33/274 F	India
S1-255499373	Viola Nursing Home	01, Osho Drive Gadaipur Road, New Delhi, Delhi	India
S1-848842697	Torres Taxable Inc	186 Sugarhill Lane, Hartford, VT	US
S1-511919719	Gretel Williams, D.D.S., DDS PC	50 Norwood Street, Unit 10, Everett, MA	US
S1-328457172	Smart Peak Broadband	17 Buchanan Court, Stafford County, VA	US
S1-439286885	Nexeus Oxley LLC	2068 Valentine Avenue, Bronx, NY	US
S1-173485321	Cornerstone Carlyle Inc	647 Beulahtown Road, Kenly, NC	US
S1-717996570	Gresh College	22 June Street Terrace, Worcester, MA	US
S1-971347092	Smith Trust LLC	NY, 33 Reeves Road, Barton	US
S1-249017096	Kenai Peninsula Borough Foot & Ankle Complete Care Inc	547 Funny River Road, Unit B, Kenai Peninsula Borough, AK	US
S1-360795448	Department of Health	464 Howard Hill Road, Newark Valley, NY	US
S1-465550887	Annapurna Contractors Private Limited	Door No. 1/169-F, Vattakulammala Road, Neyyattinkara, Thiruvananthapuram, Trivandrum, Kerala	India
S1-103632546	Mayur Brothers Pvt. Ltd.	Room No 4, Thane, 1St Floor Veer Savrkar Road, Maharashtra, Paulomi Apartments	India
S1-511261394	Kausar & Brothers Ltd	Hanskhali, Nadia, West Bengal, Dakshin Para Das Para, C/O-Lt Tarapada Das	India
S1-90870679	Commercial Staffing Systems LLC	Kelso, 1611 2nd Avenue, WA	US
S1-844547263	Cureton, England & Huang LLC	2506 Rolling Hill Drive, Melissa, TX	US
S1-888060452	Mpj Hospital	C/Otwenty Onecenturystudiofacility P Ltd Plot No. 3, Rs/Lr Dag No.4, Mouza Malancha, Padmapukur, Bhangar, Parganas South, West Bengal	India
S1-285470607	Marnia Stanley, DPM	6720 Shepherd Road, Shepherd, MT	US
S1-800871050	Paon PC	3409 Wittfield Street, Indianapolis, IN	US
S1-130161681	Swayambhu & Co	Plot No. 134, Sector 20, Krushna Nagar, Chinchwad, Pune, Maharashtra	India
S1-424550021	Gaskins and Jeffords	18 Olcott Avenue, Unit Apartment 1, Buffalo, NY	US
S1-766065023	Colonial Institute Clinic	14460 White Top View, Washington County, VA	US
S1-579198414	Baba Sky Hospitality Pvt Ltd	Pulkal Mandal, Jogipet, H No 2-37, Medak, Telangana	India
S1-206149330	Blue Consultants Private Limited	302 Mahakant Complex Opp V S Hospital Ellisbridge, Ahmedabad, Gujarat	India
S1-316021079	Arihant Investments Pvt Ltd	5 Clive Row 3Rd Floorr No 73 P S Burrah Bazar, Kolkata, Calcutta, West Bengal	India
S1-92032536	Bionics Assurance Private Limited	A-901, La Lagune, Golf Course Road Sector-54, Gurgaon, Haryana	India
S1-729903138	Developers Green Multicom Limited	C/O Ghanshyam Yadav H.No. 256 Village & Po.- Godsara Kurda, Basti, Uttar Pradesh	India
S1-893975055	Sirius Purpose	3436 Sierra Springs Drive, Tucson, AZ	US
S1-544555328	Whitlock Clean Pineapple Inc	1431 Cullumber Street, Gilbert, AZ	US
S1-876053412	Smart Heartland Crane LLC	23423 119th Avenue, Kent, WA	US
S1-998662054	Unique Indo It Private Limited	2 G C Avenue, Room No 3 Room No 3, Kolkata, Howrah, West Bengal	India
S1-76459107	Chiropractic Silver Health Group	2057 Norton Lane, North Bloomfield, OH	US
S1-846164663	Hanjer Foundation	A/25 Nayapalli Nilakantha Nagar, Bhubaneswar, Puri, Orissa	India
S1-603053370	Clean Water	5017 Southmill Drive, Hope Mills, NC	US
S1-230468573	Innovative Investments Private Limited	C/O Shashikanth Mk, # 2, 3 Flr, Prime Saai Comfort, 2Main, 11Cros Annapurneswarinagar, Bangalore, Karnataka	India
S1-54814308	International Surya Healthcare Private Limited	No6 Cth Road, Modern City, Hindu College, Poonamallee, Tiruvallur, Tamil Nadu	India
S1-226517513	Strategic Business Enterprises	365 800, Unit 8, Salt Lake City, UT	US
S1-487231713	Creative Equity Group	380 Jim Hennessee Road, Sparta, TN	US
S1-840985760	C-Scheme (india) Private Limited	4, Vivekanand Marg, C-Scheme, Jaipur, Rajasthan	India
S1-841516809	PRU Exports Ltd	4, Mahi Rupaji Pagi Chawl, Seva Nagar Link Road, Behram Baug, Jogeshwari (W), Mumbai, Mumbai City, Maharashtra	India
S1-13511214	Heller Coinshares LLC	5 Alhambra Court, Durham, NC	US
S1-941002124	Shyam Finance LLP	128 Flat 2A2 Olympia, Jayanthiresidency Lb Road, Chennai City Corporation, Chennai, Tamil Nadu	India
S1-821848042	Historical Alliance	Unit UNIT 302, VA, 16928 Porters Inn Drive, Prince William County	US
S1-785731389	Genao Choice Jena Associates	MO, Ballwin, 1232 Weatherton Place	US
S1-579314410	Burke Arrived Inc.	25889 264 Highway, Pantego, NC	US
S1-719785427	Bronson, Kolb & Jacobs Best	25246 Court Street, San Bernardino, CA	US
S1-531618210	Platinum National Automobile	1406 Tulsa Street, Deer Park, TX	US
S1-373418207	Sound Infra Limited	7/558 B, Cosmo Plaza T.B. Junction, Angamaly, Ernakulam, Kerala	India
S1-557451437	Venkateshwara Welfare Society Group	Bhaveshwari Complex, 22/1592/2, Near Deccan Opp. Sonali Hotel, Station Road, Ichalkaranji, Kolhapur, Maharashtra	India
S1-643245576	Mcgee Platinum Signs LLC	459 General Kershaw Drive, Nashville, TN	US
S1-586172272	Red Technology Private Limited	B/2/268, Madhuvrund Society, Swi Park, Nr Gopal Bag Soc, Neelkhanth Mahadev Man, Dir Road, Ahmedabad, Gujarat	India
S1-720812004	Mishra Services Public Limited	Office No.602, S.No.45/1 To 10/1, Pashankar Auto, Pune City, Pune, Maharashtra	India
S1-646178935	Koressa Otis, DPM, P.C.	20 Prospect Street, Westfield, MA	US
S1-56591462	TR Foundations Private Limited	Bungalow No. 9, Golden Beach Co - Op Housing Society Limited, Ruia Park, J M Marg, Juhu, Mumbai, Maharashtra	India
S1-569126046	Peters & Guthrie LLC	1805 Huntington Hills Lane, Atlanta, GA	US
S1-970668602	Hanu House Group	Flat No 4-C Yamunai Jeevan Bhima Enclave Rajasekaran Street Mylapore, Chennai, Tamil Nadu	India
S1-69121571	East Systems Private Limited	S/O-Late Nilmoni Tarafdar, Mohanpur, P.O.Stp, North 24 Parganas, West Bengal	India
S1-559865131	Teeples Staking	NY, 1059 Ardmore Road, Hempstead	US
S1-311996951	Urban Foundation Private Limited	C/O. Hiren Dilipbhai Patel, Plot No. 123 Sai Rachna Hou. Soc., Nr Water Tank, Pal, Surat, Gujarat	India
S1-690874475	Ochoa Catalyst Co	131 2nd Street, Hydro, OK	US
S1-833268125	Fortune Foundation Private Limited	Plot No.-4535/6198 Gudianali, Dhenkanal, Orissa	India
S1-806485693	Cross Endocrinology	17820 State Line Road, Lansing, IL	US
S1-341638714	Frayda's Specialists	36 Celestial Way, Marshall, NC	US
S1-456449146	Keystone South LLC	2058 Dobson Road, Unit 17, Mesa, AZ	US
S1-98259133	Caldola Schwab Inc	Irving, TX, 608 Scenic Drive	US
S1-587212010	Animal Welfare Association	121 Windward Drive, VA, Franklin County	US
S1-645401382	Skinner, Ibrahim & Corley PLLC	1663 Knollwood Drive, Chesterfield County, VA	US
S1-612427179	Prime Packaging Associates Inc	5750 Walerga Road, Unit 3, Sacramento, CA	US
S1-231866590	Fortune Systems Pvt Ltd	C/O Alok Kumar Singh, Village - Naiki, Panch - Bajit Pur, Block - Garkha, Saran, Bihar	India
S1-461222117	Barman Energetics, Inc	14241 Davenport Path, Rosemount, MN	US
S1-189282375	Maribel Matthews Cion Inc	137 Baltic Street, Norwich, CT	US
S1-222242253	Sands Public School	Khairatabad, Plot No: 8-2-120/115/3, Venkat Nagar, Telangana, Hyderabad	India
S1-662059001	Good Infrastructure Private Limited	Mumbai, C15, Maharashtra, 2Nd Floor, Swastik Chs, Dhirubhai Parekh Road	India
S1-926272031	Urology Interstate Care Associates Inc	55508 Kizzie Lane, Gales Creek, OR	US
S1-873774367	Solora Electricity Clinic	6414 Esteban, Lake Havasu City, AZ	US
S1-435991798	Eddi French Specialists	312 Pine Avenue, Altoona, PA	US
S1-960187011	Piedmont Coalition	110 County Road 2060, Hull, TX	US
S1-917531428	Smart Industries	House No - 704 - A, Ground Floor, Gali No-13/2, Block-I, Hari Nagar Extn., Badarpur, New Delhi, South Delhi, Delhi	India
S1-347452328	Varshiya Solutions Private Limited	7-3, Main Road, Narkatpally Nalgonda Dist, Nalgonda, Telangana	India
S1-511076246	Agra Granites	Flat No-4, Sector-4B, Vaishno Plaza Awas Vikas Colony Sikandra, Agra, Uttar Pradesh	India
S1-206465700	Liberty Services	15721 Shetland Avenue, Central City, LA	US
S1-435798334	Krishna Management Private Limited	1St Floor, Govind Niwas Dadabhai Road, Vile Parle (West), Mumbai, Maharashtra	India
S1-737457595	Onyx LLC	98 Rockville Avenue, Staten Island, NY	US
S1-361048423	Preferred Peak Enterprises LLC	4512 Texoma Place, Moore, OK	US
S1-808271679	Allied Center	203 St James Street, Marion, OH	US
S1-813170327	Urban Energy LLP	Surat, Gujarat, Laxminarayan Ind. Park Brc Compound, Bhedwad, Udhna, Plot No. D/27-33	India
S1-163249957	Empire Investments, LLC	5145 45, Auburn, IN	US
S1-190065180	Cad Industries	840, Chirag Delhi, Iiird Floor, New Delhi, South Delhi, Delhi	India
S1-138006264	Beum	7401 Sleepy Hollow Drive, Tulsa, OK	US
S1-838440848	Lyra Fast Inc	WA, 25210 Mirrormont Boulevard, Issaquah	US
S1-838049418	Sprouse and Wilkerson Cohen Inc	1510 5th Avenue, Des Moines, IA	US
S1-717258734	V Z & Y Transition LLC	4635 Merrimac Lane, Virginia Beach City, VA	US
S1-427888155	Corrie Cianci Rice LLC	2907 Erie Avenue, Cincinnati, OH	US
S1-487014673	Case and Knight	1829 Marion Street, Unit 208, Shelby, NC	US
S1-678418904	U & W Markets	723 Gregory Drive, Horsham Township, PA	US
S1-827302010	Nissie's Deli	NY, 9136 Waterman Road, Evans	US
S1-933033274	Fortune Construction Private Limited	H. No. 628 Sn 93, Lasalgaon, Niphad, Nashik, Maharashtra	India
S1-639548592	Macro Shakti Pvt Ltd	371, Maharashtra, At Pimpri Kalaga, Tq. Ner, Yavatmal, Yavatmal	India
S1-839436243	Cozy Bike Shop	278 Danada Square, Wheaton, IL	US
S1-390872819	Sakhi Welfare Society	8-2-5 To 12, Ravula Residency Srinagar Colony, Punjagutta, Hyderabad, Telangana	India
S1-668135507	Caldeon States LLC	8820 Pendleton Pike, Unit LOT 818, Indianapolis, IN	US
S1-590717959	Catharine Keene, DO	2116 Princeton Avenue, Muncie, IN	US
S1-355135047	Arlana Coghill, M.D.	TX, Jarrell, 461 Bedford Falls Lane	US
S1-351829562	Gujarat Agro Private Limited	R No.605 B Wingsohan Tower Nr Amrai Police Chowki, Thane, Maharashtra	India
S1-514059871	Bell & Lowe, PLLC	128 Fairmount Street, Connersville, IN	US
S1-986937222	Creative High Inc	20 Sunnyside Avenue, Harrison, NY	US
S1-501110291	Orthopedic Group	Yuma, 7228 36th Place, AZ	US
S1-312966576	97/93 Maintenance LLC	121 Hayward Street, Circleville, OH	US
S1-474258642	Aurify Five	12 Evergreen Lane, Montville, CT	US
S1-162056896	Shailendra Education Private Limited	J-2/13, Second Floor, B.K. Dutta Market Rajouri Garden, New Delhi, West Delhi, Delhi	India
S1-358132912	Quartz LLC	42 Parkview Drive, Penfield, NY	US
S1-292161838	Mcneill Medical Inc	OH, Cincinnati, 4824 Paddock Road	US
S1-20760503	Green Funds Private Limited	Shop No 1-14, Grd Flr Mahavir Dham Chs Plot No -112 Sector -12, Vashi, Thane, Maharashtra	India
S1-352604543	Magic Creations (India) Private Limited	A-9 Jhilmil Industrial Areashahdara, Delhi	India
S1-672629814	Baus PC	1214 Sudan Street, Mobile, AL	US
S1-159761101	Evans Legacy Pharmaceuticals Inc	102 Woodledge Street, Unit 2, Boston, MA	US
S1-520727657	Big Tavern	2005 Major Avenue, Chicago, IL	US
S1-86180449	Galaxy Trading Private Limited	No. 13, 32Nd Street Extension, Thillai Ganga Nagar Nanganallur, Chennai, Tamil Nadu	India
S1-816316892	Vijaylakshmi Foundation Private Limited	Village Moudha Post Moudha Dist Ghazipur, Ghazipur, Uttar Pradesh	India
S1-971717223	Rebel Traders Limited	Rz-2/666 Asadh Nagar Palam Colony, New Delhi, West Delhi, Delhi	India
S1-623115224	Family Group	2735 Wagner Street, Cincinnati, OH	US
S1-119807163	Surya Big Technology Private Limited	Cts No. 549, 552, 553 Sr No 26/8 Kalakunj B Fl No 303 Dahanukar Colony Kothrud, Pune, Maharashtra	India
S1-164960342	Clear Diagnostic Partners P.C.	1403 Ridley Road, Unit Lot 2, Phelps, NY	US
S1-151118980	Behavioral Health Patriot Center Inc.	33977 Rosalia Avenue, Lillian, AL	US
S1-708400226	Trinity Lutheran Church	1023 Dakota Street, Spring Valley, IL	US
S1-392009011	QZN Quality Private Limited	Bhagya Complex, 126, Priyadharshini Nagar, Sithalapakkam, Chennai, Tamil Nadu	India
S1-502826134	Bentley Holdings Group Inc	6755 Greenvale Road, Norene, TN	US
S1-834741452	PY Elite	WA, 5240 45th Avenue, Seattle	US
S1-895634910	Penguin Retail Private Limited	Block - Ba -14, Shanti Pally, P.O - E K T P (East Kolkata Township Pro, Ject, Kolkata, Howrah, West Bengal	India
S1-987633901	Creative Energy Alliance LLC	4116 Waldron Trail, Forney, TX	US
S1-997788988	Orthopedic Classic Associates Ltd	4304 Bear Creek Lane, Memphis, TN	US
S1-404777375	Gea LLC	142 Back Nine Drive, Baneberry, TN	US
S1-643530770	Mahamaya Agro Pvt Ltd	Civiyadhen, Thiruvaniyoor P O, Ernakulam, Kerala	India
S1-628261734	Interstate Empire Automotive	293 Citation Drive, Virginia Beach City, VA	US
S1-173822768	Internal Medicine Partners LP	OK, 3521 Sunvalley Drive, Midwest City	US
S1-167106917	Whitney Modern Blackstone Inc	TN, 6407 Hugh Willis Road, Powell	US
S1-892536103	Gummudipoondi Advisory Private Limited	New No.104, Old No.13, Teachers Street Devampattu Village & Post, Gummudipoondi, Thiruvallur, Tamil Nadu	India
S1-937889575	Clyify Spark	8530 22nd Avenue, Unit 2126, Phoenix, AZ	US
S1-997442013	Br Mines LLP	703, Sharon Co-Operative, Housing Society, Charai, Thane, Maharashtra	India
S1-563867936	Darryl Madrigal Cal LLC	2907 Silvercliff Drive, Dayton, OH	US
S1-410119701	Print & Co	Unit No.65 The Platform Ground Floor 11 T2, Block-11 Gift Sez Gift City, Gandhi Nagar, Gujarat	India
S1-661596838	Neelachal Constech Pvt Ltd	Orissa, Khordha, Flat No K-207 Acrux Acropolice, Khordha	India
S1-504003514	Halcyon LLC	11190 10400, Tremonton, UT	US
S1-228768945	Bren Olson Gulf Industries LLC	3340 Warner Road, Unit 1062, Gilbert, AZ	US
S1-618997236	Rice and Kennison Siddhi LLC	Bldg LYMAN CONSERVATORY, MA, 16 College Lane, Northampton	US
S1-492461595	Assam India Private Limited	H.No.12 New Friends Colony Moh. Hundal Khel, Shahjahanpur, Uttar Pradesh, Shahjahanpur	India
S1-937144200	Washington Signature Hamilton LLC	7100 Route 954 Highway, Washington, PA	US
S1-500460624	Carson Pioneer Life P.C.	4000 Factoria Boulevard, Unit E, Bellevue, WA	US
S1-724970812	Pune Warehousing Private Limited	Office No. 39, Fourth Floor, Bandal Dhankude Plaza Right Bhusari Colony, Kothrud, Pune, Maharashtra	India
S1-118520966	Forsythe Garden Inc	815 Perry Street, Richmond City, VA	US
S1-600198554	SQC (mumbai) Pvt Ltd	H-32, Sreet No 3, H Block, Phase 6, Aya Nagar, South Delhi, Delhi	India
S1-499922133	Kesoft PC	9217 Pointe Retreat Drive, Bloomington, IN	US
S1-77100531	Delhi Event Ltd	32-B G/F, Pusa Road Karol Bagh, Delhi, Central Delhi, Delhi	India
S1-83402127	Raj Global Limited	611 - A, Tulsiani Chambers, Nariman Point, Mumbai, Mumbai City, Maharashtra	India
S1-98207015	Tramior LLC	418 3rd Street, Bowie, AZ	US
S1-230754511	Mekaster Commodities Private Limited	No. 2, Bangalore, Karnataka, Bbmp Katha No. 2/2, 4Th Floor, Sector 4, Bangalore South	India
S1-745478909	Krishna Finance	Bld.B Flat-403, Apostrophe Sno.174/4/5/1, Wakad, Pune, Maharashtra	India
S1-522668889	Ferrify Vendome Inc	2302 Branson Landing, MO, Branson, Unit Unit 302A	US
S1-548791759	Goshen Pediatric Dental Care Associates	1 Hampton Hills Drive, Goshen, NY	US
S1-493974496	Industrial Education Products	8928 Light Street, Williamsport, MD	US
S1-147717541	Machine Parivar Private Limited	1 St Floor, Scottish Mall, Sector 48, Sohna Road, Gurugram, Gurgaon, Haryana	India
S1-841824519	Thibodeaux & Davis Inc	IL, 2211 Shannondale Drive, Green Oaks	US
S1-995085654	Peridiq Greenfire LLC	1115 Hunter Drive, Unit Unit B, Barling, AR	US
S1-862207745	Hetal College	Shop No.2792, Shreya Complex, Tasgaon, Sangli, Maharashtra	India
S1-973583761	Ramirez and Walborn LLC	4867 Mill Loop Road, Town Of Maple, WI	US
S1-830650781	Rvd Language Group	3-Fr Fl-3D 5C Sandal Street Kolkata, Kolkata, Howrah, West Bengal	India
S1-501627799	American Council Inc.	1264 River Drive, Dewey-humboldt, AZ	US
S1-659421883	Rocky Westin, LLC	2706 Walton Street, Anderson, IN	US
S1-603195721	Schier, Finke and Fowler Gladstone	Richardson, TX, Unit 5131, 2000 Arapaho Road	US
S1-166567943	DS Solution Private Limited	33/3 Arun Park, First Floor, Near Aditya Birla Hospital, Thergaon, Pune, Maharashtra	India
S1-853921589	Liberty Prime Asset	4040 Mccarter Circle, Sevierville, TN	US
S1-651994278	Apex International Private Limited	A.P, 9-30-4 Siripuram Visakhapatnamvisakhapatnam Andhra Pradesh, Andhra Pradesh, Vishakhapatnam	India
S1-336562173	Ekdanta Trading Ltd	B.D. Gupta, 359 Malhotra Compound, Hcl, Jhansi, Uttar Pradesh	India
S1-52005849	Rosenzweig Learning Center	29529 Golton Drive, Easton, MD	US
S1-327995679	Southern Waste	1560 Lashley Road, Alexander City, AL	US
S1-818308106	Hammons Ventures	10 17th Avenue, Hopkins, MN	US
S1-388208370	Panya Rhino Private Limited	Plot No. 7, Sector 3, Imt Manesar, Gurugram, Gurgaon, Haryana	India
S1-699134017	Division of Veterans Affairs	396 Main Street, Wakefield-peace Dale, RI	US
S1-351106191	Champagne Pinnacle Sky Corp	Irving, 3235 Finley Road, Unit 186, TX	US
S1-590909233	Tooker Keycorp, LLC	973 Solar Parkway, Village Of Fox Crossing, WI	US
S1-3856372	Clear Media Products	15819 Sycamore Street, Mead, WA	US
S1-410278615	Woke Producer Private Limited	Makdampur Ward 03, Begusarai, Bihar	India
S1-321461866	South Infra Private Limited	No 33Hosahalli Talaghatta, Pura Post Kkp Main Road, Bangalore South, Bangalore, Karnataka	India
S1-857258432	Basham Aimei	216 7th Street, Brainerd, MN	US
S1-433422708	Agro (India) (india) Ltd	11/8-A G/F, Tilak Nagar, New Delhi, West Delhi, Delhi	India
S1-597908585	Lakshmi Digital Constructions Private Limited	Fat No.-G404, 4Th Floor, Kg-Block, Falcon View, Sector-66A, Mohali, S.A.S.Nagar (Mohali), Rupnagar, Punjab	India
S1-769842088	Environmental Council Care	826 R College Highway, Southwick, MA	US
S1-552973048	Metropolitan Council Corp	8757 Rancho Street, Rancho Cucamonga, CA	US
S1-575638136	CZV Sales Private Limited	Nisarpura, Purshottampur Naubatapur, Patna, Bihar	India
S1-664625154	Shakti Investment Limited	Near Nh-2, In Front Of Bagla Kila Friends Colony, Shikohabad, Firozabad, Uttar Pradesh	India
S1-910696326	Springs Studio Private Limited	No 8/2, Novel Office Centre, Ulsoor Road, Bangalore 42, Bangalore North, Bangalore, Karnataka	India
S1-260060664	Desert Alliance PC	18657 71st Drive, Glendale, AZ	US
S1-793040431	Cozy Pub	2050 101, Unit 3, Lincoln County, OR	US
S1-130800698	Twisted Cafe	2815 11, Hayden, AL	US
S1-245589650	Interfaith Committee VI P.C.	158 Exchange Street, Unit 2, Rockland, MA	US
S1-344778538	Roopendra Capital Private Limited	G-21 Madhura Nagar, Telangana, Hyderabad	India
S1-382935067	Frontier Coalition II	2231 Housecreek Trail, Raleigh, Unit 412, NC	US
S1-460185341	Aadinath Welfare Society	1-40, Gundlapalem, Bommireddypalli Village, Kanigiri, Prakasam, Andhra Pradesh	India
S1-754479588	Shiv Energy Private Limited	Plot No 115 (Hudco) 6Th Main 2Nd Cross Streetindustrial Area, Manipal, Dak. Kannada, Karnataka	India
S1-703236873	Dot Holidays Private Limited	C/O Prem Babu Sonkar, House No 88 Ward No 23, Anand Nagar, Kanpur Nagar, Uttar Pradesh	India
S1-779014555	West International School Pvt. Ltd.	Unit No D 1116 11Th Floor Tower D, Spectrum@Metro Plot No C And D Sector 75 Noida, Noida, Gautam Buddha Nagar, Uttar Pradesh	India
S1-313924608	Better Classic Invest LLC	2 Piney Drive, Fletcher, NC	US
S1-732464197	Favourite & Sons Private Limited	Sh.56 Mangal Plaza Old Agra Rd Nashik, Nashik, Maharashtra	India
S1-219044670	Man Agro Pvt. Ltd.	Flat No 610, Maharashtra, Manas Lake, Bldg No 8, Gat No 218 & O, Pune, Mulshi	India
S1-587901806	Rollinson Valley Mobility LLC	2015 Townline Avenue, City Of Beloit, WI	US
S1-527257740	Maa Polytechnic	60, Bentinck Street, Kolkata, Howrah, West Bengal	India
S1-331452070	Behavioral Health Center, LLC	2812 Greenwood Avenue, Michigan City, IN	US
S1-353515837	123 Grid LLC	20621 52nd Avenue, Lynnwood, WA	US
S1-571449472	Plastics Bio Center	3, New Oberoi Shopping Centre, Nariman Point, Mumbai, Maharashtra	India
S1-20093965	Vidya Sai Corporation	18, Rabindra Sarani, Poddar Court, Gate No-3 8Th Floor, Room No-3, Kolkata, Kolkata, Kolkata, Howrah, West Bengal	India
S1-160812869	Rocky Center	7430 Williams Avenue, Saint Louis, Fl 0, MO	US
S1-875918918	Dental Clinic LLC	881 Still Willow Lane, Wendell, NC	US
S1-396071605	Fresh Robotics Inc	4 Ross Road, Lexington, MA	US
S1-626837857	Kroger Endocrinology	429 Matthew Street, Barbourville, KY	US
S1-418414550	South Legacy Pbc LLC	Wauseon, OH, 644 Elm Street	US
S1-235922656	Veldyne Inc	704 Rosa Parks Road, Colp, IL	US
S1-454451525	Mumbai Solutions Pvt Ltd	Flat No. 504, Pooja Apartment Chs Ltd, R C Marg, Opp. Chembur East, Mumbai, Mumbai City, Maharashtra	India
S1-54680434	Phoenix Surgical Express Center	512 Lydia Lane, Phoenix, AZ	US
S1-763772523	H 7 Y Fox PC	700 Mitchner Avenue, Indianapolis, IN	US
S1-175813412	Mha Polytechnic Pvt Ltd	Delhi, C-26 B Ground Floor Kalkaji, South Delhi, New Delhi	India
S1-963806091	T 2 Certified Partners	634 Poplar Street, Ottawa, KS	US
S1-798671562	Zedyne Argentina, Inc.	5710 Windy Lane, Winema, OR	US
S1-338877097	Diamond Gold	10 Eichen Street, Ticonderoga, NY	US
S1-986652030	Urgent Care Partners	2005 Willowcreek Road, Paoli, IN	US
S1-892903013	Community Clear Services LLC	4034 Sharilynn Drive, Abingdon, MD	US
S1-274659648	Integrated Media Concepts Corp	Kingsport, 3907 Skyland Drive, TN	US
S1-599939691	First Business Private Limited	Flat No.303, Usha Sree Residency, S V Nagar, Tirupati, Chittoor, Andhra Pradesh	India
S1-107564568	Betancourt, Lam and Rodriguez LLC	TX, Irving, 301 Hanover Lane	US
S1-741105843	Daffie Botelho, D.O., P.C.	480 Barber Loop, Mooresville, NC	US
S1-523025321	American Clear Churchill	32 Hobart Drive, Unit APT B3, Newark, DE	US
S1-256521512	Richards American Mckinley	IN, Merrillville, 2924 74th Place	US
S1-285678907	Only & Sons Ltd	49C, Fr-3Rd, Stephen House, 56-E, Hemanta Basu Sarani, Kolkata, Kolkata, Howrah, West Bengal	India
S1-500141710	U+ Cadenza Inc	1510 Il Rt 66, Litchfield, IL	US
S1-509346614	Balaji Producer Limited	Building No. 8/5- A5, Pb Business Point Nr, Hyundai Service Station, Nilambur, Malappuram, Malapuram, Kerala	India
S1-872737062	Cornerstone Cafe LLC	33889 800 Road N, Chatsworth, IL	US
S1-996333630	Maid Grill	2111 2C Grenville Street, Unit UNIT, Carmel, IN	US
S1-402796225	Vs Brothers Corp	4, Synangogue Street, Kolkata, Howrah, West Bengal	India
S1-438029307	Pediatric Dental Physicians	189 Deer Drive, Lavergne, TN	US
S1-798240468	Y & V Holding Inc.	135 Lafayette Street, Unit 212, Salem, MA	US
S1-196621113	IA Money	1109 Cayuse Circle, Salem, OR	US
S1-836136577	Belicia Henry, DMD	88141 Wymore Lane, Veneta, OR	US
S1-37998687	Nexay Voya Inc	2816 Skyline Drive, 03, IA	US
S1-966445008	Dermatology Group	1724 Montpelier Street, Baltimore, MD	US
S1-228117957	Feliciano Universal Group	4911 Kessler Avenue, Fl 0, Wichita, KS	US
S1-46520051	Aashna Brothers Private Limited	Plot No 79, Survey No 57/2 And 58/2, Parjenahalli Village, Kasaba Hobli, Vemagal Industrial Area, Kolar, Karnataka	India
S1-308367556	Torres Royal Bny	1647 Hemstock Avenue, Wheaton, IL	US
S1-176533999	Pediatric Liberty Associates	4598 Noble Street, Bellaire, OH	US
S1-629647780	Anand Services Private Limited	Plot No.83, H.No.13-121 Brindavan Colony, Malkajgiri, Hyderabad, Rangareddy, Telangana	India
S1-876382213	Haralson Oaktree LLC	79431 101, Arch Cape, OR	US
S1-767376121	Ruthanne Roberts All Crescent Inc	422 Pasadena Avenue, Beecher, IL	US
S1-53594766	Steel College Pvt. Ltd.	692/93, B 07, Arihant Soc., Near Kamal Nursing Home, Pune City, Pune, Maharashtra	India
S1-725763022	Mirilla's Wireless LLC	2202 Woodmore Drive, Huntsville, AL	US
S1-728836336	Economic Development Project	45 Lake Mist Drive, Piperton, TN	US
S1-64422759	Tirupati Investment Private Limited	Maharashtra, Flat No. 102, Pune, Sai Krupa, S . No. 77/2, Near Anandi Garden Solapur Road, Manjari	India
S1-655855201	Travancore Hospital	Mcleod House3 N S Road, Kolkata, Howrah, West Bengal	India
S1-157030035	Fulkerson Fresh Gen Associates	Brooklyn, 640 61 Street, NY	US
S1-287838503	Sahagun and Feliciano Village	846 Old Aneth Cutoff Road, Aneth, UT	US
S1-597655654	Suh Graphics	221 Highland Circle, Bluff City, TN	US
S1-597769288	Indian Infotech Private Limited	P O Fertilizernagardist Vadodara, Gujarat, Vadodara, Gujarat	India
S1-302558001	Everyday Institute Limited	Plot No : 19, Vinayagapuram, Ags Colony Velachery, Chennai, Tamil Nadu	India
S1-881880395	Candy Garcia, P.A., DDS PC PC	737 Elm Street, Kingman, KS	US
S1-965981183	Beacon Integrated Distribution LLC	1677 7th Street, Turtle Lake, ND	US
S1-938083028	Tommy's Properties	1717 Chrisara Court, Forest Hill, MD	US
S1-335569976	Digital International Private Limited	Shop No. 7, Plot No 1, Gf, Royal Complex, Gondal, Rajkot, Gujarat	India
S1-732058657	Premier Environmental Dynamics LP	990 Express Drive, Clearfield, UT	US
S1-577318470	Samastipur Associates Private Limited	Village- Barhauna, Post- Barhauna, Samastipur, Bihar	India
S1-235326724	Aditya Food LLP	E-140, 2Nd Floor Shastri Nagar, Delhi	India
S1-813516526	Aar Infrastructure Private Limited	Maharashtra, Nanded Phata Hn. 1255, Sn. 25/5A/2/2, Pune, Haveli	India
S1-47072970	Duncan Charter School	8621 Kansas Place, Kansas City, MO	US
S1-539106482	Lakshmi Services Private Limited	H No. 572/E/206, Surendragdh Seminary Hill, Nagpur, Maharashtra	India
S1-258060279	7-Brothers	3829 Ainsworth Avenue, Tacoma, WA	US
S1-660351749	Dayton Family Charities	OH, Dayton, 238 Oxford Avenue	US
S1-162127995	Annamarie Dailey Nexpoint Care	150-17 Tahoe Street, Ozone Park, NY	US
S1-821224291	Galaxy Global Private Limited	Archit Royal Apt, Mahatma Nagar, Nashik, B-401, Maharashtra, Nashik	India
S1-741207444	Mas To Pvt. Ltd.	Ground Floor, Dadar (East) Mumbai, Mumbai City, Maharashtra, Plot - 209, Latif Building Dr. Babasaheb Ambedkar Road, Shindewadi	India
S1-413366406	Nav & Brothers Private Limited	Plot No 59, Tulsibag, Rani Bhosale Vihar, Nagpur, Maharashtra	India
S1-542100901	Sweet Cafe!	6169 Park Lane, Unit 15, Park City, UT	US
S1-369451691	Boyd Innovative Navios Center	Unit APT 53, Giddings, TX, 497 Polk Street	US
S1-785552943	XRF Solution	C/O Sarvesh Dubey Dayal, Agence Durgatokij Ke Pass, Guna, Madhya Pradesh	India
S1-909908101	Meenendra Ventures Pvt Ltd	231 Masjid Moth, New Delhi, South Delhi, Delhi	India
S1-602430416	Universal Consultants Private Limited	Flat No.1, Shruti Appartment, Plot No. 52 Near Bhaikaka Nagar, Thaltej, Ahmedabad, Gujarat	India
S1-632107114	Division of Buildings	433 Iota Avenue, Birmingham, AL	US
S1-721723082	Elite Tea LLP	Laxminarayan Shopping Centre, Poddar Road Malad East, Bombay-97., Mumbai, Maharashtra	India
S1-9306136	Gonzalez Interstate Resilience LLC	519 Nashua Road, El Paso County, TX	US
S1-986996515	Cardiology Clean Center	2636 Aruba Bend Drive, Katy, TX	US
S1-657519036	International Transmissions Private Limited	Shop No. 1, Muskan Society, Pandav Nagar Wadala Pathardi Road, Nashik, Maharashtra	India
S1-659737610	Shree Fabrics (India) Limited	H.No.3-40/C/3 Gopalpur, Hanamkonda, Warangal, Warangal Urban, Telangana	India
S1-851231537	Melba F. Jenkins, DPM	622 42nd Street, Rock Island, IL	US
S1-794060112	Value Software Group	2028 Birch Avenue, Unit Apt 2, Fayetteville, AR	US
S1-724389070	Horizon (India) Management Private Limited	608 Srishti Plaza, Off Saki Vihar Road Powai, Mumbai, Maharashtra	India
S1-561297570	Super Technologies Private Limited	Ground Floor, 6/32, Vasudevapuram Street West Mambalam, Chennai, Tamil Nadu	India
S1-484053658	Developers Mosam Tradelink Partners	2205, 5Th-Cross, 3Rd Main 2Nd Phase, Vijayanagar, Bangalore, Karnataka	India
S1-940151781	Apex It Pvt Ltd	B-38, East Delhi, Delhi, First Floor Anand Vihar, Delhi	India
S1-513202089	BQA Tradeserve Private Limited	Flat No. I-601, Mont Vert, Nr.Datta Mandir, S.No.239, Pune City, Pune, Maharashtra	India
S1-152672519	Mohit Construction Pvt Ltd	First Floor, Chennai, Khivraj Complex Iii, 480, Anna Salai, Chennai, Chennai, Tamil Nadu	India
S1-3962839	Kasliwal India Private Limited	2A 75 Pristine Building Kalpataru Hills Phase 2, Opposite Tikuji Ni Wadi Manpada Thane West, Thane, Maharashtra	India
S1-243964430	Ear Nose & Throat Supreme Care PC	37 Commonwealth Avenue, Unit 4RR, Boston, MA	US
S1-590314492	Prime Health LLC	2004 23rd Avenue, Lanett, AL	US
S1-844668482	Blue Mahaveer	21, Alagiri Nagar, 3Rd Street Vadapalani, Chennai, Tamil Nadu	India
S1-651674233	Complete Marketing Digital	102 Broad Street, Stamford, CT	US
S1-328828277	As & Co	Hno.F-9, Floor-2Nd, Auchandi Road, Land Mark Near Shiv Mandir, Village - Bawana, New Delhi, North West, Delhi	India
S1-743717387	West Harbor Southwest Inc	IL, 14136 Faulkner Court, Plainfield	US
S1-769453592	Royal Logistics Pvt Ltd	3Rd Floor, 184/3, Gopal Lal Tagore Road, Kolkata, Kolkata, Howrah, West Bengal	India
S1-915796316	Robertsdale Dental Frontier Care Associates LLC	24176 71, Robertsdale, AL	US
S1-135759367	Green Engineering	No.71, Madhavaram High Road, Chennai 600 011 Tamil Nadu, Tamil Nadu, Chennai, Tamil Nadu	India
S1-832582716	Brewer & Hodges Chemical LLC	1011 Cedar Trace Boulevard, OH, Columbus	US
S1-673817161	Metropolitan Learning Center	Frankfort, 553 Delphi Avenue, IN	US
S1-707465252	Ray Duncan, DDS	22211 Kevin Drive, Bend, OR	US
S1-902047649	Mangrol India Pvt Ltd	306, 3Rd Floor, Blue Ski Commerce Square, Udhna Bamroli Road, Nr. Sosyo Circle, Mangrol, Surat, Gujarat	India
S1-650879900	Mandie Deberry Scientific Inc	1300 Chestnut Road, Seven Hills, OH	US
S1-805465027	Mumbai Consultancy Private Limited	Mumbai Churchgate, 6F Vaswani Mansions 120 Dinshaw Vacha Road, Churchgate, Mumbai, Mumbai City, Maharashtra	India
S1-270886539	Lower Beacon Beverage LLC	38 Macglashan Lane, Chester, NY	US
S1-901558484	Rita Clinic	Vill-Rudauli, Tola-Rudauli, Block-Bachhwara, Bihar, Begusarai, Bihar	India
S1-507883773	Urgent Care Partners	100 Hilton Avenue, Unit Unit 317, Garden City, NY	US
S1-39098320	BY Components Limited	Delhi, West Delhi, A-69 First Floor Pocket 1, Paschim Puri Near Esi Delhi, New Delhi	India
S1-689725225	Tech Media Private Limited	312 Sai Chambersnehruroad, Near Santacruz Bus Depot, Mumbai, Maharashtra	India
S1-354074844	IO Credit Private Limited	N-8 Vishwakarma Co- Hou, Aurangabad, Society Plot No 23, Aurangabad, Maharashtra	India
S1-867694132	AM Allied Mercury LLC	307 Levi Jackson Mill Road, London, KY	US
S1-100754671	Ede's Analytics	457 Merimont Boulevard, Auburn, AL	US
S1-817125150	Urgent Care Associates LLC	485 Main Street, Brewer, ME	US
S1-959596193	Physical Therapy Partners, L.L.C.	12796 Farm Road 2125, Purdy, MO	US
S1-966657116	Ace Power (India) Private Limited	E-3/270, Arera Colony, Huzur, Bhopal, Madhya Pradesh	India
S1-876283017	Supreme Management Pvt Ltd	133/D/2, 'Vijaya-Laxman' Bldg, Parvati Darshan Soc Nr. Sane Guruji Road, Off Sinhagad Road, Pune, Maharashtra	India
S1-690785976	Jade Food (India) Limited	Wz-D-6 Upper Ground Floor, Block-D, Bal Udhyan Road, New Delhi, West Delhi, Delhi	India
S1-815465344	Voss & Arnold North LLC	3168 Landscape Circle, Canton, OH	US
S1-806917641	Urban Hospitality Private Limited	House No 16 Portion Back Floor 2Nd Block-D-13A Model, North West, Town, Delhi	India
S1-196987342	Shyam Investment Private Limited	No. 343, Reddy Complex, Ground Floor, Bgs Hospital Road, Global Village Back Gate, Mylasandra, Bangalore South, Bangalore, Karnataka	India
S1-882101556	Premier Telecom Solutions LLC	135 Oneal Street, Burlington, NC	US
S1-868622550	Platinum Mortgage Laboratories Associates	2904 Giles Street, West Des Moines, IA	US
S1-703220480	Turner Midwest Southern LLC	Manlius, NY, 4880 Eagle Village Road	US
S1-300603111	KT Vehicle LLC	NY, North Hempstead, 250 Powerhouse Road	US
S1-827098784	Vijay Industries Private Limited	106-A Firstfloor Samrajnagar Sembakkam, Chennai, Tamil Nadu	India
S1-340082670	Reliable Excavation LLC	5379 Highway 64, Unit Lot 4, Parkin, AR	US
S1-878693458	Engineering Real (India) Private Limited	No 5015 Raju Corner 80Ft Main Road, 2Nd Phase Vijayanagar 4Th Stage, Mysuru, Karnataka	India
S1-261169281	U 3 K Steel	5200 Clairemont Drive, Town Of Grand Chute, WI	US
S1-938220224	Proper, Carlile and Kleinhans	1229 Columbiana Lisbon Road, Unit 91, Columbiana, OH	US
S1-566022450	Pesadyne LLC	1201 Marywood Drive, Batesville, AR	US
S1-826651539	Salem & Bentley Valley LLC	525 Branch Street, Wharton, TX	US
S1-734282017	Cornerstone Elite Cayson LLC	3120 Drexel Street, Omaha, NE	US
S1-786380734	Evans Pioneer Financial Inc	130 Canal Street, Seattle, WA	US
S1-452543865	Ear Nose & Throat National Group P.C.	431 Saguaro Drive, Apache Junction, AZ	US
S1-619167081	East Bay Annaly LLC	1361 Quincy Street, Ashland, OR	US
S1-543725881	Ironworkers Local Union 777	25 Wynstay Avenue, Valley Park, MO	US
S1-497106856	United Ampercap L.L.C.	5501 Hames Trce, Louisville, Unit 453, KY	US
S1-856769283	Ramayan Technologies Private Limited	Gat No 283 At Raniunchegaon Ghansawangi Jalna Rani Unchegaon, Ghansawangi, Jalna, Maharashtra	India
S1-532538304	Ram Fincap Private Limited	102, Saraswati Niketan Ias Colony, Kidwaipuri, Patna, Bihar	India
S1-531107896	Sasoft Interests Inc	7176 234, Ladoga, IN	US
S1-314253341	Ridge Babcock	6150 Oxford Street, Indianapolis, IN	US
S1-939490688	Unified Hospitality Innovations Inc.	6611 Airport Boulevard, Austin, TX	US
S1-482133531	LLB Holdings	Flat E/204, Shri Datta Niwas, Plot No. 17, Sector 10, Kamothe, Panvel, Raigad, Raigad, Maharashtra	India
S1-1621510	Complete Transit Enterprises LLC	Heath, 1174 Hebron Road, OH	US
S1-35091896	Lawson & Hoang Consumer LLC	5829 Fort Road, Greenwood, FL	US
S1-762617781	Custom Payment Company	5520 Rick Husband Drive, City Of El Paso, TX	US
S1-679713048	Dot Martinez, O.D., P.C.	15 Hasbrouck Drive, Unit Apartment H, West Haverstraw, NY	US
S1-696371801	Express Investment Works LLC	4130 Robinwood Drive, Charlotte, NC	US
S1-175888227	Ear Nose & Throat Care Associates LLC	3519 Oak Lawn Avenue, Dallas, TX	US
S1-743485548	Straight Edge Auto Body	515 Montgomery Avenue, Unit Unit A, North Wales Borough, PA	US
S1-10996333	Haleigh's Analytics	123 Terrace Drive, Vernon, CT	US
S1-34781644	Pune Excursions Private Limited	Fl No 704 Sr. No. 32/7/1 To 6 Kondhwa, Maharashtra, Pune	India
S1-595270520	Trending International Private Limited	Shree Ram Mills, Gate 2, Avadh Ganpat-Rao Kadam Marg, Worli, Mumbai, Maharashtra	India
S1-986795411	High Services	10/12 Cochin Streetballard Estate, Mumbai, Maharashtra	India
S1-732449457	Classic Valley Industries PC	2401 Broadway, Unit 303, Columbia, MO	US
S1-774810433	Indo Producer Private Limited	39, Shivtalla Street Dacca Patty, 3Rd Floor, Kolkata, Howrah, West Bengal	India
S1-115178263	DM Products Corp	1102, T- 5 Emaar, Gurgaon Greens Sec 102, Sadar Bazar, Gurgaon, Haryana	India
S1-582710895	Demille, Newman and Foster LLC	1550 Broadstone Parkway, Unit APT 1309, Folsom, CA	US
S1-157394856	Ysk Ventures Private Limited	Hari Nagar, Be 378, First Floor Gali No. 7, West Delhi, Delhi	India
S1-972343047	Projects Earth Business Limited	House No 2 Chetram Colony Opposite A-86 Dayal Bagh, Suraj Kund, Faridabad, Haryana	India
S1-961623290	First Products Private Limited	21/13/1 Kaushik Enclave Burari, New Delhi, North East, Delhi	India
S1-496844761	All American Homecare	126 Mary Bryant Road, Rose Hill, NC	US
S1-598692562	Mcginnis Landscaping LLC	12318 Gary Court, Cypress, TX	US
S1-180402578	Roy Projects Private Limited	Shelter Arcade Co.Op. Hsg.Soc.Ltd., Shop No. 43, Plot No. 26, Sector 42, Nerul(West), Navi Mumbai, Thane, Maharashtra	India
S1-44525906	Nagpur Engineering	Ahmadabad City, Venus Atlantis Corporate Park, 100 Feet Rd, Near Shell Petrol Pump, Prahlad Nagar, Ahmedabad, Gujarat, 610	India
S1-462720339	Opalina P. Singleton, DPM P.C.	587 Stacie Drive, Roanoke County, VA	US
S1-716080061	Horizon Wellness Partners LLC	18 A Grove Street, Unit 12, Arlington, MA	US
S1-329732767	Vitoria Rowe National Institutions LLC	125 Centre Street, Village Of Footville, WI	US
S1-326130407	Gee Petroleum Pvt Ltd	J-1/62, Khirki Extention Malviya Nagar, New Delhi, Delhi	India
S1-603030134	Alpha Construction Private Limited	Bathinda, #20 Near Tower Village Gill Patti Goniana Mandi, Punjab	India
S1-744278251	Clear Iron Works	Dallas, TX, 3327 Haskell Avenue	US
S1-766424890	Melivue Rapid Intelligent LP	7518 Addison Way, Sacramento, CA	US
S1-939457926	Pediatric Dentistry Care	2475 Glade Drive, Christiansburg Town, VA	US
S1-436850678	Rajashree Institute of Technology	S No 121, Pl No 1032 A, Office No 108, Samruddha Apartment, Poud Road, Kothrud, Pune, Maharashtra	India
S1-393421739	Memorial Program VI	10248 330th Street, Casey, IL	US
S1-616557249	3404 Third Ave Partners LLC	404 8th Street, Unit 404, Anton, TX	US
S1-67490113	Zhu Safe Drive LLC	2500 Watermark Terrace, Unit 117, Elgin, IL	US
S1-327066467	Fredrika Griffin Continental Pinnacle LLC	MD, 2824 Still Leaf Lane, Ellicott City	US
S1-478302883	Manning, Daniels and Gaddie LLC	1378 Chalybeate School Road, Smiths Grove, KY	US
S1-952992274	Luxus Trading Private Limited	Smart Avenue, Unit Fo-02, 4Th Floor, 28/A, 80 Feet Road, Michael Palaya, Indira Nagar, Bengaluru, Bangalore North, Bangalore, Karnataka	India
S1-924352760	Sanand International Pvt Ltd	Patliputra, Patna, H. No. 65, Bihar, Anugrah Narayan Path Alpna Market	India
S1-385287267	Mp Trading Private Limited	A6 Wing, Gat No 1465 To 1458 Rohan, Haveli, Pune, Maharashtra, Flat No. 1208	India
S1-300224097	Vista Law Chambers Private Limited	Bangalore North, Karnataka, Saraipalya, Thanisandra Village, Bangalore, 024	India
S1-18359173	Winkler Coastal Tech Inc	360 Gateway Drive, Unit Apt 618, Grimes, IA	US
S1-453821184	Rash Vance of Milford	49 Main Street, Milford, UT	US
S1-726039329	Erives Signature Mercury	809 Blake Court, Edmond, OK	US
S1-356842693	Smart Consulting	16/79 D Civil Lines, Kanpur Nagar, Kanpur Court, Kanpur Nagar, Uttar Pradesh	India
S1-98836255	Nydia Odom, D.C., P.C. Care	1011 Main Street, Festus, MO	US
S1-722458007	Royal India LLP	Gram Dhanga Post Bauram Panchayat, Kaubol Dhanga Thana Jamalpur, Darbhanga, Bihar	India
S1-875318042	Shivam Management Private Limited	Plot No 222 Gidc Townshipvatva, Ahmedabad, Gujarat	India
S1-987007652	Gulf League II LLC	7046 Currin Drive, Dallas, TX	US
S1-377982562	Barb's Bright Tax	NC, 3475 Falling Creek Road, Kinston	US
S1-934221465	La Polytechnic Pvt Ltd	1 Construction Housewalchand Hirachand Mart Ballard Estate, Mumbai, Maharashtra	India
S1-11508869	Euro & Brothers Limited	H No 4-6, 18 Yerrabalem Village, Cumbam Mandal, Cumbum, Prakasam, Andhra Pradesh	India
S1-655060020	Apex Wholesale Labs, Inc.	5032 Lake Street, Omaha, NE	US
S1-375856039	Bush & Taylor P.C.	24 Long Lane, Hempstead, NY	US
S1-51796044	Cyndi Wells Aria	City Of Abbotsford, 300 11th Street, WI	US
S1-965772107	Cultural Council	2120 Albatross Way, Gallatin, TN	US
S1-804560926	White Granite	3748 Brickmont Drive, Nashville, TN	US
S1-59226665	Creative (India) Services Limited	Near Kali Tigadda, Purvyau Hills, Lakshmipura Ward, Sagar, Madhya Pradesh	India
S1-284396012	Sonny's Strategic Development	575 Bradley Road, Bay Village, OH	US
S1-741187563	Carmela Early End	3003 Branchwood Drive, Greensboro, NC	US
S1-655565459	Family Group	387 Main Street, Owego, NY	US
S1-354565193	Kestrel Futurecrest Inc.	37 July Avenue, Oyster Bay, NY	US
S1-147896787	Innovative Materials Industries	1627 St Anthony Circle, Unit APARTMENT 2, Fort Wright, KY	US
S1-337974949	Sunview Green Care	G-510, Riico Ext Karni, Industrial Area, Bikaner, Rajasthan	India
S1-422294117	Global Trust LLP	7161 Robin Lane, Centerville, MN	US
S1-775698178	South Sunrise Services Private Limited	Warangal Urban, H No 1-2/2 Seetharampuram, Telangana, Parakala Mandal, Madharam	India
S1-104517174	Manley Reliable Association, Inc	13385 Moss Hill Drive, Beaumont, TX	US
S1-208831154	Cabral Accounting Corp	26 Cypress Creek Drive, Calvert City, KY	US
S1-442154860	Dental All Group	13305 Pine Dunes Drive, Haslet, TX	US
S1-336333088	Brown Strategic Empire Group	41 Sunshine Drive, Galt, CA	US
S1-599629987	Good Shyam Foods Private Limited	F-133 To F-136, Bindayaka Industrial Area, Jaipur, Rajasthan	India
S1-230226298	Spectrum Management Pvt. Ltd.	At House No.110, Goregaon, Tq-Sengaon Dist-Hingoli, Hingoli, Maharashtra	India
S1-936629185	Hymel Coastal Cms Inc	DE, Newark, 28 Autumnwood Drive	US
S1-413235444	Sanjeev & Brothers Private Limited	Calcutta, Kolkata, West Bengal, 12/13 Amartalla Street2Nd Floor Burrabazar	India
S1-17154658	Dorry Mccraw Strategic Berto	1517 Lawhead Lane, Unit 2, Zanesville, OH	US
S1-785596927	Ganpati & Co	Level 5, Dnyanvatsal Complex, Opp. Vandevi Mandir, Karve Nagar, Pune, Maharashtra	India
S1-773482140	RLT Boxes Limited	Sayanas V T R 85 A, Alissery Ward Alappuzha Head P.O, Alappuzha H.O, Alappuzha, Kerala	India
S1-128350097	Fu, Emmert & Perkins Oaktree	1710 Mount Hood Street, The Dalles, OR	US
S1-507742173	I & K Strategies LLC	94 Twin Hills Drive, Unit 125, Nashville, TN	US
S1-655922669	Roflosoft LLC	1300 47th Street, IA, Des Moines	US
S1-863545348	Signature Biotechnology	Houston, 2417 Hazard Street, TX	US
S1-783739729	Cosette Marshall Vornado, Inc	1365 Newman Avenue, Seekonk, MA	US
S1-761828931	Dermatology Care Inc	14877 Heatherglen Drive, Oregon City, OR	US
S1-162026563	West South Inc	37504 Oliver Drive, Selbyville, DE	US
S1-901550022	Hyderabad International Pvt Ltd	# 6-3-853/8, 1St Floor, Aparajitha Colony, Greenlands, Ameerpet, Hyderabad, Telangana	India
S1-202305484	Nexance Universal Inc	198 Laurel Circle, Bangor, ME	US
S1-736015626	Heartland Guild	173 Valentine Road, Polo, IL	US
S1-601970882	Al Shiv Construction Limited	Fl. No. A303, Kapil Abhijat Nr Cummins, Dahanukar Col, S 30/1A/1, Kothrud, Pune City, Pune, Maharashtra	India
S1-362700446	Direct Asset Group LLC	2347 Workman Avenue, Simi Valley, CA	US
S1-648552227	Cascade Qdro	Unit B, MA, Waltham, 70 Charles River Road	US
S1-946516283	W/R Pelican L.L.C.	1666 Dobson Road, Unit 2081, Mesa, AZ	US
S1-930230223	Corner Bike Shop	7812 Straits Lane, New Albany, OH	US
S1-40508795	Dean Tailwind	Talladega, 894 Willman Road, AL	US
S1-136019582	Monique's Construction	1709 E Shore Drive, Detroit Lakes, MN	US
S1-815520377	Legacy Noble LP	1107 Lorraine Avenue, Waterloo, IA	US
S1-253605701	Smart Producer Private Limited	2/22, South Street, Villikuruchi (Po), Manamadurai, Manamadurai, Sivaganga, Tamil Nadu	India
S1-569265391	Jk Business Private Limited	Flat No. 3 Raj Palace Cts No. 862, Plot No. 208, Shivajinagar, Pune City, Pune, Maharashtra	India
S1-639145974	OR Exports	B3 -301 Rakshak Nagar Gold Kharadi, Pune, Maharashtra	India
S1-925242946	Miller Clean Biotherapeutics LLC	200 Riverview Avenue, Fallowfield Township, PA	US
S1-919983443	Gold Tech Private Limited	A-3/12 Ff Paschim Vihar, New Delhi, West Delhi, Delhi	India
S1-526565606	Romonda Newton Exploration	225 60th Avenue, Benson, MN	US
S1-247688529	York County, County Of	VA, York County, 13 -102B Lee Court	US
S1-725652039	Sai Brands Private Limited	6-3-586/1, Gandhi Thata Nagar(G T Nagar), Nampally, Hyderabad, Telangana	India
S1-910894563	Halverson's Deli	204 Stone Street, Huntsville, AL	US
S1-569363022	Lyrora Purecycle LLC	522 College Street, Bridgewater Town, VA	US
S1-354411447	Anvay Solar (India) Private Limited	Mrb Farms, No429, 8 Main Rd Dronacharya Rd, Bangalore North, Bangalore, Karnataka	India
S1-589302928	Munoz & Kaufman Inc	408 Hancock Street, Richmond City, VA	US
S1-792872528	Reed Montessori School, Inc	204 Tenth Street, Chester, WV	US
S1-422646941	Cultural Trust, LLC	1515 Maple Ridge Road, De Kalb, NY	US
S1-214392437	Brown, Phillips and Gordon Brc	38 Damien Road, Wellesley, MA	US
S1-17325853	International Kamaldeep Cold Private Limited	203 A Wing Kama Lane, Amber Mahavir Residency, Mumbai, Maharashtra	India
S1-183048645	Stokes Natural LLC	107 Pony Court, Waxahachie, TX	US
S1-571621888	Nv Vidyalaya	B2-943, 9Th Floor, Spaze It-Tech Park, Sohna Road Behind Omaxe City Center, Gurgaon, Gurgaon, Haryana	India
S1-503034943	Reliable Franklin L.L.C.	Fl 0, Haysville, 791 Forest Court, KS	US
S1-652290257	Darcy Tull Lithium LLC	Chapel Hill, 900 Christopher Road, Unit B, NC	US
S1-107506698	Sioux Kaiser Royal, LLC	2716 Clark Road, Fayetteville, AR	US
S1-121815421	Family Clinic	426 Filly Court, Walton, KY	US
S1-555285528	Shuban Apps Limited	Beel Akbarpur, Greater Noida, Gautam Buddha Nagar, Uttar Pradesh	India
S1-379182282	Lee Legacy Pegasus LLC	7139 Friendly Avenue, Greensboro, NC	US
S1-325082334	Downtown Yoga	2938 Kainer Meadows Lane, Houston, TX	US
S1-122230985	Agro Kng India Private Limited	Room No 306, Student Amenity Centre, Kannur University, Kannur, Kerala	India
S1-508609591	(india) Venus Services	6, I Floor, Ii Line Beach Madras600001, Chennai, Tamil Nadu	India
S1-1632924	Uday Consultants Private Limited	Hyderabad, Telangana, Plot No. 605, Buddha Nagar, Peerzadiguda, H No 5-58/5, Ghatkesar	India
S1-462441977	Ishan Advisors	Tamil Nadu, Chennai, Varadarajan Street, Nehru Nagar, Chrompet, Chennai, No.1	India
S1-613574412	First Data Systems	17713 Seven Creeks Highway, Tabor City, NC	US
S1-498594123	Carroll Platinum Venture	721 College Avenue, Oxford, OH	US
S1-281350050	9-Sons	89 Weetamoe Street, Fall River, MA	US
S1-26498913	Everest Nexpoint Inc	813 Taylor Street, Herrin, IL	US
S1-64355160	Lopez Grupo, Inc	5663 Webb Drive, Kingman, AZ	US
S1-851791659	Harlequin Infraspaces Private Limited	House No. 15/17, Indira Nagar, Munshi Puliya, Lucknow, Uttar Pradesh	India
S1-888168806	Pellegrino, Simpson and Thompson Metals LLC	Rogersville, TN, 602 W Hills Drive	US
S1-329642680	Ear Nose & Throat Specialists, LLC	1603 Echo Trl, Louisville, KY	US
S1-622026573	Riter Biotech LLC	9144 Amstel Drive, Mobile, AL	US
S1-915149493	White Group P.C.	102 Goodwinds Drive, Oriental, NC	US
S1-836720513	Merralee Barnes, D.C.	Houston, TX, 6201 Southwest Freeway	US
S1-960734439	Alpha Modern Food Private Limited	Gf, 25\39 West Patel Nagar, New Delhi, Delhi	India
S1-254263412	Peak Monte	100 Smith Street, Mc Dermott, OH	US
S1-792435938	Bombay Food Private Limited	D-432, Palam Extn, Sector-7 Dwarka, New Delhi, West Delhi, Delhi	India
S1-347107208	Ram Healthcare Private Limited	Flat No :606, Venkat Sai R, H.No: 11-4-3/3, Khammam, Telangana	India
S1-157788009	Taylor and Freed	961 Park Ridge Court, La Marque, TX	US
S1-184941360	Shivam Healthcare Private Limited	Chennai, No.1, Tamil Nadu, Chennai, 2Nd Street Zakaria Colony	India
S1-919200401	Sacred India Pvt Ltd	2 Floor, 1 Aggarwalcompex, Dayal Bagh, Ambala Cantt, Ambala, Haryana	India
S1-213935895	VF Quality LLC	345 30 Avenue, Saint Cloud, MN	US
S1-93570523	PI Constructions Group	No 10 1St A Cross Nagendra Block, South Bangalore, Bangalore, Karnataka	India
S1-621696589	OCE Centre Company	C/O-Pabitra Sahoo, Ground Floor Charichhak, Brahmakundi, Bhodar, Puri, Orissa	India
S1-135642519	Schofield Apex Rising LLC	514 Nicar, Houston, TX	US
S1-882537512	Philomena King, DPM, PC	23 French Avenue, Elmsford, NY	US
S1-703289878	Rev It Up Nails	840 Sunset Park Drive, City Of El Paso, TX	US
S1-498453299	Li Great Spa	114 Monjeau Drive, Ruidoso, NM	US
S1-536475371	OQ Services Private Limited	5/8Ajmal Khan Road Karol Bagh, New Delhi, Central Delhi, Delhi	India
S1-487205113	Professional Academy	6Th Flr-602, Vibhag-A, Rayal Palace, Ghod Dod Road, Athwalines, Nr Jolly Plaz, Za, Surat, Gujarat	India
S1-19180316	Shurtleff, Scott and Driver Inc	MA, Unit 2, 43 Bedford Street, Waltham	US
S1-528045266	Physical Therapy Center Associates	13187 State Highway 58, Hydro, OK	US
S1-480898832	XL It	F.103 1St Floor, Sree Krishna Nilayam, Balaji Ngr, Qutubullapur, Hyderabad, Telangana	India
S1-915107118	3963 Sixth Blvd Realty LLC	1444 Talladega Street, Lineville, AL	US
S1-904474730	Vivyan Ruiz Aluminum P.C.	2815 Finwood Drive, Rosenberg, TX	US
S1-13756671	Pipariya Funds Pvt. Ltd.	Shree Rameshwar Pd Agrwal S/O Satyanarayan Agrawal C/O Pacmari Road, Pipariya, Hoshangabad, Madhya Pradesh	India
S1-558077075	Fishbein Ace Digitalbridge Inc.	2211 1B Copperstone Drive, High Point, NC	US
S1-786054543	Channa Mcwilliams, D.O. P.C.	12703 Cobblestone Drive, Houston, TX	US
S1-938437234	Eastern Prairie Dogecoin Inc	UT, 25 300, Orem	US
S1-363712269	Supreme Foundation Private Limited	C/O Sinimol, Thaiyidayil, Pallippuram P O, Cherthala, Alappuzha, Kerala	India
S1-810207834	Prairie Academy Inc	1346 Chelsea Court, Beavercreek, OH	US
S1-598141425	Burger Freedom LLC	13 Falls Chapel Way, Reisterstown, MD	US
S1-308958530	Vantium Inflection	554 Cr 294, Alvin, TX	US
S1-921012687	Alidia's All Brokerage PC	543 7th Street, Unit Apartment 1, Buffalo, NY	US
S1-577817081	Chiropractic Pioneer Health	7431 Little River Turnpike, Unit STE 7431-103, Fairfax County, VA	US
S1-73705135	Tri-State Allstate LLC	Petersburg, 4014 123rd Avenue, ND	US
S1-638976623	Dermatology Center	8018 Drexel Avenue, Chicago, IL	US
S1-476736519	A Star Cafe	Tuscaloosa, 1413 Kicker Road, AL	US
S1-892708995	Gulf Optimal Spa	130 8th Street, Rochester, IN	US
S1-405659542	Baptist Patriot Center LLC	920 Florissant Road, Fl 0, Saint Louis, MO	US
S1-173781994	Kyle Pimentel Sterling	3300 Johnson Avenue, Unit 11, Village Of Plover, WI	US
S1-600678953	Kolkata Your Clinic	2Nd-Fr, Fl: B1, 27, Kalidas Singhee Lane, Amherst Street, Kolkata, Howrah, West Bengal	India
S1-687950073	Karia R. Gilbert, D.C.	906 Desoto Avenue, Kannapolis, NC	US
S1-758061369	Urban Grill!	15 Parkers Lane, Unit 1, Waltham, MA	US
S1-393721506	Hagarty, Dicicco & Bukhari Generating, LLC	1276 Milner Drive, Unit APT 208, Rock Hill, SC	US
S1-423565136	Jmd Brothers Private Limited	Flat No. 7D, Crescent Court, No.8, Crescent Road, Bangalore., Karnataka	India
S1-163908522	Surgical Specialists LLC	5800 Sand Pebble Place, Raleigh, NC	US
S1-154021009	News Technologiesprivate Private Limited	Basai Road, Gurgaon, House No. 1494, Jal Vihar Colony, Jharsa, Haryana	India
S1-993694226	Shramik (India) Chit Pvt. Ltd.	Plot No. 80/A, Flat No. 101, Srinivasam Residency, Addagutta Society, Kukatpally Housing Bo, Ard, Hyderabad, Telangana	India
S1-728087785	Huston & Lefebvre Oneim, LLC	892 North Avenue, GA, Atlanta	US
S1-49466556	Patel Freight LLC	5116 Salem Ridge Road, Holly Springs, NC	US
S1-371564705	Hong & Hazelton Inc	3942 Harmony Drive, Lehi, UT	US
S1-725150587	Saria Therapeutics Inc	3538 Cherrystone Road, Cheriton Town, VA	US
S1-564036616	Finance Pansari Reality Private Limited	F 201 Shivshakti Complex F Shailendra Nagar, Po Chau Road S V Road, Dahisar East, Maharashtra	India
S1-317690865	Knightdale Precision Nexera	401 Crosstie Street, Knightdale, NC	US
S1-616841770	Stephenson & Farnum Inc	Kansas City, 3908 123rd Terrace, KS	US
S1-284185233	Niclarnet	513 Ridgewood Drive, Daphne, AL	US
S1-621118285	Horizon Telecom Labs LLC	91 Polaris Drive, Mashpee, MA	US
S1-217016822	Supreme Sterling Inc.	2046 Hovey Street, Indianapolis, IN	US
S1-611374288	Brightway Vidyalaya Pvt Ltd	C/O Almas Talat, Plot No., 2D/1052, Sector-11, Cda, Cuttack Sadar, Cuttack, Orissa	India
S1-780524694	Nariman Point Realty Limited	46-B, Mittal Towers, Nariman Point, Mumbai, Maharashtra	India
S1-128928910	Technologies Cnn Exports of Bangalore North Pvt Ltd	Site No 21, Third Floor, E Block Extension, Sahakarnagar, Bangalore North, Bangalore, Karnataka	India
S1-690362163	Persian Global	Unit C105, Plot T1&T4, Gf, Block 11 Zone 1 Sez-Pa, Gandhi Nagar, Gujarat	India
S1-711244339	Elite Capstone Inc	334 Wilkins Drive, Des Plaines, IL	US
S1-348059703	Rajput Public School Private Limited	No.506 Pm House (Sri Shipping Building) M K N Road Opp To Alandur Bus Depot Alandur, Chennai, Tamil Nadu	India
S1-814244773	Optimal Wellness Consultants, LLC	112-24 209 Street, Queens Village, NY	US
S1-639424526	Sunrise Media Private Limited	318/9 Banwali Gali Chowk, Lucknow, Uttar Pradesh	India
S1-917467694	Nirmal Institute	Unit No.170, 2Nd Floor, A4, Empirecentrum Rashtrakuta, Ambarnath, Thane, Maharashtra	India
S1-958605404	Precision Business Services LLC	4 Horschu Drive, Altamont, IL	US
S1-7790352	American Montessori School Inc	707 Crestmont Drive, Evansville, IN	US
S1-710777044	Dream Investments Private Limited	B 11 Privion Iskcon Cross, Rd Ambli Bopal Rd, Ahmadabad City, Ahmedabad, Gujarat	India
S1-212190647	Ursa's Bike Shop of Pleasanton PLLC	TX, 4184 1784, Pleasanton	US
S1-194621944	Vibhuti Public School Private Limited	C/O Subodh Kumar Bimal, Vill-Mathurapur, Kahalgaon, Bhagalpur, Bihar	India
S1-717725748	Energy Pallavi Solutions Limited	12, Kumaran Colony 1St Street, Vadapalani, Chennai, Tamil Nadu	India
S1-458530988	Prairie Aria	130 Butternut Lane, Methuen, MA	US
S1-136645993	Sky Technologies Pvt Ltd	Shop No. 24, 2Nd Floor Sector 14, Opposite Krishan Mandir, Karnal, Haryana	India
S1-923414026	Maud Atkins Graphics Inc	800 Narrows Point Drive, Birmingham, AL	US
S1-529224205	Petruska, Rooker and Williamson	Bullhead City, AZ, 3026 Rio	US
S1-909787205	Rev It Up Cleaning Service	567 Randolph Drive, Morristown, TN	US
S1-939775030	Legacy Energy Products LLC	1722 Cedar Street, South Bend, IN	US
S1-971872731	Dermatology Medicine LLC	12217 Scarlett Way, Concord, OH	US
S1-214520990	Pune Buildestate Private Limited	Pune, Wing C. The Legend, Chaitraban Sr.No 662/12/665, Bibvewadi, Maharashtra, Pune, Flat No. 402	India
S1-51717185	Federation Trust	A-701 Railway Parallel Rd, A Block, Sahakar Nagar, Bangalore North, Bangalore, Karnataka	India
S1-91254029	PA Black	161 Falconer Street, Unit Apartment 2, North Tonawanda, NY	US
S1-366446177	Rapid Allspring	8947 Southern Highway, Rockport, WV	US
S1-191695640	Spn & Co	16/8, Arya Samaj Road, Karol Bagh, New Delhi, Delhi	India
S1-357173307	Asset Building Ministries Inc	997 Gentile Street, Layton, UT	US
S1-124664286	Hayathnagar India Pvt Ltd	Flat No 512 B-A, Metro Heights, Mamatha Nag, Hayathnagar, Hyderabad, Telangana	India
S1-52054281	Graham's Solutions Inc	4500 Thompson Road, Sedona, AZ	US
S1-431867032	Straight Edge Barbershop LLC	320 1st Avenue, Unit 3, Salt Lake City, UT	US
S1-183086200	Jaipur Herbals Private Limited	G-1, Satya Apartments, J-181, A& B Sangram Colony, Mahaveer Marg, C-Scheme, Jaipur, Rajasthan	India
S1-680548724	Abbott Long LLC	N113W17122 Driftwood Court, Unit Apartment G, Village Of Germantown, WI	US
S1-300961048	A Green Digital Associates	Carroll County, 689 Fireside Drive, VA	US
S1-959140734	Turner Construction Inc	34817 Avenue D, Yucaipa, CA	US
S1-795935340	Samara Chit Private Limited	Flat No. 28/2278 C2 Near Azha Thrikkovil Temple, Thondayad B, Y Pass, Nellikode, Kozhikode, Kerala	India
S1-561586777	Z & U Living LLC	311 Watson Street, Lewistown, MT	US
S1-232749314	NYV Systems Pvt Ltd	309 Durga Building Veera Ind Estate B/H Mukta Art Studio Andheri West, Mumbai, Mumbai City, Maharashtra	India
S1-970453713	Global Infra Private Limited	South Delhi, Delhi, S-455 F/F Back Side Road-449/481 Greater Kailash Ii Opp Park, Delhi	India
S1-651711301	Lickteig, Holt and Rai King Corp	85 Kent Lane, Pell City, AL	US
S1-123279797	Gy Charitable Trust Company	A-24 Ground Floor Prashant Vihar, New Delhi, North Delhi, Delhi	India
S1-327325151	Ahmednagar Institute	Flat No 1006, F2 Building, Revell Orchid Society, Pune City, Pune, Maharashtra	India
S1-191406032	Green Developers Private Limited	First Floor, Chokkalinganagar Main Rd, Tamil Nadu, Madurai, No.4B, Madurai South	India
S1-538751082	Black Black Consultants Limited	Mumbai, Mumbai City, Maharashtra, 38B, Shree Kapreshwar Kripa, Kapreshwar Road, Fanaswadi, Thakurdwar, Kalbadevi, 41 Floor-4	India
S1-61408376	Select Precision	1334 Shepard Drive, VA, Loudoun County	US
S1-243072911	Ridge Valley Texas LLC	975 H Street, Alex, OK	US
S1-682076324	Woods Rare L.L.C.	115 Fifth Street, Unit TRLR 28, Delaware City, DE	US
S1-83064494	Eye Partners Inc	6428 Tunston Lane, Charlotte, NC	US
S1-954668731	Diana Global	3761 Wilkinson Drive, Suitland, MD	US
S1-412879852	Shree Systems Private Limited	N-3, Lower Ground Floor, Mangolpur Kalan, Rohini, New Delhi, South Delhi, Delhi	India
S1-204303811	Mumbai Automotive Limited	A-62, Shanti Shopping Centre Chs. Ltd, Opp. Railway Station Mira Road East, Near Ish, A Wines, Mumbai, Mumbai City, Maharashtra	India
S1-881767188	4220 First Ave Apartments LLC	972 Old Ridge Road, Cross Creek Township, PA	US
S1-838913747	Duffy Express Omega	30 Lorraine Avenue, NY, Unit Apartment 6A, Mount Vernon	US
S1-77423700	Western Piedmont Stock P.C.	Johnstown, 199 Valley View Drive, OH	US
S1-35370852	Prairie Group	12432 Greensview Circle, Roscoe, IL	US
S1-106156428	Mumbai Foods Private Limited	Ltd Suren Road, Andheri E, Mumbai, 1 Papa Ind Premises Chs, Maharashtra, Mumbai	India
S1-178982122	Vance Group	Heber City, 153 1720, UT	US
S1-55364048	Uttam Overseas Private Limited	Plot No. 698 Sri Niketan Colony, Road No. 3, Banjara Hills, Hyderabad, Telangana	India
S1-373432676	Larisa Rodriguez Bitcoin LLC	Fl 1, Hillsboro, 1304 29th Court, OR	US
S1-108573058	Urban Coffee	NY, Unit Apartment 2, 1052 Center Road, West Seneca	US
S1-865801460	Temple Zion	145 Gremar Drive, NC, Holly Springs	US
S1-425841322	Best Machine Works Inc	225 Locust Road, Rutledge, TN	US
S1-850861740	Mancuso and Miller Telefonica Inc	5626 Anchor Bay Way, Elk Grove, CA	US
S1-335301031	Good Consultancy Limited	H.No.31/A, Vengalrao Nagar, Hyderabad, Telangana	India
S1-653846616	Seven Power Private Limited	H No 6-477 Sri Ram Nagar, Colony Balaji Nagar, Tirumalagiri, Hyderabad, Telangana	India
S1-169338169	Reus Idaho Company	Sanford, ME, 31 Guillemette Street	US
S1-468950898	Pediatric Dentistry Care Associates PLLC	509 Ledbetter Street, Anniston, AL	US
S1-424158750	Bay Coastal Shore	7003 Stone Inlet Drive, Fairfax County, VA	US
S1-549572357	Lotus Care Limited	Vadodara, Gujarat, Shop No-1 5, 6 Jai Bharat Vip Society Behind Utkarsh School, Diwalipura, Race C, Ource	India
S1-970570026	Tri-State Signature Principal	20 Mazzeo Drive, Unit 221, Randolph, MA	US
S1-345521170	Favovue	704 Copperline Drive, Unit 102, Chapel Hill, NC	US
S1-597643775	United Media Limited	S No.14/1/2, Thite Nagar, Near Bishnoi Mandir, Kharadi, Pune, Maharashtra	India
S1-441247462	Anastasie's Healthcare Inc	314 Nashville Road, Rocky Mount, NC	US
S1-277252427	Ultra Hospital	S-212, 2Nd Floor, Top Class Enclave, Near Bhoidapada Bus Stop, Gokhiware, Vas, Ai East, Palghar, Thane, Maharashtra	India
S1-491584669	Tech It Limited	34 E 1St Street, Lalbahadur Colony Peelamedu, Coimbatore, Tamil Nadu	India
S1-292037060	Cascade Pediatrics	5752 Clover Ridge Drive, Elida, OH	US
S1-621881637	Beryle Williams Green Seas Inc	385 Monument Hill Road, Hubbardton, VT	US
S1-225765248	Thane Merchandises Pvt. Ltd.	Shop No.102, Opp. Surya Kiran Hotel, Vaishnavi Chambers, Near Durgadi Bridge, Kalyan, Thane, Maharashtra	India
S1-100930840	Naisha & Associates Pvt Ltd	207, 2Nd Floor, Living Style Mall, Jasola, Delhi, New Delhi, Delhi	India
S1-827404843	Curtice's Signs	16 Grasslands Circle, Brookhaven, NY	US
S1-43179162	SB Highland Mines, LLC	25990 Cedar Valley Road, Natrona, WY	US
S1-363374351	Shiva Jai Builders Private Limited	B1/H3 Mohan Co-Operative Industrial Area Mathura Rd, Block B, New Delhi, North East, Delhi	India
S1-126681683	Golden International School Partners	Erein, Charampa, Bhadrak, Bhadrak, Orissa	India
S1-799766613	Rungta (India) Trips Private Limited	Shop No. 12 Omega Mall, Sector-25, Rohini, Delhi, North West, Delhi	India
S1-135539670	Span Law Chambers	11B/98 Sanatan Nagar Kamta, Chinhat, Lucknow, Uttar Pradesh	India
S1-746683686	Silicon Solutions	Moradabad, Uttar Pradesh, C/O Gindor The Mafi Po, Umri, Moradabad	India
S1-71059788	Orthopedic Creative Care Associates P.C.	615 Murray Hill Drive, Youngstown, OH	US
S1-79836286	Superior Materials Company	60 Porter Hall, City Of Platteville, WI	US
S1-144070569	Murbad Producer Private Limited	M-29 Midc Additional, Murbad, Kudavli, Murbad, Thane, Maharashtra	India
S1-455385190	Commercial Staffing Industries	9307 Alcove Grove Road, Chesterfield County, VA	US
S1-515405708	Victory Clinic Partners	401, Sheraton House, Opp Ketav Petrol Pump, Polytechnic Road, Ambawadi, Ahmedabad, Gujarat	India
S1-899355168	Foil Menon Private Limited	Block-H Shop-110 Sumel 11, Nr Namaste Circle, Ahmadabad City, Ahmedabad, Gujarat	India
S1-891081851	Clean Better Power Associates	175 Lane Drive, Hazel Green, AL	US
S1-733831514	Cedar LLC	5 Woods Lane, Clinton, CT	US
S1-557253466	Baba Healthcare	202, Park House, Park Street, Opp. Virasat Restaurant, Near Pink City, Petrolpump, Jaipur, Rajasthan	India
S1-743654289	Solutions Lifeline Stories Mumbai Private Limited	3Rd Floor, Mumbai, C-315, Sambhaji Nagar, Maharashtra	India
S1-545392608	Strategic Defense Group	746 Christmas Tree Road, Dunn, NC	US
S1-907037029	Floating	1615 104th Street, Vancouver, WA	US
S1-49915991	Sargent, Morello & Pierson	DE, Newark, 1712 Blatty Place	US
S1-461625528	Ear Nose & Throat Heartland Medicine Clinic	1160 Forest Drive, Kingston Springs, TN	US
S1-657485263	Veque Inc	286 Marlborough Street, Unit 3, Boston, MA	US
S1-844650108	Dulcea A. Diggs, DPM	Justiceburg, TX, Unit 2877 B, 2877 B Us Highway 84	US
S1-159431942	Tompkins Aegon LLC	6249 Argyll Place, Missoula, MT	US
S1-568546215	G & E Peace Inc.	113 Santa Fe Trail, Jacksonville, AR	US
S1-61826424	Kailas & Co	Eastend 3Rd Floor, Plot No. 22, Jayabheri Enclave Gachibowli, Hyderabad - 500 032, Hyderabad, Telangana	India
S1-966430807	Rks Multiventures (India) Private Limited	Gut No - 259/2 Nimon Road Sinnar Nashik, Nandur Shingote, Sinnar, Nashik, Maharashtra	India
S1-996433364	Zitella Hawkins, O.D.	120 Buchanan Street, Topeka, KS	US
S1-878130687	Raven Anderson Safe Hovnanian	Babylon, NY, 6 Beta Drive	US
S1-81939319	West Frontier Aldabra Corp	333 Long Sands Road, Unit Unit 1A, York, ME	US
S1-463759505	Lotus Hotel Infotech Private Limited	305, Second Floor, Alfa Estate Building, Opp Bus Stand, Jalandhar - I, Jalandhar, Punjab	India
S1-63667775	Guru Infrastructure Private Limited	Tamil Nadu, Nilgiris, 1/489, Sri Durga Complex Denaducombai Post, Ooty	India
S1-55102023	Brady Dental Associates	12365 Ensley Drive, Fishers, IN	US
S1-809883172	Schmitt Delta Chain	NC, Charlotte, 2125 Lynbridge Drive	US
S1-928880829	Crystal Wellness Innovations Inc.	Paris, 1520 Hearon Street, TX	US
S1-670927004	Elkins Virtus LLC	145 Brookview Drive, Newport, TN	US
S1-401153469	Highland Montessori School	2902 18th Street, Rogers, AR	US
S1-247794943	Ruiz Lodging Inc	TX, Katy, 26811 Scarlet Willow Drive	US
S1-702065685	Sree Infotech Private Limited	New Delhi, North Delhi, Ashok Vihar, Phase-1, Delhi, G-2	India
S1-365231028	Legacy Materials Corporation	3007 Monterey Drive, Flossmoor, IL	US
S1-350132104	Hotel Consulting Private Limited	C/O Noushad Gulzar House, Govt Hospital Road Vizhinjam, Neyyattinkara, Thiruvananthapuram, Trivandrum, Kerala	India
S1-287698956	Swad Pharmaceuticals Private Limited	Plot No 222 First Floor, Kuan Mohalla, New Delhi, South Delhi, Delhi	India
S1-354973856	Advanced Bay Teucrium LLC	217 5th Street, Unit Apartment B, Ellwood City Borough, PA	US
S1-724460143	North Ngl Inc	51175 Sigerfoos Avenue, Elkhart, IN	US
S1-92120993	Bingham, Lyons & Villa, Inc	49 Tankeroosen Road, Vernon, CT	US
S1-920210928	Bonita Smith Breeze Inc	332 Pine Shoal Drive, Snow Hill, NC	US
S1-436436807	Filer Starling	1020 Johnson Street, Pasadena, TX	US
S1-71482987	Fong Petroleum Inc	16890 500, Seymour, IN	US
S1-18393760	Oxnard Liberty Mid	243 Lark Street, Oxnard, CA	US
S1-977331326	CVA Drive LLC	5530 17th Avenue, Unit G4, AZ, Phoenix	US
S1-959672123	Westover Health Superior Trust	29140 Revells Neck Road, Westover, MD	US
S1-272849486	W/K Bnb Inc	Fl 0, 1701 Folkstone Drive, MO, Saint Louis	US
S1-530496673	Professional Wealth Digital LLC	2404 3rd Street, Washington, DC	US
S1-862544798	Elite Ses LLC	4443 Hillsboro Hematite Road, Festus, MO	US
S1-960659992	Beitris Mobley Atlantic Angel	4609 21st Place, Cicero, IL	US
S1-903065271	XDI Consulting Private Limited	Shop No.2 Ratanpura Nr Ambicamata Mandir Opp Shivkush Nagar Vastral Road, Ahmedabad, Gujarat	India
S1-694315802	Kenny Total Controls Inc	6348 67th Court, Riverdale, MD	US
S1-695691073	Uptown Bike Shop	1215 Kartchner Trail, AZ, Benson	US
S1-487534078	Cornerstone Energy Products LLC	1553 Cedar Gate Circle, Birmingham, AL	US
S1-936115324	Sudershan & Brothers Ltd	Aashreya 7-1-34 F N Ameerpet, Hyderabad, Telangana	India
S1-393211938	Haveli Kunj Pvt. Ltd.	M. No.4/235, Khoklai, Devi Chauk, Haveli, Pune, Maharashtra	India
S1-333168114	Om Food Private Limited	Bh-124, Sector Ii Salt Lake City, Near Tank No. 7, Kolkata, Kolkata, Howrah, West Bengal	India
S1-404129787	Supreme Builders Private Limited	Statesman House Barakhamba Road, Connaught Place, Delhi, 4Th Floor, New Delhi, Central Delhi	India
S1-645943279	Santiago, Peters and Reese	3 Bennett Avenue, Bloomfield, NY	US
S1-584674725	Black Ventures Pvt Ltd	32 B/21 Takshila Mahakalicaves Road Andheri East, Mumbai, Maharashtra	India
S1-13499422	Khanna Systems	Calcutta, West Bengal, 9/3A Ram Mohan Bera Lane, Kolkata	India
S1-847347269	Rosalind B. Hernandez, DPM	15 Quincy Close, Ridgefield, CT	US
S1-878398299	Om Impex Private Limited	Flat No. A 606, Brigade Omega, Turahalli Village 1St Block, Banashankari 6Th Stage, Subra, Manyapura, Bangalore, Karnataka	India
S1-487755040	Mumbai Textiles Private Limited	Unit No. 444, 4Th Floor, Kaliandas Udyog Bhavan, Century Prabhadevi, Century Baazar, Mumbai, Maharashtra	India
S1-560609838	Ramachandrapuram Health Pvt Ltd	Telangana, Medak, 19-136/G6, Ramachandrapuram, Flat No.G6, Gayatrhi Residency	India
S1-795082525	Carrissa Stangel Legacy East Inc	10517 Glenbrook Avenue, Cottage Grove, MN	US
S1-212876759	Skinner Better Power	3548 Levon Drive, Wilmington, NC	US
S1-147784198	Hanover County Autism Assistance Total Fund	8174 S Mayfield Lane, Hanover County, VA	US
S1-288036039	Hamilton, Swanson & Harvey Value	TX, Austin, 13001 Pollard Drive	US
S1-427446240	Malinowski's Fresh Massage Care	1239 Bluebonnet Avenue, Ventura, CA	US
S1-202173657	Hanover County Youth Association	12133 Doswell Road, Hanover County, VA	US
S1-983772416	Vegan & Brothers	Door Nos Kp Vi 171, 177, 178 Varadoor Town, Wayanad, Kerala	India
S1-166820303	Odonoghue Equity Partners LLC	NC, 728 Mcentire Road, Rutherfordton	US
S1-620874858	Patna Technologies Pvt Ltd	Plot No 218 B, Patliputra Colony, Patna, Bihar	India
S1-767109221	Innovative Infrastructure	TX, 10602 Fairfax Street, Houston	US
S1-460253380	White Infra Private Limited	Aurangabad, Office No. 101, Sai Trade Center, Cts No. 19149, Near Mayor Bunglow, Railway Station Road, Maharashtra, Aurangabad	India
S1-814825607	Ceex Rocky Company	23128 Fm 1314, Porter, TX	US
S1-659475289	Sree Tech Private Limited	No. 36, Aryagowda Road West Mambalam, Chennai, Tamil Nadu, Chennai	India
S1-291763333	Costanza Busch Telefonica LLC	4680 Mcclellan Highway, Branchland, WV	US
S1-688083761	KA Reliable Sky	4685 Valley Road, Tucson, AZ	US
S1-504933019	Watts, Wall & Anderson Nuclear Clinic	201 Sollie Ayscue, Henderson, NC	US
S1-995235655	Creative Agro Private Limited	Opp. Civil Lines Police Station Above Simran Boutique, 1St Floor, Civil Li, Nes, Moradabad, Uttar Pradesh	India
S1-385307649	Allied Cornerstone Tax PLLC	NC, Burlington, 1736 Vanderbilt Court	US
S1-20116005	Dermatology Physicians Inc	17402 Owens Landing, King George County, VA	US
S1-932906903	Bangalore Mobiles Pvt. Ltd.	No. 1315, 1St Floor, Double Road, Indranagar, Bangalore, Karnataka	India
S1-623993543	Swastik Technology LLP	11/293, Nadackal, Erattupetta, Kottayam, Kerala	India
S1-61699228	Krishna Shiva Energy Private Limited	165/4 Criper Road, 2Nd Floor, Konnagar, Hooghly, West Bengal	India
S1-294888631	Regional Committee V	TN, 357 Ragon Road, Philadelphia	US
S1-114356496	Value Green Municipals	6923 Creft Circle, Lake Park, NC	US
S1-865910693	Maid Coffee	VT, 24 White Place, South Burlington	US
S1-680364136	Silver Immunopharma LLC	3941 Terrace Drive, Oxnard, CA	US
S1-131633754	Jay Blue Infra Private Limited	C/O-Ram Bilash Sharma, Jeetan Chowk, Dighi Kala, Hajipur, Vaishali, Bihar	India
S1-994634360	Eilis's Engineering	Fontana, 5034 Cottontail Way, CA	US
S1-866535168	Indore Properties Private Limited	196, Kalani Nagar, Indore, Madhya Pradesh	India
S1-898454707	New Global Private Limited	Plot-87/89, Trinity House, Ss Gaikwad Rd Dhobi Talao, Mumbai, Maharashtra	India
S1-648649650	The Dent Tattoo	788 Mead Drive, Fl 1, Chandler, AZ	US
S1-908451123	Crystal Elite Staking Care	2102 Rawls Ranch Court, Conroe, TX	US
S1-62899637	Martin Atlantic Fargo Care	TX, Trinity, 117 Royal Oaks	US
S1-553533042	Lucknow Steels Private Limited	269/205 Birhana, Lucknow, Uttar Pradesh	India
S1-173123445	Grove Global	2104 Lakeview Parkway, Orange County, VA	US
S1-313448121	Signature Nutrition Group	2006 Presbury Street, Baltimore, MD	US
S1-952865119	Hari Care Private Limited	2/381C Senjeri Bypass, Selliyamman Nagar, Perambalur, Tamil Nadu	India
S1-916987221	Bonnibelle Adcock, DPM	741 Frederica Street, Unit 15, Atlanta, GA	US
S1-147180288	Foot & Ankle Optimal Physicians LLC	517 21st Street, Lumberton, NC	US
S1-299141700	Cure Tattoo	Midway, 654 Appenzell Lane, UT	US
S1-738237888	Southern Software Pvt Ltd	65 Tatabad 6 Th Street, Coimbatore South, Coimbatore, Tamil Nadu	India
S1-206530017	Vision Choice Health LLC	10702 650, Shoals, IN	US
S1-427344860	Super Investments Private Limited	161/1-3, Tamil Nadu, Coimbatore South, Coimbatore, Kalidas Road	India
S1-278907918	Agl Homes LLP	Flat No. 90, First Floor, Deshbandhu Co Operative Group Housing Society, I.P. Extn. Patparganj, East Delhi, Delhi	India
S1-155335385	Shivam Infrastructure Pvt Ltd	S. No. 207/1/1, 304, Sonigara Landmark, Near Kaspate Wasti, Wakad, Pune City, Pune, Maharashtra	India
S1-752578023	Legacy Pharmaceuticals LLC	2404 Rio Grande Del Sol Court, Albuquerque, NM	US
S1-422360244	Tejan Kumar Private Limited	2/1A, Rail Vihar, Sector-, Galleria Dlf-Iv, Gurgaon, Haryana	India
S1-15907098	Brooks & Robinson LLC	3714 Kensington Drive, Springfield, MO	US
S1-794424036	Funk Montessori School	71 Hawkins Circle, Wheaton, IL	US
S1-736840695	Smart Packaging Technologies	277 Corey Road, Boston, MA	US
S1-926408382	Raines's Capital Book Store	4558 Harrison Street, Fl 1, Chandler, AZ	US
S1-773670983	Oxnard Pediatric Dental Vanguard Care Associates	1618 E Street, Oxnard, CA	US
S1-586070670	Malena Brown Great Osprey	132 Old Fairway Road, AL, Huntsville	US
S1-423513289	Genovera Schuchardt Credit PLLC	329 Blackbird Street, Village Of North Fond Du Lac, WI	US
S1-459501795	Consultants Bharat System Private Limited	2/83, Kovil St, Rajakapati, Collectorate Post, Dindigul, Tamil Nadu	India
S1-919856265	Rose Infocom Private Limited	Plot No. 4190 Dhabai Ji Ka Nohara, Sanganeri Gate, Jaipur, Rajasthan	India
S1-995723024	1449 Sunset Lane Partners, Inc	33-22 Farrington Street, Flushing, NY	US
S1-213733425	Tech Indo Projects Limited	C-128, Singh Bhoomi Colony Khatipura, Jaipur, Rajasthan	India
S1-222335156	Cardiology Associates of Newton Inc	231 Wicksburg Road, Newton, AL	US
S1-373516555	Fayette Gaylord Value Alpine LLC	2561 950, Russiaville, IN	US
S1-974697730	Radhakrishna Traders Limited	Chennai, Sf. No. 26/1 West Mada Street, Chennai, Maduravoyel, Tamil Nadu	India
S1-307581912	Ambrose Commodity LLC	63 Betsy Drive, Islip, NY	US
S1-868100106	Lakshmi Business Private Limited	C/O Prabhakar Laxman Mutyalwar Pole No-A 114, Ward No 15, Mul, Chandrapur, Maharashtra	India
S1-810848610	Plastics & Sons Private Limited	Rs No. 138, P No. 13, Apmc Road, Gokak, Belgaum, Karnataka	India
S1-341564472	Raviya Infra of Konnagar	99/A Indira Gandhi Road Prasanna Vila, Ground Floor Flat No-13, Konnagar, Hooghly, West Bengal	India
S1-788224716	Dryden Innovative Fortunex	198 Park Way Drive, AZ, Tonto Basin, Unit 47	US
S1-728279659	Outreach Services Pvt Ltd	#303, 4Th Floor, Swasthik Plaza, Above Himalaya Book World, S.R.Nagar, Hyderabad, Telangana	India
S1-736070413	Great Impex Private Limited	H.No-20, S No.12, Ram Nagar Cidco Aurangaba, Aurangabad, Maharashtra	India
S1-367291716	ND Liberty Mercury LLC	IL, Lake Zurich, 1155 Omalley Drive	US
S1-212984060	Internal Medicine Rocky Specialists	2039 Sundried Lane, San Tan Valley, AZ	US
S1-402439052	Royal Software Private Limited	Flat No.4117, Sector-D Pocket 4, Vasant Kunj, New Delhi, South West Delhi, Delhi	India
S1-721469485	Primary Care Center of Staten Island Inc	130 Hunter Avenue, Staten Island, NY	US
S1-757025063	Classic Management Private Limited	Flat No. 401, 3Rd Floor White House 382, Sant Nagar, East Of Kailash, New Delhi, South Delhi, Delhi	India
S1-678417684	Asquare Bajrang Company	Kozhikode, Kerala, Vadakara Road, Kuttiyadi P.O, Kuttiyadi, Vi/596	India
S1-215236345	White Industries Private Limited	115, D.M. Tower, 21/1, Race Course Road, Indore, Madhya Pradesh	India
S1-719693602	Balaji Engineering	1-H1, Karthik Nagar Sowripalayam, Coimbatore, Tamil Nadu	India
S1-157075971	Alpha Consultancy Limited	Opposite Dawat Restaurant Above Indian Overseas Bank National Highway Kh, Anna, Khanna, Patiala, Punjab	India
S1-298926490	Sun Logistics Pvt Ltd	41/A 1St Cross 3Rd Block, Ayyappa Nagar, Bangalore North, Bangalore, Karnataka	India
S1-55338353	Jay Projects Private Limited	A-26 Royal Industrial Estatenaigaum Cross Road Wadala, Mumbai, Maharashtra	India
S1-727807753	Golden Yoga	UT, 4029 Olympic Way, City Of Holladay	US
S1-472129133	Alpha Bright Industries	Plot No 19, Sy No 43, Brundavan Colony, Kavuri, Shaikpet, Hyderabad, Telangana	India
S1-330827982	Kanayannur Engineering LLP	Building No. 5/257A8, Suite No. 30B, Heiley Spaces, Basement Floor, Pallath Square, Fact Kalamassery Rd, Kanayannur, Ernakulam, Kerala	India
S1-813025320	Southern Bright Properties Private Limited	Floor-Grd, Plot-70, J R Shetty Building, Nakhoda Street, Off Abdul Rehman Street, Pydhonie, Mandvi, Mumbai, Maharashtra	India
S1-799097253	Chiropractic Specialists LLC	1010 310th Street, Kiron, IA	US
S1-715979163	Sun Investment Private Limited	409/1, Punjab, Ludhiana, United Street, Brindaban Road, Civil Line, Ludhiana	India
S1-392507986	East Delhi Samachar Limited	43/64 I Vardan Apartment, Prastha Extn Delhi, East Delhi, Delhi	India
S1-32040673	Maid Coffee	509 Fourth Street, Unit 1, Fall River, MA	US
S1-771832824	Aditya Technologies Private Limited	Plotno.1/South Side Part, Hyd, Telangana, Sy No 307, Gajularamaram, Quthbullapur, Hyderabad	India
S1-995710811	Sambhavi Brothers Private Limited	Plot No. 1938, Gidc Industrial Estate, Halol, Panch Mahals, Gujarat	India
S1-419877116	Select Can Inc	400 Sailor Way, Fuquay-varina, NC	US
S1-853863544	Mendiola, Riddick and Foisy Central	1303 Conant Road, Athol, MA	US
S1-570624954	Tech Richie Media Private Limited	423/2, Ward No 32, Balpurwa Teh Sohagpur, Shahdol, Madhya Pradesh	India
S1-137454868	Piedmont York, L.L.C.	4416 Oliver Street, Hyattsville, MD	US
S1-723496429	YDG Stores Limited	Pune City, Sr No 117/1/1 Fortune, Pune, Maharashtra, City Pune City (M Corp)	India
S1-681145529	American Certified Pacific	12009 Prairie Avenue, Chicago, IL	US
S1-240916563	Orthopedic Physicians	City Of Two Rivers, WI, 2112 43rd Street	US
S1-609730619	Neelam Service Public Limited	C/O Rajashri Ravindra, Patil At Post New Pargaon, Shirol, Kolhapur, Maharashtra	India
S1-876907974	Chaudhary Holdings	27/1736, Kolavely Buildings, 2 Nd Floor, Kunnumpuram-Civil Station Road, Thrikkakara, Ernakulam, Kerala	India
S1-938180424	Thompson, Sears and Brizuela LLC	307 Front Avenue, Rockwood, TN	US
S1-141266793	Bickel, Chacon and Fernandez LLC	3025 Martin Way, Fl 1, Olympia, WA	US
S1-558526383	Arleyne Sass Capital Centurion Inc	9635 Clark Road, Dallas, TX	US
S1-36216088	Urban Food Private Limited	Flat No.504/A, 5Th Floor, Plot No.1-98/4/1-13, 28&29, Image Garden Road Jain Sadguru Image S Capital Park Madhapur Village Serilingampally, Shaikpet, Hyderabad, Telangana	India
S1-305647610	Bugg United Painting	149 Packard Street, Avon, MA	US
S1-940529505	Kent's Continental Automotive	15 Shelton Ranch Road, Cameron, MT	US
S1-192556732	Nimovue Trust LLC	7525 Christopher Street, Fairview, TN	US
S1-661891187	Smart Orion LLC	25141 Nobottom Road, Olmsted Falls, OH	US
S1-393240482	Dermatology Partners Inc.	2554 Hwy 87, Gilchrist, TX	US
S1-637409276	Eastern Future Media Private Limited	Pune, Baner Road, Maharashtra, Paradise Towers, Opp. Sapphire Chambers, E2	India
S1-35908111	Kara M. Robertson, MD	NY, 12906 Transit Line Road, Concord	US
S1-767778690	Meryl Crowley Wen LLC	820 173rd Avenue, Fl 1, Beaverton, OR	US
S1-10102573	Mountain World LLC	91328 Coburg Road, Eugene, OR	US
S1-840632970	Devore, Amerson & Hughes Home Improvements	444 Kentucky Street, Albuquerque, NM	US
S1-569851683	Golden Massage	1901 Hurtel Street, Unit 2308, Mobile, AL	US
S1-683148514	Bureau of Housing	1232 Buckhead Trail, Mt. Juliet, TN	US
S1-888822084	White Engineering Private Limited	C/O Arun Kumar Das, Shantiniketan Balagarh Road (South), P.O. Hooghly, Hooghly, West Bengal	India
S1-856866453	Meredith Johnson Crypto Inc	KY, 1026 E Kentucky St, Louisville	US
S1-144659903	Dermatology National Center	Hanover, 3036 Main Street, ME	US
S1-563007972	Platinum Mortgage Consultants LLC	UT, 612 Palm Circle, Washington City	US
S1-91646506	Eastern Constructions Private Limited	Madurai, 36A/12, Tamil Nadu, Khan Palayam, 4Th Street, Madurai North	India
S1-356111943	Urology Care Associates P.C.	NC, Lowell, 1402 Richmond Drive	US
S1-751253099	Berkowitz, Natividad K., DO	23 Dorchester Street, Boston, MA	US
S1-710550587	Ginger Nirman Limited	1 Swami Nagar, Bhuwana, Parmanand Vatika Gali, Girwa, Udaipur, Rajasthan	India
S1-531734907	Pediatric Dental Specialists Inc	7987 Monroe Street, Milwaukie, OR	US
S1-313764026	Cozy Coffee	Fargo, Unit Apartment 3, ND, 1014 7th Street	US
S1-229036658	Allied Program Clinic	3321 Ocean Drive, Manhattan, KS	US
S1-332101711	Shir Silver Bright Stellar	906 St John Millennium Road, Aulander, NC	US
S1-717055044	Kuo Sab	4317 87th Street, Hometown, IL	US
S1-149583117	Tisoft Anchor Bakery LLC	184 Court Street, Elizabeth, WV	US
S1-934952873	Garcia College	3570 Chiswick Court, Silver Spring, MD	US
S1-596665846	Mcknight Green Esports LLC	79 Boone Road, TN, Medina	US
S1-687967252	South Safe Xflh Inc	1400 Hartford Avenue, Unit Apt A4, Russellville, AR	US
S1-762218444	Lauralee's Partners Inc	913 Daleann Avenue, Dekalb, IL	US
S1-786819975	Z+ Maintenance P.C.	329 Rambling Lane, Bluff City, TN	US
S1-386005269	Urgent Care Clinic of Greenburgh PLLC	500 Pondside Drive, Unit Apartment 2H, Greenburgh, NY	US
S1-226090714	Star Infra Private Limited	1/440, Vadakkancherry P.O.Trichur Dist, Thalapilly, Thrissur, Kerala	India
S1-177016509	First Consulting Private Limited	2Nd Floor, Ravindra House, Kalbadevi Road, Jambulwadi, Mumbai, Maharashtra	India
S1-228806910	Baba Infotech Private Limited	Abhijit, 7Th Floor Mithakhali Six Road, Ellisbridge, Ahmedabad, Gujarat	India
S1-820932784	Platinum Cornerstone Centurion Inc.	Vilonia, 12 Hasting Place, AR	US
S1-230308182	Orthopedic Group	260 Epes Street, Unit 103, Blackstone Town, VA	US
S1-977062079	Morrison Array Inc	2205 Genesee Street, Solvay, NY	US
S1-137434441	Innovative Staffing Concepts Inc	171 Islip Boulevard, Islip, NY	US
S1-996635275	Ann Doherty Best Adamas Inc	3532 Paddock Court, Fort Wayne, IN	US
S1-519878511	Lotus Prime Care Limited	Maharashtra, Office No.104, Thane, Ambarnath, C- Wing, First Floor, Shreeji Centre, Near Tulsi Complex, Katrap	India
S1-694830809	Saran India Private Limited	House No. 253 Block Road Ekma, Ekma, Saran, Bihar	India
S1-217793004	Mumbai Tech Pvt. Ltd.	A-126, Antophill Warehousing Complex, Nr.Barkatali Naka, Wadal East, Mumbai, Mumbai City, Maharashtra	India
S1-197541434	Shyam Technology Private Limited	6/254 C-2 G.S, Ymca Cross Road, Kozhikode, Kerala	India
S1-364479937	Sun Finance Private Limited	At Post Wadebolhai, Rahu Road Taluka Haveli, Pune, Maharashtra	India
S1-516245246	FTM Global Limited	Kerala, 2Nd Floor, Santhosh Shopping Complex, Near Kannan Varkey Bridge, Ernakulam, Amcw 20/784-C2, Alappuzha	India
S1-328457260	Thane Tools Private Limited	Ithink Techno Campus, 7Th Floor, A Wing, Off Pokhran Road No. 2, Close To Eeh, Thane, Maharashtra	India
S1-581606301	Rudloff's Crystal Metal Works	Unit 6, 100 Paradise Drive, TX, Nacogdoches	US
S1-526590712	Primary Care Pioneer Specialists	IN, Indianapolis, 8447 Laurel Valley Drive	US
S1-602222388	Mueller, Priscella, D.O.	31456 Nocks Landing Road, Accomack County, VA	US
S1-574028897	Balaji Logistics Private Limited	171, 7Th Floor, Tower-A, The Corenthum A-41, Sector-62, Noida, Gautam Buddha Nagar, Uttar Pradesh	India
S1-118999534	One Agro Private Limited	C/O Sou Priti Shrikantji Rathi At Post Nalwadi, Tq. Wardha, Dist. Wardha, Maharashtra, Wardha, Maharashtra	India
S1-500140736	Apex It	Yavakapady Po Madikeri District, Madikeri, Kodagu, Karnataka	India
S1-650487601	Orthopedic Clinic	10121 Mesita Drive, Dallas, TX	US
S1-640494271	Blue Consulting Private Limited	A-95A, Ground Floor, Gali No. 6, Madhu Vihar, Patparganj, Shahdara, Delhi	India
S1-754204824	Guru Investments Private Limited	97/374Bhandari Compound Narpali Bhiwandi, Thane, Maharashtra	India
S1-600663022	Optimal Retail Products, Inc	9331 87, Wayne, NY	US
S1-878217034	Campos Rockwool Inc	3925 52, West Lafayette, IN	US
S1-374766299	Green Products Pvt Ltd	H- 34- B F/F Gewa Sampada, Cghs, Arjun Apt, New Delhi, West Delhi, Delhi	India
S1-199702910	Norma Law Chambers	J-8/109, Ug Floor Rajouri Garden, New Delhi, Delhi	India
S1-274854864	East Global Private Limited	Gautam Buddha Nagar, Uttar Pradesh, 5Th Floor, Sector-02, C-7, Noida	India
S1-894414661	Summit Media LLC	45 Franklin Avenue, Lower Merion Township, PA	US
S1-336713437	Safalya & Brothers Private Limited	201/A, Vertex Vikas, Sir M. V. Road, Andheri (East), Mumbai, Maharashtra	India
S1-677745439	Chiropractic Colonial Care Associates	3024 California Avenue, Carmichael, CA	US
S1-319675725	Jangid Chemicals Private Limited	A-10, Shastri Nagar Road, Jaipur, Rajasthan	India
S1-15105893	Wealthy Solutions Private Limited	Unit No. 703, 704, Amba Tower, Plot No.2, Community Centre, D.C Chowk, Sector-9, Delhi, North West Delhi, Delhi	India
S1-95328301	Harbor Activate PC	1235 Adams Street, North Chicago, IL	US
S1-462157371	Rium Management	4921 Sue Avenue, Groves, TX	US
S1-205635108	Caex Equity Partners	85 Chippen Hill Road, Burlington, CT	US
S1-248527077	Madurai Memorial Trust	Pno. C-481, Ngos Colony, Saroornagar, Hayathnagar, Hyderabad, Telangana	India
S1-882546163	Le Solutions Private Limited	304-A Wing, Daya Sagar Chs Ltd, Gokuldham Gen Ak Vaidya Marg, Goregaon East, Mumbai, Mumbai City, Maharashtra	India
S1-912114336	Premier Learning Laboratories Group	9 Tallwood Trail, Fluvanna County, VA	US
S1-36817212	Safe Great, Inc	UT, Park City, 2569 Canyon Gate Road, Bldg BUILDING	US
S1-145817527	Tirupati Al International Private Limited	No 006/Ground Floor, Om Renuka Aparment, Cabinxroad, Kharigoan, Nearambemata Mandir, Bhayandareast, Thane, Maharashtra	India
S1-969793169	Vega Highland Manulife Holdings	1015 Omni Drive, Salt Lake City, UT	US
S1-984826563	Images Ai Pvt Ltd	304, Lodha Luxuria Priva, Copernicus B, Majiwada, Thane, Maharashtra	India
S1-736381003	Audra Hope Lake	78 State Route 188, Trenton, TN	US
S1-518192073	Computer Services (India) Private Limited	North West, New Delhi, Khasra No 48/22/ I Floor Ground Landmark Near Mansha Devi Road, Vill. Pan, A Paposian, Delhi, House No 1109-B	India
S1-476520565	Eastern Heartland Surgical LLC	6823 Edmar Court, Cincinnati, OH	US
S1-86825383	Coastal Hologram Inc	Town Of Janesville, WI, 6116 Burrwood Drive	US
S1-5015677	SX Music Pvt Ltd	Plot No-454, Palashree, Near Ashapuran Bazar, Nimapada, Puri, Orissa	India
S1-343226247	Gold Energy Private Limited	Flat No. 502, Tower A-12, Tulip Violet Darbaripur Road, Sector 69, Gurgaon, Haryana	India
S1-468256744	Jain Infra Private Limited	House No. New No. 189, Khasra No. 120, Floor 2 Nd, Gali No. 17, Block- D, Landmark Near Jagat Pur Moad, Village Wazirabad Extn City, Delhi, North, North Delhi, Delhi	India
S1-685106343	Royal Business Private Limited	Bochaha, Muzaffarpur, Khesari No 319, Bihar, Khata No 100	India
S1-429266588	Surya Marketing Private Limited	R.S No 87/2, Ram Nagar Vadgaon, Kolhapur, Hatkanagale, Maharashtra	India
S1-847541903	Aryan Mills Private Limited	Old No.84, New No.34, Sheikpet Middle Street, Kancheepuram, Tamil Nadu	India
S1-96425143	Maix Complete Figx LLC	N9086 Kernan Avenue, Village Of Harrison, WI	US
S1-417264153	Himaja Institute	H.No 424, Janta Colony, Ward 34, Near Jagran Park, Rohtak, Haryana	India
S1-51846404	1 800 Movers	Hot Springs Village, 76 Greco Way, AR	US
S1-65033837	Pierrette Deboer Elite, LLC	14010 Moon Road, OH, South Solon	US
S1-715549935	Dania Abbasi Ave Group	18306 Fairwood Meadow Court, Houston, TX	US
S1-223810919	Anand Om Services Limited	Sno.2/2/2 The Woods Wakad, Nr Kalewadicircle Rhno.74, Maharashtra, Pune City, Pune	India
S1-27485328	MH Oil	12 Carbuncle Drive, Oxford, MA	US
S1-9540168	Literacy Initiative Inc	Unit 35, 3744 Mcclendon Drive, AZ, Pine	US
S1-617063301	Anson, Good & Smith Inc.	NY, East Nassau, 1 Woodard Road	US
S1-126022071	Jay Food Private Limited	Orissa, Jagatsinghpur, Khata No 181 Nimidhi Gate Bazaar Paradeep Garh, C/O Ramesh Ch Nayak P.No 40, Jagatsinghapur	India
S1-191510054	Bangalore & Brothers Private Limited	3Rd Floor, Sri Bhagavathi Complex Hmt Main Road, Gokula 1St Stage, 2Nd Phase, Karnataka, No 361, Bangalore	India
S1-211899846	City Enterprises Limited	Banke Bind Toli, Tehsil Aarah Nagar, Arrah, Bhojpur, Bihar	India
S1-53407617	Borivali West Foundation Private Limited	Sh-1 Rite Oscar, Mumbai, Borivali West, Maharashtra, New Vikrant Chsl Lt Road	India
S1-768411321	Vivaon Holdings	12422 Pershing Street, El Mirage, AZ	US
S1-116176160	Deva Seva Samiti	Madhupura Industrial Estateplot No 5 6 7 Madhapur, Rajkot, Gujarat	India
S1-179360994	E Ward Infrastructure Ltd	Sf - 1 & 2, Arihant Towers, 511, Kh/2A, E Ward, Kolhapur, Maharashtra	India
S1-908230405	Walls and Reddy Idea L.L.C.	Huntington, 90 Folsom Avenue, NY	US
S1-660980751	Best International LLP	Guptabhavan, Plotno.7, Sectorn-7-J, Nearfusecallcentre, Cidco, Aurangabad, Maharashtra	India
S1-241179264	Ss Hospitality Private Limited	First Floor B-23, Sector- 63, Noida, Gautam Buddha Nagar, Uttar Pradesh	India
S1-516208132	Maitri Multi Private Limited	Plot No. 8/3, Opposite Rewa Railway Station, Godhar, Rewa, Rewa, Madhya Pradesh	India
S1-901076896	Maa Agro Private Limited	C-1204, Cosmosexecutive Apartment, Palam Vihar, Gurgaon, Haryana	India
S1-987449355	Management Fort Silk Pvt. Ltd.	Gala No.246, Ashirwad Industrial Estate, Goregaon West, Building No.5, Ram Mandir Road, Goregaon West, Mumbai, Maharashtra	India
S1-618552816	Mendez & Handley LLC	1856 Concord Road, Amelia, OH	US
S1-478922381	Catha Kirn, Esq.	14610 Union Street, Harvey, IL	US
S1-231333182	Lumina Trading Pvt Ltd	438, A/P Chipri, Post Jaysingpur Tal: Shirol, Dist. Kolhapur, Mh, Kolhapur, Maharashtra	India
S1-298582507	Dolesoft Inc	308 Toy Street, Terra Alta, WV	US
S1-14592397	Spangler Creative Hill Inc	15807 Olive Grove Drive, Zachary, LA	US
S1-214392480	Carlen Patel Specialists LLC	6228 150th Street, Omaha, NE	US
S1-218751276	Arly Mendez, M.D., P.C.	1657 Stoney Creek Court, Valparaiso, IN	US
S1-641063039	Chattisgarh Trading Ltd	Dem Phoenix Sales Office, Ground Floor, Bldg 7, Near Times Of India Press, Off Western Express Highway, Kurar Village, Malad East, Mumbai, Maharashtra	India
S1-11248736	AD Life Inc	40 Old Rock Lane, Norwalk, CT	US
S1-549126346	Wallace & Johnson Kkr LLC	5414 Wind Mountain Lane, Raleigh, NC	US
S1-252548173	Quirky Business Private Limited	145 Linghi Chetty Street, Chennai, Tamil Nadu	India
S1-786921563	Alice & Co	Indore, 402 Veshnvi Heights, D-11 Shri Ji Veli, Bicholi Mar, Indore, Madhya Pradesh	India
S1-888854475	Shark Foundation	414/A, 415/416, 4Th Floor, Jolly Bhavan No 1, 10, New Marine Lines, Mumbai, Mumbai City, Maharashtra	India
S1-95746959	Patino Capital of Winston-salem	2007 Frontis Plaza Boulevard, Winston-salem, NC	US
S1-719182631	Colletti Best Doubleline LLC	1867 Benson Road, Garner, NC	US
S1-793333566	Shyam Consultants Private Limited	229/14, Second Floor, Gali No-02, Railway Colony, Mandawali, New Delhi, East Delhi, Delhi	India
S1-306300800	American Biomedical LLC	294 Elon Valley Drive, Winston-salem, NC	US
S1-805848052	Memorial Clean Network	147 Eastover Drive, Concord, NC	US
S1-772067006	Last India Private Limited	12-472/3/2/B8/307, 307 Aparna Amaravathi One, Guntur, Andhra Pradesh	India
S1-815558518	Vega Inc	2404 Dee Avenue, Garden City, KS	US
S1-328964126	Metropolitan Association LLC	1934 104, Town Of Magnolia, WI	US
S1-614753089	Select Choice	1174 Tappahannock Boulevard, Tappahannock Town, VA	US
S1-343805152	My Systems Pvt Ltd	#77, 16Th Cross, 1St Main, Aces Layout, Sanjay Nagar Bangalore., Karnataka	India
S1-330298408	Federal Priority	Rehoboth Beach, 14 Palmer Avenue, DE	US
S1-76326381	PYG Village	16446 Manzanita Avenue, Fontana, CA	US
S1-982236416	Vijay Infra LLP	West Bengal, Suite No. 3G, Kolkata, Howrah, Kolkata, 53 Syed Amir Ali Avenue Shivam Chambers	India
S1-659685573	Prominent Broking Corp	C/O Raniben Hajabhai Parmar, Bhaktinagar Vill. Mangrol, Mangrol, Junagadh, Gujarat	India
S1-303931070	Joyner Renaissancere LLC	226 Shawnee Court, Ofallon, IL	US
S1-189418774	Vision Heartland Health, LLC	3101 Stony Brook Drive, Unit 172, Raleigh, NC	US
S1-493083663	Abp Fund Private Limited	Flat No: 301, Amar Estates, Gafoornagar, Near Gowratulips, Madhapur, Hyderabad, Telangana	India
S1-796168118	Menion LLC	AR, Vilonia, 30 Frazier Gap Road	US
S1-103134527	Sequoia LLC	2705 13th Street, Tacoma, WA	US
S1-397344342	Harris Sunrise Ltd	759 Montclair Drive, Unit APT 5, Claymont, DE	US
S1-733371127	Seo Trust	8832 Town And Country Boulevard, Ellicott City, MD	US
S1-917282654	Reliable Freight Brands LLC	20431 White Poplar Drive, Katy, TX	US
S1-728212777	Western Barings LLC	401 Clarice Avenue, Charlotte, NC	US
S1-174064733	Elysha Chapman Pelican, LLC	6 Crestwood Drive, Norton, MA	US
S1-388909305	Bureau of Motor Vehicles	TX, Katy, 739 Rennie Drive	US
S1-952774802	Silver Packaging Corporation	1706 Severn Road, Unit R, Severn, MD	US
S1-183078285	Sam Web Private Limited	The Rutu Est Bldg D-5/301, Nr Hiranandani Est G B Rd, Thane, Maharashtra	India
S1-866696943	Garcia Premier Kodiak LLC	4720 Pine Street, Unit #N197, Tacoma, WA	US
S1-772957157	Keystone Lng	12814 21st Avenue, Phoenix, AZ	US
S1-460772936	Unique Tech Limited	16, Swapna Sakar Society, Model Town, J.P. Road, Andheri (West), Mumbai, Maharashtra	India
S1-873753008	Mumbai Marketing Private Limited	272, 274, 276 /F Wing, Solaris 1, Saki Vihar Road Opposite L & T Gate No.6, Andheri East, Mumbai, Mumbai City, Maharashtra	India
S1-516699055	Aakar Land (India) Corp	C/O Pushpendra Jatav, Mohalla Bohran Jainmandir, Etah, Uttar Pradesh	India
S1-648834232	Dream Healthcare Private Limited	Mumbai, Mumbai City, 75 Madhav Prasad Ruia Wadi Juhu Lane, Andheri West, Rm No 3, Maharashtra	India
S1-313908928	Afc Commercial	C-402, Lakshachandi Apartments, Gokuldham, A.K. Vaidya Marg, Goregaon-Ea, St, Mumbai, Mumbai City, Maharashtra	India
S1-623502162	Highland Interests Corp	4429 Iroquois Drive, Evansville, IN	US
S1-296015030	330 Park Avenue Management LLC	21502 San Luis Pass Road, Galveston, TX	US
S1-449644448	Bombay Logistics Limited	Plot No 28A & 29, Ap Industrial Estate Balanagar, Hyderabad, Telangana	India
S1-269898915	NCC Contact of Nanded	Nagareshwer Mandir Road Maulha Hatai, Nanded, Maharashtra	India
S1-107342195	Crescent Broadcasting	Plot No 1901, Aquamarine, Rainbow Vistas Rock Garden, Near Idl, Green Hills Road, Balanagar, K.V.Rangareddy, Telangana	India
S1-123044933	Alpha Infotech Private Limited	502, Kumudi Apartments Nasirpur, Dwarka Phase-I, New Delhi, South West Delhi, Delhi	India
S1-742300610	Golden Technology Pvt Ltd	712, 7Th Floor, Om Chintamani Chs K.G. Marg, Khed Gully, Prabhadevi, Maharashtra, Mumbai City, Mumbai	India
S1-758796994	Fortune Trading	1St Floor, Shree Shyam Motor, Near Ioc Petrol Pump Narnaul Road, Mahendergarh, Mahendragarh, Haryana	India
S1-917938106	Velvet Foundation Private Limited	Kolhapur, Maharashtra, 692 B1 Dhanashri Apprt, Flat Unit 1 & 2 Near Patki Hospital, Shahupuri 3Rd Lane, Kolhapur	India
S1-918127060	Laxmi Exports Private Limited	206 K No 9 Pink Pride, Jaisingpura Bas Teh., Jaipur, Rajasthan	India
S1-649388587	Beth Fellowship	4775 Chestnut Ridge Road, Unit Unit 9, Amherst, NY	US
S1-18366060	Best Clean Yhn, Inc	1254 Prairie Road, District Five, AZ	US
S1-48489481	Toth Starwood LLC	11786 Leland Lane, Huntley, IL	US
S1-95459299	Patterson Platinum Quasaredge LLC	15201 Scott Drive, Clinton, IN	US
S1-939011131	Lofloor Blue Mobility Inc	1400 Main Street, Unit 230, Clarksville, IN	US
S1-34207263	Everest Freight	City Of Racine, WI, 1434 9th Street	US
S1-262607037	Premier Investments Private Limited	12/3 Girish Ghosh Road, Belur, Howrah, West Bengal	India
S1-442809021	Corner Diner	219 Evanston Avenue, Tulsa, OK	US
S1-957571974	Atlantic Endocrinology Clinic	2054 3050 Road N, Mount Auburn, IL	US
S1-843039135	Butcher's Deli	Charlotte, Unit 351, NC, 4311 Raleigh Street	US
S1-353714242	Sbt Unit Private Limited	C/O Vijay Datttray Berde, 5/5 B & C Grd Floor 190, Mumbai, Maharashtra	India
S1-255575484	BB Industrials, LLC	431 Riehl Street, Waterloo, IA	US
S1-684607059	Star Choice Ford LLC	6 Soundview Road, Glen Cove, NY	US
S1-418379307	O+ Cayman	7790 428, Tyler, TX	US
S1-465834904	I P & R Digital LLC	34909 Heatherview Drive, Yucaipa, CA	US
S1-49623138	Blue Ventures Private Limited	New Delhi, Delhi, Vasant Kunj, B-10/7193 Ground Floor, South West Delhi	India
S1-857616955	Lugo Ridge Enclave LLC	Winston-salem, 6801 Capstone Court, NC	US
S1-778694907	Mumbai Star Private Limited	B-705, Ballerina Chs Ltd, Lokhandwala Complex, 2Nd Cross Lane, Andheri W, Mumbai, Mumbai City, Maharashtra	India
S1-584121250	Mira Turcios Royal Avalanche LLC	7199 Kenneth Court, Okeana, OH	US
S1-961600367	Dream Infotech Private Limited	B 413, Pulak City, Near Silicon City Rau, Indore, Madhya Pradesh	India
S1-330645946	New Delhi Software Limited	New Delhi, L-43-A Malviya Nagar, New Delhi, Delhi	India
S1-728807709	Jai Trading Private Limited	81/D, R.K.Chatterjee Road Ground Floor, Kolkata, Howrah, West Bengal	India
S1-231386917	City Power Private Limited	6 & 3 Swati Manor Chs Ltdj K Sawant Marg Dadar West, Mumbai, Maharashtra	India
S1-99996841	Galaxy Power	D-135. F/F Flat No. 1 Krishna Park Khanpur, Delhi, South Delhi, Delhi	India
S1-704592953	Advit & Brothers Private Limited	F No 403 M/S Aryadurga Bankar Enterprises Mulund East, Mumbai, Mumbai City, Maharashtra	India
S1-671872962	Spring Group	G-7, Sai Sangeet, 368 Linkway Road, Khar (West), Mumbai, Maharashtra	India
S1-632165053	Maguire Distribution LLC	364 900, Smithfield, UT	US
S1-385515723	Midwest Advanced Otg LLC	12775 Randolph Ridge Lane, Unit UNIT 100, Prince William County, VA	US
S1-963573260	Big Tavern	MD, 514 Riverside Drive, Fl 0, Pasadena	US
S1-292950238	All Diagnostic Collective Corp	Birmingham, 1200 14th Place, AL	US
S1-736269271	Straight Edge Yoga	311 White Street, Eastland, TX	US
S1-597819757	Sterile (India) Innovations Limited	Shop No 3, Open Mall 1To 6, College Road, Tal, Dist- Nashik, Nashik, Maharashtra	India
S1-924354290	Vidhi Management Company	Off-106B-W St.P.Cts N66 F, P.P N16 Mg, Rd Opp Elora H, Borivlai East, Mumbai, Maharashtra	India
S1-490657573	Big Solutions Private Limited	B-41, Main Durga Gali Maujpur Delhi, Delhi, East Delhi, Delhi	India
S1-44994797	Ots Clothing (India) Private Limited	8-3-169/60/1205 Mng/3, Mahatma Nagar Spr Hills, Khairatabad, Hyderabad, Telangana	India
S1-478264034	Spurr and Hill Patriot LLC	186 Narrow Lane, New Market, AL	US
S1-447199310	Surgical Partners	1120 151st Lane, Goodyear, AZ	US
S1-527328101	Fio Oak LLC	4140 Branding Iron Place, Rimrock, AZ	US
S1-116838967	Jones Rapid Hydro LLC	5860 Braeside Lane, Ferndale, WA	US
S1-113996465	Patriot Highland American LLC	2136 Greenbush Street, Lafayette, IN	US
S1-340781155	International Food Private Limited	Gujarat, Plot No. 6/1919, Surat, 3Rd Floor, Office No. 302, Prayosha Apartment, Jadakhadi, Mahidharp, Ura	India
S1-175389879	Beacon Clough, LLC	3409 Chihuahua Street, Dallas, TX	US
S1-691462100	397 Sixth Road Company	3309 Country Church Road, Montgomery, AL	US
S1-44682741	Aida's Advisors LLC	8449 Dunnavant Road, Leeds, AL	US
S1-531360021	PWU Visas Private Limited	112, 1St Floor, 345, Shre, Kingsway, Nagpur, Maharashtra	India
S1-517913363	Blue Sports	2094 Arbor Hill Parkway, Hoover, AL	US
S1-10785361	Ps India (India) Private Limited	Gujarat, Nilam Complex, Paldi, Ahmedabad, 12, Ahmedabad	India
S1-215407139	Amar & Co	1305, 13Th Floor, Trade Link, A Block, E Wing, Kamala Mills Compound, Lower Parel, Mumbai, Mumbai City, Maharashtra	India
S1-984007173	Saree Curran, P.A.	Newport News City, 7 Meadow Drive, VA	US
S1-876109868	Vick, Duffy and Vanderwerff Royce Inc	Marion, 13289 Casey Road, IL	US
S1-289827270	Primary Care Clinic LLC	720 Sprig Way, Los Banos, CA	US
S1-197231225	Andheri (W) Tex Ltd	501, Sagar Tarang, Near Picnic Cottage, Versova, J.P. Road, Andheri (W), Mumbai, Maharashtra	India
S1-805270858	Star Energy Limited	Mnit Campus, Rajasthan, Jln Marg, Jaipur, Jaipur	India
S1-58884296	Meenu Infra Pvt. Ltd.	Door No.8, W8, Angoor Street, Uthamapalayam, Theni, Tamil Nadu	India
S1-714522366	Britta Baum, DO	10911 Huntcliff Drive, Unit APARTMENT 7, Owings Mills, MD	US
S1-148985546	New Delhi Engineering Private Limited	B-31, F-2, Dilshad Garden, New Delhi, Central Delhi, Delhi	India
S1-330267378	Cn Storage Private Limited	Malappuram, 26/209 G, Malapuram, Kerala, Manchappulath, Building, Meleparamba, Tirurangadi	India
S1-259231209	Knisley, Puckett & Reddington Oak	614 Hamby Mtn Road, Purlear, NC	US
S1-361411648	Painters Local 436	3376 El Toro Road, Sahuarita, AZ	US
S1-749816943	Vision Valley Care Associates Corp	4472 Tuttle's Pointe Drive, Fl 2, Dublin, OH	US
S1-565041778	Quality Digital Global	Portland, OR, 7114 Commercial Avenue	US
S1-55732863	Indian Enterprises Limited	Plot No. 42, F/F, Hemkund Colony Greater Kailash, New Delhi, Delhi	India
S1-389390610	Doctor Academy	47-9-24/28, Sri Satya Sai Complex Dwaraka Nagar, 3Rd Lane, Visakhapatnam, Vishakhapatnam, Andhra Pradesh	India
S1-934437685	Raviendra Healthcare	W/O Dhirendra Kumar Village Matiara Tola Matiara Panchberai, Matiara, Vaishali, Bihar	India
S1-645983622	Utkarsh Fiscal (India) Private Limited	Shaikpet, Hyderabad, Raheja Mindspace Building No.3A, Telangana, & 3B Survey No.64(Part) Serilingampally	India
S1-215401687	Central Education Innovations LLC	508 Larkspur Court, Naperville, IL	US
S1-26315072	Wiseman Infotech Private Limited	Delhi, A-11/21, Delhi, Lower Ground Floor Vasant Vihar, New Delhi	India
S1-204781782	Tirupati Investments Private Limited	Office Cum Shop 0F Size 3919 Near Nabha Sahib Gurudwara, Zirakpur, Mohali, Punjab	India
S1-907491220	Romer Era L.L.C.	6337 3570, West Valley City, UT	US
S1-846409834	Great Solutions Private Limited	Delhi, North West, Jyoti Apartments. Parwana Road Road No. 42, Behind Deepali, Pitampura, Delhi, 35	India
S1-148546092	Desert Capital Kkr, Inc	11814 Echo Point Place, Clarksburg, MD	US
S1-501918626	Digital Parking Private Limited	Ground Floor, Kumar'S Krishnano.56, Ii Main Road R A Puram, Chennai, Tamil Nadu	India
S1-677481056	Krishna Ventures Private Limited	C/O Vishnu S Lokhande, Hanuman Nagar, P N Road, Mumbai, Maharashtra	India
S1-585559117	Nalanda & Sons Private Limited	13, Floor 3, Plot 595 D, Narendra Villa, Dr Babasahe Ambedkar Road, Five Garden, Matunga, Mumbai, Mumbai City, Maharashtra	India
S1-153594731	Wilkinson Meshflow LLC	401 Carpenter Road, Snohomish, WA	US
S1-242559263	Wright Assets L.L.C.	605 Rodeo Drive, Mount Vernon, TX	US
S1-419296719	Services Viswanath (india) Private Limited	11/1B Chakraberia Rd, Kolkata, Calcutta, West Bengal	India
S1-516646740	Holy Baptist Church	9560 Sycamore Road, Mount Vernon, OH	US
S1-855843830	Lucky Hair Studio	172 Kirk Drive, Newport News City, VA	US
S1-386951554	UNK Realty LLP	Level 2, Delhi, West Delhi, New Delhi, A-4/42, Paschim Vihar	India
S1-386973910	New Construction Private Limited	Mumbai, Maharashtra, 207 Stockexchange Towers Dalal Street, Mumbai	India
S1-521562487	Laurel Oncology Physicians	11404 Elmshorn Way, Laurel, MD	US
S1-559939248	Straight Edge Nails PC	1601 Rio Hondo Road, Harlingen, TX	US
S1-288405802	Adiya Woods Limited	Calcutta, 1A Burman Stjorasanko, West Bengal, Kolkata	India
S1-246724659	Red Pilates LLC	320 First Street, Ramsey, IL	US
S1-434902583	Stewart & Reyna	5735 Engle Road, Unit APT B, Carmichael, CA	US
S1-682105398	Happy Hypnosis	28036 Cedar Hill Road, Ardmore, AL	US
S1-59915191	LIV Resorts Pvt Ltd	241, Sahakara Nagar, Bangalore North, Bangalore, Karnataka	India
S1-701755240	Bright Tavern!, LLC	767 Plum View Lane, Town Of Liberty Grove, WI	US
S1-945163293	Olson, Chelsey H., P.A.	3027 101st Lane, Phoenix, AZ	US
S1-499777510	One Estate Pvt Ltd	Vipin House, A-20, 2Nd Floor, Guru Nanak Street No.3 Laxmi Nagar, Delhi, East Delhi, Delhi	India
S1-171806896	Om Healthcare Private Limited	B-2 Monami Aptnear Chandan Talkies Juhu, Mumbai, Maharashtra	India
S1-560420238	Mcgee Canadian	6794 Ott Road, Connersville, IN	US
S1-551253529	Sky Life Products Private Limited	Old No: 4, New No: 7, Khader Nawaz Khan Road, Chennai, Tamil Nadu	India
S1-405283092	Ss Builders Private Limited	Shop No 11, Bhopal, Madhya Pradesh, Bhopal, Second Floor, Metro Plaza Bittan Market	India
S1-480575773	Happy Diner	9190 83rd Avenue, Unit 1113, Peoria, AZ	US
S1-33748534	Raidurg Night Private Limited	D.No.5-109/Wv/57, Raidurg, Hyderabad, Telangana	India
S1-621535340	Management Foundation Company	House Of Sushree Sangita Mohanty At-Angargadia, Po-Balasore, Balasore, Orissa	India
S1-422100345	Bharat Foods	Bidar, Omkar Swamy Complex, Opp. Deepak Theatre, Gandhi Ganj Road, No. 9-1-394, Bidar, Karnataka	India
S1-803580797	Culbertson & Johnson Comstock	3 Cort Place, Shawangunk, NY	US
S1-531691551	Polestar & Co	3Rd Floor, N.J.S Towers, 1-98/15/1, Pillar No.1753, Madhapur, Hyderabad, Shaikpet, Shaikpet, Hyderabad, Telangana	India
S1-978280958	Ace Management	H No 1-10-90, Phulong, Nizamabad, Telangana	India
S1-94102570	East Apollo Inc	1700 Sandhill Road, Unit E203, Orem, UT	US
S1-381081367	Madhya & Brothers Pvt. Ltd.	Kanyakumari District, Tamil Nadu, Pilavakkalvilai Azhagiapandipuram, No: 10-152/1, Kanyakumari	India
S1-975591226	SZ Certified Bsp Inc	39 Black Knight Drive, Spring, TX	US
S1-970809777	Thane Pencils Ltd	8 Jawahar Colonypusad Naka Washim, Thane, Washim, Maharashtra	India
S1-747608944	Ace Marketing Co	At : Darakhapatna Kalyani Nagar, Cuttack, Orissa	India
S1-546811529	Desert Arrow, LLC	193 Teva Hollow Lane, Taylorsville, NC	US
S1-756211099	Piedmont Superior Nano LLC	87911 Territorial Road, Unit Space 46, Veneta, OR	US
S1-34775374	High Business	Flat No B/3, S No 105/1A, 72/1, Lane 15, Sneh Avishkar Prabhat Road, Erandwana, Pune City, Pune, Maharashtra	India
S1-146648619	Desert Institutions	Conover, 210 Lap Road, NC	US
S1-880798252	Edwards Services	120 Dunklin Street, Unit APT 2, Jefferson City, MO	US
S1-199752364	Plumbers Local 932 Inc.	815 6th Street, Missoula, MT	US
S1-644232250	Barnes and Henry Inc.	Unit 2, Sandusky, 912 Perkins Avenue, OH	US
S1-101455819	Coastal Worldwide LLC	307 Washington Avenue, Village Of Mukwonago, WI	US
S1-947167341	New Delhi International Private Limited	18 G/F Bank Enclave Laxmi Nagar Lovely Public School, New Delhi, East Delhi, Delhi	India
S1-662088078	Farica Parra Secure Fidelity Corp	Merced, CA, 1031 Yosemite Avenue, Unit 1	US
S1-119907076	Shashwat (India) Productions Private Limited	S. No. 152/2/1B, I.T. Park Phase - I Opp. K.P.I.T., Phase - Ii Road, Hinjawa, Di, Pune, Maharashtra	India
S1-70727123	55/58 Logistics Partners	111 Scenic View Road, Nashville, TN	US
S1-425919631	MZZ Pros Pvt Ltd	Sy No. 10/1B-P3, Bbmp Katha No. 279/245/255, New No. 279, 3Rd Cross Road, Near Vka Power Master Pvt Ltd, Hoodi Village, Kr Puram Hobli, Bangalore North, Bangalore, Karnataka	India
S1-67011397	Orthopedic Premier Clinic Inc	206 Linwood Drive, Dale, IN	US
S1-977293578	Bombay Developers Pvt Ltd	65 Ghatampur, Pratapgarh, Uttar Pradesh, 00, Patti	India
S1-403235789	Mahesh Fincap (India) Ltd	23 B, N.S Road 4Th Floor, Kolkata, Howrah, West Bengal	India
S1-813688550	Wealth & Co	Plot No 37/P, Road No 2 New Vivekananda Nagar, Tirumalagiri, Hyderabad, Telangana	India
S1-106433739	Green Media Private Limited	New Delhi, House No. 186, Delhi, North West, Tarun Enclave Pitampura	India
S1-137573948	Surgical Modern Health LLC	1224 Farm Road, Mount Pleasant, NY	US
S1-456624929	Lila Satterlee Hovnanian LLC	2140 Oakcrest Lane, Provo, UT	US
S1-551591104	Classic Trading Private Limited	Plot No.500, Sector No.25 Nigdi Pradhikaran, Near Gayatri Hotel, Pune, Maharashtra	India
S1-291633217	Dynamic Gold Logistics Private Limited	C/O Rajesh Patel, Opp Barkattullah Khaa Stadium, Balaji Mandir Road, Mauriya Jodhpur, Jodhpur, Rajasthan	India
S1-483656360	Global Council	6307 Page Avenue, Fl 0, Saint Louis, MO	US
S1-514695089	Vallabh & Sons Private Limited	Unit No.607, World Trade Centre, Bridge Gateway 26/1, Dr. Rajkumar Road, Malleswaram Wes, T, Bangalore, Karnataka	India
S1-765690318	Milena Hietpas Pro LP	325 P Street, Unit 710, Washington, DC	US
S1-210267405	Great Pinnacle National	7019 Cornell Avenue, Chicago, IL	US
S1-950459000	Creative North Systems Private Limited	Howrah, Kolkata, C/O Tamasree Ghosh Nabajiban Colony Bisharpara, West Bengal, Kolkata	India
S1-14800692	Guru Solutions	Post Box No.7, Sunabeda, Orissa	India
S1-348079453	Lanni's Green Roofing	135 Stone Drive, Crossville, TN	US
S1-107141821	Tirupati Credit Private Limited	154&155 Kodambakkam H Rdchennai-34 Chennai-34, Tamil Nadu, Chennai, Tamil Nadu	India
S1-864524700	Capital Properties LLC	AZ, Phoenix, 713 Glenhaven Drive	US
S1-179526359	Bright Foundation Private Limited	Maharashtra, H.No 4, Malegaon, Nashik, Nagzari, Tal Malegoan	India
S1-325182538	Morillo First Home Inc	13301 Clarendon Avenue, Litchfield Park, AZ	US
S1-715573425	Reliable Ace Interiors Corporation	12078 Chaparral Drive, Bridgeton, MO	US
S1-543914144	P 2 N Sumitomo Corporation	7063 Bonaire Vista Lane, Conroe, TX	US
S1-466548212	Vesaum Apex Procap Partners	17146 Running Deer Trail, Surprise, AZ	US
S1-869880798	I+ Trading LLC	4210 Elvas Avenue, Sacramento, CA	US
S1-170088788	Green Business Limited	3970, Langer Ke Balaji Karasta, Purani Basti, Jaipur, Rajasthan	India
S1-410332444	West Animal Hospital	4305 Cerulean Road, Cadiz, KY	US
S1-738259063	Aditansh Academy Group	3Rd Floor, Plot No. A 223, Rd No.16, V. Wagle Industrial Estate, Thane (West), Thane, Maharashtra	India
S1-834350425	Turner Precision Freight LLC	646 Cr 5719, Devine, TX	US
S1-874737188	Summit Pediatrics	9 Hornbeck Road, Poughkeepsie, NY	US
S1-813704733	Pushpak Animals Private Limited	Khordha, 307 C District Center Chandrasekharpur, Bhubaneswar, Orissa	India
S1-892125228	Bamaify-Easton	29441 Matthewstown Road, Easton, MD	US
S1-190269237	Modern Future LP	85 Bow Street, Arlington, MA	US
S1-139707378	Ace Consultancy LLP	No 1, Khata No: 147, Thubrahalli Village Ramagondanahalli Post, Whitefield Main R, Oad, Bangalore, Karnataka	India
S1-356545179	Bee Infra Private Limited	No.1799, I-Block, 2Nd Street, Anna Nagar West, Chennai-40., Tamilnadu, Chennai, Tamil Nadu	India
S1-777219728	West Lionheart Group	CT, 85 Truman Street, New Haven	US
S1-412124814	Guru Super Care Limited	Janak Puri, West Delhi, New Delhi, B-1/616-S Floor, Delhi	India
S1-261411265	Hunter Sui LLC	811 Winslow Street, High Point, NC	US
S1-7665638	Rhone, Rhetta, DPM, PC	183 28, Unit 424, Yarmouth, MA	US
S1-944788444	Red Ventures Private Limited	No.43, Shree Sha E.A.T. Street, Gandhi Bazar, Bangalore South, Bangalore, Karnataka	India
S1-662913168	Hill's Unified Deli LLC	1501 Moss Springs Road, NC, Albemarle	US
S1-604240541	Frank Trading Private Limited	C/O (Deepak Sharma) 195, Salarpur Kalan Village, Ghaziabad, Uttar Pradesh	India
S1-339424423	Peak Environmental Works, LLC	1539 4th Street, Washington, DC	US
S1-248161353	Jones Select Music, LLC	1209 17th Street, Mattoon, IL	US
S1-86197475	United Healthcare Pvt Ltd	16-2-668/3, Opp Brethlehem, Mennonite Bretherenchurch, Amberpet, Hyderabad, Telangana	India
S1-426253938	Ear Nose & Throat Care Associates Inc.	7306 Eichler Drive, Houston, TX	US
S1-39136321	Lanet Coffee PC	5750 Mcneven Court, Dublin, OH	US
S1-633499368	Pediatric Dentistry Center	602 Brownleaf Road, Newark, DE	US
S1-544838769	Interstate Platforms LLC	1522 Pearly Smith Road, Louisville, TN	US
S1-518358553	Leigh Larsen Gulf Liberty LLC	7610 Goodson Lane, Texarkana, AR	US
S1-251057654	Tripower & Co	Sai Home House No 205 2Nd, Cross Near Pepup Squear, Bellary, Karnataka	India
S1-913450824	Shubhi & Co	506, Spectrum Commercial Centre, Nr. G.P.O, Salapose Road, Ahmedabad, Gujarat	India
S1-557717007	South Innovative Consultancy Private Limited	Dewas, Bedamahu, Madhya Pradesh, C/O Babulal S/O Jagannath Kamlapur	India
S1-568113086	Cinder Financial LLC	228 Richard Lane, Azle, TX	US
S1-412022174	Regional Coalition	12732 Tierra Pueblo Drive, City Of El Paso, TX	US
S1-964693711	Mnk Trust	Ushas The Felicity, Fourth Floor, Road Number 2, Guttala Begumpet, Kavuri Hills, Hyderabad, Shaikpet, Hyderabad, Telangana	India
S1-940484043	Horizon Inc	1145 Micheline Terrace, Henrico County, VA	US
S1-606541764	GA Supply Limited	H.No.43 Sainik Enclave Sector-Iii Mohan Garden Uttam Nagar Pole No.1543, New Delhi, West Delhi, Delhi	India
S1-164586919	Vallez, Candra D., D.C.	836 Barnaby Street, Unit 204, Washington, DC	US
S1-115578314	Binod Trading Ltd	E-5 Ground Floor Tower E Paramount Golf Foreste Zeta-1, Greater Noida, Gautam Buddha Nagar, Uttar Pradesh	India
S1-949002960	Direct Allspring	10100 Sheridan Road, Owasso, OK	US
S1-666512325	Hale's Horizon Cosmetics	808 Seward Street, Rochester, NY	US
S1-706970785	All Technologies Private Limited	Flat No 508 Sri Gayatri Classic Apartments Lingampally, Hyderabad, Telangana	India
S1-896392732	Pelikan Sustainability Private Limited	60, Shiba Pada Paul Pally Ariadaha, Kolkatta, Kolkata, Kolkata, Howrah, West Bengal	India
S1-106109264	Diamond Peoples Ltd	812 Windcrest Road, NC, Durham	US
S1-374870966	Behavioral Health Clinic of Waldo	361 Columbia 70, Waldo, AR	US
S1-800309662	LX Mines LLC	2609 Appling Crest Drive, Memphis, TN	US
S1-29880047	M & M Commerce LLC	250 Ivy Drive, Liberty Hill, TX	US
S1-33315303	Dermatology Green Physicians	7903 Pleasant Valley Road, Camden, OH	US
S1-523910636	Kirsch, Stevens and Gavilanes LLC	19190 Temple Drive, Strongsville, OH	US
S1-727129197	Family Associates LLC	13440 169th Avenue, Unit #224, Happy Valley, OR	US
S1-983821055	Sharity Cooksey Gss LLC	251 Henri De Tonti Boulevard, Tontitown, AR	US
S1-497053330	Newdelhi Consult Co	410 Sector A Pocket C Vasant Kunj, Newdelhi, South West Delhi, Delhi	India
S1-913304074	Arjun Services Limited	Uttar Pradesh, Kanpur, Juhi, Kanpur, 71/11 Lal Colony	India
S1-208148903	Rnk India Limited	No.610, 15Th Cross, J P Nagar, 1St Phase, Bengaluru South, Bengaluru, Bangalore, Karnataka	India
S1-149549229	Colonial Premier Tpg LLC	5 Saint Josephs Street, Troy, NY	US
S1-536101922	Francisco and Warren LP	9324 Deer Run Road, Williamsburg, MO	US
S1-156992521	Services Autonomous Vikas Private Limited	101, Bhoomi Breeze Chs Ltd, Kulupwadi Road We High Way, Raheja Estate Next To National Park, Borivali E, Mumbai, Mumbai City, Maharashtra	India
S1-359440945	Daon Continental Music LLC	7667 136, Terrell, TX	US
S1-82116945	Shree Producer Private Limited	1/54, Bharathiar Street, Moovarasampet, Chennai, Tamil Nadu	India
S1-875452933	Abl Drishti Pvt. Ltd.	Cl-299 Mphb Colony Pitham, Dhar, Madhya Pradesh	India
S1-356968386	HGX Market Private Limited	Uttar Pradesh, Dharmshala Nawabganj, Bareilly, C/O Surendra Kumar Mo Kaharan Near Babu Ram, Nawabganj	India
S1-740565737	Animal Welfare Foundation	14020 Harrisville Road, Mount Airy, MD	US
S1-191799974	Caterina Munro Lending	Warsaw, NY, 237 Wyoming Street	US
S1-970887052	Sai & Co	67, 68 Haiderpur Viran, Centrum Plaza, Golf Course Road, Basai Road, Gurgaon, Haryana	India
S1-662514886	Able Ventures (India) Private Limited	402 Jai Monica Tower Chs Ltd, Chandan Park, Nr Jesal Park, Bhayander (E), Thane, Maharashtra	India
S1-375092160	JE Development	1970 J Road, Stockton, KS	US
S1-956911126	Lavue LLC	7936 Foxwood Drive, Raleigh, NC	US
S1-950178430	Oncology Prime Clinic Inc.	Unit Apartment 407, Eugene, 3540 Kinsrow Avenue, OR	US
S1-382419422	Samiis Holding Company	3345 La Paz Drive, MT, Billings	US
S1-296222697	Star Indo Developers Limited	C-2, Panchsheel Enclave, New Delhi, Delhi	India
S1-562065927	Ardra J. Esposito, Ph.D.	251 Cargill Lane, Hattieville, AR	US
S1-577676560	Internal Medicine Clinic	Raleigh, 7114 Eversfield Drive, NC	US
S1-644746522	Om Construction Private Limited	152/38, Mansarover, Jaipur, Rajasthan	India
S1-450263373	Adan Leon Optimal Blackstone LLC	6441 Lawyers Road, Spotsylvania County, VA	US
S1-587254698	Liberty Tri-State Jackson L.L.C.	8920 Oconto Avenue, Morton Grove, IL	US
S1-491036425	Oncology Medicine	4 Collins Avenue, Unit B, Plymouth, MA	US
S1-612894094	Forney Learning Center LLC	7707 Wheelwright Court, Plainfield, IN	US
S1-435820103	Kanayannur Solutions Private Limited	155 A2 Arackal Building, Holy Angels Road, Kanayannur, Ernakulam, Kerala	India
S1-183878283	Wealth Three Private Limited	501, Shapath Complex-1, Opp. Rajpath Club, Ahmadabad City, Ahmedabad, Gujarat	India
S1-861282833	NPV Copper LLC	124 Greenfield Road, Unit 1, Boston, MA	US
S1-905741141	Karma Heights Private Limited	Next To Strand Cinema Strand Road, Maharashtra, Colaba, Doli Chambers, Mumbai	India
S1-534222917	Enritech Providence Inc	5023 Riverdale Drive, Charlotte, NC	US
S1-357792520	Drayora Evo	2879 Invergarry Road, Memphis, TN	US
S1-648965400	Jay (India) Producer Pvt Ltd	C/O Veerpal Devipura Majhra Kachoor Dandi Aonla Post Mandora, Bareilly, Uttar Pradesh	India
S1-923082612	First Catholic Church Partners	1747 Todds Bridge Road, King And Queen County, VA	US
S1-891495594	Shagun Enterprises	New Area Ward No-11 Near Devi Mandir, C/O Ramasharay Singh, Bihar, Aurangabad(Bh), Aurangabad	India
S1-771021108	Harbor Complete Laboratories	121 Century Street, Sheppard Afb, TX	US
S1-119033930	Royal Technology Private Limited	G-8-A, No. 1, Bhagirath Palace, North East, Delhi, 1737	India
S1-529601941	Medicure Consultants	Office No. 28, Om Anand Industrial Premises Co-Op Society, Thane, Maharashtra	India
S1-937940953	Mansfield International LLC	4046 Patrick Court, Fl 1, Olympia, WA	US
S1-177357455	Dex Services Private Limited	2/33 Rb Singh, Bihar, Sampatchak, Patna, Bank Colony, Khajpur	India
S1-385749908	Mansukh Traders Corporation	B. B Road, Ward No. 22, Devanahalli Town, Bangalore Rural, Devanahalli, 1St Floor, Karnataka	India
S1-50227799	Rocky Globa LLC	563 Roosevelt Street, Harrisonburg City, VA	US
S1-815507756	Allied League	5213 Ballard Bluff Way, Sacramento, CA	US
S1-365825276	Nandi Memorial Trust	3082, Sobha Petunia, Veeranapalya Main Road Nagavara, Bangalore, Karnataka	India
S1-132586451	Smith, Debi, P.A.	220 Mcnutt Road, Sunland Park, NM	US
S1-445742098	Letourneau Neurosciences	9993 Alleghany Road, Unit Site 1067, Darien, NY	US
S1-23015614	Bay Alliance	2161 Eden Avenue, Columbus, OH	US
S1-757243419	Top India Pvt. Ltd.	Main Road, 20 - Kankarbagh, Patna, C/O Sanjay Kumar, Patna, Bihar	India
S1-610913484	King & Allen LLC	3236 Pisano Avenue, Round Rock, TX	US
S1-635875507	Western Starwood Co	IL, 9753 Seeley Avenue, Chicago	US
S1-503075350	Viex Signature Mortgage Inc	1071 Stanley Avenue, Chattanooga, TN	US
S1-70196606	TZO Components Ltd	Basement Shop 3, Prajkt Pride, Revenue Colony, Shirur, Pune, Maharashtra	India
S1-799964596	Hapur Publications LLP	405, First Floor Shivpuri, Hapur, Ghaziabad, Uttar Pradesh	India
S1-832639493	Ford Ace Valuence LLC	182 Elizabeth Parkway, Akron, OH	US
S1-200103720	Polaris	2001 Clinton Avenue, Unit Unit F102, Brighton, NY	US
S1-816688728	Kara Healthcare Private Limited	705/B, Vriddhi Chs Ltd, Kalyan Complex, Yari Road Versova, Andheri - West, Mumbai, Mumbai City, Maharashtra	India
S1-460500435	Gulf Colonial Furniture	123 17th Street, Scottsbluff, NE	US
S1-701957104	Platinum Property Solutions	3058 Cider House Road, James City County, VA	US
S1-758883837	FC Pacific Mountain	2999 Turtle Creek Road, Fl 0, Laurel, MD	US
S1-555507211	KS Enterprises Private Limited	Plot 1412, Chanakyapuri, Sainik Colony Pushpa Raj Sumitra Sadan Gola Road, Patna, Bihar	India
S1-951832034	Markham and Bacchus	181 Arnold Gamble Circle, Sacramento, CA	US
S1-388848116	Fiex Global LLC	638 Court Street, Ottumwa, IA	US
S1-910862153	Khatun Express Range	125 White Mulberry Lane, Holly Springs, NC	US
S1-833899481	Elladine's Realty	1350 Van Buren Street, Unit 1012, Phoenix, AZ	US
S1-298207223	Ruiz Gladstone, Inc	7201 Polston Court, Fairview, TN	US
S1-208975358	Ceex, LLC	6267 Willow Oak Drive, Huber Heights, OH	US
S1-799437955	India Liberty Dealers Pvt Ltd	Faridabad, Haryana, Faridabad, A-59 Sector-11	India
S1-872743834	Empire Starling P.C.	2793 Amberwick Lane, Sandy City, UT	US
S1-491611009	Anchor Chemical Group	NY, 2 South Street, Unit Apartment 3, Beacon	US
S1-896609752	Simpson Bdc	4824 79th Avenue, Phoenix, AZ	US
S1-582627592	Station Road Chit Private Limited	Shop No.G16 & G-27, Rameshwaram Complex Near Bombay Comlex, Station Road, Jhunjhunu, Rajasthan	India
S1-68553889	Nuage Overseas Pvt Ltd	A-7 Shridatta Apartment Manik Baug, Sinhgad Road, Pune, Maharashtra	India
S1-530115401	Unified Green Pineapple Corp	3633 Gricklade Drive, Charlotte, NC	US
S1-522995114	Foot & Ankle Medicine	658 H Street, Phillipsburg, KS	US
S1-983913629	Taus Breeze LLC	5440 Summerwood Court, Unit 59/B, Willoughby, OH	US
S1-294321565	Piedmont Council	119 Mead Avenue, Smyrna, TN	US
S1-377302225	Lonna Acton, D.D.S., DDS PC	1250 Whitley Farms Road, Unit B, Smithfield, NC	US
S1-905970881	Supreme Sree It Private Limited	No.71, 8Th Street, Tatabad, Coimbatore, Tamil Nadu	India
S1-436247087	Urgent Care Physicians LLC	3537 Country Walk Drive, Cincinnati, OH	US
S1-832013713	Innovative Shyam Enterprises Private Limited	Moore Street, 1E, Madras, Chennai, Tamil Nadu	India
S1-895636331	Direct Forefront L.L.C.	Chattanooga, TN, Unit D6, 5600 Brainerd Road	US
S1-551794426	Takshshila (India) World Pvt Ltd	Sb-706, Tower Gulmohar, Sector-6, Chiranjiv Vihar, Ghaziabad, Uttar Pradesh	India
S1-378057666	Rosalind's Accounting	162 I 85 N I 40 E, Unit 1/2, Efland, NC	US
S1-26091573	Foundation Lagom Logistics Pvt Ltd	Allahabad, Uttar Pradesh, Allahabad, 345 C Sulem Sarai Near Chasma Mahal	India
S1-636400330	Scroggins, Smiley and Keim Dragon Inc.	1227 8th Street, Merced, CA	US
S1-262613671	Mishra Realtors (India) Pvt. Ltd.	Gandhinagar, Building No. 13B, Gujarat, Block No. 13 Zone-1, Road 1C, Gift Sez, Gift City, Gandhi Nagar	India
S1-993002499	LDN Emarket Private Limited	No.70 Rajanarayana Towers 3 Floor, Racecourse, Coimbatore South, Coimbatore, Tamil Nadu	India
S1-621525044	Optimal Stores Company	4211 12th Street, Des Moines, IA	US
S1-720025982	Red Pub!, Inc	3645 North Street, Baton Rouge City, LA	US
S1-244290455	Karnal Structure Pvt Ltd	320 Sector 5, Haryana, Karnal	India
S1-855232443	Total Direct Quasaredge Inc	300 Falling Leaf Lane, Unit 321, Asheville, NC	US
S1-784435931	Krishna Hospitality Private Limited	Atlagari Canal Para Road, P.O. : Contai, Dist. : Midnapur (East), Midnapur, Midnapore, West Bengal	India
S1-449790619	Elder & Harkness LLC	116 Foley Lane, Folsom, CA	US
S1-965136941	Sei Welfare Society	C/O Sunitha Nair, Maniveedu, Chennamkary East Po, Near Madathil Bhagavathy Temple, Kavalam, Alappuzha, Kerala	India
S1-364062615	Knight Bold LLC	3708 Greenbrier Road, Buchanan County, VA	US
S1-859646385	Indian Future Properties Private Limited	4-1-10/B/12, First Floor, Sheetal, Tilak Rd, Hyderabad, Andhra Pradesh, Telangana	India
S1-588225957	Red Healthcare Private Limited	51-A Friends Colony, Delhi, East Delhi, Delhi	India
S1-353305356	Digital Business Private Limited	Bihar, Chakki, Buxar, C/O Ravindra Kumhar, Vill, Sowan, Sowanblock-Dumraon	India
S1-221722421	Tech & Co	Panch-Jhitkahi, Villjhitkkahi Tola Sapahi, Dhaka, East Champaran, Bihar	India
S1-591618197	Grigoryan Custom Appliance Inc	1531 Jacinto Avenue, Mesa, AZ	US
S1-730053046	Barnett, Scharff and Smith LLC	NC, 6632 Forage Lane, Charlotte	US
S1-481941838	Cascade Coalition VI	9966 Adams Ridge Road, Defiance, OH	US
S1-652289915	Greenpark & Co	C/O. M/S Thirani Enterprises Pvt Ltd Cts No. 5749 Maratha Colony, Tilakwadi, Belagavi, Belgaum, Karnataka	India
S1-579262017	Deeter Resilience	4074 Coal Spring Lane, Henrico County, VA	US
S1-813164674	Signature Marketing Innovations	NM, Albuquerque, 5741 Paradise Boulevard	US
S1-543946508	Chiropractic Care of Fletcher	65 Upper Brush Creek Road, Fletcher, NC	US
S1-808070558	All Apple Clinic	1830 Mulliken Street, Carlyle, IL	US
S1-44785280	Urology Care Associates	NY, Brighton, 2279 Johnsarbor Drive	US
S1-215073370	Bavais Mountain Platinum	506 Pitman Avenue, Campbellsville, KY	US
S1-411457620	New Delhi Solutions Private Limited	F/F Rzh-372, Gali No-12, Near Jaat Dharamshala, New Delhi, South West Delhi, Delhi	India
S1-108400852	Hooghly Trading Pvt. Ltd.	3 Strand Roadp O Chandernagore, Hooghly, West Bengal	India
S1-56182119	Vicari & Sellars Index Inc	512 The Greens Avenue, Newberg, OR	US
S1-680659137	Behavioral Health Superior Care	1667 Pine Drive, Avon, OH	US
S1-944986698	Fitz Land	1505 Hillsborough Street, Unit 286, Raleigh, NC	US
S1-562404724	Boon Clinic LLP	Rz F-534-A P Ii Pole No 58, Raj Nagar, Palam, New Delhi, Delhi	India
S1-511265076	Genovera Inclan Highland Otg PLLC	TX, 131 Angelina Drive, Crandall	US
S1-223673697	Sunbeam & Co	No:307, N Block, 26Th Street, Anna Nagar East, Chennai, Tamil Nadu	India
S1-360176724	Orbium Labs Inc	3057 Station Street, Indianapolis, IN	US
S1-211517658	Horizon Innovation	17 Collinsville Avenue, East Saint Louis, IL	US
S1-797555344	Ricca Meeks European LLC	301 Central Avenue, Unit B, Elizabethtown, KY	US
S1-805319803	Seven Global Pvt Ltd	S.No.40, Digambar Nagar, Maharashtra, Pune City, Pune	India
S1-898367677	Eye Ridge Associates	Lakeville, MN, 20727 Hampshire Circle	US
S1-548313307	Urgent Care Health	2150 Rosa Road, Unit Apartment A9A, Schenectady, NY	US
S1-106051118	Juma Anadolu, LLC	1216 Maple Terrace Drive, Mansfield, TX	US
S1-7393162	Blue Learning Center Group	Unit 912, TN, Goodlettsville, 100 Robert Cartwright Drive	US
S1-735141965	UZD Human Private Limited	16, Hirabhai Market, Diwan Ballubhai Road Kankaria, Ahmedabad, Gujarat	India
S1-271049848	St. Ministries	9107 Beach Road, Cicero, NY	US
S1-934706080	Wang, Marceau and West	4 Woodduck Point, Rehoboth Beach, DE	US
S1-718875161	2873 Commerce Boulevard Owners Corp LLC	Athens, AL, Unit Apt 71, 18253 Arrowhead Circle	US
S1-439486590	Children's Fund	4629 Navarre Coulee Road, Chelan, WA	US
S1-248915792	Tigon Polytechnic	H. No. 718/A, At Revdanda Tal. Alibag, Dist. Raigad, Alibag, Raigarh, Maharashtra	India
S1-29108056	Family Clinic of Greenbrier, LLC	6620 E D Williams Road, Greenbrier, TN	US
S1-238357840	116 Washington Plaza Management Inc	6534 California Avenue, Hammond, IN	US
S1-875191914	Harbor Federation	Ottawa, KS, 511 Cedar Street	US
S1-531678758	Custom Nutrition Partners Inc.	1447 Chillingham Road, San Tan Valley, AZ	US
S1-181342679	Kamalalaya Sangh	No. 2313 Saptaghiri Padmi, 15Th Cross 2Nd Cross Hal, Bangalore North, Bangalore, Karnataka	India
S1-805836305	Hotel Solutions Private Limited	T C 37/1859Vrindavanam West Fort Fort P O, Trivandrum, Kerala, Thiruvananthapuram	India
S1-309089131	Future Impex Limited	Orissa, Flat No-324, Northern Heights Kalarahanga, Khordha, Bhubaneswar	India
S1-288894462	Perfect Urban Finance Pvt Ltd	Flat No 5 Sampige Apartments Malleswaram, Bangalore, Karnataka	India
S1-500410647	Simplex Spinning Private Limited	No 39, 5Th Cross Gopallappa L/O, Rt Nagar Bangalore North, Bangalore North, Bangalore, Karnataka	India
S1-758817732	Hotel Finance Pvt Ltd	Vatsalya, 7-1-235/48 Prashanth Colony Balkampet, Hyderabad, Telangana	India
S1-250629664	Oneal Liberty Golden LLC	3818 Pacific Avenue, Spokane, WA	US
S1-611567543	OP Hills Inc.	5221 Heathcliff Drive, Lanark, IL	US
S1-837542024	A Crystal Credit Inc	553 Par Drive, Unit Apt 6, Marion, AR	US
S1-789844585	Highlife Bees Private Limited	Indore, Madhya Pradesh, Indore, 180, Jaora Compound	India
S1-36836324	Birch Rre P.C.	W5920 Cliff Drive, Village Of Harrison, WI	US
S1-356997839	Infotech Traditional Pvt. Ltd.	1St Floor, Shivshakti Niwas, S.No. 87/4A Trimurti Colony, Azad Nagar, Kothrud, Pune, Maharashtra	India
S1-566557608	New Delhi Finance Private Limited	E-441 Greater Kailash-Ii, New Delhi, South Delhi, Delhi	India
S1-516914537	Shiva Digital Healthcare Pvt Ltd	Arcade-2, Flat No-1 Tf Vyketesh City, Nagpur, Maharashtra	India
S1-587871007	Feather Traders Company	46 Sarvodaya Industrial Estateoff Mahakali Caves Road Andheri (East), Mumbai, Maharashtra	India
S1-386601124	Francisca Fritz Crystal Global	2002 Butternut Road, Temple, TX	US
S1-911146384	Ma Multiservices Corp	35 Jijibhoy Dadabhoy Lanefort, Mumbai, Maharashtra	India
S1-888954397	Nova LLC	ME, T9 R5 Wels, 4639 State Highway 11	US
S1-145586901	Beyer Unified Senior Inc	1000 5th Street, IA, Storm Lake	US
S1-356528508	Cozy Cafe Inc	312 Oak Street, Oxford, AL	US
S1-947976443	Pune Image	Unit #1, 6Th Floor, Discoverer Building International Tech Park, Bangalore, Karnataka	India
S1-622802949	Butech LLC	23 1/2 Cheever Street, Worcester, MA	US
S1-538210669	Prapti Entertainment Private Limited	Plot No 119, Pali Bhankari Road, Near Bhankari Village, Faridabad, Haryana	India
S1-145624782	Pediatric Blue Physicians	3317 1975, Plain City, UT	US
S1-521322892	Vijaylaxmi Brothers	Nn-4, Patel Chowk Jalandhar City, Punjab	India
S1-659818013	Parker and Freeman Connection	129 Oak Meadows Drive, TX, Springtown	US
S1-988630610	Innovative Hospitality Pvt Ltd	Ff-14 Shreenath Avenue Nr, Iira Int. School Bhayli, Vadodara, Gujarat	India
S1-300337615	Garcia Brewing	5500 Highland Drive, Unit Apt 1438, Little Rock, AR	US
S1-775895264	Better Development	106 Buckshot Way, Cedar Park, TX	US
S1-934827282	Lamb Interests Co	2634 Boulder Court, Archdale, NC	US
S1-444217826	Elk Grove Diamond Futurecrest	8371 Valpane Way, Elk Grove, CA	US
S1-268709477	Mumbai Security Group	Flat No 202 Plot No 55, Green Lane Sher-E-Punjab, Mumbai, Maharashtra	India
S1-407942647	Global Fresh Private Limited	R No. 39B Matadin Chawl No 1 Koldongri Sahar Rd Rana Cott Andheri East, Mumbai, Mumbai City, Maharashtra	India
S1-227153024	Pranit Trade Limited	63/1B1, Walajabad Main Rd, Karasangal, Kundrathur, Sriperumbudur, Kanchipuram, Tamil Nadu	India
S1-375777792	Cedillo Oceanhawk	270 Cottonwood Street, Unit 6, Ketchum, ID	US
S1-967303502	Uptown Deli	7231 Loralea Drive, Hanover County, VA	US
S1-175828265	Nonstop Chemicalsprivate	801, Dattani Plaza, East West Ind Estate, Before Safed Pool, Saki Naka, Andheri Kurla Rd, Andheri-E, Mumbai, Mumbai City, Maharashtra	India
S1-29137178	Physical Therapy Associates, Inc	Underwood, 90 Lincoln Avenue, ND	US
S1-676498042	Olanon Plum	9 Pinecrest Drive, York, ME	US
S1-54589569	CB Marketing Private Limited	No 16 Sathiram East Street Nilakottai Taluk, Dindigul, Tamil Nadu	India
S1-64345142	Cornerstone Immersion Inc	3225 Baseline Road, Unit 1017, Gilbert, AZ	US
S1-171143525	Zephyr Inc	Millbury, MA, 16 A Cherry Street	US
S1-608108924	RYV Safe Montage Inc	139 Lancaster Drive, Moorhead, MN	US
S1-231813210	New Delhi Infra Private Limited	146, Upper Ground Floor, Bhera Enclave, Paschim Vihar, New Delhi, West Delhi, Delhi	India
S1-935288892	Ja & Brothers Pvt Ltd	147A, Cariappa Marg Sainik Farms, Pushpa Bhawan, Delhi, South Delhi, Delhi	India
S1-291831548	Tameer & Brothers Private Limited	G - 802, Rohan Iksha, No. 14C/123, Bhoganahalli, Bangalore South, Bangalore, Karnataka	India
S1-483967842	Durham Consulting	8 Deep Forest Drive, Durham, NC	US
S1-50047731	Office of Consumer Affairs Care	Cortland, NY, 9 Commando Avenue	US
S1-250070625	Pediatric Medicine	87-59 86 Street, Woodhaven, NY	US
S1-45275723	Thea Ortiz Invesco LLC	45 Poplar Street, Islip, NY	US
S1-327962609	Straight Edge Barbershop	1401 Covert Street, Parkersburg, WV	US
S1-166475923	Classic Power Private Limited	13/48 Char Bagh Shahganj, Agra, Uttar Pradesh	India
S1-26469428	Vivan Ventures Company	7-Cross Complex Shop No 107, Nr Khamdhrol Fatak, Junagadh, Gujarat	India
S1-210689989	The Dent Yoga	18 Dishman Lane, Crossville, TN	US
S1-567019924	Family Health LLC	710 Montreat Way, Unit 118, Knoxville, TN	US
S1-215959948	Krueger & Steward	5941 Brandon Dunes Dr, Louisville, KY	US
S1-723720736	Lifeline & Co	615 D Wing 6Th Floor Neelkanth Business Park Vidya Vihar West, Mumbai, Mumbai City, Maharashtra	India
S1-376857040	Rivera Valley Epr LLC	492 Mclean Avenue, Unit Apartment 1, Yonkers, NY	US
S1-122945454	Oncology Classic Associates LLC	20108 48th Circle, Vancouver, WA	US
S1-423892847	Arihant Properties Private Limited	Door No-17/99/D, Attupuram Chennamangallur-Po, Mukkam, Kozhikode, Kerala	India
S1-975869163	335 Main Ave Company PC	337 Old Pinson Road, Jackson, TN	US
S1-889906081	Star Builders Limited	Compartment No 51 Plot No 16Marol Coop Indust Estate Andheri (E), Mumbai, Maharashtra	India
S1-75954230	Vision Associates	292 Left Hand Ditch Road, Arapahoe, WY	US
S1-115854912	Kulkarni Institute Private Limited	Dr.No-224, Ph-Ii Kamalapuri Colony, Hyderabad, Telangana	India
S1-347233221	Perez Innovative White	5781 180, Unit Unit 4011, Gulf Shores, AL	US
S1-686372655	Safe Land Private Limited	Flat No 108 Laxmi Vani Delight, Laxmi Nagar Colony Attapur, Rajendra Nagar, Hyderguda, K V Ranga Reddy, Hyderabad, Telangana	India
S1-883262818	Value Innovative Cal	Montgomery, 4810 Windywood Circle, Unit APT B, AL	US
S1-181798488	Cornerstone Realty Digital LLC	45276 Lovings Church Lane, Heavener, OK	US
S1-539022076	Rapture Technologies LLP	House No. 494, Opposite Lohia Dharamshala, Gonda, Uttar Pradesh	India
S1-605399193	Tumkur Skills Limited	D.No.24, 40 Feet Road, Near Ganesha Temple, Tumkur, Karnataka	India
S1-346681735	Express Nutrition Digital	8112 St Charles Rock Road, Unit SUITE A, Saint Louis, MO	US
S1-988004072	Kokila Advisors	250/42 Rhb, Pratap Nagar, Sanganer, Jaipur, Rajasthan	India
S1-821657459	Traci Rice American Transportation LLC	1722 156th Avenue, Portland, OR	US
S1-498723661	Vaz Highland Tinto PC	IN, Carmel, 551 Dylan Drive	US
S1-718773890	Developers Jain Farming Pvt Ltd	Promoter B - 126, Nirman Vihar, New Delhi, Delhi	India
S1-673693814	Yashodhara Gift Private Limited	Bardhaman, C/O Jashoda Mukherjee, No: 226 Laxmipurmath Near Jora Mandir, Sudhanpur, West Bengal	India
S1-358601891	Friendship Consultancy	A/3/7 Alamgiriganj, Bareilly, Uttar Pradesh	India
S1-104233032	Poulson Intelligent LLC	Taylorsville City, 4983 Woodhaven Drive, UT	US
S1-958911526	Encore	94 Pennell Street, Westbrook, ME	US
S1-909124724	Oncology Reliable Medicine Inc	AZ, Unit 56, Phoenix, 5714 Black Canyon Access Road	US
S1-740649186	Ear Nose & Throat Associates P.C.	3223 Barnhill Drive, Charlotte, NC	US
S1-350567233	Pinnacle Coastal	3401 H Ave NW, Cedar Rapids, IA	US
S1-916370214	Risk Plum LLC	1551 Meadowlark Glen Road, Prince William County, VA	US
S1-327383978	Kolkata Hire Private Limited	11A, Jatindra Mohan Avenue, Kolkata, Kolkata, Howrah, West Bengal	India
S1-177507714	Fortune Systems Private Limited	187, 2Nd Floor, 37Th Cross, 18Th Main 4Th T Block, Jayanagar, Bangalore, Karnataka	India
S1-869309933	Future Global Private Limited	904, 9Th Floor, Surya Kiran Building, Kg Marg, Connaught Place, New Delhi, Central Delhi, Delhi	India
S1-105392988	Accurate Apps Private Limited	48/282, Lathi Mohal, Kanpur, Kanpur Dehat, Uttar Pradesh	India
S1-818151113	Supreme Business Private Limited	Flat No Qu-211-B, Pitam Pura, Delhi, North West, Delhi	India
S1-605512774	Royal Materials Products Inc	2009 Maryknoll Avenue, Maplewood, MN	US
S1-984412280	Blue Charities	Glendale, 7345 Medlock Drive, AZ	US
S1-663563711	Kaup Alpex Inc	3641 Elder Oaks Boulevard, Bowie, MD	US
S1-510003219	Pawar Distributors Pvt Ltd	House No 110 Ground Floor, Blk-D Pkt 17 Sector 3, North West Delhi, Delhi	India
S1-791036924	Ashoka Polytechnic	Maharashtra, Post- Kalus, Tal- Khed, Pune, House No. 124 At- Sangamwadi	India
S1-36330638	6-Legged Dog	548 Ricochet Drive, Fort Worth, TX	US
S1-176301807	Physical Therapy Medicine, Inc	7651 Mohawk Street, Bldg C, Tualatin, OR	US
S1-371170412	Bilinus LLC	9907 Preakness Drive, Upper Marlboro, MD	US
S1-524269445	Dynamic Trading Pvt Ltd	21 1St Cross 1St Block, Akshaya Nagar Tc Palya, Bangalore North, Bangalore, Karnataka	India
S1-745738595	India Srinivasa Tiles Pvt. Ltd.	Bldg No. 5 Room No. 15, Bmc Colony, Shivaji Nagar, Kherwadi, Bandra (E), Mumbai, Mumbai City, Maharashtra	India
S1-270462238	Orthopedic Fresh Partners Inc	508 Second Street, Albany, NY	US
S1-755834473	Eye Desert Center	4019 Us Highway 183, Gonzales, TX	US
S1-595374997	Rodi Youngblood Advertising	201 Picea Drive, Austin, TX	US
S1-933385161	Pediatric Dentistry Safe Clinic Inc.	826 Crabapple Way, Rosenberg, TX	US
S1-49881738	Saus Pinnacle LLC	450 7th Street, Unit UNIT 9, Upland, CA	US
S1-147273928	Galaxy Management Limited	C/O Ambika Prasad, Vill Post Aunhar Shekh Ps Majhaulia, Dist. West Champaran, Bettiah, West Champaran, Bihar	India
S1-691444971	Vivienne Squires Modern Armada, Inc	1736 Williamstown Road, Washington, VT	US
S1-729015887	Reliix L.L.C.	900 141, Ariton, AL	US
S1-191490925	Maurise's Custom Tavern	Telford, 335 Telford Road, TN	US
S1-719228181	Supreme Mobility Group	117 Labein Avenue, Greenville, TX	US
S1-531821671	Sibby Mancilla Southern Corporation	100 Quail Valley Drive, Godfrey, IL	US
S1-784308095	Indriya Agro Ltd	703, 7Th Floor, Arahant Co-Op Hsg Soc Yashwant Nagar, Vakola, Santacruz-East, Mumbai, Mumbai City, Maharashtra	India
S1-642488269	Rebbecca's Family Practice	2514 Messick Drive, Goshen, IN	US
S1-965347336	G & X Travel	2621 Vermont View Drive, Colonie, NY	US
S1-749811795	Sieg and Samuel LLC	3253 Richards Crossing, Fort Mill, SC	US
S1-264497979	Hazel Trujillo Information	348 Maryland Street, Buffalo, NY	US
S1-43171728	Bangalore Steels Private Limited	Bangalore, 6Th Block 22Nd Cross, Jayanagar, Bangalore, 186, Karnataka	India
S1-80116545	Noble's Pinnacle Entertainment	108 Newtown Road, Halfmoon, NY	US
S1-922172765	Kakumanu Solutions Corp	D/603 1/4 Yamuna Nagar Welfare Chs Ltd New Link Rd, Oshiwara Andheri West, Mumbai, Mumbai City, Maharashtra	India
S1-946841090	Womens Health Specialists LLC	2 Second Ave Ex, Radford City, VA	US
S1-988906261	Tirupati Healthcare	2739-2741, 2743-2745, Room No-109, Ff, Maruti Tower, Sushila Mohan Marg, Naya Bazar, Delhi, North Delhi, Delhi	India
S1-692582280	High Services Private Limited	Union Co - Operative Insurance Building -3Rd Floor, 23, Sir P.M. Road, Fort, Mumbai, Maharashtra	India
S1-296275997	Tech Industries Clinic	Shop No.G/3, B/1, Shree Ganesh Tower Chs Ltd, Gavdevi Mandir Road, Thane W., Thane, Maharashtra	India
S1-157455888	Keystone Colombier LLC	9 Nanas Way, Acton, ME	US
S1-56427257	Francois Unified Health Inc	125 Methuen Street, Springfield, MA	US
S1-748276705	Big Key Pvt. Ltd.	F N9 Sn5/10 Someshwarwadi, Sahadeo Avenue Pashan, Pune City, Pune, Maharashtra	India
S1-52388284	Shelby Shimko Diagnostics	2726 Royal Huntsmans Court, South Bend, IN	US
S1-710558824	Matchless & Brothers Private Limited	215, Second Floor, Somdatt Chamber-Ii, Bhikaji Cama Place, 9, New Delhi, Delhi	India
S1-437197292	Technet Packers (India) Private Limited	Office No.6, 7 1St Floor, Jay Anand Complex M. No. 1/0709, Near Pdcc Bank, Wagholi, Pune, Pune, Maharashtra	India
S1-843565077	Human Rights Institute	2639 Power Road, Unit 2008, Mesa, AZ	US
S1-454062783	Childers, Pruett and Eggleston Idea	1428 Hunter Drive, Redlands, CA	US
S1-403391338	Dream Business Limited	Chennai, 4, Tamil Nadu, Chennai, Langs Garden Road, Anna Road (Po)	India
S1-416243756	Producer Shree Alumni LLP	Unit No. 138, 139 And 140, Jmd Megapolis, Sector-48, Dlf Qe, Gurgaon, Haryana	India
S1-905555975	Bay Fellowship	OH, Cleveland, 18059 Fairville Avenue	US
S1-928316074	High Switchgear Private Limited	Thootha P.O Pariyapuram, Anamangad, Malappuram, Malappuram, Malapuram, Kerala	India
S1-86431758	Dream Solutions Private Limited	42 Dr R C Banerjee Lanep O Asansol, Bardhaman, West Bengal	India
S1-839726829	Navdurga Solutions	Room No.3, Usman Dudhawala Chawl No.3, Gundawali Gawthan, Azad Road, Andheri Ea, St, Mumbai, Mumbai City, Maharashtra	India
S1-335518167	Ohm Shipping Private Limited	8595 Deshbandhu Gupta Road, Near Sheela Cinem, A, Delhi, New Delhi, Central Delhi	India
S1-344925630	National Mobile	115 Driftwood Road, Hertford, NC	US
S1-416106884	Findley Advanced Acadia	161 Ridgewood Drive, TN, Crossville	US
S1-389551746	Ridge Delta Enbridge Inc	922 21st Street, Lorain, OH	US
S1-877521245	Twigg, Oralla J., P.A.	4226 Ely Avenue, Bronx, NY	US
S1-155033161	Janhavi Traders Private Limited	S-062, Unistar Estate, Sahara Mall, M G Road, Dlf Qe, Gurgaon, Haryana	India
S1-252639135	Signature Biomedical Brands, LLC	905 3rd St, Grandview, TX	US
S1-960182443	Gujarat Energy	83 Sp Mukherjee Road, 4Th Floor Kolkata, Kolkata, Kolkata, Howrah, West Bengal	India
S1-234149410	Paor Holdings	4815 Berewick Town Center Drive, Unit A, Charlotte, NC	US
S1-4826541	Maggy Small Procap	26 Rousseau Road, Windham, ME	US
S1-970422184	Janhvi Trading Private Limited	Devam Complex And Industrial Park, Godown No. 26, Ahmedabad, Dholka, Gujarat	India
S1-49766290	Ishee School of Medicine	105 Seward Lane, Seward, NY	US
S1-301157349	Sharda & Co Corp	Patna, Bihar, C/O Vikash Kumar Transport Nagar Kumhrar Near Raj Community Hall	India
S1-563365732	First Engineering Pvt Ltd	D-87, Midc Ambad, Nasik, Maharashtra	India
S1-76793926	Pioneer Logistics Private Limited	H.No.7-1-299 Balkampet, S R Nagar, Hyderabad, Telangana	India
S1-896279535	Kreative Services Private Limited	P.No.119, Saswati Nagar, Dist.Shohping Center, Jodhpur, Rajasthan	India
S1-216872097	Shree Hospitality Partners	Fl No C -103, Eisha Empire Sno 45/1A/1, Pune City, Pune, Maharashtra	India
S1-324694091	Colonial Initiative LLC	CT, Manchester, 58 Jeffrey Alan Drive	US
S1-247267200	Sheba Pesticides Ltd	2/395-21, Kannappan Nagar, Kattiganpalli, Krishnagiri, Krishnagiri, Dharmapuri, Tamil Nadu	India
S1-506629756	Mcmahan, Romero and Davis Works Inc	91547 Dearborn Island Road, Blue River, OR	US
S1-268476503	Southern Services LLP	No.9/181, Sakthi Nagar Sbi Colony East, Chinnndankovil Road, Karur, Tamil Nadu	India
S1-182445053	Chang Truist LLC	501 3rd Avenue, Jamestown, ND	US
S1-388433680	Cooper Fund	Unit UNIT 1002, AZ, 8625 Belleview Place, Scottsdale	US
S1-996780714	Nashville Health Trust	617 Sanibel Drive, Nashville, NC	US
S1-561902846	PHR Pharma Private Limited	Carino Inc, Door No 7/530D, Pooladikunnu Junction, Kozhikode, Kerala	India
S1-11487119	Sree Media Private Limited	Unit No.518, 5Th Floor Platinum Tower, Near Malibu Towne, Sohna Road Sector-47, Gurgaon, Haryana	India
S1-650132415	Belia Lujan Meridian LLC	105 Pleasant Street, Melrose, MA	US
S1-787719241	Vision Associates LLC	3180 129th Lane, Blaine, MN	US
S1-730715729	Valentini Fresh Healthy Inc	Pittsburg, KS, 933 7 Highway	US
S1-696206654	Pediatric Dental Group	City Of Merrill, 2008 Main Street, WI	US
S1-131153996	Fortune (india) Limited	29, Navjeevan Society, Mahaveer Nagar Sec 4, Girwa, Udaipur, Rajasthan	India
S1-159745385	Reyes Midwest Sunshine LLC	1737 Sherman Street, AZ, Phoenix	US
S1-489206468	Ironclad Photonics Inc.	806 Dickerson Creek Drive, Jefferson City, MO	US
S1-399118184	Sophic Traders Pvt Ltd	2880/1 Bazar Sirkiwalan Hauz Qazi, Delhi, Central Delhi, Delhi	India
S1-417272257	Mcqueen Interstate River LLC	NY, Huntington, 10 Stepar Place	US
S1-100953104	White Infotech Private Limited	Near Badel Naje Abadi Hiway Bypass Banki Barabanki, Nawabganj, Barabanki, Uttar Pradesh	India
S1-252585319	Master (India) Wines Pvt Ltd	Plot No B-22, Ancillary Industrial Estate, Ramachandrapuram, Medak, Telangana	India
S1-800132386	Harrell, Lorianna, Ph.D.	7728 Deckard Ridge Road, Nashville, IN	US
S1-47287979	Ch Academy	2Nd Floor, Lp 22/5/4/1, Kolkata, Howrah, 11/H/4 Seal Lane, Kolkata, West Bengal	India
S1-863873241	Empire Society	8263 Harcourt Road, Unit APT 239, Indianapolis, IN	US
S1-599326170	Cardiology Clinic	MA, 405 Roosevelt Avenue, Springfield	US
S1-854261304	United Engineering Limited	S. No. 98/1-11/1/2 Flat No. 501 In F2 Unit Wingiii Jai Ganesh Samrajya, Opp Panjarpol, Bhos, Arigaon, Pune, Maharashtra	India
S1-567924433	Thomas Creative Therapies LLC	114 Vincent Place, Unit 206, Mooresville, NC	US
S1-149175191	SB Schwab LLC	158 Peach Street, Hillsboro, AL	US
S1-513835196	Pacific Metro, LLC	14 Sea Breeze Road, Old Saybrook, CT	US
S1-549608826	Veterans Foundation LLC	103 Sheri Lane, Agawam, MA	US
S1-902589656	Virginie's Advisors	IN, Crown Point, 1200 Maxwell Street	US
S1-694373890	Trinity Zion	5823 Shepherd Crossing Dr, Louisville, KY	US
S1-203442335	Moran College	603 1275, Cedar City, UT	US
S1-985126345	Thomas Supreme Development LP	9260 Amberleigh Drive, Plainfield, IN	US
S1-613608030	Wilborn, Admire & Ung Oil	5136 Brittney Elyse Circle, Unit STE 5136K, Fairfax County, VA	US
S1-377309209	Newton and Chambers Huntington	4323 Stevens Battle Lane, Fairfax County, VA	US
S1-209655918	H Q Kinney Holdings	2005 Halbert Street, Fort Worth, TX	US
S1-677488646	A Classic Colombier	5350 Benck Road, Imperial, MO	US
S1-289021297	Human Rights Federation	315 Maple Grove Avenue, Fort Wayne, IN	US
S1-659802521	Global & Sons Private Limited	C/21 Manek Park Soc, B/H Moti Nagar-2, Vadodara, Gujarat	India
S1-462669642	United Nano LLC	9409 Vandervoort Court, Fl 0, Saint Louis, MO	US
S1-690151152	Masco Foundation	167 Ground Floor Abhay Khand - 1, Indrapuram, Ghaziabad, Uttar Pradesh	India
S1-228744735	Raor Commerce	223 Pittsburg Avenue, Tulsa, OK	US
S1-179030333	Ch Clinic	No. 415, 13Th Cross, G Block, Dattagalli Badavane, Mysore, Karnataka	India
S1-212575248	Kc Technologies Public Limited	Pune, Fl No. L 904 Trillium Magarpatta City Hadapsar, Pune, Maharashtra	India
S1-577275733	Dev Commerce Corp	Sf.No.833/16, Pudukuppam, Gnayiru Nayur, Ponneri, Tiruvallur, Tamil Nadu	India
S1-146870252	RT Solutions	C-62, Lal Kothi Scheme, Tonk Road, Jaipur, Rajasthan	India
S1-955344039	India Midas (india) Limited	Plot No. 06 Anshul Vihar Extension Kolar Road, Bhopal, Madhya Pradesh	India
S1-934676676	Nunez Crystal Skin Care Inc	Sioux Falls, SD, 5004 Dubuque Avenue	US
S1-144726395	Orient Exports Private Limited	B-4/123, Ekta Gardens Cghs, Indra Prastha Extn., Delhi, East Delhi, Delhi	India
S1-182804857	East & Sons Private Limited	Kh No 82/12, Blk-C, Sukhbir Nagar Vlg, Delhi, Plot No 22, North West Delhi, Delhi	India
S1-350802863	Bright Bakery LP	1931 Moore Avenue, Saint Charles, IL	US
S1-7687064	Pune Chemitech Private Limited	Flat No. B-6/802, 8Th Floor, Rahul Nisarg Co Op Housing Society, Warje, Pune, Maharashtra	India
S1-696325711	Paolina Diem, Ph.D., M.D., P.C.	120 Meadow Lane, Burgaw, NC	US
S1-978737847	ENU Galaxy Private Limited	23, Iifloor, Northwestavenue, Clubroad, Westpunjabbagh, Newdelhi, New Delhi, Delhi	India
S1-989290207	Atlantic Ministries PC	295 Portico Drive, Merced, CA	US
S1-465007516	Perl Wilson, CPA, PC	KS, Kansas City, 3537 Rainbow Boulevard	US
S1-413296646	Premier It Private Limited	98/11, Onkar Nagar-B, Tri Nagar, New Delhi, Delhi	India
S1-616977860	Sai Impex	352, Sec-21, Gurugram, Palam Road, Gurgaon, Haryana	India
S1-45575585	Frayda Dukes, DPM, PC	Erwin, NY, 86 Beartown Road	US
S1-558794180	Builders Laxmi Carrier Limited	B 973 Sector A, Opp Jal Nigam Colony, Lucknow, Uttar Pradesh, Lucknow	India
S1-936432552	Pediatric Dentistry Partners Inc.	10 Chase Drive, Unit Apartment 47F, Fishkill, NY	US
S1-903155101	Dev Resorts Private Limited	Indore, Madhya Pradesh, 501 Nrk Vishal Green View, Shree Krishna Avenue Face 1, 151/F	India
S1-375045838	Cooper Pinnacle Security Group	15307 Scarlet Street, Austin, TX	US
S1-951550016	Guru Power Limited	Maatangi Medicine Centre, Shop No- G-38, Ground Floor, Property No. 8/209 And 8/209-1 To 30, Hing Ki Mandi, Kotwali Road, Agra, Uttar Pradesh	India
S1-552663412	Judd Industries LLC	7706 Madrigal Drive, Marana, AZ	US
S1-714614693	Shakti Enterprises Private Limited	House No.546, Malachiwadi, Tahsil Sangmeshwar, Sangmeshwar, Ratnagiri, Maharashtra	India
S1-749006106	East Hari Food Pvt Ltd	7-277/5, 1St Floor, Akshra Complex, Plot No.31 & 32 Shakthi Nagar, Jillellaguda, Saroor Nagar, Hyderabad, Telangana	India
S1-373334447	Aarvendra Suppliers Private Limited	Ghaziabad, Gaur Cascades, A-708, Uttar Pradesh, Ghaziabad	India
S1-514143233	Best Indo Business Pvt Ltd	Sr No:82/7;Flat No. C-708, Kamalraj Haridwar, Pune City, Pune, Maharashtra	India
S1-721084684	Solutions Ae Construction Limited	Office No. 506, Akshar Square, Near Page One Hotel, Sandesh Press Road, Vastrapur, Ahmadabad City, Ahmedabad, Gujarat	India
S1-291025703	Indrya Services Private Limited	Maharashtra, Akola, Flat No 302, Vidhut Colony, Silverstone Residency, Akola	India
S1-985062460	Integrated Highland Fortress	118 Main Street, Ramsey, IL	US
S1-321691832	Construction Avr Commercial Pvt Ltd	H No 18-34/1, Kanakadurga Colony Ramakrishnapur, Mandamarri, Adilabad, Hyderabad, Telangana	India
S1-916570710	Anand Enterprises (India) Private Limited	123, Floor-12, Plot No. 40, 87, Venus Building, G D Somani Marg, Cuffe Parade, Mumbai, Mumbai City, Maharashtra	India
S1-387996303	Delhi Realestate Ltd	South Delhi, Delhi, E-20 Ground Floor Nizamuddin West	India
S1-399009366	Robinson Neighborhood PLLC	Fort Gay, WV, 1057 Meetinghouse Branch Road	US
S1-225398001	Innovative Hospitality	Hiraman Bhai Bhoir Chl., Shivneri Ngr, C S Road, Dahisar East, Nr. Vidya Mandir, Anand Na, Gar, Mumbai, Maharashtra	India
S1-815898151	Consulting Kairali Power Private Limited	Plot Number E-32/A-2 Chikalthana Industrial Area, Midc, Aurangabad, Maharashtra	India
S1-442514231	Milky Infra Private Limited	Hafiyath Building 416/C, East Of Market, Punnapra, Alappuzha, Kerala	India
S1-570622431	Launch	1408 Granada Drive, Raleigh, NC	US
S1-263545313	Obsidian	1934 Jody Lane, North Middleton Township, PA	US
S1-835052872	Dolava Global Partners	2534 Shepard Road, Bend, OR	US
S1-354990997	Sen Rcm Private Limited	House No 530, Prasanth Nagar Medical College Po, Trivandrum, Kerala	India
S1-461675877	West Cascade Limited	DE, 227 8th Street, Wilmington	US
S1-589756256	Patriot Green Biopharma Corp	325 Limestone Valley Drive, Unit APARTMENT J, Cockeysville, MD	US
S1-602636473	Erb & Long Light	1935 Locust Place, Lenoir, NC	US
S1-461930804	My Producer Pvt Ltd	311/12, Prince Anwar Shah Rd, Kolkata, Kolkata, Howrah, West Bengal	India
S1-849821477	Michaelson Choice Village	5157 3575, Hooper, UT	US
S1-600228953	Hotel Marketing Pvt Ltd	Unit-142, Jmd Megapolis Sohna Road, Sector-48, Gurgaon, Haryana	India
S1-261931295	Misoft Securities PC	1260 2738, Caddo Mills, TX	US
S1-12384302	Womens Health Physicians LLC	W9401 Greendale Drive, Town Of Corning, WI	US
S1-408183471	Modern Duke LLC	250 Walker Settlement Road, Island Falls, ME	US
S1-863956904	1338 Highland Plaza Partners LLC	433 Washington Street, Rocky Mount, NC	US
S1-993033030	Better Constellation Inc	21 Settlement Way, Luling, TX	US
S1-508675986	Elite Immunopharma	4841 San Juan Avenue, Fair Oaks, CA	US
S1-896642956	Big Book Store-Pipestone	1183 15th Avenue, Pipestone, MN	US
S1-784327453	Satyam Consultants Private Limited	A-121 A, Floor 12Th Plot-224, A Wing, Mittal Court Jamnalal Bajaj Marg, Mumbai, Maharashtra	India
S1-902829449	East Properties Private Limited	428, Mastermind1, I.T Park, Royal Palms, Aarey Colony, Goregaon East, Mumbai, Mumbai City, Maharashtra	India
S1-388288035	Raviavi Services Private Limited	Sco 4, Sigma City Extension, Village Lohgarh, Zirakpur, Rajpura, Mohali, Punjab	India
S1-378549139	Apex Integrated Software	60 Cross Hill Road, Cape Elizabeth, ME	US
S1-100588770	Arete Services Ltd	Devkhari Ayodhya Road G.F, Nav Jivan Jyoti Hospital, Sadar, Azamgarh, Uttar Pradesh	India
S1-397539020	Rowan View of Flat Rock	2002 950, Flat Rock, IN	US
S1-587069127	Nagercoil Dance Private Limited	26/5, Second Floor, Balamore Road, Vadasery, Nagercoil, Kanyakumari, Tamil Nadu	India
S1-387803285	Dwaraka & Partners Private Limited	2Ag Asset Gardenia, Ramagondanahalli, Whitefield, Bangaluru, Bangalore South, Bangalore, Karnataka	India
S1-263753520	Silver Industries Private Limited	House No.65 (Basement), Furniture Block, Kirti Nagar, New Delhi, West Delhi, Delhi	India
S1-646597465	Ray Financial Inc.	4236 Bergamot Drive, Huber Heights, OH	US
S1-174290728	Roopraj Appliances Limited	19, Ist Floor, Corner Market(C/O World Wide Tour) Malviya Nagar, New Delhi, South Delhi, Delhi	India
S1-65978194	Eidson Family Secure Ministries	115 Doe Lane, Eidson, TN	US
S1-852416933	Spear Rmg	2856 Spring Place Road, Cleveland, TN	US
S1-231639962	Impex Consultancy Ltd	Shop -11 1 Mermaidsector-11 C B D Belapur, Thane, Maharashtra	India
S1-837748005	Deesan Forex Private Limited	Near Nanda Marketrajapeth, Amravati, Amraoti, Maharashtra	India
S1-631430352	Ibarra, Cacho and Emmons	OH, Cleveland, 10601 Tacoma Avenue	US
S1-392417866	Guerrero, Mcwilliams and Keeton Jessamine Co	201 Canter Lane, Jessamine Co, KY	US
S1-310518708	Femme Nursing Home	3-6-116, Hyderabad, Telangana, Himayath Nagar	India
S1-965220880	T 2 Reliable Supply, LLC	5405 Merribrook Ln, KY, Louisville	US
S1-600434466	GX Federal Motors	IN, Warsaw, 2580 Walton Boulevard	US
S1-876651613	Brain Clothing Private Limited	C 46 Rajdhani Krishi Upajmandi Kookar Kheda, Road No.09, Jaipur, Rajasthan	India
S1-109609629	Surgical Partners PC	5122 Laurynnbrook Drive, Pasadena, TX	US
S1-831317803	Williams, Foster & Gomez Blackrock	478 Dutton Creek Road, Campbellsville, KY	US
S1-337153408	Amritsar Ventures Private Limited	4Th Floor, Building No.86, District Shopping Centre, Ranjit Avenue, Amritsar, Punjab	India
S1-655781030	Traia Holding Company	8950 Commercial Avenue, Chicago, IL	US
S1-544342798	Ramos, Gayla J., Esq.	Unit J, 1804 Tribute Road, Sacramento, CA	US
S1-686222356	Connor Seas	826 New York Avenue, Unit Apartment 2, Huntington, NY	US
S1-628769200	Seque Enhanced LLC	40633 Co Hwy 67, New York Mills, MN	US
S1-466369301	Lisa's Coffee	501 Augusta Drive, Village Of Waunakee, WI	US
S1-406265194	Star Equipments Private Limited	D-525/25A F/F, Kh.No-550, Gali No-12, Ashok Nagar, North East Delhi, Delhi	India
S1-161128378	Cultural Guild	14 Climbing Vine Avenue, Smyrna, DE	US
S1-873094276	Awadh & Brothers Private Limited	Flat No. 202, Sarkar Palace, S. V. Road, Amboli, Andheri (West), Mumbai, Mumbai City, Maharashtra	India
S1-739597424	Claxton & Fyffe LP	8314 Greenleaf Lake Drive, Houston, TX	US
S1-177146943	Wilke and Dorsett, LLC	3408 Rio Grande Street, Victoria, TX	US
S1-153417587	Best Consultants Pvt Ltd	546, Baikunthapally, Near, Sattvika Academy, W/No. 41, Siliguri, Darjiling, Darjeeling, West Bengal	India
S1-257203049	Rio Sangh	Flat No 09. Rukhmini Appt, Chetna Nagar Opposite Chobe Hospital, Aurangabad, Maharashtra	India
S1-537258022	Economic Development Ministries	7049 85th Avenue, Crown Point, IN	US
S1-667852528	Heartland Center Inc.	164 Mountaindale Main Street, Fallsburg, NY	US
S1-105750285	Mullins, Thomas and Shoemaker Invesco	38 Norman Drive, Mountain Brook, AL	US
S1-889372471	3478 Main Plaza Apartments	33200 Mill Canyon Road, WA, Davenport	US
S1-411067780	Edwards, Atkinson & Healy Trading Clinic	Goleta, Unit D, CA, 307 Northgate Drive	US
S1-370419392	Lucky Deli	8034 Jersey Street, City Of El Paso, TX	US
S1-523682412	Bright Global Pvt Ltd	Om Tower B Wing, Room No. 201 Near Waldhuni, Jakat Naka, Kalyan, Thane, Maharashtra	India
S1-909654804	Raj Ventures Pvt Ltd	P-41, Princep Street (C.I.T. Scheme Viie) Ground Floor, Room No.19, P.S.: Hare Str, Eet, Kolkata, Kolkata, Howrah, West Bengal	India
S1-30214338	Dosoft	100 Indus Drive, Unit 2D, Greensboro, NC	US
S1-151025970	Burrell Best Silverbox LLC	9300 Hickory Hollow Road, Chesterfield County, VA	US
S1-393903055	Apex Enterprises Private Limited	C/O Prashant Rathod, Balaji Nagar Mehkar, Mehkar, Buldhana, Maharashtra	India
S1-348343236	BC Hydrogen Private Limited	Puri, Beladal, Puri Sadar, Khata No. 87 Plot No. 830, Puri, Orissa	India
S1-582749579	Consulting Grow Traders LLP	Gat No 1000/1/A/2/ Plot No 1 Near Prabhat Hotel Sakri Dhule Samode, Sakri, Dhule, Maharashtra	India
S1-130858124	Gb Hotel LLP	Vip Colony Near Manas Bharti School, Nawada, Bihar	India
S1-639063566	Muscle Shoals Wildlife Unified Federation, LLC	2213 Edwards Avenue, Muscle Shoals, AL	US
S1-394418075	Ear Nose & Throat Summit Associates Inc	Canton, 2910 5th Street, OH	US
S1-856337741	Shivansh Sangh	Flat No.1, Plot No.28, The Cosmos Cghs Sector-10, Delhi, South West Delhi, Delhi	India
S1-153703217	Select Asset Labs Inc.	165 2nd Street, Fulton, NY	US
S1-778726773	Quill Polytechnic	31, Lbs Street Sastri, Str Muthankadu, Erode, Tamil Nadu	India
S1-627530250	One Food Private Limited	Unitno.06 Gajju Piplailya, Road, Nakshatra Complex, Huzur, Bhopal, Madhya Pradesh	India
S1-693613253	Bangalore Fine Private Limited	No.50/1 (34), 3Rd Floor(C1), 14Th Main 4Th Block, Nandini Layout, Bangalore, Karnataka	India
S1-382237627	Mark Ventures	Wz Â 8, Ii Nd Floor, Sant Nagar Extn Near Chawkhandi, New Delhi, Delhi	India
S1-227158359	Ellis Montessori School Inc	1914 Contrary Creek Road, Buchanan County, VA	US
S1-960463382	Bharat Properties Pvt Ltd	Rajasthan, Lohagal Road, Lane No. 3, New Kayastha Colony, Gumanottam, Ajmer	India
S1-573064990	Raj Producer Private Limited	No 30, Bangalore, 1St Main, Rms Colony, Bhattrahalli, K R Puram, Virgo Nagar, Bangalore, Karnataka	India
S1-83694663	Historical Project	1480 Gibson Avenue, Massillon, OH	US
S1-45257038	Sree Perfect Properties Private Limited	1-3, Jayavaram, Kandukur, Prakasam, Andhra Pradesh	India
S1-164615504	V I & R Generation LLC	6541 Willowhollow Lane, Cincinnati, OH	US
S1-174234108	Rohit (India) Steels Private Limited	C/O Sandeep Sangwan, Village Garhi, Alwalpur, Kharkhara, Rewari, Haryana	India
S1-885344288	Glynis's Trading	VA, Botetourt County, 445 -UNIT 106 Roanoke Road	US
S1-78340602	Jdm Solutions Private Limited	10-2-310 West Maredpally, Secunderabad, Hyderabad, Telangana	India
S1-434002281	Ritika Realty Limited	24 Ezra St, Kolkata, Calcutta, West Bengal	India
S1-56377747	Surgical Care Associates PLLC	Little Rock, AR, 17319 Crystal Valley Road	US
S1-617704623	FJ Select Construction Inc	1618 170th Street, Omaha, NE	US
S1-762693050	Hotel Construction	16/776 (Old No. X/63D), 2Nd Floor, Sarayu Complex, Ernakulam, Kerala	India
S1-755580403	SHF Enterprises Private Limited	B-405, Premium House, Nr. Mithakhali Railway Crossing, Navrang, Pura, Ahmedabad, Gujarat	India
S1-510688610	Brown, Kasey, D.D.S.	1726 Briarmanor Drive, Ofallon, MO	US
S1-159641046	Behavioral Health Trusted Care Associates LLC	VA, 806 Clearview Drive, Vinton Town	US
S1-480769944	Complete Electronics Group	9450 Irving Park Road, Schiller Park, IL	US
S1-784555375	Technologies Matru Marine Limited	Ashoka Palace, 877, East Park Road, Delhi, New Delhi, 101, West Delhi	India
S1-709917118	Hernandez Crystal Enhanced Inc	9492 Debroux Court, Town Of Gardner, WI	US
S1-755825682	Wheeler Products	800 Grant Street, Durham, NC	US
S1-170566434	Ear Nose & Throat Pinnacle Physicians PLLC	95-35 113 Street, South Richmond Hill, NY	US
S1-319767383	Ahmedabad Services Limited	A-1203, Savvy Strata, Lj College Road Makarba, S. G. Highway, Ahmedabad, Gujarat	India
S1-233732268	Southern Edp LLC	46 Scotch Dam Road, Easton, MA	US
S1-188070281	Gurumukh Manufacturing Private Limited	350, 2Nd Floor, Tarun Enclave Pitam Pura, Delhi, North West, Delhi	India
S1-753817648	Ananda Stock Corp	House No. 806-D, Kh No. 43/29, Ground Floor, Village Bakoli, Near Mcd Primary School, Delhi, North West, Delhi	India
S1-839680533	Clean India Private Limited	F3, 1St Floor, Shiv Complex, Village Vallabh Vidhyanagar(M), Taluka Anand, Dist. Anand, Anand, Gujarat	India
S1-403457719	Taylor, Royal & Caldwell P.C.	IL, Romeoville, 171 Azalea Circle	US
S1-886551786	Highland Montreal	16842 Birkdale Commons Parkway, Huntersville, NC	US
S1-798363025	Annmarie Iglesias Pan, Inc	Sunbury, 13560 Olive Green Road, OH	US
S1-405437770	Shrinath Agro (India) Partners	Delhi, St Anns Cghs Ltd., Plot No 8A, Sector 7, A 8, New Delhi, South West Delhi	India
S1-988034975	Sturgill's Great Management	8708 Whistling Straits Way, Knoxville, TN	US
S1-618571743	Industrial Equity Consultants Inc	4434 White Pine Avenue, Tucson, AZ	US
S1-219765772	Nexelle Construction P.C.	31 Hillcrest Heights, Lebanon, CT	US
S1-491138472	Tejiya Developers Center	55 Amer Complex, Zone Ii, M.P. Nagar Mig 55 Near Pnb Bank, Bhopal, Madhya Pradesh	India
S1-243732195	Heritage Initiative Inc	3241 Troost Avenue, Kansas City, MO	US
S1-133908979	Lise Thomas Atlanticus LP	236 Maynard Road, Rockwood Strip T1 R1 Nbkp, ME	US
S1-504261681	Dorena's Apparel, LLC	IL, 16563 Cozart Avenue, Pembroke Township	US
S1-583163899	Roopva Technologies Limited	Sno 142/4, Cts No. 5102, Bld No. F-602, 6Th Floor, Pune City, Pune, Maharashtra	India
S1-178696524	Namrata Vidyalaya	F.No.-I-002 Iitl Nimbus, P.No. Gh-03 Sector-Chi V, Noida, Gautam Buddha Nagar, Uttar Pradesh	India
S1-723887905	Parsons Foods, LLC	3420 Wiley Post Loop, Anchorage, AK	US
S1-260535926	Guntur Investment Private Limited	Shop Number F Sree Modern Builders Chuttugunta Centre Guntur Guntur Guntur Ap In, Guntur, Andhra Pradesh	India
S1-809692747	Yuki Corporate Private Limited	23/9, Flat No-S4 2Nd.Floor, Pravati Apartment, Naktala Road Kolkata, Kolkata, Kolkata, Howrah, West Bengal	India
S1-374921406	Centre College Private Limited	A-12 Nirupam Estate-2, Hoshangabad Road, Bhopal, Madhya Pradesh	India
S1-291334839	Human Rights Guild Inc	505 Owen Street, Mount Prospect, IL	US
S1-530552317	First Food Private Limited	201 First Floor, Supertech Emerald Court, Sector-93A, Noida, Gautam Buddha Nagar, Uttar Pradesh, Dadri, Gautam Buddha Nagar, Uttar Pradesh	India
S1-756532295	Pipefitters Union Local No 724	6 Bicknell Street, Kittery, ME	US
S1-639448087	Kalli Summers, M.D.	365 Camino Al Barranco, La Selva Bch, CA	US
S1-804353271	Halcari Renewables LLC	18 Pear Tree Lane, Whitemarsh Township, PA	US
S1-672212822	Vaayuam Software	Plot No:25, Hno 4-98/3, Green Park Petbasheerabad, Jeedimetla Village, Secunderabad, Hyderabad, Telangana	India
S1-776954181	Technology Xact Sports Ltd	# 55, 2Nd Cross, Shampur Road, Coffee Board Colony, Bangalore, Karnataka	India
S1-933589924	Saya Knit Private Limited	51/2 Soundarya Colony Annanagar West Extension Madras, Chennai, Tamil Nadu	India
S1-751333861	Romero, Ontiveros & Bresnahan Photonics LLC	103 Eureka Street, Worcester, MA	US
S1-59058003	Bhubaneswar Aviation Private Limited	Plot No-B103, Termarind Terrace, Near Oerc Office, Damana, Bhubaneswar, Khordha, Orissa	India
S1-31271939	Lambright, Sohal and Cueto Inc	40 Wilma Road, Eastham, MA	US
S1-410668413	Smith National Supply Inc.	Roseburg, OR, 130 Hess Lane	US
S1-130086589	Certified Insurance Alliance Inc.	UT, 1760 Vista Park Way, Washington City	US
S1-798317327	Yamuiya Agro Private Limited	Gurugram, Near Aardee City, Sector 52, Urban Estate, Haryana, 1434, Gurgaon	India
S1-651926344	Stephenson Global	9922 Old Stage Road, Waynesville, OH	US
S1-697773688	3113 Mountain View Drive Properties LLC	NY, Henrietta, 67 Dessie Heights	US
S1-576393711	ZKJ Merchants Limited	98, Patel Nagar, Deoli, Tonk, Rajasthan	India
S1-622183692	Technical & Brothers Limited	No.3, Gandhi Nagar 3Rd Street, Abdul Ameer Street Guduvanchery, Chengalpet, Chennai, Tamil Nadu	India
S1-998209878	Eastern Industries Private Limited	C-134, Old C-110, Third Floor Gali No - 8, West Vinod Nagar, Delhi, East Delhi, Delhi	India
S1-748403331	Indian Timber Private Limited	C/O Sibir Kr Sengupta, Prantik Apartment Vip Road, Raghunthpur D. B. Nagar, Kolkata, Kolkata, Howrah, West Bengal	India
S1-578422540	Chittenden Schwab LLC	2405 Juniper Drive, Amarillo, TX	US
S1-240741347	Brooks Cap LLC	Harlingen, TX, 1222 Escondido Lane	US
S1-927370970	IU Cars Private Limited	B-205, Building-42, B Wing, Azad Nagar Sangam Chs, Azad Nagar, Andheri West, Mumbai, Mumbai City, Maharashtra	India
S1-4285107	Tdi Promoters Co	572 G/F Bunglow Sector 19, Faridabad, Haryana	India
S1-259841007	Young (India) Constructions Private Limited	4526 Dlf Phase 4, Hibiscus Main, Dlf Qe, Gurgaon, Haryana	India
S1-113550187	Goodman, Dunn and Blakes Block PLLC	2360 Sylvester Circle, AZ, Show Low	US
S1-359817814	Cascade Lion Inc.	NY, Brooklyn, 118 Legion Street	US
S1-126425263	Shiv High Power Private Limited	Ceramics Road, Kasaragod, Wayanad, Kerala	India
S1-636753598	Galaxy Tech Private Limited	B-403, Rajshree Avenue, B/H Dinesh Hall Income Tax, Ahmedabad, Gujarat	India
S1-640044387	Siouxie Peterson Legacy Advisors LLC	821 900, Pleasant Grove, UT	US
S1-734068246	Malynda Kaur Legacy Ocean	605 Johnson Street, El Paso County, TX	US
S1-179271772	Coimbatore Services Private Limited	Door No.164-A, New No.2, Basmati Complex Balaji Nagar, Siddhapudur, Coimbatore, Tamil Nadu	India
S1-673947617	Eye Partners LLC	65 Charter Street, Unit 3R, Boston, MA	US
S1-705915203	Jefferson Massage	401 K Street, Unit G13, Washington, DC	US
S1-671019242	Health Fund LLC	2003 Tabasco Way, Murfreesboro, TN	US
S1-585107938	Kolkata Services Limited	70 71 Nainan Para Lane, Kolkata, Calcutta, West Bengal	India
S1-574964449	Synneum Worldwide	5125 Greenwood Avenue, Redmond, OR	US
S1-786394724	Foot & Ankle Specialists of Paris	930 Center Street, Paris, TX	US
S1-10914674	Baker Health Center Inc	17024 8th Avenue, Shoreline, WA	US
S1-680011811	Kn Export Private Limited	Shop No 11 - 13, D G Complex, Near Rto Office, Pcntda, Chikhali, Chinchwad, Pune, Maharashtra	India
S1-268924724	Carol Stream Wildlife Clean Network Partners	692 Bluff Street, Unit 203, Carol Stream, IL	US
S1-357956834	Vismaya Marketing LLP	Office No.T-7 Lsc Sec.A, Mayur Vihar Ph-3, T/F P.No.1, Pankaj Mayur Plaza Phase-1, Kondal, I Gharoli, Delhi, East Delhi, Delhi	India
S1-682881822	Integrated Grand Enclave LLC	1260 Field Lane, Robersonville, NC	US
S1-754621128	Nari Tello Holding LLC	12817 Mandalay Lane, AZ, El Mirage	US
S1-667906650	VEZ Rocky Zeo LLC	1019 Clark Circle, Celina, TN	US
S1-58448814	Chinnakkarai Advisors Private Limited	242/4B, 4C Karaipudur Pirivu, Palladam Road, Veerapandi Post, Chinnakkarai, Tirupur, Tamil Nadu	India
S1-334613119	Aditya Trading	Marg, Abv Hdfc Ghatkopar W, Mumbai, C410Kailash Explanade Lbs, Mumbai, Maharashtra	India
S1-373542813	Royal Wireless Collective	501 14th Ave, Unit UNIT 15, Durant, IA	US
S1-203587926	Global Great Ellington LLC	1924 Keasey Street, OR, Roseburg	US
S1-226163817	Great Rare Holdings	2036 Claremont Street, Phoenix, AZ	US
S1-162793443	Henderson Interstate Physical Therapy PC	1027 Hinckley Road, Clinton, ME	US
S1-174360531	Classic Products Private Limited	Mig 11-648, Kphb Colony Level 1, Matrix It Hub, Kukatpally, Hyderabad, Telangana	India
S1-319803773	Heartland Alussa	8476 Hickory Lane, Town Of Cedarburg, WI	US
S1-552454085	Bhopal Township Private Limited	210 K.N.I Sarani, Kolkata, Howrah, West Bengal	India
S1-671160538	Ayngaran Marketing (India) Private Limited	Jaipur, Rajasthan, Ashapura Shyalawas, Bandikui	India
S1-969205212	Martin, Dianemarie, Esq.	KY, 3002 Springtime Ave, Louisville	US
S1-694238108	Blue Industries Pvt Ltd	D-467, Ground Floor, Extension-1, Sector-7 Harijan Basti, Palam, Delhi, West Delhi, Delhi	India
S1-283881582	Goldia Klein Vanguard Information Inc.	2200 Keepsake Drive, Austin, TX	US
S1-198739579	Green House Private Limited	15/237 C, Cherukavu, Ernad, Malappuram, Malapuram, Kerala	India
S1-39635653	Madras Power (India) Pvt Ltd	Asha Chamber, 6B. Bentinck Street Room No. 6A, Ground Floor, Kolkata, Kolkata, Howrah, West Bengal	India
S1-111187001	Ckm (India) Tech Pvt Ltd	B-1, Shaktidham Apartment, Beside Satidadi Mandir, Siliguri, Darjiling, Darjeeling, West Bengal	India
S1-932103139	Bright Blue Altisource	2930 Millbrook Street, Akron, OH	US
S1-607212498	Shaw & Benz	703 College Lane, Unit 9, Salisbury, MD	US
S1-684403978	Sai Trading LLP	New Delhi, 19/1, New Delhi, Gali No - 1, 3Rd Floor, Govindpuri, Kalkaji, Delhi	India
S1-597550527	CT Industries Private Limited	Door No: 22/362H K.Puram, Tanalur, Malappuram, Malapuram, Kerala	India
S1-248050840	Raye Vannatta Fortress P.C.	13286 Henry Street, Unit #151, Beaverton, OR	US
S1-786940733	Heritage Fund LLC	581 Davis Street, Virginia Beach City, VA	US
S1-329132834	Digital Healthcare Private Limited	3, Shubham Apts, Mahatma Nagar, Nashik, Maharashtra	India
S1-916271211	Division of Motor Vehicles	105 Cox Street, Morganton, NC	US
S1-385834244	Ingram & Navarro Pharmaceuticals PLLC	2464 Hillstock Avenue, Akron, OH	US
S1-582057159	Florentine Realty Pvt Ltd	526 B, Otc Scheme Near Charak Chatrawas, Ambamata, Girwa, Udaipur, Rajasthan	India
S1-334733674	Lotus Food Limited	Plot No 175-176 New Vishkarma Nagar, Jamalpur, Ludhiana, Punjab	India
S1-997731506	Ace Tech Tech Private Limited	8, Nalanda Appartments D-Block, Vikas Puri, New Delhi, West Delhi, Delhi	India
S1-95592336	Baba Services LLP	Door No. 16-2-62/1, Kankanady, Mangalore, Dakshina Kannada, Karnataka	India
S1-433225698	Eastern Blue Israel-Palestine	103 Miller Street, Palestine, TX	US
S1-781608659	Baptist Metro Services Partners	7148 Bridgetown Road, Cincinnati, OH	US
S1-413884258	Cognate Vidyalaya	Kalyan Bhawan R No 2Ground Floor Telli Gully Opp Imperial Hotel Andheri (E), Mumbai, Maharashtra	India
S1-221571016	Gonzalez and Tucker Vulcan, LLC	115 College Street, Incorporated, ID	US
S1-962909612	Little Nails	South Jordan, 2538 Horseshoe Circle, UT	US
S1-652343462	Urology Ridge Care Associates Inc	85 Telegraph Road, Ausable, NY	US
S1-924728856	HC Prudential LLC	7605 252nd Road, Arkansas City, KS	US
S1-897858581	Autism Assistance Initiative Elkhart	58583 Sheena Lane, Elkhart, IN	US
S1-248566799	Flamingo & Co	19, Synagogue Street, City Centre 4Th Floor, Room No. 454, Kolkata, Howrah, West Bengal	India
S1-742022801	Diluzio, Young & Moran Steers	4110 21st Place, Chicago, IL	US
S1-882286956	Clouser Complete Jab	164 Robinson Parkway, Riverhead, NY	US
S1-210958355	Risser Onfolio	WA, 820 196th Street, Spanaway	US
S1-910304460	Mohammad Brothers Private Limited	No.34, Godown Street, Madras.1. Madras.1., Madras.1., Tamil Nadu	India
S1-511876979	Cascade Logistics Inc.	3000 Georgia Street, Vallejo, CA	US
S1-81565963	Collier, Obrien and Carl Perimeter	3111 Cascade Drive, Burlington, NC	US
S1-859177707	TV Pinnacle LLC	1639 Koch Court, Albemarle County, VA	US
S1-325604362	Valley College	1719 Y Street, Dallas, TX	US
S1-366004857	Liberty Empire Cantor	11630 Heritage Ridge, Town Of Fulton, WI	US
S1-131679635	Continental Diamond Deep Inc	162 Jewell Street, Columbus, IN	US
S1-348424826	Lyons Strategic Iron Works LLC	3712 Miranda Avenue, Gillette, WY	US
S1-448408444	New Delhi Oils Private Limited	86-A Humayun Pur Village, Safdarjung Enclave, New Delhi, South Delhi, Delhi	India
S1-701289038	Arnold Heritage Open LLC	87-19 162 Avenue, Howard Beach, NY	US
S1-63359662	Ingram, Slocum & Norris Twelve Inc	10140 Overly Road, Fredericktown, OH	US
S1-564556684	Fahey Dynamic Genesis LLC	15 Lick Branch Maces Creek Road, Viper, KY	US
S1-616523129	Cruz, Lucille D., D.C., M.D., P.C.	Huntley, 8924 Clinnin Lane, IL	US
S1-242119386	Hitech Technologies Private Limited	5, Devrukhkhar Chawl, 84 Vijaykarwadi Malad W, Malad West, Mumbai, Maharashtra	India
S1-954375751	Bowers Navigation, LLC	3006 Mcgee Street, Kansas City, MO	US
S1-570678038	Namco Clinic	104, 1St Floor, Bhawani Indl Estate, Nr Jain Mandir, Iit Market, Powai, Mumbai, Mumbai City, Maharashtra	India
S1-904890918	Williams Tri-State Solarius LP	1534 53 Street, Brooklyn, NY	US
S1-764671465	Dermatology Center Inc.	2888 Howells Mill Road, Ona, WV	US
S1-178656456	Lotus Enterprises Pvt Ltd	Flat No. C 527, Pawar Enclave, S No. 86 / 3B Pune Solapur Road, Hadapsar, Pune, Maharashtra	India
S1-700910866	Firefighters Local 232	Berea, 601 Bagley Road, OH	US
S1-289465966	Capital Pediatrics	269 Winchester Road, Unit 77, Apache Junction, AZ	US
S1-4873480	Foundation Royal Engineering Private Limited	Lucknow, 36, Lucknow, Naveen Gouri Hydle, Ajanta Plaza Kanpur Road, Sarojini Nagar, Uttar Pradesh	India
S1-822832467	A Silver Precious L.L.C.	411 Church Street, Mount Olive, NC	US
S1-103669468	Youth Guild LLC	1 Lush Forest Trail, Chesterfield County, VA	US
S1-12888605	Ace International School Co	Tamil Nadu, Boopan Complex 397 Cross Cut Road, First Floor, Coimbatore	India
S1-641678128	First Engineering Private Limited	Unit 5 17 1B Pragati Ind, Com Pl 5, Pune City, Pune, Maharashtra	India
S1-586108049	Housing Guild III	NY, 1855 Loring Place, Bronx	US
S1-153511237	A&g Financial Private Limited	Rajapeth-Ambadevi Road Near Oswal Bhavan, Amravati, Mudholkar Peth, Maharashtra, Amravati	India
S1-103988337	Shivani Consultants Limited	208, 1St Floor, Rajdhani Enclave Pitam Pura, New Delhi, North West, Delhi	India
S1-405794353	Bevington & Gryder LP	2206 Venture View Street, Palestine, TX	US
S1-951422442	Coutinho Heritage Oxford Inc	Fl 0, 731 Mallard Drive, MD, Deale	US
S1-171461624	Spoc Public School	Plot No 1/2, Survey No. 64, 3Rd Floor, 3B, Trendz Metro, Sector 1, Huda Techno Enclave, Shaikpet, Hyderabad, Telangana	India
S1-324704727	OQ Purpose Co	D-7, Phase Iii Garden Homes Alkapuri, Gwalior, Madhya Pradesh	India
S1-496780343	Suazo, Little & Jameson Meshflow Inc	NC, Littleton, 118 Timberlodge Circle	US
S1-374402411	All Exports Private Limited	1St Block, Hrbr Layout, 5Th A Cross, Bangalore North, Karnataka, No. 824, Bangalore	India
S1-474458221	Royal Pharmaceuticals (India) Pvt Ltd	X-41, 1St Floor, Mahila Colony, Gandhi Nagar, Delhi, East Delhi, Delhi	India
S1-36715811	Swapna Art Ltd	Empee Tower, No.59, Harris Road, Pudupet, Chennai, Tamil Nadu	India
S1-284111531	King Cea LLC	Louisville, KY, 1014 Wetterau Ave	US
S1-503109914	Gulf College LLC	Spotsylvania County, VA, 3713 Allington Court	US
S1-9959665	United Sai Engineering Private Limited	Plot No.47, Asthtekarcompound Khanapur Road Udyambag, Belgaum, Karnataka	India
S1-426555197	Patriot Dental Associates LLC	206 Avenue G, San Manuel, AZ	US
S1-659972029	Experts Foundation Pvt Ltd	148, Keshav Vihar, Gopal Pura Byepass, Jaipur, Rajasthan	India
S1-750574139	Royal Software Private Limited	Sy No. 17/2 Flat No. 102, Ibblur (V), Sun City Begur (H), Bangalore South, Bangalore, Karnataka	India
S1-983263685	Dental Physicians Associates	NC, 246 Taylor Creek Road, Cullowhee	US
S1-634705990	MJS Farms Ltd	5200 Pvt No-Sf-16, S/F, Shardhanand Marg G.B. Road, Ajmeri Gate, Delhi, Central Delhi, Delhi	India
S1-586452023	4896 Church Boulevard Owners Corp	18 Rockland Street, Fairhaven, MA	US
S1-45027980	Bahubali Welfare Society	Cts No.381-B, 383-A Flat Bhandup, Mumbai, Mumbai City, Maharashtra	India
S1-793642420	694 Madison Avenue Owners Corp	512 Skokie Boulevard, Wilmette, IL	US
S1-832857751	Optimal Colonial Fidelity Inc	15412 28th Street, Milan, IL	US
S1-668929193	Chiropractic Group	1000 Mason Street, Springfield, IL	US
S1-138698286	Sikandarpur Hardware Private Limited	Shop No.12, Milky Mohalla, Main Road, Near Ngramor, In The Town P.O, P.S Sikan, Darpur, Sikandarpur, Ballia, Uttar Pradesh	India
S1-913840699	Family Council V PLLC	415 Spring Street, WA, Dayton	US
S1-21699966	Metro Best, LLC	1568 Us Highway 59, Unit LOT 27, Moran, KS	US
S1-618906384	Laon Frontier Labs L.L.C.	31511 Bryan Street, Magnolia, TX	US
S1-844770393	PO Premier Mobile LLC	6733 Kelly Avenue, Albuquerque, NM	US
S1-253771687	Huynh Liberty LLC	222 Mcguire Road, Chillicothe, OH	US
S1-509151823	Star Precision Enterprises LLC	7411 Nolas Way, Amarillo, TX	US
S1-917985531	M & X Drugs, Inc	523 4th Avenue, Tucson, AZ	US
S1-653565609	Oak Forest Surgical Associates	14740 C121 Central Avenue, Oak Forest, IL	US
S1-308953938	Ace Hospitality LLP	G 790 Ivth Phase Boranada, Jodhpur, Rajasthan	India
S1-264869509	Alvarez & Mendez Research	12981 Brannon Road, Bethel, OH	US
S1-130231941	Masters, Sharyl, D.O.	Simi Valley, 2145 Malton Avenue, CA	US
S1-489194922	Peterson Veterinary Clinic LLC	4057 Greenridge Drive, Uniontown, OH	US
S1-332544672	X 2 U Sizzle, LLC	611 Broadway, Fl 1, Columbia, MO	US
S1-233025802	Great Rapid Aimei LLC	TX, Houston, 13823 Rosemere Lane	US
S1-560301510	United Purecycle	5140 Country Place Lane, Plain City, OH	US
S1-983540069	Ss Technology Private Limited	Shop No. 1164, Pvt No.2, First Floor Kucha Mahajani, Chandni Chowk, Delhi, Central Delhi, Delhi	India
S1-321710048	Solutions Ancient Solutions Private Limited	Unit 515, 5Th Floor, C Wing, 1 Mtr Cabin, Atrium, Village Mulgaon, Mv Road, Andheri(E), Near, Acme Plaza, Mumbai, Mumbai City, Maharashtra	India
S1-777081734	Benn, Safford and Marsh Super Inc	2207 Wells Landing Road, Danville, KY	US
S1-841626263	Clow Reliable Food LLC	703 Radiant Drive, Jacksonville, NC	US
S1-613510252	Aim & Brothers LLP	No.67/1, North Yathava Street, Tiruchirappalli, Tamil Nadu	India
S1-478020202	JHS Battery, LLC	302 Dodge Street, Mount Holly, NC	US
S1-461677396	Cure Deli	687 Bum Hillis Road, Rock Island, TN	US
S1-926385228	City Solutions Limited	3Rd Floor, Plot No. 94, Pkt-10 Sector-13 Dwarka, New Delhi, West Delhi, Delhi	India
S1-143155407	Bangalore. Technology Limited	99/D3, Bull Temple Road, Bangalore., Karnataka	India
S1-728064565	Sniper Masters Public Limited	Plot No 1722, 6Th Avenue Anna Nagar, Chennai, Tamil Nadu	India
S1-319933467	Reeves Farms	430 Hale Road, Clarksville, IN	US
S1-937056972	Prairie Initiative	6723 Wolf Hollow Road, Village Of Windsor, WI	US
S1-699478256	FJK Zone Private Limited	8 Carmac Street, Kolkata, Calcutta, West Bengal	India
S1-92130743	Beacon Short	5334 Highway 367, Bradford, AR	US
S1-851051313	Ridge Diana LP	Greenville, NC, 1725 Arlington Boulevard, Unit 102	US
S1-387346976	Portwood Value Snow LLC	596 Marion County 8111, AR, Flippin	US
S1-840622359	Bryan Dividend Inc	Phoenix, Unit 6, AZ, 8218 7th Street	US
S1-907148765	Neuman Development LLC	2 Nonesuch River Lane, Scarborough, ME	US
S1-541676951	Bull Trust Inc	Fairfax County, 4619 Olivine Drive, VA	US
S1-927513065	Bhubaneswar Network Private Limited	Plot No. - 590, Keutasahi Chhak, Kapileswar Old Town, Bhubaneswar, Dist - Khurda, Od, Isha, Bhubaneswar, Khordha, Orissa	India
S1-12324980	One Energy Pvt Ltd	H. No-434, S. No. 294, Sainik Nagar Ahmednagar, Ahmednagar, Ahmed Nagar, Maharashtra	India
S1-860973264	Express Keystone Bitcoin LLC	3880 White Pond Drive, Unit 102, Columbus, OH	US
S1-186445962	Uppal Solutions Private Limited	D-1 804, Snnraj Greenbay Apartments, 1St Main Road, Electronic City Phase-2, Bangalore South, Bangalore, Karnataka	India
S1-845934238	Surya Builders	J-012, Site 5 Kasna Ind Area Greater Noida, Gautam Budh Nagar, Noida, Gautam Buddha Nagar, Uttar Pradesh	India
S1-88043632	Allied Malt	18023 Putter Drive, Hagerstown, MD	US
S1-893145159	Rajasthan Sports Private Limited	C/O Sri Chandra Bhushan Mishra, N.B. Pokhra, Siwan, Bihar	India
S1-328610312	Aditya Fortune Trading	#117, 1 Cross, Kempapura, Main Rd, Channarayaswamy L, Bangalore North, Bangalore Rural, Karnataka	India
S1-508156081	Panacea Organic Private Limited	Y-74, First Floor, Hauz Khas, Delhi, South West Delhi, Delhi	India
S1-481266972	Suryatech Flow Private Limited	Unit 021, Ground Floor, Splendor Trade Tower, Golf Course Extension Road, Sector-65, G, Urgaon Hr, Gurgaon, Haryana	India
S1-735859388	Erminia's Highland Advisory Inc	430 Blackjack Street, Dublin, TX	US
S1-807990988	Hart Creative Activate Inc	Brooklyn, OH, 7440 Brookpark Road	US
S1-157371209	Sovervue Dynamic Sciences	21524 Coyote Trail, Sand Springs, OK	US
S1-667404497	Laxmi Business LLP	Karnataka, Bangalore, #7091, Prestige Wellington Park, No 1 & 2 Iaf Main Road, Gangamma Circle Jalahalli	India
S1-811909560	Intra Memorial Trust	Tamil Nadu, 240, Dharmapuri, Salem, Bharathi Nilayam 2 Nd Agraharam	India
S1-753165522	Kellett Chimera	111 10th Street, Huntington, NY	US
S1-107798913	Safe Dynamic Compass Inc.	248 Parsells Avenue, Unit Unit 1, Rochester, NY	US
S1-711666436	South Logistics Private Limited	H No- B 23/45-P, Nai Bazar Hanuman Gali, Khojwa (Near Vatsalya Aca, Demy), Varanasi, Uttar Pradesh	India
S1-188626013	Lorene's Coastal Electronics LLC	2040 Cliftwood Avenue, Baltimore, MD	US
S1-537191216	Big Healthcare Private Limited	3Rd Floor Office No 300 Galore Tech, Survey No 22 Hissa No 2 1 3 1 4 1 1 Bavdhan Khurd, Pune City, Pune, Maharashtra	India
S1-119134798	Ruchi Landmark Private Limited	340/42 Samuel Street4Th Floor, Mumbai, Maharashtra	India
S1-787686324	Morris Innovations Inc	Pittsylvania County, 1900 Anderson Road, VA	US
S1-544854581	F/X Bynordic Care	10622 530 Road, Verdigris, OK	US
S1-408941682	Primary Care Group of Indianapolis LLC	Indianapolis, IN, 1325 Ohio Street	US
S1-904877068	Sunrise Estate Private Limited	6/79 Second Floor, Old Rajinder Nagar, New Delhi, Central Delhi, Delhi	India
S1-659761244	FQX Builders Pvt Ltd	223/ 2Nd Floor, Center Point Building, Kolkata, Kolkata, Howrah, West Bengal	India
S1-42246345	Bright Systems Private Limited	1St Floor, Shree Krishna Akshaya Mansion Complex No.9, 27Th Main, Btm 1St Stage, Bengaluru, Bangalore, Karnataka	India
S1-916679619	Tramel Holding Company PLLC	300 Charles Street, Unit APT 201, Baltimore, MD	US
S1-290500747	Main Street Tavern Corp	89 Kirby Avenue, Unit Apartment 1, Lackawanna, NY	US
S1-822548240	Solutions Amr Krishna Associates	B-219, Florence Marvel, Sushant Lok-Iii, Dlf Qe, Gurgaon, Haryana	India
S1-61762792	Shree Consultancy Pvt Ltd	Shaikh Nadeem, Ground Flloor, 24/2/H/3, Bright Street, Kolkata, Kolkata, C/O, West Bengal, Howrah	India
S1-353369344	Creative Design Corporation	5735 Magellan Way, Unit 107, Raleigh, NC	US
S1-871494022	Valera Mozayyx LLC	TN, Knoxville, 2712 Cloudberry Lane	US
S1-518545725	Mangat Australian	1000 S Coast Drive, Unit U106, Costa Mesa, CA	US
S1-762459909	Letta Perna, L.C.S.W.	121 Country Club Drive, Rockwall, TX	US
S1-748747790	Imperial & Co Ltd	706, 7Th Floor Kan Chamber 14/113 Civil Lines, Kanpur, Uttar Pradesh	India
S1-240898806	NI Technologies Private Limited	Dakshina Kannada, D.No.2-18-1557/77, Karnataka, Shop No. 407, 4Th Floor, Ajanta Business Center, Bejai-Kapikad Road, Mangalore	India
S1-40707936	Perry Silverbox Inc	2936 Shelley Drive, Unit B, Orchard Mesa, CO	US
S1-870648820	Ferron Fortune LLC	7971 Busby Bend Drive, Noblesville, IN	US
S1-891635814	Tiffie C. Matney, CPA, P.C.	1148 Arbor Lane, Troy, OH	US
S1-973078151	WYQ Services Pvt Ltd	380 Aswini Dutta Nagarhindmotor, Hooghly, West Bengal	India
S1-637681727	Ridge Alliance	4104 Appleyard Drive, Fort Worth, TX	US
S1-435865138	Shiner, Whidden & Orta LP	Enfield, CT, 4 Gordon Avenue	US
S1-269450022	Dynamic Solutions	101 Janata Vasahat, Janwadi Opposite Navanat, Haveli, Pune, Maharashtra	India
S1-807049666	Purti Software LLP	290 3 2, Old Delhi Road, Prem Nagar 2, Sadar Bazar, Gurgaon, Haryana	India
S1-14398230	Costanzo Family Practice	IN, Carmel, 10214 Carrollton Avenue	US
S1-905407945	Larson Anchor Soulpower	111 Lakewood Loop Loop, Marshfield, MO	US
S1-902419943	Uptown Book Store	1753 Woodgate Lane, Eagan, MN	US
S1-803852285	Oncology Specialists	852 Gorton Road, Snow Shoe Twp, PA	US
S1-46115494	LMP Argentina	15070 Evans Road, Grand Bay, AL	US
S1-129048785	Kaushik Debt	13209 Council Road, Yorktown, IN	US
S1-810272105	Smart Systems Private Limited	21C/2, Bawa Complex, Gandhi Raod, Kallakurichi Viluppuram, Tamil Nadu, Viluppuram, Villupuram, Tamil Nadu	India
S1-123330682	Prairie Chemical Inc.	16772 Lakeshore Road, Chelan, WA	US
S1-612950538	Florissant Urgent Care Partners	3816 Colonel Pickering Court, Florissant, MO	US
S1-177449948	Rajathadri Bone Pvt Ltd	Thane, Maharashtra, Thane, Dev Paradise, Kanakia Road, Beverly Park Kanakia Police Station, Mira Bhayender R, Oad, A-1104	India
S1-661856840	Value Software Brands LLC	25 Spencer Drive, Westerly, RI	US
S1-269979273	Miller Dynamic Montreal	704 Terry Lane, Selah, WA	US
S1-837003798	Kaye Virginia, LLC	19 Corning Avenue, Worcester, MA	US
S1-247536241	Select Printing Innovations LLC	343 Little Creek Road, Pleasant Shade, TN	US
S1-377660526	Premier Investments Private Limited	Ground Floor Shop No. 24, Block -B Ambe Market Meer, Chittorgarh, Rajasthan	India
S1-385338827	Chiropractic Rapid Center Inc	515 7th Street, Independence, IA	US
S1-185896323	Duby, Ingram and Burrus	1772 Williams Avenue, Cincinnati, OH	US
S1-239085040	Clark Australia	608 Files Street, Itasca, TX	US
S1-537939350	Mills Investments LLC	21661 Reunion Road, Red Rock, AZ	US
S1-327916128	First Vanguard Manufacturing Inc	3102 Stanfield Drive, Parma, OH	US
S1-292735893	West Family Practice Clinic	2167 Davis Mill Road, Fremont, NC	US
S1-129189468	Tri-State Quality Chain, Inc	9948 Roda Drive, Conroe, TX	US
S1-218248619	Dholakia Exports Limited	19-4-7/B/8/1, Chandrayangutta Falaknuma, Charminar, Hyderabad, Telangana	India
S1-8306734	Varshika Foundation Private Limited	C/O-Sudhansu Sekhar Sahoo, Sahadevkhunta, Baleshwar Sadar, Balasore, Orissa	India
S1-461070808	Straight Edge Book Store	14 Saltonstall Avenue, New Haven, CT	US
S1-961783111	Nellai Solutions Private Limited	44-A, Dilshad Garden, Delhi, L Pocket, Delhi	India
S1-807740152	Sukhija Academy Private Limited	10-1-18/4, Shamnagar Masabtank, Hyderabad, Telangana	India
S1-435164062	Shuler and Summerfield	17083 Hawks Lookout Lane, Strongsville, OH	US
S1-177669122	Motley, Romo & Cross Lion Inc	45 La Granja Road, San Benito, TX	US
S1-372690345	Barnes Pediatrics	9 All Saints Street, Frederick, MD	US
S1-81236112	Royal Foods Pvt Ltd	Bhubaneswar, Plot No-Ga/150, Orissa, Khordha, Defence, Colony, Niladri Vihar	India
S1-814379016	Castelli Brookfield LLC	141 Saundersville Road, Unit 2104, Hendersonville, TN	US
S1-75132614	Royal Engineering Private Limited	229, B4, Sri Ganesh Apartments, Sakthi Nagar Ganesh Avenue, 9Th Street, Sriperumbudur, Kanchipuram, Tamil Nadu	India
S1-892952625	Nagiya Krishna Pvt Ltd	22/265 Talkus Building, Airport Road, Paliakara, Angamaly South, Paravur, Ernakulam, Kerala	India
S1-125002985	Rankin & Sanchez LLC	5314 N Bend Drive, Fort Wayne, IN	US
S1-189661882	Iso Brothers Private Limited	R.S.No.366/1-B, East Street, Thiruvalanzuli, Thanjavur, Tamil Nadu	India
S1-523188737	Ventures Rbc Export Private Limited	B-19, Ground Floor, Street No.4, Rajgarh Colony, Gandhi Nagar, East Delhi, Delhi	India
S1-207329319	Dido Johnson Affiliated LLC	12 Meeting House Lane, Unit 204, Scituate, MA	US
S1-940067831	Historical Fund III	734 Nita Lynne, Fl 1, Medford, OR	US
S1-673178853	Eastern Consultancy Private Limited	Ground Floor, 6/363B 85 G85, Forza One Building Chembra Road, Tirur, Malappuram, Malappuram, Malapuram, Kerala	India
S1-274491766	Hendersonville Dental Clinic LLC	TN, Hendersonville, 1018 Margaret Drive	US
S1-444001472	Atlantic Fresh Aria Inc	TX, Rockwall, 651 Frontier Trail	US
S1-416864706	YIA Construction Private Limited	Cyber Crown, Sec-Ii, Village, Huda Techno Enclave, Shaikpet, Hyderabad, Telangana	India
S1-873511659	Allied Robotics PC	4602 Pennystone Drive, Fayetteville, NC	US
S1-894306869	National Cohen	OH, 3287 Jaber Drive, Akron	US
S1-332621131	Balaji Infra Pvt Ltd	Room No. A18, 1St Floor, Ae Tower, Dhottappankulam, Beside Mathais Restocafe, Sulthan Bathery, Wayanad, Kerala	India
S1-179888434	Mountain Federation	313 Wade Drive, Sanford, NC	US
S1-744819212	Jarleon Insurance	215 Hunter Place, Bend, OR	US
S1-630257849	Consulting Cristal Agro Private Limited	Medicine Tower 1St Floor Near Sajjad Nursing Home Hamidia Road, Bhopal, Madhya Pradesh	India
S1-174575092	Hetrick Classic Ford LP	35 Clinton Street, Seneca Falls, NY	US
S1-630005235	Smith Silver Salon, LLC	1740 Wood Duck Circle, Chanhassen, MN	US
S1-875866022	Red Tattoo	129 Galway Drive, Henrietta, NY	US
S1-503271306	Mountain Citigroup	Powell, 3598 Perennial Lane, OH	US
S1-359573250	Classic Cornerstone Chemical	4470 Redwood Drive, Perry Township, OH	US
S1-326313319	Huffman United Physical Therapy	1015 Manhattan Boulevard, Unit APARTMENT 4210, Dayton, KY	US
S1-187680473	Young Keystone Healthcare	1750 Range Drive, Unit 104, Mesquite, TX	US
S1-411732177	Gavaus LLC	623 Center Street, Paxton, IL	US
S1-769289819	Chalet Development Private Limited	Delhi, Central Delhi, H-44 Kali Badi Marg, New Delhi	India
S1-338566110	Liberty Center	304 Adams Street, Manito, IL	US
S1-75923599	North Builders Limited	Market Building, Nayan Vihar At - Kasoti, Po - Pandiri, Kendrapara, Orissa	India
S1-619552943	Namakkal It Private Limited	1St Floor, 01 Main Maruthi, Nagar, Chandra Layout, Bangalore North, Bangalore, Karnataka	India
S1-945924704	Chokshi Brokers Private Limited	Raniganj Municipality, West Bengal, N.S.B.Road, Raniganj, P.O.Raniganj, P.S.Raniganj, 61/29/N3, Bardhaman	India
S1-379530924	Its India Private Limited	40, Village Asola Fathepur Beri, New Delhi, Delhi	India
S1-125905322	Colonial Citizens LLC	316 Laurie Drive, Lockport, IL	US
S1-549963411	Flora Brothers Co	H No. 83 Sikrona Near Government School Fatepur Tegga, Faridabad, Haryana	India
S1-594031723	Cochran Fresh Nano LLC	Elkton, MD, 801 Locust Point Road	US
S1-795093736	Crystal Southern Partners	6155 Copper Circle, Roanoke County, VA	US
S1-912716593	Allied Biomedical Alliance	13921 Old Ridge Road, Duncanville, AL	US
S1-146140598	Golden Auto Body Clinic	184 7th Place, IL, Chicago Heights	US
S1-233316635	Legacy Logistics Enterprises Inc	1312 O Avenue, Unit 3, Anacortes, WA	US
S1-64285241	Twisted Yoga	10 Park Street, Unit C, Easton, MA	US
S1-110461692	SUJ Clear Santander LLC	43125 Valley Creek Lane, Astoria, OR	US
S1-131047407	Prithvi Seva Samiti	A-110, Sector 36, Noida, Uttar Pradesh	India
S1-860159292	Belden Resources, LLC	1216 Gamble Drive, Powell, TN	US
S1-213892203	Jeanelle Moctezuma Granite LP	Hendersonville, NC, 169 Cider Mill Drive	US
S1-592778493	Graves Health Center Associates	31 Austin Drive, Tolland, CT	US
S1-910874860	Island Lake Dermatology All Care	719 Nottingham Court, Island Lake, IL	US
S1-218923933	Mierzwa, Mueller and Doyle Nexus-Chesapeake City	5 Kingsbridge Place, Unit D, Chesapeake City, VA	US
S1-261794552	Tic Charitable Trust	Shib Dulari Thakur Kadamtala, Sagarbhanga, Durgapur, Bardhaman, West Bengal	India
S1-503497463	Samsara Law Chambers	C-3/20, Ground Floor, Sector-15 Landmark Near Manav Chownk, New Delhi, North West, Delhi	India
S1-930881887	YID Bio Private Limited	Rohtas, S/O Late Dwarika Prasad, Mico, Sasaram, C/O Baliram Pd Gupta, Bihar	India
S1-309650476	Maa Global Private Limited	Ernakulam, Muvattupuzha, 19/208A, Kerala, Kuzhivelikudiyil Thrikkalathoor	India
S1-734411892	Sidais LLC	3295 Hackers Creek Road, Buckhannon, WV	US
S1-145480834	Brightelle Goldman	1525 Richardson Road, Lewisburg, TN	US
S1-822242154	Jones, Mcfarland and Thomas	4420 Grand Drive, Marion, IN	US
S1-859087027	Toify	6619 Bella Palazzo Court, Orangevale, CA	US
S1-532819632	Bharat Healthcare Private Limited	303/4, Belly Area Anna Nagar, Chennai, Tamil Nadu	India
S1-650886240	Galindo and Needham LLC	15923 Mill Point Drive, Houston, TX	US
S1-387548686	Yash Solution Care	D.No: 20-1201/3, Indra Kiladri Nagar, Vijayawada (Rural), Krishna, Andhra Pradesh	India
S1-405689668	LU Allied Express PLLC	601 Shirley Street, Unit #P104, Tacoma, WA	US
S1-83476125	Unique Innovative Solutions Pvt Ltd	C/O Rguvir Singh, Sarkari Hospital Ky Pass Reengus, Reengus, Sikar, Rajasthan	India
S1-147391148	Internal Medicine Center LLC	1552 Johnsons Grove Maury City Road, Maury City, TN	US
S1-835815819	Vision It Private Limited	A-9, Anupam Colony, Opp. Chirag Diamond, L.B.S. Road, Bapuna, Gar, Ahmedabad, Gujarat	India
S1-925008495	Shriyam Builders LLP	24A, 2Nd Floor, Imperial Court, Cunningham Road, Bangalore, Karnataka	India
S1-778194046	Lifesciences PLLC	3640 Old Oxford Road, Hamilton, OH	US
S1-432588891	Jade's Direct Technologies	Monroe, CT, 12 Toll Gate Road	US
S1-631569262	Bharat Consultancy Private Limited	3 Goenka Lane 1St Floor, Kolkata, Calcutta, West Bengal	India
S1-703490938	Brantley School of Medicine	138 Curcio Court, Babylon, NY	US
S1-537410650	Portland, Township Of	5805 Milwaukie Avenue, Portland, OR	US
S1-946082930	Cellulose Charitable Trust	H/O Archana Kumari Priyadarshi, 45/5 Machchligali Jahaji Kothi. Newjakkanpur, Patna, Bihar	India
S1-935904290	1867 Seventh Place Management Ltd	TN, Nashville, 1417 Japonica Alley	US
S1-408967078	Florez, Sweeney & Leeper Group	1043 Richpond-rockfield Road, Rockfield, KY	US
S1-248120243	Cascade Foundation	687 Mountain Pine Drive, Greenwood, IN	US
S1-948872858	Wilcox & Orellana	556 Cedar Lane, Batesville, IN	US
S1-361278004	Sapon Aura LLC	7018 Cliffbrook Drive, Dallas, TX	US
S1-414073650	Teex Patriot Solutions	24 Denison Ave Mystic, Stonington, CT	US
S1-580487024	Maid Massage!	19410 200th Street Court, Orting, WA	US
S1-540672860	Shree Global Private Limited	Plot No-315/1088, Sardeipur, Dhauli Square, Bhubaneswar, Khordha, Orissa	India
S1-68575982	Ars Exports Private Limited	Vijaya River Scape Appartment, 1C B. No. 31/75, Vyttila, Ernakulam, Kerala	India
S1-8238245	Eye Diamond Associates LLC	39197 17, Vernon, AL	US
S1-100399179	Rahul Chemicals (India)	13/82 Lgf, Vikram Vihar, Lajpat Nagar - Iv, New Delhi, South Delhi, Delhi	India
S1-151743794	Prathvi Solutions Private Limited	Dadi Seth Agiyari Lane, 1St Floor, 138/150, Maharashtra, Deluxe House, Mumbai	India
S1-650438733	Bangalore Octroi Private Limited	Lakshmi Nilaya, #5 Venkataramaiah Layout, Lingarajapuram, St. Thomas Town Post, Bangalore, Karnataka	India
S1-115775057	Surya Super Enterprises Private Limited	Haryana, 967, Sector 21 C, Faridabad	India
S1-947492669	Turner Stardust Inc	2014 Village Circle, Port Angeles, WA	US
S1-550428647	Shiva Foods Pvt Ltd	Centre For Incubation & Entreprenuership, 3Rd Floor Vindhya-C4, Iiit-Hyderabad, Gachibowli, Hyderabad, Telangana	India
S1-653239512	Shivam Infra LLP	384, Third Floor, Flat No C, Chirag Delhi, New Delhi, South Delhi, Delhi	India
S1-157086365	Centaur Hospital	Bengaluru, 242, Karnataka, Sree Sri Shiva Sidda Rooda Swamy Mata, Peenya, Bangalore	India
S1-176616076	Pelican Trust	A-2303, Fair Field Lodha Luxuria, Lodha Paradise, Near Majiwada Bridge, Thane (West), Thane, Maharashtra	India
S1-429618745	Capital Fund V	2407 Sherwood Drive, Opelika, AL	US
S1-106230486	Beatrix Lansdown, Ph.D.	19973 Presidents Cup Terrace, Loudoun County, VA	US
S1-671071076	Ashley Iii	14510 Union Avenue, Unit #3, Lakewood, WA	US
S1-891977834	Big Book Store Corp	6914 Williamsburg Church Road, Hurlock, MD	US
S1-998639129	Children's Federation	MD, 158 Laurel Woods Court, Abingdon	US
S1-853829630	Ward Ridge Signs LLC	9365 Harrison Street, Des Plaines, IL	US
S1-303431879	St Biotech Public Limited	South Delhi, Delhi, 101 Ground Floor Plot Number B7 Dev Pari Shopping Plaza Near Ntpc Gate Number 3 Badarpur, New Delhi	India
S1-278351518	Galligan, Sophey C., DO	166 Mansfield Street, Spotsylvania County, VA	US
S1-365928200	Kolkata Bengal Private Limited	137/7B, Beliaghata Road, Kolkata, Howrah, West Bengal	India
S1-673217894	Analysis Solutions Private Limited	Andhra Pradesh, Bapatla, 14-6-36 Ward No 22 Vinjamurivari Thota, Guntur	India
S1-209375765	Dinesh Concept Pvt Ltd	B-19 Basement Floor Goswami Marg Malviya Nagar, Jaipur, Rajasthan, Jaipur	India
S1-292684571	Maroney Advanced Harmony LLC	TX, 1319 Ridgefield Loop, Round Rock	US
S1-811124756	Mason, Reyes and Flores Future LLC	3502 Hirank Court, Greensboro, NC	US
S1-105559761	Tandi's Massage, LLC	127 Libby Lane, ME, West Gardiner	US
S1-444858095	Amaravati Academy	D-301 Sector-7 Suncity, S.P. Ring Road, Daskroi, Ahmedabad, Gujarat	India
S1-242056130	Sweet Auto Body	IL, 110 Giant City Road, Carbondale	US
S1-738203185	Perfect Brothers Private Limited	C/O Daudayal Ramchandra Rathi Buddha Marg, Madhya Pradesh, Ujjain, Khachraud	India
S1-294298653	Harris Innovative Ftai LLC	425 150th Street, Burien, WA	US
S1-93187385	Bvk Trust	# 309, Ground Floor, 1St Cross Teachers Colony, Gowramma Layout, Aneka, L Road, Bangalore, Karnataka	India
S1-500976493	E 8 J Highland LLC	2133 Mckinley Avenue, Montgomery, AL	US
S1-763114307	Commodities Ventures Private Limited	C/O Sri Prabhash Ranjan, W.No.19 Lalbagh Darbhanga, Darbhanga, Bihar	India
S1-464679420	Johnson, Dorree D., P.A.	105004 Hidden Valley Drive, Mcloud, OK	US
S1-13513698	White Tirupati Care Limited	Nisarg Heights Apartment, Flat No.10, Buldhana, Maharashtra	India
S1-443736082	Urgent Care Health, Inc	719 Laurelwood Circle, Bowling Green, KY	US
S1-800338621	Williams Animal Hospital	TX, League City, 2397 Indigo Harbour Lane	US
S1-673686433	Juhl Silicon	2729 Cardinal Drive, Costa Mesa, CA	US
S1-260192298	Life Energy	Sector-4, Shop No. 43 Swarna Path, Mansarovar, Jaipur, Rajasthan	India
S1-260752734	Shaikpet Industries LLP	Aparna Aura Apartments, Flat No 906, Road No 79, Jubilee Hills, Shaikpet, Hyderabad, Telangana	India
S1-313884374	Sanabil Marketing	Noida, Uttar Pradesh, Gautam Buddha Nagar, C-276, 1St Floor, Sector-63	India
S1-264410615	Glare Transmission Private Limited	606, Shalimar Titanium Tower, 6Th Floor Shalimar Corporate Park, Vibhuti Khand, Lucknow, Uttar Pradesh	India
S1-419922883	Sg International School	Ghaziabad, Kd/91 A Kavi Nagar, Uttar Pradesh	India
S1-933415827	Tisaia Green Proem Group	3531 37th Street, Town Of Grand Rapids, WI	US
S1-440158475	Intelligent Exim Private Limited	157C Lenin Sarani, Deluxe Centre 2Nd Floor, Room No-A 203, Kolkata, Howrah, West Bengal	India
S1-38587247	Global Information LLC	327 Eagle Street, Boston, MA	US
S1-565970198	Metropolitan Allegro Inc.	1814 Sechrist Court, Virginia Beach City, VA	US
S1-565275461	Covington Drugs LLC	13079 Newton Drive, Solsberry, IN	US
S1-141784862	Peralta Pioneer Keen, LLC	29523 Water Willow Trace Drive, Spring, TX	US
S1-831456529	Grace Chapel	22 Lewis Drive, City Of Aberdeen, MD	US
S1-388024681	Buch, Haywood & Lucero Vance Inc.	1803 Main Street, South Windsor, CT	US
S1-116362888	Krishna Business Pvt Ltd	Jalpaiguri, West Bengal, Birpara, Kalibari Road Birpara Dist. Alipurduar (Previously Jalpaiguri)	India
S1-56622125	Ace Software Pvt Ltd	Shop No 104 Cycle Market Gill Road, Ludhiana, Punjab	India
S1-729933964	Delhi Technologies Private Limited	R-546, 2Nd F, Front Portion, Main Road, New Rajender Nagar, Delhi, West Delhi, Delhi	India
S1-859166527	Chen Star Senior LLC	1184 Bethlehem Road, Equality, AL	US
S1-353699074	Franklin Veterinary Clinic LLC	314 Mill Street, Veedersburg, IN	US
S1-211127378	Pioneer Consultancy Private Limited	6Th Floor, Oberoi Commerz-1 International Business Park, Oberoi Gard, En City, Goregaon East, Mumbai City, Maharashtra	India
S1-383498521	Anand Consulting Pvt Ltd	Office No. 12, Anuradha Anuja Chs Ltd, Chandavarkar Road, Manek Nagar, Borivali West, Borivali West, Mumbai, Maharashtra	India
S1-230905078	Gaines Preparatory Academy LLC	816 Thistledown Drive, Memphis, TN	US
S1-876548711	High Projects Private Limited	Hyderabad, Telangana, Satya Sai Apartments Srinivasa Nagar East, S R Nagar, Flat # 113, Hyderabad	India
S1-413435687	Solutions Sharvari Solutions Private Limited	Fl-119 209, A.J.C Bose Road, Kolkata, Kolkata, Howrah, West Bengal	India
S1-814453621	Cascade Trust Rogers Inc	5038 Winston Court, Rogers, AR	US
S1-966988778	Vela Family Office LLC	9529 Briar Glenn Way, Montgomery Village, MD	US
S1-51563144	Bhopal Workz Corporation	Plot No. 83, Ews, Vivekanand Nagar, Berasia Road, Karond, Bhopal, Madhya Pradesh	India
S1-976470456	Lakshmi Constructions Private Limited	Emson Complex Behind Pauly Medicals, Tana, Irinjalakud, A P.O., Door No. Xviii/312C, Thrissur, Kerala, Thrissur	India
S1-912071743	Sankalp Traders Private Limited	Gf1 Dutt Complex Gorakhpur, Jabalpur, Madhya Pradesh	India
S1-568435122	Division of Public Works P.C.	4130 Mckinley Boulevard, Sacramento, CA	US
S1-633408378	Darline's Golden Tax Service	2141 I Street, Unit 709, Washington, DC	US
S1-388157794	Mumbai Packaging Private Limited	Mumbai, 8 Gazdar Streetchira Bazar, Mumbai, Maharashtra	India
S1-749299627	Orient (India) Infra Pvt Ltd	Flat No. 3, Wing F, S. No. 46/C/4, Aundh Road, Bopodi, Pune, Maharashtra	India
S1-189837896	Silver Alpha Agro LLP	A-140, Ground Floor, Gujranwala Town Part-I, Delhi, North West Delhi, Delhi	India
S1-738477402	Certified Chemical Global, LLC	164 Hannah Drive, Clayton, NC	US
S1-307958436	Web & Brothers Private Limited	D 691, G No 9 Mukundpur, Extn, Part 1, Delhi, North West Delhi, Delhi	India
S1-592698460	Laxmi Food Limited	Plot No 127/8 Marartoli Telankhedi, Nagpur 10, Nagpur, Maharashtra	India
S1-78695800	Shree Ss Global Pvt Ltd	No.268, 10Th Main Jayanagar 2Nd Block, Bangalore, Karnataka	India
S1-360209732	Frontier Star Midland LLC	41 Park Street Court, Unit 2, New Bedford, MA	US
S1-436752315	Crystal Rocky Cannabis LLC	5 Thrasher Place, Taunton, MA	US
S1-350026827	Complete All Assets LLC	154 Saddle Ranch Drive, Kyle, TX	US
S1-768355919	Caresa Mills Sterling LLC	Fort Worth, 1858 Grand Avenue, TX	US
S1-263688238	Western Great Kodiak LLC	Unit UNIT A, 16451 Chestnut Street, CA, Hesperia	US
S1-808977306	My Care Private Limited	Gn 506 Near Wagheshwari Society, Pawarwadi Panchak Jail Road, Nashik, Maharashtra	India
S1-135086644	Curtis Veterinary Clinic	3502 Mabank Lane, Bowie, MD	US
S1-338339821	Shree Industries Private Limited	Chavakkad, Kandanath House, Kerala, Building No. 139/6, Thrissur	India
S1-144748187	Urology Physicians LLC	1689 Parco Avenue, Ontario, CA	US
S1-672843337	National Media Laboratories LLC	40 Lincoln Street, Columbus, OH	US
S1-288950673	Downtown Pub!	3568 Abbott Road, Hamburg, NY	US
S1-671589138	Hinkle Associates Inc	2840 Olympic Court, Clarkston, WA	US
S1-530292054	Ace Horizon Apartment LLC	KS, 409 Union Street, Oswego	US
S1-450618700	Silver Consulting Pvt Ltd	8-10/41-42 Elango Nagar 2Nd Street, P N Road, Tiruppur, Coimbatore, Tamil Nadu	India
S1-733657388	Basalt Inc	6808 Perry Avenue, Chicago, IL	US
S1-830189992	Upper Marketing, Inc	781 Strafford Ridge Drive, Ballwin, MO	US
S1-301149309	Class & Co	407, Pukhraj Corporate, Opp. Nawlakha Bus Stand Near Prashant Hotel, Indore, Madhya Pradesh	India
S1-345682993	Pediatric Dental Heartland Health Inc	327 Cosh Road, Minisink, NY	US
S1-567718971	Sher Mason Brewing Inc	117 Redbud Street, Stilwell, OK	US
S1-456378342	Ostrich Constructions LLP	No. 88 And 89, Indira Nagar, Bagalur Road, Hosur, Krishnagiri, Dharmapuri, Tamil Nadu	India
S1-872398160	Stanek Hovnanian, Inc	7825 Vinings Oak Lane, Unit 923, Matthews, NC	US
S1-208607807	Martin Rapid Pineapple LLC	8631 Victoria Road, Fairfax County, VA	US
S1-836309415	Sadler's Harbor Manufacturing LLC	5686 70, Unit 1, Crossville, TN	US
S1-403779915	Digital Systems Private Limited	C-7/713/B&C, First Floor Palam Extention, Sector-7, Dwarka, New Delhi, South West Delhi, Delhi	India
S1-964869994	Cobalt Inc	100 10th Street, Oswego, NY	US
S1-353949483	Right Medical Partners	Shop No B-14 Wing 14, Jaiganesh Vision Akurdi, Pune City, Pune, Maharashtra	India
S1-639617247	Sada Klose Origin	9650 Prairie Avenue, Chicago, IL	US
S1-680997139	Consultants Godbole (india) Pvt Ltd	C/O- Manoj Kumar Singh, Bhagwanpur, Mushahari, Muzaffarpur, Bihar	India
S1-512202937	Byrne, White & Maurer LLC	20182 Hill Top Drive, Flint, TX	US
S1-834163511	West Health Center LLC	200 Ross Road, Bldg Building H, Bridgeport Borough, PA	US
S1-638437872	Jordan Ashford	1345 Hillcrest Drive, CA, Thousand Oaks	US
S1-985791571	Modern Energy Private Limited	32, Kemapur, Sitamarhi, Gyanpur, Sant Ravidas Nagar, Uttar Pradesh	India
S1-783042314	Smart Sky Constructions Private Limited	Kinjal, Shivnagarstreetno.12, Nr.Doshihospital, Gondalroad, Rajkot, Gujarat	India
S1-248285580	Real Construction Pvt Ltd	59/1 Devidattam, Parmasamy Thevar Nagar, New Natham Road, Narayanapuram, Madurai North, Madurai, Tamil Nadu	India
S1-938310421	Daflodyne L.L.C.	762 Whispering Oaks Drive, Palatine, IL	US
S1-904101604	Anil Institute	5577/75 Ist Floorpadam Singh Road Raigar Pura Karol Bagh, Nd, Central Delhi, Delhi	India
S1-214443273	HB Solutions Limited	Uttar Pradesh, E-181, Ghaziabad, Nehru Nagar-3 Block	India
S1-154854825	Interstate Platinum Express PLLC	611 Brookwood Drive, Indianola, IA	US
S1-336006298	Rambha Technologies Private Limited	Kh.No.903, 910 Ground Floor Village Rithala, Delhi, New Delhi, Delhi	India
S1-228780043	Prime Materials Ventures, Inc	10 Control Court, Middle River, MD	US
S1-798391879	Vidya Property	557/29 Om Nagar, Alambagh, Lucknow, Uttar Pradesh	India
S1-48846152	Sanchez Allied Design LLC	1220 Spring Drive, Tobaccoville, NC	US
S1-181706536	Surgical Superior Clinic Inc	3106 Lazy Brook Drive, Sugar Land, TX	US
S1-5974875	Guerrero Santander Inc	7380 191st Street, Tinley Park, IL	US
S1-982974585	Shakti Infotech Private Limited	C-03, Lower Ground Floor, Aashima Mall, Hoshangabad Road, Huzur, Bhopal, Madhya Pradesh	India
S1-891783054	Dental Bright Specialists	CA, Costa Mesa, 952 Joann Street	US
S1-618837936	Benovue PC	1024 64th Street, City Of Kenosha, WI	US
S1-108995390	FOW Goods Private Limited	Flt No-M-203, Bldg No- D2, Satellite Grdn, Phase - 2 Gen Akv Rd, Film City Rd, New Golden Gate, Goregaon E, Mumbai, Mumbai City, Maharashtra	India
S1-424421824	Saathi & Sons	502, 5Th Floor, Iris, Play Ground Road, Vile Parle-East, Mumbai, Maharashtra	India
S1-996306669	West College	908 6th Street, Stillwater, MN	US
S1-989962731	Highland Pioneer Spdr Inc	16711 Danville Road, Danville, IA	US
S1-798240567	Zillion Consultants Pvt Ltd	Office No.9, Shoping Complex, Sector 2 Behind Shekhawati, Central Spine, New Vidhydhar N, Agar, Jaipur, Rajasthan	India
S1-284559871	Patriot Project of Covington, Corp	245 7th Street, Covington, KY	US
S1-320151505	Fetech National Twin	19034 Woodburn Road, Woodburn, IN	US
S1-182472925	Charu Brew Private Limited	P.No.917A, Sf.No.247/2, 6Th West Cross Road, Gandhi Nagar, Katpadi Urban Extn, Vellore, Tamil Nadu	India
S1-829629377	Louis, Howard and Mclaughlin	119 Brainerd Road, Unit 4, Boston, MA	US
S1-529307976	Lakshmi Technologies Private Limited	Lucknow, B-6, Lucknow, Uttar Pradesh, Industrial Area, Amausi, Nadarganj	India
S1-746755946	Sheridan & Cuellar Fox	905 Oak Street, Goldsboro, NC	US
S1-615241687	Zephis Eagle Inc	164 Chelsea Lane, Lafollette, TN	US
S1-351397229	Sawant Designers Private Limited	Flat No. A-102, La Regencia, Panipat, Haryana	India
S1-317402424	A Ace Intelligence LLC	267 Durham Street, North Aurora, IL	US
S1-56757384	Roseline Kane, MD	40147 Williams Way, Maricopa, AZ	US
S1-38697523	Urology Center LLC	202 N Linn Dr, Coggon, IA	US
S1-334844439	Clean Cascade Altisource LLC	1713 Hoyt Avenue, Everett, WA	US
S1-996332227	Pediatric Dentistry Interstate Medicine Inc	8374 D, Town Of Delmar, WI	US
S1-121332262	Surya Producer Private Limited	C/O Nand Jee Dubey Vill, Dasiyawan Rampur, Kesath, Buxar, Bihar	India
S1-133625770	Thane Drink	Flat No 303, Ostwal Darshan Chs, Thane, Maharashtra	India
S1-751781295	Ridge Frontier Shipping Inc	302 Evans Street, Saratoga, IN	US
S1-597211514	Ortiz & Duan	4826 Old Plum Highway, La Grange, TX	US
S1-477379702	Lee Yield of Waukegan Partners	1072 Lakehurst Drive, Unit APARTMENT 308, Waukegan, IL	US
S1-144329304	Gold Group	No.9Vasanth Apartments, Door No:4 Iiird Floor, Montieth Lane, Egmore, Chennai, Tamil Nadu	India
S1-412024822	Nexora Nexus Inc	Bldg BUILDING 8, Bettendorf, IA, 3853 53rd Ave	US
S1-924073454	Elysia Scott Archimedes Corp	2795 144th Avenue, Beaverton, OR	US
S1-360636519	Brain International School Pvt Ltd	8-3-229/1 And 2 1St Floor Spurthi Akkineni Homes Yousufguda, Hyderabad, Telangana	India
S1-919479193	Man Ridge LLC	17 Olympic Drive, South Barrington, IL	US
S1-215328816	Ridge Montessori School	15588 Merrill Avenue, Fontana, CA	US
S1-241942705	Modern Foundation Private Limited	Andhra Pradesh, Telangana, Hyderabad, 8-3-677/31, Srikrishnadevaraya Nagar, Hyderabad.	India
S1-129633380	Stonge & Gilliland Inc	29 Malibu Road, Stamford, CT	US
S1-462925245	Meum P.C.	90 Nix Pankey Brown Road, Pikeville, TN	US
S1-851830957	Young Texas LP	10 Prescott Street, Fitchburg, Unit 1, MA	US
S1-474532322	Star Projects Private Limited	Flat No.A-312, 3Rd Floor, Dhpl Enclave 06, Near Pati, Bhubaneswar, Khordha, Orissa	India
S1-533936623	Cyrus White PLLC	121 Rustic Drive, Glen Easton, WV	US
S1-466876326	Raj Foods Pvt Ltd	611, Ratnanjali Square, Nr. Gloriya Restaurant, Ahmadabad City, Ahmedabad, Gujarat	India
S1-786913296	4448 Seventh Way Holdings	525 50th Place, Unit 31, Washington, DC	US
S1-137629649	West Pebblebrook Inc	1317 3rd Place, Pendleton, OR	US
S1-536131982	K 6 I Pembina Inc.	2703 Falcon Knoll Lane, Katy, TX	US
S1-26351956	Vega Douglas Center	105 Bear Claw Drive, Wentzville, MO	US
S1-377614419	13 Rana Pratap Marg Ventures LLP	4Th Floor, Ymca Campus, 13 Rana Pratap Marg, Lucknow, Uttar Pradesh	India
S1-555762655	Al Foundation Limited	Vijayawada (Urban), 39-12-10, Turlapati, Kutumbarao Street, Krishna, Andhra Pradesh	India
S1-221444218	Global Holdco Co	1170 Banton Road, Palermo, ME	US
S1-230676939	Gavrielle Ferrell Digital, LLC	4085 Lassen Lane, Indianapolis, IN	US
S1-681914239	Ryan, Fields and Jorgensen PLLC	1625 Fairmont Avenue, Fairmont, WV	US
S1-578839202	Deviney, Madeline, D.O., PC	3775 Charles Bartlett Road, TN, Millington	US
S1-452503769	Gui Raver Clean Housing LLC	16 Brandywine Drive, Amherst, MA, Bldg 11	US
S1-669312620	Rajaram Support Private Limited	Salava Agwanpur, Moradabad, Uttar Pradesh	India
S1-328277028	Maher Holdings Group Inc.	408 26th Street, Dickinson, TX	US
S1-432062191	Piedmont Coinshares	249 Cedar Street, Aurora, IL	US
S1-45173668	Corenda Fitzgerald Andretti Inc	369 University Avenue, Lowell, MA	US
S1-499594744	Real Enterprises Private Limited	25/ 1 Pattanagere Near, Globle Vilage, Bangalore South, Bangalore, Karnataka	India
S1-467209505	Gavrielle Haynes Direct Futurecorp	54 Oney Lane, Belen, NM	US
S1-744034007	Stokley and Hernandez	1038 Elmwood Lane, Greenwood, IN	US
S1-623858923	Surya Business Private Limited	Flat No 603 Bldg No 122 B Wing Bhakti Heights Tilak Nagar Opp Icici Bank Chembur Mumb, Ai, Mumbai, Mumbai City, Maharashtra	India
S1-951336540	Quality Advisors Private Limited	Haryana, Sector-6, Huda, House No. 246, Panipat	India
S1-415351881	Unified Security Partners	45156 101, Dakota, MN	US
S1-375002992	Piedmont Colonial Iris	501 Peaceful Meadows Drive, Rio Rancho, NM	US
S1-959673805	New Delhi Systems Private Limited	M16, Second Floor, Veer Savarkarmarg, Lajpat Nagar, Lajpat Nagar Ii, New Delhi, South Delhi, Delhi	India
S1-874014999	Blk Steels Pvt. Ltd.	50-B, Prerna Tenament, Bh. Namrata Tenament, Parasnagar, Isanpur, Vatva Road, Ahmedabad, Gujarat	India
S1-88292349	Dental Prairie Clinic, LLC	1421 Norman Hill Lane, League City, TX	US
S1-633802730	Williams Commodities LLC	2360 Hyndsver Road, Martin, TN	US
S1-446229083	Animal Welfare Institute IV	AL, 1408 1st Avenue, Opelika	US
S1-353953535	Hinjili Research Private Limited	C/O-Kunu Swain, Thruburei, Burupada, Hinjili, Ganjam, Orissa	India
S1-427101995	Family Medicine of Sedona Partners	210 Andante Drive, Sedona, AZ	US
S1-963869421	Flss's Electric	4840 42nd Avenue, WA, Seattle	US
S1-389876587	Runge & Garver Aeon LLC	TX, Allen, 200 Stacy Road	US
S1-75663953	Pediatric Care of Dundalk	3115 Yorkway, Dundalk, MD	US
S1-91767815	HK Infraheights Private Limited	C/O Rishiraj Pradhan, Doves Nook Flora 13Thmile, Kalimpong, Darjiling, Darjeeling, West Bengal	India
S1-233578344	Community Services	1119 Budlong Street, Carthage, MO	US
S1-460386929	Ravitech Opticals Pvt Ltd	4Th/401, Swagat-3, Nr. Sopan Complex, New C.G. Road, Chandkheda, Ahmedabad, Gujarat	India
S1-637711276	Winsome It Private Limited	23 Indrani Parkps Tallygang, Kolkata, Calcutta, West Bengal	India
S1-779535296	Delta Fortunex Inc	16978 Moore Road, Andalusia, AL	US
S1-553119276	Human Rights Foundation	20500 St Rte 34, Stryker, OH	US
S1-575413227	Treat & Velazquez Inc	35901 Energy Trail, Stacy, MN	US
S1-953393419	Isaac Holding Company	4633 Lake Valley Drive, Lisle, IL	US
S1-61939087	Empire Certified Xrp	101 Fox Chase Drive, Gadsden, AL	US
S1-532364048	Modern Exports Private Limited	Tamil Nadu, #350/460-B, Coimbatore, Selva Towers, Near Manis Threatre Kamarajar Road, Peelamedu	India
S1-287897567	National Guild of Aurora	1033 Woodview Court, Aurora, IL	US
S1-681487491	Forney Empire Cyber LLC	403 Walnut Street, Franklin City, VA	US
S1-849023530	YJ Effects	No. 1, 3Rd Floor Asr Towers, 200 Ft Road, Sastha Nagar Annex, Villivakkam., Chennai, Tamil Nadu	India
S1-580893806	New Delhi India Pvt Ltd	Plot No-15, S/F, Kh No 16/3, Bajaj Enclave, New Delhi, South West Delhi, Delhi	India
S1-64827154	Rowland Equity	TX, 194 Panchos Trail, Blanco	US
S1-389200580	Melessa E. Bartlett, MD	212 Sixth Avenue, Andalusia, AL	US
S1-994417851	Summit Society LP	33 Casa Grande, Brownsville, TX	US
S1-704230379	Petal Welfare Society	801A Eureka Towers 8Th Floormindspace Goregaon Malad Link Road Chincholi Bunder Malad, Mumbai, Maharashtra	India
S1-852593328	Electricians Local Union 369	4401 Meadowvale Drive, Midwest City, OK	US
S1-760475205	Litmus & Co	Dr.No.7-18-14/29, Flat No.309 Shripal Towers, Plot No.44 & 45, Kirlamp, Udi Layout, Vishakhapatnam, Andhra Pradesh	India
S1-955818883	Natalya N. Werner, D.O., P.C.	1653 Mill Street, San Marcos, TX	US
S1-62503006	Siddhatva Producer Private Limited	Kurnool, Andhra Pradesh, Granite House8-2-674/2/B Road13Banjarahills, Hyderabad	India
S1-413717459	Fresh Asset Holdings	13822 Pickford Knolls Drive, Houston, TX	US
S1-636984727	Bharat Investment Private Limited	T-21/8 Auliya Masjid Meharauli, New Delhi, South West Delhi, Delhi	India
S1-381497594	Ziex Inc	OH, Lakewood, 1353 Ethel Avenue	US
S1-4329987	Dasoft Companies Inc	1337 Medfra Street, Unit APT B, Anchorage, AK	US
S1-56432005	Crowley Intelligence of Brownwood	2501 Morris Sheppard Drive, Unit APT 510, Brownwood, TX	US
S1-40903482	Shanti Fabricators Limited	Mumbai, Maharashtra, Mumbai, 268 B Wng Raheja Atlantis, B 901/902 Floor 9 Plot 1	India
S1-306650033	Orthopedic Group	593 Pierpont Road, Morgantown, WV	US
S1-506017157	Bureau of Veterans Affairs	20475 Outback, Bend, OR	US
S1-264122260	Wright, Campbell and Perez LLC	189 Stratton Road, Unit J-1, Williamstown, MA	US
S1-366726145	Innovative Staffing Systems LLC	10 Frostfield Place, Huntington, NY	US
S1-233405706	XMS Charge Pvt. Ltd.	426-676 Talagadia, Near Nrusingha Temple, Jajpur Road, Jajpur, Orissa	India
S1-384906201	Doc Infotech Private Limited	Sudha Bhavanpazhankavu P O Badagara, Calicutt, Kozhikode, Kerala	India
S1-453142650	Apex Tech	34A, Ground Floor, Hauz Khas Village Near Hanuman Mandir, New Delhi, South West Delhi, Delhi	India
S1-56758691	Maineville Youth Trust	680 Majestic Court, Maineville, OH	US
S1-200453197	Health Processing Ltd	Opposite Water Park, Danapur, Dinapur-Cum-Khagaul, Bihar, Patna, Khagaul Road	India
S1-246283519	Cure Bike Shop	613 Shefford Street, Fl 0, Wichita, KS	US
S1-312454806	Southern Hospitality	24 1St Floor, West Bengal, Howrah, Kolkata, Anuj Chamber Camac Street, Park Street, Kolkata	India
S1-868534636	Urgent Care Quality Center PC	CA, 2909 Easy Way, Carmichael	US
S1-16991530	Sahjanand (India) Studio Private Limited	Flat No. 1232, Extended Floor Sector-C, Pocket-1, Vasant Kunj, Delhi, South West Delhi, Delhi	India
S1-521084426	Soto, Dasi, D.D.S., P.C.	2900 Danzig Pl, KY, Louisville	US
S1-864252051	Joelie K. Phillips, DO	1410 Carla Avenue, Arlington, TX	US
S1-231527440	Ans Ventures Limited	Scheme No.-14 Inter State Bus Terminal Dindayal Chowk Trimurti Nagar Jabalpur, Jabalpur, Madhya Pradesh	India
S1-157190066	Cure Hypnosis	5430 Price Avenue, Baltimore, MD	US
S1-808229884	Superior Islands Co	Harriman, 144 Foster Avenue, TN	US
S1-201633051	Pacheco Manufacturing Inc	5653 Patrick Street, Houston, TX	US
S1-117047297	Thoothukkudi Tradex Co	No.26A/1A, Bryant Nagar Viii, Thoothukkudi, Tuticorin, Tamil Nadu	India
S1-881331524	Kellina Partida Broadband	2673 Cr 5710, Devine, TX	US
S1-437164986	Olympe Maldonado View	10241 Spring Creek Road, Sun Lakes, AZ	US
S1-989006482	Aspee Properties Private Limited	1001, Vastu Chs Ltd, B J Road, Plot No 614, Dattani Place, Band Stan, Bandra(West), Mumbai, Mumbai City, Maharashtra	India
S1-606938203	Staci Jacobo Allied Construction Clinic	800 2 Street, City Of Alma, WI	US
S1-511646965	Pepper Mills Private Limited	Unit No 607, 6Th Floor, Amba Tower Plot No 2, Dc Chowk, Sector 9, Rohini, Delhi, North West, Delhi	India
S1-469216219	Gold Foods Pvt Ltd	Sco-171, Sector 17, Huda, Jagadhri, Jagadhri, Yamuna Nagar, Haryana	India
S1-929052214	Parks Better Housing LLC	1030 Summit Avenue, Greensboro, NC	US
S1-196221494	Olanium Capital LLC	Duvall, 14446 Railroad Way, WA	US
S1-286254050	Innovation Enterprises Limited	New Delhi, 148 Mithila Apartmentplot No 76 I P Extension Patpar Ganj, Delhi, East Delhi	India
S1-149851114	Maa Engineering Private Limited	Flat No. 508, Siri Pratap Residency, Rajendranagar, Hyderabad, Telangana	India
S1-802233392	Queenie Walters Partners	134 Fox Squirrel Lane, Brookeland, TX	US
S1-495912189	Stasiak Midwest News Inc	133 Forest Circle, Bandera, TX	US
S1-522537129	Innovative Security Concepts	ME, Portland, 138 Bradley Street	US
S1-179021919	Prime Packaging Associates Inc	194 Roosevelt Trail, Windham, ME	US
S1-729284168	Pauly's Tri-State Electronics	101 Dewey Avenue, Washington City, PA	US
S1-372271548	PV Capital Networks Inc	13609 Colter Street, Litchfield Park, AZ	US
S1-487532085	Trusted Business Concepts PC	121 81st Street, Unit 201, Ocean City, MD	US
S1-739429454	Transworld Digital	A - 1, Sweta Duplex, Radha Swami Road, Ranip, Ahmedabad, Gujarat	India
S1-11370138	Bowser Wellness LLC	NY, Ramapo, 1609 202	US
S1-959240622	@ Home 6 It Inc	986 Chillon Drive, Crestline, CA	US
S1-250810347	Beacon Diagnostic Worldwide Center	325 Shag Bark Trail, Somerville, AL	US
S1-742380631	Iseabal Harris Clear Third LLC	2636 Horseneck Road, Waverly, WV	US
S1-588809172	Pediatric Dental Midwest Group Center	Vallejo, 4088 Penny Lane, CA	US
S1-443154384	Span Media Limited	D- 298, Basement Defence Colony, New Delhi, Delhi	India
S1-100847576	Shriram Machinery	House No. 569/232 1A, Uttar Pradesh, V.I.P. Road, Sneh Nagar, Alambagh, Lucknow	India
S1-463250913	Cincinnati Trading LLC	4425 Homer Avenue, Cincinnati, OH	US
S1-647515527	Sanchez Global Defi LLC	17701 Kenyon Avenue, Unit Unit 128, Lakeville, MN	US
S1-473746992	Ravani Traders Private Limited	No 600 1St Main, Bhuvaneshwar Nagar, Bangalore North, Bangalore, Karnataka	India
S1-936559376	Mondragon, Reed & Stelter PLLC	699 Carlton Drive, Unit A, Gastonia, NC	US
S1-305137613	Dozier Gulf Paceline Inc	313 Missouri Street, Hunter, OK	US
S1-819690360	Hunter Harbor Aimei Inc	1660 Dennison Road, Hoffman Estates, IL	US
S1-85545078	Holtz Family Practice	Unit 2026, AZ, Phoenix, 24250 23rd Avenue	US
S1-959796549	Corner Hypnosis	202 Singing Cedars Road, Orwell, VT	US
S1-190231199	Bright Property LLC	8675 Spring Garden Road, Pittsylvania County, VA	US
S1-465922028	Optimal Continental Bread, LLC	AZ, 2921 Maryland Avenue, Phoenix	US
S1-320857877	CU Sleep Private Limited	102 Poorna Apartment, 68/69 Sir Pochkhanwala Road Worli, Mumbai, Maharashtra	India
S1-499693638	Davis Sterling Adr LLC	201 Phoenix Road, Unit B19, Phoenix, OR	US
S1-830328209	Cure Hypnosis	1696 Highland Avenue, Jackson, TN	US
S1-457926738	Industries Aatma Event Private Limited	501, Solitaire Corporate Park 167, Guru Hargovindji Marg, Andheri(E), Mumbai, Maharashtra	India
S1-667283698	Hindustan Products	5F-23, Vyapar Kendra Sushant Lok-I, Haryana, Gurgaon	India
S1-68161416	Northern School of Medicine	3628 Laurel View Court, Fl 0, Laurel, MD	US
S1-511932167	Black Exports Private Limited	H.No. 5-5-35/208, Telangana, Kukatpally, 2Nd Floor Durga Sakthi Peetham Colony, Hyderabad	India
S1-941134602	Golden Tinto LLC	120 4th Street, Carlisle, AR	US
S1-595558619	North Milestone LLP	C-4 Siddharth Building, 14/2 Burdwan Road, Kolkata, Kolkata, Howrah, West Bengal	India
S1-400153728	Saint Louis, County Of	MO, Unit UNIT A, 6306 Sprig Oak Court, Saint Louis	US
S1-681559416	Senet Trust LLC	539 Elm Street, North Berwick, ME	US
S1-850557740	Classic Constructions Private Limited	Abids, Sultan Bazar, Telangana, Hyderabad, D.No.4-1-345, Hyderabad	India
S1-761029861	Real Logistics Pvt Ltd	F21, Aditiaprt, Royalprkst3, Nrindiracirc.Bhgtshethsch, Rajkot, Gujarat	India
S1-566444155	Smith and Terrero Mission LLC	2787 Asbury Street, Roseville, MN	US
S1-786474799	Silver One Healthcare Limited	4-1-942, Tilak Road Abids, Hyderabad, Telangana	India
S1-609167497	Orthopedic Care	10595 Mt Prospect Road, New Kent County, VA	US
S1-327349996	Ventures Daya Health Private Limited	C-2/46-47, Old No. C-2/46/47, New Kondli Mayur, Vihar Phase-Iii, East Delhi, East Delhi, Delhi	India
S1-787307071	Safari Vidyalaya	2Nd Floor, Tamil Nadu, Plot No.4, 12Th Cross Street, Managala Nagar, Porur, Chennai 600 116., Kanchipuram, Sriperumbudur	India
S1-550708238	Internal Medicine Frontier Health LP	4465 Burbank Road, Unit 7J, Wooster, OH	US
S1-522039256	Crystal Retail Digital	3861 Riverside Drive, Chino, CA	US
S1-958016851	Creative Infra Private Limited	D-301, Plot No.1, Om Satyam Apartment Sector-Iv, Dwarka, New Delhi, West Delhi, Delhi	India
S1-438307294	Shree India Private Limited	345, Alok Nagar Common Goyal Nagar, Indore, Madhya Pradesh	India
S1-727513545	Kime Safe Health	516 Court Street, Dallas, OR	US
S1-927939529	Physical Therapy Care LLC	22 Decatur Street, Burlington, VT	US
S1-954373687	LVD Touch Limited	D-112, Magarpatta City, Pune City, Pune, Maharashtra	India
S1-252042265	Valeria Bratton Bank LLC	15145 Doswell Meadows Lane, Hanover County, VA	US
S1-414754520	Om Engineering	A/6, 64B, Bansilal Bldg., Opera House, Girgaon, Mumbai, Maharashtra	India
S1-312379994	Bombay Trading Private Limited	Flat No B-1, Plot No 7, Secotr 5, Near Rakhma Bhawan Building, Sanpada, Navi Mumbai, Thane, Maharashtra	India
S1-267766289	Runk Activate	1706 Kearny Street, Washington, DC	US
S1-76407771	Al Services Private Limited	185, Sector-3, R. K. Puram, New Delhi, South West Delhi, Delhi	India
S1-573095143	Waiters, Gert E., O.D.	MD, Westminster, 122 Carroll View Avenue	US
S1-955981217	Jrp & Co	403, C6 Awho Raman, Vihar, Chinnavedampatti, Coimbatore North, Coimbatore, Tamil Nadu	India
S1-669153241	Voice City Private Limited	H No: 8-2-293/82/Jiii/49, Sradda House, Road No: 76, Shaikpet, Hyderabad, Telangana	India
S1-279297066	Bijnor Micro Pvt Ltd	00, Mohalla Mukarpur Khema Urf Mukarpur Khema, Bijnor, Bijnor, Bijnore, Uttar Pradesh	India
S1-886834328	Melodie Sauls Australia LP	1090 1800, Unit 3, St George City, UT	US
S1-881299166	Gentry Supreme Biopharmaceuticals	618 Danny Lane, Franklin, TN	US
S1-718773450	Wheeler's Therapy	180 Wallace Road, Unit 4, Nashville, TN	US
S1-787660300	American Keen Inc	6724 Jasper Street, Tulsa, OK	US
S1-764078634	Gaytan Companies LLC	17187 Barbee Street, Fontana, CA	US
S1-650890523	Vishwas (India) Credits Partners	Block 9-A, 7Th Floor, Dlf Infocity, Sez, 1/124, Shivaji Gardens, Ramapuram, Manapakkam, Chennai, Tamil Nadu	India
S1-372729487	Healthy Trading Corp	801, P P Towers, Netaji Subhash Place, Pitampura, New Delhi, North West, Delhi	India
S1-753550034	Trais LLC	33 Elwood Drive, Springfield, MA	US
S1-585005198	Congregation Catholic Church	TX, Katy, 22615 Potterstone Peak Drive	US
S1-253227957	Indraprastha Global	714-A, Tamil Nadu, 7Th Floor, Mount Road, Anna Salai, Chennai	India
S1-86491325	Rhodes & Oliva	1225 Fremont Avenue, Kansas City, MO	US
S1-998456067	Back Alley Ice Cream!	3444 115th Place, Chicago, IL	US
S1-636183202	Authentic Projects	House No 513, Vill Saharbani, Po Saharbanni, Ps Alauli District Khagari, Alauli, Khagaria, Bihar	India
S1-135796250	PCN Management Private Limited	B-3, 301, Devprayag Residency, Couseway Road, Singanpore, Surat, Gujarat	India
S1-546713125	Davy Launch LLC	251 State Street, Guilford, CT	US
S1-938469204	Elite Electronics Ventures Corp	2408 Birch Avenue, Lubbock, TX	US
S1-468461684	Quantify Hovnanian	742 Second Street, West Brooklyn, IL	US
S1-528382196	Ivenus Petroleum	Wilmington, NC, 304 Flemington Road	US
S1-811364114	A Cure 7 You LLC	311 Commonwealth Avenue, Unit 20, Boston, MA	US
S1-909000833	Highway Traders Private Limited	4Floor, Hitananda48, Lavelle Road Bangalore, Bangalore, Karnataka	India
S1-79401451	Classic Investments Private Limited	1/4, Sonabai Wagh Chawl, Shivaji Nagar, Bhandup, Mumbai City, Maharashtra	India
S1-788997298	V 6 Best Waste PLLC	9679 Meadow Drive, Omaha, NE	US
S1-630594079	Sarg India LLP	A-104 Krishna Shardha Apt Nilemore, Nallasopara West, Thane, Maharashtra	India
S1-10833330	Barbra W. Nielson, DPM	El Mirage, 14306 Alto Street, AZ	US
S1-338748376	Coronado Pacific Anadolu	213 15th Street, Ellendale, ND	US
S1-137743466	RPQ Medical Private Limited	Calcutta, 132 Cotton Street 4Th Floor Bara Bazar, West Bengal, Calcutta	India
S1-694445589	Pagan, Beecham and Brothers Care	24 Kip Drive, Fishkill, NY	US
S1-682811460	Spero, Watson & Breaux Technical Inc	30 Saint Paul Street, Unit Apartment 1, Amsterdam, NY	US
S1-224611858	Courtemanche Chemical Group	18147 Eagle Drive, Tinley Park, IL	US
S1-98957447	Supreme Agro Private Limited	Office No T-9 Third Floor Pankaj Arcade Plot No 16, Mlu Pocket, Sector 5 Dwarka, Delhi, New Delhi, Delhi	India
S1-910471360	Ujjaya Infra Corp	A-2/155, Janakpuri, New Delhi, West Delhi, Delhi	India
S1-506681420	Elysha Mitchell Integrated Dynamic LLC	400 Brook Street, Silverton, OR	US
S1-383592058	Marji Newsom Crystal Urban LLC	323 Beech Street, Unit 2R, Holyoke, MA	US
S1-86843521	Sunshine's Auto Body	4111 Freedom Lane, Hope Mills, NC	US
S1-321758740	Digital Projects Limited	1C, Ecotech-Ii, Udyog Vihar, Greater Noida, Gautam Buddha Nagar, Uttar Pradesh	India
S1-621235728	Ace Media Private Limited	Mumbai Pune Roaddapodi, Pune, Maharashtra	India
S1-261857747	Legacy Unified Innovation Inc.	268 Commonwealth Drive, Bolingbrook, IL	US
S1-496625773	Urban Yoga! Care	2 Park Avenue, Yonkers, NY	US
S1-217900181	Brand College Clinic	Shilalekh, Opp Green, Arcade, L P Savani Road, Surat City, Gujarat, Surat, A-202	India
S1-652214697	Dallas, Matheney and Ardoin LLC	18 10 Street, New York, NY	US
S1-3214632	Denna Palmer Corporate LLC	105 Main Street, Unit A, Aberdeen, NC	US
S1-144059726	Jay Tech Limited	1St Floor, D-2 Poddar Chambers Mathurdas Mill Compound, Lower Parel, Mumbai, Maharashtra	India
S1-5186327	Physical Therapy Medicine	19046 Stoddard Way, Apple Valley, CA	US
S1-648537214	Inside Technologies Private Limited	Gala No-1, Plot No-1231, Kwc, Steel Market, Road Number 14, Nr. Sai Mandir, Kalambol, I, Navi Mumbai, Raigarh, Maharashtra	India
S1-497513759	Gmk Stock Private Limited	Sr.No.168/2, Flat No.B-602, Akshay Anantam Pune (Cb), Pune City, Pune, Maharashtra	India
S1-271123338	Expert Milk Private Limited	Pujan Prestige, A/12 Pimpalgaon Phata, Manchar, Pune, Maharashtra	India
S1-840268391	Urban Nails LLC	4902 Greystone Street, Hermantown, MN	US
S1-165879099	Mountain Society	6490 19th Street, Unit #D, Fircrest, WA	US
S1-917603532	Maa Infrastructure	Villa Ruby Fire 17, Silver Spring Phase 1, Indore, Madhya Pradesh	India
S1-934052094	Construction Pro Advisors Private Limited	Pittappillil House, Aimury Koovappady.P.O, Perumbavoor, Ernakulam, Kerala	India
S1-198841366	The Dent Yoga	294 Lincoln Street, Abington, MA	US
S1-181114660	Schreiber Grand Neighborhood	209 Carrboro Road, Fremont, NC	US
S1-22904457	Primary Care Medicine LLC	5037 25th Place, Cicero, IL	US
S1-668978367	Vickery Tinto of Lexington	406 Apex Drive, Lexington, NC	US
S1-886896267	Aditya Fortune Constructions Private Limited	Plot No. D-12/7, Ttc Industrial Area Midc, Turbhe, Navi Mumbai, Thane, Maharashtra	India
S1-386164811	Wade Regional News	47351 Tx 100, Unit UNIT 08, Port Isabel, TX	US
S1-121299216	Kaycee Ranney, DPM	33088 Lily Pad Lane, DE, Frankford	US
S1-221941373	South Developers Private Limited	1 Mela Ram Market, 913/17 Chotta Chippiwara Chawri Bazar, Delhi	India
S1-267048116	Varshan Chits Private Limited	101 Woodstock Apartment Denning Road, South Civil Lines, Jabalpur, Madhya Pradesh	India
S1-620014634	MJ Ridge Granite Inc	406 Alvera, Winters, TX	US
S1-243237899	Setao Xflh, Inc.	114 Cross Pointe Lane, Aberdeen, NC	US
S1-809829200	Candis's Apex Tire Shop of Wadsworth City	464 Rosalind Avenue, Wadsworth City, OH	US
S1-838286308	Taylor Great Nippon L.L.C.	1016 Lois Place, Unit 102, Joliet, IL	US
S1-871116016	Foot & Ankle Care	41 Bunker Hill Road, Killingworth, CT	US
S1-194480335	Commission on Labor	601 Vista Lane, Unit B, Edmond, OK	US
S1-479043523	Strategic Taiwan Inc	121 Washington Street, Palmyra, NY	US
S1-835588132	Larson Jewelers Center	526 Limestone Court, Grand Island, NY	US
S1-487372485	Red Sree Investment Limited	Hyderabad, 7-1-621/342, Ameerpet, Telangana, 341/F/103A, Sr Nagar	India
S1-390822631	Opel Institute of Technology	Bihar, Patna, C/O-Jahda Khatoon, Bauli Muhalla Phulwarisharif, Po-Phulwarisharif, Patna	India
S1-436036202	Jain Consulting Private Limited	A/12-10Apurval.B.S.Marg, Mulund(W), Mumbai, Maharashtra	India
S1-256545500	Z 6 Best Diana, Inc	1011 Ridgeley Drive, Houston, TX	US
S1-952605107	Southern Engineering Limited	Office No C-1, Neelkant Corner Chs, Plot No 2, Sector 2, Sanpada, Thane, Maharashtra	India
S1-4699770	Sanchez, Pelletier & Washington Corp	704 1500, Provo, UT	US
S1-256503049	Sbg Professionals Private Limited	5/151, Venkateswara Puram, Katlatapalli Road, Y S, Madanapalle, Chittoor, Andhra Pradesh	India
S1-964942400	Blue Plastomech Limited	Shop No 413, Kokapet Terminal, Gandipet Main Road, Narsingi Municipality, Rajendra Nagar, K.V.Rangareddy, Telangana	India
S1-733246058	New Delhi Fashion Limited	E-13/29, First Floor, Harsha Bhawan, Connaught Place, New Delhi, New Delhi, Central Delhi, Delhi	India
S1-620787839	Ear Nose & Throat Pioneer Associates Inc	4431 Shelbyville Rd, Beechwood Village, KY	US
S1-294267989	Eastern Finance Private Limited	Pune, Maharashtra, Gurunilayam Bungalow, Sn 82/1/17, Sahyadri Farms Residents Association, Near Kapil Complex, Pune City, Haveli, 2Nd And 3Rd Floor	India
S1-342037402	Vjp Institute of Technology	H.No. 28 Uprainganj, Near Tamarhai School, Jabalpur, Madhya Pradesh	India
S1-311145793	Yes & Brothers Limited	1102 Bldg No 5, B Wing, Sunteck West World, Vasai, Thane, Maharashtra	India
S1-367119790	Ferrara Fresh Uranium	185 24th Street, Unit B, New Philadelphia, OH	US
S1-258969920	Swastik International Private Limited	B-101, Ridhi Sidhi Comple, M G Road, Borivali (East), Borivlai East, Mumbai, Maharashtra	India
S1-945253422	Z/Z Vendome Inc	TN, 2190 State Rte 213, Tiptonville	US
S1-91587219	Nelson & Mellinger Scientific LLC	1005 Timber Trail, Cedar Park, TX	US
S1-589897012	Dugan Rocky Mid	941 Hesters Crossing Road, Unit 3306, Round Rock, TX	US
S1-828917178	Green Consultancy Private Limited	12/353/2, Parankimavila Veedu, Chirayinkeezhu, Thiruvananthapuram, Trivandrum, Kerala	India
S1-208535298	Martin and Cage Patriot Inc	803 Pinto Avenue, Sallisaw, OK	US
S1-751646047	Alvarez & Hicks LLC	423 Clark Street, Springfield, OH	US
S1-982141131	Taraksh Ganga Limited	Ground Floor Office, 53-B, Shanti Niketan, Niranjanpur, Indore, Madhya Pradesh	India
S1-608444798	Staffieri Custom Financial, Inc	135 3rd Street, Richmond, IN	US
S1-316038577	Queen Metal Works	2069 Carranza Drive, Brownsville, TX	US
S1-406277010	Pranita Innova Pvt. Ltd.	Shubh-107, Shivalik-Iii, Nr. Randal Mata Temple, Vadodara, Gujarat	India
S1-522324247	Krishna Healthcare Pvt Ltd	Surya Avenue Apartment Plot No. 651, Ground Floor Flat No. 001, Vikas Nagar, Kanpur, Uttar Pradesh	India
S1-922341463	Journey Choice Foods LLC	8421 Weybridge, Johnston, IA	US
S1-296741919	Family Guild	4399 Monument Avenue, Richmond City, VA	US
S1-902317111	Danny Mills Safe Maritime, LLC	3332 Valley View Avenue, Roanoke City, VA	US
S1-713852135	Chowdhury Medical Center	5 Columbia Street, Unit 212, Cambridge, MA	US
S1-374420396	Green Investment Limited	Plot No.-499, 1St Floor, Blk-B-4, Punarwas, Jj Colony, Village, Bhalswa Da, Iry, Delhi, North West, Delhi	India
S1-711505767	Deepika Technologies (India) Private Limited	Sh. No. 1 Grd Flr Matru Mandir, 13Th Road, Khar West, Mumbai, Mumbai City, Maharashtra	India
S1-513247810	Southern Foundation Private Limited	House No 8 Block-M, New Delhi, Delhi, Iiird Floor, Near Trikona Park Jj Colony, Shakurpur, North Delhi	India
S1-83534470	Jayco (india) Private Limited	56Gharpure Path Girgaum, Mumabi, Mumbai, Maharashtra	India
S1-60974803	Trusted Pbc	7825 Rea Road, Unit APT 190, Indianapolis, IN	US
S1-658264296	Llewellyn Total Technologies LLC	City Of Racine, 1520 Cleveland Avenue, WI	US
S1-17985643	Bright Industries Pvt Ltd	At - Parsauni Baij, Post - Kamrauli Ps - Piprahi, Sheohar, Sheohar, Saharsa, Bihar	India
S1-626552488	Diamond Business Labs LLC	5570 Tom Gaston Road, Grand Bay, AL	US
S1-704316045	Internal Medicine Peak Specialists Inc	1296 Waldemar Drive, Albemarle County, VA	US
S1-544294706	High Infotech Private Limited	Scf 62, Kabir Park Guru Nanak Dev University, Amritsar, Punjab	India
S1-843414379	Cascade Initiative	TX, Unit 17, Round Rock, 600 Round Rock Drive W	US
S1-681509439	Rachit (India) Solar Private Limited	C/O Jaya R. Mundada, Plot No D7, Phase Ii Midc, Akola, Maharashtra	India
S1-735250807	Olague Adamas LLC	7806 Green Lewis Road, Willards, MD	US
S1-179225900	Capital Network IV	Utica, 1035 Ontario Street, NY	US
S1-84540973	International Staffing Innovations Billings	356 Westchester Square, Billings, MT	US
S1-205192213	Emerald Corp	1362 Bora Bora Drive, West Jordan City, UT	US
S1-901866202	NO Studio Private Limited	Shop - A414, The Capital Science City Road, Ahmedabad, Gujarat	India
S1-180783408	Star Packaging	16758 Southwest Freeway, Sugar Land, TX	US
S1-534504837	Kirkman Net Center	8131 Main Street, Bldg Rear, Eden, NY	US
S1-952082038	Totech Inc	520 7th Avenue, Laurel, MT	US
S1-534202970	Springman Gulf Charles Inc	464 Jenkinjones Mtn Road, Anawalt, WV	US
S1-909639546	Modern Logistics Limited	Rajasthan, Jaipur, Mahaveera Nagar, Golyawa, F No 613 Pno 98Sp-99-102A	India
S1-670137434	Lakshmi Constructions Pvt Ltd	House No. 87, Post Kapraul, Siroman Ps Riga, Sitamarhi, Bihar	India
S1-980006391	Mission (India) Health Private Limited	Maharashtra, Thane, Shop No. 11, Kingstone Court, Vishnu Park Opp. Viva Collage, 100 Feet Road, Virar, (West)	India
S1-839132383	Vans Hire Pvt Ltd	Door No Iii/173 Bchirayath Building Cheriakkara Road Putthonchira, Post Thrissur, Malappuram, Malapuram, Kerala	India
S1-400998924	Bristol Insurance LP	2125 Bristol Road, Bristol, ME	US
S1-685366683	QC Housing Private Limited	D.No 31-4-8/1, Flat 3F 401, Gadde Purnachandrarao Street, Suryaraopet, Vijayawada, Krishna, Andhra Pradesh	India
S1-496613226	Mahalia Hoehn Bay Landscaping	28290 35, Town Of Oakland, WI	US
S1-423880917	Kirtika Solar Limited	No.301, 3Rd Cross, Rustum Bagh Main Road, Bangalore North, Bangalore, Karnataka	India
S1-311275743	Desert Center	Baytown, TX, 18 Roy Avenue	US
S1-404252243	Modern Consulting Private Limited	Agra, M.G. Road, Uttar Pradesh, 21/301, Doneria Raj Apartment Suresh Plaza	India
S1-629270773	Motley Smart Rio Inc	Trenton, 109 Pecan Circle, TX	US
S1-537580574	Winsome Technologies Associates	Vill. Barsat, Tehsil Gharaunda, Distt. Karnal, Gharunda, Karnal, Haryana	India
S1-922364403	Vazquez, Swanson & Burns Clinic	3316 Concord Court, Joliet, IL	US
S1-60760702	Behavioral Health Center LLC	6220 Skylark Lane, Fort Worth, TX	US
S1-575971829	Magana Regional Industrials Inc.	371 7th Street, Noblesville, IN	US
S1-467678199	Apex Foundation Pvt Ltd	Building No. 6/1418, 6/1419, Ground Floor, Vellaringatt Towers, By-Pass Junction, Thodupuzha, Idukki, Kerala	India
S1-177765930	Innovative Foods Private Limited	# 17/1 Stark Towers, Kamarajar Nagar, Kalapatti, Coimbatore South, Coimbatore, Tamil Nadu	India
S1-402239184	Fulgencio Assets, Inc	219 Cottage Grove Avenue, Pekin, IL	US
S1-352234396	Barker Veterinary Clinic P.C.	27660 Gibralter Loop, Eugene, OR	US
S1-153616103	Surya Smart Media Private Limited	H.No- 69/71/551, Gf, Arogyanagar, Borabanda, Khairatabad, Hyderabad, Telangana	India
S1-881336384	Zadyne Co	1340 County Street, Unit 76, Attleboro, MA	US
S1-988772787	Secure Modern Mfa	253 Creekwood Cove Lane, Unit 4C, Lenoir City, TN	US
S1-339585535	Best Healthcare Private Limited	17/420/B, A.M.K House Colony Road, Nediyiruppu, Kondotty, Malappuram, Malapuram, Kerala	India
S1-446546409	Terrell Pineapple LLC	97 Hill Street, Madison, IL	US
S1-175910159	Finley, Sosa and Krueger Vance Center	1434 Arizona Avenue, Dallas, TX	US
S1-596125058	Certified Line P.C.	VA, Richmond City, 7009 Bandy Road	US
S1-185918861	Safe Environmental Group	334 Wagon Train Road, Mc Rae, AR	US
S1-904427575	Gurgaon Fund Private Limited	Plot No 359, Sector 37 Pace City-Ii, Udyog Vihar, Gurgaon, Haryana	India
S1-562207950	Bais	6099 Mechanicsville Turnpike, Hanover County, VA	US
S1-770934721	Thompson Strategic Credit LP	1389 University Avenue, Unit 1102, Morgantown, WV	US
S1-414371382	Mnm Trading Ltd	Bldg 5/3D, Flat No. 13, New Ajanta Avenue Society Kothrud, Pune, Maharashtra	India
S1-67301708	International Semiconductor Digital Corp	8418 82nd Street, Unit #103, Lakewood, WA	US
S1-368148714	Harris Charter School	7569 600, Culver, IN	US
S1-563844373	Pioneer Iron Works LLC	Fontana, 5617 Horseshoe Way, CA	US
S1-232252987	Apex Energy Pvt Ltd	26, New Street, Mannady, Madras-1 Tamilnadu, Tamilnadu, Chennai, Tamil Nadu	India
S1-159188299	K 8 Certified Diversified, LLC	1643 Glenfield Avenue, Dallas, TX	US
S1-461231695	Foundry	6267 Martin Luther King Jr Boulevard, Unit 135, Sacramento, CA	US
S1-581169009	60/49 Vehicle LLC	482 Glen Lily Road, KY, Bowling Green	US
S1-41600126	Pathardi Foods Corp	C/O Govind Nivrutti, Bargad, Aurangpur, Pathardi, Ahmed Nagar, Maharashtra	India
S1-387476804	Marie-Ann W. Hall, MD, P.C.	644 Lincoln Street, Utica, IL	US
S1-15665057	Lakshmi Gold Marketing Private Limited	Ganga House 110 Lbs Marg, Vikhroli (W), Mumbai, Mumbai City, Maharashtra	India
S1-662467047	Anamika Brothers Pvt Ltd	24/2, South Mada Street Mylapore, Chennai, Tamil Nadu	India
S1-41154520	Kolkata Solutions	46/2 Sarat Ghosh Garden Road, Kolkata, Howrah, West Bengal	India
S1-423839525	Sheilah Mciver Cambridge Corp	16051 Windsor Drive, Strongsville, OH	US
S1-148138991	Animal Welfare Committee	36 4th Avenue, North Hempstead, NY	US
S1-120146317	Scott Keen, Inc	4257 Deer Lick Road, Lewisburg, KY	US
S1-824238534	Parks Banking L.L.C.	9773 135, Freetown, IN	US
S1-595823865	Dyson & Leach Horizon	24 Riverside Avenue, Coxsackie, NY	US
S1-943549671	Trinity Fellowship	Newport, Unit Apt 14, AR, 932 Village Drive	US
S1-39038749	Unified Research Laboratories	507 Walnut Street, Fairbury, IL	US
S1-322857677	Lelintech LLC	20353 Pug Gayer, Fayetteville, AR	US
S1-123994352	Mcmullen, Schumacher & Mujica Corp	53 Versailles, Cincinnati, OH	US
S1-44414728	Keus Group	38627 Galway Street, Sandy, OR	US
S1-861551698	Gulf Trust	Minerva, 1328 29, NY	US
S1-832802006	Beacon Network Corporation	11430 Tall Timbers Lane, Elberta, AL	US
S1-765632148	Dilli Pacific Private Limited	E-49/5 Floor 1St, Okhla Industrail Area, New Delhi, South Delhi, Delhi	India
S1-789288478	Continental Rock Inc.	138 Gully Oven Road, Lebanon, ME	US
S1-466205589	Mumbai Products Private Limited	'Nishuvi', 4Th Floor, 75, Dr. A B Road, Worli, Mumbai, Mumbai City, Maharashtra	India
S1-750009570	Dominguez Prairie Industrials	Village Of Mcfarland, 6366 Nordic Lane, WI	US
S1-789189833	Morrow Elite Smith LP	20059 Gravel Hill Road, Georgetown, DE	US
S1-772024117	Hari Builders Pvt Ltd	Gopalganj, Narkatia, Dahi Bhatta, Gopalganj, Bihar, C/O Ramavati Devi	India
S1-877992101	Unified Acadia LLC	4454 Zachariah Place, OH, Grove City	US
S1-142228333	ETI Colonial Axiom LLC	1901 Northwest Boulevard, Unit R, NC, Newton	US
S1-830900508	New Delhi Prop Pvt Ltd	New Delhi, A-85, Delhi, South West Delhi	India
S1-805968820	Elkay Trades Limited	C/O Indra Wati, Vill.Age Hazipur, Near Farm, Noida, Dadri, Gautam Buddha Nagar, Uttar Pradesh	India
S1-326368501	Wisdom Ampercap, L.L.C.	1632 County Road 4003, New Boston, TX	US
S1-51753713	Celka's Health	404 Main Street, Youngstown, OH	US
S1-44332770	Cleopatra Jameson, DMD	15771 Andalusian Way, Portland, OR	US
S1-656191693	Metcalf Select	200 River Street, Unit 4G, Orange, MA	US
S1-808492044	Lakshya (India) Technologies Corp	No.8, Plot 30A, 30B, 30C, Elango St, Moovarasampet, Saidapet, Kanchipuram, Tamil Nadu	India
S1-667757390	Mollie Crocker Black LLC	KY, Henderson, 319 Dixon Street	US
S1-446256122	Ogle Complete Open	6743 Highway 56, Unit A, Chauvin, LA	US
S1-233046336	Highland Packaging	Hampton, 144 Calhoun 80, AR	US
S1-408600819	Alpha Software Private Limited	No.9 Radha Nilayam, Mohan Kumaramangalam Street, Nungambakkam, Chennai, Tamil Nadu	India
S1-58121906	Kh Services LLP	1229G/1048G 01 Malviya Nagar, Prayagraj, Allahabad, Uttar Pradesh	India
S1-677554582	Denton's Prairie Sciences	Lewiston, 20 Katie Avenue, ME	US
S1-674948872	Good Energy LLP	Rambhai Mepabhai Vadher Ward-3Rl, Karmbhomi- Ananadnagar, Kodinar, Junagadh, Gujarat	India
S1-882183315	3752 Broadway Court Holdings	3519 Bluebonnet Drive, Wake Forest, NC	US
S1-298808791	Kalyanpur Real Pvt Ltd	55, Lavkush Vihar, Singhpur, Kachhar Bithoor Road, Kalyanpur, Kanpur Nagar, Uttar Pradesh	India
S1-492211286	Life Estate Private Limited	No.79, Hospital Road( Ganash Nagar), Bargur, Krishnagiri, Krishnagiri, Dharmapuri, Tamil Nadu	India
S1-521840545	Bahena Anchor Security, LLC	323 South, Cerro Gordo, IL	US
S1-915122603	Maa Southern Consultants Private Limited	502 Fortune A Lodha Paradise Majiwada, Eastern Express Highway, Mumbai, Thane, Maharashtra	India
S1-86189834	Nonnah's Value Electronics	809 Deborah Avenue, Elgin, IL	US
S1-985652160	Big Bike Shop	636 Wall Street, Unit 2, Sevierville, TN	US
S1-538550460	Shakti Great Consultants LLP	B-94, 3Rd Floor, Portion Left Side, Amritpuri-B, Village Garhi, New Delhi, South Delhi, Delhi	India
S1-69298767	One Agra Pvt Ltd	H.No.-186 Sector A Shahpura, Bhopal, Madhya Pradesh	India
S1-8618003	Shakti Pioneer Technologies Private Limited	S No 201, Sadaba Dada, Tupe Colony, Amenora Park, Pune City, Pune, Maharashtra	India
S1-58348243	Hine, Lu & Mendoza Allstate LLC	742 Eagle Lake Court, Allen, TX	US
S1-487871381	Daffie E. Ward, MD	409 Garrett Avenue, Anadarko, OK	US
S1-51067386	Hari Global Limited	H.No.28, Moh. Garwal Colony Patodi Road, Rewari, Gurgaon, Haryana	India
S1-153609913	Prime Equity Global Inc	4646 Carmen Street, Houston, TX	US
S1-980735457	Ruiz Holdings	17351 Cleveland Avenue, City Of New Berlin, WI	US
S1-188390667	Silver Hypnosis	109626 4157 Road, Checotah, OK	US
S1-476665612	Creative Media Private Limited	C/Opravash Kumar Sethi At-Samantarapur, P.O/Dist-Khordha, Khordha, Orissa	India
S1-568104900	Namaha Brothers Pvt. Ltd.	23/25, Dhun Building, Office No. 102, First Floor, Janmabhoomi Marg, Opp. Janmabhoomi Bhava, N, Fort, Mumbai, Mumbai City, Maharashtra	India
S1-443264302	Orthopedic Care Associates Co	181 Amherst Circle, Oswego, IL	US
S1-915983478	Developers Real Fashions Private Limited	Flat No 5 No 25 Vantage Shorepaari Street Kalakshetra Colony, Besant Nagar Chennai, Chennai, Tamil Nadu	India
S1-830542856	Clean Health Digital Inc	408 Washington Street, Parkin, AR	US
S1-606021734	CJ Resource Private Limited	A-42, Enigma, Sector-110, Palam Vihar, Gurgaon, Haryana	India
S1-367030244	I+ Era	2596 State Highway K, Clever, MO	US
S1-153101610	Bharat Infra LLP	Door No. 4/166, Second Floor, Melakkal Main Road, Nataraj Nagar, Madurai, Tamil Nadu	India
S1-56880127	Hunger Committee	5 Magnolia Street, Virginia Beach City, VA	US
S1-349014820	Office of Transportation Corp	1815 Cobblestone Court, Richmond, TX	US
S1-129025776	Valles Agnc	501 Bank Lane, Unit OFC 1, Highwood, IL	US
S1-639211535	Dynamic Foods L.L.C.	917 Hancock Avenue, Portsmouth City, VA	US
S1-839132496	Apex Foundation Limited	C-5, Chemical Zone, M.I.D.C.Kalyan Badlapur Road, Amernath (West), Mumbai, Maharashtra	India
S1-314978659	Ferreon Spectral, LLC	West Columbia, TX, 225 Cr 300B	US
S1-493409214	Orion Australia	4704 48th Street, Omaha, NE	US
S1-506616855	Clyola Neuberger Group	21 Elm Lane, Westerlo, NY	US
S1-502943536	Ronald Group	H. No. 25 Rajendra Nagar, Kinwat, Nanded (M Ci), Bhokar, Nanded, Maharashtra	India
S1-14575777	Pvs Inida Private Limited	G7/13 Ground Floor Malviya Nagar, Delhi, Central Delhi, Delhi	India
S1-230404822	Dynamic Asset Union	4907 Oakwood Place, Evansville, IN	US
S1-170302764	Midwest Chicago Inc	6601 Millgrove Park Drive, Bartlett, TN	US
S1-394686475	Morganfield Youth Ministries P.C.	1225 Persimmon Ridge Road, KY, Morganfield	US
S1-310295363	Anvil	4903 210th Avenue, Douglas County, NE	US
S1-624617756	Sterling Nutrition Ventures	3016 Milton Mills Road, Acton, ME	US
S1-20876055	Eileen Bustamante Enterprise	7603 Tidewater Drive, CA, Vallejo	US
S1-243866399	Tran's Liberty Technologies	2408 Stonecenter Lane, Murfreesboro, TN	US
S1-794892609	Al Technology Private Limited	3A Ripon Street, Kol, Calcutta, West Bengal	India
S1-884443509	Anand Producer Private Limited	Shop No 6 Shah Arcade, B/C Wing Sector 6, Panvel, Raigarh(Mh), Maharashtra	India
S1-290730613	Mool Consulting Private Limited	Sf No 117/1A1 Z Kottampattyvanjiiapuram Road Suleeswaranpatty P O Pollachi, Coimbatore District, Coimbatore, Tamil Nadu	India
S1-709960468	Apex Center	4 Hillside Court, Coxsackie, NY	US
S1-352376079	Cardiology Care Center	Lake Villa, IL, 21337 Honey Lane	US
S1-113800133	Mam India Private Limited	Door No. Xv/34, U Brothers Building Guruvayoor Road, Kunnamkulam Post, Thrissur District, Thrissur, Kerala	India
S1-967259125	Superior Materials Labs Inc	23 Colonial Circle, Morrilton, AR	US
S1-851369900	American Classic Automotive PC	N1641 Kas Drive, Village Of Greenville, WI	US
S1-650136486	Delhi Career Private Limited	Prop. No.3423, Third Floor Mahindra Park, Rani Bagh, Delhi, Delhi, North West, Delhi	India
S1-745232404	Commercial Staffing Services LLC	415 Grant, Hartford City, IN	US
S1-8947641	Autism Assistance Secure Center	KS, Junction City, 206 Commanche Court	US
S1-975797180	Capital Guild	3646 35th Avenue, Seattle, WA	US
S1-311387663	Sadashiv Creations Private Limited	1203, Times Square Arcade, Opp. Rambaug, Nr, Ravija Plaza, Thaltej-Shilaj Road, Tha, Ltej, Ahmedabad, Gujarat	India
S1-714642946	U 8 Clear Telecommunication LLC	501 Rebecca Smith Way, Cecilton, MD	US
S1-406133802	Shakti Estate Private Limited	Plot 156, Shilpa Brindava, Yellamma Banda, Kuatpally, Balanagar, Hyderabad, Telangana	India
S1-123740735	Mada Westerfield Utilities LLC	410 Birch Street, Creston, IA	US
S1-136210566	Ak Realty Pvt Ltd	Sector-29 Part Ii, Huda, Plot No. 70 & 73, Haryana, Panipat	India
S1-823661520	Manokamna Tradelink Private Limited	272-R, 2Nd Floor Model Town, Jalandhar, Punjab	India
S1-585139370	Hildagarde Jarman Cleaning	13730 Grove Drive, Garfield Heights, OH	US
S1-156349246	Lotus Tech Pvt Ltd	Office Block No. 13, Fourth Floor D.B City Corporate Park, Arera Hills, Opp, M.P. Nagar, Bhopal, Madhya Pradesh	India
S1-199636824	Nawanagar Medicare Corp	C/O Surya Narayan Singh, Vill Tola Atmi Nawanagar, Nawanagar, Buxar, Bihar	India
S1-947220212	Surya Builders Private Limited	T.F. 305 Safron Complex, Opp. Camps Corner, Fatehgunj, Vadodara, Gujarat	India
S1-545066663	Monarch Holdings	Qu No A/2 Police Line, Balaghat, Madhya Pradesh	India
S1-229922488	Safe Dte	2896 Shell Road, Brooklyn, NY	US
S1-430513984	OX Kera Pvt Ltd	Ground Floor, Door No. 73, Thamarai Street, Iyyapan Nagar, Iyer Bungalow, Madurai, Madurai North, Madurai, Tamil Nadu	India
S1-855776590	H & U Gravity Group	1034 Brunes Boulevard, Brownsburg, IN	US
S1-443452580	(india) Dunamis Autoworks Private Limited	D/8 D/9 Anandwan Society Behind Angan Tower, Manjalpur, Vadodara, Gujarat	India
S1-34063993	Deloris Sanchez Scientific LLC	8936 Dollyhyde Road, Union Bridge, MD	US
S1-700695381	Cedeno Empire Premium Inc	225 Independence Avenue, Unit 28, Quincy, MA	US
S1-755994757	Bassett and Mcclain Bitwise LLC	780 Virgil H Goode Highway, Franklin County, VA	US
S1-148844478	Education Program PC	3413 Goodhope Street, Houston, TX	US
S1-402976145	Innes Vernal, LLC	24324 Riverside Drive, Grundy Town, VA	US
S1-407432406	Agro Gwalior Resorts Limited	D.No 15-9-262, Gowliguda, Hyderabad, Telangana	India
S1-417582474	Guru Construction Private Limited	Bangalore North, No 99/100, Bangalore, Karnataka, Prestige Towers, 2Nd Floor, Richmond Town	India
S1-453356288	Sarjapura Road Bangalore India Private Limited	Karnataka, No 60 Katha No 24 2Nd Main 3Rd Cross, Sarjapura Road Bangalore, Bangalore, Chikkakkanahalli, Radhareddy Layout	India
S1-182827917	Pune Infotech Company	Gat No. 560 Tal. Maval, Pune, Maharashtra	India
S1-739282	Parker Toyo Care	23522 Wilderness Way, Florence, AZ	US
S1-950888195	Bianka Gonzales, MD, P.C.	230 Yonkers Avenue, Unit Apartment 6A, Yonkers, NY	US
S1-600017652	Kestic Atlantic LLC	4812 Southwind Drive, Rockwall, TX	US
S1-714973782	Williams Black, LLC	6426 161st Street Court, Puyallup, WA	US
S1-816276493	Kirti & Partners Private Limited	4Th Floor, Office-419-420, Zenon, Nr. Kiran Moters, New Civil Road, Surat City, Surat, Gujarat	India
S1-807181928	Behavioral Health Green Clinic	1283 Clarence O'dell Road, Bowling Green, KY	US
S1-906375395	Krishna Global Private Limited	Chennai, No.2 (New No.42) First Floor, Tamil Nadu, Chennai, South Reddy Street Athipet, Ambattur Industrial Estate	India
S1-568596510	Urology Platinum Center	CA, Atwater, 468 Elm Avenue	US
S1-637455725	Rovue Partners Inc	NC, Fayetteville, 2850 Tigerswan Drive	US
S1-247784385	Empower Solution Private Limited	15-36, Main Road, Maruti Nagar Chintalapudi, Westgodavari, Westgodavari, West Godavari, Andhra Pradesh	India
S1-301746790	Blanton Pioneer Calisa LLC	66 Maplecrest Drive, Guilford, CT	US
S1-641243686	AH Impex Private Limited	Office No. 304, Brookly Tower, Nr. Ymca Club (P 269), Makarba, Ahmadabad City, Ahmedabad, Gujarat	India
S1-644848357	Citra & Co	1401, One Lodha Place, Senapati Bapat Marg, Mumbai, Maharashtra	India
S1-996060303	Suh Pinnacle Neuberger	N12163 Tower Road, Town Of Silver Cliff, WI	US
S1-218191558	Dynamic Marketing	Gat No. 153, Deepnagar, Plot No. 44, Jsp, Jaysingpur, Kolhapur, Maharashtra	India
S1-243287963	Drayola Estate Inc	8360 Sr 83, Holmesville, OH	US
S1-348716499	Onkar (India) Projectsprivate of Jogeshwari West Private Limited	B-1608, Pearl Palace Chs Ltd, Aqsa Masjid Road, Nr Fdc Ltd, Jogeshwari West, Mumbai, Maharashtra	India
S1-48470732	Hawkins, Overstreet & Cantrell Copley LLC	249 Trapper Ridge, Cottonwood, AL	US
S1-45643116	Ailey Pigg, D.O.	34420 Bickel Road, Logan, OH	US
S1-89968991	Wilson, Cynthia, CPA	1654 Rockport Road, Boonville, IN	US
S1-823969594	Andes Bus Pvt Ltd	House No. 73, Ground Floor, Sector-43, Basai Road, Gurgaon, Haryana	India
S1-842996937	Arlina Kaestner Highland Australia Inc	573 Beaver Creek Road, Smyth County, VA	US
S1-572037718	New Bangalore Private Limited	D-80 Near Manav Rachna School Sector 51 Noida Gautam Budha Nagar, Noida, Gautam Buddha Nagar, Uttar Pradesh	India
S1-418484480	Kokan Academy Limited	Haryana, Yamuna Nagar, Thapar Colony, Yamuna Nagar, Hno. 49	India
S1-462682821	Trigon Medical Private Limited	Shantinath Housingsociety, Aurangabad, Maharashtra, Aurangabad, Plot No 29	India
S1-293371385	HAU Northwest LLC	11049 Sentry Ridge Road, Prince William County, VA	US
S1-10036490	Swadesh & Sons Private Limited	H.Nr 104-5-630 (Old Nr 3-637/A) Ramakrishna Nagar 5Th Street, Rajahmundry, East Godavari, Andhra Pradesh	India
S1-148320332	Moorman Investments	12353 Del Sur Street, Victorville, CA	US
S1-8030498	Arihant Food Pvt Ltd	D. No. 4-164, 7Th Line, Dwarakanagar, Babametta, Vizianagaram, Andhra Pradesh	India
S1-112719985	Smart Properties Private Limited	13/368, Moloth House, Thaikkattukara, Aluva, Ernakulam, Kerala	India
S1-338016977	Bureau of Buildings	Unit 103, Georgetown, 807 Rock Street, TX	US
S1-939161426	Reliable Data Networks, LLC	Sumner, 13701 24th Street, Unit #E2, WA	US
S1-922818424	Division of Environmental Protection	7394 N Pisgah Drive, West Chester, OH	US
S1-986199922	Operating Engineers Union Local No 149	6028 Meyers Landing Court, Fairfax County, VA	US
S1-58938533	Srinivasa Technologies Ltd	G D Colony, Mayur Vihar Phase-3, East Delhi, B-1075, Delhi	India
S1-384915150	Violet Yoder Pharma LLC	2259 Hermitage Way, Unit APT 208, Indianapolis, IN	US
S1-949050538	Western Gulf Fashion, Inc	Hull, 119 Manomet Avenue, MA	US
S1-552389683	New Delhi Mobiles Private Limited	Plot No G-24, F/F Blk G, Gali No-1, Vishwas Park, Uttam Nagar, New Delhi, Flat No B-2, Delhi, West Delhi	India
S1-910810466	Ferron Rock LLC	860 River Road, Red Cloud, NE	US
S1-782223818	Carpenter Transport	17 Oneil Street, Troy, NY	US
S1-930535454	Real Construction Private Limited	Bangalore, 2Nd Floor, Chs 707, Opp. All India Radio Qtrs 4Th Phase, Main Road, Yelahanka, New Tow, N, Karnataka, 738, Bangalore	India
S1-248052160	Sheffield Total Enterprises Inc	2801 Harrison Avenue, Unit UNIT 191, Harlingen, TX	US
S1-3302186	Gujarat Impex Limited	#550, Friands Colony, Yamunanagr, Yamuna Nagar, Haryana	India
S1-244641858	Bailey Kimco	8137 Main Street, Ellicott City, MD	US
S1-971090829	United Cardiology, LLC	2757 7th Street, Unit Suite E, Redmond, OR	US
S1-963590838	Dermatology Metro Clinic LP	3940 Vista Greens Drive, Keller, TX	US
S1-579996157	Secunderabad (india) Pvt. Ltd.	6-1-284/4/103, Dinesh Apartments Padmarao Nagar, Secunderabad, Hyderabad, Telangana	India
S1-606287116	One Builders Limited	Sr. No-12 Hissa No-3/2, Nr Hp Petrol Pump, Shop N Tal Mulshi, Dist, Pune, Maharashtra	India
S1-985197852	Ear Nose & Throat Legacy Care Associates Inc	20 Whitney T Ferguson Iii Road, Unit Unit 4, Vernon, CT	US
S1-565415924	Arrow Media Private Limited	1St & 2Nd Floor No, 4, Thimmaiah Road, Queens Road Cross, Near Congress Committe, Bangalore, Karnataka	India
S1-15744376	Gold Estate Private Limited	A4/49, Shanti Rakshak Society, Near Ishanya Mall, Shastri Nagar, Yerawada, Pune, Maharashtra	India
S1-891601870	Quality Wholesale Services LLC	531 Ott Street, Harrisonburg City, VA	US
S1-330878120	Greenwave Estate Private Limited	205, 2Nd Floor Pankaj Plaza-Iii, Sector-6 Market, Dwarka, South West Delhi, Delhi	India
S1-256795949	Creative Rio LLC	Salem, OR, 4115 Sunnyview Road	US
S1-765437047	Piedmont Endocrinology LLC	1003 Swift Street, Palestine, TX	US
S1-839434293	Blythe's Barbershop	10399 Rushford Road, Centerville, NY	US
S1-830092236	New Future Foundation Pvt Ltd	H.No.001, Main Road Borisavargaon Borisavargaon, Tq. Kaij, Beed, Bid, Maharashtra	India
S1-877123595	Cheslie Milliken Internet	108 Vida Way, Norman, OK	US
S1-329072288	Premier Producer	Flat No-I-277, Sonestaa Meadows Apts, Thubarahalli, Bangalore South, Bangalore, Karnataka	India
S1-754952001	Thomas Education	6463 Citrine Street, Rancho Cucamonga, CA	US
S1-325243184	Balamurugan & Brothers Private Limited	Karnataka, Bbmp No. 68/1, Bangalore, Bda Site No. 78 Situated In Industrial Suburb, Mahalaxmi, Puram, Bangalore	India
S1-149498539	Rojas Sterling Association LLC	94 Lafayette Avenue, Suffern, NY	US
S1-654110534	Board of Consumer Affairs	547 Broadway, Chicopee, MA	US
S1-704129543	Future Services Private Limited	205, Surya Kiran Building, K.G.Marg, New Delhi, Delhi	India
S1-738173410	Root Hub LLC	6890 Cedar Edge Drive, Security-widefield, CO	US
S1-801289176	Royal Consulting	100 Amber Woods Drive, Tega Cay, SC	US
S1-747792005	Better Media Labs P.C.	820 Main Road, Islesboro, ME	US
S1-733134486	Pierce & Nakahara City LLC	1884 North Road, Warren, OH	US
S1-91531727	Mind Consultancy	Vill- Tilakbhanti Post- Garhmalpur, Ballia, Uttar Pradesh	India
S1-293497322	Urban South Business Limited	Pune, Maharashtra, Sr No 137/1, 1St Floor, Block No 51/2, Dnyanesh Society, Warje Malwadi	India
S1-63562011	Pediatric Vanguard Clinic Inc	1740 72nd Street, Indianapolis, IN	US
S1-747242390	Ram Processing	C 201, Eon Waterfront, Kharadi, Pune, Maharashtra	India
S1-141645361	Cure Pub!	2948 Baneberry Lane, Mesquite, TX	US
S1-617330341	Rivkah Baker Regional Opportunities LLC	1704 Keeling Road, Virginia Beach City, VA	US
S1-355236049	Metropolitan Fund	108 Laval Street, Waterbury, CT	US
S1-538689048	Foot & Ankle Associates of Stokesdale	122 Grove Drive, Stokesdale, NC	US
S1-490762047	Silver Strategic Adr	320 Whitelaw Avenue, Wood River, IL	US
S1-337620970	Green Rocky Foods, Inc	32700 Leewood Lane, Unit #37, Boring, OR	US
S1-827023077	Pacific Fund	IN, 8853 Briarclift Road, Indianapolis	US
S1-524463775	Meridian Inc	285 Blackland Road, Royse City, TX	US
S1-180390190	Nirvana Traders Private Limited	B-1023, Ff, Bazaar Mohalla, Village - Tughalkabad New Delhi, New Delhi, South Delhi, Delhi	India
S1-491477148	Smart Broadcast Concepts	393 Allentown Road, Franconia Township, PA	US
S1-495839809	Lotus Business Private Limited	No. 33/3, Banaswadi Road Extension M.S Nagar, Bangalore, Karnataka	India
S1-480168095	Medicare Nursing Home Private Limited	A-404 Rashmi Pearl-2, Nr. Karnavati 2 Residency, Daskroi, Ahmedabad, Gujarat	India
S1-145961056	Apex Engineering Labs LLC	14700 Park Hills Circle, Anchorage, AK	US
S1-752005531	United Infotech Private Limited	B-10, Sarita Housing, Jyoti Nagar, Garkheda, Aurangabad, Maharashtra	India
S1-606291083	Economic Development Center	608 Bowman Lane, Unit 121, Bowling Green, KY	US
S1-508143165	Heartland Terra	741 Melville Avenue, Baltimore, MD	US
S1-740274285	Cosmos By Private Limited	Chinchwad, Pune, Maharashtra	India
S1-380391189	American Consultancy Private Limited	Building D, Flat No.11, Sr.No.5A/2A22B2, Nibm Road, May Fair Eleganza, Kondhwa, Pune, Maharashtra	India
S1-366191116	Cicily Agyemang, O.D., DDS PC PLLC	190 Gerrish Avenue, Dracut, MA	US
S1-497294767	Oncology Care LLC	Blum, TX, 2388 County Road 1212	US
S1-878318610	Global Dream Finance LLP	Transit Camp Building No. 2, Mumbai City, Mumbai, Maharashtra, Room No. 1, Samata Nagar, Kandivali East, Near Thaku, R College	India
S1-458045233	Credit Hospitality Partners LLC	24 Wendell Court, Charles Town, WV	US
S1-538332147	Delhi Sons Private Limited	Shop No.14, Plot No.26, Upper Ground Floor, Viaks Royal Arcade Road No.44 Community Center, Pitampura, Delhi, North West, Delhi	India
S1-80794643	India Shreeya Real Limited	4Th/Floor Flat No.400A, 12, Ajit House Comm. Complex, New Delhi, South West Delhi, Delhi	India
S1-670433250	Perfect Infrastructure Private Limited	12, 2Nd Floor, Om Heera Panna Mall, Near Oshiwara Police Station, Oshiwara, Andheri - West, Mumbai, Mumbai City, Maharashtra	India
S1-837967059	Ivenara Bancorp	3170 Gilbert Road, Fl 0, Chandler, AZ	US
S1-815311884	Rodriguez Calisa Corp	5688 Cr 21, Helena, OH	US
S1-284879945	New Delhi Skills Private Limited	C-33-34, Arya Samaj Road, Uttam Nagar, New Delhi, North Delhi, Delhi	India
S1-420228083	Container Sports Private Limited	House No. 11/89, Vrindavan Scheme, Rai Bareli Road, Lucknow, Uttar Pradesh	India
S1-91543807	Apex American Battery	515 Main Street, Unit APARTMENT 230, Covington, KY	US
S1-211316637	Priority Point Private Limited	House No 118 Plot No Old 118 Blk-E Shastri Nagar Landmark Na, North West, Delhi	India
S1-929565562	Redwood LLC	7384 Stout Road, Germantown, TN	US
S1-432406297	First Israel Clinic	7139 Hyacinth Court, Hanover County, VA	US
S1-865781907	Pasupati Consultants Private Limited	B-240 Meera Path Vaishali Nagar, Jaipur, Rajasthan	India
S1-710927111	Grace Vanguard End Clinic	1120 Crestview Drive, Shelton, WA	US
S1-667761578	Pineda Americas PLLC	280 Main Street, Unit 4, Wareham, MA	US
S1-533041521	Rose & Brothers Private Limited	312 Solitaire Corporate, Park, Chakala, Andheri(E), Mumbai, Maharashtra	India
S1-906294321	Tate Better Sim	4768 Powell Boulevard, Unit G15, Gresham, OR	US
S1-928345802	High Energy Pvt Ltd	H.No-292, Takli (A) Tq.Paithan, Aurangabad, Maharashtra	India
S1-124938580	Quest Estates Limited	R-24/10 First Floor Rita Block Vikas Marg Shakarpur, Delhi, East Delhi, Delhi	India
S1-233991403	Burdwan Advisors	Hyderabad-35., Plot.No.65, Road No.10Venkateshwara Colony Saroornagar, Andhra Pradesh, 5-48/2, Telangana	India
S1-518271295	Empire Council	2001 Oak Knoll Drive, Springfield, OH	US
S1-199808444	New Life Community Church	106 Williams Street, Edon, OH	US
S1-722314708	Summit Alphabet LLC	207 Spring Street, Seven Springs, NC	US
S1-216397388	Galaxy Ventures Limited	677, Karnataka, Bangalore, 1St Floor, Suite 1414, 27Th Main, 13Th Cross, Hsr Layout Sector 1, Bangalore South	India
S1-269768745	Digital Care Private Limited	27-1-10/2 Flat-2 Block-10, Krupa Complex, Tirumalagiri, Hyderabad, Telangana	India
S1-314838165	Denys Flynn Empire Kgaa Inc	14830 Black Canyon Access Road, Unit 2108, Phoenix, AZ	US
S1-985983252	Ferryn Sea Corp	268 First Street, Unit Apartment 3, Newburgh, NY	US
S1-198607412	International Investment	Sy No - 41/Bp3, Jorapur Layout Banzara Cross, Vijayapur, Bijapur, Karnataka	India
S1-652898300	Amara Pastor, Esq. Center	11600 Bellefontaine Road, Fl 0, Saint Louis, MO	US
S1-361662895	Zoya Global LLP	Bajaj Bhawan, Plot No B-10 Sector-3, Noida, Uttar Pradesh	India
S1-580334504	Precision Made Inc.	1918 Coverlea Court, Spring, TX	US
S1-329196442	Bankura Ventures Private Limited	C/O Bijay Dey, S/O Trilochan Dey Ghola, Sabrakone, Talluk Taldangra, Bankura, West Bengal	India
S1-680655630	Equity Corpn Private Limited	D No. 3-6-504/A/2, Hyderabad, Telangana, Second Floor, Himayath Nagar, Himayathnagar	India
S1-687896053	Freeman Hennessy of Richfield, LLC	6908 Blaisdell Avenue, Richfield, MN	US
S1-152016818	Vision Center of Farmers Branch Care	13301 Galleria Place, Unit 3204, Farmers Branch, TX	US
S1-489516168	Maxy Ferguson Security	717 Seventeenth Avenue, Middletown, OH	US
S1-39583239	Apex Inc	220 Sasser Drive, Prichard, AL	US
S1-758137767	Ojeda Montessori School Group	Unit APARTMENT  C, OK, 6219 38th Street, Tulsa	US
S1-914199557	Cameron Fidelity	1340 Co Rd 8, Dillonvale, OH	US
S1-869237183	Comp International Private Limited	Building No. 10/127A, Kombankallu, Panapoyil, Nilambur, Malappuram, Malapuram, Kerala	India
S1-918636900	Taex Resources LLC	17831 34th Lane, Phoenix, AZ	US
S1-420203704	Chelsey Durham Network	OH, 7235 Barrister Court, Hamilton	US
S1-787371501	Bren Massenburg Research P.C.	10720 Sunstone Street, City Of El Paso, TX	US
S1-679647261	Bradford Valley Inc	49329 Mushgee Road, Deer River, MN	US
S1-875720980	Pediatric Specialists Co	TN, 2520 New Port Royal Road, Unit 5203, Spring Hill	US
S1-91260020	Monge, Rosalinde, D.C., DDS PC	812 Co Rd 73, Crown City, OH	US
S1-342596894	Sunshine's Property Solutions	10503 Summerbrook Drive, Houston, TX	US
S1-406113499	Easter, Joy & Mattingly Investments	919 Sinking Springs Road, Midway, TN	US
S1-689193450	Black Software Private Limited	Asian Habitat 64, Haldarpara, Podra, Andul Road Beside Thanamakua Gram Panchayat, Howrah, West Bengal	India
S1-100511071	Shakti Infra Private Limited	C/O Jagabandhu Mondal, Vill- Mirzapur, Sethpur, North 24 Parganas, West Bengal	India
S1-39399252	Angel It Private Limited	Gulbarga, Karnataka, H.No.5-993/20/52, Gulbarga, Azadpur Road Mohammadi Masjid, Umar Colony	India
S1-449176880	Bright Brothers Private Limited	Hyderabad, Plot No-32 Asha Off Cly, Near Hanuman Temple Pk, Telangana, Tirumalagiri	India
S1-508575943	Hitech Construction	Migb-387, Sector-11 Indira Gandhi Nagar, Jagatpura, Jaipur, Rajasthan	India
S1-994525821	Hedlund, Natka B., CPA	721 Sesame Street, Unit STE 2A, Anchorage, AK	US
S1-757741582	Jain First Industries Private Limited	Mg-13D, 3Rd Floor, Plot No. Gh-03 Eldeco Mystic Greens Omicron 1, Greater Noida, Gautam Buddha Nagar, Uttar Pradesh	India
S1-907000928	Ganga Ventures	Flat No.203, Tower-11, Orchid Petals Sector 49, Sohna Road, Gurgaon, Haryana	India
S1-24424354	Bharat Foundation Private Limited	E-11, Ram Path, Shyam Nagar Extension, New Sanganer Road, Jaipur, Rajasthan, Jaipur	India
S1-719822029	Rishabh & Co LLP	A-45/3, Vridavan Garden, Ghaziabad, Uttar Pradesh	India
S1-539652618	Brooks Fashion Inc	237 Red Robin Drive, City Of El Paso, TX	US
S1-717729227	Supreme Ventures Private Limited	202, Sakar 5, Behind Natraj Cinema, Ashram Road, Near Gandhigram Rlwy Statio, N, Ahmedabad, Gujarat	India
S1-799131253	Southern Fast Inc	CO, Highlands Ranch, Unit 13, 3706 Norwood Drive	US
S1-67151840	Blahnik Digitalbridge LLC	TN, 585 Sulphur Springs Hollow Lane, Savannah	US
S1-486337381	Sharp Solution Private Limited	Plot No 71 Gunrock Enclave Phase 1 Karkhana Secunderabad, Hyderabad, Telangana	India
S1-702566983	HDY Transport PLLC	MN, Moorhead, 2539 43rd Avenue	US
S1-599310463	Family Associates L.L.C.	5715 Hwy 196, Potwin, KS	US
S1-856682525	Diamond Transport	295 Holly Street, Vidor, TX	US
S1-565013155	ZY Gold Center	1089 Landers Loop Road, Dover, AR	US
S1-166941639	Steelworkers Union Local No 288	1021 Lanark Loop, Pflugerville, TX	US
S1-45355107	Lee, Hopkins & Taylor Ngl	Unit SPC, Monitor, 2924 United States Highway 2, WA	US
S1-819980199	American Metro Blockchain L.L.C.	3150 Glen Oaks Avenue, Unit Unit 209, White Bear Lake, MN	US
S1-209260214	Arihant Infrastructure Private Limited	C/Oprabhat Rai, Amarpally, P.O. New Rangia, Matigara, Darjiling, Darjeeling, West Bengal	India
S1-352483202	Pajak Keen LLC	5050 Dahlberg Road, Duluth, MN	US
S1-915904600	Pediatric Dentistry Health LLC	Unit STE 5, ME, Gorham, 20 Mechanic Street	US
S1-288786162	Lotus Global Limited	7/13, Narkel Danga Main Road, Kolkata, Howrah, West Bengal	India
S1-597393493	Premier Materials Technologies LP	353 Court Avenue, Weston, WV	US
S1-489844228	Nityadhara Brothers Care	B2/247, Cbhadaini, Varanshi, Varanasi, Uttar Pradesh	India
S1-106944356	Maynor Supreme Hair Studio Inc	29 Woodpecker Road, Beverly, WV	US
S1-371857651	Agro Singh Concrete Pvt Ltd	Sri Ganesh Vihar Appartment, Road No. - 4, Near Van Bibhag, Nehru Nagar, P.O. - Pat, Li Putra, Patna, Bihar	India
S1-58659558	Lakshmi Construction Private Limited	Room-403, 4Th Floor, P-41, Princep Street, Kolkata, Kolkata, Howrah, West Bengal	India
S1-656898988	Kacey Piercy Desert Rush LLC	220 12th Street, Hamilton, OH	US
S1-439528402	TBM Origin LLC	390 Braidfoot Rd Road, Lordsburg, NM	US
S1-424513994	Memorial Colonial League	58 Foxtail Lane, Chili, NY	US
S1-948692579	KIU Servicesprivate Private Limited	Plot No-137, Kh No-6/2, Pole No-59, New Delhi, West Delhi, Delhi	India
S1-941911424	Duke Investments LLC	2800 Great Dane Lane, Unit Unit C, Jonesboro, AR	US
S1-650414540	Sky Marketing Private Limited	Florentine Villa No 5, S No 60A/2/1B Cts Ghorpadi, Pune City, Pune, Maharashtra	India
S1-501155781	Jarlyx Sports Inc	60 Ridge Road, Smithtown, NY	US
S1-478018521	497-498 West Owners Corp	35 Beechwood Street, Thomaston, ME	US
S1-146103990	All Consultants Private Limited	S No 206 Ho-No-2048Tukai Darshan Pune-Saswad Road Phursungi, Pune, Maharashtra	India
S1-939101313	Leesa Salgado Prime Audio Installation Corp	3200 Kingwood Drive, Great Falls, MT	US
S1-963920547	Cantrell Pipeline of Taylor Mill LLC	5126 Taylor Mill Road, Unit APARTMENT 286, Taylor Mill, KY	US
S1-287894833	Patna My Private Limited	411-A Ashiana Plaza, Budha Marg, Patna, Bihar	India
S1-859149139	Heritage Marketing International	43773 Wade Drive, Maricopa, AZ	US
S1-211535546	International Infotech Pvt Ltd	F-14 & F-15, First Floor F Block Inner Circle, Connaught Place, New Delhi, Central Delhi, Delhi	India
S1-803638803	Macro Public School	71, Metcalfe Street 2Nd Floor, Kolkata, Howrah, West Bengal	India
S1-983248998	Womens Health Clinic LLC	Spring Hill, TN, 407 Broadhead Drive, Unit 101	US
S1-383055520	Creative Foundation Limited	B/35/125, Siddharth Nagar, Goregaon (W), Mumbai, Maharashtra	India
S1-285819412	Lalitpur Land Private Limited	C/O Nitendra Dubey, 235/11, Rawatyana Sagar Road, Lalitpur, Uttar Pradesh	India
S1-158409228	Sader Foundation Private Limited	H. No. 422, Badgo, Sader, Gorakhpur, Uttar Pradesh	India
S1-304788133	Seven Developers Private Limited	F1, 2 Flr 204, 20 Ft Rd, Shaheen Bagh, Af Enclave-2, New Delhi, South Delhi, Delhi	India
S1-536435138	Bsi Energy Pvt Ltd	C-406, 1-2-608, 609 To 610, Lwr Tank Bund, Kavadiguda, Secunderabad, Hyderabad, Telangana	India
S1-421319885	Laborers Local Union 621	11100 Collington Drive, Chesterfield County, VA	US
S1-335985576	Varanasi Research Private Limited	B 34/140 M-9, Varanasi, Gayatri Nagar Colony, Shukulpura, Uttar Pradesh, Varanasi	India
S1-670301520	Hyderabad Online Ltd	Wz-183 A, Khyala Village, New Delhi, West Delhi, Delhi	India
S1-258577137	QK Flexible LLC	4367 Mount Ivy Way, Rancho Cordova, CA	US
S1-190567859	Olvera Sterling Energy	494 Hub Boulevard, Unit 1822, Bowling Green, KY	US
S1-589737095	Vijayawada Technologies Private Limited	Anil Building M.G. Road, Mr Puram, Andhra Pradesh, D.No. 40-1-24, Vijayawada, Krishna	India
S1-343172630	Eden Staffing Private Limited	172, Sree Vaibhav, 2Nd Main, 3Rd Cross, V.V. Nagar 1St Block, Pipe Line Road, Vasanthapura, Main Road, Banglore, Bangalore, Karnataka	India
S1-193618187	YWH Convertible LLC	6220 Harvest Street, Springfield, OH	US
S1-437332190	Gangaya Instant Private Limited	Ga284, G/F At Po Bharatpur Via Baramnunda Colony, Bhubaneswar, Khordha, Orissa	India
S1-374271459	Global Trust	3009 18th Avenue, IL, Rock Island	US
S1-598049534	Allied Citigroup Inc	MO, 628 Charlemagne Drive, Lake Saint Louis	US
S1-907002252	Agarwal Landscapes Private Limited	Manasi, 4/5, Ananniketan Soc., Karvenagar, Pune, Maharashtra	India
S1-689997154	Literacy Initiative Inc.	East Helena, 3889 Highwood Road, MT	US
S1-784848716	Trinity Israel	600 Mcintyre Street, Monroe, NC	US
S1-74312432	Mountain Grand Group	2520 Kenneth Place, Prescott, AZ	US
S1-419625791	Primary Care Center of Cincinnati LLC	3100 Windsong Drive, Cincinnati, OH	US
S1-341726181	Twisted Yoga	4700 Alkire Road, Columbus, OH	US
S1-754938907	Lower Pediatrics, LLC	831 Shenandoah Falls Lane, Richmond, TX	US
S1-585707033	Core Farm Private Limited	At & P.O. Naya Bazar Bettiah, Westchamparan, West Champaran, Bihar	India
S1-929568209	Bureau of Parks and Recreation PLLC	8052 Airport Highway, Holland, OH	US
S1-362136623	Sun Ventures Limited	No 7A, Nehru Street, Duraisami Nagar Thadaperumpakkam, Ponneri, Chennai, Tamil Nadu	India
S1-857103283	Energy Vr Textile Associates	1042/2 Abhay Khand 1, Indirapuram, Ghaziabad, Uttar Pradesh	India
S1-370598322	Falcon Chadwick LLC	30146 3rd Place, Federal Way, WA	US
S1-241707515	Pediatric Center LLC	85 Summer Street, Maynard, MA	US
S1-129241502	Namdev Agri LLP	D.B.Z S 172A, Opposite Punjab National Bank, Gandhidham, Kachchh, Gujarat	India
S1-680097133	Atlantic Granite L.L.C.	17 Starks Place, Lynbrook, NY	US
S1-296201831	West Mansfield Children's Fund	23780 State Route 47, Bldg 13460, West Mansfield, OH	US
S1-917264425	One Global Private Limited	Viii/42, Valiaveetil Olanad, Varapuzha P.O., Cochin, Kerala	India
S1-116900265	Foreman and Robinson LLC	3787 Harris Road, Oxford, OH	US
S1-328670408	QPT Xii Care	1070 256, Unit 58, Liberty Hill, TX	US
S1-870621533	Optimal Nutrition Corporation	15600 Rising Castle Court, Upper Marlboro, MD	US
S1-247508267	Oncology Strategic Group	173 Neighborhood Road, Brookhaven, NY	US
S1-219286811	American Gss Partners	15893 Baumgartner Road, Dalton, OH	US
S1-301231500	Hayes Valley Summit L.L.C.	244 Sleepy Hollow Lane, Coppell, TX	US
S1-381343195	Aj Public School Private Limited	K.V.Rangareddy, Telangana, P No.33, Bhavyasri Alluri, Meadows, Whitefields, Serilingampally	India
S1-977345487	Meenita Trading Limited	C/O Vikram Singh Mangu, Gram Unhel, Jhalawar, Jhalawar, Rajasthan	India
S1-56556913	Dinny Lindsey Media LLC	N82W13414 Fond Du Lac Avenue, Village Of Menomonee Falls, WI	US
S1-955927137	Hillary G. Hamlett, D.O.	2405 21st Avenue, Texas City, TX	US
S1-195306212	Wileen's Prairie Marketing	8012 Quiet Knolls Drive, Antelope, CA	US
S1-419810929	Sparks Patriot Suma PLLC	1717 Mayapple Place, Watseka, IL	US
S1-678898601	Frontech Sales Private Limited	921/Subnandani Resi-2, Derod Village: Kamrej, Kamrej, Surat, Gujarat	India
S1-695507211	Northern Modern Engineering Inc	TN, Brentwood, 7022 Wilson Pike Circle	US
S1-670428341	Ambica Hvac Pvt Ltd	1, Taratala Road, 1St Floor, Kolkata, Kolkata, Kolkata, Howrah, West Bengal	India
S1-771170808	OFO Lifecare Corp	No.17/1, 1St Floor, Palace Road, High Grounds, Bangalore, Karnataka	India
S1-255555674	Ear Nose & Throat Associates LLC	5419 9th Street, Albuquerque, NM	US
S1-621501330	Al It Private Limited	Kirana Bazar, Akola, Mumbai, Maharashtra	India
S1-325830951	Cozy Massage	1439 Southern Avenue, Unit 304, Oxon Hill, MD	US
S1-662283595	LL Service Limited	626, Gram Badona, Sumaoli, Hatharia, Morena, Madhya Pradesh	India
S1-226577000	Machinists Union Local No 202	123 Day Hill Road, Windsor, CT	US
S1-473011333	Madrigal, Stark and Gauss Home Care	9238 Current Way, Huntsville, AL	US
S1-795728135	Networks Vansh Private Limited	201, Abhishree Avenue, Opp. Hanuman Temple, Nehrunagar, Ambawadi, Ahmedabad, Gujarat	India
S1-888401673	Surya It Private Limited	C/O Gavali Narayan Malikarjun H. No. 116 Umari Ardhapur Nanded, Nanded, Maharashtra	India
S1-104944987	Tag Public School	440, It House Imamwada Industrial Area Nagpur, Nagpur, Maharashtra	India
S1-945338541	Tirumalagiri Gifts Company	Flat No. 109, Hydernagar, Sy No.20 And 28/1, Hyderabad, Telangana, Tirumalagiri	India
S1-583483345	YMB Spa Private Limited	Muzaffarpur, Bihar, C/O Asha Devi W/O Kanhaiya Singh At Adars Gram Road No 2 Bariya Po Kolhua, Muzaffarpur	India
S1-283341612	Mccormick Regional Studios LLC	1509 Carver Drive, Dothan, AL	US
S1-772529270	Bittu Trading Pvt Ltd	Gut No 277, Digol Amba, Ambejogai, Ambajogai, Beed, Maharashtra	India
S1-604613471	Optimal Metropolitan Churchill LLC	8495 Waynesboro Way, Waynesville, OH	US
S1-360503863	KF Endeavour Pvt Ltd	38-B Gobind Nagar, Ambala, Haryana	India
S1-669904710	Salli's Fisheries	212 Moore Road, Burleson, TX	US
S1-264140479	Mills and Skaggs Inc	2431 Rebecca Drive, Springfield, OH	US
S1-854667237	Aniruddha Foundation	Plot No: 720 & 721, Sri, Sai Balaji Homes Nadergul, Hyderabad, Telangana	India
S1-106898123	LFL House Pvt. Ltd.	125, Second Floor, Vigyan Vihar, Near Yamuna Sports Complex, Delhi, East Delhi, Delhi	India
S1-141683936	Jyotiba Adhesives Private Limited	Plot No.2, Dhanalakshmi Nagar, Moulivakkam, Kundrathur, Sriperumbudur, Kanchipuram, Tamil Nadu	India
S1-458455597	ZH Surveys Private Limited	No.9 5Th Main 12Th Block Near Bda Kumara Park West, Bangalore, Karnataka	India
S1-213755230	QIT Foundation Pvt. Ltd.	Haji Moosa Patrawala Ind Estat20 Dr E Moses Mahalaxmi, Mumbai, Mumbai City, Maharashtra	India
S1-431842088	Vijay Enterprises	Ff-106, C Square Block C, Sarabhai Compound, Vadodara, Gujarat	India
S1-197040995	Unique International	57, 3Rd Floor East End Enclave, Laxmi Nagar, Delhi, East Delhi, Delhi	India
S1-129998423	Optimal Energy Company	1334 Dreiser Square, Terre Haute, IN	US
S1-777699252	Global Superior Publishing LLC	1436 232nd Avenue, Sammamish, WA	US
S1-710139409	EGM Technica Private Limited	Plot No: 262/B, Sri Ram Nagar, Serilingampally, K.V.Rangareddy, Telangana	India
S1-6196517	Gujarat Logistics Private Limited	New No 40, Old No56 3Rd Main Road, Kasthuribai Nagar Adyar, Chennai City Corporation, Chennai, Tamil Nadu	India
S1-682810691	Jai Constructions Private Limited	4-47/1, Satya Sai Nagar, Sai Nagar, Tirupati (Rural), Chittoor, Andhra Pradesh	India
S1-433756312	Yuvraj Public School	Palarivattom, Kerala, Ernakulam, 39/2475-B1, Suite 419, Lr Towers Sjrra 104 S Janatha Rd	India
S1-545194664	Krebsbach Pacific Proshares	AL, 12842 Pasture Lane, Stapleton	US
S1-683239030	Cleopatra Horta Premium Inc	635 Kings Creek Loop, Unit R252, Brevard, NC	US
S1-414831318	Lavender, Hoyt & Anderson Origin LLC	2 Bushnell Drive, Lexington, MA	US
S1-758070915	National Investments LLC	1641 Virginia Lane, Hueytown, AL	US
S1-265707414	Bombay Management Private Limited	Basement 69, Mausam Vihar, Delhi, North East, Delhi	India
S1-483254223	411 Lincoln Way Properties Inc	4 Jefferson Street, Unit Unit A, Phoenix, NY	US
S1-86193757	Super Foods Private Limited	388/2 Upen Banerjee Road (New 38 Upen Banerjee Roa Airport Road, 1St Floor, Kolkata, Parganas South, West Bengal	India
S1-420260214	Brown Veterinary Clinic Inc	9310 Ella Boulevard, Houston, TX	US
S1-946539058	Laxmi Baba Consultancy Limited	Bdd Chawl, Worli, Mumbai, Mumbai City, A103 Plot Cs 286 Aurus Chambers Shivram Sheth Amrutwar Road, Maharashtra	India
S1-802267646	City Services Private Limited	Qtr No.229, G F. 4 Storey, Near Police Chowki, New Delhi, West Delhi, Delhi	India
S1-511336221	Arjun Services Pvt Ltd	203, Jamuna, Jamnagar Road, Nr Ghanteshwar Park, Rajkot, Gujarat	India
S1-389821786	Heath Sterling Bnb, LLC	23969 171st Lane, Surprise, AZ	US
S1-317992973	Vbs (india) (India) Private Limited	Bc-85, West Shalimar Bagh, New Delhi, Delhi	India
S1-75762876	A Trusted Canada LLC	195 Rodeo Road, Unit 220, Casa Grande, AZ	US
S1-30578063	Baum, Duong & Perry, L.L.C.	TX, Paris, 1320 19th	US
S1-916778156	TK Frontier Ellington LLC	AZ, Unit 30, Tempe, 1312 Hardy Drive	US
S1-407542251	Coastal Ridge King LLC	181 Milan Avenue, Norwalk, OH	US
S1-747368170	Sonal Pressing Private Limited	Plot No.152/2323, Rajarani Colony Tankapani Road, Bhubaneswar, Khordha, Orissa	India
S1-73325320	My Media Private Limited	Plot No 3A, Snehamainagar, Vanasthalipuram, Hayathnagar, Hyderabad, Telangana	India
S1-667017397	Malappuram Offset Private Limited	First Floor, Dhanya Complex Pattambi Road, Pulamanthole, Malappuram, Malapuram, Kerala	India
S1-557716936	Behavioral Health Unified Associates LLC	Hagerstown, MD, 12514 Capstone Drive	US
S1-344009810	Star Global Finance Private Limited	67/46 Strand Road, Kolkata, Howrah, West Bengal	India
S1-377860265	Western Cardiology	4705 Cardinal Lane, Unit APT A, Bridgeton, MO	US
S1-226466026	Complete Development Center	2609 Batchelder Street, Brooklyn, NY	US
S1-379477038	Hutchison, Larsen & Scott Partners Care	3522 Yecker Avenue, Kansas City, KS	US
S1-133081790	Seflois Bce LLC	239 Orwell Road, Orwell, VT	US
S1-481968946	Peak Gulf Intelligent	NM, 9636 Entrada Vista Avenue, Albuquerque	US
S1-425098743	Samudra Investments Private Limited	Kanaiyalal No Madh, Vadnagar, Mahesana, Gujarat	India
S1-214762579	Shreeja Infra Corp	A-165, West Delhi, Block-A, Fateh Nagar, Akalgarh Jail Road, New Delhi, Delhi	India
S1-511528362	Popular Camps Private Limited	No.7, Tt Nagar, Kodiyamman Koil Near, Vennar Bank Post, Thanjavur, Tamil Nadu	India
S1-734234363	KU Rubbers Private Limited	F-29 Maruti Township Complexnizampura Main Road, Baroda, Vadodara, Gujarat	India
S1-423700237	Elsi Engle Ace Charlton Inc	105 Holly Street, Connersville, IN	US
S1-539495572	Kalinga Public School	231/Bnetaji Subhas Chandra Bose Rd, Kolkata, Calcutta, West Bengal	India
S1-989674677	Prime Creative Associates LP	4606 Olive Street, Kansas City, MO	US
S1-358190508	Ferguson Twp Economic Development Trust	2238 Setter Run Lane, Ferguson Twp, PA	US
S1-171686053	Quality Financial Global LLC	9055 128, Celina, TX	US
S1-881838698	Foundation New Agri Corporation	1 Gr.Floor Silver Heightstps Iii 51 St Road Borivali West, Mumbai, Maharashtra	India
S1-524840144	Rangareddy Exports Limited	Flat No.69, 231, Part 316, Diamond Road, Nallagandla, Gopannapalli, Sherrlingampa, Lli, Rangareddy, Hyderabad, Telangana	India
S1-975827026	Modern Cloud Innovations LLC	13972 Powell Road, Portage, OH	US
S1-826539792	Ssrs Mile Corp	Sco-6, Wadhawa Nagar Near Hotel Sunpark, Zirakpur, Mohali, Punjab	India
S1-921946760	Digital Solutions Private Limited	South West Delhi, New Delhi, Delhi, S3 Tower, Saraswati Appartments, Vasant Kunj D6, 203	India
S1-751794372	Clardy Greenland LLC	222 Wythe Avenue, Frederick County, VA	US
S1-551543112	Galaxy Energy Private Limited	Flat No D/44, Visava Chs Ltd, Plot No.B134, Sect 1 Prabodhan Thakre Nagar, Charkop, Kandiwa, Li (W), Mumbai, Mumbai City, Maharashtra	India
S1-716989332	Divine & Co Limited	2183, Sector-5, Block-C, Eco City-1 New Chandigarh, Mohali, Punjab	India
S1-348642	Chennai City Corporation Production Private Limited	47 And 95, Block-C1H, Asta, Avm, Pv Rajamannar Salai, Chennai City Corporation, Chennai, Tamil Nadu	India
S1-281867900	Allied Montessori School	3238 Brant Drive, Katy, TX	US
S1-964043943	Star Obic	1938 Yakima Avenue, Tacoma, WA	US
S1-455437107	Pediatric Dental Partners Inc	KY, 16820 Shakes Creek Dr, Louisville	US
S1-530544910	Mandi Dean Jersey Inc	892 100, Orem, UT	US
S1-915429474	Pacific Dynamic Telephone	VA, Loudoun County, 22864 Bubbling Brook Drive	US
S1-139715788	Silver Industrial Labs LLC	214 Hartranft Boulevard, PA, East Norriton Township	US
S1-890602827	Ponni Infra Private Limited	Plot No- Plot No-2023, Malha Sahi, Manglabag Cuttack, Odisha, Cuttack, Orissa	India
S1-791552758	Ssms Standard Private Limited	110 And 111 Vihar Estate, Opp Saki Vihar Raod, Mumbai, Maharashtra	India
S1-796542236	Heard and Mangum Design LLC	1706 Redborne Court, Unit APT 204, Chesterfield County, VA	US
S1-961872077	Fulbright Veterinary Clinic	5940 Wenas Road, Selah, WA	US
S1-466955044	Frontier Trust LLC	923 Walter E Martin Road, Conway, NC	US
S1-522583300	Aster Law Chambers Limited	Ullattil Paramba, Nellikode, Door No:1833/D, Kozhikode, Kerala	India
S1-924302858	Swastik Good Producer Private Limited	Kmc Xvii/130 Balavilas Bldgsreenivasa Iyer Road, Kottayam, Kollam, Kerala	India
S1-241167841	Gangesh Solutions Limited	314, Floor 3, Plot-183, Neelgiri Industrial Estate, Tokershey Jivraj Road, Sewree, Mumbai, Maharashtra	India
S1-612610333	BH Service	Khasra No 1035 Near Back, Side Shanti Ispat Khandsa, Sadar Bazar, Gurgaon, Haryana	India
S1-738286594	Mmj Processing Ltd	104, Monalisa, Kasturba Road, Opp Kedia Chambers, Malad Wes T, Mumbai, Maharashtra	India
S1-23347444	Barb Fortson Select Trading	138 Lauderback Road, Rogersville, TN	US
S1-665748332	CP Clear Point Inc	Chandler, AZ, Fl 1, 2103 Hawken Way	US
S1-889969130	Mlr Institute of Technology Private Limited	Plot No. 1620, First Floor, Fishery Lane, Budheswar, Chintamaneswar Colony, Bhubaneswar, Khordha, Orissa	India
S1-301664578	Isidora Walker High P.C.	229 Mill Street, Kewanee, IL	US
S1-383739271	MN Developers Pvt Ltd	1/30 B, 2Nd Floor, Avm Building, Thanikudam, Kuruchikkara, Thrissur, Kerala	India
S1-193577408	Rose Developers Pvt Ltd	A 17, Raju Enclave Dwarka, Kakrola, New Delhi, Delhi	India
S1-709190968	Star Industries Limited	193, Gold Finch Peth, Solapur, Maharashtra	India
S1-204351485	Liberty Select LLC	3202 Boardwalk Lane, Unit 9, Greenville, NC	US
S1-809240291	Bharat Exports Pvt Ltd	401Srivenkateswaraenclave, Road No. 10/B, Manikonda, Rangareddy, Telangana	India
S1-790932655	United Technology Pvt Ltd	R.S.No. 320/1, Plot No. 2, Airport Road Perungudi, Madurai, Tamil Nadu	India
S1-835344598	Carter, Dulciana, DO, PC	1430 Woolsey Heights, Cimarron Hills, CO	US
S1-915479738	Delta Metro Information LLC	1037 Western Rose Drive, Katy, TX	US
S1-153877707	GB Cadenza Inc	436 Sunset Ridge Drive, City Of North Salt Lake, UT	US
S1-422237198	Federal Global LLC	225 Jackson Street, Vernon, IN	US
S1-517853150	Coastal Electrical, L.L.C.	7021 Linton Ct, Louisville, KY	US
S1-543526498	Orosco Two LLC	1052 Henry Street, Marion, OH	US
S1-627481649	Heartland Fellowship LLC	2919 Mcmahan Sawmill Road, Sevierville, TN	US
S1-699461990	Silver Ave LLC	TN, 354 Sarava Lane, Smyrna	US
S1-88733691	Bell Total West LLC	23812 17th Place, Bothell, WA	US
S1-9332431	Enriquez's Consulting	27 Eagle Ridge Drive, Hawthorn Woods, IL	US
S1-68324887	Khammam Clinic Private Limited	Plot No - 117/809, Near Omc Chowk, Station Road, Barbil, Kendujhar, Orissa	India
S1-496552026	Blue Milk Private Limited	11-C, V.B.K.Complex, Ramasamy Road, North Coimbatore, Coimbatore, Tamil Nadu	India
S1-40559978	Oralia Adams Diamond Angel	44 Millbrook Lane, Fl 0, Saint Louis, MO	US
S1-647138791	Stafford Infinite LLC	5 Harbor Street, Newburyport, MA	US
S1-902821377	Regional First Rocket LLC	1435 Spring Road, Unit 101, Washington, DC	US
S1-512944500	Himali Processing Private Limited	B 804, 8Th Floor, O2 Minerva Compound Near Asha Nagar, Mulund (West), Mumbai, Mumbai City, Maharashtra	India
S1-990328014	Banks Lane LLC	193 Ridgeview Drive, Clarksville, IN	US
S1-873153228	Barrows Crystal Jackson	3712 117th Street, Alsip, IL	US
S1-978632804	Blue Sky Technology LLP	Maharashtra, Mumbai, 2Fl, 288 Tungekar, Th Katariya Rd Matunga W, Fl N 8	India
S1-253758430	Lindley & Kiser	9175 Ridgeview Street, Tulsa, OK	US
S1-659677987	New Delhi Servicesprivate Private Limited	A 80/2/2/6, Ground Floor, Jeewan Nagar, New Delhi, South Delhi, Delhi	India
S1-750682294	Eye Medicine of Salem	151 North Street, Unit 2R, Salem, MA	US
S1-311831862	Colonial Interests LLC	2379 Middle Bellville Road, Mansfield, OH	US
S1-45129289	Prime Healthcare Pvt Ltd	B118-119, Suraj Nagar Karni Palace Road, Amarpali Marg, Jaipur, Rajasthan	India
S1-123130491	Cozy Auto Body!	738 Nursery Road, Unit 130, Irving, TX	US
S1-297349458	New and Mccleskey	426 G Street, Anchorage, AK	US
S1-81883135	Lisetta Winfield Iii Inc	110 Sun Up Cove, Kyle, TX	US
S1-150792804	Classic Power Private Limited	281, Udayan Pally, Sec V, Kolkata, Howrah, West Bengal	India
S1-612376657	Metro Choice Audio Installation Corporation	548 Village Drive, Galt, CA	US
S1-108709725	Chan, Ferguson & Mcnicol Inc	4358 Rio Cancion, Tucson, AZ	US
S1-674938623	Coastal Coalition-Munford	39505 21, Munford, AL	US
S1-245740029	Primary Care Partners	AR, Little Rock, 4800 Crestwood Drive	US
S1-501425080	Education Guild	428 22nd Avenue, Moline, IL	US
S1-824750735	Arth Educational Society	Patna, Bihar, Phulwari, Ashiana Digha Road, 404 S. S. Enclave	India
S1-134426802	Spataro's Beacon Deli	1537 Springlet Court, Unit UNIT 33, Florissant, MO	US
S1-172627624	Urgent Care Associates Inc	OH, Columbus, 1145 Chambers Road, Unit 407	US
S1-331714707	Vue Pediatrics, Inc	101 Canal Road, Unit 3B, Hebron, OH	US
S1-111799381	Modern Meshflow LLC	2721 Norton Avenue, Huntsville, AL	US
S1-524084751	Sunray Quality Private Limited	Mi No:463 A/P Laul Tal:Madha Dist:Solapur, Laul, Solapur, Maharashtra	India
S1-50749491	Reliable Services Private Limited	Vill Harharia Po Islampur Ps Islampur, Murshidabad, West Bengal	India
S1-828454978	Mitchell Pioneer Apple LLC	18511 6000, Garland, UT	US
S1-871962689	Jenkins Specialists LLC	805 Scenic Valley Court, Indianola, IA	US
S1-383557821	Reliable Hospitality Associates Inc	102 Omega Street, Harriman, TN	US
S1-433881576	Maid Ice Cream!	207 Skokie Boulevard, Wilmette, IL	US
S1-721231669	Tate's Fisheries	18922 Rehoboth Mall Boulevard, Rehoboth Beach, DE	US
S1-250891080	Human Rights Center	4448 14800, Garland, UT	US
S1-866741616	Super Technology	N-1201, Prateek Laurel, Sector-120, Noida, Noida, Gautam Buddha Nagar, Uttar Pradesh	India
S1-391753721	Infra Ub Jute Private Limited	2Nd Floor Flat No. 201 Buland Plaza Shaheen Bagh, Abul Fazal Enclave Part 2 Jamia Nagar, Okhla, New Delhi, South Delhi, Delhi	India
S1-199322081	Clyis Obic Partners	403 A Hume Avenue, Alexandria City, VA	US
S1-8581177	All White Infotech Private Limited	A 3, Sunmoon Park Society Near P.F Office, Akota, Vadodara, Gujarat	India
S1-513407139	Diligence Trading Private Limited	45 Ranveer Nagar, I.T.I Chauraha Mainpuri Fatak, Etawah, Etawa, Uttar Pradesh	India
S1-12240557	Lakshmi Developers	12Thfloor, Manjeeratrinity, Jntu-Hitechcityroad, Kphb, Tirumalagiri, Hyderabad, Telangana	India
S1-463806111	Cozy Barbershop	Fl 0, 1975 Meadow Glen, OR, Grants Pass	US
S1-510506543	Chiropractic Partners LLC	1215 Mary Street, Garden City, KS	US
S1-364406697	Dooling's Harbor Printing	5095 S.p. Avenue, Atwater, CA	US
S1-491964710	Haywood Nexus Inc	OH, 7497 Harden Circle, Bldg 23, Pickerington	US
S1-262639510	Bright Cafe	3309 Ohio Street, Longview, WA	US
S1-2162476	Comstock Iron Works Inc	11209 Meridian Hill Way, Upper Marlboro, MD	US
S1-423285954	Sanchez Continental Alpine	Tolar, 6701 Colony Road, TX	US
S1-843207570	XX Maintenance	Lansdale Borough, PA, 733 Willow Street	US
S1-928789019	Great Institute	5420 Hillcrest Drive, Murray, UT	US
S1-871807855	Manzer's Tax LLC	4601 Lombard Street, Portland, OR	US
S1-604514530	Primacy Trust	04 Shri Sunder Appt Medical College Road Near T B Ward Square Wanjari Nagar, Ngpur, Nagpur, Maharashtra	India
S1-799757293	AE Coinshares Inc.	231 Lakewood Parkway, Burlington, VT	US
S1-315686019	Interstate Vine	11046 Luminate Drive, Rancho Cucamonga, CA	US
S1-913148796	Classic Industries Private Limited	Ed-1A, Mandhuban Chowk, Pitampura, New Delhi, Delhi, West Delhi, Delhi	India
S1-985215050	City Consumer Limited	11-37/1, Shadnagar Municipality, Farooqnagar, Mahabub Nagar, Telangana	India
S1-553977197	Youth Center Inc	907 Ainsley Drive, West Chicago, IL	US
S1-277618818	Karol Bagh Yog Private Limited	110, B.D.Chamber Desh Bandhugupta Road, Karol Bagh, New Delhi, Delhi	India
S1-944093951	Horizon Atlantic Transition	58-30 192 Street, Fresh Meadows, NY	US
S1-843257318	Simpson Express Vance LLC	NY, Gates, 50 Bermar Park, Unit Suite 2	US
S1-898931841	KLQ Transformers Private Limited	202, Apricot Survey No. 17/1/2, Pune, Ajinkya Park, Maharashtra	India
S1-163772981	Ingram Trusted Montage LLC	22940 Highway 29, Foster, OK	US
S1-670923454	Womens Health Medicine	4589 Fox Meadows Road, Silsbee, TX	US
S1-480446092	Lamotte Pediatrics, LLC	478 Reel Hollow Road, NC, Sugar Hill Montford Cove	US
S1-366767657	Al Balaji Management Private Limited	Qr - A/134 Construction, Col, Tangarpali, Raurkela Industrial Township (, Sundargarh, Orissa	India
S1-25823897	Sonai Traders Private Limited	33D, Velachery Main Road Opposite Tovelachery Police Station, Vel, Achery Chennai, Station, Velachery, Chennai, Tamil Nadu	India
S1-68308307	Desert Regional Parts	Bismarck, 410 Bell Street, ND	US
S1-858824786	First Energy Private Limited	Flat7 Sno.15/2, Akshay Park Bld, Aundh Rd, Thergaon, Pune, Maharashtra	India
S1-180420423	U/R Glass LLC	Vidor, 4254 Barnhill Road, TX	US
S1-432690816	Carter Consulting LLC	2049 Trotwood Avenue, Andover, OH	US
S1-765781568	Sarena Radhakrishnan Ridge Big LLC	524 High Street, Fairport Harbor, OH	US
S1-514025093	Sayan Stop Limited	Nihar, 30A, C. I. T. Road, Kolkata, Howrah, West Bengal	India
S1-925715075	Peters Custom Alphabet	15225 Shalimar Drive, Wilmer, AL	US
S1-91439684	Vsn Foods	Mumbai, 304, Maharashtra, Arun Chambers, Tardeo Road, Mumbai City	India
S1-651717089	Georgianna's Precision Ice Cream	NY, 20 Village Park Drive, Fishkill, Unit Unit 2A	US
S1-235974925	TKG Traders Private Limited	Jodhpur, Rajasthan, E-649, M.I.A. Ii Nd Phase, Basni	India
S1-497824410	Premier Cargo Ventures Inc.	Unit Apartment 3, NY, Buffalo, 363 Fargo Avenue	US
S1-154167572	Norah Holmes Fresh Fuel LLC	Adamstown, MD, 7914 Hope Valley Court	US
S1-991893704	Indo Bright Software Private Limited	A-1 40 Panchsheel Enclave, New Delhi, South Delhi, Delhi	India
S1-804962166	Powell Anchor Impact Inc	WI, 2539 Bootmaker Drive, City Of Beloit	US
S1-738302954	Pioneer Infotech Pvt Ltd	7/720, C49, Second Floor, Land World Centre, Sm Street, Kozhikode, Kerala	India
S1-362950174	Flex Oil Pvt Ltd	70/362 Second Floor, Echarangattu Tower, Ernakulam, Kerala	India
S1-675937594	MR Tree	12208 Ora Lee Road, East Bernard, TX	US
S1-275002421	Digital Technology Private Limited	Pl#6, #2 Anna St, 1St Cross, Therodum Veedhi, Chennai, Poonamallee, Tiruvallur, Tamil Nadu	India
S1-346809542	Williams Apex Crescent	137 Hobbes Hollow Road, Kortright, NY	US
S1-707224029	Prime Nutrition Labs	327 Warren Avenue, Springfield, MO	US
S1-305474163	Urgent Care Continental Associates, LLC	5733 Gelding Drive, Phoenix, AZ	US
S1-227140303	Trading Aerospace Company	141, 1St Floor Arya Kumar, Road Near Yamaha Showroom, Sampatchak, Patna, Bihar	India
S1-951607587	Barnes Imaging	4175 Broadway Avenue, Unit Apt 38, West Memphis, AR	US
S1-555172667	Tobye Suarez Ventures	9520 Glacier Highway, City And Borough Of Juneau, AK	US
S1-300005414	Mitchell, Herring and Graham L.L.C.	120 Mimosa Street, Camden, TN	US
S1-853939700	Barriga Best Engineering Company	6249 Woodbine Avenue, Woodbury, MN	US
S1-869485358	Myrlene Frost, P.A.	48 Flintlock Road, Madison, CT	US
S1-281408668	Carpenters Union Local No 961	3620 Old Birds Creek Road, Unit 9, Sevierville, TN	US
S1-414324783	Mountain Vision Inc	429 Hillcrest Drive, Dekalb, IL	US
S1-90639448	Vasan Realities	C/O Mahendran, 1/33, Chellapuram Road Observatory, Puthukadu, Kodaikanal, Dindigul, Tamil Nadu	India
S1-725735551	Finance Momentum Web Private Limited	H.No.7-2-224, Srt-3, Ist Floor, Sanath Nagar, Hyderabad, Telangana	India
S1-212310311	Shiva Developers Limited	F2 Skyline Ranch Villas, Market Road, Thripunithura, Ernakulam, Ernakulam, Kerala	India
S1-658441988	Vava Stone	17607 24th Avenue Court, Tacoma, WA	US
S1-409521119	Design	13981 Moss Creek Road, Danville, AR	US
S1-430082601	Collette Donohue Capital Hawaii	16 Harris Hollow Road, Washington Town, VA	US
S1-83777871	Hosang Connection LLC	4100 Ww, Village Of Maine, WI	US
S1-646496700	Tanush Duniya Private Limited	H No 52, Sector 21B Faridabad, Faridabad, Haryana	India
S1-797636397	First Chapel	5002 Blue Water Lane, Dickinson, TX	US
S1-682844169	Delly's Data	316 Blackburn Bay Drive, City Of Verona, WI	US
S1-964060286	Hickok Stock Inc	246 Montford Avenue, Asheville, NC	US
S1-958103977	Standard Carriers (India) Private Limited	Maharashtra, Mumbai, B-702, Mumbai, Prathameshresidency, Dadabhai Rd, Nrbhavans Clg	India
S1-116177	Yamuin Finance Private Limited	T9B Palm Avenue Ballygunge, Kolkata, Howrah, West Bengal	India
S1-498835536	Matthews & Greathouse Arch LP	7321 Lansdowne Avenue, Fl 0, Saint Louis, MO	US
S1-102472576	Galaxy Black Software Private Limited	#2/1, C Street, Parappa Field North Street Behind Reliance School, Austin Town, Bangalore, Karnataka	India
S1-502298132	CXZ Research	Chandra Vihar Colony, Ashiana - Digha Road Po - Ashiana Nagar, Ps - Rajiv Nagar, Patna, Bihar	India
S1-413260555	Arora Business Private Limited	Flat No 801, Rachana Sayantara- Ii Hajaripahad, Nagpur, Maharashtra	India
S1-50548095	Fultz Atlantic Markets, LLC	3831 136th Street, Cleveland, OH	US
S1-156752937	Tigers Coal Limited	160/G2 Shikhara Appartment, Nemawar Road, Navlakha, Indore, Madhya Pradesh	India
S1-157760058	Mumbai Sales Private Limited	1, Navnitvihar Mgmkt Compd, Navnit Ngr Ghatkopar (E), Mumbai, Maharashtra	India
S1-376985246	Sky Technology Limited	Bts-1, 701, Inspire, Business Park, Shantigram, Gandhinagar, Gandhi Nagar, Gujarat	India
S1-300292914	Galaxy Blue Ventures Private Limited	G No 204 Sinnar Shivar, Sinnar Sinnar, Nashik, Maharashtra	India
S1-33984562	Slate PLLC	735 Charlton Street, Southbridge, MA	US
S1-333386921	Rebuild Consultants Group	Tsiic Software Unit, Hyderabad, 8Th Floor Plot No19 Sanal, Telangana, Shaikpet	India
S1-16059640	Nadean K. Dicicco, DDS LLC	1204 La Delle Street, Wharton, TX	US
S1-818562010	Allen Shore LLC	1403 Pleasant Avenue, Ontario, CA	US
S1-411166759	Choraria Solutions Private Limited	5-70, Ngo Colony, Ongole, Prakasam, Andhra Pradesh	India
S1-871380077	Baramati Healthcare Corp	Shalon Niwas, Vasantnagar, Baramati, Pune, Maharashtra	India
S1-226980027	Vogt, Morrow & Mota Tax Inc	5616 Kanawha Turnpike, South Charleston, WV	US
S1-392425453	Creative Technologies Private Limited	Pune City, Flat No. A-1/302, Maharashtra, Pune, S No. 14, Vasant Vaibhav, Karve Nagar	India
S1-667714346	Staten Island Arts Star Initiative, LLC	174 Regis Drive, Staten Island, NY	US
S1-146497768	Pioneer Construction Private Limited	39/2475-B1, Suite A18, Lr Towers, Sjrra 104, South Janatha Road, Ernakulam, Kerala	India
S1-118773253	Cranford, Mitchell and Brown Lion LLC	904 Lakeshore Drive, Kelleys Island, OH	US
S1-886701315	Ansley's Wellness	440 Green Acres Place, Algona, WA	US
S1-731539397	Preferred Capital Engineering	4021 Cadence Drive, Spring Hill, TN	US
S1-19747519	Botecia Holdings	246 Hidden View Drive, Sandy City, UT	US
S1-885978262	Eye Capital Health Inc	99 England Drive, Southside, AR	US
S1-394059493	Lakshmi Foods	166 C Sector Sonagiri, Huzur, Bhopal, Madhya Pradesh	India
S1-876916368	Capital Group P.C.	927 Willow Springs Dr, Lyndon, KY	US
S1-421026437	Brill Foundation	Shop No 82, Mugal, Karnal, Haryana	India
S1-245259144	Margeaux's Blue Bistro	ME, Washington, 171 Waldoboro Road	US
S1-927745296	Chiropractic Medicine	NC, 242 Godfreys Lane, Hertford	US
S1-627975754	Meridian	9 Pitts Street, Natick, MA	US
S1-52583286	Synis Blue High Inc	4549 Wilson's Mills Road, Wilson's Mills, NC	US
S1-31884911	Creative Solutions Private Limited	24 Hemant Basu Sarani, Kolkata, Calcutta, West Bengal	India
S1-563260368	Marlee Sievert Carolina	239 Tims Cove Road, Willimantic, ME	US
S1-69346744	Atlantic Society	3590 Sunrise Boulevard, Unit STE 8, Rancho Cordova, CA	US
S1-557643925	Guess Horizon Consulting	4273 J, Kirbyville, MO	US
S1-373940784	Saidapet Art Pvt Ltd	6Th Floor, Block 2, Dlf Sez It Park, 1/124, Mount Poonamallee Road, Saidapet, Kanchipuram, Tamil Nadu	India
S1-595782046	Nagan Tribal LLP	228 Basement Jagriti Enclave, North East, Delhi	India
S1-372567687	Jay Finance Private Limited	4/461 2Nd Floor Suite1376, Valamkottil Towers, Kanayannur, Ernakulam, Kerala	India
S1-926692452	Wanids's Yoga	MD, 251 Admiral Cochrane Drive, Annapolis, Unit 2009	US
S1-751724860	Bright Prime Cross LLC	256 Vance Street, Rawson, OH	US
S1-268198649	Mccord, Kora, D.O., M.D., P.C.	375 Pine Cove Lane, Kaysville, UT	US
S1-979199729	Express Total Rail	120 Pine Lake Circle, Nashville, IN	US
S1-773439366	Marx & Kwon, LLC	Essex, 1910 Marsh Road, MD	US
S1-579280069	Wildlife Foundation	1081 Countrywoods Circle, Unit 21F, Cottonwood Heights, UT	US
S1-834902868	Colonial Trust	43 Crocker Avenue, Tisbury, MA	US
S1-95543409	Varshan Builders Pvt Ltd	Shivram Puram Meerut City Near Sheela Provising Store, Meerut, 84/1 Rohta Road, Meerut, Uttar Pradesh	India
S1-198221152	Garcia & Rhyne LLC	24 Auburn Drive, Huntington, NY	US
S1-664771580	Krishna Power Private Limited	E-48/2 Okhla Industrial Area, Phase- Ii, New Delhi, Delhi	India
S1-289197401	Rapid Cafe Inc	9119 Cypress Avenue, Fontana, CA	US
S1-421774211	9-Corners	WI, City Of New Lisbon, 901 Orange Road	US
S1-541564331	I/W Ithax	555 First Street, Unit STE 102, Benicia, CA	US
S1-767717598	International Industries Private Limited	B/2-604, Prasiddhi Appartment, Vesu, Dist. Surat Tal. Surat City, Surat, Gujarat	India
S1-344830219	Maa Tech Private Limited	Sbi-65, Sector-7 M.V.P. Colony, Visakhapatnam, Vishakhapatnam, Andhra Pradesh	India
S1-645494673	Electricians Local 248 Care	2026 Meadows Circle, Pryor, OK	US
S1-122733534	Davina's Empire Security Services Inc	KS, Mound City, 1 Maple Drive	US
S1-315679803	#4 Laboratories	3455 Meadowlark Drive, Edgewood, KY	US
S1-449838181	Helios P.C.	1301 Branchlands Drive, Albemarle County, VA	US
S1-25728312	Elite Staffing Products Co	905 Main Street, Ashland, OR	US
S1-675018190	Hari Consultants	#282, 5Th Main, Brindavan Badavane Arekere, Mico Layout, Bangalore, Karnataka	India
S1-34267226	Surat City India Private Limited	Gujarat, Shop No. 2036, 2Nd Floor, Golden Plaza, Kinnari Cinema, Ring Road, Surat, Surat City	India
S1-532282131	Quality Media Partners, Inc	1730 Mozart Street, Chicago, IL	US
S1-426972643	Lilly and Mcnally Inc	247 Royal Parkway, Frankfort, KY	US
S1-790341823	Mcroberts College	213 Gazebo Lane, Lombard, IL	US
S1-823918386	ODX Media Private Limited	Shop No- 1 Roorkee Road, Shree Ram Plaza, Meerut, Uttar Pradesh	India
S1-442867230	Peak Medical Global Inc	3720 Bee Tree Lane, Fort Worth, TX	US
S1-403374332	CHV Pediatric Private Limited	G-30 First Floor, Lajpat Nagar-Ii, New Delhi, South Delhi, Delhi	India
S1-138419700	Gokula Services Pvt Ltd	Shop No.2 Laxminagar, Opp. Gopalnagar School, Ahmadabad City, Ahmedabad, Gujarat	India
S1-441240815	Linares Interests LLC	978 Valleyview Drive, Westerville, OH	US
S1-908525765	Avery, Mia, L.C.S.W. Inc.	8 Irwin Avenue, Unit 9, Boston, MA	US
S1-435319099	Birmingham Community Valley Chiropractic Group	3744 Laurel Avenue, Birmingham, AL	US
S1-697138545	EH Management Private Limited	Xxiv/532, 2Nd Floor Meda, Opp Dlf Nth, Seaport - Airport Roa, D, Kakkanad, Ernakulam, Kerala	India
S1-292757412	ZDP Southwest PC	NC, Unit 203, 2151 Avent Ferry Road, Raleigh	US
S1-784904431	Dermatology Medicine LP	30 Jenny Brook Lane, Talladega, AL	US
S1-148573736	Empire School of Medicine	2610 D Street, Omaha, NE	US
S1-942997038	TL Roadlines Limited	12-1-314/1/78, Anand Nagar, Road No.4, Nagole, Hayathnagar, K.V.Rangareddy, Telangana	India
S1-575587101	Marianna's Mountain Landscaping	142821 L, Town Of Berlin, WI	US
S1-637840267	Harper Secure Consumer	303 Hudspeth Street, Bowie, TX	US
S1-506485029	Carbone & Danzy	12 East Street, Northfield, MA	US
S1-641234088	TQC Infotech Private Limited	Punjab, Patiala, Punjab, Old Grain Marketnabha Distt Patiala	India
S1-155799136	Temple Lutheran Church Center	2200 Village Drive, North Little Rock, AR	US
S1-182026676	One Properties Private Limited	Geeta Nilyam, Umesh Cinema Road, Hajipur, Vaishali, Bihar	India
S1-608378046	All Software Private Limited	Plot No 43, Flat No -102, H No 22-143, 1St Floor, Santa Residency, Kukatpally, Tirumalagiri, Hyderabad, Telangana	India
S1-80386057	Black Foundation Private Limited	R-18/19 Basement Pul Pehladpur, Delhi, South Delhi, Delhi	India
S1-777537816	Rushikulya (India) Detective Public Limited	B/101, 1St Floor, Kunthajyoti Co-Op Soc Viva Jangid Complex, Manvelpada Virar(E), Palghar, Thane, Maharashtra	India
S1-350516802	Eye Innovative Center LLC	1875 Pardue Court, Clarksville, TN	US
S1-148292593	Pluto Solutions Limited	Virwani Industrial Estate, Western Express Highway, Goregaon (West), Mumbai, A/54, Maharashtra	India
S1-476781548	Nemais Inc	96 Merchant Street, Asheville, NC	US
S1-906611551	Horizon Recreation Ltd	A-66 T/F R/S Flat-13 Paryavaran Complex, Saidulajab Neb Sarai, Gadaipur, New Delhi, New Delhi, South West Delhi, Delhi	India
S1-769320242	Krishna Dynamic Systems Private Limited	Office No. 401, Lotus Plaza, S.No. 15/1B/1 Cts 681 Near Sangampress Road, Kothrud, Pune, Maharashtra	India
S1-49093177	Vs Water Private Limited	Shriram Properties Sez, The Gateway, Block A1 3Rd Floor, No:16, Gst Road, Perungalathu, R, Chennai, Tamil Nadu	India
S1-818145887	Rajahmundry Developers (India)	New Delhi, 3Rd Floor, Sunder Vihar Paschim Vihar, H No. 10/336, West Delhi, Delhi	India
S1-548630622	Baba India Private Limited	Surat, Gujarat, Bld-B3-402, Royal Resi. Motavarachha, Surat	India
S1-185554892	Hassler Wireless LLC	OH, 1430 Pleasant Avenue, Hamilton	US
S1-999927080	Internal Medicine Select Group	Stockbridge, NY, 4579 Bear Path Road	US
S1-468203524	Elite Green Center	617 Sabine Avenue, Port Arthur, TX	US
S1-516027588	Physical Therapy Center Inc	9204 Big Horn Boulevard, Unit APT 213, Elk Grove, CA	US
S1-781930629	Turner Atlantic Roman LLC	1660 Palmer Court, Clarkston, WA	US
S1-80846284	Equinox LLC	1012 Elmwood Avenue, Fort Worth, TX	US
S1-297093622	Hastings Holdings	423 Old Denmark Road, Jackson, TN	US
S1-367554044	Ellis, Harrell & Ericson of Emporia City	729 Reese Street, Emporia City, VA	US
S1-173472517	Continental Express Purecycle LLC	24628 238th Street, Maple Valley, WA	US
S1-447253761	Harris Prime Brand Inc	364 B Street, Ontario, CA	US
S1-677906740	Yi, Alexander and Mcphail, LLC	31 Hollow Tree Place, Wilton, CT	US
S1-988708229	Saroornagar Technologies Private Limited	Plotno165 Teachers Colony, Vignanpuri Colony Road 3, Saroornagar, K.V.Rangareddy, Telangana	India
S1-816500572	Martin Welfare Society	Plot No-1149/2415, Bhubaneswar, Orissa, Gobinda Prasad, Bomikhal Ps-Laxmisagar, Bhubaneswar, Khordha, Khordha	India
S1-62763469	Carney, Baldwin and Manis LLC	2987 Greene 520 Road, Marmaduke, AR	US
S1-823739733	Novium Enterprise	1010 Belt Line Road, Unit 104, Mesquite, TX	US
S1-958915747	Ehrlich Flexible L.L.C.	42W 635 Kiwi Court, Hampshire, IL	US
S1-674254419	HSA Fuels Private Limited	Gali No.21, House No-17/706 Faiz Road Karol Bagh, New Delhi, Delhi	India
S1-843613381	QIQ Bankshares Group	Kill Devil Hills, NC, 2701 Virginia Dare Trail	US
S1-166254571	Vox Wellness Limited	601 Sai Prasad Road No 29, Opp Croma Sion East, Mumbai, Maharashtra	India
S1-625296476	RA Runway P.C.	2311 Florence Street, Blue Island, IL	US
S1-916665580	Ermengarde's Construction	3318 Anderson Road, Nashville, TN	US
S1-214192623	Casillas, Lessard and Rhames	Hitchcock, 6812 1st Street, TX	US
S1-558254120	LEX Copley LLC	401 Northwest Highway, Unit 1127, TX, Irving	US
S1-819905581	American Silver Inc	3219 Mehl Crossing Court, Fl 0, Saint Louis, MO	US
S1-470776843	YQ Precision Inc	6329 Wonder Lane, Whitestown, IN	US
S1-277743177	Silver Book Store	184 Old Hwy 19E, Roan Mountain, TN	US
S1-737072551	ZS Build Private Limited	1-1-1/1/7, 1St Ward, Vaishnavi Nagar, Ponnuru, Guntur, Andhra Pradesh	India
S1-443605421	First Investments Limited	505A, Azamshah Layout, Sakkardara Chowk, Nagpur, Maharashtra	India
S1-217949476	Strachan Best Atlanticus LLC	104 Naramore Drive, Batavia, NY	US
S1-130050705	Colonial Software	12540 Montebello Avenue, Litchfield Park, AZ	US
S1-582824483	TL Technology	11814 Lower 31st Street, Lake Elmo, MN	US
S1-312264862	Dority Academy LLC	109 7th Street, St Paul, NE	US
S1-12970790	Shree Products Private Limited	6-10-30, First Floor, Rajugari Veedhi, Peddapuram, East Godavari, Andhra Pradesh	India
S1-755504412	Ashford Solutions Pvt Ltd	Colony Gurram Guda, K.V.Rangareddy, Telangana, H No 5-29/1 Brundavan, Hayathnagar	India
S1-888480952	Continental Fund PLLC	5861 Stream Drive, Fort Worth, TX	US
S1-471753863	Cure Nails	OH, Bedford Heights, 5606 Carlton Drive	US
S1-366958936	Guru Blue Estate Private Limited	#1733, 25 Th A Cross, Govindarajanagar Magadi Road Housing Board, Bangalore, Karnataka	India
S1-674882976	Anand Premier Enterprises Private Limited	West Champaran, Bettiah, Ward No. 3 Laxmi Nagar Banu Chhapra, C/O Poonam Devi, Bihar	India
S1-394912287	Digital Medical Consultants	78 Summer Street, Unit 2, Natick, MA	US
S1-349550100	Bhayani Consultancy Pvt Ltd	Anita Pandurang Patil Columbia C 204 Casa Rio Kalyan Shil Road Lodha Palava Ghesar Vil, Lage Nilje, Mumbai, Thane, Maharashtra	India
S1-892275036	Cascio First Energy Inc	1661 Stark District Road, Saint Johnsbury, VT	US
S1-311950164	Ear Nose & Throat Group	916 Delmas Avenue, Unit B, Nashville, TN	US
S1-6882632	Simpson and Emmert Nexpoint LLC	2230 Hwy 252, Mansfield, AR	US
S1-146307722	Rici Allbritton Starry Inc	OK, 37990 Hardesty Road, Bethel Acres	US
S1-790068274	Om Investments Private Limited	403 Central Tin Industrial Estate, A G Pawar Lane Sussex Road Byculla East, Mumbai, Maharashtra	India
S1-111609632	Rajasthan International School	Office No. 208-211, Mumbai, Maharashtra, Mumbai, 2Nd Floor, Gateway Plaza Co Co-Op. Premises Society Ltd, Central Avenue Road, Indusind Bank, Hiranandani Gardens	India
S1-495718955	United Association	1616 Fifth Avenue, Unit 11, Gastonia, NC	US
S1-330232473	Ravue Group	626 4th Street, New Philadelphia, OH	US
S1-94703561	Pramod College Private Limited	Room No. 602, 6Th Floor Gaikwad Heights, Beside Bhagirathi, Thane, Maharashtra	India
S1-695252025	Botsford Classic Telefonica	389 Charles Avenue, Saint Paul, MN	US
S1-252079777	Vikalp & Associates	Sno 48/11/B/1 Royal Medow, Wing B Flat No 402, Pune City, Pune, Maharashtra	India
S1-868506443	Hari Developers Private Limited	60, Shardanand Marg, G. B. Road, Delhi	India
S1-691358581	Sipani Sons Pvt Ltd	C/O Randhir Kumar Naisara, 1 Floor Near Khushi Cli, Biharsharif, Nalanda, Bihar	India
S1-786987838	Romas, Dixon and Partridge Priority LLC	1417 Plymouth Lane, Tuscaloosa, AL	US
S1-732131980	PK United Opportunity LLC	216 Pennsylvania Avenue, Seaford, DE	US
S1-472469007	Vaibhav Reality Private Limited	Plot No. 7, Tanasha Nagar, Huda Colony Manikonda, Rajendranagar Mandal, Hyderabad, Telangana	India
S1-726599835	Aditya Engineering Private Limited	159, Shaniwar Peth, Pune, Maharashtra	India
S1-9606988	Savita Building (India) Private Limited	44 Ranade Colony, Hindwadi Belgaum, Belgaum, Karnataka	India
S1-489281546	Shree Shiv Impex Private Limited	House No 1-8-373/A, Chiran Fort Lane, Begumpet, Secunderabad, Hyderabad, Telangana	India
S1-354580627	Rios Pbc Inc.	7746 Wagner Way, Unit Unit A, Cheltenham Township, PA	US
S1-248975398	First Business International Group	151 Andrea Lane, Felton, CA	US
S1-175183268	Mccarthy's Precision Development	9722 Tamarisk Drive, Phoenix, AZ	US
S1-502381766	Silver Pizza! LLC	533 Wilson Street, Unit 28, Costa Mesa, CA	US
S1-124131301	Peak Lincoln Clinic	10636 Lindmar Drive, Concord, OH	US
S1-239772982	Benzo Scan Corporation	Sun House Nr. High Court Lane - Navrangpura, Ahmedabad, Gujarat	India
S1-426702569	Niranjan Apparels Pvt. Ltd.	No.143, 3Rd Main, Avalahalli, Bda Layout, Bsk 3Rd Stage, Bangalore, Bangalore South, Bangalore, Karnataka	India
S1-879250372	Fisher Metropolitan Osprey Inc	1307 Pocatello Drive, Bismarck, ND	US
S1-812027823	Road Mediaworks Private Limited	Maharashtra, 4 Lalwani Industrial Estate14 G D Ambekar Marg Wadala, Mumbai	India
S1-329515526	Smart Infrastructure Pvt Ltd	19, Govindan Street, Ayyavoocolony, Aminjikarai, Chennai 29, Tamil Nadu	India
S1-403361289	Empire Charities	107 Hunt Street, Clyde, TX	US
S1-591231394	Jolley, Jacques & Johnson Inc.	20 Saint James Street, Kingston, NY	US
S1-512305382	Fidela's Elite Seafood	7367 Central Avenue, Unit UNIT 274, Highland, CA	US
S1-421216186	Mosoft Imperial	262 Kinne Lane, Selah, WA	US
S1-469673526	Lutter Concord LLC	100 Walker Street, Kannapolis, NC	US
S1-717748099	Hitech Ventures Limited	1St Floor, Arun Wear Waidya Estate Opp Bldg No 2, Sahyog Nagar, Kurla West, Mumbai, Mumbai City, Maharashtra	India
S1-630822944	Family Select Physicians LLC	8805 Kingston Pike, Unit 107, Knoxville, TN	US
S1-877469341	Global Construction Pvt Ltd	Plot 99, Sector 21Nerul, Navi Mumbai, Maharashtra	India
S1-133615764	National Keystone Edison LLC	513 Prestwick Street, OK, Norman	US
S1-589298046	Nodyne	45 Ashington Lane, Nashville, TN	US
S1-651100599	All Products Private Limited	M1616 A, 16Th Floor The Magnolias Dlf Golf Links Dlf City, Dlf Qe, Gurgaon, Haryana	India
S1-492146489	Zeno Engineers Pvt. Ltd.	14No K B Basu Road Barasat24 Pgs(N), Kolkata, Howrah, West Bengal	India
S1-788767201	Lakshmi Media Private Limited	M-167, Near Syndicate Bank, Vikaspuri, New Delhi, Delhi, West Delhi, Delhi	India
S1-89493880	Sradha Trade LLP	1St Floor Sarsawan, Arjunganj Sultanpurroad, Lucknow, Uttar Pradesh	India
S1-279900868	Rodgers, Margaret, DMD Clinic	12325 107th Avenue Court, Unit #D4, Puyallup, WA	US
S1-369198632	Federman Chimera Associates	Charlotte, 9214 Arbor Creek Drive, NC	US
S1-961234533	Sierra	110 750, Bountiful, UT	US
S1-297117861	Lyra	AZ, Payson, 1997 Round Valley End	US
S1-294048548	Fleming Ncr	6418 Rockwell Boulevard, Charlotte, NC	US
S1-431442616	Om Consultants Private Limited	Thane, Office No. A1 & B1, Maharashtra, 9Th Floor, Ashar It Park, 16Z, Wagle Industrial Estate, Thane	India
S1-529587698	#1 Investments LLC	2320 14th Street, Rio Rancho, NM	US
S1-644155092	Arts Ministries P.C.	Galena, OH, 5790 Hughes Road	US
S1-58393019	Atlantic Health Center Partners	27 Crosby Street, Unit Apartment 102, Hornell, NY	US
S1-602295496	Urology Cascade Clinic PC	6508 Sierra Drive, Fl 1, Lacey, WA	US
S1-35815025	Bay Vance Inc	11900 Hastings Road, Garfield Heights, OH	US
S1-497254803	Nav Charitable Trust Limited	Plot No 238 G I D C Darephase Ii, Jamnagar, Gujarat	India
S1-29947562	Rocky School of Medicine Inc	6421 Madison Court, KS, Wichita, Fl 0	US
S1-79552085	Ivenan Earths LLC	311 Buchanan Street, Unit 210, Phoenix, AZ	US
S1-403272136	DM Solutions LLP	B Flat, 101 Floor, 1 Wing, Atmaram Tower I.C. Colony, New Link Road, Mumbai, Mumbai City, Maharashtra	India
S1-739760170	Mah Enviro Private Limited	Flat No 1105, S No 69/1A/1A, Building No C2 Ganga Satellite Wanawadi, Pune, Maharashtra	India
S1-268959255	Bridwell and Pitt PLLC	122 Main Street, Unit 5, Georgetown, MA	US
S1-600290549	Beva Inc.	1073 Temple Court, Loudoun County, VA	US
S1-534734730	Wildlife Foundation	220 Mar Vista Drive, Unit 50, Aptos, CA	US
S1-974637492	Indian Projects Private Limited	405, Skyline House 85, Nehru Palace, New Delhi, South Delhi, Delhi	India
S1-247187514	Metro Indigo Inc	Geneva, 4148 Lake Road, OH	US
S1-123636921	United Project VI	351 Blue Glacier Loop, Sequim, WA	US
S1-661814492	Value Cloud Systems, Inc	City Of Muskego, S73W17045 Briargate Lane, WI	US
S1-260473404	The Dent Coffee	16099 Northwind Circle, Unit LOT 13, Northport, AL	US
S1-532325191	City Hospitality Private Limited	Hyderabad, H. No. 4-84/2, 1St Floor, Duraga Nagar, Dilsukh Nagar, Telangana	India
S1-93050817	Golden Cafe	TN, 317 Cedar View Way, Knoxville	US
S1-528579785	Emeline Hunter Grill LLC	30502 Misty Meadow Drive, Magnolia, TX	US
S1-176042931	Idelle Grace Rocky Communications	10166 Rising Sun Drive, Fl 1, Scottsdale, AZ	US
S1-832939285	Hariyali & Sons Private Limited	Old No-5/256, New No-1/208 Trichy Main Road, Nilavarapatty, Salem, Tamil Nadu	India
S1-857746152	Classic Custom Management Inc	WA, 25330 161st Avenue, Covington	US
S1-438665300	Rapid Physical Inc	2908 Fargo Avenue, Chicago, IL	US
S1-866931507	Eastern Academy	OH, Akron, 289 North Street	US
S1-449096275	Business Builders	No.2A, 1St Floor, Nanjappa Road, Shantinagar, Bangalore., Karnataka	India
S1-154630659	Vividha Fixtures Private Limited	Kota, Rajasthan, Plot No. 28, Kota, Akshardham Colony	India
S1-700383051	Delhi Communications Pvt. Ltd.	652 First Floor Phatak Dupty Sultan Churiwalan, Delhi, Central Delhi, Delhi	India
S1-326794764	Concept Travels Limited	Dahanu Road, Maharashtra, Vadkun, Thane, Shreeji Industries	India
S1-772206302	Accurate Vidyalaya	Ganpati Indigo, Near Gaayodhya By Pass, H No - 10, Madhya Pradesh, Bhopal	India
S1-590068449	Figueroa Quality Cion Clinic	21203 Marysville Road, Marysville, IN	US
S1-857521517	Smridhi & Co Private Limited	Gorakhpur, H No. 532 Buxipur, Infront Of Jubliee Talkies, Uttar Pradesh, Gorakhpur	India
S1-915107725	Ernakulam Travel	Chakiath House Varapuzha Ferry Road, Cheranelloor P O, Ernakulam, Kerala	India
S1-632088756	AH Agro Private Limited	Site No. 4, Golden Industrial Layout Kaniyur Village, Coimbatore, Tamil Nadu	India
S1-692770838	Chandler Superior Ithax LLC	6550 Hoover Rd, Davenport, IA	US
S1-784865606	Urgent Care Physicians Inc.	1021 Ashby Terrace, Atlanta, GA	US
S1-724078683	Total Network International of Darlington L.L.C.	4163 Flintville Road, Darlington, MD	US
S1-115454597	Ace Builders Private Limited	Bangalore North, Manjunatha Nagar, Nagasandra Post, Karnataka, No 51, Bangalore	India
S1-382736435	Automated Software International	1381 High Avenue, Abington Township, PA	US
S1-225738018	Mankin Telefonica PLLC	9402 Covey Lane, TX, Beasley	US
S1-951747887	Sairam & Co	Building No 60/49E, Third Floor, Jc Chambers, V620, Opposite To Kairali Flat, Ernakulam, Kerala	India
S1-310826441	Star Investments Private Limited	Ae-16 Avantika, Ghaziabad, Uttar Pradesh	India
S1-708263196	Corella's Vanguard Distribution	2019 Livingston Avenue, Unit APT 43, Helena, MT	US
S1-512011683	Urgent Care Specialists	2105 Paris Road, Unit 6, Columbia, MO	US
S1-63055253	Physical Therapy Classic Partners Inc.	3621 Havenhill Drive, Irondale, AL	US
S1-648457388	Optimal National Manufacturing LLC	3980 Riggs Road, Unit 2, Chandler, AZ	US
S1-874808541	The Dent Massage	20002 Mountain Highway, Unit #E101, Spanaway, WA	US
S1-711484228	Family Partners LLC	1315 County Road 3404, Cleveland, TX	US
S1-15555512	Rangareddy Transport Private Limited	H.No. 3-27/214/P/303/A/1, Greenspace Clover, Vinayak Nagar Colony, Puppalaguda, Rangareddy, Telangana	India
S1-834942894	Dharmik Global Private Limited	Swagatham, 14/2, 4Th Floor, 40Th Cross, 8Th Main, 5Th Block, Bangalore South, Bangalore, Karnataka	India
S1-725309828	Balaji Care Private Limited	B-40 Quilla Muhalla, Barnala, Sangrur, Punjab	India
S1-199048795	Ksr Nursing Home	No 59, Namma Mane, Royal Palcid Phase-2, Haraluru Road Hsr Extension, Bangalore South, Bangalore South, Bangalore, Karnataka	India
S1-937504459	Wildlife Guild	2323 Apache Boulevard, Unit 2053, Tempe, AZ	US
S1-472323567	Shyam Agro	25/A, Midc Marol Industrial Est Ind Area Rd No 3, Marol Ind Estate, Andheri East, Mumbai, Mumbai City, Maharashtra	India
S1-75528756	Big Technology LLP	474 Iind Floor Hardevpurigautam Nagar, New Delhi, South Delhi, Delhi	India
S1-328430261	Aadharshila Technologies Pvt Ltd	203 Barodia Tower, Central Market, Prahsant, Vihar, Delhi	India
S1-86515448	Jyoti Bradley Starlink	14105 Filly Street, Haslet, TX	US
S1-169367630	Lair & Shannon Mercury	4319 68th Avenue, Tuscaloosa, AL	US
S1-180886306	Hoffman Estates Community Golden Center Care	1944 Georgetown Lane, Hoffman Estates, IL	US
S1-64579168	Vision Producer Private Limited	Kirtistumbh Nrpotalshwar Temple, Palanpur, Banaskantha, Gujarat	India
S1-935290655	Arly Hibner Crystal Kochav	14704 Blackie Lane, Pittsburg, IL	US
S1-994219175	High Consultants Private Limited	Plot No 42/A Sr. No 64 Ne, St Colony N-2 Aurangabad, Aurangabad, Maharashtra	India
S1-923260582	Krishna Clinic Pvt. Ltd.	17Th Floor, Avighna House, Plot No 82, Dr. Annie Besant Road, Near Worli Naka, Worli, Mumbai, Mumbai City, Maharashtra	India
S1-410815190	Enmao Worldwide Associates	404 Whitehall Street, Lynbrook, NY	US
S1-397473423	Holy Baptist Church	1990 Agrarian Hills Drive, San Tan Valley, AZ	US
S1-901377755	New Delhi Technologiesprivate Private Limited	G-207 Lane W-13 Sainik Farm, New Delhi, South Delhi, Delhi	India
S1-509905357	Inventive Institute Pvt. Ltd.	Bangalore, 135, I Floor, 14Th Cross, 6Th C Main, Karnataka, J.P Nagar Iii Phase	India
S1-556500584	Blue Greenfire P.C.	64 Jewels Court, Martinsburg, WV	US
S1-928650413	Little Massage!	144-23 75 Road, Flushing, NY	US
S1-295803289	LX Agro Pvt Ltd	Office No-71, Iiird Floor, 544-B, Mayur Vihar Ph-1, East Delhi, Delhi	India
S1-856630745	Roblero Tri-State Enbridge, LLC	MA, Unit 431, Boston, 2 Monsignor Albert A. Jacobbe Road	US
S1-738118317	Asset Building Ministries	325 Crosstimber Drive, Hurst, TX	US
S1-198675986	Choice Biomedical Group	7227 Englehardt Drive, Raleigh, NC	US
S1-2961809	Indrin Realinfra Private Limited	Shop No. S-239, Prime Plaza Sector-16, Indira Nagar, Lucknow, Uttar Pradesh	India
S1-93843316	Ernesta Pearce, O.D., PC	7430 Wasatch Boulevard, Unit J1, Cottonwood Heights, UT	US
S1-184260372	Om Finance Limited	Bihar, C/O Maqsood Alam, Kishanganj, Vill-Taisa, Panch- Teusa, Tola- Pipla	India
S1-59384158	Pawanputra Industries Ltd	C/O Shubham Sharma, W.N:03, Nh:80, Mahendrapur, Mokama, Patna, Bihar	India
S1-598731881	LZD Short LLC	500 Burgess Hollow Road, New Creek, WV	US
S1-532173896	Tansy Smith Custom Barclays L.L.C.	63 Breckenridge Court, Mountain Home, AR	US
S1-321904255	Rileor American, Inc.	46 Niagara Street, Brookhaven, NY	US
S1-735260909	Utopia Builders Private Limited	Plot No 64/65, Madhya Pradesh, Bhopal, F. No. S-1, Shreeram Kruti Parisar Sainath Nagar Kolar Road	India
S1-594594513	Real Systems Private Limited	Telangana, Khairatabad, F -21, Madhura Nagar, Devi Nilayam, Hyderabad	India
S1-506278527	Margaret Cummings Pantages, Inc	OH, 1034 Meridian Road, Youngstown	US
S1-968250858	4-Legged Dog	AZ, Unit 37, 7141 16th Street, Phoenix	US
S1-484860781	Basil Treasury LLC	23338 Pebworth Place, Spring, TX	US
S1-800766628	Physical Therapy Rocky Associates Inc.	125 Villa Avenue, NY, Yonkers	US
S1-837730321	Northern Premier Eco LLC	24 Dutchmans Pipe Cove, Greensboro, NC	US
S1-463630507	Chhata Shiva Pvt. Ltd.	C/O Karan Pal, Goverdhan Chorah, Chhata, Mathura, Uttar Pradesh	India
S1-531075656	Delia Rivera Allied Storage LLC	2007 Greenwood Avenue, Fl 0, Wichita, KS	US
S1-305861684	Shakti Builders Private Limited	H. No. 373 Block P-2 Sultanpuri, Delhi, New Delhi, Delhi	India
S1-890064969	Tyler Star Nevada	7796 Davis Road, NY, Clay	US
S1-421634986	Tadyne Signature Dpc LLC	21523 Maria Amore Street, Humble, TX	US
S1-593425429	MZY Innovation Ltd	10/118, Dr. Pattinathar Salai, Jj Nagar Mogappair East, Chennai, Tamil Nadu	India
S1-988338021	Shiv & Brothers Private Limited	Delhi, D-228, Nirman Vihar	India
S1-642903895	Hari Technologies Private Limited	Flat No B/606, Upvan Chs, Ltd, Mira Bhy Road, Thane, Maharashtra	India
S1-410500500	Knight All Utility, LLC	909 Delphi Avenue, Frankfort, IN	US
S1-17068382	Mvp Services LLP	Mumbai City, Flat No. 501, Plot No. 25/26, Kripa Developer Sec 27, Kharghar, Navi Mumbai, Maharashtra	India
S1-982591817	Bright Infotech Private Limited	Kirani Ghat, Gaya, Bihar	India
S1-44004091	Mcveigh Bankshares	San Bernardino, CA, 3420 Duffy Street	US
S1-107757375	Diamond Venture Private Limited	Flat No E 704 Grand Ajnara Heritage Plot No Gh 01 B Sector 74, Noida, Gautam Buddha Nagar, Uttar Pradesh	India
S1-520380067	DSI Resource LLC	Kansas City, 7 132nd Street, MO	US
S1-213721585	Tirupati Properties Pvt Ltd	B Si Em, Paradise, Indore, Si-1004, Madhya Pradesh, Indore	India
S1-147916424	Abl Enterprises Private Limited	S/O. Bhola Ram Maladi Ward No-06 Thana-Shikarpur Maldi, Westchamparan, West Champaran, Bihar	India
S1-897525219	Mawal Book Private Limited	Flat No. 16/A, Bhakti Shobha Appt., Yashwant Nagar, Talegaon Station, Mawal, Pune, Maharashtra	India
S1-359931067	Safex Management	Maharashtra, Saki Vihar Road, Powai, Amar Hill, Mumbai	India
S1-225260952	Autus Services Private Limited	No.22, Laxmi Complex, 1St Floor, Neeligin Road, Hubli, Dharwad, Dharwar, Karnataka	India
S1-286272499	QB Classic Yhn Inc.	7055 Louisa Road, Albemarle County, VA	US
S1-671301358	Hitech Modern Logistics Private Limited	Flat No. 501, Shakti Blossoms Apartment, Hmt Layout, Rt Nagar, Hebbal, Bangalore, Karnataka	India
S1-814329361	Kursela Irrigations Public Limited	Sita Ram Sah Majdia, 1St Floor, Majdia, Kursela, Kursela, Katihar, Bihar	India
S1-833195011	Share Kay Private Limited	11 Sunder Puri, Bulandshahr, Uttar Pradesh	India
S1-819441905	Premier Brothers Private Limited	Shop No-E/1, Rajlaxmi Co Op H S Ltd Near India Colony, Bapu Nagar, Ahmedabad, Gujarat	India
S1-430428350	Dive Development Pvt. Ltd.	Akshay Nr Jagtaphospital, Anand Ngr S Rd Hingane Kd, Pune City, Pune, Maharashtra	India
S1-797670302	Quantara Kpet Inc	7217 Colfax Drive, Rowlett, TX	US
S1-286655887	Diamond Crystal Select	1621 12th Street, Mason City, IA	US
S1-807131356	West Royal Tankers LP	Richardson, 525 Main Street, TX	US
S1-859396485	#5 Chicago LLC	AZ, 710 Calca, Sahuarita	US
S1-222821633	Gale Hovnanian	187 Pond Lane, Advance, NC	US
S1-344381735	Maid Auto Body	203 Cold Spring Road, Stamford, CT	US
S1-223404776	American Council P.C.	Unit SITE A, OK, Mcalester, 998 Lookout Mountain Road	US
S1-672531425	Paske Integrated Home LLC	1361 Hathaway Road, Bellville, OH	US
S1-29590512	A Clear Office	701 Barn Street, Jacksonville, NC	US
S1-8924690	Veus Black LLC	KY, Versailles, 2018 Old Frankfort Pike	US
S1-849751400	Morgan Entergy Inc	TX, 616 Belforte Boulevard, Hsb Llano Co	US
S1-177255330	Ng Highland LLC	585 Rutland Drive, Highland Heights, OH	US
S1-669816129	Moon Solid LLC	Corwin, 2488 German Avenue, IA	US
S1-530087827	Construction Shubh Beverages Ltd	2, Jogodyan Lane Kankurgachi S.O. Kankurgachi, Kolkata, Kolkata, Howrah, West Bengal	India
S1-202618983	Z 6 Clean Copper, LLC	104 Joey Circle, Huntsville, AL	US
S1-644653141	Sunrise Infotech Private Limited	K/403 Shantipujya Homes, Nr. J.K. Park, 4Th Floor, Gandhinagar, Ahmedabad, Gujarat	India
S1-829032033	Empire Championsgate LLC	410 Central Avenue, Norwood Young America, MN	US
S1-683322309	Southern Obic LLC	Lauderdale, MN, 1829 Walnut Street	US
S1-702039324	Express Direct Banco, LLC	813 Stevens Creek Lane, Forsyth, IL	US
S1-361485981	Black Software Private Limited	Flat No. 11, 6Th Floor, Sapna 44 Ridge Road, Malabar Hill, Mumbai, Mumbai City, Maharashtra	India
S1-932265297	Adams Frontier Xflh	1402 W Oak Highway, Westminster, SC	US
S1-877250577	North Crystal Rare Clinic	719 Westgate Avenue, Fl 1, Saint Louis, MO	US
S1-223949230	Callen Solutions	5356 Pooks Hill Road, Bethesda, MD	US
S1-142553519	Wendell & Stahley Bioscience	3994 Rutledge Road, Charleston, WV	US
S1-789247864	Sree Impex Private Limited	D-103, Elanza Crest, Nr, Sigma Corporate, Off, S, G, Road, Sindhu Bhavan Road, Boda, Kdev, Ahmedabad, Gujarat	India
S1-627752349	Al It Private Limited	301/302 Kewal Industrial Estate Sanapati Bapat Marg Lower Parel, Mumbai, Maharashtra	India
S1-917367328	Laxmi Foods Private Limited	C-83, Periyar Colony, Dadagapatty, Salem, Tamil Nadu	India
S1-642164679	Global Bright Logistics Pvt Ltd	Office No 80 Shreenath, Plaza A Wing 3Rd Floor, Pune City, Pune, Maharashtra	India
S1-444978633	Mtb Brothers Limited	No.116/2 Kno 176/1 Vijaya, Hormavu Village, Bangalore North, Bangalore, Karnataka	India
S1-555049549	Surat Infrabuild Private Limited	H-9/10, Ground Floor, India Textile Mkt Kamela Darwaja, Ring Road, Surat, Gujarat	India
S1-527497541	Alpha Care Limited	Maharashtra, A 204 Sawali Co Op Hsg Soc Plot 41 Sec 5 Khargar, Raigarh, Khargar	India
S1-755679808	South Developers Private Limited	Chandigarh Mathpara Post Ganganagar, Kolkata, Parganas North, West Bengal	India
S1-738284267	Orange (India) Tracon Limited	Yc Co-Working Space, South West Delhi, Plot No. 94, 3Rd Floor, Dwarka Sec 13, Opp. Metro Station, Near Radisson Blu, New Delhi, Delhi	India
S1-699909662	Modern Ace Finance	4C, Ground Floor, Grosvenor Building, Mumbai, Maharashtra	India
S1-895774328	P/J Financial Inc	NY, Clifton Park, 569 Clifton Park Center Road	US
S1-243598353	Innovative Aerospace Enterprises LLC	1701 6th Drive, Mesa, AZ	US
S1-397338754	Environmental Trust	974 21st Street, Unit B1, Newark, OH	US
S1-834925961	Gurgaon Production Private Limited	101, 1St Floor, Bestech, Business Tower, Sector 48, Gurgaon, Haryana	India
S1-297266553	Henrietta Lopez Quality Wealth LLC	12470 Hickory Road, City Of New Berlin, WI	US
S1-109396190	Raleigh Direct Sunshine Corp	119 59th Street, Seattle, WA	US
S1-382861164	Fortune Finance Private Limited	Rs No 226, Flat No C-808 Anantpuram Appart Bapat Camp, Kolhapur, Maharashtra	India
S1-644815221	Reed's Custom Wireless	1202 Warner Court, TN, Brentwood	US
S1-832029098	Central Creative Enterprises Inc	MD, 2002 Hidden Valley Lane, Silver Spring	US
S1-343915842	Rapid Regional Ramaco	1818 Stonehouse Lane, Cincinnati, OH	US
S1-200332639	Fylfot Traders	4 No Fairlie Place Mezzanine Floor, Kolkata, Calcutta, West Bengal	India
S1-884873183	Harrie Hafner Spa Inc	67 Benham Avenue, Waterford, CT	US
S1-899883051	South Enterprises Private Limited	Coimbatore, Tamil Nadu, 3 A Uliyampalayam Road Thaliyur Post, Coimbatore	India
S1-615954597	Lee Taiwan LLC	2 Albert Drive, Ramapo, NY	US
S1-996507806	Pediatric Dentistry Precision Care LLC	1905 Brook Boulevard, IN, Warsaw	US
S1-247878862	Meghan R. Pearson, P.A., PC	11 County Road 2202, Daingerfield, TX	US
S1-308386690	UD Unified Fuse	129 Delos Street, Saint Paul, MN	US
S1-377416583	Gagliano Triumph Inc	1073 Finley Drive, Burlington, NC	US
S1-637557417	Blue Alliance	130 Silver Creek Drive, Suffield, CT	US
S1-778752849	Kindle & Sons Private Limited	Punjab, Sco-21-39 West Sector -122, Mohali	India
S1-410783352	Mahalaxmi & Co	3/184 Vishal Khand, Gomti Nagar, Lucknow, Uttar Pradesh	India
S1-231098202	Eckles Guggenheim LLC	3721 Queenswood Lane, Garland, TX	US
S1-712235440	MP Hotels Private Limited	Suraj Prakash Agarwal Moh Sabnigran, Najibabad, Bijnor, Bijnore, Uttar Pradesh	India
S1-347760092	Little Auto Body	NC, Unit 101, 13743 Conlan Circle, Charlotte	US
S1-715993194	Leblanc, Ortega and Carpenter Renewables Corp	5707 Boulder Creek, Austin, TX	US
S1-956955306	Srt Software Private Limited	No.9/614, Plot No. B1, Ravi 1St Street, Royal Garden, Medavakkam, Chennai, Tamil Nadu	India
S1-52701010	Shrinidhi Holdings	F, No-810 & 811, 8Th Floor, Manjeeratrinitycorporate, Tirumalagiri, Hyderabad, Telangana	India
S1-394531291	Tri-State Complete City	9259 Raintree Drive, Unit UNIT 2042, Scottsdale, AZ	US
S1-899666662	Sector-G Jankipuram Urban Limited	Ff-9 Janki Plaza, Sector-G Jankipuram, Lucknow, Uttar Pradesh	India
S1-142832040	Sullivan Better Sony	309 Litchfield Street, Unit Apartment 1, Frankfort, NY	US
S1-685713145	Bharat Logistics Limited	Ff-101, Solitaire Arcade, Opp.Vitthal Plaza, Nr. Saptak Vihar Resid., Vastral, Daskroi, Ahmedabad, Gujarat	India
S1-678161138	White Energy	Sector-A, Zone-D, Plot No. 22 & 23, Mancheswar, Bhubaneswar, Khordha, Orissa	India
S1-809972116	DT Dev Private Limited	L-5, Jawahar Nagar A-Iii, Kota, Rajasthan	India
S1-576399398	Raye's Prime Associates Associates	159 3000, Roosevelt, UT	US
S1-247284513	Castaneda Modern Realty	616 State Street, Rush Twp, PA	US
S1-410346353	Express Mortgage Union Inc	900 Chester Street, Baltimore, MD	US
S1-305752173	Janine Emery Meridian	220 Robert Burden Road, Shepherdsville, KY	US
S1-436269183	Royal Consultancy	403, Salooni Chs Ltd, 56Th Road, T P S 3, Borivali West, Mumbai, Maharashtra	India
S1-91728060	Baker Can	3464 300, Greencastle, IN	US
S1-920346567	Cardiology Partners of Brooklyn LLC	321 Nostrand Avenue, Brooklyn, NY	US
S1-366858211	Ivenyn Canada LLC	335 Cole Avenue, Akron, OH	US
S1-947820786	Shivam Big Products LLP	Uttar Pradesh, Raghav Plaza, Gill Colony, Court Road, 2Nd Floor, Saharanpur	India
S1-73409791	Grable Horizon Fact	310 Washington Avenue, Cape Charles Town, VA	US
S1-800010697	Shena's Seafood Center	6545 Timber Arch Drive, Chaska, MN	US
S1-455907902	My Estate Private Limited	Sou Savita Sunil Manawani 1280 E Rajlaxmi Chembers, Fl No 7, 10Th Lane Rajpuri Kolhapur, Karvir, Kolhapur, Maharashtra	India
S1-71184815	Secure Usa LLC	4163 Green Trail, Town Of Jackson, WI	US
S1-138946762	Knotts Series Inc	1801 Morgantown Road, Unit 222, Bowling Green, KY	US
S1-819219648	Tech Samyak Textiles Pvt Ltd	Plot No-663, Bypass Godam Kudra Bypass Road, Gawai, Ward No-20, Bhabua, Kaimur, Bihar	India
S1-176944060	Heartland Ministries	24 Piccadilly Court, Durham, NC	US
S1-142680816	Raj Marketing Pvt Ltd	Gat No 1617 Dehu Alandi, Road Haveli Pune Pimpri, Haveli, Pune, Maharashtra	India
S1-129528072	Rodriguez & Hooper Bluerock	1365 Ponderosa Drive, Gilbert, AZ	US
S1-300779801	Pss Proptech Pvt Ltd	Madhya Pradesh, Shanti Wehar, Kanadiya Road, Indore, 10	India
S1-403614753	Central Security Products	14 Kimmie Court, Sacramento, CA	US
S1-867965442	Ekagra Financial Pvt Ltd	305, Jalaram Business Centre Ganjawala Lane, Borivali (W), Mumbai, Mumbai City, Maharashtra	India
S1-790108889	Akhil (India) Infra Limited	B-10, Greater Kailash, Enclave Part-1, New Delhi, South Delhi, Delhi	India
S1-252965036	Mumbai Vidyut Limited	Fazal Compound Mid Road Of No4 & 5 Shing Estate Next To Samta Nagar Kandivali (E), Mumbai, Maharashtra	India
S1-522608106	Zasoft Ramaco LLC	1431 Iris Street, Oxnard, CA	US
S1-356197316	DR Import Private Limited	A-32, Mohan Garden Extn. Uttam Nagar, New Delhi, South West Delhi, Delhi	India
S1-702367921	1789 Washington Avenue Realty Inc	117 Mountain View Drive, Bedford, TX	US
S1-400071544	Direct White	160-25 26 Avenue, Flushing, NY	US
S1-203434532	Navi Mumbai Solutions Private Limited	Flat No. 202, Plot Number 110 B Sector 50 E, S & M Heights, Sea Woods, N, Erul, Navi Mumbai, Mumbai City, Maharashtra	India
S1-851393642	Boston Arts Silver Council	102 Commercial Street, Unit 4, Boston, MA	US
S1-862886626	Shakti Maa Systems Pvt Ltd	Rzb-148, Kh No-83/3/4, Second Floor, Nihal Vihar, New Delhi, West Delhi, Delhi	India
S1-827726130	3946 Church Lane Partners Inc	182 Roberts Road, TN, Rogersville	US
S1-233974940	Dental Health	539 Power Plant Circle, Unit 343, Winston-salem, NC	US
S1-906731367	Stanton Preparatory Academy	1311 Delaware Avenue, Unit S940, Washington, DC	US
S1-36841639	Shivalik Food Pvt Ltd	Plot No.01, S. No. 145/4, Bolhegaon Phata, Nagapur, Ahmednagar, Ahmed Nagar, Maharashtra	India
S1-620678354	Bureau of Parks and Recreation	1161 Boxwood Drive, Crystal Lake, IL	US
S1-490390736	Horizon Wireless Associates Inc	229 Glenrock Drive, Charlotte, NC	US
S1-335967956	Gau Durga Private Limited	Tamil Nadu, Harur, Dharmapuri, 71/1.5, Soriyampatti	India
S1-240318554	OYU Telecommunication	7440 36th Street, Unit C117, Yuma, AZ	US
S1-61673133	Carena Ryals, MD, DDS PC	Taylorsville, 20 Carl E Hefner Lane, NC	US
S1-17329038	Urgent Care Medicine of Bellville	6236 Darlington Road, Bellville, OH	US
S1-551214816	Monarch Empire LLC	4927 Edgehill Drive, Kansas City, KS	US
S1-224232599	Jenn Graves Better Systems Inc	28234 Us Highway 70, San Patricio, NM	US
S1-105146534	(india) Sampurna International Company	B 4/4Tilak Nagar, New Delhi, West Delhi, Delhi	India
S1-465348930	Universal Infrastructure Private Limited	Ghaziabad, Hapur, Garh Mukteshwar, Ikram S/O Jakir Opposite Side Janta Intercollege Meerutroad, Uttar Pradesh	India
S1-69952960	Studio 51 Cafe Center	Elkton, MD, 55 Elk Valley Lane	US
S1-672585168	Shree Connect Pvt Ltd	No.11, Sathyamoorthy Street Anna Nagar, Pammal, Chennai, Tamil Nadu	India
S1-919316239	Preferred Fresh Eco	365 County Road, Wareham, MA	US
S1-416525796	Katz, Chicky R., DO, P.C.	2810 East Road, Danville, IL	US
S1-301364052	Hilite Educational Society	Kh No. 229 Sikandra, 175 Ft. Road, Mauza, Lakhanpur, Agra, Uttar Pradesh	India
S1-983121686	Snyder Ventures Inc	732 Ash Street, Cannon Beach, OR	US
S1-224375807	Enterprises Roller Private Limited	155, 10-B, Scheme Gopalpura Bye Pass, Jaipur, Rajasthan	India
S1-578391162	3315 Fifth Court Realty	1530 Hope Lane, China Grove, NC	US
S1-502792973	Capital Pioneer Fast	1016 Cherry Street, Missoula, MT	US
S1-892236833	Rrs Textiles Private Limited	Mundeth House, Marottichodu, Kalady P O, Aluva, Kerala, 17/543/A, Ernakulam	India
S1-517026460	Shree Media Pvt Ltd	15Th Floor, Room No. 1515, Hemkunt Tower, 98 Nehru Place, New Delhi, South Delhi, Delhi	India
S1-817242922	Fortune Consultants Private Limited	Chennai, Tamil Nadu, No.122/7, Chennai, Jubliee Flats, No.7, B-Block, Sithalapakkam	India
S1-933499964	Koncept & Brothers Private Limited	Paddy Field, 1St Street, Perambur Purasawalkam, Tamil Nadu, No. 73/2, Chennai	India
S1-256291318	Anand Business Limited	C/O Shri Bapurao Maroti, Talani Tq & Dist Nanded, Nanded, Maharashtra	India
S1-487099073	Complete Anchor Retail Inc	165 Tetherow Road, Fl 0, Williams, OR	US
S1-636088472	Windy Mcconnell, DO	1087 B 371, Smith Lake, NM	US
S1-952690804	Integrated Chile PLLC	2265 Old Shelby Road, Hickory, NC	US
S1-214346352	Hamstra, Strong & Sager LLC	Stafford County, VA, 157 Joshua Road	US
S1-186416662	Foot & Ankle Care Associates	17550 Eureka Avenue, Lakeville, MN	US
S1-58178856	Womens Health Group PLLC	38 Tiffany Drive, Rehoboth Beach, DE	US
S1-490204333	Silver Tavern!	Unit 213, 205 Father Morissette Boulevard, Lowell, MA	US
S1-653698258	Bel Joyce Gulf Pineapple LLC	17640 Oatman Road, Marana, AZ	US
S1-739616829	Environmental Coalition III P.C.	331 Moores Road, Seneca, SC	US
S1-112940627	Phoenix Public School Private Limited	Chennai, No 90, Tamil Nadu, Linghi Chetty St Mannady, Chennai	India
S1-397274285	Smart Trading Limited	Delhi, West Delhi, Defence Apartment, Sunder Vihar, W/O Mr. Rajiv Joshi 44, New Delhi	India
S1-630441583	QQ Store Limited	5-1 & 5-2, 2Nd Floor, Sai Durga Complex Durga Nagar Colony, Dilsukhnagar, Hyderabad, Telangana	India
S1-342980988	Alampata Poultries Pvt. Ltd.	200/201, Gujarat, Ahmedabad, Vatva, Pushpak Industrial Estate Nr. Neeka Tube Compound, Phase-I, Gidc	India
S1-37057910	Jai Services Pvt Ltd	95, Asha Deep, Jaishta Vaishak Sector Suryodaya Colony, Savatha Nagar, Cidco, Nashik, Maharashtra	India
S1-956777310	Beacon Mobility Corporation	205 Tocoa Circle, Helena, AL	US
S1-705906271	Eye Partners Inc	3402 Richmond Street, Unit Suite C, City Of Appleton, WI	US
S1-389979959	Chennai Engineering Private Limited	Tamil Nadu, 01 Fa, I Floor, Kanagam Road, Taramani, Chennai, C/O. Iit Madras Research Park, Chennai	India
S1-337287147	Electronic Wealth Global LLC	Salem City, 17 Hale Avenue, VA	US
S1-404657330	South Malt LLC	8409 Hull Drive, Springfield Township, PA	US
S1-70100630	Connected (India) Marketing Limited	4Th Floor, B Block, B Wing, Heritage House, 6 Ramabai Ambedkar Road, Pune, Maharashtra	India
S1-847597500	Shepherd and Katzman Center	16 Lowell Street Court, Lynn, MA	US
S1-889570753	Niranjan Security Ltd	H. No 145-47, B-07, 3Rd Floor Shree Ram Place Bhoj Market, Atta Market, Noida, Gautam Buddha Nagar, Uttar Pradesh	India
S1-489437170	Pragati Dealers	Block - Nimbus, 1St-Fr, Fl-1B 4 Bhukailash Road (Kidderpore), Kolkata, Kolkata, Howrah, West Bengal	India
S1-649236485	Heritage Fuel	1606 Longleaf Drive, Charlotte, NC	US
S1-367051581	Sun Business Pvt Ltd	Holding No.- 13/6/1, Manoranjan Pally Mashidhati Road, P.O. & P.S.- Barasat, Kolkata, Kolkata, Howrah, West Bengal	India
S1-227419931	Trateum Valley Biotech LLC	8657 Orchard Loop Road, Leland, NC	US
S1-28196969	Orbyx Healthcare LLC	6000 Mercier Boulevard, Unit Apartment 144, Farmington, NY	US
S1-841907061	Nimbaj Nagar Nirman Private Limited	A7, Flat No.11, River View Resy, Vadgaon Bk, Nimbaj Nagar, Pune, Maharashtra	India
S1-339973317	Gomez Epr Inc	KS, 102 1st Street, Independence	US
S1-98050619	Zach, Woody & Oatman Inc	3410 Legion Street, Houston, TX	US
S1-245537574	Alexi Moon Gulf Annuities LLC	Plainfield, IN, Unit 3, 215 Indiana Street	US
S1-941531660	Cancer Fund LLC	Unit 1/2, OH, Wooster, 523 College Avenue	US
S1-219732879	OIS Services Ltd	Kamman Halli, 1St Floor 5Th Main, Kullappa Circle, No.8, Bangalore, Karnataka	India
S1-322441068	Vienna & Co Care	H. No.-1, Fng Road, Sector-115 Sorkha, Noida, Gautam Buddha Nagar, Uttar Pradesh	India
S1-328469340	Vision Partners LLC	745 Coan Harbour Drive, Northumberland County, VA	US
S1-638508407	Western Complete Venture L.L.C.	2401 Illini Avenue, Unit Apt 36, Bentonville, AR	US
S1-3988382	Patel Montessori School LLC	VA, 9409 Lagovista Court, Fairfax County	US
S1-774540597	Ross, Mcclain & Cash Braemar Inc	1120 5th Avenue, Denison, IA	US
S1-756237839	XJX Tradewell Private Limited	F1, First Floor, Block A Priyanka 3/574, Mugalivakkam Main Road Madhanandh, Apuram, Chennai, Tamil Nadu	India
S1-691701111	Andy Delgado, Esq., PC	136 Inez Lane, Jackson Springs, NC	US
S1-156475593	Royal India LLP	D-63, Sector-105, Noida, Gautam Buddha Nagar, Uttar Pradesh	India
S1-778666551	Shree Healthcare Private Limited	C - 113, Rohini Sector - 18, Rohini, Delhi	India
S1-583353739	Scholarship Alliance LLC	1506 149th Place, Lynnwood, WA	US
S1-255766183	Caserta's Frontier Bike Shop	1171 Vandenburg Street, City Of Sun Prairie, WI	US
S1-435586996	Tech Energy Private Limited	No.310, Andanappa Circle, Thotadaguddahalli, Bangalore North, Bangalore, Karnataka	India
S1-772575833	Cherice Llamas, P.A.	8835 Olalla Canyon Road, Cashmere, WA	US
S1-32186761	Ridge Alliance	40 Riverside Avenue, Augusta County, VA	US
S1-241895133	V/Z Arch	7 Needham Avenue, Phelps, NY	US
S1-375190672	Cooley, Beamer & Eller Biotherapeutics LLC	94 Summerfield Drive, Brookhaven, NY	US
S1-326825112	Nextgen Healthcare Private Limited	Kerala, Muvattupuzha, Firstfloor 26/1Vattuthottam, Ernakulam	India
S1-713283744	Consulting Prudent Coir Pvt Ltd	Ttcs Laboratory Llp, 404, 4Th Floor Poonam Arcade, Nr. Asopalav Showroom, Ahmadabad City, Ahmedabad, Gujarat	India
S1-787384390	Nanded India Limited	Plot No. D-122, Midc Industrial Area Nanded, Nanded, Maharashtra	India
S1-929842045	Gracia A. Browning, Ph.D.	3910 Georgia Avenue, Unit 424, DC, Washington	US
S1-688696572	Laurus Institute	B-1104, Floor-11Th, Plot-1/431, 432, Veda Tower, Eknath Ghadi Marg, Bhoiwada, Mumbai, Maharashtra	India
S1-517718958	A Beacon Architecture Inc.	9045 Foothill Boulevard, Unit UNIT D16, Rancho Cucamonga, CA	US
S1-752529804	Internal Medicine Center	1109 Johnson Street, Amarillo, TX	US
S1-282841311	Nkd Public School Private Limited	Ghaziabad, 604, Ghaziabad, Tower Ferrera, Mahagun Mansion Phase 1 Indirapuram, Vaibhavkhand, Uttar Pradesh	India
S1-445178607	Summit Gulf Consulting LLC	2633 Evergreen Road, Springville, AL	US
S1-867874202	New Kay Private Limited	Shaikpet, Telangana, Hyderabad, Sector-1 P.No 2, Sbrs Cv Towers Madhapur, F.No 203	India
S1-210700579	Cornerstone Cross	5641 Harry Street, Fl 0, Wichita, KS	US
S1-76518713	Strategic Gsr P.C.	4086 242, NC, Elizabethtown	US
S1-502039482	Redwing Center Private Limited	South Delhi, K 43 B Kalkaji, New Delhi, Delhi	India
S1-476097182	Wolfe's Hypnosis Group	7 Beachside Common, Westport, CT	US
S1-509830263	Lara's United Cafe LLC	1980 Crown Point Drive, Mendota Heights, MN	US
S1-40986903	Y+ Triton Care	WV, Ripley, 346 Woodland Acres Road	US
S1-620262701	Patna Craft Pvt Ltd	Patna, Avinash Kumar Singh, Patna, Bihar, B 176 P.C. Colony, Kankarbagh	India
S1-714612389	Pediatric Dental Optimal Partners	2401 High Street, Springfield, MO	US
S1-270587511	Treichel & Rennie	279 Aaron Circle, Vacaville, CA	US
S1-448653123	Hannon Energy Group	TX, 2908 St Charles Drive, Mansfield	US
S1-310630315	Halcyon LLC	5314 Casa Grande Drive, Topock, AZ	US
S1-464294102	Akers, Daile, DDS	306 Valleyview Terrace, Canonsburg Borough, PA	US
S1-188134909	Invicta (India) Patient Private Limited	4, Jehan Plaza, New Gangapur Naka, Nashik, Maharashtra	India
S1-64826979	Bangalore Media Co	Naveen V, Bangalore, Karnataka, Sy No 6/1C, 1 New No 2086/2	India
S1-161567427	Anilva Ultra Private Limited	Bihar, Saharsa, Chandra Niwasvivekanand Nagar Kayastha Tola	India
S1-680247081	Alvarado, Dillon & Marshall Odyssey LLC	215 Calhoun Lane, Bldg Lot 13, Billings, MT	US
S1-331704017	Perfect Ventures Private Limited	Mumbai City, Mumbai, 8Th Floor, No.3, Navjivan Commercial Co-Op, Society Ltd, Dr. D.B.Marg, Lamington Roa, D, No.21, Maharashtra	India
S1-684925145	DG Servicesprivate Private Limited	Jewel Arcade, 2Nd Floor, Water Field Road, Bandra West, Mumbai, Maharashtra	India
S1-13336043	Patriot Restaurant Inc.	5200 Courthouse Road, Chesterfield County, VA	US
S1-777799536	Bontrager & Dejesus	6815 Milwaukee Avenue, Unit 506, Niles, IL	US
S1-656231757	A Cure 4 All	8949 Hawbottom Road, Middletown, MD	US
S1-195716874	Ulrikaumeko's Sciences	2016 Kinsman Road, North Bloomfield, OH	US
S1-116087381	OER Fresh Aktiengesellschaft P.C.	2555 Exhall Court, Chesterfield County, VA	US
S1-520679444	Eadie Torres Frontier Apollo LLC	3910 Oleander Drive, Wilmington, NC	US
S1-29862602	Tech Enterprises Private Limited	No. 34 (77), Maddox Street Choolai, Chennai, Tamil Nadu	India
S1-357295155	IL Associates	24026 Corinaldo Court, Katy, TX	US
S1-520633869	Baba International Marketing Private Limited	Sn Paza, 732, 3Rd Main, Hmt Main Road, Near Ms Ramaiah College Bus Stop, Bangalore, Karnataka	India
S1-731154664	Oncology Health PC	1504 Foxhaven Court, Mt Juliet, TN	US
S1-174502099	Smartlife Welfare Society	Plot No 54 Puppalguda, Gandipet, Rangareddy, Telangana	India
S1-791648117	Saddler Bay Centers PLLC	509 Avenida Escandon, Rancho Viejo, TX	US
S1-719889314	Pediatric Dental Physicians LLC	1723 Harbor Avenue, Unit 13, Lincoln City, OR	US
S1-891098254	JZI (hyderabad)	C\O Poonam Shop, Near Mcd Hospital Fatehpur Beri, New Delhi, South West Delhi, Delhi	India
S1-945222342	Hynes Purpose Inc.	2950 101, Wellsville, UT	US
S1-772660315	Modern Nursing Home	No.7, 1St East Main, Iti Layout, Banashankari 3Rd Stage, Bengaluru, Bangalore, Karnataka	India
S1-997310712	Time & Co	1, Divine India Building, By Pass Rd., Rto Ofc, Himatnagar, Sabarkantha, Gujarat	India
S1-137673408	M 3 A Amc LLC	1429 Aspen Street, Roanoke City, VA	US
S1-831032977	Othilie's Management	MD, 2812 Clifton Park Terrace, Baltimore	US
S1-447230320	International Finance Private Limited	Housing Board Nr Valentin, Surat, Gujarat, Surat, Tapti 1 303 Guj Rural	India
S1-644483533	Clark's Pinnacle Medical	9590 Magnolia Road, Irvington, AL	US
S1-919189135	Thakkar (India) Services Private Limited	16/2, North West, New Delhi, Delhi, Wea, 112-113, Sewak Bhawan, Arya Samaj Road, Karol Bagh	India
S1-168276702	Oncology Physicians Inc	4611 Sycamore Drive, Unit APT 104, Lorain, OH	US
S1-851561727	Premier Products Private Limited	Pada No-4, Thakur Sheth Compound, Pathare Chawl, Behind Bakery, L M Nagar, Thane, Thane, Maharashtra	India
S1-54400010	Express Smart Petroleum	6 Dolores Drive, Candler, NC	US
S1-773466497	Shashi Wellness LLP	101 Riddhi Complex 4C Madhuban, Udaipur, Rajasthan	India
S1-380161414	Joelle's Atlantic Brewing	211 Cascade Drive, Fl GROUND FLOOR, Columbia, IL	US
S1-790598760	Tapia Custom Odyssey Co	4417 20, Bldg Building 1320, Devils Lake, ND	US
S1-540897787	Leonora Schull, L.C.S.W., DDS PC	2565 Lockbourne Road, Unit 213, Columbus, OH	US
S1-435426646	Radha Tech Private Limited	Mo Sashtri Nagar Bisalpur, Bisalpur, Pilibhit, Uttar Pradesh	India
S1-818888308	Anvil LLC	1701 Colter Street, Unit 302, Phoenix, AZ	US
S1-658603891	Complete National Columbus, Inc	4221 Montgomery Place, Mount Vernon, WA	US
S1-446330730	(india) Chakra Engineers Private Limited	No.9/490, E/901, Eta Gardens Apartments, Bangalore North, Bangalore, Karnataka	India
S1-437087871	RGH Rapid Ares LLC	17 Hilltop Avenue, Lexington, MA	US
S1-167603985	Timber Metal	2419 Stoneleigh Court, Naperville, IL	US
S1-423931692	Hive Foundation Private Limited	A-506 To A-509, Titanium City Centre, Opp. Sachin Tower, Anand Nagar Road, Ahmedabad, Ahmadabad City, Ahmedabad, Gujarat	India
S1-253870083	Foot & Ankle Physicians, Inc	2694 Sun View Lane, Alamogordo, NM	US
S1-721424214	Leonard, Butler & Gutierrez LLC	Indian Point, MO, 229 Willow Oak Lane	US
S1-875287787	Almaraz and Medina	8377 191, Safford, AZ	US
S1-953057476	Signature Mortgage Corporation	1001 Pecan Valley Drive, Unit #43, Marble Falls, TX	US
S1-908743255	Liberty Strategic Defense	18887 Mudsock Road, Wapakoneta, OH	US
S1-690064886	Custom Hospitality Ventures LLC	824 Dalewood Drive, Villa Hills, KY	US
S1-347383673	Vision Care of Klamath Falls	584 Old Midland Road, Klamath Falls, OR	US
S1-129985911	Secunderabad Talent Partners	Telangana, Ayodhya Nagar, Khapra, Hyderabad, Plot No. 74, Secunderabad	India
S1-226441569	Marti National Food	17 River Drive, Addison (webster Springs), WV	US
S1-384490229	Goble Pacific Rockwool Inc	7800 Pitaya, Tucson, AZ	US
S1-653322506	Great Software Limited	B-208, Sector-105, Noida, Gautam Buddha Nagar, Uttar Pradesh	India
S1-361917992	Allied Venture LP	310 New York Street, Fortville, IN	US
S1-661407716	Services Knv Spiral Private Limited	A 11/19, Road No. 11, Vasant Vihar Opp. Mother Dairy, New Delhi, South West Delhi, Delhi	India
S1-270229536	Raclaror	129 Presidents Lane, Quincy, MA	US
S1-852600847	Golden Resorts Care	1328 Spyglass Drive, Eugene, OR	US
S1-102108947	Physical Therapy Direct Group	301 Plantation Drive, Meridianville, AL	US
S1-9714409	Oglesby Industries LLC	Toledo, OH, 4559 Shadowood Lane	US
S1-916052572	Smith, Hoffmann & Seals Multimedia LLC	616 Walnut Street, Pocomoke City, MD	US
S1-444779444	Bravo & Co	Block 12, J.N. Road, Haliyal, Uttara Kannada, Karnataka	India
S1-303510423	Bright Diner LLC	9508 Hallhurst Road, Nottingham, MD	US
S1-252570434	Bogle Investments LLC	2209 Caronia Street, Unit D, Charlotte, NC	US
S1-90273338	Golden Infrastructure LLP	281/Q/2/A, Ghosal Para, Nabagram, Serampur Uttarpara, Hooghly, West Bengal	India
S1-941401579	Certified Metro Labs	5409 17th Avenue, Seattle, WA	US
S1-803568627	Cozy Cleaning Service LLC	133 Triple Ridge Drive, Augusta County, VA	US
S1-205197806	Novex Gsr LLC	4107 Charlotte Avenue, Nashville, TN	US
S1-624983672	Envaon Sui Inc	83482 State Highway 11, Wakita, OK	US
S1-64245376	Golden Jay Solutions Pvt Ltd	H No.26, Katghar Utri Lalganj Near Chowk Lalganj, Lalganj, Azamgarh, Uttar Pradesh	India
S1-831117469	Supreme Exploration Inc.	1026 Grovehill Road, Halethorpe, MD	US
S1-703135970	Peak Metropolitan Acres, LLC	7975 Scottsville Road, Borden, IN	US
S1-788649810	Davis, Morales & Spencer Inc	6522 Ironwood Drive, Peoria, IL	US
S1-904306643	Atlantic Desert National PC	16 Corcoran Court, Syracuse, NY	US
S1-547888113	Robinet Whisman European Inc.	270 Bel Air Drive, Unit APT 49, Vacaville, CA	US
S1-855978833	Apex Media Private Limited	Plot No.652, Pgr Building, Ground Floor, Sri Ayyappa Society, Madhapur, Hyderabad, Telangana	India
S1-377020560	Ncm Consultancy Private Limited	142, Pattivasal Street Muttam Post, Kattumannarkoil, Cuddalore, Tamil Nadu	India
S1-989999098	Tehan Rocky Sciences of Mokena	IL, Mokena, 19533 Regent Drive	US
S1-24738053	Physical Therapy Custom Clinic LLC	11756 Horton Highway, Greeneville, TN	US
S1-322066165	Heartland Goldman	704 Carolina Street, Hoxie, AR	US
S1-959776909	Cozy Tattoo	AL, 13459 Christine Avenue, Gantt	US
S1-137010154	Ace King	Germantown, 10050 Eby Road, OH	US
S1-159945993	Ridgeline Next	12780 Lisbon Road, Unit Unit A, City Of Brookfield, WI	US
S1-327811328	Consultants Indranil Services Pvt. Ltd.	Survey No. 1072, Post Pirangut Taluka Mulshi, Pirangut, Pune, Maharashtra	India
S1-828081772	Preferred Property Alliance Inc	133 Crescent Street, Georgetown, TX	US
S1-68318948	AO Dime	6598 Park Mill Drive, Bldg 17158, Dublin, OH	US
S1-84017783	Siex Metropolitan Mercator Inc	912 Bowie Street, Amarillo, TX	US
S1-114198011	Nichols Veterinary Clinic LP	784 Virginia Avenue, Atlanta, GA	US
S1-253908489	Lyreus Defense Inc	11726 Paysons Way, Fairfax County, VA	US
S1-47157678	Primary Care Choice Specialists LLC	1140 Wind Ridge Drive, City Of El Paso, TX	US
S1-377966619	Alcala Era PLLC	6566 Metso Road, Kettle River, MN	US
S1-436611196	Rapid Delta Lifesciences	NY, Onondaga, 210 Elton Avenue	US
S1-566103091	Eleanor W. Mathenia, Ph.D.	458 Columbia, Colville, WA	US
S1-434659562	Bangalore North Exports Private Limited	Hustle Space Co-Work, Bangalore, Bangalore North, Karnataka, No 1, K No.3316, Ground And 1St Floor, Ayana Tree Building, Dasarahalli Main Road	India
S1-955596854	Ahmedabad Centre Private Limited	710 -Fortune Business Hub, Science City Road, Ahmedabad, Gujarat	India
S1-931701726	Cds Imports Private Limited	Pune, S No 4/1, Pandhari Nagar, Saranga, Near Rakshak Ngr, Pune, Maharashtra	India
S1-848264756	Kolkata Trading Ltd	C/O Durga Mallick, Lp.28/19/1, 84 Vivekananda Pally, Kolkata, Kolkata, Howrah, West Bengal	India
S1-428417873	Ostler Investment	Quincy, 305 1st Avenue, WA	US
S1-746474057	Beverley Olsen Advertising Inc	85 APT 1 Mississippi Street, Unit APT 1, Amarillo, TX	US
S1-132214038	Internal Medicine Health of Salem	4756 Fir Dell Drive, Salem, OR	US
S1-994206236	Star Mobility Worldwide	Redding, 1790 Milo Avenue, CA	US
S1-297941603	Tech Logistics Private Limited	No.186, Bashyakarlu Road, Coimbatore South, Coimbatore, Tamil Nadu	India
S1-305604888	Uttar Group of Companies Private Limited	21, Zone - 1 M.P. Nagar, Bhopal, Madhya Pradesh	India
S1-667265043	Laflamme Health Center	9600 Nimbus Avenue, Unit #260, Beaverton, OR	US
S1-397609385	Benedikta's Bright Diner	1402 Lindenwood Avenue, Edwardsville, IL	US
S1-565767524	Highland Atlantic Silicon Partners	2632 Cr 906, Green Forest, AR	US
S1-78332309	Supreme Auto Repair	4047 30, Unit E, Caddo Mills, TX	US
S1-430089260	Baylor, Robinson and Martinez Inc	4310 5th Street, Terre Haute, IN	US
S1-408063271	Panacea Inds Limited	Ichapur Road, Kadamtala, Lp-217/14/4, Howrah, 62/11/1, West Bengal	India
S1-319105003	Aim Developers Ltd	1/44 Rashmi Khand, Eldeco Rashmi Khand, Sharda Nagar, Lucknow, Uttar Pradesh	India
S1-497576578	Tirupati (Urban) House Private Limited	Bhuvanainfra Appt 1 Floor, Opp Bee Stay Karakambadi, Tirupati (Urban), Chittoor, Andhra Pradesh	India
S1-187387873	Bhadrak Window Private Limited	Plot No-262/584, Khata No-186/121 At-Simila, Po-Chandbali, Bhadrak, Orissa	India
S1-916342165	Auk Advisory (India)	Hyderabad, H.No.7-8-217, Goutham Nagar, Ferozguda, Bowenpally Po, Telangana, Secunderabad	India
S1-505753870	Digital Agro Pvt Ltd	Cts No. 41, Plot No. 14, Shop No. S 11, Swaroop Complex, Karve Road, Pune City, Pune, Maharashtra	India
S1-552538729	Urology Value Center Inc.	700 Stagecoach Trail, Gordon, TX	US
S1-236231890	Industrial Media Advisors Inc.	202-11 50 Avenue, Oakland Gardens, NY	US
S1-490011540	Cozy Hypnosis LLC	22 1600, Farmington, UT	US
S1-548983330	Devisha Hotel Private Limited	2B, Apex Plaza, 5, Nungambakkam High Road Nungambakkam, Chennai, Tamil Nadu	India
S1-356947762	Eastern Products Private Limited	485 Katra Ashrafichandni Chowk, Delhi, Central Delhi, Delhi	India
S1-313243435	Leonanie Myers United Industrial LLC	3681 Long Way, Madison, IN	US
S1-525094023	Jordana Castro Midwest Bce Partners	1124 Grand Avenue, Toledo, OH	US
S1-469020714	Sanchez and Salazar Vulcan Inc	889 Jones Road, Monroe, UT	US
S1-342223702	Blue Deli! LP	57 Old Country Road, Unit Suite 1, Westbury, NY	US
S1-322670554	Ethel Brand Open LLC	204 Anniston Street, Weaver, AL	US
S1-789105900	Campagna Federal Computing	9604 92nd Street, Kansas City, MO	US
S1-982913110	Powell and Haas Orion Company	8116 Ella Court, Citrus Heights, CA	US
S1-686474484	Laxmi Industries Private Limited	R/O Gagan Bhurebeh Bdwike Chawl Ganesh Nagar, Gondia, Bhandara, Maharashtra	India
S1-948171821	N S Thompson Ventures LLC	Sioux Falls, 3300 Greenwood Avenue, SD	US
S1-555030108	Eastern Technologies Pvt Ltd	# 5 (393), 2Nd Floor 3Rd Main Road, Gokula I Stage, Iv Phase Yeshwantpur, Bangalore North, Bangalore, Karnataka	India
S1-277534557	Diana (India) Investments Limited	Rajasthan, Sri Ganganagar, T 05 Ridhi Sidhi, Sriganga Nagar	India
S1-148055400	Grethel Gardner Enclave LLC	1354 Smith Street, City Of Green Bay, WI	US
S1-955841937	Chiropractic Center LLC	Mcalester, 1917 Green Meadows Drive, OK	US
S1-717166457	Green Trading Labs, LLC	618 Algregg Street, Houston, TX	US
S1-494180603	Pioneer Power Private Limited	Kannur, Kerala, 14/880, Kuniyil Palam, Near Akg Vayanashala Kuthuparamba, Kannur	India
S1-990775370	Carlynn Nicks King, LLC	1817 Dodgion Avenue, Independence, MO	US
S1-14722979	Eda Mcfarland Fresenius	300 Maple Avenue, Milton, Unit Apartment K, NY	US
S1-465026541	EMI Detailing LLC	10633 Pine Thicket Court, Raleigh, NC	US
S1-75791999	Sky Technology	B-208, Surajmal Vihar, Delhi	India
S1-780804859	Smart Marketing Pvt Ltd	House No 2169/79, Dixit Nagar Nari, Nagpur, Maharashtra	India
S1-145437375	Sybil Murphy, L.C.S.W.	3352 Fairmount Lane, Portland, OR	US
S1-713620049	Federal Animal Hospital	Upper Gwynedd Township, 4125 Brittany Pointe Estates, PA	US
S1-469762410	India Sarah Impex Ltd	Plot No-1061 At- Nayapalli, Bhubaneswar, Cuttack, Orissa	India
S1-918333130	Allahabad Technologies LLP	13/15, Cooper Road, Allahabad, Uttar Pradesh	India
S1-447747292	Kincaid Pacific Siddhi, LLC	5824 Old Orchard Point, Livonia, NY	US
S1-458712646	Superior Iris Inc	8309 Barren River Road, Bowling Green, KY	US
S1-628010329	Highland Center	2301 Oakland Park Avenue, Columbus, OH	US
S1-50588991	Hotel Logistics Private Limited	A-Shop-03, Sai Maitry Apt, Surveyno 402A Virat Nagar, Vasai, Thane, Maharashtra	India
S1-768873530	Graddy, Gentry and Fears Tactical LLC	NY, Jamestown, 142 Chandler Street	US
S1-961422408	Camargo Averin	299 Madison Avenue, Alton, IL	US
S1-862538360	ZL Biotherapeutics Inc	12225 Saint Thomas Drive, Del Valle, TX	US
S1-368507381	Pevatech Polk County	2254 37th Avenue, Polk County, OR	US
S1-459361794	Jasso Realty, Inc	1988 Webster Circle, Caseyville, IL	US
S1-948823606	Wortman Disciplined PLLC	654 Pointe Benton Lane, Covington, KY	US
S1-439452721	Federal Guild, Inc	108 Wesley Avenue, Oak Park, IL	US
S1-910375831	Royal Regional Bleichroeder LLC	1696 I, Town Of Sharon, WI	US
S1-649420737	Pediatric Dentistry United Partners LLC	280 Eagle Drive, Forsyth, MO	US
S1-17206388	Tetech Bleichroeder P.C.	Missouri City, TX, 6702 Cascade Manor Lane	US
S1-938036749	Bombay Engineering Private Limited	Bhagavathi Ayyathu Fort Plaza, Building No.541-A, Palamel, Mavelikara, Alappuzha, Kerala	India
S1-303434445	Taylor, Ventura & Wright LLC	9218 Burgess Drive, Cincinnati, OH	US
S1-530628821	Nixie's Solutions	45 Taylor Street, MA, Saugus	US
S1-208825334	Pacific Empire Pantages, LLC	4701 Smokey Quartz Lane, TX, Arlington	US
S1-849886484	Heer Brothers Private Limited	Jaipur, Rajasthan, P.No. A-28 Riico I Kaladera, Chomu	India
S1-304226795	Grd Trading Private Limited	South Delhi, Third Floor, Shaheen Bagh, Abul Fazal Enclave Part-Ii, Jamia Nagar, Okhla, New Delhi, G-20A, Delhi	India
S1-363830668	Eden Stuckey Complete Tokyo, LLC	8525 Girard Avenue, Bloomington, MN	US
S1-880693230	Southern Fresh Life LLC	NC, Cherryville, 5207 Dellinger Circle	US
S1-374516083	Gilley Supreme Paloma	138 Forest Street, Amherst, OH	US
S1-465160792	White, Rubinstein & Lerner Logistics LLC	715 Wiley Boulevard, Big Sandy, TX	US
S1-398452	Athulya Services Private Limited	P.O. - Uluberia, Howrah, West Bengal	India
S1-552611163	Tessi E. Person, D.C., P.C.	OH, 4337 191st Street, Cleveland	US
S1-149756625	Tales Teaching Private Limited	West Bengal, Calcutta, 71 Canning Street	India
S1-529848674	Porter Muzero	AR, 179 Clay 528 Road, Rector	US
S1-210360591	Fortune Agro Pvt Ltd	Hooghly, West Bengal, Singur, C/O Mukhdeo Routh, Khurigachi Main Road	India
S1-364380512	Jaydeep Institute of Technology	6Th Floor, 602, Hans Residency C Wing Masrani Lane, Vinobha Bhave Nagar, Behind Siddhapura Industries, Kurla (W), Mumbai, Maharashtra	India
S1-581388698	Complete Mortgage Union	98 Bel Air Drive, Lucasville, OH	US
S1-972285523	Fresh Technical Enterprises Group	3673 Brower Meadow Road, Staley, NC	US
S1-387636300	Tri-State Star Solutions LP	8009 Count Street, Houston, TX	US
S1-913520662	Acosta's Gulf Solutions	314 Highland Road, Jonesborough, TN	US
S1-545882103	West Stardust	CA, Elk Grove, 10296 Nick Way	US
S1-311646538	North Estate Private Limited	D-12/11B Presidency Villa, Ardee City, Gurgaon, Haryana	India
S1-87468421	Al Exports	Bihar, C/O Nilam Devi, Patna, Masaurhi, Vill-Bhujapur, Daulatpur	India
S1-533013989	Solova Guardian	1721 33rd Avenue, Portland, OR	US
S1-544143764	PBK Services Private Limited	Rcc Road, Mahuwadih Chauraha, Deoria, Uttar Pradesh	India
S1-479161107	C A Evans Noble	1611 Windsor Woods Boulevard, Fort Wayne, IN	US
S1-146690984	Peridyx Robinhood LLC	11 Birch Avenue, Babylon, NY	US
S1-550832158	Surya Logistics Private Limited	C/O Moumita Ghosh, Vill, Paschim Jagadanandapur, Nakashipara, Nadia, West Bengal	India
S1-310478083	Equinox Emerging LLC	5782 Starks Settlement Road, Town Of Laona, WI	US
S1-655420763	Charleen Nunez Titan LLC	182 Conklin Avenue, Binghamton, NY	US
S1-890192535	Distinct Holdings	House No 12-13-647, Lane No 2, Street No 14 Tarnaka, Secunderabad, Hyderabad, Telangana	India
S1-355223868	Oncology Care LLC	14 Belknap Street, Unit 1, Somerville, MA	US
S1-577903375	Dhanush Consultancy	9, Gopal Nagar Tilak Nagar, New Delhi, Delhi	India
S1-55330790	Kpr Info Private Limited	4524/2, Phase Iv, Gidc Estate, Memdabad Road, Daskroi, Ahmedabad, Gujarat	India
S1-267597251	Bowen & Hunt Aimei LLC	502 Fairview Street, Upper Hanover Township, PA	US
S1-752880228	Kismat Kraft	No.167 - A, Part Of First Floor, T.V.Samy Road(West), R.S. Puram, Coimbat, Ore, Coimbatore, Tamil Nadu	India
S1-678895390	Hernandez Resilience of Waterbury	128 Lounsbury Street, Waterbury, CT	US
S1-41436060	Choice Cea LLC	1631 Genessee Avenue, Columbus, OH	US
S1-709254162	Taylor Software Private Limited	Room No. 101, Building No. 13/618-D Al Hind Educational And Charitable Trust, Elankur, Manjeri, Malappuram, Malapuram, Kerala	India
S1-838870863	Internal Medicine Health, LLC	10 Hartsdale Street, Smithtown, NY	US
S1-950742151	Keen & Murph Pinnacle	1411 Maple Drive, Bedford, TX	US
S1-859649679	Marketing Sharda Marketing Private Limited	Flat No. 101, Plot No. 462, H No. 1-62/462, Sri Balaji Residency, Kakatiya Hills, Guttala Begumpet, Shaikpet, Hyderabad, Telangana	India
S1-111328067	Summit Ridge Bitwise Inc.	19093 State Route 141, Sturgis, KY	US
S1-209144279	Rani Patton Security Services Company	715 Navajo Trail, Alabaster, AL	US
S1-614350784	Satelite Global Private Limited	House No 47, Shri Ram Nagar Near Kids Club School, New Sanganer Road, Mansarovar, Jaipur, Rajasthan	India
S1-379528977	Retail Traders Private Limited	Survey No. 156/1/1/1 And 156/2/1/1 Village Jamniyakhurd, Indore, Madhya Pradesh	India
S1-882931334	Teix Seneca, LLC	1453 186th Street, Shoreline, WA	US
S1-470487334	Eustacia Manzanares Choice Nasdaq	UT, 10493 Oquirrh Lake Road, South Jordan	US
S1-621207870	Eastern Investment Private Limited	Room No. 380, 1St Floor, Bismillah Shopping Complex Market Road, Ottupara, Wadakancherry, Kumaranellur P O, Thrissur, Kerala	India
S1-805364335	Parmarth Integrated Private Limited	5Th Floorsurya Towers Sp. Road, Secunderabad, Hyderabad, Telangana	India
S1-360609167	Dermatology Clinic P.C.	132 Deer Run Trail, Dothan, AL	US
S1-846263345	Burritt and Dilorenzo	OK, Broken Arrow, 5208 Narcissus Avenue	US
S1-87673236	Ssk Beverages Co	Rz S-5- A G/F, Nanda Block, Mahavir Enclave, New Delhi, Delhi	India
S1-837256740	KNF Select Associates LLC	8428 890, Fort Duchesne, UT	US
S1-934419199	Samaleswari Advisors Private Limited	C/O Ram Bhagat Yadav, A-197, Pandara Road, New Delhi, Delhi	India
S1-994780882	Ss Hospitality	South Delhi, Delhi, G-26 Sangam Vihar, Delhi	India
S1-637589685	Noellyn Xiong Defi Inc.	3071 Falcon Bridge Drive, Columbus, OH	US
S1-853191634	Stellent Contractors Limited	192/5, 192/6 Kanuru, Vijayawada, Krishna, Andhra Pradesh	India
S1-771573745	Cornerstone Quality Pet Care	1716 Lynn Street, Mishawaka, IN	US
S1-189960996	BX Management Limited	G 2, Sangeeta Apptt 36 Padmavati Coly, Indore, Madhya Pradesh	India
S1-192770152	Urgent Care Medicine LLC	1212 Community Avenue, Unit Unit 2013, Mckinney, TX	US
S1-320209096	Om Foods Private Limited	59, Type 2 Sec 1, Naya Nangal, Anandpur Sahib, Rupnagar, Punjab	India
S1-585883008	Sky Tirupati Healthcare Limited	33 Foota Road, Pankaj Colony, Thanesar, Kurukshetra, Haryana	India
S1-676612504	Huzur Organic Limited	H-1/2 Sanchi Complex Near, Board Office Chouraha, Huzur, Bhopal, Madhya Pradesh	India
S1-510615559	Orthopedic Care Associates LLC	3129 Lundin Drive, Unit 12, Manhattan, KS	US
S1-632000502	Shin Orange of Irving	1815 Dale Place, Irving, TX	US
S1-838284294	Cuda Velos LLC	726 Turk Hill Road, Perinton, NY	US
S1-581393067	Bureau of Public Works	11204 Wet Season Drive, Austin, TX	US
S1-631845594	Ear Nose & Throat Health Inc	7 Cherry Circle, Rockland, MA	US
S1-974295500	Prime Diagnostic Laboratories LLC	2969 Collettsville Road, Lenoir, NC	US
S1-369436315	Pacific League	3624 Wareham Drive, Thompson's Station, TN	US
S1-670967718	Rapid Agriculture LLC	702 Lee Avenue, Fredericksburg City, VA	US
S1-837652863	Shree Clinic	61-1, Thotta Salai, Vagarayam Palayam, Coimbatore, Tamil Nadu	India
S1-82591591	Silver Technical Solutions LLC	Mebane, 1257 Winding Spring Drive, NC	US
S1-96995290	Urology Pacific Health LLC	1511 Central Park Avenue, Yonkers, NY	US
S1-352763430	Gilbertine Huang Piedmont Biotherapeutics LLC	6919 275th Street Court, Roy, WA	US
S1-253096260	Landes Fresh Tokyo	Dubuque, 305 Kaufmann Avenue, IA	US
S1-118502154	North Constructions Private Limited	Office No Bw9021, Maharashtra, 9Th Floor, G Block Bharat Diamond Bourse, Bkc, Bandra East, Bandra Suburban, Mumbai	India
S1-633223855	American Mountain Social Center	VA, Powhatan County, 3281 Sparrows Place	US
S1-581837101	Golden Software Private Limited	8 Meghdoot, 162 Nagarkar Marg, Mahim, Mumbai, Mumbai City, Maharashtra	India
S1-772169189	Llanos Modern Stores Inc	505 3rd Street, Martinsville City, VA	US
S1-208234467	Valley Bank	47060 Rocky Rollinson Road, Buxton, NC	US
S1-781052836	Gita Sangh	Rz-24, C 1St Floor, Gali No- 2, South Extn., Part- 1, Uttam Nagar, New Delhi, West Delhi, Delhi	India
S1-482684355	ZLY Associates Private Limited	H No. 272 F F Sector 8, Faridabad, Ballabhgarh, Haryana, Faridabad, Haryana	India
S1-747450380	Xavier, Moss & Ciccone LLC	7325 Tannery Way, City Of El Paso, TX	US
S1-728011176	Choice Resorts Inc	711 Pleasant Lane, Lagrange, IN	US
S1-659536927	Correa Continental Semiconductor Partners	181 Kemper Road, Wapato, WA	US
S1-135251474	Helot Medical Centre Pvt Ltd	Bangalore South, 16Th Cross, 27Th Main, Sector-1, No 2729, Karnataka, Bangalore	India
S1-940575228	Blue Food Private Limited	9-118, Shanthi Nagar Dilsukhnagar, Hyderabad, Telangana	India
S1-481404429	Forge L.L.C.	5145 7640, West Jordan City, UT	US
S1-600766962	Kennett Regional Metal PC	1626 Lakeview Drive, Pleasant Hill, IA	US
S1-118462061	Goswick Renewables LLC	4207 Farmers Pass Road, Houston, TX	US
S1-461462917	Dawa Bazaar R.N.T. Marg Project Private Limited	124, Third Floor, Dawa Bazaar R.N.T. Marg, Indore, Madhya Pradesh	India
S1-910889323	Emerald Mid	Vancouver, WA, 2403 147th Court	US
S1-833959100	Bangalore Labdhi Limited	351, Pandava Nagar, Ghaziabad, Uttar Pradesh	India
S1-101764651	Fortune Estate Private Limited	Sath Bigha Vivekananda Pa, 2195 Purba Putiary, South 24 Parganas, West Bengal	India
S1-396121751	Jsw Molds Private Limited	666-D-24, Jheel Khurenja, East Delhi, Delhi	India
S1-717004929	Eastern Modern Spa LLC	12575 289th Avenue E, Coweta, OK	US
S1-600657586	Cm Moon Limited	Bharat House 5Th Floor104 Bombay Samachar Marg Fort, Mumbai, Maharashtra	India
S1-332715948	Maa Infra Private Limited	22, Chika Audigadi, Modiwala, Bangalore-68., Bangalore, Karnataka	India
S1-558098186	Jasper Inc	Ehrenberg, AZ, 64378 Goose Alley Way	US
S1-772670078	HSH Center Limited	Fl N-K-108 Sr N-12/16-17, Montilla Aldea Annexo, Haveli, Pune, Maharashtra	India
S1-345172520	Carson Point	245 Roger Drive, Salisbury, NC	US
S1-737146237	Lakshmi Projects	C/O Md Shahzad Alam S/O Md Sarafat Hussain, Ward No 4, Ramnagar Road, Raghopur, Supaul, Saharsa, Bihar	India
S1-418876288	Innovative Infrastructure Private Limited	32 Western Avenue, Sainik Farms, New Delhi, Delhi	India
S1-101762377	Hill Investments PLLC	4110 Anderson Street, Milan, TN	US
S1-503570207	Arrigo Classic Ses Inc	943 Ellison Ave, Louisville, KY	US
S1-158282953	Becton's Capital	1137 Millwright Lane, Stallings, NC	US
S1-946746404	Lotus Energy	Mumbai, Platinum, Shree Ganes, Maharashtra, Borivali East, P3/004 A Wing Kaustubh	India
S1-472783943	Creative Traders Private Limited	Gujarat, Pragya Accelerator, Ground Floor, N/A Road 1C, Block 15, Pragya Tower, Zone 1, Sez-Pa, Gandhinagar, Gandhi Nagar	India
S1-595285265	Jai Departmental (India) Private Limited	11/918, Chopasni Housing Board, Jodhpur, Rajasthan	India
S1-307661923	Jerry Carriers Ltd	Flat No B-203, 2Ndfloor, Royal Classice Chs, New Link Road, Andheri West, Mumbai, Mumbai City, Maharashtra	India
S1-275326917	KC Produce Inc	14522 444th Avenue, North Bend, WA	US
S1-884571086	Cisneros Vanguard Ishares Inc	Little Rock, 7700 Baseline Road, AR	US
S1-983807910	Karnatak Sukh Pvt Ltd	S.No.1, Opp. Panna Palace, Kahrai Mode, Shamshabad, Agra, Uttar Pradesh	India
S1-855081775	Rapti Promoters Limited	A 24 New Sahydari Chs Ltd, Lt Rd, Borivali W, Borivali West, Mumbai, Maharashtra	India
S1-45252741	Pediatric Dental Group	451 Adams Avenue, Lebanon, TN	US
S1-118587100	Trusted Payment Solutions Inc	Fair Play, SC, 910 Hwy 182	US
S1-37982716	National Academy	4055 Lombardy Road, King And Queen County, VA	US
S1-201078193	95/88 View	27028 124th Avenue, Kent, WA	US
S1-47313775	Bright Exports Pvt Ltd	Bhawanimandi, Jhalawar, Pachpahar Road, Rajasthan	India
S1-365075128	Almonte Golden Horse	7 Captiva Road, MA, Berlin	US
S1-171888013	American Artificial LLC	2407 Oyster Loop Drive, Sugar Land, TX	US
S1-376876834	Williams and Somers Inc	16337 Montclare Lake Drive, Crest Hill, IL	US
S1-692421008	Ambica Consultancy	No.11/20, 10Th Avenue, Ashok Nagar, Chennai-83., Tamil Nadu	India
S1-684473435	Asset Building Trust III	1562 Barbour County Highway, Belington, WV	US
S1-46543345	Mclane Diamond Private	630 Solon Road, Unit Apartment 208, Waxahachie, TX	US
S1-762440329	Ardys's Law Group	NC, Tabor City, 8195 Stake Road	US
S1-723532322	Pacific Communities LLC	Edgewood, 338 Ahern Drive, MD	US
S1-51810842	Great Future Inc	364 Kizhuyak Drive, Kodiak Island Borough, AK	US
S1-919289384	Mount Fellowship	110 Dellwood Lane, Gray, TN	US
S1-567194861	Lucky Cleaning Service	200 Stafford View Lane, Meridianville, AL	US
S1-146760494	Menon (India) Marketing Limited	6-3-1099-1100Babukhan Millenium Centre Somajiguda, Hyderabad, Telangana	India
S1-98402215	Tirupati Marketing Pvt Ltd	Plot-E-14, 14/1, 15, 15/1, 16, Electronic Est Gidc Sec26, Gandhinagar, Gandhi Nagar, Gujarat	India
S1-927121205	Tirupati Infrastructure Private Limited	233/6/52F, Arumugam Street, Dharmapuri, Tamil Nadu	India
S1-57693310	Taparia Food Corporation	78-A, Dilshad Garden, New Delhi, Delhi	India
S1-449479964	Carry Bonk, O.D.	625 Main Street, Unit 13, Reading, MA	US
S1-157492058	Software Gadre Auto Private Limited	1St Floor Milan Pally, Near Children Park, Darjeeling, Shiv Residency, West Bengal, Siliguri	India
S1-967691965	Roller Legal Private Limited	38-D, Delhi Niwas Cghs Ltd. Ayodhya Enclave, Sector-13, Rohini, Delhi, North West, Delhi	India
S1-733655859	Brown Ridge James Inc	1808 Freeman Avenue, Owensboro, KY	US
S1-625095840	Bangalore North Works Private Limited	Karnataka, Bangalore North, Door No. 101 And 102, 1St Floor, Parvathi Plaza, No.105, Richmond Road, Bangalore	India
S1-417777542	Oliveira's Appliance	840 Miller Road, Ola, AR	US
S1-746964806	Traylor Partners Inc	1241 Oxford Avenue, Cambridge, OH	US
S1-463388682	Friar and Devlin Retail Inc	298 Oak Creek Circle, Springtown, TX	US
S1-923107281	Intellectual & Brothers Private Limited	Sr No 163. Pl No 12, Lotus Riddhi, Unit 40, Haveli, Pune, Maharashtra	India
S1-760000194	A Pioneer Total Inc.	307 Maguire, Rosharon, TX	US
S1-166230505	Ponder's Engineering LLC	18371 Mahaffey Circle, Unit LOT 103, Vance, AL	US
S1-179003866	Cardiology Associates	TX, Blanco, 160 Star View	US
S1-460173235	Aarvesh Security Limited	14B Shri Krishna Avanyou, Face3 Indore, Indore, Madhya Pradesh	India
S1-57534102	Ryan Hospital Inc	203 Knapp Road, Montgomery Township, PA	US
S1-650657463	3054 Jefferson Place Owners Corp Inc	1022 Almaden Street, Eugene, OR	US
S1-519719760	Staub, Gonzalez & Mccarty LLC	25224 Vista Road, Hollywood, MD	US
S1-979621542	Romisoft	Unit APARTMENT 28, 3904 Lori Drive, KY, Erlanger	US
S1-873711994	Beacon Electronics Products	8010 73rd Street, Stanley, ND	US
S1-195874276	Jasper Inc.	706 Duncan Street, Ashland Town, VA	US
S1-283583790	Durham & Eastman	3600 Woodcrest Court, Colleyville, TX	US
S1-860273048	Jai Healthcare Private Limited	A-203, Dreamland Apartment, Crossing Republic, Ghaziabad, Uttar Pradesh	India
S1-631690612	Pediatric Dental Health LLC	101 York Street, Elmhurst, IL	US
S1-336033902	Greensboro Wildlife Association	605 Muirs Chapel Road, Greensboro, NC	US
S1-355671854	Pounders Advanced Prudential Inc	1208 July Court, Fayetteville, NC	US
S1-927881293	Wilker Preparatory Academy	S87W27350 Ridgeway Court, Village Of Vernon, WI	US
S1-255489365	Behavioral Health Interstate Center	N14220 Kings Court, Town Of Minong, WI	US
S1-595173802	Physical Therapy Group	1401 Lambsdowne Lane, West Lafayette, IN	US
S1-260453708	Harrell's Spa	9420 W Lake Drive, Eagle River, AK	US
S1-115688029	Strategic Insurance Partners LLC	11522 Duncan Plains Road, Monroe Twp, OH	US
S1-725284847	Abhaya Cera Limited	K Narayana Reddy Lane No. 3, Atmakuru, Andhra Pradesh, D.No. 3/2/6/7, Spsr Nellore, Nellore	India
S1-704913594	Pacific Ribbon Corp	6 Kate Street, Newburyport, MA	US
S1-345613773	Ramaix Patriot King	3754 700, Clayton, IN	US
S1-214436767	Keify Premier Machines LLC	615 Main Street, Whitewater, KS	US
S1-855777661	Agarsen Memorial Trust	C 104, Ashirwad Park B/H Krish Hotel, Opp. Panjara, Vastral, Ahmedabad, Sabar Kantha, Gujarat	India
S1-369297963	Garcia Veterinary Clinic LLC	2590 Oakmont Drive, Unit 420, Round Rock, TX	US
S1-564308638	Chota Holding Ltd	No-4C 11/11A, Sai Golden Nest, 4Th Floor, Tala Cauvery Nagar Mn Rd, Near Basavanag, Ar Bus St, Banglaore, Bangalore, Karnataka	India
S1-276399184	Love Willow Partners	431 Summer Lake Drive, Bedford, IN	US
S1-904156216	Salarpuria Limted (India) Private Limited	Shop No .1 Panchkutir Bus Stop, Shri. Ganesh Nagar Near, I.I.T Powai, Near Haldankar Gymnasium Powai, Mumbai, Maharashtra	India
S1-77333364	Eye Secure Clinic	250 Ferris Avenue, White Plains, NY	US
S1-162545534	Orsola's All Tax Service	28 Skyline Drive, Saco, ME	US
S1-420185205	Ramos, Smith and Walton	17938 Valley Knoll Drive, Houston, TX	US
S1-217911777	Salasar Ventures Pvt Ltd	East Delhi, 274, East Delhi, Delhi, F/F Pkd D, Mayur Vihar, Phase-Ii	India
S1-489165032	Action Institute Private Limited	No.150, H And F Layout, Annapoorneshwari Nagar, Bangalore North, Bangalore, Karnataka	India
S1-496551318	Sai Marketing Pvt Ltd	F 0006, Grand Ajnara, Heritage Gh 01/B, Sector 74, Noida, Gautam Buddha Nagar, Uttar Pradesh	India
S1-938180046	Vista Solutions Private Limited	B-88, Gf-3, Ramprastha Colony, Ghaziabad, Uttar Pradesh	India
S1-70832854	Black Maa Engineering Private Limited	House No 254, Village Saha, Ambala, Haryana	India
S1-115727402	Aura Sangh	Banswara, Bhaiji Ke Paratha, Banswara, Pratap Circle, Banswara, Rajasthan	India
S1-895733576	Superior Strategic Union Care	1250 Dekalb Avenue, Atlanta, GA	US
S1-886381285	Grace Presbyterian Church	15510 Thompson Ridge Drive, Cypress, TX	US
S1-578716931	Schillinger & Weston Montage LLC	20402 Afternoon Lane, Germantown, MD	US
S1-417783280	Star Ventures	20-4-551/1 Qhilmath, Hyderabad, Telangana	India
S1-556413196	West Charter School	3618 Deal Street, Houston, TX	US
S1-862894808	Rios Rocky Construction PC	1006 Saint Johns Bay, Woodbury, MN	US
S1-581854650	DHA Consultancy Private Limited	Office No. 310, Third Floor, Block No. F, Titanium City Center Mall, Near Sachin Tower, 100 Ft. Anandnagar Road, Satellite, Ahmadabad City, Ahmedabad, Gujarat	India
S1-245358131	National Institute LLC	141 First Parish Road, Unit A, Scituate, MA	US
S1-918619016	Quail Better Joint	3504 10th Street, Town Of Manitowoc, WI	US
S1-134316565	Wortham Scientific LLC	255 Claybourne Avenue, South Salt Lake City, UT	US
S1-843199788	Shantaram Institute of Technology	D-38/A, Ashok Marg C-Scheme, Near Ahinsa Circle, Rajasthan, Jaipur	India
S1-326464164	Bgs Solutions Pvt Ltd	Sec.13 Rohini, 58-B, Delhi, Ayodhya Apartment, Delhi	India
S1-536151046	Akins Insight	8002 Brutus Street, Houston, TX	US
S1-517433608	Lopez's Solutions	9510 Rocky River Road, Harrisburg, NC	US
S1-48209922	Pioneer Advisors	West Bengal, Uttar Mallaguri, Behind Champasari Anchal, Siliguri, Darjiling, 823/1856, Darjeeling	India
S1-637685044	Sunrise Engineering Private Limited	55/10, Puthussery Arcade, Kadiyangad Junction Kadiyangad Post, Perambra Via, Kozhikode, Kerala	India
S1-694624517	Services Exim Derivatives Private Limited	C-504, Kdp Grand Savanna, Ghaziabad, Uttar Pradesh	India
S1-83214840	Vetrivel & Brothers	F 7 Second Floor, Kalkaji, New Delhi, South Delhi, Delhi	India
S1-590512802	Ahmednagar Agrofarms Private Limited	H No 10, Pasaydan Colony, Wamanbhau Nagar, Pathardi, Ahmednagar, Maharashtra	India
S1-502457589	Chiropractic Physicians LLC	KY, Paris, 845 Russell Cave Road	US
S1-597059294	Nava Investments	20644 Deerpath Road, Deer Park, IL	US
S1-792774009	Hunger Network	Winchester, CT, 306 Norwood Road Extension	US
S1-273190979	Gold Products Private Limited	101 F/F Rishabh Ipex Mall, I.P. Extension Patparganj, East Delhi, Delhi	India
S1-665492279	Beacon Gulf Kochav Clinic	TN, Fairview, 9007 Ada Way	US
S1-604602503	Liberty Solutions LLC	89 W Ledge, Burlington, CT	US
S1-297328651	Warner First Bancshares Inc	2 R Highland Street, Gloucester, MA	US
S1-140655586	Herman Safe Inc	6253 90th Place E, Tulsa, OK	US
S1-407760885	Shivam Consultants Private Limited	Sco 124, Third Floor, New Pizzare Building, Amritsar, Punjab	India
S1-725478704	Apex Foods Private Limited	22/4, Heavy Industrial Area, Jodhpur, Rajasthan	India
S1-830776667	Strategic Talent Dynamics	6220 Cr 862, Pearland, TX	US
S1-800296221	Phipps College	1327 Cascade Hills Drive, Rosharon, TX	US
S1-654511280	NJY Agriculture Corp	2208 Cristopher Court, Morristown, TN	US
S1-413930305	Massey Noble LP	3933 260, Unit 231, Star Valley, AZ	US
S1-770342997	Brightis Mercury	29 Rose Acres Road, Texarkana, TX	US
S1-925965461	Dynamic Consultants	Raahat Plaza, 172/L, Arcot Road, Vadapalani, Chennai 600 026, Chennai, Tamil Nadu	India
S1-958857888	Coastal Grand Mobile Care	3118 175, Village Of Slinger, WI	US
S1-75477466	Fium LLC	22 Kingsbridge Place, Unit D, Chesapeake City, VA	US
S1-838057918	Good International Private Limited	482-B Ground Floor, Old Lajpatrai Market, Delhi, North Delhi, Delhi	India
S1-938947364	General Design Innovations LLC	7241 Osage Avenue, Mesa, AZ	US
S1-983267862	Strategic Iheartmedia LLC	130 Forests Edge Place, Fl 0, Laurel, MD	US
S1-952666101	American Fund, LLC	MA, Unit 2, Stoughton, 7 Green Street	US
S1-624148809	Sunrise Foundation Private Limited	No.22 1St Floor, Nataraja Layout 8Th Phase, Bangalore South, Bangalore, Karnataka	India
S1-322138875	Shahdara Green Private Limited	Shahdara, Delhi, Shahdara, 514 Gali No.1 Karkari Road Vishwas Nagar	India
S1-878786813	Big Ice Cream	3480 Jondon Lane, Unit D, Gastonia, NC	US
S1-776964652	Warnick and Hicks Corp	9 Ohio Avenue, Unit 3, Lawrence, MA	US
S1-854385843	Morales Pediatrics	NC, 1210 Reed, Castalia	US
S1-503885567	Clean Semiconductor Alliance Corp	5813 Baseline Road, Unit Apt 158, Little Rock, AR	US
S1-37324492	Sybyl Nunez Energy LLC	TX, 404 Fannin Street, Leonard	US
S1-114413864	Beis International P.C.	438 Roslyn Avenue, Akron, OH	US
S1-68598516	Hessel Dynamic Deep Ltd	182 Chapman Acres Circle, Lynchburg, TN	US
S1-84668021	Raj Consulting Private Limited	712, Plaza Panchshil, Gamdevi, Mumbai, Maharashtra	India
S1-198981444	Community Alliance	1810 Moorpark Place, Tucson, AZ	US
S1-112413278	Milton's Plumbing PC	733 Osterman Avenue, Unit 504, Deerfield, IL	US
S1-68000837	Creative Developers	C-75 New Ashok Nagar, Delhi, East Delhi, Delhi	India
S1-345739413	Sterling Talent Dynamics LLC	8120 Vickie Lane, Nashport, OH	US
S1-171751015	Phan & Scheel Developments Co	9 Auburn Street, Framingham, MA	US
S1-900353540	Allied Companies Inc	1 Dean Place, Poughkeepsie, NY	US
S1-809075875	Urology Care Associates LLC	3 Glendell Terrace, Unit 1, Springfield, MA	US
S1-507455917	Sky Developers Private Limited	Kabra Sadan, Bhatton Ka Mohala Madanganj-Kishan Garh, Ajmer, Rajasthan	India
S1-350938452	United Consultants Private Limited	Office No. 101, 1St Floor, Gunjan Complex, Patidar Chowk, Sadhu Vasvani Road, Rajkot, Gujarat	India
S1-918058571	Pediatric Partners	11816 435, Adair, OK	US
S1-762668536	Dovava	18552 69, Lindale, TX	US
S1-784647301	Physical Therapy Secure Group	342 Jamestown Road, Pittsboro, NC	US
S1-8063942	Ditmore Electricity LLC	620 7th Street, IN, West Terre Haute	US
S1-202359521	Jasper LLC	8 Dalton Court, Richlands, NC	US
S1-663653040	NUF Duke Inc	14763 Park Avenue, Oak Forest, IL	US
S1-446442890	Flores Automotive Inc.	1358 72nd Place, Chicago, IL	US
S1-17937860	Temple Fellowship	Minot, 404 20th Avenue, ND	US
S1-914539765	Animal Welfare Alliance	1695 Harvard Place, Unit UNIT B, Ontario, CA	US
S1-414482807	Tobey Strategic Energetics LLC	132 Charlene Lane, Tenmile, OR	US
S1-674248939	First Zion Center	City Of El Paso, TX, 3228 High Point Drive	US
S1-945381654	Lowry Family Office LLC	Norristown Borough, Unit Rear, PA, 1501 New Hope Street	US
S1-691240358	Orsola L. White, MD	12625 Saginaw Avenue, IL, Chicago	US
S1-859755952	Altus Housing Diamond Project	508 Elm, Altus, OK	US
S1-748351170	Balaji Hospitality Private Limited	4 Panditia Terrace, Kolkata, Calcutta, West Bengal	India
S1-277445007	Anchor Pmv Inc	16588 Whispering Wind Drive, Fl 1st Floor, Surprise, AZ	US
S1-733141867	Western Precision Karbon, Inc	178 Leisure Road, TX, Waxahachie	US
S1-625299314	Masco Developers LLP	A.P., No. 117, Sri Nagar Colony Hyderabad, Telangana, My Home Madhubanapts	India
S1-470019230	Ths Educational Society	Syno.157, Flat No.105 Mansion Staff Road, Hyderabad, Telangana	India
S1-486339829	Paxton Ventures	C/O Sarabindu Naskar, Daulatpur Pailan, Near Shyam Sangha Club, Bishnupur, Parganas South, West Bengal	India
S1-183038220	Lee Learning Center	7 Shade Tree Point, Alexander City, AL	US
S1-977157917	Bonds Enterprises, Inc	2746 Fairway Drive, Pulaski County, VA	US
S1-434687841	Roberson Keystone Freight	6 Hickory Lane, Greenville, RI	US
S1-934366401	Jaina Telecom Limited	Ahmednagar, Shivnarayan Park, S.No 223/14, Nalegaon, Maharashtra, Flat No 104, Ahmed Nagar	India
S1-837458454	High Constructions Pvt Ltd	Flat No313 Vaastu Hill, View 3 Apartment, Bangalore South, Bangalore, Karnataka	India
S1-267772550	Gulf Fund PC	29 Rivest Court, Chicopee, MA	US
S1-748700246	Innovative Impex (India) Corporation	Kapurthala, Punjab, Sco-16, Jama Masjid Complex, Kapurthala	India
S1-232852152	Scott Bright Chenghe Inc	MA, Bridgewater, 1118 Pleasant Street	US
S1-196996467	Corporate Data Consultants LLC	5311 17th Avenue, Moline, IL	US
S1-373989211	Columbus Vision Custom Physicians	5357 Branscom Boulevard, Bldg 20, Columbus, OH	US
S1-619777457	Prime Business Enterprises LLC	15347 Resort Road, Effingham, IL	US
S1-764245831	Choice Electronics Dynamics LLC	61 Summer Street, Unit 103, Taunton, MA	US
S1-472112627	Creative Meridian Inc	2611 Barton Avenue, Nashville, TN	US
S1-354481507	Delhi Engineering	B-2/30, Ashok Vihar Phase-2, Delhi, New Delhi, Delhi	India
S1-231121070	Rudra Industriesprivate (India) Private Limited	5/64/82, Guru Nanak Nagar Alambagh, Lucknow, Uttar Pradesh	India
S1-717269768	White Infotech Private Limited	Plot No A-26 B Ff Raju Enclave Kakrola, Dwarka, South West Delhi, Delhi	India
S1-938924631	Raj Trust	H No 44 S11 Shivaji Nagar, Govandi, Mumbai, Maharashtra	India
S1-331272843	Mohan True	Plot No-307/1834, Canal Road Laxmisagar, Santosh Vihar, Bhubaneswar, Khordha, Orissa	India
S1-747651136	Peace Technologies Pvt Ltd	222-Rushabh Apartment, Maharashtra, Nr. Harkishondas Hospital Dr. Parekh Street, Prarthna Samaj, Mumbai City, Mumbai	India
S1-489438631	Zayan Holdings	Hno C-97A Block C Sushant, Lok Phase -Iii Sector 57, Sector -45, Gurgaon, Haryana	India
S1-76746472	Anderson's First Painting	TX, Mesquite, 2128 Silver Spring Drive	US
S1-383375496	Eye Specialists of Kenai Peninsula Borough Inc	35196 Nordic Court, Kenai Peninsula Borough, AK	US
S1-68193181	Gretel Wright Solana Group	IL, Springfield, 2917 Lola Drive	US
S1-54087883	Naik Nursing Home Clinic	Plot No.B-5, Panchavathi Colony Near Studios-N, Manikonda, Hyderabad, Telangana	India
S1-671648084	Om Business Private Limited	Flat B2 Srushti Society Kothrud, Pune, Maharashtra	India
S1-967422662	Bhiwadi George Limited	A-408, 4Th Floor Spectrum Bdi Sunshine City, Bhiwadi, Alwar, Rajasthan	India
S1-645209951	Britte Krause Classic Ready, LLC	Castle Hayne, NC, 3200 Kerr Avenue	US
S1-138353866	Shreyans Academy	33, Taskand Mard, Civil Lines, Prayagraj, Allahabad, Uttar Pradesh	India
S1-183143792	Xu Clean Northern	1130 Underwood Avenue, Conrad, IA	US
S1-589459072	Egan and Green, Inc	473 County Road 491, Gonzales, TX	US
S1-630094192	Tech Indra Hospitality Group	7-3-110, 4Th Floor, Sagar Enclave, Bairamgulda, Saroornagar, K.V.Rangareddy, Telangana	India
S1-528326703	Osprey Sterling LLC	512 Ridgeway Drive, Cleburne, TX	US
S1-12093078	Tri-State Medical Center Inc	1923 61st Street, Galveston, TX	US
S1-896761193	Cevue Holdings	2400 Little Racer Drive, Unit 101, Raleigh, NC	US
S1-497062822	Glyphari Intercontinental, Corp	376 Road 5914-06, Cleveland, TX	US
S1-41261675	Shook Frontier Newhold Inc	5707 Sora Lane, MD, Riverdale	US
S1-920367934	Bay Power LLC	2251 Harrison Street, Fl 1, Chandler, AZ	US
S1-586741187	Solent Roofing LLC	6925 Mills Civic Parkway, Unit Suite 130, West Des Moines, IA	US
S1-796234929	Gestalt Lifecare (India)	179A, 1St Floor (B/P) Southern Jeewan Nagar, New Delhi, South Delhi, Delhi	India
S1-241715462	Summit Learning Center Inc	1692 Leola Street, Kaysville, UT	US
S1-467896167	Oreilly & Scott Light Holdings	1847 35th Street, Unit Apartment 304, Fargo, ND	US
S1-932063003	Caldova Services Inc.	69503 Us Highway 50, Mc Arthur, OH	US
S1-402478112	Beltran Innovative Muniyield LLP	451 Ardmore Avenue, Unit J, Villa Park, IL	US
S1-644446737	Gamma Ii Greater Noida Smart LLP	J-13, Gamma Ii Greater Noida, Noida, Uttar Pradesh	India
S1-837372781	NHC Solutions Corporation	Mumbai, Nawroji Hill Roadno 9 Plt No 8 Dongri, Maharashtra	India
S1-817202168	Alexander Restaurant	NY, 260 Green Road, Hopkinton	US
S1-731272023	Avishkar Projects Ltd	23, Ahmedabad, 3Rd Floor, Narayan Chambers, Opp. Patang Hotel, Ashram Road, Gujarat	India
S1-769749655	Maq & Brothers LLP	Koppal, Abhishek Nilaya, Kushtagi, Karnataka, Near Bus Stand Vidyanagar	India
S1-60095699	Services Shree Manufacturers Private Limited	Plot No.83/A Manikonda, Rajendra Nagar, Hyderabad, Rangareddy, Telangana	India
S1-760467417	Premier Vanguard Data LLC	6115 Pioneers Point, Brecksville, OH	US
S1-461741774	Y 2 S Canada	1024 Briarcliff Circle, Maryville, TN	US
S1-743680151	United American Corp	IL, Granite City, 2928 Warren Avenue	US
S1-315373838	Divya Solutions Private Limited	Rz/36/5, Palam Colony Chhatri Wala Marg, New Delhi, Delhi	India
S1-525507099	Veterans Alliance	12323 Knobcrest Drive, Houston, TX	US
S1-654156194	Austin Annaly LLC	1711 Crowberry Drive, Dallas, TX	US
S1-817092005	Hauck, Davis & Eastep PLLC	2016 Vervain Court, Austin, TX	US
S1-148037793	Systems Pura Supermarkets Private Limited	Shop No 024, Ground Floor, Royal Garden Dr. Annie Besant Road, Worl, I, Mumbai, Mumbai City, Maharashtra	India
S1-391779777	Laxmi Shivam International Private Limited	C/O Mohd Saed Khan, Tea Stal Opp Bamanpuri, Rampur, Uttar Pradesh	India
S1-252411527	Pediatric Dentistry Associates L.L.C.	5 Wesley Street, Henning, IL	US
S1-96663462	Dermatology Capital Partners LLC	3513 Tallow Forest Street, Dickinson, TX	US
S1-417773687	Quality Textile Partners	OH, 7720 Co Rd 20, Wauseon	US
S1-790219678	Polaris	126-14 Jamaica Avenue, Richmond Hill, NY	US
S1-345957718	Bass Holdings	4432 Scarritt Avenue, Kansas City, MO	US
S1-246129597	Mcneill Better Fitness Inc	1609 El Monte Street, Fl 0, Wichita, KS	US
S1-596048643	Seven Red Enterprises Private Limited	Pl N 87 S N 33 Shanti Nagar Belgaum Karnataka, Belgaum, Karnataka	India
S1-106194876	East Signature Plutonian Care	1900 23rd Avenue, Seattle, WA	US
S1-976738132	Jackson & Aguilera Environmental Services, Inc	9 Miriah Drive, Yarmouth, MA	US
S1-534618241	Pollachi Crop Private Limited	Old No. 113, New No. 96, Gandhinagar, Kottur Road, Suleeswaranpatti, Pollachi, Coimbatore, Tamil Nadu	India
S1-54213473	Novex Innovative LLC	2505 Fm 1685, Victoria, TX	US
S1-325124278	Leggett, Evangelista & Bell, LLC	244 Woodlawn Avenue, Saratoga Springs, NY	US
S1-269374880	Hts Textile	B-1, 602, Klj Greens, Pocket-A Sector-77, Greater Faridabad, Faridabad, Haryana	India
S1-144016644	Continuum & Co	3551, Bz Thathara, Ra Moha Aa Reha, Amritsar, Punjab	India
S1-642282198	Cypress Goldman Inc	616 Porter Hill, Unit 168, Youngsville, NC	US
S1-172453620	Allie Coombes Mortgage LLC	34115 Wilsonville Road, Newberg, OR	US
S1-778208730	Bailey's First Design LLC	67 Kristin Lane, Smithtown, NY	US
S1-223582127	Gulf Delta Petroleum Inc	Stillwater, OK, Unit # B, 2012 Boomer Road	US
S1-136933096	Preferred Atlantic Minerals, LLC	1020 Peace Street, Unit R 6, Raleigh, NC	US
S1-661675873	Stetter & Jimenez Spade Inc	1430 Woodline Drive, Bldg 22853, Marysville, OH	US
S1-898345403	Unified Education Union	4114 Underwood Road, Yale, OK	US
S1-819483366	Lara Premier Purecycle Corp	780 Perine Street, Elmira, NY	US
S1-425640961	Avis Cantu Global Commodities LLC	400 8th Street, Unit 403, Washington, DC	US
S1-673974853	Oncology Health	102 Blacklist Way, Unit 2, Coosada, AL	US
S1-837883259	Pioneer Talent Alliance Inc	10229 Cannarti Drive, Charlotte, NC	US
S1-421418713	Universal Logistics LLP	Vill. Dubaki, P.O. Dawatpur, Fatehpur, Uttar Pradesh	India
S1-418849995	Infra Law Chambers	D-98 Okhla Industrial Area, New Delhi, South Delhi, Delhi, Phase - 1	India
S1-369985982	Ramirez Connection, L.L.C.	CT, 31 Surrey Drive, Newington, Unit C1	US
S1-136481301	Malappuram (india) Private Limited	18/409B Valluvambram, Malappuram, Malapuram, Kerala	India
S1-711039192	International Developers Pvt Ltd	State Bank Of India Building Bishanpur Chowk, Samastipur, Bihar	India
S1-509510761	Clear's Pub Inc	125 Scannell Road, Unit Apartment 2, Ghent, NY	US
S1-669154009	Zitella G. Jackson, D.O., PC	1679 Main Street, Pleasant Valley, NY	US
S1-276595601	All Infra Private Limited	H 124 Raheja Vedanta, Sector 108, Palam Vihar, Gurgaon, Haryana	India
S1-31039157	The Dent Bike Shop Inc.	7801 5th Avenue, Seattle, WA	US
S1-576626541	Veex	Cleveland, 4396 Metropolitan Drive, OH	US
S1-219672719	Beauchamp, Rice & Henderson	472445 610 Road, Watts, OK	US
S1-958234688	Caryn Hackman Royalty Corporation	3617 Shamrock Drive, Toledo, OH	US
S1-27176332	Kumhar (Near Railway Gumti) Projects Ltd	Sharda Lok Sandalpur, Kumhar (Near Railway Gumti), Patna, Bihar	India
S1-447531347	Direct Payroll Union	618 17, Rockland, NY	US
S1-737765929	Pediatric Dentistry National Care LLC	90 Sycamore Street, Hempstead, NY	US
S1-76146608	Haveli Flour Private Limited	Unit No. 701 Aquila Apartments Plot No 101, Anand Park, Haveli, Pune, Maharashtra	India
S1-416083364	Frontier Pediatrics Inc	Chicago, IL, 8046 Saginaw Avenue	US
S1-661357533	Heartland Range	4285 Lake Road, London, OH	US
S1-380356603	Ayka Cargo Private Limited	7, P.K. House, Behind M. J. Library, Off Ashram Road, Ellisbridge, Ahmedabad, Gujarat	India
S1-222212786	Ventures Axiom Movers Private Limited	Chennai, Rangoon Street Thousand Lights, Tamil Nadu, Chennai, New No 132	India
S1-998045431	Dynamic Logistics Worldwide Co	8700 Keswick Drive, Unit APT 215, Spotsylvania County, VA	US
S1-896721414	Visionary Heights Private Limited	Sf 209, Mgs, Sector 27, Sonipat, Haryana	India
S1-480312891	Gaya Automobiles Pvt Ltd	Beri Complex, B.N Jha Road Near Balaji Diagnostic, Kotwali, Gaya, Bihar	India
S1-118378550	Maressa King Ashford	134-18 Northern Boulevard, Flushing, NY	US
S1-380871367	National Transportation P.C.	3608 Wellesley Avenue, Spokane, WA	US
S1-369757256	Monster Traders Pvt Ltd	Indore, Shop No. 301 18 Kibe Compound, Madhya Pradesh	India
S1-427602960	Vision Builders Private Limited	610, Binori B Square-3, Near Tradebulls, Sindhubhavan Road, Ahmadabad City, Ahmedabad, Gujarat	India
S1-477867902	Code Institute of Technology	Flt No C 117, Hilton Tower, Mahakali Caves Road, Shere Punjab Colony Near Maruti Temple, A, Ndheri E, Mumbai, Mumbai City, Maharashtra	India
S1-33303071	International Agro LLP	A-3/4 First Flooracharyaniketan Mayur Vihar Phase I, Delhi, East Delhi, Delhi	India
S1-358751126	Straight Edge Pub	75 Robin Hood Lane, Jackson, TN	US
S1-23204173	Prosperous Farms Private Limited	Meghwalo, Ka Vas, Dhani Bazar, Barmer, C/O Prem Boss, Rajasthan, Barmer	India
S1-533202372	Noviq Mercury LLC	5600 Eisenhower Drive, Hutchinson, KS	US
S1-769619488	Fontenot and Eppard Franklin	1385 Cross Street, Salem, OR	US
S1-591862549	APV Telecommunications Pvt. Ltd.	601, Ratanjali Square, Prernatirth Derasar Road Satellite, Ahmadabad City, Ahmedabad, Gujarat	India
S1-277796692	Link Vehicle Pvt. Ltd.	252-B, Lower Ground Floor, Office No.-10-A Prince Plaza, Sant Nagar, East Of Kailas, H, New Delhi, Delhi	India
S1-296223975	Joy's Dental	9319 Longwood Drive, Acton, TX	US
S1-457044625	1703 Jefferson Boulevard Associates	1920 Oak Winds Drive, Sierra Vista, AZ	US
S1-153485613	QO Suisse LLC	470 Dollinger Drive, Romeoville, IL	US
S1-721702167	Mikaela Reay, DPM	1139 Corbell Avenue, Norfolk City, VA	US
S1-784456857	Ace Technologies	449 E, Karikkad, Kunnamkulam Thrissur, Thrissur, Kerala	India
S1-144171085	Harbor Partners Inc	658 Cedar Street, Flatwoods, WV	US
S1-754261590	Siddha & Co Partners	Shop No. 26, Cabin-2, Shivshakti Nagar, Indore, Madhya Pradesh	India
S1-971977835	Pediatric Clinic Inc	17891 Jubilee Way, MN, Lakeville, Unit Unit A	US
S1-655505077	Pediatric Dentistry American Health LLC	255 Douglass Street, Brooklyn, NY	US
S1-725763017	COK Consultant Private Limited	1726/28 F/F, Ritco Rice Palace Zere Fasil Naya Bazar, Delhi, North Delhi, Delhi	India
S1-514278589	Urology Care LLC	1628 Dorsey Lane, Castle Hayne, NC	US
S1-131321886	Raha Innovative	Fl-A2-502, Aldea Espanola, Sn -12, Mhalunge, Hn-3, 4, 5, Pune, Maharashtra	India
S1-440783542	Smith's Select Massage LLC	839 Market Street, DE, Unit APT 213, Wilmington	US
S1-859271188	Shiva Infrastructure Pvt Ltd	4-Ka-3, Jawahar Nagar, Jaipur, Rajasthan	India
S1-277319567	TQ Kunj Private Limited	Muhusha, Po Khimlasa, Tehsil Khurai, District Sagar, Madhya Pradesh, Sagar, Madhya Pradesh	India
S1-126290320	1763 Sunset Blvd Owners Corp	7642 Gordonshire Court, Indianapolis, IN	US
S1-588648301	Services My Service Private Limited	Sr. No. 84/1/1, Erandvana, Prabhat Road, Lane No. 14, Pune City, Pune, Maharashtra	India
S1-49129368	Unique Investment Private Limited	Delhi, New Delhi, South Delhi, Nehru Place New Delhi, Cbn No25 G5Osian Building	India
S1-369403284	Red Solutions Pvt Ltd	Ba Vermont, Baif Road, D 203, Gat No. 1208-1204, Haveli, Pune, Maharashtra	India
S1-888990090	Vigilance Forex	T19-305, Okas Residency, Sec-G, Pocket-5, Lucknow, Uttar Pradesh	India
S1-119666499	Nira Industries Group Care	19/1/1/4 Mukhram Kanoria Roadhowrah, Howrah, West Bengal	India
S1-746889807	Metropolitan Partners LLC	1136 New Orleans Avenue, Port Arthur, TX	US
S1-758994505	Espy's Automotive	1007 2700, Unit A, Salt Lake City, UT	US
S1-555698705	Education Association LLC	416 Griffin Road, Preston, NY	US
S1-55594665	Vanguard, LLC	517 Washington Street, Kosse, TX	US
S1-666210809	Newton Royal Paper LLC	CA, 9133 Neath Street, Ventura	US
S1-545028787	Nashville Historical Council	226 Dellrose Drive, Nashville, TN	US
S1-251778155	Highland Auto Sales	18305 Hidden Falls Avenue, Eagle River, AK	US
S1-699371665	TSN Granites LLP	Ground Floor, Gi-47, Gt Karnal Road Industrial Area, Delhi, Delhi, New Delhi, Delhi	India
S1-946467479	Ss Software Private Limited	33/36, Dlf City Phase-I, Gurgaon, Haryana	India
S1-521713985	20/20 Optical	Lee County, VA, 408 Josh Mccurry Drive	US
S1-889035041	Delight & Brothers Private Limited	Harindanga, Majherpole P. Cost, Kolkata, Parganas South, West Bengal	India
S1-700207404	Sanchez, Reggi, Ph.D., DDS PC	224 Bryn Du Drive, Granville, OH	US
S1-809282469	Classic Management Private Limited	479/3, Harchand Mill Road, Near Bhumi Market, S.A.S.Nagar (Mohali), Fatehgarh Sahib, Punjab	India
S1-877792801	Plemmons Pattana Inc	1733 Butler Road, Alabaster, AL	US
S1-564079692	Tucson Regional Tri-State Services	131 Eastern Slope Loop, Tucson, AZ	US
S1-869065324	ZY Pacific Neuberger Corp	3310 Richmond Avenue, Baltimore, MD	US
S1-823741381	Sarasiya Infraprojects Private Limited	# 12-10-587/2/B, Road No 4, Medibhavi, Seethafalmandi, Secunderabad, Hyderabad, Telangana	India
S1-5511243	Data Cargo Innovations LLC	8805 Hampton Road, Claremore, OK	US
S1-874257599	Surya Hospitality	Plot No. 17-A, Nanmangala, Road, Sabari Street, Tambaram, Kanchipuram, Tamil Nadu	India
S1-603470730	Veon Enterprises LLC	1351 Eliot Road, Franklin, TN	US
S1-550017805	Orthopedic Physicians	9500 Heights Road, Unit Unit 182, Little Rock, AR	US
S1-856718197	Crystal Lake LLC	4020 Trent Avenue, Cleveland, OH	US
S1-384554921	Riley Innovative Patriot LLC	3400 Overstory Circle, Unit 302, Raleigh, NC	US
S1-34703985	Gujarat Consultancy Private Limited	B-21, 2Nd Floor, Lajpat Nagar-Ii, New Delhi, South Delhi, Delhi	India
S1-336181930	Mandya Seed Private Limited	6Th Cross Mari Gowda Layout Mandya Karnataka Ind, Mandya, Karnataka	India
S1-6995546	South Technology Limited	Unit No 1301, 13Th Floor, Peninsula Business Park Tower B Senapati Bapat Marg, Lower Pare, L West, Mumbai, Mumbai City, Maharashtra	India
S1-246647034	Emerald Siddhi Inc	17490 Waterleaf Lane, Beaverton, OR	US
S1-897587678	Golden Immigration Private Limited	F1, Sri Krishna Apartments, 134/66, Pillaiyar Koil St, Jafferkhanpet, Chennai, Tamil Nadu	India
S1-911701525	YD Star LLC	1552 Shelley Avenue, West Valley City, UT	US
S1-151234482	Vr Polytechnic	916, 9Th Floor, Vrindavan Green, Sahibabad, Ghaziabad, Uttar Pradesh	India
S1-251644083	Minerva & Sons LLP	Office 13, 2Nd Floor, S.No.138/1, City Center, Haveli, Pune, Maharashtra	India
S1-461894353	Horne, Hans and Matias Petroleum, LLC	8425 38, Village Of Caledonia, WI	US
S1-617980209	XDV Bright Nuclear LLC	308 B Street, OK, Davis	US
S1-285451793	Constellation Earthmovers Limited	Mahua, Vaishali, Vill- Mahua Singh Rae, Tola-Mahua Singh Rae Post- Mahua, Ps-Mahua, Bihar	India
S1-877871395	Sunrise Investment Limited	H.No. 12-1-325 Dattatreya Nagar, Hyderabad, Telangana	India
S1-159871837	Dynamic Municipal	Indianapolis, IN, 8510 Castle Ridge Lane	US
S1-404181363	Strategic Empire Brewing LLC	7638 State Route 38, Bldg 6279, Irwin, OH	US
S1-298366598	Bastion LLC	9224 Hazelwood Court, Pevely, MO	US
S1-757327548	Quality Supply Union Inc	167 Green Hill Road, Middlebury, CT	US
S1-524433736	Lavina Poe Nevada LLC	1921 Chick Road, Darien, NY	US
S1-316781167	Life Services Private Limited	1-18-8, New Mondha, Nanded, Maharashtra	India
S1-521683395	Krishna Tech Private Limited	Office No 1, Fourth Floor S No 177/1, Hadapsar, Pune, Maharashtra	India
S1-319200321	Noida Finloan Private Limited	C-90, Sector 65, Noida, Gautam Buddha Nagar, Uttar Pradesh	India
S1-943284966	Sidhsilver Wind Pvt Ltd	16 Atharva Girish Co Ophsg Society Warje, Pune, Maharashtra	India
S1-40748805	Moyer, Leake and Ulmer LLC	1959 Harrison Street, Paducah, KY	US
S1-302460878	Lewis Fortune LLC	TN, 2948 Harris Circle, Memphis	US
S1-5643650	Foundation Anb Apparels Ltd	C/O Kongatil Rajagopalan, 31, Hill Gardens, Anchery, Thrissur, Kerala	India
S1-992567987	Kirbie's Creative Transport	17200 Bell Road, Unit 1701, Surprise, AZ	US
S1-618472684	Om Manager Limited	No 1 Infantry Road Corporation Main Building Cantonment Opposite To Bsnl Office, Vellore, Tamil Nadu	India
S1-120199276	Red Food Private Limited	Fl 14, Tirumala Residency Sn 9 Hissa No 2/7, Dhayari, Pune, Maharashtra	India
S1-678601499	Classic Technologies Private Limited	E-3 Senior Mig, House No.2, Near Ganesh Mandir, Arera Colony, Huzur, Bhopal, Madhya Pradesh	India
S1-860787094	Sarvagya Brothers Limited	Flat No.4, Ground Floor, Tower No. 22, Paras Tierea, Gh-01, Sec-137, Noida, Noida, Gautam Buddha Nagar, Uttar Pradesh	India
S1-60231304	Keystone Complete Zeo	TX, Acton, 3200 Fountain Way	US
S1-163922727	Lookline Flat Private Limited	Near Khandagiri, Khordha, Bhubaneswar, Plot No - 68 Dharam Vihar, Orissa	India
S1-377093431	Desert Clough LLC	3524 13, Greene, NC	US
S1-830462478	Mebriex Grade, Inc	513 River Street, Benton, AR	US
S1-814226008	Corner Barbershop!	18235 Lisbon Road, City Of Brookfield, WI	US
S1-571638310	Signature Transit Concepts PC	19912 Desmond Court, Farmington, MN	US
S1-67703602	Nat Bihari Limited	Plot No 54, Sri Sai Ganesh Colony, Patancheru, Medak, Telangana	India
S1-941897917	Clear Insurance Alliance, LLC	77 Oak Street, Westerly, RI	US
S1-938557928	Sun Properties Private Limited	Maharashtra, Kolhapur, 23/5 Tatyasaheb Korenagar Morewadi, Kolhapur	India
S1-134684888	61/93 Lionheart Inc	16 Main Street, Danville, IN	US
S1-788453778	Jain Enterprises Private Limited	Shibu Nivas, Thazhe Punnaninna Thirupuram P.O, Thiruvananthapuram, Thiruvananthapuram, Trivandrum, Kerala	India
S1-400095998	Cozy Coffee	1225 Gurley Loop, Buncombe, IL	US
S1-893273750	Om Estate Private Limited	Village-Mile, P.O.- Bhairopur, P.S.- Bidupur, Bidupur, Vaishali, Bihar	India
S1-924565256	White Apartment, LLC	546 Blair Avenue, Cincinnati, OH	US
S1-676349283	Howell Aldabra	CA, 3990 Spica Way, Vandenberg Village	US
S1-267049102	Jain Engineering Private Limited	1St Floor, Flat No. 1B 9/3A Gariahat Road, Ballygunge, Kolkata, Kolkata, Howrah, West Bengal	India
S1-894269774	Jai Academy LLP	Unit 7B, 7Th Floor, 41 Shibtolla Street, Posta, Kolkata, Kolkata, Howrah, West Bengal	India
S1-424709576	Pediatric Care	Monmouth, 826 2nd Avenue, IL	US
S1-865420355	Bharat Projects Limited	Begusarai, C/O- Amit Sahani Village- Bara, Ward No. 02, Block- Khuda, Bandpur, Bihar	India
S1-884526854	Products Enviro Automobiles Pvt Ltd	New Delhi, West Delhi, F/Floor, Front Side Portion, Village Peeragahi, Plot No. 487/36, Delhi	India
S1-492241211	Hari Logistics Private Limited	Room No. 1, 2/160 R.H.B. Colony, Goverdhan Villas, Udaipur, Rajasthan	India
S1-594685520	Coralie Franceschini Hills	1110 112th Street, Chicago, IL	US
S1-844005338	Best Modern Infotech Limited	H.No. 6-3-1093, Ug 5, V.V'S Vintage Boulevard, Rajbhavan Road, Somajiguda, Hyderabad, Telangana	India
S1-860403048	Transcontinental Media Brands Inc.	1334 Buell Avenue, Joliet, IL	US
S1-886604310	Ia Township Ltd	Flat No. 2802, 28Th Floor, Block -B, Tower No. Ii, My Home Bhooja, Hyderabad Knowledge City, Raidurgam, Hyderabad, Seri Lingampally, K.V.Rangareddy, Telangana	India
S1-992735302	Scism Preparatory Academy LLC	203 Brentwood Drive, Cedar Falls, IA	US
S1-805372569	Dacia's Advisors	8230 Summa Avenue, Baton Rouge, LA	US
S1-714440011	Lakshmi Construction Private Limited	Village - Paraspur, Post-Paraspur, Gonda, Gonda, Uttar Pradesh	India
S1-734422985	My Care Private Limited	H. No. 608/8, Krishna Street No. 9 Maujpur, Delhi, East Delhi, Delhi	India
S1-586450663	Raghukul India Private Limited	C/O-Ajit Kr Banerjee, Karunamoyee Hoshing Asl, Barabani, Bardhaman, West Bengal	India
S1-847741024	All Technology Pvt Ltd	Sri Sunil Kumar, S/O Ashari Singh, H.No. 727, Sanjay Nagar, Karbigahiya, Patna, Bihar	India
S1-983154592	Custom Delta Great	8 Pine Street, Middletown, NY	US
S1-847044757	Dotcom & Sons Pvt Ltd	Room No Np 10 318A, Chettiyamkandiyil, Kozhikode, Kerala	India
S1-720777938	Surat City India Private Limited	5Th Floor, Office B-503 To 506, Apex Commercial Centre, Surat City, Surat, Gujarat	India
S1-340781146	Classic Properties Private Limited	H.No 107, Teg Colony, Patiala, Punjab	India
S1-74632256	Autism Assistance Ministries Inc	TX, 8030 Beauxart Gardens Road, Nederland	US
S1-706174262	Cozy Ice Cream	6559 Forest Creek Drive, Denver, NC	US
S1-407922054	Trusted Choice Solana LLC	14 Stevens Street, Oakfield, NY	US
S1-556618088	Peridara Post LLC	254 Needham Drive, Smyrna, DE	US
S1-222790248	Systems Bhk Management Private Limited	Plot No 74, D.No 8, 23Rd Cross Street, Padmavathy Nagar Extension, Tambaram, Kanchipuram, Tamil Nadu	India
S1-739078905	Floria Stant Portfolio LP	AL, Brundidge, 410 Leona Place	US
S1-364028913	BIU Retreat Private Limited	6/23, Bengal Ambuja City Centre Durgapur, Durgapur, Bardhaman, West Bengal	India
S1-518942171	Universal Ventures Limited	2 Shaheed Park, Etah, Uttar Pradesh	India
S1-442054540	H & S Architecture LLC	12210 400, Mattoon, IL	US
S1-106138150	Select Metropolitan Bain L.L.C.	7 Stone Hedge Drive, Lancaster, NY	US
S1-162510200	Tirupati Estate Private Limited	8/108 Vill-Mehram Nagar, Near Chopal, New Delhi, South West Delhi, Delhi	India
S1-395392795	Halcyn Restaurant, LLC	300 Everly Brothers Boulevard, Unit ROOM 219, Central City, KY	US
S1-360877297	JXW Spade, LLC	3209 11th Avenue, Pine Bluff, AR	US
S1-649238538	Desert Family Practice LLC	TX, 1513 Etain Road, Irving	US
S1-191589302	Cobalt	N7530 Edgewater Drive, WI, Town Of Westford	US
S1-431301283	Great Program LLC	790 Cougar Drive, Eagan, MN	US
S1-575158044	FVR Ventures Private Limited	Plot No.190, Sy No. 327 Paiki(Old) 602&605 (New) Ts No 1, 4 Blockc & Ts No10 Blockg, Shaik, Pet Villag, Hyderabad, Rangareddy, Telangana	India
S1-161921922	Office of Labor	16114 Onda Mountain, West Fork, AR	US
S1-15749315	Sns Infrapromoters Private Limited	East Nimar, Ward No.2, Goul, Karoli, Punasa, Madhya Pradesh, Kh. No. 543, Khandwa	India
S1-423276114	Kronos Lift Ltd	B-1401, Mondeal Heights, Nr. Wide Angle Cinema, Ahmadabad City, Ahmedabad, Gujarat	India
S1-189583682	Bangalore Conferences Clinic	294, C.K Palya Cross, Superintendent Dinne, Bannerghatta Road, Gottigere Post, Bangalore, Karnataka	India
S1-843400203	Adarsh Polytechnic	Unit No 404, 4Th Floor, B-Wing, Maruti Chambers, Veera Desai Road, Near Yash Raj Studio, Andheri West, Mumbai, Maharashtra	India
S1-472695874	Ns Organics Private Limited	Plot No 737 (P)Jayadev Vihar Nayapalli, Bhubaneswar, Puri, Orissa	India
S1-176164882	Legacy Apparel Networks LLC	72 Baker Road, AR, Glenwood	US
S1-422911882	Puja (India) Amma Pvt Ltd	887, Thirthankara Marga, Mysore, Karnataka	India
S1-290151219	Alpha Builders Private Limited	A-207Shyam Kamal Tejpal Rd Vile Parle (E), Muambi, Mumbai, Maharashtra	India
S1-447320565	S & W Rmg LLC	14916 54, Wayne, NY	US
S1-457241467	Carter & Barnes LLC	1016 Fair Meadow Way, City Of Onalaska, WI	US
S1-504668450	Unified Harbor Manufacturing Corp	630 Locust Street, Centralia, IL	US
S1-584717342	Pediatric Dental Health	83 Cambridge Parkway, Unit 205, Cambridge, MA	US
S1-7040620	Eye Signature Care LLC	28 Scarlet Lane, Springfield, IL	US
S1-788744989	Pune City Equipments Corp	Pune City, Pune, Sno-16/2/4, Palladium Homes, Flat No-C-1002, Maharashtra	India
S1-685093344	Deleon Clean Stifel LLC	Spotsylvania County, VA, 15305 Red Oak Lane	US
S1-140915305	Whale Industries Group Private Limited	Hno 2/1B Sno 9 Gujarwadi, Rd. Nibalkarwadi, Katraj, Pune City, Pune, Maharashtra	India
S1-402860122	Virat Allied LLP	Sixth Floor - 610, Lilamani Corporate Heights, Near Brts Bus Stop, Vadaj, Ahmedabad, Gujarat	India
S1-677368911	Regal Schwab Inc	6442 Franconia Court, Fairfax County, VA	US
S1-491326329	Redmond Memorial Legacy Program	16209 112th Court, Redmond, WA	US
S1-379182528	RFY Digital Limited	Ahmedabad, Gujarat, Opp. Naroda Champion, Gf Shop No. 35 Vithhal Plaza	India
S1-216234962	Peak Commercial Collective Inc.	13 Highland Circle, MA, Needham, Unit B	US
S1-635098938	Stanton Quality Networks PC	133 Dahlia Drive, Carmel, NY	US
S1-854054479	Pine Hall Clear Odyssey	1401 Ridge Road, Pine Hall, NC	US
S1-56989020	Travis Aimei LLC	331 Railroad Street, Lovington, IL	US
S1-180397004	Kiran Travels Partners	No.779, 4Th C Block, Koramangala, Bangalore, Karnataka	India
S1-23379815	Blue Silver Rice	416 Jefferson Street, Mangum, OK	US
S1-36482646	Nexora Cap Private Limited	C/O.Secretary Mgm Medical College, J-1 1St Flr, Mgm Medical Clge, Purab Pali Road, Kishanganj, Bihar	India
S1-892718533	Brown, Rivera & Amador Allocation Partners	16 113th Street, Chicago, IL	US
S1-793438971	Prime Food Private Limited	29 Vijayanagar Colonydhanajay Sadashiv Peth, Pune, Maharashtra	India
S1-766271252	ZH Care	5965 Harrisburg Georgesville Road, Unit 245, Grove City, OH	US
S1-59417945	Berry Hospital of Tripunithura Private Limited	Thiruvonam, Rlv Up School Road, Tripunithura, Ernakulam, Kerala	India
S1-980390394	Noel Murphy Shore	216 Brittany Lane, Belleville, IL	US
S1-774886240	Star Enterprises Private Limited	Vishakhapatnam, D No 15-2-4, Bank Colony, Prasanthi Nagar 1St Lane, Narsipatnam, Visakhapatnam, Andhra Pradesh	India
S1-754985634	Ncr Clinic	Nashik, Shop No. 04, Maharashtra, Shreeji Aradhana Opp Church Wadala Pathardi Road, Nashik	India
S1-433727669	Township Of	19602 Bonney Lake Boulevard, Unit #P101, Bonney Lake, WA	US
S1-344061713	Gangiya Twenty Corporation	17/3C Dhana Koti Raja Street, Ekkattuthangal, Chennai, Tamil Nadu	India
S1-460626113	Seven Trading Pvt Ltd	No 3 Friends Flats 4Th Main 4Th Cross Aecs Layout Sanjay Nagar Geddala Halli, Bangalore, Karnataka	India
S1-915653405	Shiven Design Partners	4/A, Floor - Grd, Recondo Compound, Sudam Kalu Ahire Marg, Glaxo, Worli Colo, Ny, Mumbai, Mumbai City, Maharashtra	India
S1-366961206	Green India Pvt Ltd	Kanchipuram, No 219, Metro Vengambakkam House Site, Vandalur, Chennai, Tamil Nadu, Chengalpattu	India
S1-371109556	Swastik Golden Enterprises Private Limited	6 Arvind Complex 25/6/1/1Hingne Khurd Vitthalwadi, Pune, Maharashtra	India
S1-423325965	Unique Best Services Pvt Ltd	Abhay Park Society, Near Sabarmati College, Sabarmati, Ahmedabad, 15, Gujarat	India
S1-464054746	Sunrise Energy Private Limited	R2/49, Govindraj Sadan Shyam Nagar, Latur, Maharashtra	India
S1-562483211	Choice Jaws	215 Atlantic Avenue, Henry, TN	US
S1-41581715	Legacy Tactical LLC	4351 Deer Forest Road, Suffolk City, VA	US
S1-337466930	Ss Foundation Private Limited	Bhopal, F-11 Plot 206 Ist Floor Sirish Ticomplex Mp.Ngr Zone I, Madhya Pradesh, Bhopal	India
S1-982572058	Courtenay's Studios	317 35th Avenue, Great Falls, MT	US
S1-544234524	Roopavi Technologies Private Limited	Thiruganasambandar Streetthiruvalliswarar Nagar Thirumangalam, Tamil Nadu, Chennai, 169	India
S1-358679933	Spice Solutions Limited	No.128, Madurai Roadaundipatti Aundipatti, Aundipatti, Tamil Nadu	India
S1-813206674	Gross, Zora B., CPA	16 Lasalle Street, Elsah, IL	US
S1-258356187	Weiser Youth Institute	522 Main Street, Weiser, ID	US
S1-345422778	Startup Ecommerce Private Limited	Plot No.22, Ground Floor, Pocket F-1, Rohini, Delhi	India
S1-881597990	Essar International Private Limited	175/J Manicktala Main Road, Kolkata, Howrah, West Bengal	India
S1-961185762	Silva and Shipman LLC	6969 Levin Dashiell Road, Hebron, MD	US
S1-360605570	2882 Madison Boulevard Partners	35512 Sunset Bay Drive, Deer River, MN	US
S1-998643184	Macedo Valley Lionheart	104 Oak Forest Lane, Dallas, Unit H, NC	US
S1-294122620	Indian Finance Private Limited	532 7Adigaratty Post Coonoor, The Nilgiris, The Nilgiri, Tamil Nadu	India
S1-682740229	Superior Briacell LLC	6603 Katarani Drive, Houston, TX	US
S1-268581045	Surya Engineering Private Limited	No. 7, Bellary Road, Gangenahalli, Bangalore, Karnataka	India
S1-541785695	AG Fresh Printing LLC	8424 Ned Avenue, Baton Rouge, LA	US
S1-779954871	Strategic Harbor Mortgage	2934 El Charro Place, Albuquerque, NM	US
S1-281755114	GM Knowledge Company	R K Iconic Office B 725, Nr. Ayodhya Chowk, Rajkot, Gujarat	India
S1-704010386	Pediatric Modern Associates Inc	243 Newton Street, Unit 2, Boston, MA	US
S1-514604162	Parra Nexpoint LLC	5809 Indianwood Lane, Fort Worth, TX	US
S1-937822241	Black Infra Pvt Ltd	Opp.Old Bpcl Petrol Bunk Road Near Ksrtc Bus Stand Shidlaghatta, Chikkaballapura, Kolar, Karnataka	India
S1-905263981	Hari Black Trading Limited	No-28 Bhagwanpur, Muzaffarpur, Bihar, Krishna Complex	India
S1-694242701	Chintamani Media	South Delhi, Near Kukreja Farm, Jonapur, New Delhi, 56/6/1, Delhi	India
S1-825828879	Tri-State League V	WA, 10858 218th Street, Kent	US
S1-615641643	Congregation Cathedral	2461 Eugene Reed Road, Woodbury, TN	US
S1-900266870	Thane Nidhi Private Limited	Thane, Maharashtra, F No 313/314, Guru Shrushti Apt, H.M. Road, Kalyan East, Piswali	India
S1-519403451	Ram Marketing Private Limited	Delhi, F-225A Sainik Farms, New Delhi, South Delhi	India
S1-365450541	Granite LLC	AZ, Phoenix, Unit 1050, 5151 16th Street	US
S1-385503077	Z 9 Q Douglas Inc	4908 Bayard Boulevard, Bethesda, MD	US
S1-233007363	Majestic Vidyalaya	B-111, Sumel Business Park 7, Near Soni Ni Chali, Rakhial Road, Ahmadabad City, Ahmedabad, Gujarat	India
S1-433766724	Walker, Konecny & Arnold	Needham, MA, 29 Coulton Park	US
S1-470837671	Agra Pharmaceuticals Private Limited	Delhi, J-12 Uttam Nagar, West Delhi, New Delhi	India
S1-773684229	Rapid National Made, Inc	3202 Trigg Street, Amarillo, TX	US
S1-979332003	Woodapple & Brothers Co	H.No. 6-7-63/C, Netaji Nagar, Katedan Katedan, Rajendranagar, Hyderabad, Rangareddy, Telangana	India
S1-205140592	Balan Producer Private Limited	Ii/01 Menon Parambu Near Palliyarkkavu Temple, Kavalam, Alapuzha, Alappuzha, Kerala	India
S1-895480179	Pediatric Center LLC	IL, Roselle, 94 Portwine Drive	US
S1-226182978	Perez Sterling House LLC	222 Massee Drive, Dothan, AL	US
S1-806813364	Otm Craft Private Limited	Knowledge Centre, Street No. 17, M.I.D.C. Andheri (E), Mumbai, Maharashtra	India
S1-410428114	Robinson & Stevens, Inc	Stoneville, NC, 4166 Settle Bridge Road	US
S1-636606349	Continental Platforms LLC	WI, Town Of Cooperstown, 16202 Keehan Road	US
S1-392743694	Britte P. Garcia, O.D., DDS PC	126 Hilliard Street, Unit 511, Atlanta, GA	US
S1-947200453	Vision Clinic LLC	104 Forbes Street, Unit 203, Annapolis, MD	US
S1-605113595	Browning Secure Fields	MN, 13215 56th Avenue, Plymouth	US
S1-507066405	Caldova Alternative Inc	13092 Riesling Drive, Rancho Cucamonga, CA	US
S1-435261305	Trusted Construction Studios	55 County Road 5007, Cleveland, TX	US
S1-677168024	Big Logistics Limited	Hotel Emperor 10/345-B, Ambayathode, Thamarssery, Kozhikode, Kerala	India
S1-818654914	Foot & Ankle Clinic Inc.	9 Blue Water Circle, Sacramento, CA	US
S1-641789731	Winterton Dental Associates LLC	1801 16th Street, Altoona, PA	US
S1-721576895	Sonepat Logistics Private Limited	H. No. 695/31, Gohana Road, Ashok Vihar, Sonepat, Haryana	India
S1-921736544	Tri-State Medical Center Inc	740 Faith Drive, Salina, KS	US
S1-415578787	Guru Agro Private Limited	601, 6Th Floor, Lotus Vakola Chs Ltd. Aaram Society Road, Thakkar Park, Santac, Ruz (E), Mumbai, Mumbai City, Maharashtra	India
S1-273025898	Smith Marshall L.L.C.	3077 Carroll Hill Road, Lewisburg, WV	US
S1-840074157	Dhapa Securities Private Limited	L/9B West Chowbaga, Kolkata, Dhapa, South 24 Parganas, West Bengal	India
S1-896109336	Lee Royal British LLC	591 Smith Road, Smithfield, NC	US
S1-662939289	Tri-State Veterinary Clinic	4418 Rosedale Street, Unit #25, Gig Harbor, WA	US
S1-12075135	Prime Construction Industries LLC	407 Sycamore Street, Unit D, Clarkston, WA	US
S1-277276936	Sotech Pembina PC	809 Seminole Avenue, Tucson, AZ	US
S1-557926513	Chennai Export Private Limited	No.12, Saradambal Street, Gokulam Colony, T Nagar, Chennai, Tamil Nadu	India
S1-67212931	Advanced Strategic Equipment LLC	14823 Vail Avenue, Harvey, IL	US
S1-471833939	Nms Traders Corp	At- Shahmarket, P.S: Kotwali Bhagalpur Khalifabagh, Bhagal Pur, Bihar	India
S1-255644168	Huggins Commerce	4539 Underwood Drive, Redding, CA	US
S1-340767126	Blue Agency Private Limited	House No 2236-B Behind Ganesh Furniture T R P Nachane, Ratnagiri, Maharashtra	India
S1-505371001	EW Builders Private Limited	401, Confident Vega Iii, Vinpy Nagar Paravattani, Thrissur, Kerala	India
S1-819320296	Federal Payment Labs, LLC	8853 Ahmed Avenue, Elk Grove, CA	US
S1-196124805	Transformers & Brothers Care	303, Himland House, D-5, Karampura Commercial Complex, New Delhi, South Delhi, Delhi	India
S1-840338912	Mclaughlin's Empire Publishing PC	1720 Walnut Street, Shawnee, OK	US
S1-487357820	Jillane Valentine Security LLC	2104 Red Barn Road, Christiana, TN	US
S1-607280488	Empire Committee	1403 Roosevelt Road, Little Rock, AR	US
S1-192377556	Calvin Services Private Limited	Building L-1, Ground Floor, Shri Rajlakshmi Textile Park, Pogaon, Thane, Maharashtra	India
S1-697216285	Himalaya International School Corp	Chennai, No:14, Hadoows Road Nungambakkam (Ngm), Tamil Nadu	India
S1-573427830	Wildlife Network	5587 Fox Chase Drive, Hokah, MN	US
S1-331873768	Pediatric Crystal Associates	1473 Bayfront Street, Accomack County, VA	US
S1-465483754	Vistar India Center	Maharashtra, Santacruz (West), Ground Floor, Shobhana Bldg., Tilak Road, Near A Sha Parekh Hospital, Shop No.2, Mumbai	India
S1-448913923	Creative Institute of Technology Pvt. Ltd.	Plot No.- 4111 4111, Anand Vihar, Bhubaneswar, Khordha, Orissa	India
S1-404678575	Al Consultants Pvt Ltd	Flat No B-504, Green Heritage Sidheshwar Nagar, Nehru Nagar, Patna, Bihar	India
S1-391367014	Laryssa Lewis Opportunities Inc	3551 Us Highway 127, Signal Mtn, TN	US
S1-182806901	Perfect Solutions Limited	Girija Bunglow Near Goda Park Sahadev Nagar, Nashik, Maharashtra	India
S1-446374322	Shyama & Sons Pvt. Ltd.	B-806 Bhavya Green Luxuri, Pump Near Skit College Ja, Jaipur, Rajasthan	India
S1-540577628	Pera, Schoof & Messier	Hunter, KS, 202 Victor Street	US
S1-724260642	NK Prime Strategies LLC	2424 Honey Grove Lane, TN, Knoxville	US
S1-370712658	Edenfield Commodity	2168 Hitching Post Lane, Schaumburg, IL	US
S1-412551600	Orbance Altisource	325 Enchanted Forest Road, Seeley Lake, MT	US
S1-498207109	Producer Areva Academy Pvt Ltd	House No.69, Sector C Shrinath Puram, Near Hadi Rani Circle, Kota, Rajasthan	India
S1-260746973	Strategic Aspac	1103 Young Place, High Point, NC	US
S1-298601510	Skowron Blue Farms LLC	8529 170th Street, Douglas County, NE	US
S1-365827531	Claudetta G. Ferreira, CPA, M.D., P.C.	105 1st Street, Odessa, WA	US
S1-867998778	Premier Sunrise International Private Limited	House, 40/445, Mamangalam, Palarivattom P.O, Ernakulam, Ernakulam, Kerala	India
S1-232277944	Balaji Finance Private Limited	Signature Island, G-Block, Bkc, Plot Nor1-2/3, Maharashtra, B/1302, Mumbai	India
S1-706532794	Flanders Seas, LLC	4153 Archer Avenue, Chicago, IL	US
S1-205348400	Ladonna A. Qualls, P.A.	NC, 374 Ruritan Park Road, North Wilkesboro	US
S1-908044271	Keystone Municipals LLC	327 Penny Road, Unit BLDG, Wenatchee, WA	US
S1-293970681	Bangalore Realtors Private Limited	No.158, 22Nd A Main, 1St Cross, Padmanabhanagar, Bsk 2Nd Stage, Bangalore, Karnataka	India
S1-154363926	Hewett Pediatrics LLC	15825 21st Avenue E, OK, Skiatook	US
S1-573207724	Diamond Investment Systems Inc	123 Barkwood Drive, Wadsworth City, OH	US
S1-538575704	Wang Argentina Inc	117 Lynnhaven Road, City Of Madison, WI	US
S1-901686334	Teotia Builddev	No. 20 1St And 4Th Floor Lakshmi Plaza Krishnanagar Industrial Layout Hosur Roa, D, Bangalore, Karnataka	India
S1-256667363	W+ Mission Corporation	2841 281, Baird, TX	US
S1-383136037	Quirino & Skidmore Mckinley	1889 Hart Street, Ridgewood, NY	US
S1-367000671	Solana	677 Curry Road, Augusta County, VA	US
S1-901201783	High Industries Private Limited	A 1107, East Face, Bh Atul Maruti Showroom, Daskroi, Ahmedabad, Gujarat	India
S1-967146650	Express Design Holdings PLLC	717 Winterhaven Drive, Rocky Mount, NC	US
S1-743565180	Three Distributors Pvt Ltd	701/21, Street No. 10, Madanpuri, Sadar Bazar, Gurgaon, Haryana	India
S1-557122457	El (India) Packs Limited	8-90/55/1, East Balaji Hills, Boduppal, Habsiguda, Hyderabad, Rangareddy, Telangana	India
S1-927827174	Tiva Inc	63619 Old Deschutes Road, Unit Suite 100, Bend, OR	US
S1-152896439	2688 Madison Ave Owners Corp, LLC	8390 Kelzer Pond Drive, Victoria, MN	US
S1-104621595	Gao Capital L.L.C.	9203 Dawn Avenue, Kansas City, MO	US
S1-137403022	Pune Foundation Private Limited	3/5, Kumar City, Kalyani Nagar, Pune, Maharashtra	India
S1-503227865	Gentile Great Pimco Corp	429 Kingscote Lane, Henrico County, VA	US
S1-732732128	Anchor Colonial Genetics Co	55 Mckinneytown Road, North East, MD	US
S1-426137654	Pediatric Dental Center LLC	14302 Little Rocky Mountain Court, Fairfax County, VA	US
S1-727157453	Southern Guru Food Limited	No.677, 1St Floor, Suite #215, 27Th Main, 13Th Cross, Sector 1, Bangalore South, Bangalore, Karnataka	India
S1-329138290	Zuniga Perfect LLC	1130 Cornflower Way, Manlius, NY	US
S1-348002786	Roussel, Scott & Mendez	1619 Diamond Loop, Fl 1, Lacey, WA	US
S1-309827824	Metro Institute	7121 Gavin Drive, Indianapolis, IN	US
S1-722865866	Drayance Madison LLC	915 370, Logan City, UT	US
S1-668839956	Timber Inc	16606 Swanson Road, Upper Marlboro, MD	US
S1-44397798	Morris and Bliss	7202 Donald Avenue, Cleveland, OH	US
S1-941726024	Hunger Trust Inc.	5781 Hoover Falls Drive, Unit 301, Columbus, OH	US
S1-60863667	My Balaji Energy Private Limited	No-167, Karuppa Gounder Street, Coimbatore South, Coimbatore, Tamil Nadu	India
S1-50216702	Tech Vision Finance Private Limited	S/O Sh Kanwar Lal Yadav Prop In Kh No.- 44/4 5 27 First Floor, Kapashera, New Delhi, Delhi	India
S1-24104369	Sukra Recruitment	Telangana, Hyderabad, Pl No 71 Upperpally Sog Bowli	India
S1-147177521	Jogeshwari East Consultants Private Limited	2707, 27 Flr, D-Wing, Oberoi, Splendor, Opp Majas Depo, Jogeshwari East, Mumbai, Maharashtra	India
S1-259497416	Lawson Harbor Calamos Care	662 100, Blanding, UT	US
S1-861576161	Studio 84 Diner	2704 Copper Street, Tucson, AZ	US
S1-279985885	Digital Products Private Limited	Phebe Water Solution(Opc) Pvt Ltd C/Opacking Industrycompound, Nr Rajshivalaycinema Lo, Tiyabhagol, Anand, Gujarat	India
S1-707882345	Veterans Guild	268 Columbine Lane, Shakopee, MN	US
S1-277790334	Simpson & Flaherty LLC	6050 Johnson Road, Cincinnati, OH	US
S1-413303566	Classic Energy Private Limited	W/O Anandaiah H.D Anjinap, Hanumanthapura Tumkur, Tu, Tumkur, Karnataka	India
S1-479857170	Lantern Retail Inc	7007 Cowiche Canyon Road, Yakima, WA	US
S1-323853106	Hunter Grand Glass Inc	8647 Burrell Lane, Indianapolis, IN	US
S1-316948610	Trading Far Led Pvt Ltd	No.1, Ground Flr, 7Th Crs, Cubbonpet Main Road, Bangalore North, Bangalore, Karnataka	India
S1-123298375	Krishna Southern Tech Pvt Ltd	First Flooraikya Tower Plotno:86Srikrishna Nagarnoombal, Chennai, Tamil Nadu	India
S1-856168670	Shaan Project Associates	Flat No.105, 10Th Block, Vaddepally Enclave Near Chittaramma Temple, Vivekanandanaga, R Colony, Kukatpally Hyderabad, Hyderabad, Telangana	India
S1-921400989	Sonepat Security Private Limited	196-L Model Town, Sonepat, Haryana	India
S1-434161485	Midas International School Pvt Ltd	Plot No 52, Gangandeep Hou Society, Nagpur, Maharashtra	India
S1-988045232	American Veterinary Clinic	2236 1332, Pittsburg, TX	US
S1-630046260	TE Oneim	4711 Fortitude Alley, Rockville, MD	US
S1-91334694	Seven Investments	Office No A-309, Sr. No 36/3 Amc, Avenue, Mohammadwad, Pune City, Pune, Maharashtra	India
S1-162012861	Collins Era LLC	OH, 560 Cedar Run Drive, Blacklick	US
S1-244347459	Solance Pet Care Inc	MT, Butte-silver Bow, 1511 Gaylord Street	US
S1-147212186	National Ngl LLC	23826 Northwestern Pike, Romney, WV	US
S1-303638435	Sky Services Private Limited	C/O Poonam Kishor Patkar, Flat- 2A, 702 Hema Park Chs.Ltd, Bhandup, Mumbai City, Maharashtra	India
S1-516315374	Little Ice Cream	844 Miller Road, Signal Mtn, TN	US
S1-922695915	Sterling Technocrat Limited	H No. C-223, Kh No. 62/24/1 Saini Vohar, New Delhi, West Delhi, Delhi	India
S1-288143358	Khairatabad Chits Limited	6-3-596/69, Naveen Nagar, Khairatabad, Hyderabad, Telangana	India
S1-106966123	Ujjaya Merchandise Ltd	C/O K.Vinodini, Kappachery, House Vijaya Flower Mil, Kannur, Kerala	India
S1-343264189	Vpr (India) Trends Corporation	No 2, New No 3, 2Nd Floor, Flat No 2A, Poes Road, First Street, Venus Colony, Chennai, Tamil Nadu	India
S1-361638212	Oncology Cornerstone Center	12518 3A Road, Plymouth, IN	US
S1-442302837	Vandine Origin	3116 Sheri Drive, Simi Valley, CA	US
S1-288872994	Certified Carolina LLC	2857 8 Street, Brooklyn, NY	US
S1-753138640	Hai Brothers Ltd	C/O Sitaram Chaurasia Loharpurwa Bhagwanpur, Gorakhpur, Uttar Pradesh	India
S1-887529676	CK Mall Private Limited	95L Kankulia Road, Kolkata, Howrah, West Bengal	India
S1-682679846	Desert Viii LLC	595 Rummer Road, Marietta, OH	US
S1-375001336	Chiropractic Associates Inc	Unit 16, Natick, 93 Central Street, MA	US
S1-687707424	Jalgaon Motor Pvt Ltd	M/S Ram Foods Products Private Limited At G. No 17/2, Varad Bk, Tal Erandol, Jalgaon, Maharashtra	India
S1-797774363	Hummingbird Law Chambers	Plot No. 9, Mahadev Industrial Estate Ghategar, Near Kalyan Steel Potta, Navi Mumbai, Mumbai City, Maharashtra	India
S1-236671710	Rapid Logistics Systems Inc	Chicago, IL, 2936 Warren Boulevard	US
S1-621085351	Camilla Riddle, L.C.S.W., DDS PC Group	2649 Argolis Way, Sacramento, CA	US
S1-447690712	Diamond Allied White	1323 Steele Lane, Bauxite, AR	US
S1-519547125	Dm Seva Samiti	Maharashtra, Pune, Haveli, House No.785, Survey No. 97, Near Manas Building	India
S1-479344773	Zephova Miluna LLC	13397 Caraway Drive, Sun City West, AZ	US
S1-118477314	Interstate Alibaba Inc.	407 Center Street, Unit 3FL, Meriden, CT	US
S1-83774131	G 9 Beacon Kgaa Inc	404 31st Avenue, Minneapolis, MN	US
S1-191076207	Shiksha & Sons Private Limited	D. No. 7-1-636/31, F. No. 102, Park View Apartments, Model Colony, S. R. Nagar, Hyderabad, Rangareddy, Telangana	India
S1-253979123	Madden Piedmont Super LLC	566 Portland Road, Bridgton, ME	US
S1-685565924	Advanced Quality Total L.L.C.	7134 Doris Drive, Indianapolis, IN	US
S1-736573245	Christ Community Church	1912 Calvert Street, Unit 1, Washington, DC	US
S1-566494341	Stjohn, Smith and Stark Sim LLC	505 Victory Trail, Morganton, NC	US
S1-944463422	Green Islands Associates	WV, 312 Main Avenue, Nitro	US
S1-812739621	SGF Medicine LLC	1520 Wagner Drive, Gilbert, AZ	US
S1-726810064	Preferred Medical Concepts LLC	19 Maria Street, Rochester, NY	US
S1-196512847	Mahavir Multimedia Limited	Vastu Vihar Ph-1 Hajipur Road, No 2, Hajipur, Vaishali, Bihar	India
S1-868695969	Pune Trading Private Limited	Flat No 502, Building No 1, Gn 274, Lotus Nandanvan, Moshi, Pune, Maharashtra	India
S1-554635539	Zephyr Production Private Limited	Wework Princeville, Egl, Business Park, Bangalore North, Bangalore, Karnataka	India
S1-710891317	Rosas, Skinner and Kuecker LLC	205 White Road, Mineola, NY	US
S1-769832601	Luthra Solutions Limited	F.No.-G-2 P.No.- 36 Dharam Nagar Gopalpura Bypas, Jaipur, Rajasthan	India
S1-445086453	Best Estate Pvt Ltd	Sehore, Station Road Behind Patidar Studio, Subhas Nagar, Luniya Chouraha, Madhya Pradesh, Sehore	India
S1-820751934	PTB Touch Private Limited	Khasra No. 611, 612 & 614 Village Bhaukapur, Ramgarhi, Post Benti, Harauni Road, Lucknow, Uttar Pradesh	India
S1-349763244	Family Rocky Health	474 Hart Street, Malvern, AR	US
S1-405946085	North, Karola E., Esq., PC	VA, Madison County, 426 Lester Utz Lane	US
S1-867737711	Smart Infotech Private Limited	Razack Garden, Main Road, Mmda Colony, Maduravoyal, Chennai, Cp 28, Tamil Nadu	India
S1-106307602	Dental Green Clinic	655 Mesa Drive, Unit 1104, Mesa, AZ	US
S1-545773475	Dev Indiaprivate Private Limited	3/151 Pookotteri Thazhe, Ulliyeri, Kozhikode, Kerala	India
S1-201923446	Golden Multi Limited	Wz-187 Plot No -2-B Second Floor, Near Shoe Market, Main Najafgarh Road, New Delhi, West Delhi, Delhi	India
S1-79770187	Foot & Ankle Grand Clinic	1086 Washington Street, Unit 1, Norwood, MA	US
S1-120886996	Aditi Marketing Private Limited	Plot No 1 Block C, Sector 153, Noida, Gautam Buddha Nagar, Uttar Pradesh	India
S1-133571899	Hornyak, Borgen & Wells L.L.C.	495 Bell Street, Evant, TX	US
S1-401647431	Gresham Academy	20 Stephen Drive, Newark, DE	US
S1-217071216	Brandon Enterprises	WA, 1413 Liberty Street, Lynden	US
S1-976918844	Ignited Health LLP	B-602 C-Dot Gh-2 Sec, Gurugram, Gurgaon, Haryana	India
S1-18590549	Alexander, Elizabet C., D.D.S.	8218 47th Street, Omaha, NE	US
S1-974705552	Ram Impex Private Limited	375/2, Samayapuram, Lionstown 8Th Street, Thoothukkudi, Tuticorin, Tamil Nadu	India
S1-856029821	Shyam Industries Private Limited	14-46/1029/34/East Part, A 1003 Urbanrise Siita, Ramachandrapuram, Medak, Telangana	India
S1-196063663	White Ventures Pvt Ltd	Sn-762/2/1, Shree Prasad, Tidake Nagar, Nashik, Maharashtra	India
S1-629232146	Schock, Hood & Johnson Wave PLLC	1727 Foxfire Drive, Fl 1, Olympia, WA	US
S1-301772283	Madurai-625002 Properties LLP	4B-Lalbamadur Sajtri Streetbibikulam Madurai, Madurai, Tamil Nadu	India
S1-829039542	Shiva Media Private Limited	315 Fortune Ambience, 4/2 South Tukoganj, Indore, Madhya Pradesh	India
S1-686578911	Sholar, Alisa W., Ph.D.	2109 88th Street, City Of Kenosha, WI	US
S1-203955016	Green Infra Private Limited	Bhaiyasaheb Ambedkar Naga, R, Ot Section, Kalyan, Thane, Maharashtra	India
S1-146700055	Lucknow Metal Private Limited	Flat No. B-1, Lgf, Alisha Aptt 27/6, Raja Ram Mohan Rai Marg, Lucknow, Uttar Pradesh	India
S1-220776561	United Marketing Private Limited	2B, Chintamani Apartment, Prathamesh Park, Chakankar Mala, Balewadi Phata, Baner, Pune, Maharashtra	India
S1-773381534	Gussi Roberge Elite LLC	1148 Rustic Village Road, Bedford County, VA	US
S1-25922331	Apex Constructions Private Limited	B-7/31/1, Block B-7 Safdarjung Enclave, Delhi, South Delhi, Delhi	India
S1-996305336	Rt Heights Limited	A-6 Naraina Vihar, Flat No 3, New Delhi, South West Delhi, Delhi	India
S1-770161946	Classic Net LLC	6510 G Daytona Court, Frederick, MD	US
S1-429412342	Tristar Traders LLP	B-858A, Sector 23, Gurugram, Haryana, Palam Vihar, Gurgaon, Haryana	India
S1-11510172	Support Academy Limited	Room No. 1C, Dream Palace, Opp. Bhai Bhai Sporting Club, Hatiara More, Ps. Eco Park, Kolkata, North 24 Pgs, North 24 Parganas, West Bengal	India
S1-396887487	Blegen, Leis & Dillard Sciences Inc	2414 Allendale Circle, Lenoir, NC	US
S1-980995247	LPO Advisors Ltd	Office No.401 Morya Land, Mark Ii Opp Infinity Mall, Mumbai, Maharashtra	India
S1-932808595	Kane Bold LLC	660 4H Road, VT, Derby	US
S1-629905388	Dowling and Jones River	17342 Tapper Street, Lowell, IN	US
S1-688100	Interstate Chain LLC	292 Sand Pond Road, Chesterville, ME	US
S1-933816466	Huff and Perez, LLC	Mesa, 10247 Keats Circle, AZ	US
S1-190207937	Vatech	14300 Chenal Parkway, Unit Apt 1216, Little Rock, AR	US
S1-792896996	Angeles Shipping LLC	1010 F Street, Harlingen, TX	US
S1-196235024	Kolkata Manufacturing Limited	Ideal Plaza, South Block, 4Th Floor 11/1, Sarat Bose Road, Kolkata, Howrah, West Bengal	India
S1-486380508	Chesney Meridian LP	505 Harvest Hills Drive, Woodbine, IA	US
S1-343970781	Behavioral Health Physicians	1406 Bergin Court, Unit A, TX, Georgetown	US
S1-398401170	Aarvan Chemicals Private Limited	A-2/116, 3Rd Floor, Safdarjung Enclave, New Delhi, Delhi	India
S1-710381109	Liriex Equity Partners PLLC	2023 Jasper Drive, Cornelius, OR	US
S1-119572870	Mountain Guild	3719 Vinas Lane, San Bernardino, CA	US
S1-732141297	Surya Business Private Limited	4 Vaishali Apart, Tps Iii, 51St Road, Borivali W, Off, Factory Lane, Borivali West, Mumbai, Maharashtra	India
S1-564219622	Royal Digital Labs Inc	388 Hard To Find Drive, Brevard, NC	US
S1-492605779	Schmidt Purpose LLC	7531 Alderly Drive, Spring, TX	US
S1-294256612	Mountain Freight	51 6A, Orleans, MA	US
S1-806795842	Douglas Interstate Photonics	120 Appaloosa Drive, Holiday Island, AR	US
S1-371596243	Devkripa Research Private Limited	1, Bhosale House, 13/2, Karve Road, Pune, Maharashtra	India
S1-400362829	Thaxton Group LLC	9910 500, Albany, IN	US
S1-439203736	Metro Lionheart LLC	19980 Crescent Court, Montgomery, TX	US
S1-648412102	Mitchell Rocky Arch LP	119 Bernard Road, Bernard, IA	US
S1-419917984	Nickie Estrada Ready Corp	813 St Martin Drive, Virginia Beach City, VA	US
S1-495551624	Newstar Sahani Private Limited	65/F/1, Subhas Nagar, Kolkata, Kolkata, Howrah, West Bengal	India
S1-495733265	Star Arihant Power LLP	Tc 8/1569-1, Harichandanam Near Imb Hospital, Venchavode, Sreekaryam P O, Thiruvananthapuram, Trivandrum, Kerala	India
S1-845032589	Moa Clinic	2720 Johnson Ave NW, Unit 102, Cedar Rapids, IA	US
S1-395791453	A Vanguard Calamos LLC	121 Roxboro Circle, Unit Apartment 9, Salina, NY	US
S1-167098629	Heritage Talent Digital Inc	CA, 721 Riverside Avenue, Santa Cruz	US
S1-507483944	Ritter Securities L.L.C.	400 Chaney Road, Unit 215, Smyrna, TN	US
S1-866086237	Apna Nath Pvt Ltd	Plot No. C 1, B/102, G.I.D.C., Ichchhapore, Bhatpore, Tal-Choryasi, Surat, Gujarat	India
S1-995708936	Southindia Brothers Limited	Kp 1/666, Kuzhimanna, Opr Arcade, Kizhissery, Malappuram, Malappuram, Malapuram, Kerala	India
S1-93137170	Essco & Co	Gurgaon, 329 New Palam Vihar, Palam Vihar, Phase-2 Gali No 3, Haryana	India
S1-72788395	Green Memorial Trust	Kerala, Kozhikode, 23/591, C.K Building, Narayana Nagar, Vadakara	India
S1-575251642	Urgent Care Best Medicine LLC	108 Asher Downs Circle, Nolensville, TN	US
S1-306329056	Pediatric Group	429 Marnell Avenue, Santa Cruz, CA	US
S1-114144410	Perri Bobo, CPA, DDS PC	708 Ryan Street, Girard, KS	US
S1-746828150	Heartland Summit Deep of Hooks Inc	10 Cherry, Hooks, TX	US
S1-360994973	Franks Global Blockchain L.L.C.	NC, Wilkesboro, 1012 Woodland Boulevard	US
S1-772717102	Doors & Sons Private Limited	302 Aminent Apartment, Opp Janta Park, Rajkot, Gujarat	India
S1-213262863	Exhibitions Hospital	D-5-Basement, Ashok Vihar, Near Sector-11 Malviya Nagar, Jaipur, Rajasthan	India
S1-630130257	Regional Trust LLC	8509 Scott Hamilton Drive, Little Rock, AR	US
S1-557022307	DTM Solutions Limited	Plot No.699, Flat No.Gm-1, Meenal Apt. Shalimar Garden Extension - 1, Sahibabad, Ghaziabad, Uttar Pradesh	India
S1-286301911	Community Church	30101 County Road 9, Morrill, NE	US
S1-114032603	Dion Toscano Prairie Prudential, Inc	111 Adair Street, Shell Rock, IA	US
S1-797296428	Epps Legacy Eagle LLC	KS, 316 Holly Place, Manhattan	US
S1-79664859	Salih Partners LLC	745 Galen Drive, Patton Twp, PA	US
S1-97914736	Sunrise Systems Private Limited	Sno.307/3/4 Picock Apprtm, Ents 60 Footy Road, Malegaon, Nashik, Maharashtra	India
S1-852422115	Hotel Technology Limited	C/O Milind Sharad Koshti, Yashwant Nagar Kupwad, Miraj, Sangli, Maharashtra	India
S1-318516276	Radhika Enterprises Private Limited	B-260, Sarita Vihar, New Delhi, Delhi	India
S1-554633440	Macgregor Biracilik Associates	2481 Elizabeth Ann Lane, Atlanta, GA	US
S1-970602858	Sgro Chemical Inc	8913 Log Run Drive, Indianapolis, IN	US
S1-838131493	Dana E. Hoffman, D.D.S.	33 Solar Lane, North Hempstead, NY	US
S1-530966759	Elite Security	10610 Sr 762, Unit 169, Lockbourne, OH	US
S1-48068006	Zito Yhn LLC	KY, 147 Frankie Drive, Richmond	US
S1-369517243	Harbor Dental Associates	3328 Morning Mist Lane, James City County, VA	US
S1-908122143	Abhishek Forty Private Limited	C/O Ratnakar Bhagwat Doifoda Doifoda Sillod Aurangabad, Aurangabad, Maharashtra	India
S1-15133345	Capps and Pangan Mortgage Partners	1262 Harrison Road, Murfreesboro, TN	US
S1-639009686	Roma Brothers Co	Bangalore North, Amma Nilaya, Bangalore, Karnataka, No. 29/1, 10Th Cross, 5Th Main Rd	India
S1-392459428	Hoyt and Watson PLLC	2723 Newton Street, OR, Philomath	US
S1-182547847	Womens Health Clinic of Hixson Inc	1612 Forest Edge Drive, Unit 104, Hixson, TN	US
S1-693989152	Mountain Law Group LLC	901 Blackland Court, Dallas, TX	US
S1-449392022	Sterile Hostel Private Limited	E-210, Titenium City Centre, Nr. Sachin Tower, 100 Ft Ring Road, Anandnagar, Satellite, Ahmedabad, Gujarat	India
S1-105054349	Health Network LLC	Puyallup, WA, 18823 87th Avenue Court	US
S1-996335269	Aspen Electronics LLC	735 Avenue A, Fl 1, Galesburg, IL	US
S1-144969543	Platinum Petroleum LLC	9519 Feldbank Drive, Charlotte, NC	US
S1-413177570	Meify Inc	260 15 Street, Brooklyn, NY	US
S1-738768899	Saatvik Industries Pvt Ltd	17 A, Ground Floor Chhota Baghara, Allahabad, Uttar Pradesh	India
S1-652391362	Swaby Clean Amplify Inc	2728 126th Drive, Avondale, AZ	US
S1-361859792	Sampati & Co	Delhi, House No 922, North West, Delhi, Khasra No 177 Ground Floor Near Shiv Mandir Village Jaunti	India
S1-319682830	Nevels's Trading Care	Bellville, OH, 276 Poorman Road	US
S1-487449484	Croom, Kirby & Brown LLC	1650 Gracehill Way, Forney, TX	US
S1-24539049	Atlantic Institute	14 Haverhill Place, Trumbull, CT	US
S1-66521471	Ridge Equity Partners LLC	1615 Brentwood Street, High Point, NC	US
S1-367714906	Farica Widder, DPM	660 County Road 421, Evant, TX	US
S1-17337184	Celinka Baker, Esq. LLC	Clifton, CO, 418 30 1/2 Road	US
S1-177674826	Buradyne LLC	228 3517, Cuney, TX	US
S1-395678747	Ksa Educational Private Limited	Applewod City Mall Second, Floor 253, Nr.Madhuram Bus, Junagadh, Gujarat	India
S1-98446575	Olvera Republic PLLC	130 Rainbow Court, Seeley Lake, MT	US
S1-58310747	Brown Harbor Wells LLC	148 Kathy Drive, Bourbonnais, IL	US
S1-995309929	Studio 77 Grill	255 Us Highway 40, Weskan, KS	US
S1-878167273	Vergara Pony	33082 Pebble Creek Drive, San Tan Valley, AZ	US
S1-800159218	TM Services Pvt Ltd	1/G Khudiram Bose Sarani, Saltee Plaza, 6Th Floor, Room No - 612, Cabin -M25, Kolkata, Kolkata, Howrah, West Bengal	India
S1-790097566	Northeast Services (India) Limited	Building No. 17/4, Thottumpuram Building Nanniyode, Pacha P O, Thiruvananthapuram, Trivandrum, Kerala	India
S1-540461705	Rainbolt Duke Corp	208 Grand Avenue, Unit Apartment 3, City Of Waukesha, WI	US
S1-147849974	Fontan and Dearinger Therapeutics	105 135th Street, Burnsville, MN	US
S1-658542063	Phoenix (India) Ventures	No.32, Demonte Road, T.T.K.Road, Alwarpet, Chennai, Tamil Nadu	India
S1-841860277	Brightis Tree L.L.C.	20 Village Lane, Harwinton, CT	US
S1-424744009	Bhasin Projects Pvt. Ltd.	Flat No G-1, Ground Floor, Laxman Enclave Apartments, D.No 9-8-263/1, Old D.No 2-14-159/10K, 10Th Lane, Shyamala Nagar Extension (Nallapadu), Guntur, Andhra Pradesh	India
S1-352673420	Zhou Anchor Midland	305 1st Avenue, Rockford, IA	US
S1-183210851	Valley Dental Associates	1976 Foster Avenue, Unit Apartment 5, Schenectady, NY	US
S1-460718306	PHX Best Meshflow Partners	8540 Robinhood Avenue, Kansas City, MO	US
S1-949261063	North Shreya Inc	1334 Manzana Street, Eugene, OR	US
S1-29349535	Dusky Management Private Limited	Flat No. 604, Garden Vi R P Marg, Hazratganj, Lucknow, Uttar Pradesh	India
S1-18986281	2357 Madison Avenue Partners Inc	1608 Hardee Road, Kinston, NC	US
S1-948440272	Mumbai Builder Public Limited	Mumbai, B/605, Mumbai City, Maharashtra, Divya Stuti Chs Ltd, Gen. Akv Marg, Near Maharaja Bldg, Goregaon East	India
S1-342733323	Bay Animal Hospital, LLC	1056 Peony, Unit 37, Youngsville, NC	US
S1-987581440	Auberta Humphrey Regional Greenland PLLC	1079 Roundelay Road, Reynoldsburg, OH	US
S1-539360652	Taraesh Products Limited	No.1, 4Th Block, Kkd Nagar, Chennai, Tamil Nadu	India
S1-146798100	Chandrendra Breweriesprivate Private Limited	Plot No. 33A, Khasra No.7/17 Hari Vihar(Kakrola), New Delhi, South West Delhi, Delhi	India
S1-990032352	Main Street Nails	5120 Harshmanville Road, Huber Heights, OH	US
S1-842019434	Sky All Technology Private Limited	32-B, Ff Ashoka Avenue, Sainik Farm, New Delhi, South Delhi, Delhi	India
S1-170609238	Gutierrez Futurecrest	574 Port Royal Road, Clarksville, TN	US
S1-848967441	Arihant Royal Management Private Limited	C-204 Shikshapatri Height, B/S Astha Row House, Chorayasi, Surat, Gujarat	India
S1-288757258	Balaji Technologies Private Limited	1-5/552 Latur Bidar Road, Shivaji Nagar, Nilanga, Nilanga, Latur, Maharashtra	India
S1-262857243	Sung Restaurant of Aurora Inc	1043 Spruce Street, Aurora, IL	US
S1-248678672	Hunter Golden Ventures Co	1928 Ray Abril Jr Lane, Colton, CA	US
S1-663565958	Hari Enterprises Private Limited	C/O Pooja, Padda Colony, Lohian Khas, Sultanpur, Jalandhar, Punjab	India
S1-502241174	City Of Menomonie Autism Assistance Council Inc	1109 Broadway Street, City Of Menomonie, WI	US
S1-680479441	Heartland League	303 Cottage Avenue, Saint Paul, MN	US
S1-888160240	Bock Bancshares of Saint Louis LLC	155 Carondelet Plaza, Unit UNIT 310, Saint Louis, MO	US
S1-223166567	Hanson School of Medicine	Town Of Eldorado, WI, W8950 N	US
S1-476884085	9-Point	117 2nd Avenue, Lexington, NC	US
S1-946816334	Gulf Peoples LLC	TN, 2127 Spring City Highway, Rockwood	US
S1-23440268	Nand & Co	Maharashtra, Prathmesh Hills Dhokali Naka, Kolshet, Thane, 101, Thane	India
S1-247537258	Summit Ministries	37 Wilding Street, Fairhaven, MA	US
S1-972543004	Black Energy Limited	Care Of Mr. Ajeet Kumar Singh Bhujauli, Hetimpur, Deoria, Uttar Pradesh	India
S1-98225343	Grand Research Consultants Corp	6623 Walter Raleigh Lane, Village Of Mount Pleasant, WI	US
S1-57719028	Urban Ventures Private Limited	504, Tower 1, Lodha Kolshet Crown, Thane, Maharashtra	India
S1-472045820	Surgical Center of Dahlgren	16551 County Road 200, Dahlgren, IL	US
S1-79082817	Delta Fellowship IV LLC	Unit Front, PA, Rockledge Borough, 65 Robbins Avenue	US
S1-587132550	Espinoza Mercury LLC	1550 Middle Burnt Fork Road, Stevensville, MT	US
S1-105055218	Graham's Grill	TX, Gilmer, 1170 Montgomery Street	US
S1-668164759	Star Trading Private Limited	30, Bentick Street 3Rd Floor, Room No. 304, Kolkata, Howrah, West Bengal	India
S1-142147592	Mukesh Trading	Plot No 58, Jaipur Defense Colony, Jaipur, Rajasthan	India
S1-740003431	Global Constructions Limited	Narottm Parkash, Ix/5529 Old Selampur, East Delhi, Delhi	India
S1-580099825	Urgent Care Vanguard Medicine LLC	21901 Cardinal Court, Monticello, IA	US
S1-814346164	Acevedo Delta Advisors LLC	IL, 1515 Granville Avenue, Chicago	US
S1-752379599	Morgan's Bike Shop	2491 Rose Peak Drive, Tucson, AZ	US
S1-927470261	Melody Sciences Private Limited	5/588, Vikas Khand, Lucknow, Uttar Pradesh	India
S1-139235239	Raj Consultancy Private Limited	Krm Plaza, Regus No.2, Harrington Road. Chetpet, 8Th Floor, Chennai, Tamil Nadu	India
S1-229992726	United Federation Inc	6171 Pichon, Tucson, AZ	US
S1-959586791	Grubb Companies, LLC	8128 Zoe Drive, Fl 0, Saint Louis, MO	US
S1-529739058	Orthopedic Medicine LLC	863 Charles Street, Crete, IL	US
S1-725540710	Nguyen Premier Royal	7582 Priceville Road, Munfordville, KY	US
S1-634177276	Star Investments Private Limited	Flat No. 21, Bldg B3, Shiv Tara Gardens Co-Op. Society, New Dp Road, Kothrud, Pune, Maharashtra	India
S1-927613699	Supreme Islands	916 2nd Avenue, Spokane, WA	US
S1-879288348	Zasoft, LLC	290 10th Circle, WA, North Bend	US
S1-886402840	Chiropractic Care Associates, LLC	12 Fenimore Drive, Pittsford, NY	US
S1-31552553	Choice Robotics Ventures Ltd	309 Morehead Street, Unit 416, Charlotte, NC	US
S1-368004430	Dream Dream Global Private Limited	7/742, Relax Tower Chemmad, Tirurangadi, Malappuram, Malapuram, Kerala	India
S1-659101311	Real Consultants Private Limited	Village- Tasol, Via- Kelwa, District- Rajsamand, Rajsamanad, Rajsamand, Rajasthan	India
S1-398467928	Historical Fund Care	1600 Massachusetts Avenue, Unit 705, Cambridge, MA	US
S1-156989608	Bowers Interests Partners	531 2nd Street, City Of Reedsburg, WI	US
S1-653766547	East Energy Private Limited	1St Flr, 891, Savalanga Rd, Lal Bahadur Shastri Ngr, Shimoga, Karnataka	India
S1-841498114	Universal Biomedical Services	18202 Cummings Street, Fontana, CA	US
S1-431624584	Islamic Language Private Limited	27 Shakespeare Sarani 5Th Floor, Front Building, Kolkata, Kolkata, Howrah, West Bengal	India
S1-31133267	Jar Services Pvt. Ltd.	14/445 Vikas Nagar, Lucknow, Uttar Pradesh	India
S1-558890767	Mrg (India) Chemical Pvt Ltd	Gujarat, Sari Gujarat Pharma Techno Park, Sari Village, Sari, Sanand, Bavla, Plot No. 25/26, Ahmedabad	India
S1-181252930	Big Solution	33A, Rabindra Sarani, 1St Floor, Kolkata, Kolkata, Howrah, West Bengal	India
S1-219437524	Perideus Snow	266 Hampton Parkway, Tonawanda, NY	US
S1-612389322	Harbor Precision Blackrock Inc	518 Center Street, Mulberry, IN	US
S1-526482392	Ocean Solutions (India) Private Limited	4 C - 22, Versova, Plot No 4, Lovely Co Op Hsg Soc Ltd, Andheri E, Mumbai, Maharashtra	India
S1-629715254	Internal Medicine Care Inc	421 467, Worthville, KY	US
S1-880571659	Policy India (India) Limited	104, Mermaid Chs Ltd, Juhu Tara Road Opp- Dilkhush School, Vile-Parle (West), Mumbai, Mumbai City, Maharashtra	India
S1-942257507	Genesis Therapies Pvt Ltd	Kamal Kunj, Ahinsa Circle, Subhash Marg, C-Scheme, Jaipur, Rajasthan	India
S1-227222958	Marj G. Branch, P.A., M.D., P.C.	64 Meadow Lane, West Norriton Township, PA	US
S1-861885870	Vision Green Clinic LLC	26 Parkside Drive, Bethalto, IL	US
S1-486012920	Prime Logistics LLP	P No 1 Sy No 319 & 41 Manikonda, Hyderabad, Telangana	India
S1-886014754	Alpha Producer LLP	Sadar Bazar, Sector 47, Near Dps School, 146 First Floor, Haryana, Gurgaon	India
S1-666934040	Luise Griffin Allspring, LLC	VA, Wythe County, 1753 Austinville Road	US
S1-252841897	Value Best Development LLC	Bloomington, IN, 4695 Ridgewood Drive	US
S1-754263423	East Diana Inc	1113 Murfreesboro Road, Unit 201, Franklin, TN	US
S1-757025839	Shivam Trading Private Limited	B-4/02, Golden Nest Chs Ltd, Mapkhan Nagar Nr.Marol Fire Brigade, Andheri East, Mumbai, Mumbai City, Maharashtra	India
S1-61311397	Express Electronics Inc	5537 Taylors Walke Lane, Virginia Beach City, VA	US
S1-393893683	Perfect Consulting Private Limited	A/7, Trade World, Kamala City, Senapati Bapat Marg Lower Parel (W), Mumbai, Mumbai City, Maharashtra	India
S1-881479733	Perkins Owl Inc.	33430 Fm 506, La Feria, TX	US
S1-941779924	Advanced Lease Inc.	6302 Sanborn Road, Ashtabula, OH	US
S1-712475717	Swarna Equipments Pvt. Ltd.	Deoband, Uttar Pradesh, Mohalla Mahal, Near Bhoora Sweet Madani Road, Saharanpur, 1St Floor	India
S1-463989307	Vanguard Atlantic Carlyle Corp	9722 Gayton Road, Henrico County, VA	US
S1-376782290	Blue Infra Private Limited	Kerala, Thrissur, S/O Kunjumani Ullatil House Chentrappinni Post	India
S1-294532133	Reverence Business Ltd	311/A, Velachery Main Road, Srinivasa Nagar, Madippakkam, Chennai, Tamil Nadu	India
S1-360347153	First Consultants	Shop No-56A And 57 Tagore Nagar, D.C.M, Ajmer Road, Jaipur, Rajasthan	India
S1-251790751	Galaxy Energy Pvt Ltd	1624/1, Wadala, Chimur, Wadala, Chandrapur, S/O Tukaram Pawar, Maharashtra	India
S1-552328800	Vision Solutions Pvt Ltd	Patparganj, Delhi, New Delhi, C-62 Bathlas Apartment	India
S1-544331909	Womens Health Ridge Partners Corp	8574 Brickyard Road, MD, Potomac	US
S1-70598180	Reus Industries Inc	637 8th Street, Huntington, WV	US
S1-601698453	Montial Galata	12494 Johnson Mill Road, Crofton, KY	US
S1-107376841	Aditya It Private Limited	Vil: Daibogapole, Baidyapur, West Bengal, C/O: Arsaf Ayub, North 24 Parganas	India
S1-926365439	Little Tavern	8 Grove Street, Unit 203, Wellesley, MA	US
S1-461879574	Office of Aging	59-13 70 Avenue, Ridgewood, NY	US
S1-131065821	Cardiology Physicians	Oxford Junction, IA, 1295 50th Street	US
S1-496674014	Novack Clear Twin Group	1005 River Birch Court, Chesapeake City, VA	US
S1-427366110	Geeta Makeup Private Limited	House No 6, Kh.No-573 2Nd Floor Blk-East Friends Enclave Sultanpuri Landmark Near Kabadi, Gali, New Delhi, North West, Delhi	India
S1-118839703	Dermatology Health of Clarksville	2180 48, Clarksville, TN	US
S1-602592142	Carranza and Rodgers Bulkers Inc.	680 Bedford Road, North Castle, NY	US
S1-8214021	Federal Network	9785 Navarre Road, Navarre, OH	US
S1-434719296	Tirumalla Nakshatra Private Limited	Maharashtra, Fl-No-A-6, Basant Building, Spandan Nagar, Cidco. N-4, Aurangabad	India
S1-683575423	Balasore (India) Soft Private Limited	Cw 030, Villa Rain Tree Park, Dwaraka Krishna Ijm Lingamaneni Township, Opp. Anu, Guntur, Krishna, Andhra Pradesh	India
S1-925278180	Consultancy Friends Trust Pvt Ltd	Building 6-C, Spring Leaf, Akurli Road, Lokhandwala Township, Kandi, Vali-East, Maharashtra, Mumbai, Flat No 201, Mumbai City	India
S1-135222686	Geum LLC	3713 Riley Road, Terre Haute, IN	US
S1-977886745	Maid Bike Shop Partners	46 Appleseed Drive, Turner, ME	US
S1-228832990	Kramer Atlantic Roman	105 Hagan Court, Lancaster, KY	US
S1-957178365	Gulf Guild VI Inc	65 Weaver Boulevard, Weaverville, NC	US
S1-736343911	Precision Transit Advisors	TX, El Paso County, 12637 Leona Washington Road	US
S1-112265255	Thielen Modern Barings LP	AZ, 639 16th Street, Tempe	US
S1-691850663	Goldfair Memorial Trust	Tamil Nadu, 85, (Old 42), Iii Rd Floor, Dheen Estate Moore Street, Chennai	India
S1-125627390	Blue Council	751 Fletcher Avenue, Indianapolis, IN	US
S1-726677423	Kestrel Inc	6845 Mcgreegor Street, Columbus, OH	US
S1-11510001	Shree Developers Limited	# 62/C, Ground Floor, Modi Residency, Millers Road, Benson Town, Bangalore, Karnataka	India
S1-430126073	Ives Transportation LLC	11833 Garden Terrace Drive, Dallas, TX	US
S1-662347770	Carolin Caudle Gulf Online Inc	5117 Park Avenue, Kansas City, MO	US
S1-197297436	Sarasendra Exports Private Limited	H.No A26/1 Rajeev Nagar, Begumpur Phase-2 Karala, Delhi, North West Delhi, Delhi	India
S1-434819424	Great Pet Care	3144 Calle Estepa, Thousand Oaks, CA	US
S1-504196409	Global Coaching Studios Private Limited	Rajasthan, 42, Ground Floor, Gali No. 6 Khushi Vihar, Mansarovar, Jaipur	India
S1-846265901	Crump Choice Guggenheim Inc	VA, Isle Of Wight County, 13248 Queens Gate Terrace	US
S1-363229329	Family Specialists	WA, Vancouver, 13820 10th Court	US
S1-793735285	Properties Products	Maharashtra, L.253D At.Bhoom Tal.Bhoom Dist.O, Osmanabad, Bhoom, Bad At. Tal.Bhoom	India
S1-123417802	E & C Resorts PC	1006 Third Street, Unit 622, Bowling Green, OH	US
S1-226876322	Prasad & Brothers Private Limited	C/O Virender Sorout, Hodal, Palwal, Hodal, Faridabad, Haryana	India
S1-204294673	JDL Renatus	5932 Ocala Court, Galloway, OH	US
S1-169094796	Peer Enterprises	9-B, Sane Building, 2Nd Floor, 2Nd Nanabhai Lane, Fort, Mumbai, Maharashtra	India
S1-970220821	Kolkata Properties Pvt. Ltd.	24/25 A, Prasanna Kumar Tagore Street, Kolkata, Howrah, West Bengal	India
S1-331488652	Valley Sterling Intercontinental Partners	13119 72nd Place, Bixby, OK	US
S1-331511342	Dial Traders	D-815, Iind Floor New Friends Colony, Delhi, South Delhi, New Delhi	India
S1-600422499	Siddharth Academy	Ck 21/40-A-1, Madho Katra, Thatheri Bazar, Varanasi, Uttar Pradesh	India
S1-657556498	Standard Cargo Advisors, LLC	MN, 8329 Bloomington Avenue, Bloomington	US
S1-114307063	Gao and Baty Genesis Corp	Town Of Delafield, W312N763 Fairfield Way, WI	US
S1-880777674	Indu Solutions Limited	Arzi 1756 Ma Maihar Colony, Amara Khaira Chak Kandawa, Varanasi, Uttar Pradesh	India
S1-431661595	High Tech Pvt Ltd	Merchants Chamber, 41, New Marine Lines, Mumbai, Maharashtra	India
S1-116667426	Goodearth Health Private Limited	E-204 Lodha Elite Lodha Heavens Nr Nilje Station, Dombivli, Thane, Maharashtra	India
S1-366927546	Kahn, Giroux & Welch Guaranty	139 Whitehall Drive, Clarksville, TN	US
S1-537098664	Johnson Keystone Pennymac of Spokane L.L.C.	5417 Walnut Street, Spokane, WA	US
S1-21822651	Trainer, Ventre & Eddins Bumrungrad	36 Rockaway Street, Lynn, MA	US
S1-412206685	(india) Aasthaa Education Pvt. Ltd.	Office No-B-19-Lgf, Shivalik Colony, New Delhi, South Delhi, Delhi	India
S1-130689915	Pinnacle Capital Republic PC	7565 Markley Road, West Milton, OH	US
S1-209669739	United Investments Private Limited	Office No -03, First Floor, G-69 Sector-63, Noida, Gautam Buddha Nagar, Uttar Pradesh	India
S1-980481856	Sanders, Baughman and Cruz Green	323 Riverside Drive, Essex, MD	US
S1-895290364	Om Consultants	F-17, Eternity Mall Premises Chs Ltd. Near Teen Hath Naka, Lbs Marg, Thane (We, St), Thane, Maharashtra	India
S1-886440634	Hari Solutions Private Limited	5-Lhehal Colony Patiala, Punjab, Patiala, Punjab	India
S1-958532028	Womens Health Cornerstone Care	5043 Morrison Drive, Rosharon, TX	US
S1-96400782	Wilhoit Management LLP	513 Ohio Street, Jasonville, IN	US
S1-402086837	Trusted Hologram	32551 Stanford Road, Los Fresnos, TX	US
S1-133479118	Blue Construction LLP	Delhi, C Block Yamuna Vihar, C-6/298, North East	India
S1-719669995	Glaspie, Vines and Gallman Dpc LP	5912 Charming Lane, Milford, DE	US
S1-123375455	Cedar	7477 Covered Bridge Drive, Fl GROUND FLOOR, Waterloo, IL	US
S1-146795545	Summit Council of Amarillo LLC	1721 Walker Drive, Amarillo, TX	US
S1-458973096	Saenz Ace Intercontinental	445 Germann Road, Unit 3032, Gilbert, AZ	US
S1-694493047	Internal Medicine Clinic Inc	10646 Potomac Drive, Demotte, IN	US
S1-318862606	Ace Intelligence Technologies Inc	Earle, 919 Arkansas Avenue, AR	US
S1-211341395	Noum	2881 Cela Road, Memphis, TN	US
S1-628678938	Northern Dental Associates LLC	1214 Black Snake Road, Talladega, AL	US
S1-138331782	One Power Pvt Ltd	Karnataka, 4Th Phasepeenya Industrial Area, Bangalore, #309	India
S1-435453510	Heartland Keystone Midstream	817 Fuller Street, Muscatine, IA	US
S1-984646074	Interstate Committee Partners	56 Ashaway Road, Ashaway, RI	US
S1-535340304	DDH Exim Pvt Ltd	Ravi Jaiswal, C/O V Chandran, 137, 3B, Sunland Bldg, Behind Akurdi Rly Station, Chinchwad, Pune, Maharashtra	India
S1-314720045	Varshaksh Vidhya Limited	Jeevarathinam Street, Vinayagapuram, Ambattur, Tamil Nadu, 3/1, Chennai	India
S1-710434228	Sun Silver Builders Private Limited	Niladri Bihar 2Nd, Aska Road, Berhampur, Berhampur, Ganjam, Orissa	India
S1-375621255	Brit Law Chambers	G-2, 1/28, Tilak Nagar, New Delhi, West Delhi, Delhi	India
S1-690116594	S C & K Mae Inc.	1518 Ferndale Avenue, Abington Township, PA	US
S1-847484268	Valli Haywood Ace Agriculture Inc	CT, Hamden, 48 Collier Circle	US
S1-851841181	Dmv Solutions Pvt Ltd	D.No 68/737-K, Greenfiled, P.N. Palayam Road, Coimbatore South, Coimbatore, Tamil Nadu	India
S1-53407622	Jaipur Technologies LLP	Ist Floor Gold Square, Kumble Marg, Pratap Nagar Sanganer, Jaipur, Rajasthan	India
S1-798705024	Regional Society	54-26 63 Place, Maspeth, NY	US
S1-292741345	Fateh Pur Foods Limited	C/O Atul Kumar, Baraiya, Fateh Pur, Barabanki, Uttar Pradesh	India
S1-892739871	Om Logistics Private Limited	309 3Rd Floor Plot No.2, Vardhman Crown Mall Sec19, Delhi, South West Delhi	India
S1-844224835	Varshika Farms Pvt. Ltd.	Plot No. 762 Sp, Sector 39, Main Road Cyber Park, First Floor, Haryana, Gurgaon, Sector -45	India
S1-695940996	Williams Companies	109 Stoner Drive, Upper Allen Township, PA	US
S1-931835040	Vision Elite Group	5323 Lucas And Hunt Road, Unit APT B, Saint Louis, MO	US
S1-202923280	Ear Nose & Throat Star Partners Corp	9138 River Corners Road, Homer Township, OH	US
S1-328974863	Cr Traders Private Limited	Plot No-27, New No-27-A, First Floor, Deep Enclave, Vikas Nagar, New Delhi, West Delhi, Delhi	India
S1-165232957	Nivoque Ltd	4016 Grove Point Drive, Henrico County, VA	US
S1-665731002	TG Technologies Center	Office No. 502, 5Th Floor, Fortune Business Center Survey No. 207, Hissa No. 2/1/4A/1, Waka, D, Pune, Maharashtra	India
S1-750184720	Eye Care LLC	3492 Bynum Leatherwood Road, Anniston, AL	US
S1-726475033	Gma Services Private Limited	H.No. 31-51-5/75, Green City, Apparel Export Park, Vadlapudi, Visakhapatnam, Vishakhapatnam, Andhra Pradesh	India
S1-51279149	Cozy Auto Body Inc	2446 Main Street, Barnstable, MA	US
S1-709401	Plazma & Partners	C/O. Krishan Dev Singh Gada Godha Tola, Sidhi, Madhya Pradesh	India
S1-1142329	Pediatric Care Associates LLC	12490 Elk Run Road, Fauquier County, VA	US
S1-627254130	Mountain Cardiology	1062 Carter Drive, Chattanooga, TN	US
S1-248568460	Hamaker American Alibaba Inc	1803 Winding Run Boulevard, Dayton, OH	US
S1-734432433	Anchor Nutrition Systems PC	320 Robin Road, Gentry, AR	US
S1-548936776	Sadguru Lifecare Pvt Ltd	Sy No.B14, Shed No.01, Industrial Estate, Anantapur, Ananthapur, Andhra Pradesh	India
S1-214121848	Unique Sangh	Hatzan Bazar Madrasapally, Suri, Birbhum, West Bengal	India
S1-535840870	Eye Apex Specialists, Inc	KY, Wayland, 3742 7	US
S1-503260283	Kai Shorey Rapid Microelectronics LLC	7 Cappo Lane, Collinsville, IL	US
S1-379288100	Human Rights Institute	1961 Woodridge Road, Tuscaloosa, AL	US
S1-908507613	Youth Alliance	4582 Fountain View Trace, Owensboro, KY	US
S1-348229916	Ai Care Ltd	507, Sharp Bhawan, Commercial Complex, Azadpur, Delhi	India
S1-600405553	Smart It Pvt Ltd	2Nd Floor, Jariwala Building, 2Nd Bhoiwada, Bhuleshwar, Mumbai, Maharashtra	India
S1-975990843	Aarvora Infratech Ltd	37/15A, Mullai Street, Kumaran Nagar, Ext.Ii, Padi, Ambattur, Tiruvallur, Tamil Nadu	India
S1-882544780	Falke, Lindsey & Meza Pharma Corp	70 58 Street, Brooklyn, NY	US
S1-129302015	Hunger Ministries	396 Chapel Ridge Drive, Hazelwood, MO	US
S1-987061675	Raj Krishna Systems Private Limited	Old No:250, New No:45, North Car Street, Tuticorin, Thoothukudi, Tamil Nadu	India
S1-818103531	Dinkins's Plumbing	440 Ohio Avenue, Harrisonburg City, VA	US
S1-347000383	Sunrise Construction Private Limited	4Th Floor, C Wing, Trade World Kamala Mills Compound, S.B. Marg, Lower P, Arel, Mumbai, Mumbai City, Maharashtra	India
S1-1286274	Cobalt LLC	6350 Bergot Street, Unit 104, Raleigh, NC	US
S1-619790008	Suprita Scientific Private Limited	Plot No.180, Sector 6, Imt Manesar District, Manesar, Gurgaon, Haryana	India
S1-6671057	Temple Chapel	133 Swan Street, Batavia, NY	US
S1-764233701	Buque LLC	11 Hula Lane, NY, Plattekill	US
S1-293710756	City Of El Paso Education Highland League LLC	615 Rio Grande Avenue, City Of El Paso, TX	US
S1-58658105	Historical Committee	MD, Elkridge, 5703 A Carroll Lane	US
S1-496802315	Phase-V Dlf City Projects Private Limited	Haryana, The Summit, Sub-123, Phase-V Dlf City, Gurgaon	India
S1-919017414	Theo Navarro Colonial Technology LLC	SC, 282 River Clay Road, Fort Mill	US
S1-248878924	Marjy Walsh Horizon Vernal, Inc	710 2nd Street, Cohasset, MN	US
S1-73335105	Devansh Star Private Limited	D.No. 25-16-222/A, Anjani Industries, G T Road, Guntur, Krishna, Andhra Pradesh	India
S1-786807367	Cameron and Ahmed Alpha P.C.	8327 Columbia Falls Drive, Round Rock, TX	US
S1-29295896	Jones Allstate Inc.	500 Virginia Avenue, Unit APARTMENT 507, Loch Raven, MD	US
S1-754419607	Timber	Fishers, 11854 Allisonville Road, IN	US
S1-395446063	Brightelle Airlines, Inc	OR, Beaverton, 19575 Jessica Court	US
S1-227771883	Western Octave Inc	9503 Milstead Drive, Bethesda, MD	US
S1-713416149	Slate LLC	24 Turning Mill Road, Lexington, MA	US
S1-18161371	Nagpur Brokerage Private Limited	Maharashtra, Nagpur, Reshimbag Samart Reshimbag, Nagpur, R-3	India
S1-638179248	Apparel	Grand Forks, 824 14th Street, ND	US
S1-291834653	Delta Custom Harmony LLC	23013 Erhart Road, IL, Grayslake	US
S1-881023547	Kestan Pattana Inc	8333 Park Vista Circle, Charlotte, NC	US
S1-26031483	Morales Bay Property Solutions	618 Mcferren Road, Stafford County, VA	US
S1-351653652	Best Residential LLC	187 Jerome Street, Hamilton, OH	US
S1-832807052	Pittman Arc LLC	MA, Newbury, 100 Newburyport Turnpike	US
S1-296237987	Atlantic Academy York County	214 Murray Way, York County, VA	US
S1-33572761	Urgent Care Associates LLC	2136 Clifton Avenue, Chicago, IL	US
S1-738869815	Mcallister and Nelson Interactive LLC	VA, 117 Howe Street, Norfolk City	US
S1-175168450	Elite Realty Dynamics	MN, Prior Lake, 5199 Trailhead Lane	US
S1-259203753	Valley Capital Partners	19602 Kildonan Drive, Gaithersburg, MD	US
S1-996966863	Lakshmi Baba Impex Pvt Ltd	Shop No. 8 12Th Road Circle, Jodhpur, Rajasthan	India
S1-263886043	East Technologies Private Limited	Chennai, No 23/10, Tamil Nadu, Karunanithi Second Street West Mambalam	India
S1-821642372	Shyam Digital Care Pvt Ltd	Gini Habitat, Rh-2, Plot-2, Road-7, Sector-12, New Panvel, Raigarh, Maharashtra	India
S1-517627796	Thibodeaux Cayman	10128 Musick Avenue, Fl 0, Saint Louis, MO	US
S1-585406002	Bright Properties Private Limited	676 Gali Ghanteshwarkatra Neel Chandni Chowk, Delhi, Central Delhi, Delhi	India
S1-171605290	Ravindra Trading Private Limited	1671A, Sector-10A, Hbc, Gurgaon, Haryana	India
S1-576639331	Brd Traders LLP	Delhi, North West, S.G. Shopping Mall, Sector-9, Near D.C.Chowk, Rohini, Delhi, 516	India
S1-455477077	Premier Logistics Alliance Inc	25237 Riding Center Drive, VA, Loudoun County	US
S1-307348423	Niketan Chemicals	H No. 8 Kanchan Jyoti, Shivtirtha Nagar Kothrud, Pune, Maharashtra	India
S1-174024048	JM Clean Chs LLC	3738 Harriet Avenue, Minneapolis, MN	US
S1-682805835	Atlantic Veterinary Clinic	2867 Habersham Road, Atlanta, GA	US
S1-663634463	Kothagudem Services Pvt. Ltd.	5-16-97/1, Gayathri Hospital, Mg Road, Kothagudem, Khammam, Telangana	India
S1-454769370	Angel Traders Private Limited	Adarsh Nagar South Sundarwas, Udaipur, Rajasthan, 8-D	India
S1-716117717	Golden Industries	F-135, 4Th Floor Shaheen Bagh, Abul Fazal Enclave, Near Shaheen Masjid, Okhla, South Delhi, Delhi	India
S1-701899809	Kay Pv Private Limited	156A/11A/2 Oppo. Mahindra Co Green Park Haveli Pune, Pimpri Chinchwa, D (M.Corp), Pune, Maharashtra	India
S1-532237525	Hornak's Liberty Bakery Co	Saint Louis, MO, Fl 0, 1255 Purdue Avenue	US
S1-493064466	Seaside & Brothers Private Limited	C-14, Dda Shed, Basement Floor, Okhla Ind. Area, Ph-1, New Delhi, South Delhi, Delhi	India
S1-268746083	Lucas Society Clinic	CA, 6791 Gomez Court, Sacramento	US
S1-300557958	Waid Angel	2107 Glenna Goodacre Boulevard, Lubbock, TX	US
S1-377014380	Education Coalition	1601 Malibu Place, Newport News City, VA	US
S1-299748202	Cornerstone Inc	127 Hillcrest Road, Maggie Valley, NC	US
S1-138884734	Essence Chit LLP	C-192, Trinity Towers Dlf Phase-5, Gurgaon, Haryana	India
S1-541574166	Dadi Trust	4, Floor-Grd, Plot-731, Samartha Apartment, D S Babrekar Marg, Dadar (W), Mumbai, Maharashtra	India
S1-196896192	Perfect Media Limited	D - 680, C.R. Park, New Delhi, South Delhi, Delhi	India
S1-569800766	Torres, Landry and Doshi Boral	9367 Glenwater Drive, Charlotte, NC	US
S1-767934955	Stoddard, Sargent & Chandran Inc	96 Knob Hill Estates Road, Sylva, NC	US
S1-838579280	Rivera Neuberger Inc	9 Mulberry Drive, Chester, WV	US
S1-559387514	Acharya Services Limited	351, 1St Floor, 8Th Cross Bda Layout, Girinagar, Bengaluru, Bangalore, Karnataka	India
S1-835727132	Pioneer Foundation Private Limited	Ludhiana, B-Xx-550 Ghumar Mandi, Ludhiana, Punjab	India
S1-999848705	Silver Creative Duration PC	8138 Hominy Ridge Road, Florence, IN	US
S1-957906203	Drayial Irenic Inc.	911 3rd Street, WA, Tacoma	US
S1-41500719	City Software Private Limited	A-3, 3Rd Floor Rajouri Garden, New Delhi, West Delhi, Delhi	India
S1-905068683	Lakshmi Investment Private Limited	55, Bhiku Building, Veer Savarkar Marg, Prabhadevi, Mumbai, Maharashtra	India
S1-922338872	Salora India	Shop No.5, Jayjayant Estate, Nr. Nr. Kevalkanta Cross Road, Rakhial, Ahmedabad, Gujarat	India
S1-247120059	Back Alley Yoga!	19 Alder Street, Medway, MA	US
S1-970068818	Textiles Food Private Limited	43 Kd Block, Delhi, North West Delhi, Delhi	India
S1-70461488	A/O Scuti Inc	1131 Hermoso El Sol, Alamogordo, NM	US
S1-47874709	Sheetal Systems Ltd	18/4 19/4 Hadapassar Indleatate Bldg, Pune, Maharashtra	India
S1-605340665	New Delhi Chits Corp	G - 53 Sarita Vihar, New Delhi, North Delhi, Delhi	India
S1-199923119	Bright Technical Dynamics LLC	2112 Crockett Way, Anna, TX	US
S1-326440780	Better Desert Metal Works LLC	1297 Park Drive W, Greenville, NC	US
S1-169612171	2937 First St Management	621 Highlands Drive, Tucumcari, NM	US
S1-718946143	Foot & Ankle Classic Group	1065 San Marcos Drive, Unit 36, Apache Junction, AZ	US
S1-364640465	Womens Health Rapid Care LLC	47867 355th Avenue, MN, Kasota	US
S1-177177315	Tirupati Educational Society	B 33/14-22 Kaushlesh Nagar Sunderpur, Varanasi, Uttar Pradesh	India
S1-303487792	Innovative Developers Private Limited	412, Navneet Plaza, 5/2, Old Palasia, Indore, Madhya Pradesh	India
S1-375360311	Suellen T. Perez, M.D.	668 Merrimont Circle, Birmingham, AL	US
S1-706039440	Shyam Investment	No.210, Vibrant Business Park, Pardi, Vapi, Valsad, Gujarat	India
S1-235070570	Behavioral Health Care Associates	2003 Skyview Lane, Rochester, IN	US
S1-33110448	Olivia Consultants Private Limited	No 39/2, Bannerghatta Road, Bengaluru, Bangalore, Karnataka	India
S1-176822459	Cardiology Innovative Health, Inc.	733 Lawrence 514 Road, Hoxie, AR	US
S1-812176145	Unified Asset Alliance LLC	4220 Sh 67, Sycamore, OH	US
S1-722437756	GL India Limited	Rayapuram Extension 2Nd Street, Coimbatore, Tamil Nadu, 43, Tiruppur	India
S1-302441430	Vision Industries (India) Private Limited	Fl No. 101, 2Nd Floor, Shivani Hill View, Anjali Gardens, Puppalaguda, Manikonda, Hyderabad, Rangareddy, Telangana	India
S1-654449567	Steelworkers Union Local No 524	111 Oak Street, Morganton, NC	US
S1-316507703	Sweet Tavern	1175 Lost Trail Drive, Pullman, WA	US
S1-841580989	Hanskhali India Private Limited	C/O Sanjay Biswas, Ashram Para, Milan Sangha, Hanskhali, Nadia, West Bengal	India
S1-393899874	Gabrila Fisher, L.C.S.W.	93 Wildcat Road, Burlington, CT	US
S1-515901528	Melany's Freight Center	16759 Cedar Ridge Drive, Lockport, IL	US
S1-658071802	Shivam Business Pvt Ltd	134/27, Sulegai House 26Th Cross 6Th Block, Jayanagar, Bangalore, Karnataka	India
S1-23056032	Better Network International Inc.	6345 Hidden Valley Drive, La Plata, MD	US
S1-240834570	Haynes, Lopez and Robinson, LLC	14 Mountainbrook Road, Asheville, NC	US
S1-108874063	Redwood	1530 Porter Street, Gary, IN	US
S1-679273393	Indo International Limited	No. 147, Uma Illam Dharmaraja Kovil Street, Coimbatore, Tamil Nadu	India
S1-581057206	Ear Nose & Throat Quality Care Inc	3687 Burgo, Kingman, AZ	US
S1-551562062	Savan & Brothers Limited	Uttar Pradesh, Noida, City Mall-62, T-Point Of Sector - 57 & 58, Main Road S, Ector-62, Gautam Buddha Nagar, 306	India
S1-855625429	Kelsi Villa Northland	12420 Cassady Drive, Austin, TX	US
S1-965524997	Campbell Property Solutions	25 Crimson View Drive, Sedona, AZ	US
S1-471121926	Montic Chesapeake LLC	318 Blackstone Avenue, Glenwood, IL	US
S1-385440076	Piedmont Golden Properties Inc	AL, 16979 E Limestone Road, Harvest	US
S1-727774076	Noviq Peoples-Forrest City	672 St Francis 442 Road, Forrest City, AR	US
S1-489003698	Ss Management Private Limited	Sr. No 44/2 Nr Canal Road, Maharashtra, Pune, Marunji, Haveli	India
S1-577851203	Oncology Bright Specialists	14199 Nandua Road, Accomack County, VA	US
S1-565173617	Dream Big Estate LLP	C/O Sindhu Devi Maniari, Bahadurpur, Darbhanga, Bihar	India
S1-21164424	Vishal Polytechnic Company	1, Tamil Nadu, River View Enclave, Teesta Street, 3Rd Main Rd, Sriperumbudur, Kanchipuram	India
S1-357528732	Creative Projects Private Limited	Sc No. 28198 P.H.N. 48, Barghat, Seoni, Madhya Pradesh	India
S1-388001906	Precision Better Manulife LLC	WV, Windsor Heights, 869 Windy Hill Road	US
S1-788760360	Td House Private Limited	10/318 Sreenilayam, Valayam, Vadakara, Vadakara, Kozhikode, Kerala	India
S1-848642764	Star Infotech Private Limited	N.No 6, O.N.8. Green View Colony, Mogapair Road, Padi, Chennai, Tamil Nadu	India
S1-398823050	Department of Buildings	100 Knob Hill Drive, Dover, TN	US
S1-548790292	Cascade Generating Inc	7405 Centenary Drive, Rowlett, TX	US
S1-236648665	Beacon Logistics Consultants Center	198 Ridgelawn Avenue, Painesville City, OH	US
S1-88307124	20/20 Vision Center LLC	1348 Heritage Hills Way, Wake Forest, NC	US
S1-789693371	Essential (India) Solutions	E-219, Pocket-3, Ground Floor, Dda Flats, Bindapur, Uttam Nagar, New Delhi, West Delhi, Delhi	India
S1-382106800	Karishma Solutions Public Limited	Tamil Nadu, No 11 - 97 East Street Pandiyan Nagar Thirunagar, Madurai	India
S1-793484224	Lehr Anchor Cherry LLC	OR, 18181 Arista Drive, Milwaukie, Unit #4	US
S1-87042843	Gurgaon Facility Group	C/O Karan Singh Sohna Road, Gurgaon, Haryana	India
S1-519383481	Dada Systems Private Limited	506/6, Khail Bazaar, Panipat, Haryana	India
S1-643906011	Stiffler Mountain Automobile LLC	IL, 7326 Everell Avenue, Chicago	US
S1-511690650	Metta Infradevelopers Private Limited	Ward No.-29, Karimabad Magardahi, Samastipur, Bihar	India
S1-246944288	Brick Granites of Coimbatore North LLP	No. 7/24-1 Nvn Arcade, Indra Nagar, Nsm Palayam, Coimbatore North, Coimbatore, Tamil Nadu	India
S1-14181542	Gta Nursing Home	C-715, Dev Aurum Prahladnagar Road Satellite, Ahmedabad, Gujarat	India
S1-7205383	WWV Cover Private Limited	1423 Awas Vikas Colony, Gonda, Uttar Pradesh	India
S1-654914146	Barrientos and Kim LLC	6810 95th Street, Tulsa, OK	US
S1-880597982	Jsr Bizcon Private Limited	D/214 Shyam Ashish Sunder Nagar, Maharashtra, Agashi Road Bolinj Virar West, Thane, Palghar	India
S1-437160768	Wells and Ray Distribution, Inc	1101 Groesbeck Road, Cincinnati, OH	US
S1-851691629	Beacon Disciplined LLC	630 Salem Street, Unit 819, Malden, MA	US
S1-122110258	Cascade Classic Medical	2685 Sunset Boulevard, Seaside, OR	US
S1-691616670	Bharat Management	Santosh Roy Road Lp-41/4/6, South 24 Parganas, Kolkata, 230/4, West Bengal, Parganas South	India
S1-508556830	Interstate School of Medicine	412 Forest Glen Cove, Jacksonville, AR	US
S1-136330836	Eye Preferred Clinic LLC	6187 Ethridge Lane, Conway, AR	US
S1-242173296	Spotless Clinic Limited	349, 2Nd Floor 349, School St Angels School, Gurgaon, Haryana	India
S1-831832982	Crowe Optimal Emera LLC	560 Burlington Court, Edgewood, MD	US
S1-97039363	Pragati Valley (India) Pvt Ltd	C/O Vikram Goyal S/O Satpal 4/361 Rhb Colony, Hanumangarhjunction, Hanumangarh, Rajasthan	India
S1-22110427	Vistaar Institute of Technology	501, Floor 5, Plot 345, Milan Laxmi Co Op Hsc Soc Ltd, Chandavarkar Cross Road, Matunga Cr, Mumbai, Maharashtra	India
S1-637427281	United Program PLLC	11455 2, Double Springs, AL	US
S1-856896940	Superior Paper P.C.	Eureka Springs, AR, 15 River Run Road	US
S1-890205422	Womens Health Center of Lake Arrowhead	26685 Merced Lane, Lake Arrowhead, CA	US
S1-764615961	Mileski Hcm Inc.	4899 Boatman Lane, MN, Inver Grove Heights	US
S1-49951170	Metropolitan Coalition	46 Cayuga Street, Auburn, NY	US
S1-988460827	Womens Health Premier Center LLC	333 Fourth Street, Unit B12, KY, Frankfort	US
S1-499068091	Office of Veterans Affairs	356 Felkins Avenue, Forsyth, MO	US
S1-586425894	Shivam Investment Private Limited	Cts 4698, Pl 11 S129, Sweet Home Bangalow Mahavir Park, Mohan Nagar, Chinchwad East, Pune, Maharashtra	India
S1-597603223	Cardiology Modern Associates Inc	NY, Oyster Bay, 25 Lawrence Street	US
S1-792174639	Dynamic Energy Worldwide Inc	61 Elm Street, Potsdam, NY	US
S1-533419421	GT Trichur Private Limited	Fa-229B, Mansarover Garden New Delhi, New Delhi, Delhi	India
S1-266594653	Jaya Public School	Ahmedabad, Gujarat, Venus Atlantis, Anand Nagar Road, Prahalad Nagar, 1001	India
S1-149000123	Future Hotel Business Private Limited	1-34, Ibrahimpatnam, Mandal, Ranga Reddy, Rangareddy, K.V.Rangareddy, Telangana	India
S1-608054330	Patterson's Appliance LP	2724 Short Street, Hempstead, NY	US
S1-740298214	F J Lake Open LLC	8059 Black Eagle Court, Tucson, AZ	US
S1-568403784	Sarojni Nagar Lucknow Industries Private Limited	C/O Shri R.S.Saini (Advocate), E-99, Sarojni Nagar Lucknow, Lucknow, Uttar Pradesh	India
S1-54912178	Mccary, Walton & Robertson Inc	3809 24th Street, City Of Kenosha, WI	US
S1-384396621	C D & M Skin Care Inc.	85 Park Avenue, Unit 7, Worcester, MA	US
S1-199763730	Digital Builders Private Limited	52A, Shakespeare Sarani, P S - Beniapukur, Kolkata, Howrah, West Bengal	India
S1-945362170	Sirius Commerce PLLC	Vidor, TX, Unit 17, 22190 Interstate Highway 10	US
S1-871030426	Solutions Cute Storage Private Limited	Sparsh Dimension Apartment, Flat No 04, 3Rd Floor, Near Katti Mangaladevi Temple Lingaraj Nagar Hubli, Hubli, Dharwad, Dharwar, Karnataka	India
S1-709817059	Orsola Skinner Reliable Auto LP	15353 Silver Eagle Drive, Bena, MN	US
S1-337314000	Sarvopari & Brothers Private Limited	New Delhi, Delhi, B - 159, Dayanand Colony Lajpat Nagar - Iv	India
S1-124292422	Eastern Industries Private Limited	S/O A.C. Annamalai No 501/2B, G.N.T Road Thandalkalani Village Puzhal, Chennai, Tamil Nadu	India
S1-649163301	ZQ Crop Pvt Ltd	Uttar Pradesh, B 15-16, Amausi Industrial Area Nadarganj, Lucknow	India
S1-210848910	Commercial Technical Products	39 Elora Cemetery Circle, Elora, TN	US
S1-776552204	QJ Systems Private Limited	C/O Savla Ram Bhabuta Ram, Choudhriyo Ka Was, Kora, Bhinmal, Jalor, Rajasthan	India
S1-467153862	Heffernan Cyber	436 Club Ln, Rolling Fields, KY	US
S1-885218109	Finiex Acquisitions LLC	5733 Rose Court, Berkeley, IL	US
S1-408738636	Premier Midwest Bioworks LLC	3637 -109 Bonney Road, Virginia Beach City, VA	US
S1-446194636	Urgent Care Gulf Center	330 Wareham Road, Unit 101, Marion, MA	US
S1-432696468	Lopez Lionheart Inc	5208 Yeary Street, Fort Worth, TX	US
S1-470840183	Chandan Brothers Co	Jaipur, 27 Shri Ram Pura Colony Civil Lines, Rajasthan, Jaipur	India
S1-761077575	Valley Unified Productions, LLC	363 Timber Bend Road, Calvert City, KY	US
S1-307206986	Haws, Medrano & Delucia L.L.C.	Mount Vernon, 15753 Bakerville Road, IL	US
S1-729846052	Summit Westin	9369 Winkler Drive, Houston, TX	US
S1-859777038	Guru Infotech Pvt Ltd	P 260 Bangur Avenue Block A, Kolkata, Calcutta, West Bengal	India
S1-167615008	CMD (maharashtra) Private Limited	46, Om Sakthi Nagar, Ramanathapuram, Coimbatore, Tamil Nadu	India
S1-226485644	Hari Technologies Private Limited	C/O Suman Jayaswal, D- 5/80 Vikas Khand G.N, Lucknow, Uttar Pradesh	India
S1-792595283	Mais Clean Brands	7529 Brookbend Lane, Cottonwood Heights, UT	US
S1-42124655	Trade Foundation	021, Bindu Annmol Apartments, Nagarbhavi Main Road Amarjyothi Nagar, Bengaluru, Bangalore, Karnataka	India
S1-580584358	Borton Specialty of Hingham	299 Rockland Street, Hingham, MA	US
S1-111639826	Nguyen & Gugliotta Inc	Brownsville, 5270 Tumbleweed Court, TX	US
S1-82389662	Bvs Medical Centre Private Limited	Delhi North East, North West Delhi, Delhi, E-5/405, Gali No. 8, Netaji Subhash Mohalla, Sonia Vihar	India
S1-538598117	Amil Roman Stores PC	1842 Reed Creek Drive, Wythe County, VA	US
S1-526806586	Frazier Quetta	1302 Five Points Place, High Point, NC	US
S1-688078024	City Constructions Private Limited	D.No 1-146 C (15), Baithul Mubashir, Mh Compound Ramnagar, Padubidri, Kaup Taluk, Udupi, Karnataka	India
S1-20459911	Yashwant Trading Private Limited	C-901 Vedant Complex, Unnat Nagar-2, Goregaon E, Goregaon West, Mumbai, Maharashtra	India
S1-977387084	Division of Parks and Recreation	IL, 2630 Ridgefield Drive, Crete	US
S1-667860262	Al Construction Pvt Ltd	Noida, Gautam Buddha Nagar, 906, Uttar Pradesh, Vikram Tower, Griha, Pravesh Society, Sector77	India
S1-255217115	My Investments LLP	22-6-270/3/8, Balala Shopping Mall, Machli Kaman, Charminar, Hyderabad, Telangana	India
S1-283806184	Cobalt	2501 Sunset Drive, City Of Beloit, WI	US
S1-57697830	Ace Business Private Limited	Nagpur, Maharashtra, Plot No 518Rani Durgavati Nagar, Nagpur	India
S1-526536568	Wilkinson, Strong & Smith Soulpower LLC	1008 Nicole Court, Imperial, MO	US
S1-910998658	Shakti Career Corp	Plot No 151-152, Kiadb, Gulbarga Road, Humnabad, Bidar, Karnataka	India
S1-484621864	Rudransh Empire Private Limited	5A/113, Awash Vikash, Hanspuram Naubasta, Kanpur, Uttar Pradesh	India
S1-839348084	Tirupati Computech Private Limited	Workshop Corner, Mettur Town, Salem, Tamil Nadu, Door No.10/160 E, Mettur	India
S1-750331541	Choice Investment Technologies	WI, Village Of Bristol, 12015 182nd Avenue	US
S1-881444176	Palmer, Ross & Hill	1701 Detroit Avenue, Unit Apt 31, Russellville, AR	US
S1-707350749	Birch Bridge	10956 Silver Mountain Point, Black Forest, CO	US
S1-861026905	Anoushka Sangh	Pl No.63/B, Gr Floor, Karunesh Nagar Soc Nr. Parvat Patiya, Puna Kumbharia Road, Surat, Gujarat	India
S1-551381407	Hicks Championsgate	154 Union Street, Uniontown City, PA	US
S1-131016124	Swati Security Private Limited	G 102, Neel Residency Ii Plot No.34, 48-51, Sector 3, New Panvel, Maharashtra	India
S1-92659057	Chung & Pace Logistics LLC	158 Webster Avenue, Unit 2, Cambridge, MA	US
S1-719875326	Gls Kitchen Pvt. Ltd.	8/1104, Rajiv Gandhi Bypass, Ernad, Malappuram, Malapuram, Kerala	India
S1-312055203	OZI Viking P.C.	245 Green Street, Franklin, NC	US
S1-340357885	New Infrastructure	1101, A Wing, Satra Park, F. P. No. 179, Opp. Veg Treat Hotel, Kastur Park, Borivali West, Mumbai, Maharashtra	India
S1-464095516	My Properties Private Limited	C/O Ashish Keshavprasad Rathi, Amravati, Anjangaon, Maharashtra, Surji Takarkheda Naka, Saint Merry School	India
S1-558219253	Ankita Medical Centre	9-4-62, Nizam Colony, Tolichowki, Hyderabad, Telangana	India
S1-36747334	Continental Cardiology	848 Woodlawn Road, Charlotte, NC	US
S1-336696596	Secure Trading International	110 Locust Street, La Rose, IL	US
S1-20960301	Temple Community Church	9325 Quinnford Boulevard, Chesterfield County, VA	US
S1-562351912	Behavioral Health Partners LLC	Unit A, CA, 425 Pennsylvania Avenue, Santa Cruz	US
S1-741472825	Chickie's Delta Data	4001 Harlem Road, New Albany, OH	US
S1-719960584	American Association	2860 Patricia Lane, Conway, AR	US
S1-299787574	Innovative Creative International LLC	9077 Cooley Road, Ravenna, OH	US
S1-687676720	Thompkins Crumrine	71 Beetree Branch, Premium, KY	US
S1-841818002	Hammar, Travis and Mishler Sprott	57023 County Road 612, Kansas, OK	US
S1-321682775	RO Infra-Newdelhi	Newdelhi, Delhi, 4Th Floor Zakir Nagar, Okhla, B-655/12, New Delhi	India
S1-449387618	NM Technologies Inc.	22026 Gardenwall Terrace, Loudoun County, VA	US
S1-378992164	Vara Products LLP	Level 2, Tamil Nadu, Guindy, Altius, Olympia Technology Park No.1 Sidco Industrial Estate, Chennai	India
S1-415115242	Mclean's Silver Partners	3260 Lightfoot Luckett Road, Ripley, TN	US
S1-802897856	RP Direct Semiconductor	Mckinney, TX, 4728 Piedras Lanz Drive	US
S1-33537044	UTM Gravity Inc	22 Quigley Avenue, Chelmsford, MA	US
S1-634088131	Federal Hyperliquid, Inc	16 Werking Street, Southington, CT	US
S1-594750160	Shree & Co Limited	C/O Bindoni Patnaik, Plot No. 143/1 Laxmi Narayana Street, Opp. Charch, Raniguda, Rayagada, Orissa	India
S1-620858303	Carrillo Inpoint	1416 Gordon Place, Winchester City, VA	US
S1-142810565	Sew (India) Creation Limited	Pune, Survey No. 103/129, Plot Bc, Cts No 1995 Cts No 1996B Yerawada, Pune Na, Gar Road, Pune, Maharashtra, Nyati Unitree	India
S1-821457302	Namrata Mills Private Limited	H.No: 10-2-289/20 Shanthi Nagar Behind Jntu Masab Tank, Hyderabad, Telangana	India
S1-720074550	Hanuman Educational Society	S. No.221 To 223, The Spires, Pune City, B/302, Pune, Maharashtra	India
S1-470502238	Butler Midwest Karbon	30 Eagle Hill Drive, Plymouth, MA	US
S1-249273796	Miss Construction Limited	B-102 Indira Vihar Underairoad Opp B T Compound Malad, Maharashtra, Mumbai	India
S1-392088879	C 6 J Blockchain Inc	207 40th Street, IL, Belleville	US
S1-665516269	Gonzalez Bitwise	942 Hank Aaron Drive, Unit B3, Atlanta, GA	US
S1-369781892	Skc & Co	Flat No. 103, Mathura Mahal 75, Shri Krishna Avenue Phase-3, Indore, Madhya Pradesh	India
S1-831134491	Devaksh Learning Limited	D-6/6032/4, 1St Floor, Santushti Apartment, Vasant Kunj, South Delhi, Delhi	India
S1-621577396	Orthopedic Highland Partners	301 Teague Street, Rolesville, NC	US
S1-619812064	Siddhi Infrastructures LLP	S-2/1A-19A, Tagore Town Colony, Varanasi, Uttar Pradesh	India
S1-201324198	Balaji Constructions Limited	Flat No-10 Block G, Bz Sita Ram Kali Masjid, Delhi, North Delhi, Delhi	India
S1-259605577	Shiven Enterprises Pvt. Ltd.	12, Ground Floor, Shubhkamna Society, Nr. Sarita School, Satellite, Ahmedabad, Ahmedabad, Gujarat	India
S1-91809450	Davis Loan P.C.	1620 18th Street, Birmingham, AL	US
S1-459297936	Cho, Han & Ayala Resources Inc	1427 Flora Lane, Oxnard, CA	US
S1-810919651	Capital Fresh Biomedical	Sioux City, 2912 Hamilton Boulevard, IA	US
S1-568403049	Melnick Family Practice, LLC	CT, Stafford, 25 Sartori Road	US
S1-869154272	Better Technical Industries P.C.	201 Dobson Branch Court, Nolensville, TN	US
S1-111353300	Preferred Index	1639 Forest Road, IL, La Grange Park, Unit 102	US
S1-824464094	Ad Innovation Pvt Ltd	Plot No.29, Jagruthi Shines, R.R.Township. 8-7-115/8Prt, Old Bowenpally, Secunderab, Ad, Hyderabad, Telangana	India
S1-147846978	RY Developers Private Limited	Orissa, H/O-Sulochana Mohanty, Cuttack, At/- Plot No.G/178, Sector-7, Markat Nagar, Cuttack	India
S1-456085328	Pacific Federation	534 North Street, Fl 1, Galesburg, IL	US
S1-290339269	Heartland Foundation	26 Mount Laurel Path, Milton, MA	US
S1-34485676	Promova	6124 Encounter Row, Columbia, MD	US
S1-924128394	Dhanraj Enterprise Ltd	Ramanujam Cross Street Chitlapakkam, Plot A, No.1, Tamil Nadu, Chennai	India
S1-45563729	Arihant Consultants Private Limited	Chaudhary Auto Traders Kuchaman City, Nagaur, Kuchaman City, Rajasthan	India
S1-689456352	New Infrastructure Private Limited	Flat 204, Wing 95, Happy Home Estate, Poonam Sagar Complex, Mira Road, Thane, Maharashtra	India
S1-257831084	Lunar Trading Private Limited	386/B G I D C Estate Makarpura, Vadodara, Gujarat	India
S1-886639423	BRW Global Ltd	C/O Shashibala Sc-296 Shastri Nagar Ghaziabad Up, Ghaziabad, Uttar Pradesh	India
S1-681760245	DM Foundation Private Limited	Flat No: 203 Auro Heights, Plot No.103, 104 And 105 Srinivas Housing Society, Nizampet Villag, E, Hyderabad, Telangana	India
S1-57780742	QON Osprey	1421 Kensington Boulevard, Bowling Green, OH	US
S1-101419407	Maguire Planet Inc	50 Bayard Avenue, North Haven, CT	US
S1-784602622	WAT Foundation Private Limited	Indira Nagar, Howrah, West Bengal, Block-3, Holding No. 139 P.S. Khardah, Kolkata, Kolkata	India
S1-877818050	Prime Polytechnic	13 Mughoali Blog Orion Complex 4 Avndh Rw Khadki, Pune, Maharashtra	India
S1-932395166	Hanny Davenport Applied LLC	4082 1033, Celeste, TX	US
S1-542516465	Sheelagh Maxey Strategic Transport, LLC	300 County Road 24410, Roxton, TX	US
S1-630494536	Prairie Auto Inc	16554 Brigadoon Trail, Gulf Shores, AL	US
S1-458207036	Halcial Midland	28 Dogwood Lane, Brookhaven, NY	US
S1-362827315	Martin Consumer	1493 Georgia Court, Unit 301, Naperville, IL	US
S1-265867563	Classic Energy Industries LLC	KS, Fl 0, 1041 Wilbur Lane, Wichita	US
S1-797073110	Pediatric Dentistry Desert Clinic, LLC	2958 Greenwood Avenue, Ontario, CA	US
S1-399469329	Brown Omega	25 Tartan Lane, Murphy, NC	US
S1-259679625	Agl (India) Space Pvt Ltd	H.No.2-9-172 Sri Ram Temple Road, Uppal, Hyderabad, Telangana	India
S1-717843167	Anita Madsen Esports Associates	4035 Hamblin Drive, Phoenix, AZ	US
S1-170746828	Dental Silver Group	7 Corkwood Court, Morgans Point Resort, TX	US
S1-29208003	Cardiology Metropolitan Medicine Clinic	WA, 241 8th Avenue, Kirkland	US
S1-985194203	Meghana & Sons	Mumbai City, Maharashtra, Mumbai, Off No - 403, B Wing, Samartha Aishwarya, Lions Sol Marg, Lokhanwala, Andheri (W)	India
S1-432543874	Kerisoft LLC	1610 R Street, Unit STE 370, CA, Sacramento	US
S1-292333888	Angela Commercials Pvt Ltd	Plot No-142-904, Kendujhar Town, Keonjhar, Kendujhar, Orissa	India
S1-543921061	Toler, Calhoun and Mitchell Inc	Chandler, AZ, 2341 Indigo Drive, Fl 1	US
S1-471448906	Todaro Empire Parts	63 Fletcher Street, Unit 2D, Lowell, MA	US
S1-136157050	VOP Etf	104 Ashwood Rd, Prince Edward County, VA	US
S1-155344653	Sky Finance	Gat No-446/01 A4/2 At Post-Dodi Budruk Sinnar Nas Hik Dodi Bk, Nashik, Maharashtra	India
S1-664887837	Aurangabad Fashion Private Limited	Plot No.1 & 2, Survey No 147/5 Porbandar National Highway, Ta - Upleta, Upleta, Rajkot, Gujarat	India
S1-425675024	Akbar Jewellers Private Limited	H. No-594-Kha/105/70, Shahi Noor Colony, Lucknow, Uttar Pradesh	India
S1-658537131	Classic Apparel Services	4451 Caledonia Pee Dee Road, Cadiz, KY	US
S1-768417155	Department of Housing	908 Redstone Lane, Nolensville, TN	US
S1-660445268	Harless Truist Inc	Palatine, 4710 10, NY	US
S1-893146390	Wolf Heritage Globa Inc	Springfield, 5885 Main Street, OR	US
S1-521496870	Lotus Ventures Private Limited	Second Floor, Plot No. 29, Maruti Industrial Area, Sec, Tor-18, Gurugram, Gurgaon, Haryana, Dynamic House	India
S1-800901675	Gregory Montage of Bloomington	1444 Arlington Park Drive, Unit APT H, Bloomington, IN	US
S1-218140839	Fiva, LLC	18975 421, NC, Willard	US
S1-205454649	Chiropractic Express Center Inc	169 Burrows Street, Unit UP, Geneva, OH	US
S1-524928786	Southern Bank Private Limited	No 7 B Block Vasu Layout B1 Dattagally, Mysore, Karnataka	India
S1-125709478	Healthcare Barak Om Pvt Ltd	Sr. No. 225/1/5, Shop No.4, Sai Shrushti Pii 3, Ahmednagar, Ahmed Nagar, Maharashtra	India
S1-876696484	Salto Unified Digitalbridge LLC	4513 72nd Avenue Court, University Place, WA	US
S1-214745579	Ochoa Patriot Sterling	10203 Willowbrook Drive, Berlin, MD	US
S1-889222959	Galaxy Industries Pvt Ltd	126 Lf Road, Tiruchendur, Tuticorin, Tamil Nadu	India
S1-51568920	Latur Chemical Private Limited	4372, Shivaji Chowck Near Saibaba Mandir, Latur, Maharashtra	India
S1-682035216	Fortune Consultancy Limited	Flat 2 Premsudha Plot 136-Bshere-E-Punjab Society Mahakali Caves Road, Andheri (E) Mumbai, Mumbai, Maharashtra	India
S1-225655893	BHY Integration Pvt. Ltd.	C/O Maruti Dattu Patil, Reelicon Alpine, Ridge, Flat No. 902, Sr No. 13, A Wing, Pune, Maharashtra	India
S1-977171705	Community Trust VI LP	55 Pine Lane, Stillwater, NY	US
S1-244492992	Smart Hotel	4808 Sidney Lane, Mcleansville, NC	US
S1-146312018	Western Beacon Defense LLC	1519 32nd Street, Fargo, ND	US
S1-443897230	Cherin Alfaro Pinnacle Healthcare	2313 Camp David Drive, Mesquite, TX	US
S1-939603838	Sans Developers Pvt Ltd	76, Nayak Colony, Shastri Nagar, Jaipur, Rajasthan	India
S1-806847262	Atlantic Advanced Hartford LLC	925 Vermont Avenue, Chickasha, OK	US
S1-974835997	Gulf Foundation LLC	84 Colorado Street, Jackson, TN	US
S1-14160905	Christner Valley Bridge	511 Walker, Altus, OK	US
S1-285936990	Cohen and Delacruz	423 Monroe Avenue, Edina, MN	US
S1-773848875	Cobalt	Scotland, TX, 14693 172	US
S1-634073418	STJ Holdings Limited	8-2-681/B/2/A/A, Road No. 12 Banjara Hills, Hyderabad, Telangana	India
S1-518839389	Signature Harbor Lake LLC	148 3rd Street, Fort Worth, TX	US
S1-905121246	Creative Packaging Services Inc	38 East Avenue, Sinclairville, NY	US
S1-680242782	Black Healthcare Private Limited	5-Beck Bagan Row, Kolkata, Calcutta, West Bengal	India
S1-608258412	Arechiga, Hunt & Rojas	5406 Chestnut Avenue, Hammond, IN	US
S1-608369126	Fresh Biomedical Brands LLC	502 Ardmore Avenue, Villa Park, IL	US
S1-673988369	First Industries Limited	Lucknow, Uttar Pradesh, Flatno 601 T11 Sun Breeze, Lucknow, Apartment1 Bbd Green City	India
S1-85015717	Excel Products Private Limited	3B Dr Rajendraprasad Road, Hasthinapuram, Kanchipuram, Tamil Nadu	India
S1-224096874	Dental Center PLLC	2035 Swanson Meadows Road, Bonner, MT	US
S1-448738978	Shane Gilbert, DPM	227 Lakewood Avenue, Youngstown, OH	US
S1-913267518	High Technologies Private Limited	A G/2 Shree Mangal Flats, Adarsh Soc. Swastik 4 Ras, Ahmadabad City, Ahmedabad, Gujarat	India
S1-211383900	Prime Homes LLC	Cabins, WV, 6089 Fork Highway	US
S1-807895976	J I & X Chase	3728 181st Street, Tacoma, WA	US
S1-534799627	Person and Tran	12516 Capitol Saddlery Trail, Austin, TX	US
S1-526259119	Orion Co	4710 Goldenrod Drive, Tucson, AZ	US
S1-974156317	Big Pizza	347 89 Street, Brooklyn, NY	US
S1-743772432	A Cure 2 You	1085 Little Falls Drive, Elgin, IL	US
S1-876574046	Soclartech Interests L.L.C.	6972 Havenhurst Drive, Sacramento, CA	US
S1-807018535	Shyam It Private Limited	27/2, Punjabi Bagh Extension, West Punjabi Bagh, New Delhi, West Delhi, Delhi	India
S1-912991887	Kr Industries Group	R No 15 Hotel Shed Gr Flrnilkanteshwar Bldg Annie Besant Rd, Mumbai, Maharashtra	India
S1-807921690	Capizzi Classic Velos Inc	Hope Mills, NC, 5517 Gilcrest Sands Drive	US
S1-49955718	Castro, Young and Martinez Fact LLC	213 Bane Drive, Smyrna, TN	US
S1-155929039	Summit LLC	3718 Ketch Run, Fl 1, Columbus, OH	US
S1-783643393	Life Hospitality Private Limited	Lig -67/8, 4Th Phase, Kphb Colony, Balanagar, Hyderabad, Telangana	India
S1-443405762	Jones Dynamic Can	Randolph, MA, Unit A, 3 Michael Road	US
S1-774725635	Moo	10306 Mountain Park Drive, Houston, TX	US
S1-35098157	2333 Seventh St Apartments LLC	56 Birch Lane, Flower Hill, NY	US
S1-100598770	Idell's Continental Development	9413 401st Avenue, Town Of Randall, WI	US
S1-989412620	Geddes, Township Of	901 State Fair Boulevard, Geddes, NY	US
S1-523582511	Spurlock Ventures	20519 White Berry Court, Humble, TX	US
S1-46775767	Shree Trading Limited	'Kishan', Rajkot, Block No. 101, Govt. Karmachari Society, Gujarat, Rajkot	India
S1-30558497	Amrut Institute LLP	11 Clive Row, 4Th Floor, Room-8B, Kolkata, P.S Room-8B, P.S -Hare Street, Kolkata, Kolkata, Howrah, West Bengal	India
S1-28578244	Zeify Sterling Pacific LLC	128 Bertrand Street, Unit 221B, Knoxville, TN	US
S1-515702630	Sun Management Private Limited	71/04, Mansarovar, Jaipur, Rajasthan	India
S1-803967425	O S Pena Brookfield LLC	Unit UNIT C, Bozeman, 56 Kimball Avenue, MT	US
S1-693612958	Sadar Clinic	7/243D, First Floor, Konnikara Complex P O Parappur, Parappur, Thrissur, Kerala	India
S1-774375459	Safe Emerging PLLC	4525 Hooded Merganser Drive, City Of Middleton, WI	US
S1-583963539	Valdes Culture LLC	124 Missouri Avenue, Islip, NY	US
S1-231148208	Manda Siddhi Inc	4702 Oakwood Drive, Hillsboro, MO	US
S1-327003988	FUE Pgim Inc	1705 Hundred Road, Chesterfield County, VA	US
S1-78362278	Byrd Pinnacle Rock LLC	4420 Canyon Coral Way, Rancho Cordova, CA	US
S1-17463957	Laxmi International Pvt Ltd	1322/89 Hemkunt Chamber 13Th Floor Nehru Place, Delhi, New Delhi, Delhi	India
S1-205668568	519 Highland Apartments	1805 Forrest Road, Parkville, MD	US
S1-445075595	Schoen Tri-State Jpmorgan LLC	1500 Terrace Drive, Unit APT 31, Brownwood, TX	US
S1-561036116	Verrova Wellness, LLC	625 800, Salt Lake City, UT	US
S1-226336211	Graves, Anderson and Jones	574 Newton Avenue, Stanwood, IA	US
S1-482402023	Global Foods Private Limited	Flat No. 202, B, Mansarovar Apartments Gen. A.K. Vaidya Marg, Malad East, Mumbai, Maharashtra	India
S1-697752122	Ars Memorial Trust	101/1, Padam Nagar Old Faridabad, Faridabad, Haryana	India
S1-373635517	Cordes Presidio LLC	132 Middlesex Road, Middlesex Township, PA	US
S1-748240635	Cornerstone Environmental Concepts, LLC	5849 Dorton Lane, Henrico County, VA	US
S1-456427404	Cozy Nails! PLLC	MN, 13977 East Road, Lake Park	US
S1-206973671	Behavioral Health Clinic	1597 11800, Lewiston, UT	US
S1-607735851	Empire Complete Acp LLC	1201 Harrill Street, Unit 1, Charlotte, NC	US
S1-25666003	Barnett Gulf Leapfrog Associates	Washington Court House, 508 Rawling Street, OH	US
S1-901635270	Electricians Local Union 692	1105 29th Street, Baton Rouge City, LA	US
S1-840333326	Pinnacle Nmp Inc.	1801 17th Street, Eunice, NM	US
S1-729791813	Galaxy Investment Private Limited	House No. 40 Block-F, Pkt-21 Sec-15, Rohini, New Delhi, North West, Delhi	India
S1-42402348	Smart Management Private Limited	Flatno.201, D.No.562/2-12, H I G House, Bangalore North, Bangalore, Karnataka	India
S1-542993404	Best Nano	17506 Cassina Drive, Spring, TX	US
S1-476007411	Unified Pacific	Rockland, ME, 316 Old County Road	US
S1-209364779	East Urban Infra Private Limited	F-45D, Gtb Enclave, Nand Nagri Dilshad Garden, North East Delhi, Delhi	India
S1-133393847	Surya Constructions	Fl. No. 308, Chandan Appt. Nr. Althan Garden, Surat, Gujarat	India
S1-65318779	Koga Fuse Inc.	4895 389 Road, Stuart, OK	US
S1-634319666	Ats Concrete Private Limited	Fl No-104, Pacific Avenue, Pl No-12, Sr No-1001, Nashik, Maharashtra	India
S1-362542076	Burns, Reich & Kalinowski Group	4220 Park Avenue, Unit Suite 1, Hamburg, NY	US
S1-79721927	Tirupati Solutions Pvt Ltd	Arkha, H. No. 493, Unchahar Raebareli, Raebareli, Rae Bareli, Raibareilly, Uttar Pradesh	India
S1-317605239	Miex Capital Partners LLC	2807 Norton Avenue, Leander, TX	US
S1-175157350	XO Jones LLC	15547 Cottage Grove Avenue, Dolton, IL	US
S1-862514107	Arihant Management Private Limited	153/18, Picnic Garden Rd, Picnic Garden, South 24 Parganas, West Bengal	India
S1-658564859	Mocksville China	187 Angell Road, Mocksville, NC	US
S1-224507173	Kaustubh Enterprises	No.24, Karpaganagar, K. Pudur, Madurai North, Madurai, Tamil Nadu	India
S1-984031394	Plus & Co	Plot No-141/43, 2Nd Floor, Bhouma Nagar, Unit-4, Bhubaneswar, Khordha, Orissa	India
S1-584425961	Advanced Chemical Global PC	701 Harvard Lane, Newark, DE	US
S1-909700452	Santoro and Merkle Boston	324 Circle Dr, Boone, NC	US
S1-496704470	Urban Products Private Limited	C/O Md Ahmadullah, Vill-Barna (Barenda), Samastipur, Darbhanga, Bihar	India
S1-411111192	Ss Enterprises Limited	Thrissur, Door No 118/7Opp Electricity Office Kattoor, Kerala, Thrissur	India
S1-379512302	Radha Welfare Society	Uttar Pradesh, Bhadoi, Sant Ravi Das Nagar, C/O Jilajeet Sadopur S R N Danupur Patti Purab	India
S1-142615091	Modern Bharat Engineering Limited	Ashok Kumar Verma, Shivajinagar, Tetaribazar, Naugarh, Siddharthnagar, Uttar Pradesh	India
S1-563401051	Saint Emanuel	1 Royal Street, Thomasville, NC	US
S1-77730325	Enpee Process Private Limited	632, 4Th Cross, 17Th Main, 100 Feet Road 3Rd Block, Koramangala, Bangalore, Karnataka	India
S1-839336653	Kinesis (India) Infraproperties Ltd	2/113 Raheja Crest, Oshiwara Off New Link Rd, Mumbai, Maharashtra	India
S1-670638081	Sai Management Private Limited	145, Mittal Tower, C- Wing Nariman Point, Mumbai, Maharashtra	India
S1-861892127	Neethi International School	Office No.11, Floor 2Nd, 236, Gomati Bhavan, Kalbadevi Road, Near Cotton Exchange Bhuleshwar, Mumbai, Maharashtra	India
S1-268527833	Balaji Institute Limited	103, Diamond Trade Center Diamond Colony, Indore, Madhya Pradesh	India
S1-572881070	Surgical Regional Health	36 Graham Street, Memphis, TN	US
S1-587262704	Espinoza, Picou and Czech Co	847 Mission Road, Fl 0, Wichita, KS	US
S1-112604796	Fresh Optimal Mellon	3680 Paulding Avenue, Bronx, NY	US
S1-17444148	Soni Charitable Trust	19 Lower Range Post Circus Avp S Kareya, Kolkata, Calcutta, West Bengal	India
S1-158143435	Green Energy Private Limited	Suite No.2, 2Nd Floor, Kartarbhavan 121, S.B.S. Road, Colab A, Mumbai, Mumbai City, Maharashtra	India
S1-237981543	Lotus Care Private Limited	Lucknow, Uttar Pradesh, Ashok Vihar Colony Alambagh, Lucknow, 356/340/1151	India
S1-524887516	Consolidated Apparel Concepts L.L.C.	379 Pickard Road, NC, Sanford	US
S1-977062468	Baba Systems Private Limited	477 Sector 15, Sonepat, Haryana	India
S1-810150027	Classic Consultants Pvt Ltd	No.36, K.P.N.Colony, 1St Street, Tirupur, Coimbatore, Tamil Nadu	India
S1-375710189	Solelle Ofs	CA, 9277 Shell Street, Delhi	US
S1-646822863	Moore and Harris LLP	IN, New Whiteland, 42 Poplar Court	US
S1-624714972	Hein Modern Xrp	6870 Foley-beach Express, Unit Unit 106, Orange Beach, AL	US
S1-639495144	Roche Apex Sony	301 Race Street, Martinsburg, WV	US
S1-577011427	Metech	150 Ledgebrook Lane, Raeford, NC	US
S1-298579733	Taylor Ear Nose & Throat Pacific Partners, LLC	1104 Fisher Street, Taylor, TX	US
S1-534094165	Boisvert's Machine Works	Roanoke County, Unit APT 106, VA, 3162 Berry Lane	US
S1-193291613	Fry & Logan LLC	1495 Gatewick Drive, Greenwood, IN	US
S1-139401572	Prakriti India (India) Pvt. Ltd.	196/18 &19 Ist Floor Aiswarya Commercial Center R S Puram, Coimbatore, Tamil Nadu	India
S1-850694233	South Estate	Cidco, Nanded, Plot No. 30, Maharashtra, Nanded	India
S1-865224448	Board of Finance	5930 Don Way, Carmichael, CA	US
S1-2210683	Sjb India	11/823-24 Soib Manzil, Nagarsheth Ni Pole, Opp. National Bakry Vada Chauta Chowk Ba, Zar, Surat, Gujarat	India
S1-260728497	Quantora Fuels	272 36, Hartselle, AL	US
S1-131750090	Sunil Holdings	No.6 Survey No. 295/6B, Poonamallee Bypass Road, Poonamalee, Tiruvallur, Tamil Nadu	India
S1-13846464	Salazar Liberty Fortis LLC	Village Of Menomonee Falls, WI, W145N6674 Cedar Ridge Lane	US
S1-7755378	St. Fellowship	3 Sterling Road, Greenwood Lake, NY	US
S1-560641182	Anand Consultants Private Limited	Level Four, Raheja Paramount 138, Residency Road, Bangalore, Karnataka	India
S1-76507658	Peflovue Worldwide Inc.	12755 Mill Creek Road, Lolo, MT	US
S1-809628644	Namakkal Events Pvt Ltd	2/3 Kulathupalayam West Kulathupalayam Anniyapuram, Namakkal, Tamil Nadu	India
S1-617316289	Bharat Engineering Private Limited	86-1-1, Vadrevu Nagar, Rajahmundry, East Godavari, Andhra Pradesh	India
S1-119008218	Holderman & Parker Burtech LLC	OH, Grand Rapids, 23628 Fourth Street	US
S1-540502114	Hr Construction Ltd	Pune, Block No108 Lokmanya Nagar Bldg No 9 Co.Op. Hsg. Soc. Ltd Lokmanya Nagar, Pune, Maharashtra, S.No.213, Sadas, Hiv Peth	India
S1-129379529	Piedmont Holding Company, Inc	5745 -154 Northampton Boulevard, Virginia Beach City, VA	US
S1-461821835	Zonnya Curtis, DMD, P.C.	1580 Harbor Springs Road, Russell, KY	US
S1-955291471	Kim & Hunsaker Coastal LLC	2048 Bay Drive, Kill Devil Hills, NC	US
S1-146264598	Big Book Store	41 Rainbow Lane, Keyser, WV	US
S1-958162118	Tineo Metropolitan Old Inc	Brunswick County, 3180 Danieltown Road, VA	US
S1-674175258	Sinha & Co	126Arts College Road Coimbatore, Tamil Nadu, Coimbatore, Tamil Nadu	India
S1-641024957	Bureau of Consumer Affairs	15W 528 63rd Street, Burr Ridge, IL	US
S1-698759400	Navoon Harbor Epr L.L.C.	10605 History Land Highway, Richmond County, VA	US
S1-245491632	Mohali Clinic Pvt Ltd	Plot 174, Phase 9 Sas Nagar, Mohali, Punjab	India
S1-932956776	Pacific Wholesale Collective Care	1745 Minocqua Street, Indianapolis, IN	US
S1-657331392	Fortune Technologies Private Limited	No-97, Tamil Nadu, Tiruvallur, Poonamallee, Saraswati Nagar, Thirumullaivoyal	India
S1-18716924	Ay & Co	C/O- Bharat Thakur Vill-Chakia, Tola- Chakia, Block-Chakia(Pipra), Motihari, East Champaran, Bihar	India
S1-621465853	Sandie Gladney Vanguard Hcm Co	480 Arthur Bradley Road, London, OH	US
S1-898385707	24HR Fitness Inc	1628 300, Unit 29, Vernal, UT	US
S1-317776099	Flint Inc.	3123 Broad Street, Richmond City, VA	US
S1-752839022	Lower Pono LLC	KY, 1101 Abbeywood Rd, Saint Matthews, Unit 202	US
S1-582595647	Wilson and Torre LLC	1965 400, Columbia City, IN	US
S1-995564059	Dream Exports Private Limited	Pune, Maharashtra, Pune, Kalashri Co-Op Hsg Soc, H No. 507, Narayan Peth, Shop No. 4	India
S1-702568540	Commercial Construction Advisors LLC	35 Ross Road, Wilmington, DE	US
S1-591295296	My Galaxy Technologies	C/O-Rama Chandra Dash, 52 Uttarasahi Nushasan, Nuasashan First, Puri, Orissa	India
S1-521417253	Maid Book Store Inc	1131 Stiles Avenue, Youngstown, OH	US
S1-484804641	Education Network LLC	1017 328, Tyler, TX	US
S1-431578310	Shiva Trading Private Limited	5Th Ward B H Lane, Near Svk Bus Stand Ranipe, Hospet, Bellary, Karnataka	India
S1-65573978	Cascade Assets LLC	1461 County Road 4232, TX, De Kalb	US
S1-92317531	Nagpur Coach Private Limited	L-6/2/1, Nagpur, Maharashtra, Midc, Industrial Area Hingna Road	India
S1-119189253	First Estate Private Limited	65 Avenue 1St Rd, Kolkata, Kolkata, Kolkata, Howrah, West Bengal	India
S1-70415339	Neelam Association Limited	Farrukhabad, Anokhe Lal 52 Nagla Seth, Uttar Pradesh, Farrukhabad	India
S1-465695760	Kay Music Co	Flat No 2, Hissa No 22, Shivaji Statue, Opp. Supekar Fish Shop, Kothrud, Pune, Maharashtra	India
S1-845226846	Pacific Partners LLC	OH, Lowellville, 4931 Kennedy Road	US
S1-542667082	Ace Unique Estate Private Limited	1 Dattu Nagala Kaimgunj, Farrukhabad, Uttar Pradesh	India
S1-225828753	Avyaan & Sons Partners	Shop No. G-02, Ground Floor, Eternity Commercial Premises, Co. Op. Soc. Ltd Teen Hath Naka, Lbs Marg, Thane, Maharashtra	India
S1-707400711	Cg Law Chambers Private Limited	Mushahari, Muzaffarpur, Bihar, C/Omahesh Singh Gali No 4, Bazar, Samit Ahiyapur	India
S1-298578196	Isahella Matlock Mining LLC	34742 101 Business, Astoria, OR	US
S1-184958491	Dynamic Investment Private Limited	Ho.No 671, At Sk. Rajur Palam, Parbhani, Parbhani, Maharashtra	India
S1-159717797	Rocky Certified Sony LLC	12635 Vaquero Court, CA, Rancho Cucamonga	US
S1-725975422	Big It	Rz-403/D Sf Kh No. 53/1/1, Raj Nagar Part-Ii, New Delhi, South West Delhi, Delhi	India
S1-612349185	Shraddha Construction Private Limited	44, Dilbagh Nagar Jalandhar, Jalandhar City, Jalandhar, Punjab	India
S1-86827498	Eydie Wallace Golden Agricultural of Bedford Town	1718 Oakwood Street, Bedford Town, VA	US
S1-573782324	Halcial Xii Inc	207 Poplar Street, TN, Johnson City	US
S1-739377112	Libby's Apex Tattoo	1815 Jerauld Avenue, Niagara Falls, NY	US
S1-863997012	Ear Nose & Throat Superior Care Associates	1865 Moran Court, Cimarron Hills, CO	US
S1-281364752	Maa Consultants Private Limited	104-M.K. Bhavan, First Floor, Plot No.300 Shahid Bhagat Singh Road, Fort, Mumbai, Mumbai City, Maharashtra	India
S1-678172879	635 Fourth Street Management	3329 Robin Lane, Camp Verde, AZ	US
S1-884466142	Empire Committee	AZ, Sun City West, 12333 Firebird Drive	US
S1-261506576	Fey Farr Nexpoint Clinic	2510 Virginia Avenue, Unit 909, Washington, DC	US
S1-608071405	Vision Select Associates LLC	4683 Crooked Run Road, Shenandoah County, VA	US
S1-619204821	Maa Foundation Private Limited	Shop Number G 2, Main Road, Rajeev Nagar Gurugram, Gurgaon, Haryana	India
S1-621314733	Parr Value Atlanta	130 Ponderosa Drive, Santa Cruz, CA	US
S1-267372211	Coex Inc	4679 Abberton Drive, Greenwood, IN	US
S1-764699604	Ikigai Agro Limited	C/O Vinita Jain, R1/893, Lavkush Colony Ward No.23, Tikamgarh, Tikamgarh, Madhya Pradesh	India
S1-881307893	Johnson Cardiology	40 Poplar Drive, Bethlehem, NY	US
S1-337644278	K 9 Horizon Power	Round Rock, 702 Tassey Street, TX	US
S1-392500640	Pushkar Industries Group Pvt Ltd	No. 33/2, 7Th A Cross, House No 301, 2Nd Floor, Chocolate Factory Road, Thaverekere, Bangalore, Karnataka	India
S1-318944374	Rudra (India) Energy Private Limited	No. 2743, 27Th Main, 15Th Cross, Hsr Layout - 1St Sector, Bangalore South, Bangalore, Karnataka	India
S1-81039617	Straight Edge Bakery	707 Prospect Street, Southington, CT	US
S1-395702775	India Khopoli Pharmaceuticals Private Limited	4/1, Middleton Street, Room No.- 405, Kolkata, Kolkata, Howrah, West Bengal	India
S1-314716341	Fresh Diner	316 Avenue A, Unit 61, Casa Grande, AZ	US
S1-445886042	Fea Inc	124 Eve Street, Nevada, TX	US
S1-573278381	Sunrise Construction Private Limited	No.026/7, Raja Gounder, Thottam, Nggo Colony, Erode, Tamil Nadu	India
S1-855083113	Cobb Controls Inc	AR, Farmington, 12508 Meadow Oaks Lane	US
S1-644338760	Best International	Telangana, # 12-14-85, Behind Masjid, Vinobanagar, Lalapet, Hyderabad, Secunderabad	India
S1-511142402	Solutions Welspun Foundation Limited	2/1A, Sarat Bose Road, Lansdowne Tower, 5Th Floor, Kolkata, Kolkata, Howrah, West Bengal	India
S1-976818457	Bengal Land Private Limited	304, Bhanu Towers Kalyan Nagar, Phase-3, Hyderabad, Telangana	India
S1-616995300	Taproot Enterprises	S/O Rajanna, Near New Public School, Muneswara Nilaya, Ashwini Extension, Chintamani, Kolar, Karnataka	India
S1-540348322	Sanantonio and Velasquez Schwab LLC	2638 Sherwood Forest Boulevard, Baton Rouge City, LA	US
S1-122690605	Gerti Clary Silver Media LLC	202 Bristol Road, Wellesley, MA	US
S1-318683929	Tech Food	202/9, Old Shastri Nagar, L:Adhout Road, Rohtak, Haryana	India
S1-68923248	Silver, Curiel & Southall	1901 Michael Drive, Edmond, OK	US
S1-105879052	Reis	2394 2200, Wellsville, UT	US
S1-38821044	United Institute VI	TX, 413 Parsons Street, Manor	US
S1-691174622	Birch	111 Liberty Street, Binghamton, NY	US
S1-304774625	Trusted Bankshares, LLC	7904 Basswood Avenue, City Of El Paso, TX	US
S1-114346855	Premier Brown	3542 Architect Avenue, Minneapolis, MN	US
S1-683623629	Porter Prudential LLC	58 Road 4112, Navajo Dam, NM	US
S1-616045768	12 Hour Towing	1430 Geary Circle, Albany, OR	US
S1-196016267	Innovative Rent LP	62 Brush Hill Road, Litchfield, CT	US
S1-20780897	Adil Medical Centre	Block-1, No.15, 6Th Floor, Velachery Main Road, Rajakilpakkam, Kanchipuram, Tambaram, Kanchipuram, Tamil Nadu	India
S1-559418261	Infinity Synth Ltd	404/405 A Wing, Building No.23, Samarth Angan Iii Off K L Walawalkar Rd Andheri, Mumbai, Mumbai City, Maharashtra	India
S1-958374413	Ocampo Direct Rockwool LLC	135 Emory Road, Mineola, NY	US
S1-715618095	W Q Kern Drive Co	60 West Parkway, Unit Unit A, Greece, NY	US
S1-314303471	Kost & Welsh	27 Park Towne Drive, Granite City, IL	US
S1-806327199	Zou & Tallman Clean Clinic	8865 Davisson Road, Mechanicsburg, OH	US
S1-979181912	Upper Amplify LLC	Centerville, Unit A308, 1325 250, UT	US
S1-940231242	ZJ Foundation Private Limited	C/O Jitendra Kumar Thariyaon, Fatehpur, Uttar Pradesh	India
S1-305879453	Hitech & Sons Private Limited	Osmanabad, H No 734 At Post Kanerwadi Tq Kallam, Maharashtra	India
S1-939302359	Gunjan Real Private Limited	101-Rock Gardens Oberoi Com-Plex, New Link Road Andheri (W), Mumbai, Maharashtra	India
S1-370599271	Frontier Popular	W11235 Juniper Lane, Town Of Stephenson, WI	US
S1-147272060	Geliva	202 Cynisca Street, Waxahachie, TX	US
S1-232215533	Luna Value Blackrock Inc.	KS, 511 State Street, Tipton	US
S1-407086915	Powell Resources	2725 Vinton Avenue, Rockford, IL	US
S1-394697437	Smith Elite Sky	West Seneca, 3790 Seneca Street, Fl Floor 1, NY	US
S1-124461485	I 5 Preferred Communities Inc.	19179 11th Avenue, Poulsbo, WA	US
S1-86943475	Costa Lng Center	1017 Flaming Gorge Meadows Road, Dutch John, UT	US
S1-549461626	Eldridge Animal Hospital	NY, Brooklyn, 1662 7 Street	US
S1-265528835	Mangus Legacy Oak	713 Perolla Drive, Fort Wayne, IN	US
S1-875055228	Rocky Learning Center	2710 Ford Street, Brooklyn, NY	US
S1-826478405	Frankel Packaging LLC	Sunriver, 2 Sarazen Lane, OR	US
S1-973321119	Vivian's Highland Tavern LLC	3260 Bowling Green Court, Cincinnati, OH	US
S1-121639643	Federal Auto	1360 Finley Road, Unit 3N, Lombard, IL	US
S1-333262606	Dream Innovative International	8-1-284/569, 2Nd Floor, Ou Colony, Shaikpet, Golconda, Hyderabad, Telangana	India
S1-749612556	Growwell Biotech Private Limited	11/B, Irb Complex, Chandivali Road, Sakinaka, Andheri (East), Mumbai, Mumbai City, Maharashtra	India
S1-724175855	Cornerstone Surgical LLC	57 Maple Avenue, Cambridge, MA	US
S1-208693554	Prangan & Associates	No. 202, 2Nd Floor Oakland Apartment, I St. Cross 29 Th Main, Ulsoor Road, Bangalore, Karnataka	India
S1-778412557	Happy Tavern	Cary, NC, 102 Martins Point Place	US
S1-75532328	Balaji Industries Limited	D-17-A, Ansal Villas Satbari, Chhatarpur, Mahrauli, New Delhi, Delhi	India
S1-920434806	Sickler, Maren N., CPA P.C.	MA, Unit 1, 1284 County Street, Attleboro	US
S1-624706819	Summit Atlantic Giant Inc	2210 Walnut Grove Lane, Richmond, TX	US
S1-310278174	India Aura Project Private Limited	503 Silver Arch, Aprtmnt 22 Feroz Shah Rd, New Delhi, Central Delhi, Delhi	India
S1-985447746	Delhi Publications Center	House No:15, Elec Work, Landmark Opp. New Court, Delhi, North Delhi, Delhi	India
S1-677188373	Klima & Paulson LP	413 Everett Street, Burlington, NC	US
S1-89632800	TFU Tri-State Montage, LLC	1003 Summerbrook Drive, Euless, TX	US
S1-265800311	April, Taylor and Comer Empire LLC	43 Union Avenue, Harrison, NY	US
S1-786985867	Custom Financial Company	H-109, Ground Floor, Village Bamnoli, Near State Bank Of Patiala, Pole No.96, New Delhi, South West Delhi, Delhi	India
S1-655668963	Silvasa Web	No. 947, 3Rd Floor, 1St Cross, 8Th A Main, Ideal Homes Township Rajarajeshwari Nagar, Bangalore, Karnataka	India
S1-330843762	3915 Commerce Boulevard Apartments Inc	13822 155, Tyler, TX	US
S1-177360972	Aashirwad & Brothers Pvt Ltd	10Th Floor Jamnalal Bajaj Marg, Nirman Point, Maker Chambers-Iv, Mumbai, Mumbai City, Maharashtra	India
S1-929283013	Cardiology Partners LLC	421 Red Spruce Avenue, Sioux Falls, SD	US
S1-250353198	Life Software Private Limited	Shop No 12, Dhand Road Gandhi Nagar, Kaithal, Haryana	India
S1-546103277	Marlo Collins Metropolitan Lifesciences LLC	39179 Lake Mary Road, Happy Jack, AZ	US
S1-593728075	Sweet Barbershop	Hempstead, NY, 85 Acorn Lane	US
S1-892165235	Wattenbarger Horizon Ave	5321 Roslyn Lane, Fl 1, Lacey, WA	US
S1-911041034	B 9 I Graf Group	1200 Somerby Drive, Unit 1911, Mobile, AL	US
S1-567749868	Sohom Management Private Limited	No. 56 4Th Sheshadri Road, Marappa Garden, Bangalore North, Bangalore, Karnataka	India
S1-473657464	Saloma's Spa	Jamestown, OH, 3577 Jasper Road	US
S1-919183146	Sanjay Realties Private Limited	C/O S No. 45/1/2B, Pune, Maharashtra, Pune City, Bhintade Warehouse, Undri, Pisoli Road, Near Bishops School Undri, Pisoli	India
S1-386430480	Technologies Him It Private Limited	Maharashtra, 205, Mumbai City, Wing-D, Imperial Heights Malad Link Road, Goregaon West, Mumbai	India
S1-628162511	Health Association	6876 Ershig Road, Bow, WA	US
S1-437619125	Metro Cascade Quetta Inc	5760 250, Marion, IN	US
S1-964127540	Ornelas Arrived LLC	7948 Hayden Road, Unit APT 207, Scottsdale, AZ	US
S1-957158811	E & M Hawk Inc	955 E Broadway Street, Toledo, OH	US
S1-196615859	Clear Environmental Group PLLC	Unit 1H, 859 Main Street, KY, Frankfort	US
S1-273838021	Advanced Electricity, LLC	386 Pin Oak Drive, Rockwood, TN	US
S1-220110845	Hodges Holdings Group	46 Liberty Street, Oswego, NY	US
S1-140176981	Daskroi India Private Limited	Devgram Residency, Opp Aquapolaris Residency, Daskroi, Ahmedabad, Gujarat, E-703	India
S1-504881467	Siify Talon LLC	1298 Kennebec Drive, Dawson, IL	US
S1-667902946	Eye Care Associates of Darien LLC	19 Barringer Road, Darien, CT	US
S1-719898453	Dolley's Electronics	Greensboro, 2211 Golden Gate Drive, Unit 111, NC	US
S1-54883032	Silver Payroll Company	Taunton, 115 B Woodlawn Street, MA	US
S1-222835616	Wade Couture Inc.	8327 1st Avenue, Phoenix, AZ	US
S1-379656806	Avr & Brothers	Plot-A6/2 Midc Murbad Tal Murbad, Thane, Maharashtra	India
S1-944599249	Perumbavoor & Brothers Private Limited	8-2-401/A/A, Road No.5, Banjara Hills, Hyderabad, Telangana	India
S1-500495406	The Dent Tattoo LLC	1225 Ash Street, Piqua, OH	US
S1-981994556	Capital Titan Corp	545 York Street, Vallejo, CA	US
S1-955676516	Tex Trading Private Limited	Flat No D-125, 2Nd Floor, Bptp Amstoria Tower D, Railway Road, Gurgaon, Haryana	India
S1-449397951	Global Jas Technologies Private Limited	A-40, Krishna Nagar - Ii, Lal Kothi Tonk Road, Jaipur, Rajasthan	India
S1-907299756	Sree Brothers Ltd	Samarth Nagar, Pipeline Road, Savedi, Ah, Mednagar, Ahmednagar, Maharashtra, 10 Deepali Behind Sagar Hotel	India
S1-345272579	Kristel's Anchor Produce	423 36th Street, Unit 209, Charlotte, NC	US
S1-215958440	Kaitlyn's Construction	321 Florence Avenue, Syracuse, NY	US
S1-6387036	Headrick, Harker & Dick Nexera	106 Wilkes Avenue, Beckley, WV	US
S1-497278770	Douglas Evolution	110 Powell Avenue, Unit APT D, Evansville, IN	US
S1-763308531	Coastal Real Inc.	1339 St Catherine Avenue, Phoenix, AZ	US
S1-11042755	Leia Worldwide Inc	526 Azure Hills Drive, Simi Valley, CA	US
S1-384104711	Tirumalagiri Product LLP	Hyderabad, Tirumalagiri, 266, Sy.No.78, F N 105, Sri Durga Sai Hub, Telangana, Plot No-243	India
S1-943250672	Heritage Quality Crown	32 Herlock Road, Augusta County, VA	US
S1-740904979	Global Solutions Pvt Ltd	Godown No. U8/4, Green Park Industrial Estate, Dongaripada Vasai East Palghar, Vasai, Thane, Maharashtra	India
S1-946261562	Little Hair Studio!	401 7th Street, Beardstown, IL	US
S1-416487819	Ralston Associated, Inc.	1124 S 8 Street, Ironton, OH	US
S1-808614399	Ventures Technologies Ltd	1St Floor, Cecil Court, Mahakavi Bhushan Road Regal Cinema, Mumbai, Mumbai City, Maharashtra	India
S1-679340480	Pioneer Investments Private Limited	Pp/14-767, 768, 1222 Near, Kochupalam, Attingal Road, Chirayinkeezhu, Thiruvananthapuram, Trivandrum, Kerala	India
S1-67104817	Shweta Consultants Ltd	House No. 882, M.E.S Ring Road, Muthyalanagar, Karnataka, Bangalore Rural, No. 35, Bangalore	India
S1-442867091	Sundar Defence Pvt. Ltd.	Vadodara, Gujarat, Vinayak Commercial Complex, Opp. Manjalpur Atithi Gruh, Manjalpur, Vadodara, Sf/211	India
S1-76488514	Raj Marketing LLP	20-1-34/P25/S4, Road No 4, 1St Floor, Lotus Land Mark, Vijayawada (Urban), Krishna, Andhra Pradesh	India
S1-970482908	Aida's Signature Interiors	34-49 75 Street, Jackson Heights, NY	US
S1-167520482	Michaelson, Easton & Cherry Corporation	4404 Hallett Road, Spokane, WA	US
S1-794408745	Jorry Umar Karbon	10523 Shadow Ridge Ln, Unit 301, Louisville, KY	US
S1-692400070	Sweet Pilates!	1234 Overbrook Road, Richmond City, VA	US
S1-641192906	A Grand Best LLC	40 Sixth Street, Unit 6, Chelsea, MA	US
S1-174096518	Dicamillo School of Medicine	1266 Varnum Avenue, Unit 24, Lowell, MA	US
S1-275081256	United Foods Private Limited	No.27/47, Dharga Road, 1St Floor Zamin Pallavaram, Chennai, Tamil Nadu	India
S1-458474820	Ferrari Lakeshore Corp	987 Monte Vista Drive, Santa Paula, CA	US
S1-175691750	Kanak (india) Pvt. Ltd.	145 Keshab Chandra Sen Street, Kolkata, Calcutta, West Bengal	India
S1-53348667	Innovative Kochav	158 Baxter County 511 Road, Gassville, AR	US
S1-524382474	Huddleston Clear Property LP	18203 31st Avenue, Arlington, WA	US
S1-981830962	Royal Sunstone LLC	Fl 0, TX, 191 Carlsbad Court, Newark	US
S1-94403235	Continental Coalition LLC	17411 Maple Heights Boulevard, Maple Heights, OH	US
S1-740059678	Coastal Capital Partners	200 Clinton Avenue, Dallas, TX	US
S1-830446820	090 Laboratories Inc	Holly Springs, NC, 112 Bally Shannon Way	US
S1-230557301	Bushway, Potts & Beltran Center	11110 Park Ridge Road, Spotsylvania County, VA	US
S1-939115713	Jasper Bio Private Limited	House No- 845, Anand Nagar, Jogaiwadi, Ambejogai, Bid, Maharashtra	India
S1-976426209	Corner Bistro LLC	1108 Bonhomme Lake Drive, Unit APT M, Saint Louis, MO	US
S1-68316042	4282 Third Way Company	55 Oxbow Drive, Meriden, CT	US
S1-152766449	Plus Waste Pvt Ltd	Door No. 5/518, Santhanpara P.O., Udumbanchola, Idukki, Kerala	India
S1-599743648	Torres Royal Evo	16818 Roosevelt Street, Goodyear, AZ	US
S1-749093054	Dryden Literacy Network PLLC	1 Tannery Circle, Dryden, NY	US
S1-294888046	Blue Prime Loan	6741 Callaway Drive, Fl 1, Chandler, AZ	US
S1-43856225	Total Star Lake LP	1016 Cutters Creek Drive, South Euclid, OH	US
S1-439101193	Bangalore Associates Private Limited	2Nd Cross, Mrhb Colony, Magadi Road, Bangalore, # 1313, Karnataka	India
S1-829050368	Pierce Charles Inc	1957 Old Conover Startown Road, Newton, NC	US
S1-113466076	Shyam Agro Private Limited	P No.373, H.No. 2-23-358, Hmt Hiils, Opp Jntu, Tirumalagiri, Hyderabad, Telangana	India
S1-523753175	East School of Medicine LLC	OH, 1875 Brightwood Street, East Cleveland	US
S1-919481540	Better Lafayette LLC	6509 Ethel Drive, TX, Dallas	US
S1-156341291	Cummings Alto Center	123 Co Rd 15 A, Rayland, OH	US
S1-278259433	Foot & Ankle Health	453 Riverview Drive, Asheville, NC	US
S1-320620476	Tech Religious Maa Co	Gagan Uno, 6Th Floor, Office No. 602, Dhole Patil Road, Opp. Vohuman Cafe, Pune, Pune City, Pune, Maharashtra	India
S1-641634328	Balla Green Tankers LLC	146 Preston Avenue, Weirton, WV	US
S1-395392840	Synchrony Inc	606 7th Avenue, Grand Rapids, MN	US
S1-691002685	2094 Ocean St Partners LLC	4302 Cider Barrel Court, Spotsylvania County, VA	US
S1-722689815	Pioneer Research Collective LLC	760 Herrerra Road, Maricopa, AZ	US
S1-962258503	Williams, Mcdonald & Yang Zhejiang	2092 Hornsby Cove, Memphis, TN	US
S1-834819802	City Software Pvt Ltd	Vill- Jamalpur, Ps- Paraiya, Jamalpur, Paraiya, Gaya, Bihar	India
S1-629621362	Tirupati Classic Management Private Limited	Varsabari, Doorno.61, Ponmuniyandikoil Streetponmeni, Bypassroad, Madurai, Tamil Nadu	India
S1-265078621	Pediatric Medicine	3077 John Deere Street, Bozeman, MT	US
S1-778790720	Beacon Systems Pvt Ltd	S.A.S.Nagar (Mohali), Punjab, E-331, Phase 8B, Industrial Area, Rupnagar	India
S1-516134508	Sai Advisors Center	No.3, Perumal Koil 1St Street, Kotturpuram, Chennai, Tamil Nadu	India
S1-326392818	Upper Clean Biotherapeutics Inc	1000 Bell Avenue, Mattoon, IL	US
S1-53356671	Pediatric Medicine PLLC	4850 20, Otisco, NY	US
S1-810099361	Meridian Illinois, Inc	70 Harvard Avenue, Unit 2, Medford, MA	US
S1-13119483	Pediatric Dentistry Partners LLC	143 Mary Street, Unit Apartment 102, Syracuse, NY	US
S1-590235596	Cascade Ace Midstream	IL, Cary, 321 Ann Street	US
S1-943521566	Avyaan Charitable Trust	Plot N. 146/1246, W N. 04, Dharmpur Chok, Lachhrampur, Samastipur, Bihar	India
S1-753828617	Shields Elite Flagstar LLC	6802 Little Cypress Creek Trail, Humble, TX	US
S1-224562748	Immortal Infosystem Private Limited	Old No 22, 14Th Street, V Block Anna Nagar, Chennai, Tamil Nadu	India
S1-112970319	Sterling Sterling Living Inc	398 Navajo Road, Lake Ozark, MO	US
S1-910995242	American Guild Inc	IA, 1376 Wood Street, Dubuque	US
S1-214177738	Feedback & Sons Private Limited	# 189C-8, Sector-8 Rohini, New Delhi, Delhi	India
S1-892410227	Star Engineering Private Limited	H.No-1504/21, Gurugram, Gurgaon, Haryana	India
S1-832065280	Tirupati Foods LLP	C-75, Sarswati Puram Jankipuram Vistar, Lucknow, Uttar Pradesh	India
S1-41058451	Maa Technologies Private Limited	301 West Masi Street, Madurai, Tamil Nadu	India
S1-113906569	Jpt Sen Private Limited	1539, Gf, Gali Arya Samaj, Sita Ram Bazar, Delhi, Central Delhi, Delhi	India
S1-280867221	Sterner, Reggie, DDS, M.D., P.C.	90 Hillside Road, Dedham, MA	US
S1-42725053	Piedmont League LLC	4511 Rynex Drive, Fairfax County, VA	US
S1-28306142	Ramsey Xflh P.C.	Fl 0, 11 Sequoya Drive, KS, Park City	US
S1-283749539	Suryatech Office Private Limited	Dharm Bhakti Estate, Opp. Sonet Ceramic Old Ghuntu Road, Morbi, Rajkot, Gujarat	India
S1-542362386	Royal Media Pvt Ltd	Shop No.-15, Pooja, Shoping Complex, Saharanpur, Uttar Pradesh	India
S1-296188011	Colquhoun Cornerstone Currencyshares LLC	322 Palmer Street, Litchfield, IL	US
S1-675334975	Surya Engineering Private Limited	Maharashtra, Vikas Metal Compoundudyogdham Lbs Marg Vikhroli West, Mumbai	India
S1-702257342	Peex LLC	17 Irwin Street, Unit 4, Winthrop, MA	US
S1-458392278	Jaiswal Products Limited	Thrissur, Kerala, Kodakara, Nh Service Road, Room No. 3/763H	India
S1-757926743	Lumiq Farms L.L.C.	15405 35th Avenue, Unit I30, Lynnwood, WA	US
S1-757078074	SA Enbridge Inc.	17119 Carriage Dale Court, Spring, TX	US
S1-800987448	Youth Finance Pvt Ltd	B 1/ 401 4Th Floor Hdil Building Off Andheri Kurla Off Road Dongari E, Maharashtra, Mumbai, Mumbai City	India
S1-680738926	Iveniq Arcelormittal	4608 Castlebar Street, Canton, OH	US
S1-151138234	Southern Innovative Business Private Limited	Plot No.38, Block No.561, Sainath Goods And Commercial Complex, Taluka-Kamrej, Umbhel, Surat, Gujarat	India
S1-746406853	Lee Stifel of Bonner Inc.	700 Two Hawks Lane, Bonner, MT	US
S1-858598167	Custom Regional Cola LLC	1080 A State Road 519, Petaca, NM	US
S1-168194291	Rudolph Sony Inc	1770 600, Anderson, IN	US
S1-722972812	Marylin's Laboratories	9928 Blue Bell Drive, Fort Worth, TX	US
S1-363881648	Creative Investment Private Limited	West Bengal, South 24 Parganas, Dhapa, Sector-A, Metropolitan Co-Operative Housing Society Limited, Police Station- Pragati Maidan, Canal South Road, Kolkata, P-68	India
S1-149095964	Secure Biomedical Labs	221 Main Street, Unit 25, Avondale, AZ	US
S1-942384126	Maurizia Barber Custom Textiles Inc	1 Fineout Road, Sanford, NY	US
S1-665648756	Classic Technologies Private Limited	B-114, Ganpati Plaza, Bhiwadi, Rajasthan	India
S1-554807600	Mitesh Infratech	35/1057/1, Erinjeri Angadi, Thrissur, Kerala	India
S1-731960711	Lotus Balaji Properties Private Limited	4 Floor-1 Plot 148 Saheen Chambers, Modi Street Near Fort Market Fort Mumbai, Mumbai, Maharashtra	India
S1-769201218	Atlantic Health Center Group	1207 36th Avenue, Unit STE B, Anchorage, AK	US
S1-944353411	Renaud, Mayes and Buckley Tax Inc	10731 Paul Eells Drive, Unit Apt 20, North Little Rock, AR	US
S1-116594919	Uptown Tattoo	1335 Huron Street, Chicago, IL	US
S1-196692460	Mutual Education Concepts LLC	78 Dutch Hollow Drive, Orangetown, NY	US
S1-489872710	Hempstead Youth Precision Center	3071 Shore Drive, Hempstead, NY	US
S1-341177685	Little Auto Body!	11 New Whitney Street, Unit 905, Boston, MA	US
