entity_id	business_name	business_address	country
S3-166874567	Kim Oncnro Bdc  Corp	Hollow Dr, NEW CITY CITY, New York	US
S3-30978115	Rainbow Realtech	No 2, Bengaluru, Bangalore, ಕರ್ನಾಟಕ	India
S3-664549843	Elena Li	838 38, <NULL>, Lafayette, Indiana	US
S3-733565842	Ortiz Harbor Alchemy	6128 Saint Andrews Drive, Pasadena, Texas	US
S3-688717462	Timber Ubs	Texas, Iron Horse Boulevard, North Richland Hills	US
S3-295928401	Tamil Private Limited Center		India
S3-894677598	Private Gold Exports Provision Limited	Ward No 12 Gola Uttar Pradesh, UP, Gola Gokaran Nath, No 62. C/o Sri Suresh Pal Munnuganj, Kheri	India
S3-62959492	Absolute Projects Private Ltd		India
S3-594893391	Fritz, Francisca Crystal Global	2002 Butternut Rd, Temple, Texas	US
S3-316551646	Creative Évo LLC (ID: 29156)	2423 85 St, Brooklyn, New York	US
S3-858347167	Shamli Ventures Private	Khodiyar Nagar, B/h Malek Saban Talav, B/##6, GJ, Ahmedabad	India
S3-463280021	Liberty Ministries Services	#2505 Mahala Ln, Chattanooga, Tennessee	US
S3-35645257	Caribbean Lífe Private-Limited	Mukta Ram Babu Street, Howrah, পশ্চিমবঙ্গ	India
S3-413464455	Sauceda  and Solis	145 River Birch Grove Road, Unit 108, Asheville, North Carolina	US
S3-804274094	Golden  Foods LLP	Khasras No. 48//9 Min, Panipat, हरियाणा, Panipat	India
S3-117524284	JUK Consultancy Prívate [Limited]	Unt No. 0204, Parinee I, Shah Indl Estate, Off-veera Desai Road, Andheri West, Mumbai, MH	India
S3-679714138	feliciabogertselect.com - 6517333186	2230-2234 3rd Avenue, El Dorado, Kansas	US
S3-796332798	സ്റ്റാർ ഇൻഫ്ര പ്രൈവറ്റ് ലിമിറ്റഡ്	1/440, Thalapilly, KL	India
S3-351144866	Orion  Source	6400 Brainerd Rd, # 150, Chattanoogac ITY, Tennessee	US
S3-69714651	Corey & Rios Futurecrest Llc	Suffolk City, Virginia, 205 Causey Avenue	US
S3-920704479	Lamb Interlts Co	2634 Boulder Court, HGH Point, North Carolina	US
S3-504400913	Texas Cíty Environmental Premier Ministries	2522 Twenty First Ave, Texas City, Texas	US
S3-176181204	Guerrero, Mcwilliams and Keeton Jessamine Company	201 Canter Lane, Jessamine Co, Kentucky	US
S3-131721676	Empire Society	8263-8267 Harcourt Rd, Indianapolis, Indiana	US
S3-947694541	Cordes LLC [Service]	132 Middlesex Rd, Middlesex Township, Pennsylvania	US
S3-749575388	Pediatric Dental Partners Inc	New York, Unit Apartment 21, 4-6 Riverside Dr, Sleepy Hollow	US
S3-258829886	बिग ब्लू एस्टेट प्राइवेट लिमिटेड	4-6 Indraprastha, Kranti Nagar, Sinhgad Road Wadgaon (Budruk), Pune, महाराष्ट्र	India
S3-729329876	Pershing Newbridge Group	390 Plano Rd, Kentucky, Unit 1127, Bowling Green	US
S3-185834385	Vertex Inc	1201 55st St, Cleveland, Ohio	US
S3-244796689	Ear Nose & Throat Medicine L.L.C.	2500 Melbrook Drive, Kankakee, Illinois	US
S3-528266591	Smv Private  Limited Center	##602, Center Point, J.b.nagar, Andheri - Kurla Road, Andheri, (E), Mumbai City, Mumbai, महाराष्ट्र	India
S3-212576532	Sri South Logistics Prívate Limited	Secunderabad, Andhra Pradesh, 0157	India
S3-498086849	Creative Brown	624-628 Pam Ave, ST Ccharles, Missouri	US
S3-19954425	treichelrennie.com	279 Aaron Circle, Vacaville, California	US
S3-308167517	Steelworkers Local 80 Greater	2313 Tarleton Lane, Parkville, Maryland	US
S3-371955406	Fitzpatrick Diversified	West Virginia, Cool Ridge, 1035-D Farley Branch Road	US
S3-945449810	Heartland Partners Network	1932 Zinnai Way, Greensboro, North Carolina	US
S3-827702300	Bay Alliance III Co	3004 Bouchard Ct, Columba CITY, Tennessee	US
S3-687844698	व्हाइट आईटी प्राइवेट लिमिटेड	X/3296, East Delhi, DL	India
S3-232561030	Dr SKYLARK MINERALS PVT LTD	Calcutta, WB, Kolkata, 12/ 1 Lindsay St	India
S3-540914493	रॉयल ड्रीम मैनेजमेंट प्रा. लि.	Tungareshwar Ind Complexno 1 Gala No 9 Godavari Village Sativali Vasai (E), Thane, महाराष्ट्र	India
S3-804865120	Way 3710 Main L.L.C. Properties	2 Cross Timber, Edwards, Colorado	US
S3-722698281	kochcharterschoolcom	8906 Marcella Avenue, Fl. 0, Saint Louis, Missouri	US
S3-858161605	Ltd Nature & Brothers Industries	327, Sr. No. 6186, Shaniwar Peth, Ganpati Chw, Maval, Pune, MH	India
S3-21156866	Center 5anchez LLC	712 Angelle Drive, Louisiana, Houma	US
S3-162760234	Sollial River Corporation	25212 Mc 85, # 2030, Buckeye, Arizona	US
S3-628725470	Beacon  Co Center	Toledo, Ohio, 4179-B Elmhurst Road	US
S3-626916989	The M+ West	62 Olde Forge Lane, Nottingham, Maryland	US
S3-73957528	Sri Everlink (India) Advertising Pvt [Ltd]	#28-4-616 Drivers Colony, Anantapur, AP	India
S3-219738954	Clea Warren Ngl Northside LLC	363 Mohican Ct, Canal Winchester, Ohio	US
S3-684258895	Continental Purecycle P.C. [Services]	275 Bradford Cir, Batavia, Illinois	US
S3-781297573	Midnapore Construction  Private Limited	Door No 916 Lakshya Midnapore, Midnapore, WB	India
S3-186651762	ஈஸ்டர்ன் கன்ஸ்ட்ரக்ஷன்ஸ் பிரைவேட் லிமிடெட்	Khan Palayam, 4Th Street, Madurai North, #36A/12, TN, Madurai	India
S3-467396143	Balaji Consulting	2D, Block X, Phase 1, Natural Heights, Vip Road, Kolkata, Calcutta, Howrah, পশ্চিমবঙ্গ	India
S3-788045302	Rose Pvt Ltd Services	A ##17, Raju Enclave Dwarka, Kakrola, New Delhi, दिल्ली	India
S3-927472062	Zentner Alliance	8324 Rosiere Drive, Cary, North Carolina	US
S3-608560010	Oncology Specialists  Clinic	321 Genoa Road, Ohio, Commercial Point	US
S3-575017136	Ridgeline LLC  Center	736 Normn Avenue, Norfolk, Virginia	US
S3-549070126	Zenith Tax Llc	5241 Sable Court, Metor, Ohio	US
S3-14319060	Aguilar, Steele and Hicks Voya	Massachusetts, 18C Seneca St, Indian Orchard	US
S3-596297494	CO PRIME PROPERTY HOLDINGS	New Mexico, San Jon, 619 Main Avenue	US
S3-736612804	Olanyn Mountain (Inc)	14-16 Coe Place, Huntington, New York	US
S3-287756305	The Dent Yoga Inc.	303 Lincoln Street, Abington, Massachusetts	US
S3-876664459	Korgildnovi Formerly Eastern Realty Inc.	3287 200, Cory, IN	US
S3-551021492	Viole  Wright Trusted	176 Columbus Avenue, Unit 404A, Pittsfield, Massachusetts	US
S3-732851686	FELIX FELIX PRAIRIE PEOPLES CARE	8438 East St, Tippecanoe, Indiana	US
S3-973026272	Sakambhari Holdings Industries	Falt No303 Sn28/8a Swarna Gari Malhar Building Anan, Dngr Hingane Kd Pune, Pune, MH	India
S3-986771770	Cal LLP Brothers	No 112, Krishna Chauhan Colony, Pal Chwok, Rail Toly, Gondiya, MH	India
S3-195907676	Joletta's Áutomotive	11819 62nd St, Kansas City, Missouri	US
S3-698920039	The Surgical Care Associates	604 Daytoia Ave, Fairborn, Ohio	US
S3-419719124	इंटरनेशनल इंफोटेक प्रा. लि.	F-#14 & F-15, New Delhi, Central Delhi, DL	India
S3-842154250	Pune Warehousing  Private Limited	Office No. 39, Pune, Kothrud, MH	India
S3-530469455	Liberty Project LP	University Drive, PO Box 6861, Tempe, Arizona	US
S3-214908244	Kaizen Infrastructure (India) Limited Service	3Rd Floor Primeco Towers Survey No 192 & 193, Bangalore Rural, KA	India
S3-546793705	Korquolyra DBA: Clark Australia	608 Files Street, Itasca, TX	US
S3-633575610	anandindustries.com	H.no 1. 1 265/41, Secunderabad, Hyderabad, తెలంగాణ	India
S3-789709277	P V Rocky Center	Los Olmos Dr, Los Fresnos, Texas	US
S3-611236576	ICC-Limited Center	Plot 334- A-501, Mumbai City, Mumbai, महाराष्ट्र	India
S3-332613761	Creative Construction	984 Blue Ridge Dr, Nsahville, Tennessee	US
S3-344150764	Temple Lutheran Center  Services	2200a Village Drive, North Little Rock, Arkansas	US
S3-256198259	Ga1loway Multimedia  LLC	103. 4th Street, # Suite 106, Alabama, Oneonta	US
S3-970670751	Nylasol trading as Apex Impex Private Limited	Flat No.404, Gokul Regency I, Thakur Complex, Mumbai, Kandivali East, Maharashtra	India
S3-274133370	J0sey Pioneer Dynamic Co	4101 Rancier Ave, # 612, Kiilleen, Texas	US
S3-295664774	Lao Holdings Ltd	24 Berne Drive, Owego, New York	US
S3-556256726	Goal Pvt Ltd Services		India
S3-61950744	Dryden Innovative	198 Park Way Drive, Unit 47, Tonto Basin, Arizona	US
S3-476612266	CKI	Rupnagar, Punjab, Emaar Mohali Hills, Plot No. 24B-1 Sector 108, S.A.S.Nagar (Mohali)	India
S3-64031796	9-Bróthers	Elk Grove Village, Illinois, Talbots Lane	US
S3-495188664	Olva's Inc. Center	477 Van Koevering St, Rialto, California	US
S3-395190782	Chen, French & Marciniak	Terry Hill Road, Veteran, New York	US
S3-865411191	Ventures Daya India Private Ltd	Flat No. T-3, Prop. No-48, T/f, Gali No. 22, Okhla, South Delhi, DL	India
S3-860912791	Kelohalo	Pt.no. 571, Karikalansalai, Sholamanagar Navalpattu(po), Thiruverumbur, Trichy, TN	India
S3-321894807	starpinnaclegreat.com	Eagan, 3991 Beryl Road, Minnesota	US
S3-279249864	Raj Healthcare Limited Private	H. No. 127-B, Kh. No. 7/11/3, B-blk, Shiv Vihar, Vikas Nagar, Uttam Nagar, Delhi, West Delhi, DL	India
S3-300642723	Sfosgrey Yhn LLC	65 Jackson Saint, Haverhill, Massachusetts	US
S3-280378134	Mumbai Test Private Ltd	4/26, Cama Building, 1St Floor, Dalal Street Fort, Mumbai City, Mumbai, MH	India
S3-968111746	Pvt Globetech Trailers Enterprises Limited	Plot 1 D-32, Palacimo, Varsha Park, Baner Road, Haveli, Pune, MH	India
S3-40993630	Paulette Pitts,	Memphhis CITY, #1957 Clifton Ave, Tennessee	US
S3-537800471	Smt Modern Systems LLP	Door No 844 A-6 Sector-23, Noida, Ghaziabad, UP	India
S3-465486237	rising producer (india) co	DL, B-57vivek Vihar Ph-ii, North Delhi, New Delhi	India
S3-304822875	Karchhana Restaurants Group	उत्तर प्रदेश, Door No 14F/17 Daud Nagar, Karchhana, Allahabad	India
S3-817043725	Ryan Feerla	4320- Arlington Circle, # Unit 5M, Clay, New York	US
S3-381245901	East Peoria Community Services Corporation	302 Howard St, East Peoria, Illinois	US
S3-890728577	Future Food Private Limited	Fl B 102 Prime Heights, Pune, MH	India
S3-807887946	Ernesta Pearce, O.D., PC	430 Wasatch Blvd, # J1, Cottonwood Heights, Utah	US
S3-643313222	Alvarado Pediatrics	Bosworthfield Rd, Barrington, Illinois	US
S3-698001501	Nashville Historical Cóuncil	226 Dellrose Drive, PMB 461, Nashville, Tennessee	US
S3-106314117	Soh's Bóutique Ltd	513 Trapline Ln, Chanhassen, Minnesota	US
S3-893478191	Shri Advik Tech (lndia) Private Private	#73/2, Bangalore-55, Bangalore, ಕರ್ನಾಟಕ	India
S3-645898165	#hyltonfirst	9516 Singers Glen Road, Rockingham County, Virginia	US
S3-280880822	ஹோட்டல் டிரீம் கன்சல்டன்ட்ஸ் பிரைவேட் லிமிடெட்	No 11H/8, Vaalan Complex, Ambai Road, Palayamkottai, Tirunelveli, TN	India
S3-463331089	Kalyani Sda	#50-13-25/54 Seethammapeta, Hyderabad, Visakhapatnam, AP	India
S3-682853801	Ericson Inc Services	Austin, Texas, 4710 Unity Circle	US
S3-711664808	North Milestone-LLP	C-4 Siddharth Building, 14/2 Burdwan Road, Kolkata, Howrah, Kolkata, WB	India
S3-383955712	Southern Fortune	2836 Wasatch Peaks Rd, Morgan, Utah	US
S3-273281938	Cascade Guild IV  LLC	101 Healy Street, Unit 3, Fall River, Massachusetts	US
S3-569255973	Gutierrez Foelible Inc	Peoria, Arizona, ##10950 Union Hills Dr	US
S3-425258870	XUB LLP Center	C/o Uttam Kumar Singh, Amit Residency, Tea Auction Road, Pradhan Nagar, Siliguri, Purulia, WB	India
S3-21962216	consultingprudentcoircom	Ahmadabad City, ગુજરાત, Ahmedabad, 404, 4Th Floor Poonam Arcade, Nr. Asopalav Showroom, ##89 Ttcs Laboratory Llp	India
S3-901320654	Hyland Ship Inc	0235 Woods Edge Dr, New York, Painted Post	US
S3-967710018	Firefighters Firefighters Lhmcl 459 Partners	10561-C Green Street, Chicago, Illinois	US
S3-257988916	Mr Magnum Plastics(India) Private Limited	Door No 109/5 B.m. Tower Sapna Sangeeta Road, Indore, MP	India
S3-217779477	PRECISION SEMICONDUCTOR SYSTEMS INC	966 Tangelo Cir, Elk Grove, California	US
S3-789817330	Velraex Ltd	21691 Thunderbird Road, Apple Vaalley, California	US
S3-618520851	Lotus Star Power Private	No Sy No 131/3C, Bangalore, KA	India
S3-283337361	Navpad Ventures  Holdings	#47/2 At-eknath Vihar, Amravati, Near Shankar Nagar Rajapeth, MH	India
S3-840587097	RZ Spa	387 Troxel Dr, Oneida, Tennessee	US
S3-584005416	Brixarc	234 Harrell Street, Hanover, Indiana	US
S3-438091232	XV LLC Services	11221c Chatterly Loop, # UNIT 302, Prince William County, Virginia	US
S3-398631110	Wings & Brothers Infratech	Ghaziabad, UP, 1/4, First Floor South Side Gt Road Industrial Area, Ghaziabad, A-g-14	India
S3-426573719	Limited Eco Software Industries	Door No 0045 C/o Ramsurat Pandey, Varanasi, UP	India
S3-769704989	Twisted Tavern  Inc	57 Bigelow St, Quincy, Massachusetts	US
S3-887173981	Smith lmperial of (Corvallis)	Arrowood Cir, Corvallis, Oregon	US
S3-725352542	Black Prncer  Blackrock	2468 Fairview Blvd, Fairview, Tennessee	US
S3-972745268	Jolene Ferguson Prime Oxley (Center)	6573 Sand Wedge Court, Fairfax County, Virginia	US
S3-844839420	फ्यूचर एस्टेट प्राइवेट लिमिटेड	214/1 Pidartali Ward No. 1, C T E I Road In Front Of Daal Mil, Singrauli, MP	India
S3-238265494	Real (India) India Ventures LLP	704., Celebration Apartment, Rathodi Village, Marve Road, Malad West, Bombay, Mumbai City, MH	India
S3-18925596	Ss Technology Private	H.no 1164, Central Delhi, Delhi, DL	India
S3-345947515	Rudloff'S Crystal Metal Works-Ltd	Unit 6, 100 Paradise Dr, Nacogdoches, Texas	US
S3-37936606	Shri Quality Product LLP		India
S3-473754779	Perry Coastal Lincoln	157 Church Saint, Millbook, New York	US
S3-569156167	Stallion Brothers & Private (Limited)	Indore, Goyal Nagar, B-51 Gretar Brajeshwari, मध्य प्रदेश, Indore	India
S3-256200346	Agro Gwalior Resorts Ltd	Hyderabad, TG, Hyderabad, D.no 15-9-262	India
S3-315989076	R0sift	3904 Lori Dr, Unit Apartment 28, Erlanger Ky, Kentucky	US
S3-598097620	Dental Válley Specialists	208 15nd St, Lynden, Washington	US
S3-891831435	Private Hari Logistics Limited	C/o Manali Manoj Tayade, 12 Belaj, Tq Chandurbazar, Chandur Bazar, Amravati, महाराष्ट्र	India
S3-119873949	M/s Mars Mobile	1739/3(Basement)New Kohinoorhotel Pataudi House Darya Ganj, New Delhi, Muradnagar, DL	India
S3-776662614	-- pava inc	2431 Lobach Drive, Upper Allen Township, Pennsylvania	US
S3-478179660	Mahala Pippins Alibaba, [lnc.]	21, Jasper, New York	US
S3-510446799	Big Bike	917 Dogtown Road, West Virginia, Belington	US
S3-752051742	Wilson & Keehn  LLC	5001 Ellis Ave, Chicago, Illinois	US
S3-111046402	Highland Scheel World	175 Miners Way, Halethorpe, Maryland	US
S3-303143562	Vanguard LLC Center	203 Claire De Lune, Harrodsburg, Kentucky	US
S3-819918496	Bkb Infrastructure Pvt Pvt	#C-21/20 Lal Bahadur Sarani Behala, Kolkata, Howrah, WB	India
S3-428216887	Helot Mdmmiil Centre Pvt Ltd	No 729, 16Th Cross, 27Th Main, Sector-1, Bangalore South, Bangalore, KA	India
S3-517847475	Smith Reliable  Americas	# F, 6 Ridgewood Parkway, Virginia, Newport News City	US
S3-354608709	Lyrariza	4100 N Park Drive, Belleville, IL	US
S3-229892518	Belizaire & Mebancton	4343 Hooded Crow Cir, Rancho Cordova CITY, California	US
S3-59225548	The Dent Seafood Group Center	Altoona Twnship, Pennsylvania, 1017 12rd St, Unit APT 605	US
S3-102277272	India Ansar Project Private [Limited]	H.no 503 Silver Arch, Aprtmnt 22 Feroz Shah Rd, New Delhi, Central Delhi, DL	India
S3-596699288	Peak Fitness Corp	2855 Collingwood Dr, PO Box 1674, Round Roock CITY, Texas	US
S3-172080265	Araujo Associates Inc	North Carolina, Angier, 128 Sandra Ct	US
S3-419669641	Oncology Care Corp (Services)	#414 Shady Oak Rd, PMB 3975, Clear Lake, Minnesota	US
S3-517394827	Yumasol	B-001, Hari Garden Chs, Cidco Garden, Sec 10, Panvel, Raigarh(Mh), Maharashtra	India
S3-960173606	Surgical Group East	1244 Calumet St, Centralia, Illinois	US
S3-800171642	Hartman Montessori  School Partners	193 8057, Apache County, Arizona	US
S3-719620384	Mr Decon Developers L.L.P. L.L.P.	Shop No. 2, DL, C-47, Community Centre, Phase 1, South West Delhi	India
S3-394349867	L.L.C. Ort Melar	761 Golf View Drive, # C, Medford, Oregon	US
S3-109959310	Family Cornerstone Care Ínc Ínc	2329 15th Street, Troy, New York	US
S3-729645891	Houston Oceanhawk Inc	5163 Jackwood St, Houston, Texas	US
S3-77372423	Belomiragild	702, Florentine, A Wing, Powai Hiranandani Garden, Mumbai, Mumbai City, Maharashtra	India
S3-705456238	Buildestate Legal	Ist Floor Of Sanskrut Complex Abu Road Highway, Palanpur, Banas Kantha, GJ	India
S3-254249783	PATIALA PRIYA	Shop No14 Bhagat Singh Shop No14 Adalat Bazar Ac Mrkt, Patiala, ਪੰਜਾਬ	India
S3-792300680	Benevides, Hdlhl and  Payne Inc	Continental Avenue, Unit 216, Naperville, Illinois	US
S3-265198205	Pvt. Bhiwandi Prócessing Ltd.	Building No. Bl, Gala No. 7A, Shree Rajlakshmi Commercial Complex, Kalher Village, Bhiwandi, Mumbai (SUBURBAN), MH	India
S3-923701750	Store Book Sweet	11094 Denier Drive, Marana, Arizona	US
S3-931066077	Munguia, Keithley and Grier Partners	39 Hickory Ave, New Windsor, New York	US
S3-764312426	Mynatt and Cóots Research LLC	610 Owen St, Tffin, Iowa	US
S3-581942815	Strategic Sun Corporation	2699 Broadwing Lane, Liberty Lake, Washington	US
S3-909337052	रॉयल मीडिया प्रा. लि.	Shpo No.-15, Pooja, Shoping Complex, Saharanpur, UP	India
S3-389853034	Goodpoint Enviro	7A/75, Ground Floor, Karol Bagh, Main Road, New Delhi, Central Delhi, दिल्ली	India
S3-479133727	Dr Rps Rps Investments (Private)	C/o Na, Kalawati Vihar, Bande Pur Na, Sonepat, Sonipat, HR	India
S3-556487841	Bharat  Enhgtneerigg	C/o Davinder Singh, First Floor, Malout Road, Muktsar, PB	India
S3-563536541	Benjamin Oak ((Corp))		US
S3-925866437	Innovative Staffing	22 E St, Keyser, West Virginia	US
S3-964165056	Kohlman Choice	924 Acri Rd, East Pennsboro Township, Pennsylvania	US
S3-492787699	Nibert And  Smih LLC	#18117 Dove, Alexander, Arkansas	US
S3-273135642	Cowell Cornerstone [Beverage]	1566 Emerald Mountain Parkway, Wetummpka, Alabama	US
S3-144054868	Muro, Simpson And Leibel Co	1495 476, LST Creek CITY, Kentucky	US
S3-854995250	Creative Búsiness Dynamics Southside LLC	2424 Mountain Sky Avenue, PO Box 5668, Phoenix, Arizona	US
S3-684926573	LLC Pediatric Deesttry Bay Specialists	214 Florence Ave, Springfield, Missouri	US
S3-321612977	Products Ml Tech  Private Limited	H.no 322 D-260 Ramprastha, Ghaziabad, UP	India
S3-484487622	Uptown Deli Corp Corp		US
S3-377484195	E & L Góres Góres PC		US
S3-513505053	Global Constructions Private Ltd	North Delhi, दिल्ली, House No. 8/8, Central	India
S3-4045991	परफेक्ट डेवलपर्स प्राइवेट लिमिटेड	#7 Triveni Nagar 1, Nangal Jaisa Bohra, Jhunjhunu, Jaipur, RJ	India
S3-891317718	Dejesus, Barnesmt & Hern	5258 Liberty Ct, Unit BLDG, Gloucester, Virginia	US
S3-805347641	North Healthcare Limited Private	Flat No. 104., Panvel, Raigarh, महाराष्ट्र	India
S3-918499759	Wingfield  Industrials	907 Ninth St, N/A, Anson, Texas	US
S3-18644139	Main Street  Book Store Corp	7219 Deervalley Dr, Fairview, Tennessee	US
S3-56128941	Main Stréet Diner	1041-B Barnford Mill Rd, Wake Forest, North Carolina	US
S3-221786955	आनंद इंजीनियरिंग प्राइवेट लिमिटेड	Door No 568 26, Silarpur, Near Secretariat, Mandi Ateli, Rewari, हरियाणा	India
S3-473343865	Dermato1ogy Medicine	1051 Van Buren Ave, India Trail, North Carolina	US
S3-809080663	Valley Program Interfaith	1859 King Avenue, Des Moines, Iowa	US
S3-447652094	Big  Auto	6115 86th St, Lubboock, Texas	US
S3-688680940	Slate PLLC	Charlton St, Southbridge, Massachusetts	US
S3-215142872	Precision Property  Digital	East Ave, Warren, Ohio	US
S3-677841136	Balaji Infrastructure Infrastructure Private Limited	Fl.no.e-1202, Ahmednagar, MH	India
S3-352816789	JA Protection Limited Service	Chamkani Qarbala, Behind Jugdish Nursing Home, Shahjahanpur, UP	India
S3-800531865	[LP] Digital Telec0m Dynamics	118 Starside Dr, Tooele, Utah	US
S3-269566593	Schmidt, Melander & Pratt Insurance	675 Jewett Avenue, Bridgeport, Connecticut	US
S3-881379217	Parashakti Group  Infratech Corporation	311, Flr-3rd, 342, Subh Chetnah Chs Maulana Shaukat Ali Road, Grant Road, Bharatnagar, Mumbai City, महाराष्ट्र	India
S3-686628291	Laxmi Propertsfiges		India
S3-195589589	Kolkata Metaltech Private Limited	31 N S Rd, Calcutta, WB	India
S3-59271750	Overholt Energia LP	31. Mechanic Street, Monson, Massachusetts	US
S3-607623256	Pediatric Dental United	Lebanon, Tennessee, 1618 Ponderosa Trl	US
S3-975443902	Sai  Ventures Private Limited	C/o Satpal Singh, W.n.5 Asd, Assandh, Karnal, HR	India
S3-131709658	Private Sai Agro Pharmacy Limited	Df-158, Street No. 352, Action Area 1D, New Town, WB	India
S3-328060569	celeo llc	06559 244th Avenue, Douglas County, Nebraska	US
S3-257099703	Asset Bulthddng Trust	741 3rd St, Wakeeney, Kansas	US
S3-147711174	Jgbcra LLC	8 Dalton Court, Richlands, North Carolina	US
S3-396810107	Chiropractic-Clinic	3390 Aanda Avenue, Kingman, Arizona	US
S3-141348905	Inca Alternative-Limited Center	Plot 28 Gh-12, Delhi, Paschim Vihar, DL	India
S3-70616796	सिल्वर केयर प्राइवेट लिमिटेड	Door No 55 Vikas Nagar Kundanpur, Moradabad, UP	India
S3-724037572	Janshakti Services (India) Enterprises Private Limited	No 22St Floor No.4/3 Subramaniya Nagar K K Nagar, Trichy, Tiruchirappalli, TN	India
S3-16979866	Direct Viii	1144 Panama Street, Memphis, Tennessee	US
S3-76195516	Samman Services Public  Ltd	12(Old-29) P.l.shome St 1St Foor Flat-1d Lp-31/4 Bhadrakali, Hooghly, WB	India
S3-349706255	Black Hospitality Private	Citi Mall, Mumbai, महाराष्ट्र	India
S3-713629625	Delhi Engineering Exports	Ground Floor, Vil. Rangpuri Near Telco, Kh No. 633, NULL, DL, Delhi	India
S3-416605178	Lenee Whidden Rapid Center	0039 Beacon St, Fall River, Massachusetts	US
S3-605592760	Cestial Elbidon LLC	144 Lick Creek Road, Hamilton, Montana	US
S3-756422129	Alysa Amini, DDS, M.D., P.C. (Ltd)	019 19 Avenue, PO Box 780, Brooklyn, New York	US
S3-827627649	Grd Sbtuoens Private Limited	C-5 Lawarence Road Industreial Area, New Delhi, North Delhi, DL	India
S3-466282966	strategiceducationalliance.com	Old Hunt Road, Pinehurst, North Carolina	US
S3-332653732	Durham Human Rights Institute Group	0842 Gaston Manor Drive, Drham, North Carolina	US
S3-433957485	Nagraj Education [(Ltd)]	3/1B Gour Sundar Sett Lan, Dumdum, Sinthee Police St, Kolkata, Kolkata, Howrah, WB	India
S3-897153829	Chiropractic Mdiicne	242 Godfreys Ln, Hertford, North Carolina	US
S3-18280425	Basalt	326 Main St, Middletown, Connecticut	US
S3-97261673	CAPITAL MOBLEY JACKSON	0312 Royal Gardens Way, Sweden, New York	US
S3-244728129	RAPID WEALTH INDUSTRIES	Arizona, 3852 Oasis Cir, MESA CDP	US
S3-857912561	Olanis  Pimco Inc	10402 Laurel Hill Cove, Autin CDP, Texas	US
S3-27256797	Figueroa Better	13267 Query Ln, Prince William County, Virginia	US
S3-574001934	X5 Data Pvt Limited	Lb-188, Stage-ii Laxmi Sagar, Bhubaneswar, Khordha, Orissa	India
S3-489987232	lilalockhart.com	Lamere Road, Town Of Nasewaupee, Wisconsin	US
S3-355696140	transworld digital	A - D/1, Sweta Duplex, Radha Swami Road, Ranip, Ahmedabad, ગુજરાત	India
S3-868204778	Pvt Six Services [Ltd]	Pt No 743, V V Nagar, Kukatpally, Balanagar, Hyderabad, TG	India
S3-737304400	Vionovimira Labs doing business as Armour Exports of Ahmedabad	810-G, Titaniumcitycenter, 293/1/P, T.P-03. 100Ft.Road, Nr.Sachintower, Anandnagar, Ahmedabad, Gujarat	India
S3-773730491	Cinnamon Sikorski, F DO	397 Granite St, Braintree, Massachusetts	US
S3-438582578	Jarman'S Creative Software Co	1916 Peach Blossom Ln, Boone County, Kentucky	US
S3-986967295	East & Brothers Private	No 7/3 Manohar Aptserandwana, Pune, MH	India
S3-858058346	Foundation  Ns Masala	A-118 Gf Sura Jmal Vihar, Delhi, East Delhi, DL	India
S3-35564971	Best Vanguard  Crest Inc	20 Crawford Street, Unit Apartment 2, Port Jervis, New York	US
S3-818830238	Ace Unique Infra-LLP	S-126, Basement, Greater Kailash - 1, Delhi, South Delhi, DL	India
S3-891146782	Smith Cardi0logy	756 Terry Road, Hurdle Mills, North Carolina	US
S3-806715462	Orbihalo doing business as Morgan, Diaz & Rearick PLLC	4101 Five Oaks Drive, Unit 15, Durham, NC	US
S3-714709478	Canara Enterprises Enterprises Private Limited	F-239, F/f, Laxmi Nagar, East Delhi, DL	India
S3-822476660	Lassetter Coin LLC	17319 Cr 6, Coshocton, Ohio	US
S3-972068409	Southern Mid	4053 Colonial Pl, Grove City, Ohio	US
S3-199634972	Tech Vanita Services	Ass No. 107, Yerakannapalem, Vishakhapatnam, AP	India
S3-124789381	Prieto, Vcdacnderwoude and Milan Dynamic Inc	321 Sixth Street, Milan, Illinois	US
S3-246627556	Heartland Integrated Spa Corporation		US
S3-751384544	PRIVATE TRIBHUWAN SOFTWARE LIMITED	C/o Bhermal Ram Vishnoi, Ambedhker Colony Barmer, Barmer, RJ	India
S3-443377941	The Golden Bright Cleaning Service  Corp	7632 Hidden Creek Drive, Charlotte, North Carolina	US
S3-280262501	Indian  Marketing Industries Ltd	MH, Mumbai City, Mumbai, Bldg No. 11	India
S3-88464556	Valli & Co Cale	Divreportingcircle, DL, Plot No. Lp7a-2, South West Delhi	India
S3-349136278	Rosario's Automotive Inc		US
S3-863580647	Behavioral Health Heartland Care Associates Llc	204 Park Ridge Circle, # G, Winston-Salem, North Carolina	US
S3-415659267	American League	2109 Thirteenth Avenue, Illinois, Maywood Township	US
S3-660104404	Shri Indian Solutions-(India) Private Limited	322, Sm Lodha Complex, Udaipur. Udaipur., Udaipur., RJ	India
S3-725380467	JSF Agfhtech Pvt Ltd	186, Savitri Nagar, New Delhi, South Delhi, DL	India
S3-217048423	gulfleapfrogbarnett.com	Washington Court House, Ohio, 526 Rawling St	US
S3-383315603	New Delhi Design Partners Company	D-23 Greater Kailash Enclave-i, South Delhi, New Delhi, दिल्ली	India
S3-183598059	Sasmal Industries Pvt Ltd Services	# 3-5-718/2, Hyderabad, TG	India
S3-137165148	Allina Aoderso,N DDS East	454 Preston Way, Gulf Shores, Alabama	US
S3-54907372	Trinity Church Lakeside	294 County Road 1148, Cummby, Texas	US
S3-680750249	Gonzalez Continental Premier Llc	141 H St, Carlisle, Pennsylvania	US
S3-990405948	Coger Pnnoenae Accounting	15779-15781 31st St, Redmond, Washington	US
S3-732273376	Indo Power (Private)	Block E-692 Padmavathi Industrial, C/o 91Springboard #81/11, 81/5, Kormangala, Bengaluru, Bangalore, KA	India
S3-975819315	D 4 S Corporate Company	466 Hope Rd, Lincolnville, Maine	US
S3-476760931	Red Teghcolgy Private Limited	B/2/268, Madhuvrund Society, Swi Park, Nr Gopal Bag Soc, Neelkhanth Mahadev Man, Dir Road, Ahmedabad, GJ	India
S3-428539346	शक्ति ट्रेडिंग प्राइवेट लिमिटेड	42, New Delhi, South West Delhi, दिल्ली	India
S3-474563277	Ezy Institute	8, Ho Chi Minh Sarani, 2Nd Floor, Suite No-26, Howrah, Kolkata, WB	India
S3-370203142	Ringgold Flagstar  PLLC	Chicago, 5849-5851 Eddy Street, Illinois	US
S3-240757396	Swastik Interaitonal Private Limited	B-00101, Borivlai East, Mumbai, महाराष्ट्र	India
S3-438279771	84/21 Senior Center [Inc]	241 Little Bridg Dr, PMB 7013, Lavon, Texas	US
S3-941599405	Chloe-Aavrado International Ltd	339 Loudon Rd, Albany, New York	US
S3-634696784	नॉर्थ ग्रीन एग्रो प्राइवेट लिमिटेड	3Rd/3 Floor Plot No A-20/11, Dlf Phase 1, Dlf Qe, Gurgaon, HR	India
S3-985565437	WF Holidays  Private Limited	5-114, 1Stfloor, Prestigeprecinct, Nitinco.abovehondashowroom, Almediaroad, Panchp, Akhad, Thane, महाराष्ट्र	India
S3-843309434	एस इन्वेस्टमेंट्स इलेक्ट्रॉनिक्स प्राइवेट लिमिटेड	#17 W/no-12 Helsarai, Najibabad, Bijnor, Bijnore, UP	India
S3-310069590	Zhao Institute of Technology Midtown  LLC	4856 Shelby Pl, Mount Vernon, Washington	US
S3-764794030	Sgs Lifesciences Co.	A-192, 4Th Main Road, 5Th Cross, Bangalore South, Bangalore, KA	India
S3-553158421	K E & N Focus Co	24522 Blane Drive, Katy, Texas	US
S3-724182409	Private Musk Construction Infratech [Limited]	No 90 Sri Santosh Kumar, Patna, बिहार	India
S3-394397786	Great Áleen	6 Main St, Sodus, New York	US
S3-180798896	123 Packaging Co	189 Honeysuckle Drive, Rockford, Illinois	US
S3-86395009	Blue-Cross LLC	106 Bluffview Dr, Sherman, Texas	US
S3-460616040	noidaexim.com	D-a-38 Sector-12, Gautam Buddha Nagar, New Delhi, उत्तर प्रदेश	India
S3-456113159	Vallye Group	South Pass Rd, Balch Springs, Texas	US
S3-965152536	Mr Tirupati International Limited	296, Mumbai, Mumbai City, MH	India
S3-228920435	Urology United  Clinic, Inc	247-251 Country Ln, Unit 247, Mobile, Alabama	US
S3-324476538	Ziraendra Hall Ltd Pvt	C/o Mrs. Prul Das, Howrah, Kolkata, WB	India
S3-21029716	Rajahmundry Ltd Entertainment	8-9-41, Vankayalavari Street, Rajahmundry, East Godavari, ఆంధ్రప్రదేశ్	India
S3-256676109	Saint Israel	1959 Hard Rd, Colmbus CITY, Ohio	US
S3-952556698	Chennai Private Limited Services	#1St Floor, Chennai, தமிழ்நாடு	India
S3-584711641	ಸಿಲ್ವರ್ ಆಲ್ ಸೊಲ್ಯೂಷನ್ಸ್ ಪ್ರೈವೇಟ್ ಲಿಮಿಟೆಡ್	Door No 3, Bangalore, KA	India
S3-366116496	Ulloa, Bohn & Bradley Summit LLC	216 Adams Street, Eureka, Kansas	US
S3-943994025	Bright0va Físheries	001085 176, NULL, Fulton, New York	US
S3-305216144	Solutions Akshitha	Naman Midtown, Mumbai, MH	India
S3-721173700	neysa's complete pub	Biltmore Forest, North Carolina, 577 Vanderbilt Road	US
S3-85987012	Piaao Inc	1317 Hastings St, Chicago, Illinois	US
S3-176367790	Vasquez Tokoc	27 Holly Bear Ln, Edgartown, Massachusetts	US
S3-28577653	Hart & Brown [Partners]	Marianna, 4759 Watson St, Florida	US
S3-219700841	Larry, Leuck and Ramos Holdings	116 Ash Strest, Hampshire, Illinois	US
S3-709155747	Chiropracticcenter.Com	1917- Green Meadows Dr, Mcalester, Oklahoma	US
S3-964925362	4037 Third Holdings Center	8538-B Tamarind Avenue, # UNIT 4, Fontana, California	US
S3-638993296	Premier Creative Center	3356 Leverenz Dr, Saint Charles, Missouri	US
S3-110802315	Bed Trading Ventures LLP	Door No 828 4-2-53, Krishna, AP	India
S3-237063636	न्यू केयर प्राइवेट लिमिटेड	MH, Hn 470 H. No . 2/1, Thane	India
S3-184181585	A CURE 4 ALL	2444 Mimosa Court, Mansfield, Texas	US
S3-584285564	Jaipur  Technopark Private	House No. D-834, Sector 5, Malviya Nagar, Jaipur, RJ	India
S3-934377728	shoafmontanezwilliams.com	Ft Hill Street, Maine, FORT Fairfield CDP	US
S3-967983457	Wildlife Mistrresi Inc	Cottondale, Florida, 2871 90	US
S3-411647613	Krishidhan Gódavari	Plot No. 71., Sangli, MH	India
S3-461124652	Olsen Academy Services		US
S3-577884518	Vidura Gates [Private]	B-212. Office No 4 New Ashok Nagar, Delhi, North Delhi, दिल्ली	India
S3-364817782	Portland, Township OF	5805 Milwaukie Avenue, Portland, Oregon	US
S3-172713559	Mcarthur Aegon Of Lowell	Tapper St, Lowell, Indiana	US
S3-969593234	Anderson Interfaith Program LLC	#1725 Euclid Dr, Anderson, Indiana	US
S3-623607407	A Legacy Adr Summit	807 Tubman Road, Brewster, Massachusetts	US
S3-493286759	Dental  Specialists LLC	210 Toner St, Kewanna, Indiana	US
S3-698325469	Internal Medicine Care Associates	Washington, Illinois, 302 Parkview Drive	US
S3-117967737	Sheba Pesticides	2/395-21, Kannappan Nagar, Kattiganpalli, Krishnagiri, Dharmapuri, Krishnagiri, TN	India
S3-903112529	Garner Pímco	1583 Road E9, Almena, Kansas	US
S3-740133508	Brady	12365 Ensley Drive, Fishers, IN	US
S3-892077763	tradingaligservices.com	C/o Sow Sangita Prakash Pawar Shivaji Chowk, H.no. 1355 Tq. Latur, Dis, T. Latur, Latur, MH	India
S3-554894782	Kreutz, Behrens And Boyd		US
S3-397827188	Interstate Infrastructure Systems LP	401 Pangborn Boulevard, Hagerstown, Maryland	US
S3-815259954	Weather Trust [LLP]	#180, Bangalore, 1St Stageindiranagar Bangalore, KA	India
S3-796500127	Terrell Pineapple Lakeside LLC	109 Columbus Rd, Mount Vernon, Ohio	US
S3-615730165	Camel'S Classic	6115 Glass Drive, Helena, Montana	US
S3-468001075	Gardner, 5arena,  DO	4968 Vista Del Puente, Tucson, Arizona	US
S3-800266688	सिटी इंटरनेशनल प्राइवेट लिमिटेड	Jogeshwari West, Makka House, Karai Park, Door No 005 C Wing, Mumbai, MH	India
S3-716967776	IG Foods	Shop N Sf 9 Gidc Ankleshwar, Bharuch, GJ	India
S3-56240680	Digital Wealth Alliance Alliance Llc	9314-9318 Cherry Hill Road, College Park, Maryland	US
S3-83983156	Piedmont Modern Power Incorporated	Cornville, Arizona, 2130 Falling Water Trail	US
S3-933551775	वन बिजनेस प्राइवेट लिमिटेड	C/o Archana Devi Goel, Lucknow, UP	India
S3-30208774	Eastern-Malt Midtown	0308 Huston St, Unit 56, Galesburg, Illinois	US
S3-468658814	Pediatric Medicine PLLC	4850-4852 20, Lafayette, New York	US
S3-169141849	ssambhavnath.com	D.no: 21/54., Mpdo Office, Jammalamadugu, Ysr Kadapa, Jammalamadugu, Cuddapah, ఆంధ్రప్రదేశ్	India
S3-75043633	Tarava  Pvt Ltd Services	No 976 F-07, B-127, Sector-2, Noida, Gautam Buddha Nagar, UP	India
S3-573003444	Quinn Aguilar Enterprises Inc. Center	13513D Chapelside Ave, Cleveland, Ohio	US
S3-577223719	Blackburn and Warren York	5694 Gold Creek Bay Drive, null, Hickory, North Carolina	US
S3-173543094	Heartland (Goldman)	704 Carolina Street, Hoxie, Arkansas	US
S3-858650384	Pyradova	8355 Blooming Grove Road, Bloomington, IL	US
S3-968670125	Indo Limited Services	Door No 521 Anamika Apartment, 4Th Fl, Fl-18b, 396 Prince Anwar Shah Raod, Kolkata, Kolkata Region, Howrah, WB	India
S3-628056015	JXW  Spade,	11th Avenue, Pine Bluff, Arkansas	US
S3-526267321	Shakti Bombay Foundation Ltd	No 791 Amina Manzil Panchayath Office Junction, Trivandrum, KL	India
S3-730970478	Vision Clinic Co	116 Hummingbird Way, Cameron, North Carolina	US
S3-591444688	Iriquo dba Albrecht Restaurant of Missouri City	15619 Briar Spring Court, Missouri City, TX	US
S3-414019063	Dorian'S (Brokerage,-Inc.)	Campana Street, Fort Worth, Texas	US
S3-376731514	Preferred Sun [LLC]		US
S3-49833879	Life One Investments Private (Limited)	Varanasi, UP, C/o Shashi Shekhar Srivasttva N8/209 C-2a-1, Varanasi	India
S3-642263432	Brixarcflux Co t/a Anvil	10891 Symphony Park Drive, Rockville, MD	US
S3-922782822	And Kerns (Sowa)	03192 Renaissance Park Place, PO Box 8466, Cary, North Carolina	US
S3-309290456	rnív.com	42 Joanne Ln, Buffalo, New York	US
S3-795784871	Sohana (india) (India)  Pvt Limited	Mumbai, Mira Road (E), Mandakini, Jangid Complex, Opp. Jammu & Kashmir Bank, MH, Bunglow No. #1	India
S3-756979148	North (Milestone)	C-4 Siddharth Building, 14/2 Burdwan Road, Kolkata, Howrah, Kolkata, WB	India
S3-893239625	Family Center	3731 Equestrian Lane, Boezman CDP, Montana	US
S3-136097686	LLC Thompson Mountain Blockchain,	2688 Vaughn Street, Portland, Oregon	US
S3-172866174	Evoecto	Door No.333, Rajiv Ghandhi Salai, Phoenix Tower, Chinglepet, Kanchipuram, Tamil Nadu	India
S3-616409097	6reat Infrastructure Private Limited	महाराष्ट्र, Floor, Bombay	India
S3-381180134	Piedmont School  of Medicine LLC	4-C O K Street, Mcgraw, New York	US
S3-431773218	All  Continental Communications LLC	2003 Fish Hatchery Road, Grants Pass, Oregon	US
S3-521282332	ॐ लॉजिस्टिक्स प्राइवेट लिमिटेड	#309 3Rd Floor Plot No.2, Vardhman Crown Mall Sec19, Delhi, South West Delhi, DL	India
S3-385586664	New Food Food	TN, Chennai, Prestige Cosmoploitan 9Th, Chennai City Corporation	India
S3-947222034	Smith  Spencer and Hutchins	Virginia, Madison Heighhts, 139 Hillcrest Circle	US
S3-172339740	Reliable Oyster Ltd	08124 Kenwood Ave, Illinois, Chiago	US
S3-60872141	Upper Consu1tants Llc	332 Mian St, Grantsville, West Virginia	US
S3-47729339	Horizon Retail	1146 Panter Bottom Road, Pikeville, Tennessee	US
S3-19733806	Yh  Medical Center	Hn A-186 J-12/26, New Delhi, First Floor Rajouri Garden, DL	India
S3-765545666	Henry, Siler Nguyen Mexico Inc.	Yuma, Arizona, 340 First Avenue, # 4	US
S3-128668730	Manjusha Co  &	H.no 138, Bangalore, KA	India
S3-369233360	Mackey Laboratories Inc	Hawley Rd, Sheltton CITY, Connecticut	US
S3-241101677	Sweet Pilates Holdings	##430 Palmer Pointe Way, Holly Springs, North Carolina	US
S3-944529581	Tavonex	655 1/2 Springfield Drive, Iowa, Ankeny	US
S3-204340379	LLC Ace Industrial Ínternational	272 Us Highway 68, Benton, Kentucky	US
S3-887688565	-- Mendoza, Maurdry and 0dle Odle Inc	1531 110, Unit 103, Loogan, Utah	US
S3-954198404	community services	1119 Budlong St, Carthage, Missouri	US
S3-833730231	Omi [Avenue]	Door No 4, Vidya Nagar Opposite Mamidwar Hospital, Gajanan Mand, Ir Road, Chandrapur, Padoli, MH	India
S3-68645952	Electronic  Infrastructure	904 -201 Piney Branch Lane, Virginia Beach, Virginia	US
S3-722008470	Korsol	F-138, New Delhi, DL	India
S3-739873704	Federal Prairie Ingredients Co	0010526 Tree Bark Ct, Raleigh, North Carolina	US
S3-593720600	marleesievertcarolina.com	##239 Tims Cove Rd, Willimantic, Maine	US
S3-742280156	Apex Méllon	# 2, Haverhill, Massachusetts, 186 Elm Street	US
S3-596265419	Calodova a/k/a Universal Industrial Digital	2202 Stonebridge Drive, Ballston, NY	US
S3-894261956	Shree &  Sons Exports Private Limited	Shop No 38/4 And 38/4, Hisar, हरियाणा	India
S3-391601346	Boia Assmociaed Holdings	# STE 8, South Portland, 205 Running Hill Rd, Maine	US
S3-615960926	Raven  PLLC	118 Pocahantas Dr, Newport News City, Virginia	US
S3-346466467	Brixsol DBA Kameshwari Charitable Trust	1/93, 1St Floor, Whs, Kirti Nagar, New Delhi, West Delhi, Delhi	India
S3-615639462	Schwartz, Ruiz & Wilcasm		US
S3-431962954	People (Índia) Manufacturing (Corporation)	Siliguri, Agarasen Road Khalpara, WB	India
S3-128118102	bigbusiness.com	Tilak Nagar Nh 15, Barmer, Jodhpur, RJ	India
S3-644713818	AI	Souparnikakunnathmanalane, Thrissur, Kerala	India
S3-876818733	Mcnemar Eaarhs Corp	1778 Tower Rd, Hartly CIY, Delaware	US
S3-177735325	Calabrese Surgical Co	305 Mallet Fork Rd, Pine Top, Kentucky	US
S3-592854960	Nashville Historical Council Corporation	226 Dellrose Drive, PMB 461, Nashville, Tennessee	US
S3-996869025	140oceancourt.com	115 Copper Beech Dr, Cheshire, Connecticut	US
S3-502489315	Empire Fresh Terapdutmics Co	4031 95th Street, Seattle, Washington	US
S3-504366718	Jaxlyravantage	3 Meridien Apts Bldg No 1Veera Desai Road Andheri (W), Mumbai, Mumbai (SUBURBAN), MH	India
S3-614636450	Worthen, Edwards & Miller (Inc)	110 Trimuph Saint, Fairview, Oklahoma	US
S3-808754795	National Wisconsin	#1230 South Street, Beaumont, Texas	US
S3-794276588	Quantay-Rivernorth	4333 34st St, Cleveland, Ohio	US
S3-163504595	Nylairi Co doing business as Central Retail Dynamics	AK, Eagle River, 19525 Laura Lee Circle	US
S3-600223820	Franklin Equity Partners Corp	8658 Territorial Way, Elk Grove, California	US
S3-942975534	Evoveo d/b/a Mahalakshmi Advertising Private Limited	Kheda, Elishalake, Off. Khetatalav, College Road, Nadiad, 103/104, Gujarat, Nadiad	India
S3-708011838	Gulf Center Inc V	Cone Flower Street, Beend, Oregon	US
S3-63227479	Technologiesuprighthome.Com	Bc-90 (West) Shalimar Bagh, Delhi, New Delhi, DL	India
S3-907287816	Ace Total Spark LLC	1269 Elrod Road, Manchester, Tennessee	US
S3-755419777	Xylodrex née Susanne Wang Motor	107 The Glade Rd, Boone, NC	US
S3-723322056	JQ Premier Plus	DER, Indiana, 2237 Liberty Pl	US
S3-111527809	National Cómmittee	466 Bennett Mountain Trace, Chapel Hill, North Carolina	US
S3-53897972	Madalyn Lee Heritage Currencyshares Inc	00746 39th Street, Hibbing, Minnesota	US
S3-667075096	Sri sbindia.com	#44 Ranade Colony, Belgaum, KA	India
S3-194993293	Family Project (LLC)	2240 Murphy Lane, Troy, Ohio	US
S3-869665143	Firefighters Local 790 Corporation	706 Eastlawn Street, PMB 2843, Geneva, Ohio	US
S3-581929461	Wood Jena	701-703 Bishop Rd, Blacksburg, Virginia	US
S3-376166188	Camila-Technolayg Limited	Sunderpur Barkherwa Lakhimpur Kheri, Mumbai, Lakhimpur Kheri, UP	India
S3-355650906	Physical Therapy Platinum Partners Of (Houston)	7216 1/2 Los Angeles Street, Houston, Texas	US
S3-639010776	Rhetta's-Health	4210 Pimlico Road, Baltimore, Maryland	US
S3-887255272	Fayelyracira	No. 796 B-88, Ghaziabad, UP	India
S3-836897352	Brixnovi trading as Weimer Fisheries of Memphis LLC	4853 Crumpler Road, Memphis, TN	US
S3-318684529	Kennedy Animal Hospital [Inc]	13265 National Avenue, City Of New Berlin, Wisconsin	US
S3-516872313	Office of of Veterans Affairs	356 Felkins Avenue, Forsyth, Missouri	US
S3-804077201	FOOT & ANKLE ALL HEALTH (CARE)	##1317 Fm 1291 Rd, Fayyetteville CDP, Texas	US
S3-538619268	Gwyn'S Gwyn'S Rapid-Therapy		US
S3-238042102	Real Enterprises Public Limited	House No. 55, New Delhi, Delhi, DL	India
S3-963704312	Serene Traders  (India) Pvt Limited	Hn ##795 Space -137, Charmwood Plaza, Eros Garden Colony, Suraj Kund Road, Faridabad, हरियाणा	India
S3-599809197	Lara And Williams Cea P.C.	1589 Albany Post Road, Shawangunk, New York	US
S3-673213289	Orbidrexcalo t/a Trust Management Corporation	7/51, Tilak Nagar, Swarup Nagar, Kanpur Nagar, Uttar Pradesh	India
S3-364053902	Oliveira's Appliance Appliance	Ola, Arkansas, 840 Mller Rd	US
S3-389984798	Ltd. Kwality Pvt. Center	E-13, South Delhi, DL	India
S3-132598100	Ashwa & Co Exports	44/32, Bangalore, KA	India
S3-237718292	मॉडर्न हेल्थकेयर ऑटोमोबाइल्स प्राइवेट लिमिटेड	211, Jaya Niwas, Gujarat Society Opp. Dr. C.p. Doshi, Sion West, Mumbai City, Mumbai, MH	India
S3-756411285	கிளாசிக் Products	16 Kavandapadi Road Kalingarayanpalayam, Erode, தமிழ்நாடு	India
S3-491276824	Shrinivas Brothers Private  Limited	306. Sharp Bhawan Commercial Complex Azadpur, New Delhi, North Delhi, DL	India
S3-932613483	Kalka Careers Exports Pvt. Ltd.	H.n 1548, Durga Colony Kalka Area, Panchkula, HR	India
S3-276407793	Welldone Trading Private [Limited]	Door No 12/12 Roshan Mandinear Turumandi Najafgarh, New Delhi, South West, DL	India
S3-988552146	nexarifigx.com	661 Heyl Road, Wooster Twp, Ohio	US
S3-660682896	harsh production company	M.s. Farm No. 33/1, Chikkagubbi Village, Bangalore, Bangalore, KA	India
S3-42793298	Pune Fuel Private	H-015/2783, Maitree, M.h.b. Airport Road, Pune, MH	India
S3-388486131	Trusted LLC Properties	611 8th Ave, Watervliet, New York	US
S3-90207288	Luna Traders	B701, Mumbai, महाराष्ट्र	India
S3-789669465	Interstate  Fund	216 Prentice Soreet, Unit 114, Stevens Point, Wisconsin	US
S3-301206769	BALAJI INVESTMENT PVT LTD	510, Wing A, 5Th Floor, Carlton Towers Old Airport Road, Kodihalli, Bangalore, Bengaluru, KA	India
S3-966005531	Verapyra formerly: Jennings Prime Egh, LLC	NM, 77 A County Road 45, Alcalde	US
S3-420766091	Silver Barbershop Inc	723 Dutch Hill Rd, Ashford, New York	US
S3-924467772	Sun Infra	Delhi, Ba B3/24, DL, Mangolpuri Industrial Area, North West	India
S3-233818305	[L.L.C.] Dermatology Care	Bartlett Lane, # APT 15113, Sacramento, California	US
S3-614426959	Mariska'S Vanguard Painting	1800 130 Main St, High Point, North Carolina	US
S3-796774222	A Cure 7 You L1c	345 Spencerport Rd, Rohcester, New York	US
S3-598930916	Prairie Staked Co	Texas, 4203 Sherman Street, Houston	US
S3-944187368	Trinity Zion	Vermont, Barton, 837 Glover Rd	US
S3-121195382	edenssantander.com	Washington St, # 2, Taunton, Massachusetts	US
S3-391225324	Sutton Quality Berto Corporation	#5814 Prospect Avenue, Kanssas City, Missouri	US
S3-757556787	*** Services Inte1ligent LLP  Services	C/o Dev Narayan, Banda, Mahurai Badausa Atarra, Banda, UP	India
S3-385111375	Saunders Guardian	18 Cherrywood Court, Staten Island, NY	US
S3-418571263	Finance Ágroha Solutions	Arazi No. #16, Suddhipur, Shivpur, Varanasi, उत्तर प्रदेश	India
S3-810847521	Classic Choice Alpine (L.L.C.)	681 High St, # Suite 243, Victor, New York	US
S3-676560796	National Learning Global, Co	Tennessee, Decatur, 1551 Charles Road	US
S3-29882832	LLC Chester and Ritz	3316 Culloden Way, Birmingham, Alabama	US
S3-778024874	Noviectoavi DBA: Rea LLC	4340 Old Union Road, Charles City County, VA	US
S3-850153686	Ochoa's Premier Painting (Group)	2052 Ocean Side Dr, <NULL>, City Of El Paso, Texas	US
S3-797530250	Irisyn doing business as Smart Wellness Industries LP	1372 Commerce Drive, Unit B-3, Auburn, AL	US
S3-899948603	Voss Integrated Activate, Inc	8- Inca St, City Of Aberdeen, Maryland	US
S3-960749913	Oncology-Total	3107 Colorado Avenue, Topeka, Kansas	US
S3-439309451	Inc First Security Wórldwide	03975 Roosevelt Ave, PO Box 7050, Tacoma CCDP, Washington	US
S3-417312086	Golden Trading Limited Partners	बिहार, C/o Ashish Kr Singh, N/A	India
S3-944783535	सुप्रीम इंफ्रास्ट्रक्चर प्रा. लि.	H.no 631 Sector - 3, Kurukshetra, हरियाणा	India
S3-416433062	GR Crystal	4820-4824 12th St, PMB 1533, Tacoma CITY, Washington	US
S3-844199042	Consultancy Satya Technologies	West Delhi, New Delhi, DL, D-11vasant Plaza Building Munirka	India
S3-166548848	LLC Safe 6reat Point of Knoxvi1le	2416c Maitland View Lane, null, Knoxville, Tennessee	US
S3-803650916	Sibylla's Cafe	##425 Ouachita 95 Road, Bearden, Arkansas	US
S3-646426895	1488 Center Place		US
S3-955416071	Best Power Company	Bombay, B-a-3 Vasuki, Mumbai, MH	India
S3-62736366	HB-Direct	00279 County Rd 635, Athens, Tennessee	US
S3-438307778	Perfect ಎಕ್ಸ್‌ಪೋರ್ಟ್ಸ್ ಪ್ರೈವೇಟ್ ಲಿಮಿಟೆಡ್	H.no 115, Ground Floor, 6Th Cross, Indiranagar, Near Cauvery School, Bengaluru Hq Region, KA	India
S3-870420080	South Impex Private  Limited	Hno 1-6, Mye Villas, Chengicherla, Uppal, K.v.rangareddy, తెలంగాణ	India
S3-164793220	Shyam Center	Rajesh S/o Sh. Ramkumar Village Mirzapur, Po Mirzapur, Hissar, हरियाणा	India
S3-720889334	Highland Alliance Lakeside Corporation	740. A, Hutchinson, Kansas	US
S3-114580271	Liverpool Estate Llc	Liverpool, # Apartment 4B, New York, 304 1st Street	US
S3-256391154	Romano-Unified Bánc LLC	55 Horace Street, PO Box 3261, Bridgeport, Connecticut	US
S3-564370215	LLP Delhi Devlopers	Door No 1285 Plot No 12, Delhi, DL	India
S3-179745767	India Newleaf Private Limited [Center]	0969 Office Gala No.1, Ground Floor, Shubham Industrial Building No.2 Dhumal Nagar Vasai East, Vasai, Thane, MH	India
S3-712094112	Solutions Days  Chit	B/707, Kaavyaa Building, Bhageshree Park Shiv Sena Galli, Bhayander West., Thane, MH	India
S3-698006124	Clyify  Center	Unit 2126, Arizona, Washington, 8530 22nd Avenue	US
S3-997134176	Ear Nose & Throat Center LP	1601. 17th Street, Atlantic, Iowa	US
S3-739016273	Gandhinagar Hbidr  Private Limited		India
S3-887336895	गुरु फाउंडेशन प्राइवेट लिमिटेड	Mumbai, MH, Block F-165 Sahara India Point Cts40&44s V Road Goregaon West, Mumbai	India
S3-48258947	Ram	1-2-593/7/1, 7/2, 7/3, 403, Domalguda, Ashok Nagar, Himayathnagar, Hyderabad, Telangana	India
S3-285032405	Spartek Pvt.  Ltd. Services	Nd Floor, 90B, Delhi-jaipur Expressway, Udyog Vihar, Sector 18, Gurgaon Kty., Gurgaon, HR	India
S3-367414779	Fresh Biomedical Brands Llc	502 Ardmore Ave, Villa Park, Illinois	US
S3-556410295	Select Cloud Industries-Corp	PO Box 3415, Austin, Texas, 6003 Twin Valley Cv	US
S3-32698454	Pranina  Zone Private (Limited)	3-57, Saptak Bungalows, B/h Shukan Bungalows, Science City Road, Sola, Ahmedabad, GJ	India
S3-547685833	Pediatric-Care Associates of Auburn Partners Federation	001234 35th Court, N/A, Aubunr, Washington	US
S3-201593678	East Stuperoir Lab	Pennsylvania, 601 Fariston Dr, Wynnewood, null	US
S3-296762069	Golden Média Private	13/66, East Delhi, दिल्ली, East Delhi	India
S3-916274039	One Engineering Private [Limited]	1/1A/8 Upper Wood Street, Kolkata, Howrah, পশ্চিমবঙ্গ	India
S3-373867192	Gevue Southside	30 1/2 Van Rensselaer St, Seneca Falls, New York	US
S3-31772783	Witcher Trust,-(Llc)		US
S3-148029161	kpsplus.com	Door No 1 Karthikeyan Street Ramana Nagar Minjur, Chennai, தமிழ்நாடு	India
S3-628108921	Om Consulting Furniture Private Ltd	WB, Howrah, Kolkata, 811- F.no G 22	India
S3-435747562	Abramson Institute of Technology Downtown LLC	6316 Kensington Ave, Richmond City, Virginia	US
S3-132247477	Shri Sushma India Company	C/o Beena Kumari P, Sai's 2366923 Paral Rd Cly Var, Po Kuthuparamba, Kannur, KL	India
S3-662450156	Fincsap Holdings	Plot No C 1-122, Navimumbai, Thane, MH	India
S3-725126126	Autism Assistance Center	401 Hargett Street, Unit 414, Raleigh, North Carolina	US
S3-809180254	Aaa (India) Polyplast Prvie [Limited]	Plotno 2-36 A, Jaipur, RJ	India
S3-580471815	Gemtrading.Com	MH, Satara, Pusegaon, Office No 11, 12 & 13 Shivaji Chowk, Pusegaon, Tal Khatav, Hn 337 Vishal Complex	India
S3-49923253	प्रीमियर इन्वेस्टमेंट	The Orb-sahar, 6Th Floor, A Wing, Village Marol, Airport, Andheri (East), Mumbai, MH	India
S3-212947829	Dixon Starlink Ce	1002 Mayo Creek Ln, Wngina, Virginia	US
S3-657507586	Tri-State Center, Learning Inc		US
S3-860262430	AMERICAN COUNCIL P.C.		US
S3-496628746	Church-& Yu Inc	7 Penny Lane, Bloom Twp, Illinois	US
S3-330603979	Mcarthur Aegon [of]	17624b Tapper Street, Indiana, null, Lowell	US
S3-444984914	Sálguero-Copper	800B Bemis Road, Glen Ellyn, Illinois	US
S3-632999332	Flores  Liberty Printing	4819 Stoney Terrace Trl, Baytown, Texas	US
S3-22262406	Shri Delta Online Overseas Llp	38/1102, Thrissur, KL	India
S3-451941435	Margy's Hair	#265 Maverick Springs Rd, Kinnear, Wyoming	US
S3-433500460	Field Payment  Inc	Avalon Road, Carrollton, Ohio	US
S3-903415221	Midwest  Fellowship Northside	22283 River Walk Rd, Rocky River, Ohio	US
S3-460063874	developersbombaynirman.com	P No ##20 Kamalanagar Narapally Bodduppal, Andhra Pradesh, Hyderabad	India
S3-486237414	ಬ್ಲ್ಯಾಕ್ ಇನ್‌ಫ್ರಾ ಪ್ರೈವೇಟ್ ಲಿಮಿಟೆಡ್	Opp.old Bpcl Petrol Bunk Road Near Ksrtc Bus Stand Shidlaghatta, Kolar, Chikkaballapura, KA	India
S3-4853277	Urban	ND, Unit Apartment 21, Fargo, 69 4th Street	US
S3-423818660	Premier Logistics Private  Ltd	Plot No 17 Pune Marble And Tlies Chs, Haveli, Pune, MH	India
S3-33480972	Little Bárbershop L.L.C.	12149 Lewis Circle, Forney, Texas	US
S3-407810504	Kacey Piercy Desert Rush L1c	Hamilton, 220 Twelfth Street, Ohio	US
S3-324998417	Oncology Medicine of Mansfield Ltd	983 Truxell Dr, Mansfield, Ohio	US
S3-989322175	Animal Welfare	Cedar Bend St, Sparta, Tennessee	US
S3-897004145	Sic Educational Society Of Lower Ground Floor	Lower Ground Floor Navjeevan Vihar, Plot 892 21, New Delhi, दिल्ली	India
S3-196746395	corp brown & kent photonics	1020 Egret Ct, Spotsylvania County, Virginia	US
S3-609168637	Kwong  Pediatrics	#3806 Bowser Ave, Wayne, Indiana	US
S3-671909315	Brixquo a/k/a Bsi Energy Pvt Ltd	C-406, 1-2-608, 609 To 610, Lwr Tank Bund, Kavadiguda, Secunderabad, Hyderabad, Telangana	India
S3-779110229	International Jay Promoters  Limited Services	S N 6-8/12A, Fl A2, Sidharth Complex, Raviraj Dev. Wadgaon Bk, Haveli, Pune, MH	India
S3-192006640	Latham, Edmunds And Peterson Llc	9400 Sunrise Ct, Albuquerque, New Mexico	US
S3-432329790	Caloyuma	Kentland, 304 Maple Street, Indiana	US
S3-749664505	Cartwright Learning Center  Associates Holdings	00721 Loch Leven Dr, Livingston, Montana	US
S3-7052390	vikramadityalawchambers.com	OD, Sundergarh, Plot No C4/5, Raghunathapali, Plot 582 C/o Bhimsen Bansal	India
S3-108039270	Badyne Corp.	22936 Linn Jones Rd, Monticello, Iowa	US
S3-774518276	Cedar LLP	6617 Cherry Hills Dr, Fort Worth, Texas	US
S3-487597676	keystone northside lp	Missouri, 1213 St Charles Rock Rd, Bridgeton	US
S3-244116921	Stag LLC Service	2538 Meyerhill Dr, Cincinnati, Ohio	US
S3-828897237	United Producer Pvt Ltd.	#566 207, Mumbai, Brihanmumbai, महाराष्ट्र	India
S3-527354835	Khushal Services	227, Sumeru Business Corn, B/h Rajhans Theatre, Pal, GJ, Surat City, Surat	India
S3-212811712	llc northern utility	4390 Hackney Road, San Tan Valley, Arizona	US
S3-13015270	Mgb Kripa-Private Ltd	No 372 90, New Delhi, DL	India
S3-105209173	Masco Center	167- Ground Floor Abhay Khand - 1, Indrapuram, Ghaziabad, उत्तर प्रदेश	India
S3-685599646	Reliable Electronics Innovations	2503. Overlook Creek Way, Unit 102, Raleigh, North Carolina	US
S3-676328744	Kmc Infra  Private Limited	722. Adarsh Nagar, Mumbai, Mumbai City, MH	India
S3-778989850	Vais Companies	72 Broad Street, Chattanooga, Tennessee	US
S3-983731689	Urban Pub (Corp) #89864	Beaverton, 17720 Robert Ln, Oregon	US
S3-122932091	Swadeshi  Brothers Private Limited Services	No 166, Bangalore North, KA	India
S3-765302166	Cranston's Dynamic	1090, Orem, Utah	US
S3-297830657	Gtm Private (India) Services Limited	Shop No 102. Va, MH	India
S3-632624841	Anaya Blue Blue Towing	9200. Bunsen Park Dr, Louisville, Kentucky	US
S3-739211287	Vantagepyravera F/K/A Value Defense Dynamics Inc	4455 Gardenia Street, Fairmount, CO	US
S3-892004754	-- Orthopedic Associates Group Center	2794 101st Avenue, Glasdtone CDP, North Dakota	US
S3-626787205	Onyxwex fka Sm Farmers Limited	No.173/2, 2Nd Floor, 9Th Cross 4Th Main Road, Bangalore North, Bangalore, Karnataka	India
S3-993991292	KR INDUSTRIES GROUP	R No 15/2 Hotel Shed Gr Flrnilkanteshwar Bldg Annie Besant Rd, Mumbai, MH	India
S3-572277034	Porton LLC	Santa Maria, PMB 9799, California, 4341 Valley Dr	US
S3-926182231	Kline Textiles LLC	0377 David Bright Rd, Faison Township, North Carolina	US
S3-239502084	Ascent Pvt Ltd Services	00204/24 Mayapuri Colony, Lucknow, UP	India
S3-498526601	Prívate Pan Funds Enterprises Ltd	Door No 5-490 J 31 B 5Fsignature Global, Garhi Harsaru, Gurgaon, HR	India
S3-413649228	National Aura (Uptown)	32932 Decker Prairie Rd, Magnolia, Texas	US
S3-848526598	Cornerstone Inc	127 Hillcrest Road, Maggie Valley, North Carolina	US
S3-954380827	बॉम्बे एग्रो एलएलपी	17Th Floor Patel Towerscampa Cola Compound Worli, MH, Mumbai	India
S3-253619950	Private New Automobile Limited	Shop No. 19, 357, Kothari Mansion, S.v.p. Road, Mumbai, महाराष्ट्र	India
S3-714823926	Guerrero Santander	7380 191st St, Tinley Park, Illinois	US
S3-156437398	United CO &	H.no. 301, Badarpur, South Delhi, New Delhi, DL	India
S3-450450367	Iphealthcare.Com	214 2975, Layton, Utah	US
S3-352775090	Galaxy Ace सर्विसेज Pvt Ltd	Sno 61/3/1, B 1104, Gracia, Nreon It Park, Pune, Ranjangaon, महाराष्ट्र	India
S3-564878723	Fraiser, Mroczek & Niswonger Riverside Ínc	1525-1527 Wabash Avenue, Spokane, Washington	US
S3-210600305	Quoveo	Jagdish Bhavan Akotstand Akola, Akola, Maharashtra	India
S3-548232818	Mr shreeclinic.com	61-1, Coimbatore, TN	India
S3-837071609	Avantika Organics  Limited	No.1, Chennai, TN	India
S3-379138037	Sunderland  Baptist	Sunderland, Unit 7C, Massachusetts, Amherst Rd	US
S3-677317796	Fresh Fresh LLC Systems		US
S3-670362144	Modern ପ୍ରୋଜେକ୍ଟସ୍ ପ୍ରାଇଭେଟ୍ ଲିମିଟେଡ୍	Jagda 1Nd Floor Plotno2/1, Sundargarh, Koida, OD	India
S3-117128629	Eckes, Diaz And 5kinner Meridian Ltd	999-A Oak Glen Dr, Kingsport, Tennessee	US
S3-949064223	East Polestar-Inc	31 Marscher Pl, Staten Island, New York	US
S3-805634465	Hex (India) Éelaav LLP	405, Ghaziabad, UP	India
S3-4255718	Tirupati Computech	Door No.10/160. E, Salem, Mettur, தமிழ்நாடு	India
S3-446213081	Lumex	1406 43rd Avenue, Pine Bluff, AR	US
S3-754268795	Baker Renna and and Físher LLC	864 Center Street, Colden, New York	US
S3-379855688	Bombay  Bangalore Private Limited	No. 26 29, Janpath Shyam Nagar, Jaipur, राजस्थान	India
S3-54095260	Brixnexvantage D.B.A. Focus Wireless Private Limited	Y-801/802, Goldenrays Chsl, Shastri Nagar, Andheri West, Mumbai, Mumbai City, Maharashtra	India
S3-146014129	Rapid Global LLC Industrial	15 Little Fawn Trl, Haddam, Connecticut	US
S3-692608301	Partners Dinisoft Fresenius	108 Watkins Prairie Lane, New Albany, Indiana	US
S3-846034563	Eye Trusted	Gary Twonship, Indiana, 309 Pennsylvania St	US
S3-499127414	Pvt. (india) Oswal Márketing Ltd.	C10, Madhuram Apartment, 147 Mohan Ram Nagar Mogap, Ambattur, Tiruvallur, தமிழ்நாடு	India
S3-414230763	The Felt's Ventures	631 Seminary Street, Fl 0, Galesburg, Illinois	US
S3-242965873	Cornerstone Diamond Healthy, L.L.C.	858 Stadium Drive, Wake Forest, North Carolina	US
S3-695007467	Kelovantage née Clyova Development	IA, 1154 Iowa Street, Dubuque	US
S3-763838739	Campos Rocklob [Inc]	##3925 52, West Lafayette, Indiana	US
S3-182494616	Real  Marketing Private Limited	East Region Bhagalpur, Tilkamanjhi Rai Bahadur Sukhraj Rai Road, Bhagalpur, बिहार	India
S3-705084148	Black Engineering	C/o Ramu Malakar, Phall-patti, Stall No-b/2, Siliguri, Darjeeling, Darjiling, WB	India
S3-114353869	Mount Miistires		US
S3-141928924	Lane Silver Insurance	#145 Co Rd 21, Irontno Township, Ohio	US
S3-818093898	Mirna's-Painting	361 Rumple Street, Troutman, North Carolina	US
S3-321925642	Harbor Mdocn Investors Inc	8903 Willow Hills Dr, Huntsville, Alabama	US
S3-147742565	Private Diligence Trading Limited	उत्तर प्रदेश, Etawah, I.t.i Chauraha Mainpuri Fatak, Etawa, 45 Ranveer Nagr	India
S3-484591032	PLLC Oizl Art	10063 Briarwild Lare, Houston, Texas	US
S3-889201903	Pediatric Asociates of  Hillsborough LLC	518  70A, NULL, Hillsborough, North Carolina	US
S3-999133820	Romisoft LP	3904 Lori Dr, Unit Apartment 28, Erlanger, Kentucky	US
S3-252624874	Katni Impx Limited	Roshan Nagar, Katni, मध्य प्रदेश	India
S3-643267533	Nexbrix t/a Sai Foundry Pvt Ltd	Bangalore, Ii Floor, Karnataka, Bangalore, Prof. Mrd Block, Pesit Campus, 100 Ft Ring Road, Bsk Iii Stage	India
S3-134805820	Continental Marine	Tennessee, Nashville, 1801 Meridian Street, # 402	US
S3-402955455	FVF Express-Inc. Metro Odyssey	18350 Salix Ridge, Fl. 1, Beaverton, Oregon	US
S3-255626207	Cardiology Meidicine	416 Cypress Avenue, null, Hillsboro, Illinois	US
S3-338042703	The Smith & Wysocki, LLC	9505 Kasota Court, Fort Wayne, Indiana	US
S3-978361872	Capital Construtcidon (LLC)	699 Cheddar Crest, Town Of Bristol, Wisconsin	US
S3-861536185	Holloway Mixson Partners Services	706 Coffee Tree Avenue, Arizona, Queen Creek	US
S3-502448593	Preferred Peak Enterprises	Texoma Pl, Oklahoma, Moore	US
S3-901474399	Janina	18 Eustace Drive, West Hartford, CT	US
S3-313157124	A Tmnised Canada LLC	195 Rodeo Road, Casa Grande, Arizona	US
S3-626354406	Limited Vijay Chemie	Hno 39 Near Railway Maal, Godam Sunder Nagar, Kota, N/A, राजस्थान	India
S3-21817889	SADELLA LIANG QUALITY TELEFONICA LTD	Guilderland, 25. Avallon Way, New York	US
S3-660078913	Joanie	18245 66th Court, Unit UNIT 3A, Tinley Park, IL	US
S3-10470233	Valley Minstfries	80 Chris Haven Dr, Seymour, Tennessee	US
S3-270736157	Tulsa Ass0ciation Partners	7030 Joplin Avenue, # Apartment 505, Tulsa, Oklahoma	US
S3-603104359	Helton, Parnsdons & Wells Sprott LLC LLC (ID: 16776)	##10417 Wisner Road, Kirtland, Ohio	US
S3-816391278	Rkochav.Com	6785 Christian Curve, Woodbury, Minnesota	US
S3-531077029	North  Towing	48 Shackelford Rd, Pataskala, Ohio	US
S3-486007604	ପ୍ରାଇମ୍ ବିଲଡର୍ସ୍ ପ୍ରାଇଭେଟ୍ ଲିମିଟେଡ୍	Hig-a/14/2, Housong Board Colony, Baramunda, Bhubaneswar, Khordha, OD	India
S3-195658091	OG Newbridge Llc	299- Adcock Rd, Lillington, North Carolina	US
S3-398481821	Moon and Lcoepz Inc	551C Mixon Creek Dr, Bath, North Carolina	US
S3-967673721	Primary Care Strategic  Group	152 Country Rd, Remsenburg, New York	US
S3-174772100	Kasar Near Friday Market-Motors Overseas Pvt	0381/386, 3Rd Floor, Kamptee, Kasar Near Friday Market, MH	India
S3-360524908	Milian-Encore Group	315 Main Street, # Ste 300, Billings, Montana	US
S3-376228968	Wendi C. Dónovan,	480 New Sherborn Rd, Athol, Massachusetts	US
S3-86993734	Ss Real Private Limited Center	Flta No.303 Cyber Residen, Gachibowli, K.v.rangareddy, Seri Lingampally, Seri Lingampally, K.v.rangareddy, TG	India
S3-939539598	Hicks Optimal	426 Salem Rd, NULL, Southeast, New York	US
S3-649241149	Fresh Barbershop Inc	1158. Snow Hill Rd, Washington Court House, Ohio	US
S3-499326225	Jada Wrmhet Innovative Street, LLC		US
S3-939665060	Bharat Management [Private]		India
S3-790191261	Ballew & Inc Holmer,	5109- Rock Beauty Court, Waldorf, Maryland	US
S3-334894307	Rubio Coastal Brighthouse Harbor LP	5402 Heritage Tree Ln, Citrus Heights, California	US
S3-369626098	Ridge Partners Equity LLC	1615 Brentwood St, High Point, North Carolina	US
S3-916059946	Human Rights-Fund LLC	Chandler, Unit 4, 1830 Ray Rd, Arizona	US
S3-771041199	6olden Pizza Corp	298 Main Saint, Ramapo, New York	US
S3-3742928	Cornerstone Environmental Concepts,	5849 Dorton Lane, Virginia, Henrico County	US
S3-6934726	Legacy Plutonian Lp	#3580 Buffum Street, Simi Valley, California	US
S3-805614339	Piedmont  Council	119 Mead Avenue, Smyrna, Tennessee	US
S3-933325359	Surgical Apex Caer	82 Breezers Branch Road, Russell County, Virginia	US
S3-322757804	स्काई Investments प्राइवेट लिमिटेड	Innov8 Unitch Cyber, 9Th Floor D Tower, Gurgaon, Sadar, Gurgaon, Sadar Bazar, HR	India
S3-348576699	Red  Developers Limited	MH, Pune, Off No. 213/214 Sn 692/693 Decision Tower Pune	India
S3-484534511	Little Barbershop Llc	12149 Lewis Circle, Forney, Texas	US
S3-796149383	Kaveresh-Fashion	203, Thane, Kalyan, MH	India
S3-200545775	Hinds Truist	Broadway, # Apartment 2S, Tarrytown, New York	US
S3-409469994	Blue Nails Inc	615 Maxwell Ave, Baldwin County, Alabama	US
S3-710856441	NH  Systems LLP	Pandey Nivas, Akurli Road, Near 282 Last Bus Stop, Damu Nagar, Kandivali (East), Mumbai City, Bombay, MH	India
S3-142401311	North School Of	3 Plastics Drive, Phillips, Wisconsin	US
S3-80073005	Galaxy All Developers Furniture Private Limited	A-2/1 Anoli Complex 32Sunrise Park Bodakdev Vastrapur, Ahmedabad, null, ગુજરાત	India
S3-279119813	Dynamic Value	301C Eighteenth Ave, # 56, Ellensburg, Washington	US
S3-960051675	Gangavi Saemse Pvt Ltd	0063, Nirman Industrial Estate Opp. Fulpada School Ashiwin Kumar Road, Surat, GJ	India
S3-849776489	Vijay Constructions  Pvt Ltd.	0041, Surat, GJ	India
S3-322794159	Murray Coastal Partners	Ashland, Ohio, 822 Mtgmry Twp Rd 1600	US
S3-285396785	Sri Link Vehltie Pvt. Ltd.	252-B, Lower Ground Floor, Office No.-10-a Prince Plaza, Sant Nagar, East Of Kailas, H, New Delhi, DL	India
S3-458276210	Jackson's Value Eelcmtnric PC		US
S3-910371353	Tradition Servicesprivate Limited-Service	Vivek Khand, NULL, Lucknow Hq Region, UP	India
S3-529845581	G 3 Y Proshares, Ínc	3119 Douglas Highway, City And Borough Of Juneau, Alaska	US
S3-664405218	IPV Builders [Private]	A-375 B-138, New Delhi, South Delhi, DL	India
S3-185830354	Vista Solutions Private Limited	H.no 796 B-88, Ghaziabad, UP	India
S3-749581084	Henderson  and Velasquez Inc	1225 6 Schofield Ln, Farmington, New Mexico	US
S3-417307748	Preferred Atlantic	1020 Peace Street, PO Box 5015, Raleigh, North Carolina	US
S3-933387868	Vision Care Ássociates, Corp.	21646 Cottonwood Meadofs Trl, Waller, Texas	US
S3-721965677	Kelocira	7 Beachside Common, Westport, Connecticut	US
S3-422036093	Matty And Higgins Bny, Llc	Sierrav Ista, 400 Fry Blvd, Arizona	US
S3-797817135	Coastal Fund L.L.C.	1733 300, Unit J4, Syracuse, Utah	US
S3-379867277	Piedmont Broifal Ltd	110 Yonkers Ave, Yonkres, New York	US
S3-808947790	Golden-Tavern	4129 Giles St, Eloy, Arizona	US
S3-279198172	Ode Có &	House No 0015, Thakarwadi, Khandala, Maval, Pune, MH	India
S3-129771116	bison.com	Nashville, Tennessee, null, 5515 Scruggs Lane	US
S3-91780723	Suryava Fuels	Flat No 101, Bangalore, KA	India
S3-45493171	Commercia1 Construction Advisors LLC	35 Ross Road, Wilmington, Delaware	US
S3-802029139	ફ્યુચર બિલ્ડર્સ પ્રા. લિ.	67, Khodiyarnagar, Jagatpur Road, Chandlodia, Gandhinagar, GJ	India
S3-917623797	Alexander & Vela Valley LLC	400 Sleepy Hollow Dr, N/A, Brookhaven, New York	US
S3-504977854	Delta League (Inc)	2020 David Lane, New Caney, Texas	US
S3-14991394	Limited Rav Developers Services	Tasgaon, MH, Nisarg House, Near Sainik School, Amriteshwar Nagar Dattamal, Sangli, Plot No. 198	India
S3-404231610	Bowers Interests Corp	Layton, Utah, 162 950	US
S3-622224012	Pune City Dtiaiomdns Private Limited	Office No. 7, Pune, MH	India
S3-427743966	Zetaecto One	Office A19, Lane 5, Sno 21A/11B, Koregaon Park Nr Vidyutngr, Pune City, Pune, Maharashtra	India
S3-34022861	Dynamic இன்ஃப்ராஸ்ட்ரக்சர் பிரைவேட் லிமிடெட்	Kuralkuttai, Tirupur, தமிழ்நாடு	India
S3-628495258	Private Bharat Fonhdation Limited	E-1-1, Ram Path, Shyam Nagar Extension, New Sanganer Road, Jaipur, NULL, RJ	India
S3-245654318	Sasoft Interests Interests Ínc	7176 234, Ladoga CITY, Indiana	US
S3-618775419	Bengaluru Council Enterprises Pvt Ltd	Door No 60/22, First Floor, 12Th Main, Jooganahalli, Opp To Post Office, Rajaji Nagar 2Nd Blo, Ck, Bengaluru, Bangalore, KA	India
S3-404498953	Complete Mobility Union Ltd	1450 Sr 18, Hanover Township, Pennsylvania	US
S3-829115876	Jagdishwar Sérvices LLP	194 B, Symphony Automobile Road Palarivattom, Kochi, Cochin, Ernakulam, KL	India
S3-869956716	BD  Retail	3805-A Silina Dr, Virginia Beach City, Virginia	US
S3-390023124	LLC Regional Couslal	6047 Seven Springs Drive, Iowa, Dubuque	US
S3-514143521	robertsshalneglobal.com	# 207, 2233 Behrend Drive, Arizona, Phoenix	US
S3-362836282	Ltd Titan Oriental	3011 Kingwood Drive, Oklahoma, Edmond CITY	US
S3-228612045	rexpowerprivate.com	402, Mumbai, Mumbai City, MH	India
S3-178758215	Mayur Vihar Realtech Partners	Shop No-207, Mayur Vihar, DL	India
S3-513916505	Mumbai Group Service	Mumbai, ##202 Plot No 55, महाराष्ट्र, Mumbai	India
S3-239094764	Monroe, Harrington Norris  &	1040. Rice Road, Ojai, California	US
S3-929345756	Baba Energy	No 97 No, 53 Mian Bigha, Warisaligunj, Warisaliganj, Nawada, बिहार	India
S3-709045750	Cajamarca Worldwide Corp	42 Saint Sauveur Court, Massachusetts, # Right, Cambridge	US
S3-870963118	Willow Partners Mitsubishi	2925 2500, Dallas City, Illinois	US
S3-435167826	अर्बन सॉफ्टवेयर प्राइवेट लिमिटेड	#434 Kapil Ratna Apartments, Mumbai City, Mumbai, महाराष्ट्र	India
S3-999355402	Bhubaneswar Buildtech Prívate Limited	At: Scr-12, Bhubaneswar, Khordha, OD	India
S3-281881400	Evoavi formerly Williams Vanguard Consumer	454 Golf View Drive, Crystal Lake, IL	US
S3-293482044	ZH Acquisition Incorporated	30445 1st Pl, Federal Way, Washington	US
S3-720911904	Smart Logistics Networks (lnc.)	50 Yorktown Ln, Elyria, Ohio	US
S3-374077438	Flossy's Desert Appliance North LLC	Apache Junction, Arizona, # 38, 372 Meridian Rd	US
S3-21220572	Spitzer Choice Precious [Inc.]	611 Fess Avenue, # APT J2, Bloomington, Indiana	US
S3-992336892	diamond secure oxford	10415b Hamilton Ave, Chicago, Illinois	US
S3-778116415	Little Bistro Company	5813b Grand Ave, Duluth, Minnesota	US
S3-57513678	jeyporetechnology.com	Bhupati Street, Jeypore, Koraput, OD	India
S3-871658728	Perez	2006 36th Avenue, Texas City, TX	US
S3-947366711	Hartsock Heartland Hennessy (LLC)	3140 Chris Avenue, Lorain, Ohio	US
S3-462617783	Family Care of Dayton	4502 Road 66112, Dayton CITY, Texas	US
S3-67024383	குளோபல் டெக்னாலஜி பிரைவேட் லிமிடெட்	6-19/5, Srinivasa Colony, Ulavar Santhai Back Side, Suramangalam Post, Western Region Coimbatore, Salem, தமிழ்நாடு	India
S3-275373522	Goetzingerjessikal.Com	12193 Cottage Markham Rd, Dayton, New York	US
S3-743877810	Estrada Sacsphedre Group	Linton, Indiana, 18 Seventh St	US
S3-281257896	Oncology Ridge	##205 First Street, Wolcottville, Indiana	US
S3-247645386	Supreme Impex Prívate Limited	No. 1391. 11Th Cross, Bangalore, KA	India
S3-625669739	Cardiology Summit Partners  LLC	8743-8747 Elizabeth Pkwy, Eden, New York	US
S3-215556343	Tec Welfare Society	8-2-293/82/C/A Pno.16, Shaikpet, Hyderabad, TG	India
S3-672251436	Smt Virat Allied L.L.P.	Ahmedabad, #468 Sixth Floor - 610, GJ	India
S3-814802128	Primeedge Private Limited Pártners	'Rmk Square' Ground Floor, Pune, MH	India
S3-515715716	Surgical Medicine Incorporated	Illinois, Oakland, 607 Main St	US
S3-472011772	Midwest Foundation-Inc.	6014 Bryant Ave, Minnesota, Brooklyn Center	US
S3-557534773	Randle Integrated Cambridge Inc	7157 Reading Road, Cincinnati, Ohio	US
S3-131311663	Yumaveo Formerly Parrish Star Horse, Inc	407 Hiwassee View Drive, Jacksboro, TN	US
S3-905149744	India Newleaf Energies Private	#0969 Office Gala No.1, Ground Floor, Shubham Industrial Building No.2 Dhumal Nagar Vasai East, Vasai, Thane, MH	India
S3-95882470	Thane Fniseceg Industries Private Limited	Plot No. 1448, Flat No. 102, Thale Plaza Mahajan Wadi Narpoli-2, Kamatghar, Thane, MH	India
S3-257652798	Regent Brmkingn Private Limited	677, 1St Floor, Suite 412, 13Th Cross Hsr Layout - Sector 1, Bengaluru, Bangalore, ಕರ್ನಾಟಕ	India
S3-644775053	গোল্ডেন কনস্ট্রাকশন Private Limited	H.no #7 Munsi Sadruddin Lane1st Floor R No 5, Kolkata, Calcutta, WB	India
S3-238645788	pjx convertible harbor inc	1148 15th Street, Chicago, Illinois	US
S3-558330044	U & U Blacfrtone Partners	2456-2460 Fork Creek Mill Road, Seagrove, North Carolina	US
S3-683791381	Norman Youth 5ervices LLC	1104 Sparrow Hawk Drive, Nomran CITY, Oklahoma	US
S3-644519956	INC Sierra Mortgage	##3028 Mortashed Rd, West Harrison, Indiana	US
S3-549239403	Ani1ita Transport Limited	#B3/332, Yelahanka New Town, Bangalore, KA	India
S3-34073840	LLC AW Superi0r Rogers	1991 Campbell Avenue, # APT 12, Indianapolis, Indiana	US
S3-446708433	Nellore Infradevelopers (Ieig)a Limited	Bagalur, Bangalore, G.halli, Nr.rmv Hosp. 56973637, KA, 107 Aecs 1St Stg	India
S3-144222127	Upper Pacific Gabelli L.L.C.	30064 145th Street, Princeton, Minnesota	US
S3-609578756	*** American  Catalyst	Mulino, Oregon, 15001 Howards Mill Road	US
S3-63700389	Browning, Newsom &  Kunieel	402 6th St, Buckner CITY, Illinois	US
S3-303636755	United [Giuied]	512 1/2 16rd Street, Moline, Illinois	US
S3-289646526	Blue Telecom,	2030 83nd Ave, Washington, Edgewood	US
S3-811242368	Cisneros College  Group	Eagle Ridge Ln, Sandia Heights, New Mexico	US
S3-859596112	Human Rights	Golden Hook, Columbia, Maryland	US
S3-695547264	wagon kedarnath ltd	5-8-601 Ratan Mahal Complexmubarak Bazar Abids, Hyderabad-1, Abids, Hyderabad-1, TG	India
S3-850663359	Helton's  Precision Brokerage, Inc	Hutchinsontownship, Minnesota, 45 Washington Ave	US
S3-320064896	Kaveriya  Telecom	S. No.- 18/1, Abhinav Collage Rd, Near Chavan Vit Bhatti, Narhe, Pune, महाराष्ट्र	India
S3-235115587	DL Estates	Flat 17 95A/7 Behind Mangala Talkies, Pune, MH	India
S3-168733158	Desert Practice LLC Services	1513b Etain Road, Irving, Texas	US
S3-129825851	Sterling-Services	Plot No. #11 Dta, Adibatla Village, Tsiic Aerospace Park, Opp. Tata Advanced, Systems, Ibrahimpatnam Mandal, Rangareddy, Andhra Pradesh	India
S3-989813540	Prime आईटी Limited	Brij Dham Apartment, #97 Flat No E 511 5Th Floor, UP, Mathura	India
S3-609107144	H. Correa H.	7698 Kau Bo Oh, Tucson, AZ	US
S3-228837453	Black Care Solutions Private	K-21, Shivnagari, Left Bhusari Colony Kothrud, Pune, महाराष्ट्र	India
S3-604929060	सिल्वर मैनेजमेंट प्रा. लि.	A-22 Wind Mill Bavdhan Village Pune City Pune Ne Pune (Cb), Pune, MH	India
S3-794991282	Zetasyn D.B.A. Josepha's Family Practice LLC	333 46 Street, New York, NY	US
S3-605964897	Verile  Yang, D.D.S.	42 Anderson Road, <NULL>, Rock Hill, South Carolina	US
S3-985660749	Tavokor DBA Anvil Inc.	Altoona, 1719 22nd Avenue, IA	US
S3-484517507	SAL SAL Advanced	51, Ahmedabad, Vavol, GJ	India
S3-666517866	Vigi1, Castaneda + Peterson	34071 Scalp Trl, Frazee, Minnesota	US
S3-997527752	Express Media Company L.L.C.	3109 Fallston Ave, Beltsville, Maryland	US
S3-895722342	fosterfergusonbrowncom	2050 Dunlap Ave, Phoenix, Arizona	US
S3-64487545	Shield Educational Society Infratech	Office No. 136, Thane, MH	India
S3-671009695	Pioneer Value Skin (Care)	New York, 07 Branch St, Friendship	US
S3-982745472	Sri Rsm Services  Ltd	A-##69, Naraina Industrial, Phase-1, New Delhi, South West Delhi, New Delhi, DL	India
S3-395856774	mgmsanghgroup.com	Upper Ground Floor 6 Metropolis Mall Mg Road Gurgaon, Gurgaon, HR	India
S3-124984707	Limited Continental Impex	Offie No. 511, Fifth Floor, Big, Benn, Swej Farm, New Sanganer Road, Sodala, Jaipur, RJ	India
S3-952260600	Physical Therapy Tomball of Clinic	10914 Holly Birar Ct, Tomball, Texas	US
S3-450271183	Bharat Éxports Pvt Limited	401Srivenkateswaraenclave, Rangareddy, తెలంగాణ	India
S3-904319926	South Atlantic Table	02072 Copenhaver Rd, null, Tennessee, Rock Island	US
S3-289851963	Mivue LLC	Illinois, 2709 Huntington Dr, Peoria	US
S3-502795718	raas producer private limited	55, Emp-71, Evershine Moon Chs Ltd. Thakur Village, Kandivali East, Mumabai, MH	India
S3-806247710	Foot & Ankle Smart LLC	804. Eastridge Avenue, Goodland, Kansas	US
S3-371505358	GA	Unit B, 1733 Baltimore Annapolis Boulevard, MD, Annapolis	US
S3-585235439	Rev Up It Massage	839 Myrick Ln, Twinsburg, Ohio	US
S3-817099125	Deltacontinental.Com	27-C Kesler Saint, Salisbury, North Carolina	US
S3-838925957	Moore Summit Archimedes Archimedes LLC	16 Glacier Creek Drive, Girdwood, Alaska	US
S3-328637777	Private Bharatpur Paper Limited	16, Bharatpur, RJ	India
S3-931868898	CPGD Steel Private	No #4 Synagogue St3rd Floor R No 302, Kolkata West, Calcutta, পশ্চিমবঙ্গ	India
S3-2447664	Transcontinental  Security Studios, LLC	11516 Begonia Rd, Adelanto, California	US
S3-679385217	Board  of Health	920 1/2 Longs Gap Road, Carlisle, Pennsylvania	US
S3-458925316	Mayank Mark Private	C/o Singh Shiva Ashok, F. No.703, Bld2, Rashmi, Thane, Vasai, MH	India
S3-916380547	ux global private limited	J-1955, Southeast Delhi, DL	India
S3-149054551	Legacy LLC Cleaning	1305-1307 University Ave, # Unit 112, Waukee, Iowa	US
S3-519061766	Agrovictorybuildcons.Com	Sco -123 2Nd Floor, Feroze Gandhi Market, Ludhiana, PB	India
S3-835997965	जय टेक प्राइवेट लिमिटेड	Plot No-18, Kh No-5034, Dwarika Inclave, Shahpur Bhmeta, Lal Kuan, Ghaziabad, UP	India
S3-992936007	Associated (India) Gráde Private [Limited]	No. 1/140, P.h. Road, Chennai Corporation, Tiruvallur, TN	India
S3-209178146	Yau Minrals Inc	Boulevard Park Ct, Fl 1, Olympia, Washington	US
S3-924192049	DAVIS AIR INC	301 Furman Straet, Syracuse, New York	US
S3-837788175	M0untain Tárget Ínc	14704 Edencrest Dr, Spokane, Washington	US
S3-274623019	Monteus Madison Corp.	001153 Ludgate Dr, <NULL>, Eugene, Oregon	US
S3-933183664	Brand Coinshares  LLC	Maryland, 394 Hillcrest Dr, Aberdeen	US
S3-489702058	Miran's Medical Inc	501 45th Street, Fargo, North Dakota	US
S3-674755345	Maid Pi1ates Llc	215 Baker Ave, Floor 0, St Louis, Missouri	US
S3-208735483	Private Akshardham Clcta Limited	Bl-2, Kolkata, Howrah, WB	India
S3-527919589	West  Preferred Nexus L.L.C.	1905 Merado Ln, Virginia, Chesapeake City	US
S3-323332349	Sierra	110 750, Bountiful, Utah	US
S3-752440838	KG Wealth-PLLC	Aero Road, Spokane, Washington	US
S3-215504197	h/w flagstar inc	Sagewood Court, Greenwood, Indiana	US
S3-377524173	URZ Sikh Pvt-Ltd	Flat No.215, Hyderabad, TG	India
S3-412205465	Custom All  Bank (Llc)	205 Duke St, Garland, Texas	US
S3-417518142	Belton Rapid Brokerage, L.L.C.	Wuapaca, E3667-D Galilee Rd, PMB 2238, Wisconsin	US
S3-511382281	ராம் மார்க்கெட்டிங்	., T.h.road, Madras.., Chennai, No.5-12, TN	India
S3-373346664	Gttrichur.Com	Fa-229b, Mansarover Garden New Delhi, New Delhi, DL	India
S3-579029144	Zetairi	B1/1, Gurugram, HR	India
S3-777404122	Oralee's Premier Transport (Highland) Clinic	338 Vley Rd, Schneectady, New York	US
S3-883020125	Unified Robotics (Associates)	Indiana, 010716 Wheelock Road, Fort Wayne	US
S3-630971955	Clyari Alisource	City Of Green Bay, Wisconsin, 3626 Stanford Drive	US
S3-896327727	Davis Lon	2130 Tradewind Dr, Texas, Mesquite, # 50	US
S3-240256776	Lewis Hóvnanian Inc.	Salem, 280 Church St, Unit 100, Oregon	US
S3-154283903	रेड इंफोटेक प्राइवेट लिमिटेड	4/5937, Hardhyan Singh Road Karol Bagh, New Delhi, Central Delhi, DL	India
S3-994408477	Wheeler'S Thedray	# 4, Nashville, Tennessee, 180 Wallace Road	US
S3-563755351	heritagegenomiclaboratories.com	512 Maple St, Mount Prospect, Illinois	US
S3-607778485	Tri-State Pampa Co	2888-C Church Rd, Town Of Homestead, Wisconsin	US
S3-771380005	LR Products Private	715-A, 7Th Floor, Spencer Plaza, Suite No 866 Mount Road, Anna Salai, Chennai, TN	India
S3-134209720	@orthopedichealth	##2N 340 Bernice Avenue, Glen Ellyn, Illinois	US
S3-5706381	Physicaltherapyhealth.Com	N83w13600 Fond Du Lac Avenue, # Unit 113, Menomonee Falls, Wisconsin	US
S3-98834171	Sawyer, Eve Clear Advisors LP	9067 Sycamore Ave, California, N/A, Montclair	US
S3-749555726	Interstate Health Systems Inc.	5089 Hazel Ferguson Drive, Fairfax County, Virginia	US
S3-878587389	Creative Digital  Dynamics Downtown Corporation	208 Eugene St, # 344, Greensboro, North Carolina	US
S3-52818672	Health Coalition Co		US
S3-901277278	LLC Ambrose Commodity	63 Betsy Dr, PMB 1080, Islip, New York	US
S3-964536531	Urgent Care  Clinic	16 Chenango Street, Greene, New York	US
S3-570259660	Horizon LLC	106 Hampton Vista Dr, Manorville, New York	US
S3-804472385	DESERT FAMILY PRACTICE LLC	Etain Rd, Irving, Texas	US
S3-326378918	Super Global Private Ltd	C - 149, BR, Saran, Chapra	India
S3-597572013	Pediatric Precision Partners	135 Center Tree Drive, Palacios, Texas	US
S3-88005371	Viozeta Prógram	5684 Ribbon Ct, Woodbridge, Virginia	US
S3-775817300	Urban-Coffee	Center Road, # Apartment 2, West Seneca, New York	US
S3-994516412	Meeks Point Metro Llc	89- Chicago Street, Illinois, Joliet	US
S3-355101005	Advanced LLC Partners Security	Texas, Bay City, 161 Navidad St	US
S3-97611961	Horizon Talent Sérvices Corp	17128 Us Highway 64/84, Los Ojos, New Mexico	US
S3-160436041	Sun Media Private Ltd #72734	66 To 77, Ida Phase Iii, Cherlapally, Hyderabad City Region, Hyderabad, TG	India
S3-158845091	*** 5olapur North [Development]	No 660 A/p Mardi North Solapur, Solapur North, Solapur, MH	India
S3-944871297	Mandi Dean Jersey (Inc)		US
S3-923365228	Longshoremen Local 882 Corp	8006 St Fillans Ln, Rowlett, Texas	US
S3-209469104	Seo Trust LP	8832 Town And Country Boulevard, Ellicott City, Maryland	US
S3-598436239	Trustworthy Holdings Holdings	C-9, Heysham Row 1St Floor, Kolkata, Kolkata, Howrah, পশ্চিমবঙ্গ	India
S3-429181588	Prutha Private Limited (Services)	HR, Panipat, Shop No. 3	India
S3-105444830	Schoen-Tri-State Jpmorgan LLC	1500 Terrace Dr, # APT 31, Brownwood, Texas	US
S3-368456951	Venevue Johnson	411 1/2 Annaberg Ln, Monroe, North Carolina	US
S3-264247527	PZR Supreme Greenfire Llc (ID: 64067)	910nd Street, Town Of River Falls, Wisconsin	US
S3-834343867	SA Énbridge	Spring, PMB 4084, 17119 Carriage Dale Ct, Texas	US
S3-211437855	SOLID TRADELINK GROUP PRIVATE LIMITED	#405 Shop-121 Plot-184 Sec-14, Chairman, Panvel, Raigarh(mh), महाराष्ट्र	India
S3-331791236	Jaxdrex formerly: Quantify Hovnanian	742 Second Street, West Brooklyn, IL	US
S3-664064703	Iribrix+ DBA: Services Quest Mitra Public Limited	A 362 Indira Nagar, Lucknow, Uttar Pradesh	India
S3-715139906	Dental Associates Co	29515 Taliesin Court, PMB 959, Spring, Texas	US
S3-75943370	Lacy, Brue and Perkins Llc	0040850 Trailhead Way, Phhoenix, Arizona	US
S3-754550143	Internal Medicine LLC	205 Warrior Drive, Unit 98, Murfreesbboro CITY, Tennessee	US
S3-502903308	Pvt. Serve Suitings Ltd	MH, Pune, 313	India
S3-546632912	LLC Ear Nose & Throat Summit Physicais	Bristol, Tennessee, 1330 Holston Dr	US
S3-460914297	जय ग्लोबल प्राइवेट लिमिटेड	No 503/4 Mmhada Bus Depo, New Pmgp Society Mulund, Mumbai, MH	India
S3-864464833	JQ Pinnacle Markets, Llc	420 W 6th St, Davenport, Iowa	US
S3-298607809	Duch Liquidity	98 Mary Lane, PMB 2595, Crysal LAKE CITY, Illinois	US
S3-43789266	AMRUTHA & CO	No. 1102, 11Th Floor, Pearl Omaxe, Plot- No-b1, Netaji Subhash Place, Pitampura, Pitampura, North West, DL	India
S3-60794510	Volk First Labs LLC	Oklahoma, 2610 29th Place, Tulsa	US
S3-126079123	Warn, Garrison And Inc. Baker	1603 Early View Dr, # COND, Anchorage, Alaska	US
S3-811605811	Jaxdelta	Surat City, Surat, Shivanta Palace, Gujarat, Flat No. 1104 - Bhima	India
S3-404913044	Vaayuora Solutions Private Ltd	No 7Th Floor-719, Ahmadabad City, Ahmedabad, ગુજરાત	India
S3-910996655	Sanchez Hurt & Vívar Associates LLC	01721 Moon Ct, Tennessee, Sevierville	US
S3-663677222	Ear Nose & Throat Pártners of Broken Arrow Arrow LLC	605 Poplar Ave, null, Broken Arrow, Oklahoma	US
S3-934107725	Premier Mamghearals Technologies LP	353-355 Court Avenue, Westoncity, West Virginia	US
S3-209125466	Flame Farmer (India) Private Private [Ltd]		India
S3-413962601	Noroex Northern	598 Kansas Avenue, Leeds, Alabama	US
S3-514342115	Hamilton's  Networks	12927 Burgundy Drive, Dakota Ridge, Colorado	US
S3-87075158	Roman Sunshine Center	14911 Ambre Grove Drive, Folsom, California	US
S3-135328772	Projects Saraswati Infratech Private Limited	Door No 154-159 Km Stone G T Roadtoward Karnal Umri Distt Kurukshetra, Haryana, HR	India
S3-439786213	@enterprisesjumbo	H.no 346 Jk 135-Raigad Niwas Somrai Nagar A/p Mohol Infrant Kade Hospital, Solapur, MH	India
S3-754679139	Fortune Finance-Private Limited	Rs No 226, Flat No C-808 Anantpuram Appart Bapat Camp, Kolhapur, MH	India
S3-88272184	-- Bhawani Servicesprivate Care Company	988, Betina Tower, Mahagun, Moderne, Sector 78, Noida, Ghaziabad, UP	India
S3-965333608	Apex Industry Group  Private Limited	Elphinstone Building, Bombay, Mumbai City, MH	India
S3-934127969	Western Animal	1839 Lowell Avenue, NULL, Anderson, Indiana	US
S3-831316093	Buellton Nevada Inc.	418 Odense St, Buellton, California	US
S3-511704553	Parks Imaging	Cottage Grove, 1179 Lod Ave, Oregon	US
S3-713647050	Maddi Cury Cornerstone Space LP - 4859175172	Little Sycamore Road, Tazewell, Tennessee	US
S3-676447488	auburnwomenshealth.com	81 Berlin Saint, Auburn, Massachusetts	US
S3-719006744	Koch  Charter School	Marcella Ave, Fl 0, Saint Louis, Missouri	US
S3-393550824	Foundation Agro Fresh Llp	H.no. 39/1, First Floor, Ghora Mohalla Village Aya Nagar, New Delhi, South West Delhi, दिल्ली	India
S3-73119196	Raj Métrology Private Limited	Plot No 496/1801 Bhagyalaxmi Nagar 3Rd Lane, Gedalnaidup, Allam, Ganjam, ଓଡ଼ିଶା, Chatrapur, Khata No 182/3164.	India
S3-985726224	Delhi Consultantsprivate  Private Limited	Unht No. 032A, Delhi, North West Delhi, दिल्ली	India
S3-320494937	HAROLD EMPIRE ARGENTINA INC	388 Zana Lane, Utah, Magna City	US
S3-906912581	Earths Prime Corporation	#311 Shreyas Opp Jain Derasar, Nr Navrangpura Bus Stop, Ahmedabad, ગુજરાત	India
S3-51066195	Strategic Dynamics Services	6220 Cr 862, PO Box 7174, Pearland, Texas	US
S3-200686587	Rana Law Chambers	P. No. 00355, Gandhidham, Kachchh, GJ	India
S3-11150606	Shri >> Banadurga Snivmes Limited	H.no. A-##6, Ground Floor, Vivek Vihar, Phase-ii, East Delhi, DL	India
S3-969123865	partnersdermato1ogy.com	2554 Hwy 87, Gilchrist, Texas	US
S3-189553313	jaininfrastructure.com	On Second Floor Vardhman North Ex Plaza, H-4, Netaji Subhash Place, DL, Delhi, Saraswati Vihar Pitampura, Unit No 0208	India
S3-473556868	Amelina Blanco, D.C.,-DDS	Oklahoma, 4521 Martin Luther King Jr Boulevard, Tulsa	US
S3-988842842	Reliable Materials Products Corporation	New York, Meadowbrook State Parkway, Westbruy	US
S3-334316868	जय Infotech एलएलपी	Khsra No. 81, 9Th Km Bhopa Road, Muzaffarnagar, UP	India
S3-117281484	Mona Towers Private	Plot No 325, Sector No Ii, M M Extn., Shivabasav Nagar, Belagavi, Belgaum, KA	India
S3-11164149	ARIELLA DMD SANCHEZ, P.	5665 C, Monticeello, Wisconsin	US
S3-796673341	Dr Transworld-Digital	GJ, Ahmedabad, A - D/1, Ranip	India
S3-581048467	M/s Tech Fodns Private Limited	786 15, F.p.396, Fariawala, Estate, Opp. Hotel Avtar, Ahmadabad City, GJ	India
S3-53346442	Masonia Gulf	# A, Ohio, Broadview Heights, 8708 Broadview Rd	US
S3-690578882	LLC Wolf Rapid Kgaa	009712 Weems Avenue, Albuquerque, New Mexico	US
S3-350678001	Inc. Zita's Légacy Productions	#11776 Azure Lane, Inver Grove Heights, Minnesota	US
S3-403376327	Tallent, Iris, Co (Services)	24 Medford St, # 3, Chelsea, Massachusetts	US
S3-162348198	Elenes, Ségura &	Owl Hollow Rd, San Marcos, Texas	US
S3-653972838	Jillie Perez Maywood	46761 State Rte 556, Sunsbury Twp, Ohio	US
S3-480986731	alfaro partnership	333 Locust St, Covington, Virginia	US
S3-760648458	Mr Jayasakthi Prbpfty Limited	Sh. No. 101, Vadodara, Baroda, GJ	India
S3-580179941	Foutch  Anel	170 Ashberry Trail, Georgetown, Texas	US
S3-471406258	Machinists Union Local No 202 Inc.	123- Day Hill Rd, Windsor, Connecticut	US
S3-362243084	Smart Media Traders	#-41/5/A, Kondapur, Hyderabad, TG	India
S3-925465002	PC, Sydel Infrastructure Williams	13520 3rd Avenue, # UNIT 1302, Victorville, California	US
S3-748425071	Internal Mdicine Physicians, [LLC]	##5531 Poplar Drive, Columbus, Indiana	US
S3-443717767	Behavioral Health Great Partners Group	2724 Old Kanuga Road, Hendersonville, North Carolina	US
S3-606104629	Kelkar Care Builders	63, Bangalore South, Bangalore, KA	India
S3-5579327	Tavova Bright Bleichroeder Inc	508-D Central Avenue, Illinois, Kincaid	US
S3-951800569	FABIAN METRO STATES	46 141 Street, Bronx, New York	US
S3-286739363	Legacy Hospita1ity Systems LLC	33530 Old Salt Ln, # 207, Lewes, Delaware	US
S3-113159442	Gold Technology Pvt Ltd	Central Delhi, New Delhi, DL, 25 Gopala Chamber76-a Ranijhansi Road	India
S3-174306356	Pavue Harbor	489 Hiler Road, Columbus CITY, Ohio	US
S3-43403457	Continental Bldgeu Spire LLC		US
S3-916096237	Ternion Cold	#21/5, Shakti Nagar, Malgipura, Aurangabad, MH	India
S3-355151568	Foot & Ankle Clinic & Co		US
S3-373916464	Zion  Tribeca	01750 Central Avenue, # UNIT, Wenatchee, Washington	US
S3-787510680	Carola Lawrence APEX Electronics Greater INC	0010784 Caribou Avenue, Apple Valley, California	US
S3-974804011	American Cátalyst	Mulino, 15001 Howards Mill Rd, Oregon	US
S3-249666672	galaxy logistics constructions private limited	AP, Yernagudem, West Godavari, 1-159	India
S3-798767879	Midkiff and Day Inc	410 C Saint, Olustee, Oklahoma	US
S3-345075023	Heartland Initiative Corp	415 Crisler Ave, Mcalester, Oklahoma	US
S3-539675050	Great Frontier [Carlyle]	Atkins Circle Drive, Unit 213, Charlotte, North Carolina	US
S3-207255784	Ariadrexecto Labs aka Universal Creative Technologies	4023 Shackleford Road, Unit Unit 108, Little Rock, AR	US
S3-580782799	R0binson Private LLC	020 Pine Street, Windsor, Vermont	US
S3-975207111	System Finance Limited Partners	B-20/2, Stadium Complex, Jalgaon, महाराष्ट्र	India
S3-219127473	Global Silver Center	Hyderabad, తెలంగాణ, Rangareddy, H.no 5Th Floor	India
S3-188501764	Optimal Oaktree Holdings	6638 Creek Trl, null, Houston, Texas	US
S3-383715860	Private Sjs Trading Ltd	Shop7 C Wing Salasar, Ashirwad Park Road, Shantinagar, MH	India
S3-133040677	RW  Banking	504 Florence Ave, Ontario, California	US
S3-83826747	Preferred Atlantic	1020 Peace Street, # R 6, Raleigh, North Carolina	US
S3-618767269	Smt Act & Holdings Private Limited Center	5 C/o- Prem Prakash Singh, Plot No. C-4/517, Gomti Nagar Vistar, Lucknow, UP	India
S3-438821413	Rodriguez Learning Cseern Inc.	90 Echo Hill Lane, Salisbury, North Carolina	US
S3-511855897	Baba-Media Prívate Limited	Flat No 02 Gurudatt Hights Appartment Tarwala Nagar Dindori Road, Nashik, MH, Nashik	India
S3-929433542	Smt Vijeta [and] [and]	Shop No B/19, Madhuban Chs Ltd, Nr. Mtnl Telephone Exchange, Tare Compound, Ketkipada, Dahisar, East, Mumbai City, Mumbai, महाराष्ट्र	India
S3-427100407	Avinovi DBA Anand Engineering Private Limited	26, Silarpur, Near Secretariat, Mandi Ateli, Rewari, Haryana	India
S3-885176570	आनंद इंजीनियरिंग प्राइवेट लिमिटेड	Door No 568 26, Silarpur, Near Secretariat, Mandi Ateli, Rewari, HR	India
S3-999713742	Radhika (i)	167/169, Kashmiri Manzil, Room No. 70, 2Nd Floor, J. B Shah Marg, Dongri, Mumbai City, Mumbai, MH	India
S3-205734864	గ్రేట్ టెక్నాలజీస్ స్టీల్ ప్రైవేట్ లిమిటెడ్	Door No 433 5-43/1/45, Balreddy Nagar Dammaiguda, Keesara (M), Hyderabad, TG	India
S3-520035410	শক্তি কনসালটেন্সি জেনারেল প্রাইভেট লিমিটেড	No ##78 C/o Chandra Prakash Pandey, Adarsh Nagar, Mandirbari, Po: Bara Baher, A, Konnagar, Hooghly, WB	India
S3-301036613	Cure Cafe Ltd	7397 Marietta Rd, New Lexington, Ohio	US
S3-477368702	Simmons's Auto Repair	1208 Flint Meadow Dr, # 1, Kaysville, Utah	US
S3-442255493	Inc Mendez Trústed Acquisiti0n	5815- 118th St, Kellogg, Iowa	US
S3-814048126	Pvt Tirupati Properties Limited	Plot No ##46 Aadarsh Colony, Khuldabad, Aurangabad, MH	India
S3-956512559	Crelnite Group	1421 Broadview Ave, # 220, Columbus, Ohio	US
S3-458012264	ग्रीन Indo Constructions प्राइवेट लिमिटेड	Devsaru Complex Shop No 101, Near Wagheshwar Dairy Man Jari Haveli Pune, Haveli, Pune, MH	India
S3-241277592	whiteheadtoddindustries.com	131 1/2 William St, Kentucky, Louisville	US
S3-601001481	Jackson and Rodgers	1800 Plateau Vista Boulevard, # 3106, Round Rock, Texas	US
S3-263512087	Center R/O Inc.	1640 St Clair St, Vincennes, Indiana	US
S3-507102499	Violet Yoder LLC Center	2259 Hermitage Way, <NULL>, Indianapolis, Indiana	US
S3-967376075	Alpha Shree Media Pvt [Ltd]	Plot No-952/3735, Behera Sahi, Nayapalli, Bhubaneswar, Khordha, OD	India
S3-161893427	Ananta Tlhmoloages (India) Private Limited	A 151- Sector 69, Sector 69, Noida, Gautam Buddha Nagar, UP	India
S3-724126509	cozy diner	4124 62nd St, Omaha, Nebraska	US
S3-475672484	Dynamic Investment Corporation	201 Southwood Drive, # Unit 3, Horace, North Dakota	US
S3-289350669	Bricklayers Local 231 Summit Co	East Dubuque, Illinois, 356 Highland Drive	US
S3-368210811	East Bright L.L.C. Center	1357 Pecan Street, Mobile, Alabama	US
S3-321682015	सूर्य बिजनेस प्राइवेट लिमिटेड	Bldg No 122 B Wing Bhakti Heights Tilak Nagar Opp Icici Bank Chembur Mumb, Mumbai City, MH	India
S3-904849846	Wallace Digital  Services	131 36rd Street, Washington, District of Columbia	US
S3-452353938	India Vbm Rseitt Private Limited	M5a, Bahubali, 59/17, 1St Floor, New Rohtak Road, Karol Bagh, Delhi, New Delhi, Central Delhi, DL	India
S3-849704157	Pony Federal Custom LLC Summit	0020 Chapin Ln, null, Austin, Texas	US
S3-503805483	Wali Vidyut Limited [Private]	Pune, Old Gat No., 1030, Santosh Nagar, Gat No.219, MH, Khed	India
S3-952409408	Co Graybill Stár Pharmaceutical	##8377 19, Etna Green, Indiana	US
S3-202781539	#trustedpoint	1451 Sierra Way, San Bernardino, California	US
S3-605669245	Innovative  Digitalbridge	3838 25, Mentone, Indiana	US
S3-953322447	Parkash Hospital Ltd		India
S3-950519904	Highland Society Llc	5601 35th Ave, Kenosha CITY, Wisconsin	US
S3-21110445	Piedm0nt National Vision Center  Inc.	1737 32rd Pl, Portland, Oregon	US
S3-89279358	Guedes Holdings Inc	Massachusetts, Plymouth, 184- Black Cat Rd	US
S3-912896778	Gonzalez, Crockett and Strége Oil West LLC	601 Broadway, Babylon, New York	US
S3-52639091	Colonial  Initiative Co	5020 Second Street, Loves Park, Illinois	US
S3-653788296	LLC Smart Apex Octave	Smackover, PO Box 3204, 403 13th St, Arkansas	US
S3-866450926	Bright Peak Réit LLC	617 25th St, Herrin, Illinois	US
S3-544459443	Precision Intelligence Industries Llc	23541 475 Road, Cherokee County, Oklahoma	US
S3-52053188	Graves Innoative Wisconsin LLC	004658 Heavener Rd, Pulaski County, Virginia	US
S3-476234946	Dermatology Cenrter LLC	345 Regal Knolls Drive, Mills River, North Carolina	US
S3-588614894	LLC Direct Spectral	317 Carter St, Savoy, Texas	US
S3-136097792	Smt Chokshi Broems Private Limited	61/29/N3, Malda, Bardhaman, পশ্চিমবঙ্গ	India
S3-329341323	THE DENT ICE CREAM INC	70 St Rte 511, Ashland, Ohio	US
S3-370952101	Zephxylo F/K/A Oncology Group	1533 Colonial Drive, Prince William County, VA	US
S3-410907540	Metro Valuence Llc	136 1/2 Smith Street, # Apartment 1E, Freeprot, New York	US
S3-234882594	Pune  Private Warehousing Limited	महाराष्ट्र, Office No. 39, Fourth Floor, Bandal Dhankude Plaza Right Bhusari Colony, Kothrud, Kothrud	India
S3-896411855	Pioneer Ventures Private	Door No 0114 2Nd Floor Block 5 Subhash Nagar, West Delhi, Delhi, DL	India
S3-840974155	smart hennessy llc	8850 Bald Eagle Drive, Blaine, Washington	US
S3-412919479	Hickman Polestar LLC Partners Partners	29 Washington Avenue, # Apartment 1, Fort Thomas, Kentucky	US
S3-972336122	Internal Medicine Partners Coastal Inc Society	265 Escort St, Molalla, Oregon	US
S3-912051571	Mehar (India) Tieup Limited	No 167, Mysore, KA	India
S3-472287270	Silonet Inc		US
S3-273870553	Uplift (Tieup-Private)	No 11-81, Bangalore Rural, KA	India
S3-78953437	westerntitan.com	216 King Farms Loop, Brighton, Tennessee	US
S3-103953981	Lakshmi मीडिया Private Limited	Kharoli, Trimbakeshwar, Trimbak, #211, Nashik, महाराष्ट्र	India
S3-421186708	Bellevue Holdings Ventures Co	Door No 592 Bf 144, Rabindra Pally Krishnapur, Calcutta, Howrah, WB	India
S3-775678413	जैन कंस्ट्रक्शन ज्वेलर्स प्राइवेट लिमिटेड	T19 S/f Khirki Extension, Maviya Nagae, New Delhi, South Delhi, दिल्ली	India
S3-212466187	होटल कृष्ण इंफोटेक प्राइवेट लिमिटेड	D9, Gautam Buddha Nagar, UP, Noida	India
S3-846169757	Rankin Frontier Inc Center	Meridianville, 305 Plantation Dr, Alabama	US
S3-478895927	Peridos (Banmshaers) | www.peridosb.com	5888 Selford Rd, Halethorpe, Maryland	US
S3-627252536	victor solutions private limited	Sco No. 137 Sector-13, Divreportingcircle, Karnal, HR	India
S3-158875471	Superior Ta1ent Services  Group	707 Huron Street, Wheeling, West Virginia	US
S3-268272810	Vision Ássociates, [[LLC]]	412 Standish Street, Elmra, New York	US
S3-825941147	Kolkata India Private Ltd	29 Watetloo Street, Kolkata, Dalhousie Kolkata, পশ্চিমবঙ্গ	India
S3-278657943	Colonial Heights City	1353 Boulevard, N/A, Colonial Heights City, Virginia	US
S3-239616741	Grand lnfrastructure  Laboratories	1404b Golden Rod Ct, # F, Belcamp, Maryland	US
S3-741403272	The The Grant Certified Algonquin	1031 Freman Ave, Kansaas CITY, Kansas	US
S3-79039002	Sajawat Seva Samiti Limited	Kenghati, Jayantpur, ଓଡ଼ିଶା	India
S3-550125446	Falcon Pvt Technologies Ltd	Jaipur, Bajaj Nagar, राजस्थान, E-12 Janakpuri	India
S3-62014171	Encee Erats Limited	No.g-3/354, Rajivgandhisalai, Omr, Pillaiyar Koil Street, Kanchipuram, TN	India
S3-949760952	Classic Agricultural Partners LLC	2311 Kimberly Drive, Garland, Texas	US
S3-861999482	Clovis Hynés Digital LLC	319 5rd St, Center Township, Iowa	US
S3-473904676	Straight Edge Pub! LP	##71 Marlborough St, Unit 5, Boston, Massachusetts	US
S3-393204262	Venkata Alloys Private Ltd	#B3/902 Heena Gaurav Heights, Mumbai, Kandivali West, MH	India
S3-878515090	M. Deberry Scientific	1300 Chestnut Road, Seven Hills, OH	US
S3-157389256	Mangrol  Producer Private Limited	Udhna, Mangrol, GJ, D-406	India
S3-429169190	Bardin & Stanley  Freedom Clinic LP		US
S3-368823637	Cascade Health Center Corp	5410 Hermitage Ave, Chicago, Illinois	US
S3-616327754	Delhi Sérvices	West Delhi, House No. 22/4 West Patel Nagar, DL, Delhi	India
S3-973627933	The Jones Strategic Soren Holdings	1763. Southern Pkwy, Srpingfield, Ohio	US
S3-871780326	Smt Chaudhari Services Pvt. Ltd.	Anjor S.no.88 H No.1 1/30, 1/51/6 Veerbhada Nagar, Pune, Haveli, MH	India
S3-386384116	Developers Nature Technologies Center Industries	Ug-10, Block-c, Pocket-2, Sagar Royal Villas Hoshangabad Road, Bhopal, MP	India
S3-86800864	International Exports Pvt Ltd	101 Supreme Ikon Commercial Premises Co. Op Ltd., Survey No.80/5, Above Nexa Showroom, Near Sakal Nagar Baner Road Aundh, Pune, Haveli, MH	India
S3-14491093	Skyland Core Private Ltd	Door No 0650 704, 7Th Floor, Palm Court, Mehrauli, Gurgaon, Industrial Estate, हरियाणा	India
S3-941259845	Gulf Cóuncil LLC	#6367 Springside Drive, Powhatan, Virginia	US
S3-486567268	Prashant Ahmed Limited	D-201 Mayfair Meridian Bldg-2, Off Sv Rd Amboli, Ceaser Road, Andheri West, Greater Bombay, Mumbai City, महाराष्ट्र	India
S3-499394704	Apex Energy-Private	90 West Mada Street, Chennai, TN	India
S3-855728291	hitech industries private limited	18-A. New Krshna Nagar, Delhi, East Delhi, दिल्ली	India
S3-196600168	Silver Finance Prívate Límited	Block E-940 Garden Reach Jetty-2 20 Garden Reach Road, Kolkata, WB	India
S3-35918431	Girdhari Bhoo Private Ltd	No-b3/172, Adarsh Vista, Basavanagar, Doddanekkundi, Bangalore North, Bangalore, ಕರ್ನಾಟಕ	India
S3-559137932	Ruthi Ówen,	11723 227th Pl, PMB 8937, Kent, Washington	US
S3-129845560	5ervice Ferrify Inc	2302 Branson Landing, Unit Unit 302A, Branson, Missouri	US
S3-731199145	Yi Iron	Portsmouth, 2025 Mabert Road, Ohio	US
S3-401016784	>> Medina Demayo Center	359 Hemlock Ave, Enid, Oklahoma	US
S3-237854534	@harperbrown	587A Seventh Street, Walhalla, North Dakota	US
S3-124275520	शिवा फूड्स	A-4 Pratop Marg Sethi Colony, Jaipur, RJ	India
S3-220148271	Quonex  Guild	243 Ironclad Drive, NULL, Columbus, Ohio	US
S3-506905017	Warren and Jurado Inc Service	4272 Quarry Rd, New Albany, Indiana	US
S3-771744236	Jackson & Perez Vision Center	67 Mangum Rd, Wellington, Alabama	US
S3-545630881	Lehr Ciarar School LLC	05 Booth Street, Elkton, Maryland	US
S3-54721090	Erickson	17504 Reserve Loop, Milwaukie, OR	US
S3-431695102	Walsh, Amerman & Chávez LLC	2683 Stonecreek Dr, Unit 137, Sacramento, California	US
S3-477737473	Alpha Sunrise  Enterprises Private Ltd	G-229, Subhash Nagar, Patho Ki Magri Near Passport Office, RJ	India
S3-431323688	@anitamadsen	4035 Hamblin Dr, Phoenix, Arizona	US
S3-920658745	LLC Keystone Summit	423 Ellen Avenue, Akron, Ohio	US
S3-703129862	Abu Markeging Pvt. Ltd.	907, Ankik Tower Nr Parshwa Tower, Nr S.g. Highway, Bodak, Dev, Ahmedabad, ગુજરાત	India
S3-294130460	Regional Development LLC Service	074 Dawkins Drive, Prince William County, Virginia	US
S3-742754948	Chennai Consulting Private Limited	10/338, Mogappair East, Madras, Chennai, TN	India
S3-20540868	Duggins Malt Corporation		US
S3-108396292	Valdez Gólden Appliance LLC	6285 Blackheath Cir, Mason, Ohio	US
S3-4162642	Custom Payroll Dynamics Eastgate LLC	14 Nathan Street, Hampton, Virginia	US
S3-149447354	biprivate.com	NULL, Block F-737/8 B-1/8, Vasant Vihar, दिल्ली	India
S3-387500124	Meza, Eaton And Reaves Aberdeen Inc.	2905 Springdale Road, Bldg O, Atl, Georgia	US
S3-731026703	Trading Mebaview Estate Private Limited	202-T/5 C, West Delhi, New Delhi, दिल्ली	India
S3-214063118	HN L.L.C. Center	816 Rosaberry Run, Building 21, Columbus, Ohio	US
S3-142486674	Ortega Vcntfaruse LLC	201 1/2 Montana Wells Road, Rio Rancho, New Mexico	US
S3-41710842	216 Center B0ulevard  Properties Inc	#5801 Triangle Oaks Dr, # 221, Raleigh, North Carolina	US
S3-286439273	Solona  Pharmaceutical	7459 Saddlehorn Dr, Texas, Frisco CDP	US
S3-56419253	Dynamic Telephone Inc	555 Mae Court, PO Box 4395, Fenotn, Missouri	US
S3-433552356	>> Lakshmi Private Limited Center	5S, Ernakulam, KL	India
S3-710903268	B Crystal Golden Center	1143 Garden Drive, Newport News City, Virginia	US
S3-151989819	Dermatology Heartland Care Riverside Inc	4972-4976 Bates Street, # 203, Turner, Oregon	US
S3-683418317	Empire Direct Earths Inc.	23, Richmond CDP, Minnesota	US
S3-617126829	belllowe.com	128 Fairmount Street, Connersville, Indiana	US
S3-755006091	lyra fast metro inc	25215 Mirrormont Blvd, Issaquah, Washington	US
S3-997324371	Bombay Healthcare Limited	C/o A-8 Rahul Yadav Vill-alinagar Post-sachui, Mau, Raipur, UP	India
S3-592354415	नॉर्थ कंस्ट्रक्शंस Private Limited	Office No Bwa-9021, Bombay, महाराष्ट्र	India
S3-425002410	India Newleaf Energies Private Limited	No 0969 Office Gala No.1, Ground Floor, Shubham Industrial Building No.2 Dhumal Nagar Vasai East, Vasai, MH	India
S3-700156182	Royal Tigchnoaagy Private Limited	Shah Industrial Estate, Veera Desai Road Near King Dance Studio, Andheri West, H.no 1., Mumbai, Mumbai City, MH	India
S3-706740554	rsprivate.c0m	Salava Agwanpur, Moradabad, उत्तर प्रदेश	India
S3-824764857	Ferrara Lion		US
S3-771120917	National Naao	3256 Clapham Rd, Nashville, Tennessee	US
S3-504258441	Taloja & Sons Ventures Private Limited	A-2209, Springhill, Hiranandani Estate, Off Ghodbunder Road, Thane - West, Palghar, Thane, MH	India
S3-687684601	Cabral Accounting  Corp	26C Cypress Creek Dr, Calvert City, Kentucky	US
S3-493785260	Tristateaceutility.C0m	4504 77th Terrace, Kansas City, Missouri	US
S3-939697009	Kaitlyn's Construction	#321 Florence Avenue, Syracuse, New York	US
S3-830317763	Fresh  Advisors Analytics	Brookplace Drive, Soddy Daisy, Tennessee	US
S3-106555039	Synnexavi doing business as Abh Educational Society	P No 5 & 4, Syno 28, 29, 30 Madhapur, Hyderabad, Telangana	India
S3-402892389	Business Wireless-Labs LLC	9 Woodrow Rd, Batavia, New York	US
S3-638649570	Pune Electricals Private Ltd	Door No 213, Pune Region, null, महाराष्ट्र	India
S3-971395324	Sree Colour Exports Pvt	H-##304 Monsoon Breeze, Gurugram, हरियाणा, Sector-78, Gurgaon	India
S3-243168954	ગ્રીન હેલ્થકેર પ્રા. લિ.	60, Elanza Vertex, Near Zainobiya Behind Armieda House, Sindhu Bhavan Road, Ahmedabad, GJ	India
S3-493040323	RKD Ttralvtes Limited	Uga-118a/1, Roman Court, Ansal Sushant City, Rasoi, Sonipat, हरियाणा	India
S3-304875519	Shri Maris Investments	New Delhi, DL, D-323	India
S3-491438751	Federal Fontig	200 Terry Ave, Springdale, Arkansas	US
S3-25627690	Red Ice Cream! (Greater)	1745 Gateway Ct, # Apt 301, Grimes, Iowa	US
S3-793128436	Surryaita Consulting Pvt. Limited	No 117 Gateway Plaza, Hiranandani Gardens Powai, Mumbai, Mumbai City, MH	India
S3-163523173	Mize  Deli LLC	7223 Elderberry Lane, Dallas, Texas	US
S3-288919348	Pm-Engineering	F. No-6, Shradhha Sankul, Bldg 1, Old Gangapur Naka, Nashik, महाराष्ट्र	India
S3-848834925	Institute of Technoogy	8138 Normal Dr, Floor 0, Saint Louis, Missouri	US
S3-35105914	Signor Sciences (India) Private	C/o Prakashrao Govindrao Waybhase At. Borkhedi, Po. Mop, Risod, Washim, MH	India
S3-906997885	Pascual Frontier  Research	39 7 Ave, Waite Park, Minnesota	US
S3-708899441	Donetta Kulick Hospitality Llc	85 Pine St, Unit 2, Fall River, Massachusetts	US
S3-854992336	Femoa Alliance	8324 Wolf Creek Court, Evansville, Indiana	US
S3-277135923	One Genetics Prívate Limited	88, Deepak Building, 1St Floor, Dr. M.b. Raut Road Shivaji Park, Dadar, Mumbai, Mumbai City, महाराष्ट्र	India
S3-176594829	Wren Barr, DPM, PC Co	1221 Big Field Dr, Castle Hayne, North Carolina	US
S3-695334106	Management Limited Lifestyle Private Steam	MH, D/05 House 1449/3 Chawl 1, Thane, Ashthavinayak Colony	India
S3-123860020	Vonny H.-Watson, D.O.	Texas, 105 Deep Wood Dr, Georetown	US
S3-949392744	Engineer Foods Limited Center	Choondassery House, Kampanipady, Anjur, Trichur Dist., Thrissur, കേരളം	India
S3-859302306	Rizadelta	Mumbai City, Adinathtower, Nationalpark Rd W E Highway, Near Nancy Colony, Borivali E, Roomno-801C, Mumbai, Maharashtra	India
S3-828419646	YDE Hitech  Pvt Ltd	Xiv/459 2Mulavarikal Estate Building Asokapuram P O Alwaye, Ernakulam, കേരളം	India
S3-888790985	LLC Fiex	260 24th Ave, Minneapolis, Minnesota	US
S3-299234423	इनोवेटिव प्रॉपर्टीज प्राइवेट लिमिटेड	Flat 202, Mumbai, MH	India
S3-754817942	Continental Freight Conleciive LLC	113-2 203 Street, Saint Albans, New York	US
S3-883588589	Future Projects Private	Flct No 906, B Wing, Shah Heights Sector 7, Kharghar, Raigarh, Raigad, MH	India
S3-114036746	>> Internal  Medicine Signature Care Holdings	218 Eleventh Avenue, Decatur, Alabama	US
S3-136604984	Shiraz +  Co	1218, Floorno 12, Plot-221, Maker Chamber V, J.b. Marg, Mumbai, MH	India
S3-476139367	Premier Defense  Company	Maryland, 27333 1/2 Woodburn Hill Road, Mechanicsville	US
S3-967019653	TOMI VILLA, PH.D., M.D., P.C.	3th Avenue, Texas City, Texas	US
S3-557923508	Leal Partners Andretti	18409 44th Saint, Phoenix, Arizona	US
S3-53429865	Mehtab Hospital	Door No 1St Floor, Gogate Mansion, J S S Road, Girgaon, Mumbai, महाराष्ट्र	India
S3-795601152	Indrora  Vyapaar Co	Mmb 1/160 Sector-b Sitapur Road Scheme Jankipuram, Lucknow, UP	India
S3-444143825	PE  Energy Private	C/o Laddu Lal Meena, Bonli, RJ	India
S3-449812388	Lutzsun.Com	632 Main St, NULL, Bellefontaine, Ohio	US
S3-503682965	Shine and Center	G-g-79 Pvt Office No-4, Third Floor, Main Bazar, La, Xmi Nagar, New Delhi, East Delhi, DL	India
S3-665902898	PT Develttpmos Prívate Limited	Plot 78 Pn. 35, Pune City, Pune, MH	India
S3-855545243	Wright Mining Llc	658 Longbranch Rd, Simi Valley, California	US
S3-598858906	Maid (Pizza)	2606 Prial Ave, Rockford, Illinois	US
S3-606384253	Castillo Sctándamrd LLC	1564 Gulf Street, Uniontown, Ohio	US
S3-192037765	P/I Xii	PO Box 7305, Indiana, 005 Meadow Moor Way, Mitchell	US
S3-687213973	Kirbie's Creative  Tamsprt	17200 Bell Road, Unit 1701, Surprise, Arizona	US
S3-247841201	Perfect GYM Company	Shop No. S-7 K.b Mall, 15 Sneh Nagar, Indore, MP	India
S3-143175002	Cotton Sr LLC	Texas, 6418 Morrow Street, Houston	US
S3-768457140	#noelmurphy	216 1/2 Brittany Lane, Belleville, Illinois	US
S3-204034937	ईस्टर्न इंडस्ट्रीज Private Limited	Plot 2 B-092, Delta-1, Greater Noida, Greaternoida, Gautam Buddha Nagar, उत्तर प्रदेश	India
S3-736779430	Schum Investments Llc	68 Lealand Lane, Tennessee, Jackson	US
S3-917432577	Ram  Infrastructure Limited Services	Bungalow No.71 Ambawadi Bungalow Scheme, Vasai, Palghar, महाराष्ट्र	India
S3-551091580	Rajnagar Communications Group Private Limited	Plat No.101a, Vrindavan Vihar, In Front V.t. Road Patrakar Road, Mansarovar, Jaipur, RJ	India
S3-326390724	Cedar  Planet	4851 Radford Road, Wilson, North Carolina	US
S3-462034427	vioavi project	1418-1420 Balls Hill Road, Fairfax County, Virginia	US
S3-198424586	Sai Products Private (Ltd)	House No. M541, Gurgaon, HR	India
S3-239895386	Mackie  Rothschild	Heritage Way, Gansevoort, New York	US
S3-718638812	Womens Health Beacon-Specialists,	Saugus, Massachusetts, 14 Breakheart Road	US
S3-721038308	Kelogild	5600 Offenbach Road, Rio Rancho, New Mexico	US
S3-850630297	Mumbai Security Gróup	##202 Pltt No 55, Green Lane Sher-e-punjab, Mumbai, MH	India
S3-909937424	Raj Technologies Pvt Ltd	Villa No. 6, Calicut, Kozhikode, KL	India
S3-274367683	Surgical Rapid Cliinic [Inc]	1922- Vancouver Street, Cuyahoga Falls, Ohio	US
S3-626971397	Williams Elite World ((Corp))	782 1511, Jacksonville, Texas	US
S3-955317651	#Salinorresources	760 Bear Ridge Rd, PO Box 9735, Pendleton, New York	US
S3-645786335	Neila Smith Federal Waste Northside Corporation	Arkansas, 432 Parkway Drive, El Dorado	US
S3-39308327	Straight Edge Cafe [Co]	232 Wales Dr, Folsom, California	US
S3-306904448	AMW CREDIT GROUP PRIVATE LIMITED	Gurgaon, House No.36, हरियाणा, Road No. S 51 Dlf Phase Iii, Dlf City, Gurugram	India
S3-188369431	Farmer ... Srj (India) Private	Ahmedabad, GJ, #D/59 B1015, Empire Business Hub, Op Shakti Farm Science City Road, Sola, Ahmedabad	India
S3-845105710	Sterling-Chemical Innovations L.L.C.	2716 Longbend Road, Galena, Missouri	US
S3-899488287	FT FT Infotech Pvt	R No. 1, Visariya Sadan, 92/B Belgrami Rd, Kurla W, Mumbai, Bombay, MH	India
S3-280565938	India Bm	H.no 162 Gulmohar Greens, Indore Road, Ujjain, MP	India
S3-664812619	Holy Cathedral Southside LLC	412 Hickry Rd, Spring City, Tennessee	US
S3-233276649	Ankita Tw0 Private Limited	Vill- Nagdaha; Po- Kampa Ps- Bijpur, Parganas North, Bijpur, WB	India
S3-818847131	@grayinfrastructure	Block E-334 1, Mumbai, MH, Andheri East, Timmy Arcade, C. T. S. 778/B Makwana Rd, Marol	India
S3-624454582	gurleymora.com	23420-23422 Comstock Rd, Bedford Heights, Ohio	US
S3-599211801	T 2 Reliable Supply,	5405 Merribrook Ln, Louisville, Kentucky	US
S3-81687411	Global Deepak (India)	H.no 10 B Parnakuti Housingsoc Yrwada, Pune, MH	India
S3-614287828	Prime Construction Pvt Ltd	Block No. 22, Pune, Kothrud, MH	India
S3-670985660	Pinnacle Intberotninal Corp	#300 Palm Dr, Lena, Illinois	US
S3-482429848	Meyers Company LLC Center		US
S3-543309789	Sna Projects Prívate Limited	A-762, Noida, Gautam Buddha Nagar, उत्तर प्रदेश	India
S3-838209260	Literacy Foundation Inc	# STE 110, 171 Muldoon Rd, Anchorage, Alaska	US
S3-787100319	Cardiology Partners of Brooklyn	321 Nostrand Ave, Brooklyn, New York	US
S3-918068768	Desert LLC Services	22 Willow St, Sidney, New York	US
S3-446153310	Lloyds Overseas Private Limited Center	H-5, Ground Floor, Front Side, Shivaji Park, Punjabi Bagh, New Delhi, West Delhi, DL	India
S3-936213147	Varad &  Co		India
S3-227455433	r0salindbhernandez.com	##15 Quincy Close, Ridgefield, Connecticut	US
S3-499618775	A [Cure]	2723 Arrow Heights Dr, Maryland Ehights Township, Missouri	US
S3-40377827	Chamundeshwari & Sons	#2, Gurugram, Gurgaon, हरियाणा	India
S3-595733963	Beloflux Sys formerly known as Jobye Mack Genetics, Inc	11283 Robinson Drive, Unit Apartment 309, Coon Rapids, MN	US
S3-938353267	Nashik  Limited Techno	महाराष्ट्र, Block E-586 Office No 3, Nashik, 2 Nd Floor, Shobhana Plaza St Colony	India
S3-536360999	Drexxylo	B2 604, Pramukh Greens, Daman Road, Chala, Vapi, Valsad, Gujarat	India
S3-662027071	Mr Sify Cmonumtants	400A 4Th Flr12 Asit Singh, Faridabad, DL	India
S3-170757399	Smt Esteem (Services)	2 Kaibartapara Baburani Para Part Bhatapada Jagaddal, Parganas North, WB	India
S3-187460922	Lyrakelox a/k/a Nesoft LLC	6742 6, Grafton, ND	US
S3-188923749	deep propmart clinic	A/21, Mumbai City, Mumbai, MH	India
S3-181914040	DGT-City Industries	##5 St Peters Street, Xavier Colony, Palayamkottai, Tirunelveli, TN	India
S3-676622277	M/s Earthwise  Pnowetrnics	Door No 28 Gomdefence Colony Avenue 8Th Vaishali Nagar, Jaipur, RJ	India
S3-757737512	Mr Perfect Systems Ltd	Flat No. Pent House.1, Silver Oak Apartment, Nagashetty Halli Ring Road, Badrappa Lay, Out, KA	India
S3-620804920	Inc Premier Keystone Pacific	41 Bulfinch St, Lynn, Massachusetts	US
S3-345085995	Urban Pizza Center	6886 Sandfield Drive, Montgomery, Alabama	US
S3-235517834	Hall Tri-State  Futurecrest [LLP]	2419 Tyler Street, Dallas, Texas	US
S3-458459498	शक्ति एस्टेट प्राइवेट लिमिटेड	76/B/3 Brindavan Society, Thane West, Thane, MH	India
S3-695283631	Spero, Watson & Breaux Technical Ínc | www.sperowat.com	030 Saint Paul Street, Unit Apartment 1, Amsterdam, New York	US
S3-853273360	Sarasanyn Resources Pvt. Ltd.	12, RJ, Anukampa Mansion M. I. Road, Sawai Madhopur, Jaipur	India
S3-356314863	Shiv Hospitality Ltd	16, Muzaffarnagar, UP	India
S3-291421368	Chloette Mason Allied Tree Ltd	4 Oerland Saint, Massachusetts, Boston	US
S3-181082683	Francis Inc James Anchor	136 Clara Strete, Cowarts, Alabama	US
S3-371778477	galaxypower.com	#4C 502, Gautam Buddha Nagar, Greater Noida, UP	India
S3-680358238	Balaji Agro Private Ltd	H.no D/12 Iisco House, 7 Th Floor 50, J. L. Nehru Road, Kolkata, Kolkata, Howrah, পশ্চিমবঙ্গ	India
S3-996978203	Pediatric (Medicine)	Otisco, New York, 4850-4852 20	US
S3-957493644	Calokor dba B 8 Innovative Technologies Inc	8486 Doe Run Lane, Shoals, IN	US
S3-695567621	Dovasol Co aka Big 87 Nails	9407 Summersville Lake Road, Summersville, WV	US
S3-657563048	l waghodia commodity private limited	Door No 4-397 Rev. Ser. No. 811/3/1, Vill : Kotambi, Baorda Halol Express Way, Nr. Alstom, Ta, L Waghodia, Vadodara, GJ	India
S3-758398090	Express Dynamics Partners	92-06 32 Avenue, East Elmhurst Township, New York	US
S3-37916082	Smt Suntech Nidhi Private Ltd	Shop No.125, Dawa Bazar Madhav Club Road, Ujjain, MP	India
S3-121710079	Chen's [Hair]	5608-C Andover Village Way, # 822, Knoxville, Tennessee	US
S3-105926066	Global Federation Co	8431 Buckhorn Trl, Peoria, Arizona	US
S3-714031746	Frank Sterling Workshop Corp.	4420 Mack Road, Spokane, Washington	US
S3-235644811	Krista Windom Cea	140 Westinghouse Rd, # 3211, Georgetown, Texas	US
S3-52625697	Keystone Immersion, Ltd	Virginia, Chesapeake City, 20 Archer Dr	US
S3-445415823	Urgent	1455 Pringle Court, Hastings, MN	US
S3-366501916	Novell Resorts-Pvt Ltd	Coimbatore, Sf No 23 Golden Industrial Estate, Kaniyur, TN	India
S3-222385080	Corner Diner	00219 Evanston Ave, Tulsa, Oklahoma	US
S3-990559719	Quintana Interests Center LP	45 Willow St, Malden, Massachusetts	US
S3-284312290	Pediatric Bay Associates South	100 Pine Road, Hyde Park, New York	US
S3-932441122	Hotel Urban Products-Private Limited	#2 5 Mile Sevoke Road, Siliguri, Jalpaiguri, WB	India
S3-83120378	Innovate Center Pvt	Tower C, Ground 04 Pioneer Park, Sector 61, Gurgaon, HR	India
S3-403382962	சிட்டி லாஜிஸ்டிக்ஸ் லிமிடெட்	Huzur Gardenssembiam Chennai ##11, TN, Chennai, Chennai 11	India
S3-744044534	Kirti & Partners	No 4Th Floor, Surat City, Surat, ગુજરાત	India
S3-749773603	Inc Foot & Ankle Physicians Of City Of Aberdeen	Aberdeen, Maryland, 71 Valley Bottom Rd	US
S3-719188088	Pediis Auto Sales  Ltd	6437 Cougar Mountain Way, Bellevue, Washington	US
S3-570113604	Shri ANAND BUILDERS PRIVATE LIMITED	114, DL, Lgf, World Trade Centre, Central Delhi, Babar Lane	India
S3-561547855	Macedon Precision System,	033 Kemp Dr, Macedon, New York	US
S3-690117229	Veoarc f/k/a Natassia's Cleaning Service	818 Sth 42, Town Of Liberty Grove, WI	US
S3-851441070	Temple Zion	2408-C Girard Avenue, Minneapolis, Minnesota	US
S3-40097878	Joly  Diamond Stth	26, Brownsville, Minnesota	US
S3-777455192	Arctavox DBA North Crystal Rare Clinic	719 Westgate Avenue, Fl 1, Saint Louis, MO	US
S3-648863690	Value Collective Nutrition	1994 403, Bonnots Mill, Missouri	US
S3-305946227	Golconda Artietan Pvt. Ltd.	H No.8-1-284/ou/569, Ou Colony, Shaikpet, Golconda, Hyderabad, తెలంగాణ	India
S3-299073636	sotoveterinarycliniccom	72862 Virginia Ave, West Twp, Ohio	US
S3-707118959	Urology Clinic Co	741 Breys Avenue, Unit A, Salem, Oregon	US
S3-610056135	Cozy Auto  Body Incorporated	2446 Main St, Barnstable, Massachusetts	US
S3-609814998	South  Construction	Basement 6Community. Centre Saket, New Delhi, South Delhi, दिल्ली	India
S3-531276835	Great Costamare Inc	21-23 Lawrence Rd, Haviland, New York	US
S3-406535708	CARIUS INDUSTRIES LLC	113 Dianna Drive, Yukon Ciity, Oklahoma	US
S3-2966363	Markle  Purpose, [Llc]	1830 9th St, # 1830, Levelland, Texas	US
S3-386005475	LJX-Innovative Enbridge [Coastal]	9A Stave Mill Lane, Mayflower, Arkansas	US
S3-636020631	International Stffig Innovations Billings	Billings CITY, <NULL>, Montana, Westchester Sq	US
S3-878122689	The Madonna Thompson Special	Bellingham, Washington, 34th Saint	US
S3-715733262	City  Global-Pvt Ltd	Village- Alampur, N.h.- 6 P.o. New Kolora, Howrah, WB	India
S3-905949206	Patterson  College Inc.	14 Arlington Ave, Canton, Ohio	US
S3-618524114	sangameshwar brothers care	Prestige Trade Towernoe##46, 23Rd Floor Palace Road, Bengaluru, Bangalore, KA	India
S3-131402087	Dandy Inndia Limited	Udaipur, राजस्थान, A-22, Udaipur	India
S3-31327335	Division of Services	210 Pryor Drive, Galltain, Tennessee	US
S3-18065379	Calobelo Sys DBA Clement Holding Company Inc	4312 Yancey Road, Unit 311, Charlotte, NC	US
S3-470278184	Mayo, Wilson Tolson Ocean Service	Carriage Club Dr, North Carolina, # 303, Mooresville	US
S3-677994013	Verile'S Fresh Boutique	9496 Chesapeake Drive, North Royalton, Ohio	US
S3-34060028	Hunger Proletc	Canterbury Court, N/A, Woodbury, Minnesota	US
S3-632049787	Lias Vii of Youngstown lnc.	948B Wilkinson Ave, Youngstown, Ohio	US
S3-640433692	KC Electricity Private	H.no 9/753/ B, Malapuram, Malappuram, KL	India
S3-528808542	Wachs Bright	5305 Springside Ln, Middletown, Connecticut	US
S3-401616858	*** Orthopedic Padrtnries	9010-B Ridge Ln, NULL, Fairfax County, Virginia	US
S3-480159282	Juhl  Silicon Ltd		US
S3-960057010	Colonial Fedld,s LLC	10225 Bowman Barrier Road, North Carolina, Mount Pleasant	US
S3-339104819	குட் ஸ்மார்ட் ஃபைனான்ஸ் கார்மென்ட்ஸ்	A-15, 14/6, Panav Pooja, Behind Vivekananda Nagar, Singanallur, Coimbatore, TN	India
S3-553118175	Global Ministries LLC Society	608 Tosha Court, Tennessee, Nashville	US
S3-186120686	RD Polymers  Pvt Ltd	Plat No.#1323/4 Khajarana Banglow No.1, Century Eastate, Indore, MP	India
S3-27570195	Anderson LLC Center	Missouri, 2872 Sugar Thee Ln, NULL, Maryland Heights	US
S3-551191987	2231 Ocean  Ave Owners Corp Corp	#600 Toutle River Road, PMB 9244, Castle Rock, Washington	US
S3-985947781	Nexelle Construction	31-33 Hillcrest Heights, Lebanon, Connecticut	US
S3-23835236	Shrinidhi Holdings	F, Tirumalagiri, Hyderabad, TG, No-810 & 811, 8Th Floor, Manjeeratrinitycorporate	India
S3-986142223	Fox  Delta Electric	Springfield, 54 Upland Street, Massachusetts	US
S3-911669934	Sri Raj Investment Prívate Limited	601 Ii Nd Flor, HR, Mahendragarh, Haryana	India
S3-261673657	ZKG Constructions-Clinic	0, Kodi Colony, Sanjay Nagar Jind Railway Line, Rohtak, हरियाणा	India
S3-306187271	Precision Innovative Natural  Southside	7463 Grand Oaks Blvd, Citrus Heights, California	US
S3-187040852	Royal Network Worldwide Inc.	30 Folmsbee Drive, Menands, New York	US
S3-529884112	Washington Atlantic Priority Summit Llc	Jessamine Co, Kentucky, 1624 Woods Road	US
S3-179312137	Memorial  Charities	Illinois, 904 Burton Place, Arlington Heights	US
S3-437729771	Inc Williams Green Hudson	286 Green Lane, Sharps Chapel, Tennessee	US
S3-998329438	Cardiology Care Inc Board	5104 Shaver Street, Houston, Texas	US
S3-611960809	clark precision quartzsea	34 Ohio St, New Bedford, Massachusetts	US
S3-113197065	Direct Gesher Highland L.L.C.	81 Ravine Avenue, # Unit 2, Rochester, New York	US
S3-206181266	M/s GROWGREEN ACADEMY VENTURES PRIVATE LIMITED	Vp-viii/977, Pallichal Road, Near Vadakkebagam - Jama-ath Muslim Masjid, Vizhinjam Po, Thiruvananthapuram, Trivandrum, KL	India
S3-152856247	Indo Infra Limited	No 72-75Th Grd, Pharma Search House Worli Hill Est B G Kher Marg, Mumbai City, Mumbai, MH	India
S3-941533959	Shikhar Technologies Pdblic Limited	P-#41, Princep Street 6Th Floor, Calcutta, Howrah, WB	India
S3-592858574	T+ Service	Nicollet Ave, Unit Unit 302, Burnsville, Minnesota	US
S3-470052627	Urology Center, Holdings	11506 Maplewood Drive, NULL, Ridgely, Maryland	US
S3-126368502	The C1ark Railway LLC	539 1200, Springville, Utah	US
S3-403732975	Smith LLC Irenic	615 Peaks Parkway, Timberline Fernwood, Arizona	US
S3-962626858	Metropolitan LLC Center	Meadow Lane, Nanuet, New York	US
S3-868321467	സ്റ്റാർ ഇൻഫ്ര Private Limited	Thrissur, Thalapilly, KL, 1/440	India
S3-855521734	Forsythe Úbs Ltd	7730 Komensky Avenue, Chicago, Illinois	US
S3-283542370	Aziz  Southern	Carriage House, Wheeling, West Virginia	US
S3-177412867	earthline public schóol	C-290 Delta 1, Gautam Buddha Nagar, Greater Noida, UP	India
S3-646213630	The  Dent Auto Body	Oregon, 1190 Cottage Street, Salem, PO Box 1709	US
S3-780309539	ફોર્ચ્યુન હેલ્થકેર	C Gf 8 Nilkanth Residensy, Nr English Medium School, Bavla, Rajkot Highway, GJ	India
S3-963383955	Dynamic Finance Finance Private Ltd	352, Choryasi, Surat, GJ	India
S3-219650377	Gandhi Entertainers		India
S3-836781102	Xylocalosyn DBA: Bumrungrad LLC	13709 Davinci Bas Place, Houston, TX	US
S3-307714561	Delta Mother Private Ltd	C-54-g No-10 Ambedkar Vihar Johri Pur, Delhi, East Delhi, दिल्ली	India
S3-430374278	Ectowex Sys a/k/a HK Works Private Limited	Ea-387 Ist Floor Naya Enclave Hari Nagar, New Delhi, West Delhi, Delhi	India
S3-755276261	Angeles-Shipping	1010 F Street, null, Harlingen, Texas	US
S3-187667100	Shreeclinic.Com	61-1, Coimbatore, TN	India
S3-874531872	Literacy Initiative Inc Association	Emerald Ridge Court, Baltimore, Maryland	US
S3-328460607	Premier Ptaymeont Group	04829 37th St, Indianapolis, Indiana	US
S3-224796411	Custom Premier	908 Canadian Avenue, Purcell, Oklahoma	US
S3-365370642	First Robotics P.L.L.C.	Washington, 405-C 116th Place, Seattle	US
S3-906477506	Christal Howland, D.O. Inc.	#879 University Dr, Frisco, Texas	US
S3-50571622	Crum Global	4028 Vinland Cir, Virginia Beach City, Virginia	US
S3-407756432	Jany Henson Metro Northwest, Co	760 Denver Ave, Tulsa, Oklahoma	US
S3-146256678	COMPASS LLC	Greenwich, Connecticut, 9 Wescott Street	US
S3-555557463	Roopesh Information Pvt Limited	#95 Industrial Estate, null, Jagadhari Road, Ambala Cantt, HR	India
S3-295662055	Desert Montessori School (Corp)	713 Illinois Ave, Enid, Oklahoma	US
S3-823999700	Maid East Cafe Inc.	424-428 Chestnut St, Aberdeen, Maryland	US
S3-766250904	डायनामिक मार्केटिंग प्राइवेट लिमिटेड	Plot 329 Sr No-3/1/1/5 Yewalewadi, Pune City, Pune, MH	India
S3-492530602	Carlye Mcádams Motor Corp		US
S3-762758893	Tracie Snell Data, Inc. Services	Unit Apartment B, Buffalo Township, New York, 17 Durham Court	US
S3-727945209	4258 Church Lane [Management]	60 A Highway 107, Enola, Arkansas	US
S3-782380418	Violyra	No. 176 Tc 14/1835, Pulikottil Nalanchira, Thiruvananthapuram, Thiruvananthapuram, Trivandrum, KL	India
S3-963005576	Griffin Breeze Ltd	2342 Brookwood Ave, Unit #106, Hillsboro, Oregon	US
S3-439814437	garcia imaging llc	17D Sandalwood Dr, Newaark, Delaware	US
S3-479322999	Debby Harmon Melar-Grove CITY Riverside	#4312 Lemon Lake Court, Grove City, Ohio	US
S3-94707191	Campus  College	0010/6781 D G Road Dev Nagar Karol Bagh, New Delhi, Delhi, DL	India
S3-538991460	Smt BHIVE FOUNDATION	66, Kolkata, WB	India
S3-711000375	Tully Taxable Corporation	Westgate Avenue, Durant, Oklahoma	US
S3-495891586	Gonzales Gbad Aurora	935 Moneta Avenue, Aurora, Ohio	US
S3-753132206	Emmye Sanford Renewables	80 Kansas Avenue, Pittsburg, Kansas	US
S3-784663531	ஆல் கன்சல்டிங்	Karamadai Road, Kk Nagar, Coimbatore, TN	India
S3-292871789	Prviate Apex Finance Limited	HR, Rohtak, Haryana, ##553 Green Rodrohtak	India
S3-60152570	Black Commercial Pvt. Ltd.	Plot ##626 1201, Cts 137/B, Silver Leaf, Wing A Akruli Road, Opp. Goshala, Kandivali East, Mumbai, Mumbai City, MH	India
S3-430515723	[Black] Brost Group	3111 Whitehall Dr, W. Valley City, Utah	US
S3-745929341	Synkor One	H No.7-39/2, Imamguda, Mankhal, Rangareddy, K.V.Rangareddy, Telangana	India
S3-433393234	Milam, Gomez and Mccune Air Co	35 Paige Ln, Brookhaven, New York	US
S3-264522691	Shree Apex Systems LLP	Hn 690 S No.130, Pl No.1032 A, Office No.103, Samruddha Apt, Poud Road, Pune City, Pune, MH	India
S3-157663258	Better Diagnostic Digita1 LLC	38064 San Alvarez Ave, Maricopa, Arizona	US
S3-7783455	સિલ્વર ફૂડ પ્રાઇવેટ લિમિટેડ	22, Panchwati Society, Opp. Sarjan Society, Parle Point, Surat, GJ	India
S3-721846607	heritagesociety.com	139 Fort Graham Rd, Whtiney, Texas	US
S3-864253724	Narayana	Flat No- B7-404, Camelot Society, Viman Nagar, Ganpati Chowk, Pune, MH	India
S3-464112634	Acs Academy Pvt Ltd	No 14/17 Ashwamegh Industrialestate Sarkhej-bawla Highway Vill-p O Changodar Ta-sanand, Ahmedabad, GJ	India
S3-884790295	Avievo trading as Bedell Cadenza of Heyworth	206 Main Street, Heyworth, IL	US
S3-696784057	Southern Ishares Co	North Little Rock, Arkansas, 711 Dorothy Dr	US
S3-229246705	The Straight Edge Cleaning Service	18131 Trepito Ave, Neww Caney, Texas	US
S3-30164381	PramodcollegeCom	Room No. 602, Thane, MH	India
S3-166949745	Ankita Medical Cenrte	9-4-62, Nizam Colony, Tolichowki, Hyderabad, TG	India
S3-997018571	Mr My Investment  Limited	147, Gurjaro Ka Mohala, Nagar Nigam Road Sanganer, Jhunjhunu, Jaipur, राजस्थान	India
S3-28635761	Onyxnyla Sys née Dimaio Prime Trust Inc	1714 Main Avenue, Portales, NM	US
S3-154544688	Family Trust Corp	Carters Valley Road, Church Hill, Tennessee	US
S3-438330841	Quintina Chavez Pacific Mústang	9732 1/2 Zane Trail Road, Circleville, Ohio	US
S3-46299248	Biddy'S Optimal Management	#508 Hillmont Avenue, East Gadsden, Alabama	US
S3-293617838	ब्लैक प्रोडक्ट्स एलएलपी	H No 12 Gajgaon, Aurangabad, महाराष्ट्र	India
S3-811310753	Eye Clinic Group	10870 Napier Way, PMB 4074, Knoxville, Tennessee	US
S3-218749853	Calokeloevo	390 Skyland Drive, Kingsport, Tennessee	US
S3-574571281	wangrocky.com	104 Western Avenue, Rensselaer, New York	US
S3-798425927	Safe Dpc - 3857729841	1122 Briarwood Cir, Moody, Alabama	US
S3-172640712	Dovazeph formerly known as Pacific Broadcast Innovations LLC	3955 Columbia Falls Stage, Columbia Falls, MT	US
S3-271526814	Ramos And Sullivan Inc	Delaware, Wilmington, 2636 Sherwood Dr	US
S3-243473927	... The Ha1cyon LLC	5314 Caas Grande Drive, PO Box 8349, Topock, Arizona	US
S3-311735437	Jagadal  Mhflsl Group	Bagalkot, Jagadal, ಕರ್ನಾಟಕ, No. 138 Jamakhandi Taluk	India
S3-85280851	Prominent Infracon (India) Public	Thane, महाराष्ट्र, Kalyan, #6 And 7	India
S3-467864077	Zephkor aka Therine Morales Clear Foods Inc	326 5th Street, Oswego, NY	US
S3-966339815	Inc Ferrify Vendome	Missouri, Branson, 2302 Branson Landing	US
S3-912232319	સેવન માર્કેટિંગ પ્રાઇવેટ લિમિટેડ	Sh No. B-5028, Choryasi, Surat, GJ	India
S3-978697712	Gray, Evensen  and Shank	Norwalk CDP, Connecticut, Powder Horn Rd	US
S3-601316729	Green Enterprises  Pvt-Ltd	Flatno 303, Syno 981/E982E, Suryatejahomes, Beeramguda, Ramachandrapuram, Sangareddy, తెలంగాణ	India
S3-63621581	24HR Fitness Corp	01 Ardmore Drive, Golden Valley, Minnesota	US
S3-914979979	Onxy  Inc	12541 Lighthouse Way Drive, Unit APT J, Saint Louis, Missouri	US
S3-310891042	Devun  Mould	18-24, New Delhi, Central Delhi, DL	India
S3-277353367	Central Learning Glóbal Inc	5872 Sierra Drive, Redding, California	US
S3-607194017	Teena Odom Cartesian Inc.		US
S3-978970499	Shyam Limited Private Technology	PB, 359 Cool Road, Rama Mandi, Jalandhar	India
S3-345720307	Nelson and Knoll Ashford Inc	Louisiana, 294 Adley Ave, Bayou Cane	US
S3-105873854	C Q Pence Forti Inc		US
S3-888295146	Charity Power	7415 Windsor Blvd, Cheyenne, Wyoming	US
S3-95939324	Sunray Quality Pmrvtae Limited #62145	Mi No:463 A/p Laul Tal:madha Dist:solapur, Solapur, Laul, MH	India
S3-572960969	ಒನ್ ಫುಡ್ ಪ್ರೈವೇಟ್ ಲಿಮಿಟೆಡ್	437 2, 4Th Cross Road, Shamanna Layout, Ex-servicemen Colony, Bangalore, Bangalore North, KA	India
S3-143802519	Shri Eastern  Investment Pivte Limited	Room No. 380, 1St Floor, Bismillah Shopping Complex Market Road, Ottupara, Wadakancherry, Thrissur, Kumaranellur P O, KL	India
S3-506259467	LLP Fin Broadcasting	D/602- Excellency Tower, Indralok Phase 8 Bhayander East Mumbai, Mumbai City, Mumbai, महाराष्ट्र	India
S3-285778897	Mr Siddhnath (India) Solutions Ltd	U/g/f, Gali No 10 New Govindpura, दिल्ली, H No. - C/43, Shahdara	India
S3-671872566	PEDIATRIC DENTISTRY PARTNERS L.L.C.	331 Big Springs Road, Bluff City, Tennessee	US
S3-317766695	X+ Xrp	132-A Post Office Ave, Grahn, Kentucky	US
S3-479972241	Belofaye	Bbmp No. 68/1, Bda Site No. 78 Situated In Industrial Suburb, Mahalaxmi, Puram, Bangalore, Karnataka	India
S3-445885784	... Mumbaivision.Com	Fatima Villabeh Atlanta Arcade Church Rd Marol Andheri East, Mumbai, MH	India
S3-613211288	Mccarty-Family Office Inc	North Highlands, 4040-4044 Don Julio Blvd, California	US
S3-883607973	Pink Continental Republic Inc	Oklahoma, Pink, 32517 Highway 9	US
S3-21437104	MARYSVILLE DENTAL PHYSICIANS	6421 49th Avenue, Marysville, Washington	US
S3-641648111	Square Trading	WB, Hemanta Basu Sarani, Manglam, A- Block, R. No. 201, 24, Kolkata, Howrah	India
S3-162199234	Peach Serve (India) [Private-Limited]	Tentulberia, <NULL>, Howrah, Kolkata, WB	India
S3-886246745	Platinum Merlsa Inc	01966 13, Albion, New York	US
S3-919031316	tech ínfotech private limited	4-6-375/3/8, Sri Siddi Vinayaka Apartm, Karimnagar, Karim Nagar, తెలంగాణ	India
S3-720960773	gandhinagar garment private limited	B4 501 Waterlily, Gandhi Nagar, Gandhinagar, ગુજરાત	India
S3-181325714	Housing Council	9015 Westchester Dr, Prince William County, Virginia	US
S3-135249363	Smgi & Co	#97 House No 922, Delhi, North West, DL	India
S3-749813412	Colonial Institute Partners	14460- White Top View, Abingdon, Virginia	US
S3-225926198	Bridgewater Anchor LLC Services	Phoenix, Arizona, 4508b 24th Place	US
S3-957375227	Urologycareassociates.Com	25644- Hidden Acres Drive, Westlake, Ohio	US
S3-627024078	Mr City Limited Prívate Trading	01, Pure Ragghu, Shukul, Amethi, Sultanpur, Musafirkhana, UP	India
S3-556527726	Safe Melar	15236 Calla Road, Salem, Ohio	US
S3-482571012	Billings + Ratliff  L.L.C.	20456-20460 Third St, Hilmar, California	US
S3-961547799	Golden Agro	Fltnoa/316, Ameyaapartment, Vn Puravmarg, Opptatanagar, Mumbai, महाराष्ट्र	India
S3-358110275	American ([Natural])	211 Basket Rd, PMB 5229, Lashmeet, West Virginia	US
S3-512498472	Hotel (India) Producer Bangalore South Limited	No 21, Bangalore Rural, Bangalore South, KA	India
S3-624861192	EAST BEACON MITSUBISHI LP	Tempe, 909 Grove Parkway, Arizona	US
S3-482146344	Lilian Rich, L.C.S.W., M.D., Inc	2826 Taylor Street, Phoenix, Arizona	US
S3-643448803	Cirairi	818B Sth 42, Town Of Liberty Grove, Wisconsin	US
S3-284542811	Perez, Lbset & Garcia Rocky	146 Duwnoodie Saint, Yonkers, New York	US
S3-626860026	INDICON SOLUTIONS LIMITED	14A Vishnupuri Jagatpura Road Malviya Nagar, Jaipur, RJ	India
S3-159867633	@danielgolden	3059 Nadar, Grand Prairie, Texas	US
S3-749666703	Kapeeshwar  Institute of Technology	1/19, New Delhi, DL	India
S3-283192436	Féderalfloating.Com	184 Terry Ave, Springdale, Arkansas	US
S3-132083054	Indigo Center	520 39th Ave, NULL, Goodview, Minnesota	US
S3-615826091	Big (Bike)	36 Wall Street, # 2, Sevierville, Tennessee	US
S3-824111736	jaipur lands overseas private limited	No 83 Prem Nath Motors Private Limited Sarraf M I Road, Divreportingcircle, Jaipur, राजस्थान	India
S3-61530229	Kestio-One Inc		US
S3-755246754	Sri Baba  Agro Private Limited	Shop No.4, Manterwadi, Haveli Pune, Uruli Dewachi, MH, Pune, Milkat No.1627	India
S3-89546440	HEALTHCARE RAVEL FORMS PRIVATE LIMITED	Rabale, Plot 755 Plot No. R-635, Sector-8, Ttc Industrial Area, Rabale Midc, MH, Navi Mumbai	India
S3-980792803	Interstate Regional Pan East	1910 Randolph Ave, Kansas, null, Topeka	US
S3-899583090	Highland Inc Center	302 47th Street, Unit #A7, Tacoma, Washington	US
S3-904935692	ಶ್ರೀ ಕನ್‌ಸ್ಟ್ರಕ್ಷನ್ಸ್ ಪ್ರೈವೇಟ್ ಲಿಮಿಟೆಡ್	Sathish Enclave, 6Th Cross, Shiridi Layout, 4Th Block, Ayyappa Nagar, K R Puram, Bengaluru, Bangalore, Bangalore North, KA	India
S3-907968898	Shri Venue Tdhadig Holdings Private Limited	Plot No. 69, 54 Lnp, Padampur, Padampur, Ganganagar, RJ	India
S3-648282718	Mits Private Limited Services	Sf - 02, New Delhi, DL	India
S3-967863826	डायनामिक व्हाइट टेक्नोलॉजीज प्रा. लि.	C-1189, Khagaria, Panipat, HR	India
S3-140020779	Avicalo	Gujarat, Surat, Plot No. 5, Surat, Ashirwad Industrial Estate1, Opp. Supreme Lamination, Bamroli Main Ro, Ad	India
S3-481168873	Pvt Perfect Fínance Ltd	BR, C/o Munna Thakur, Ward No7, Ward No.-7, Ps-malahi, Areraj, East Champaran	India
S3-830304370	Bharat Fóundation Pvt Ltd	Hn 409 N6/2b-117-k-5 Indra Nagar, Varanasi, UP	India
S3-784490003	Glass [Sciences]	10608 66, Hardinsburg, Indiana	US
S3-343069962	Continental Medical Collective Collective Ínc	2422 Apache Drive, Floor 1, Chandler, Arizona	US
S3-682611685	Western Innovative Machine Works North	4921 Leonard Point Rd, Town Of Omro, Wisconsin	US
S3-155148701	esteltysonbay.com	05123 Albany Shores Ln, Brookshire, Texas	US
S3-669088193	General  Infotainment Company		India
S3-149805450	Orange, Cgcy Of Ltd	6523 Chevron Street, Orange, Texas	US
S3-188209927	sea sea nursing home ltd	703, 7Th Floor, Palm Court, M G Road, Sector - 16, Gurgaon, Industrial Estate, HR	India
S3-727178797	Samaritan & Co - 1939370756	D-18, M I D C Shiroli, Kolhapur, MH	India
S3-917477999	631 Main Court	4411 Lawndale Avenue, Chicago, Illinois	US
S3-898236286	White Software Private	Wing C, Flat-03, Morya Gosavi Raj Park, S No. 292, Keshav Nagar, Pune, महाराष्ट्र	India
S3-524352901	Captain International (India) LLP	C/o E.f George, Ellathuparambil, Chakkaraparambu, Ernakulam, KL	India
S3-988699529	Fylf0t  Traders	#4 No Fairlie Place Mezzafine Floor, Kolkata, Calcutta, পশ্চিমবঙ্গ	India
S3-255961589	Lower Veterinary Clinic Holdings	45 Stanley Ave, Brooklyn, New York	US
S3-48753942	Hyderabad Organic Pvt Limited	Sy No Â 139, Hyderabad, Rangareddy, TG	India
S3-924726929	शक्ति लॉजिस्टिक्स प्राइवेट लिमिटेड	Plot No. Rb-50, Riico, Industries Area Karoli, Tizara, Tapokda, RJ	India
S3-768321233	Korfayeio née Housing Center	Andover, 155 Eldorado Street, OH	US
S3-234441977	Beia-LLC | www.beiallc.com	616 Creek St, Skiatook, Oklahoma	US
S3-729971742	Narasimha International School Private		India
S3-334495956	Roopraj [Appliances]	19, Ist Floor, Corner Market(c/o World Wide Tour) Malviya Nagar, South Delhi, दिल्ली	India
S3-921043894	Ratnagiri Pvt Ltd  Services		India
S3-220033600	Ivenium L.L.C. Services	7 Credit Dr, Mayflower, Arkansas	US
S3-155250976	Alpha Tech  Private Limited	Sy No. 449/E, Hyderabad, TG	India
S3-504392313	Audrie Thonmas Smart Pharma Greater LLC	4102 Hoyt Avenue, Indiana, Indianapolis	US
S3-581491686	Lanjigarh Private Limited Services	Lhnjigarh Kalahandi, Kalhandi, Kalahandi, Orissa	India
S3-188551640	Perfect Finance Pvt	C/o Munna Thakur, Ward No7, Ward No.-7, Ps-malahi, Areraj, East Champaran, बिहार	India
S3-484961501	Padillaempire.Com	526 Forest Avenue, Chattanooga, Tennessee	US
S3-647017812	Swiss Power (nsa) [Ltd]	Ed-125, Tagore Garden, New Delhi, DL	India
S3-765344626	Sunrise Private-Limited Center	Plot No- 371/3033/7194, Malli Ck Complex, Bhubaneswar, Khordha, OD	India
S3-900607781	Smt Masco Foundation	167- Ground Floor Abhay Khand - 1, Ghaziabad, उत्तर प्रदेश	India
S3-31812834	Private Sampoorna Limited Moon	Ashiya Peaza, 201 A, 2 Nd Floor 2Nd Tower, Bhagwanpur Sadar, Muzaffarpur, बिहार	India
S3-4700916	mikeska clean connecticut ltd	Unit 0, Ohio, 7251 Creekview Drive, Cincinnati	US
S3-286532146	Pediatric Dental Medicine Co	Kilpatrick Ave, Chicago, Illinois	US
S3-860095443	cainfratech.com	H.no 21 Kaushalpuri Colony, Lucknow, उत्तर प्रदेश, Khargapur Gomtinagar	India
S3-105293253	Bright Technical Laboratories Incorporated		US
S3-408756451	Sweet  Cleaning Service	Whitney Point, New York, 5411 26	US
S3-520921732	Private Bgks Naidu Street Bsg Iii Impex . Stage Limited	#4-1 6Th Cross 30Th Main, Bgks Naidu Street Bsg Iii Stage ., Bangalore, KA	India
S3-183748005	Nixon-House	3044 Heathcote Rd, Waldorf, Maryland	US
S3-150653749	Boyd Learning  Center	Antrim Meadow Ln, Cary, North Carolina	US
S3-283065755	LLC Free A1l Trável	10- Willedrob Road, Bloomngton, Illinois	US
S3-430128486	इंडियन इंटरनेशनल ट्रेडिंग लिमिटेड	Kh. No. 13/J Chuna Bhatti Near D.k. Rainbow, Bhopal, MP	India
S3-812942851	Construction Communication Pvt Ltd Center		India
S3-520298562	Pediatric Médicine	7-59 86 St, Woodhaven, New York	US
S3-363354607	Sun  Infra	UP, Lucknow, F-387 F-387, Transport Nagar, Lucknow	India
S3-173377440	B T F Tower LLC Services	404 Margaret St, Houma, Louisiana	US
S3-179249022	Schenck-Property	52115 Sitka Ct, Fort Cavazos, Texas	US
S3-258029988	Marketing Nri Cluster Limited Services	Poonthope, Alappuzha, KL	India
S3-58643311	New Delhi Ventures-Private Limited		India
S3-944293947	A First Btc	82 Granger St, # 2 LEFT, Quincy, Massachusetts	US
S3-880282033	ગુરુ સોફ્ટવેર પ્રાઇવેટ લિમિટેડ	#640 B-701, Ahmedabad, GJ	India
S3-612982424	Gonzalez's Fitnes	1017 Monkhouse Drive, Port Bolivar, Texas	US
S3-246244568	C D & M Skin Ce Inc.	Park Ave, Unit 7, Worcester, Massachusetts	US
S3-526649191	Shelton-Dental Associates Corp	Albuquerque CDP, New Mexico, 10427 Don Giovanni Place	US
S3-322535884	Minor Quantumsphere INC	415 165nd St, Spanaway, Washington	US
S3-230074747	(LLC) C1ean Metro Medical,	Virginia, #34 Jollett Ln, Grottoes	US
S3-612512649	Sun Logistics Pvt Limited	Vengal Rao Nagar, 12-33-948/14D, AP, Nellore, Kavali	India
S3-308749917	Meerut Pvt Ltd Center		India
S3-521528075	Gildyuma Sys F/K/A Annabal's Auto Repair Inc	CA, 4218 Peach Slope Road, Moorpark	US
S3-384219984	Gem & Bróthers Industries Ltd	C-6/6047 Vasant Kunj, Delhi, South Delhi, दिल्ली	India
S3-780461111	Leeds Sólar Group Pvt. Ltd.	Kanpur, UP, H-0790, Kanpur Nagar	India
S3-874570178	Nipuna Finance Private Ltd	Block C-00408 C/o Simla Devi, Village & Tola Lalganj, null, बिहार	India
S3-245294452	Latashia Yoon Short,	556 Redwood Dr, Hempstead, New York	US
S3-87909385	ನಾರ್ತ್ ಪ್ರೊಡಕ್ಟ್ಸ್ ಪ್ರೈವೇಟ್ ಲಿಮಿಟೆಡ್	No 210, Bangalore, KA	India
S3-660103955	Sawant Dedsicgners Private Limited	Flat No. A-102, La Regencia, Panipat, HR	India
S3-765759884	signature ace braves	110 Westlake Blvd, Prince Frederick, Maryland	US
S3-167790132	Bholenath Consultancy	087, South Delhi, New Delhi, DL	India
S3-645336503	Oncology Heartland Care [Associates]		US
S3-582904526	Autism Assistance Initiative Corp	258D Hope Street, Fall River, Massachusetts	US
S3-268271682	The Hereford Strategic	2185 Arapaho Road, Fort Mohave, Arizona	US
S3-437636201	JWW Vei PLLC	1416 Burnside Drive, Franklin, Tennessee	US
S3-972511546	Green Óffice LLC		US
S3-17242048	Reeva Shaw Connecticut (LLC)	Utah, Ogden, ##1113 Country Hills Dr	US
S3-405033251	hitechmarketing.com	236, Hamsagar Compound, Yantrapur Harihar, Yantrapur, Davangere, KA	India
S3-460142186	Luella Avila Pioneer Bdc Co	14845a Highway 62, Orange, Texas	US
S3-123168746	3648 Market  Boulevard Corp Services	7477-D 86th Dr, Marysville, Washington	US
S3-95682655	Laina Weber Social Center	1558 231, Odon, Indiana	US
S3-925206753	Patel  Public	DL, Shahdara, 6/441	India
S3-94410539	LLC Helland and Mórgan Studios	District of Columbia, Wshington, 4705 29th Place	US
S3-980822291	Behavi0ral Health Center Llc	##11905 Pleasant Valley Road, Parma, Ohio	US
S3-211040346	Mr Investments Immigrationconsultants Private Ltd	Building No 43/359 H 2Nd Floor, Malapuram, KL	India
S3-209316497	Monalisa  International School	Office No 12 Sai Mangal Gat No 634 Wagholi, Pune, महाराष्ट्र	India
S3-672011612	Vioumbra Formerly Chennai Feeds Ltd	429, C1, Ocean Woods, Ecr, Kannathur, Chennai, Tamil Nadu	India
S3-967712874	Lynx Globa Partners	1027 Rockwood Dr, Phoenix, Arizona	US
S3-398379655	>> Engineering Recla Bharati Pvt. (Ltd.)	1422, First Floor, Gondni Street Kala Mahal, Darya Ganj, Newdelhi, New Delhi, DL	India
S3-517121243	Waldronbce.Com	Louisiana, 15002-A Wax Myrtle Ave, Saint George City	US
S3-167093983	New Chits Delhi Corp	G - 53 Sarita Vihar, NULL, New Delhi, North Delhi, DL	India
S3-481793122	Harmon Graphics Ltd	48439 Cannon River Rd, Waterville, Minnesota	US
S3-343929283	Rejoice Law Chambers Group	10, Ijmima Complex, Behind Infinity Mall Link Road, Malad West, MH, Mumbai City, Mumbai	India
S3-716833624	Mab Jacobs Boral Partners Inc	0624 Seminole Ave, Mcalester, Oklahoma	US
S3-403489990	Cirakor doing business as Solutions Precitech Engineering Private Limited	H No 4-4-1/28/32/402, Flat No 402, Svr Heights, Rangareddy, Telangana	India
S3-877907652	CARLISLE EMPIRE ALPEX LLC	106 Perignon Dr, Princeton, North Carolina	US
S3-224724256	Cancer PC Center,	Sterrett, 109-111 Lark Ln, Alabama	US
S3-115988806	Inc. Vanntora Iii	2499 Donmyer Road, Solomon, Kansas	US
S3-606080680	Eleen'S Cigrao	002800 Alderwood Drive, <NULL>, Autsin, Texas	US
S3-586774058	Sree-Constructions	Hn 232 4/349, Nadia, WB	India
S3-593591292	Marlowe Allied Allied	904 Union Pacific Street, Walker, Kansas	US
S3-453259107	रेड हेल्थकेयर प्राइवेट लिमिटेड	Door No 51-A Friends Colony, Delhi, East Delhi, दिल्ली	India
S3-342033400	Strategic Talent - 3426141662	6204 Cr 862, Pearland DCP, Texas	US
S3-501123729	Mommy's Towing Corp	West Virginia, Rockport, 12086 Pond Creek Rd	US
S3-292464715	Gates  Family Cornerstone	301 Harpington Drive, Rochester, New York	US
S3-953853827	Jarlay	AR, Morrilton, 901 Childress Street	US
S3-268238197	Sri Shiva 8uilders Private (Limited)	Door 2309, Kozhikode, Keralam	India
S3-712717036	Dr Alchemie Services	No 72 Vill And Post Binawar, Vinod Kumar Gupta Distt Bauan - U.p., Badaun, Binavar, UP	India
S3-330359867	J. Haddad Lifesciences	10048 Shoreline Drive, Wills Point, TX	US
S3-410400124	Sree-Perfect Properties Private Limited - 9225280275		India
S3-4692277	Jordan Yuan, DDS, M.D., Inc	2600 Cordova Street, # STE 205, Anchorage, Alaska	US
S3-508727964	Antonio-Quality Advisory	574-A Southside Dr, # Apartment C, Oneonta, New York	US
S3-160903241	Urban Tehctologs Private Limited	Flat No-140, Noida, Gautam Buddha Nagar, UP	India
S3-93006595	Colonial Physícal Thérapy Group	#281 Hatch Ave, Saint Paul, Minnesota	US
S3-23639057	NS Innovative	Phoenix, 3117 Dhlia Drive, Arizona	US
S3-810179605	Vetecex 6roup	2761 Stockton Boulevard, Sacramento, Unit APT 420, California	US
S3-337213390	Profin Brothers Private Limited	E-37a Flat No.11 Rajouri Garden, Delhi, West Delhi, DL	India
S3-881106162	Indo  It	No A-844 Dostur Meher Roadhermes Nest, Pune, MH	India
S3-437981797	Delhi-International Private Limited Limited	43, A5 Gali No 16C Molarband Extn. Badarpur, Delhi, Mathura, दिल्ली	India
S3-87575622	MAID SEAFOOD	413 Nevada 165, Waldo, Arkansas	US
S3-881549680	JANHAVI SEVA SAMITI	Badoli Mod Khotpura Road, Panipat, HR	India
S3-332469476	Urban Glril	129- Southridge Dr, Bloountville, Tennessee	US
S3-283937649	Zuchowskibrushcom	New York, Oyster Bay, Woodstock Court	US
S3-89100901	Nagraj Edaciton  Ltd	Door No 3/1B Gour Sundar Sett Lan, Dumdum, Sinthee Police St, Kolkata, Kolkata, Howrah, WB	India
S3-996302430	Stark	2207 Windsor Ridge Drive, Westborough, MA	US
S3-810498335	Sri Premier Developers Pvt [Ltd]	B-20-1264, Krishana Nagar, Ludhiana, Pakhowal Road, Ludhiana, ਪੰਜਾਬ	India
S3-810298825	Kedarnath Constructions	Villa Number 17 25, Buddha Vihar, Pathardi Phata, Nashik, Nashik, MH	India
S3-821946052	Value Direct Occupational Therapy  Group	2643- State St, City Of La Crosse, Wisconsin	US
S3-464746422	Wolff and Wilcox Inc.	Villa View Ct, Jeffersonvile, Indiana	US
S3-313620211	Ridge Prairie	17- Washington Ln, Clifton Park, New York	US
S3-379106521	@patriciamonzon	2015 24th Street, Oregon, PO Box 1807, Troudale CITY	US
S3-573066542	Rudloff's  Crystal Metal Works	Nacogdoches, Texas, 100 Paradise Dr, Unit 6	US
S3-259578593	Jordana  Castro Midwest Bce Partners Inc.	1124 Grand Avenue, Toledo, Ohio	US
S3-813398832	Mr Liberty Ltd Center	Door No 13 & 14, Mumbaiwalas, Opp. Naveen Electronics, Sector 3, Pratap Nagar, Tonk, Road, Jaipur, RJ	India
S3-486666662	Miller Co Independence	872 Kenmore Blvd, Akon, Ohio	US
S3-199150263	Golden Western LP	California, 5050 Blackpool Ave, OAK PARK	US
S3-198918028	directrockyspdr.com	37 Red Maple Lane, Arkadlphia, Arkansas	US
S3-76938773	Allied (Center)	Plot 343 City Sr No 170 Word No 1, Bhavnagar, GJ	India
S3-433153368	Silver-Hair Studio Corp	221- Meadow Ln, Mooresville, North Carolina	US
S3-188323592	Bianco, Cyrus And Shelley Inc	15229 25th Dr, Sierra Adobe, Arizona	US
S3-672438435	Global	7269 SR-28, Frankfort, OH	US
S3-102052287	Alfi Partners DDS, P.C. Gifford,	1524 Calumet Ave, Hammond, Indiana	US
S3-801318696	Pune Téchnologies	Block No 49 2 Bombay Poona Road Pune, Pune, महाराष्ट्र	India
S3-706738088	... Precision Scuti [Inc]	Bennett, Chandler, Oklahoma	US
S3-74280031	Dr Raj-Products Private Limited	H.no - C##19, Balapur Cross Road, TG	India
S3-243197970	Ibarra Golden Miluna	6024 Regal Crest Drive, Chesteerfield CITY, Virginia	US
S3-614456763	Grey Funds Private	No 6-6 Charmpa, Bhadrak, OD	India
S3-998513627	RALEIGH DIRECT SUNSHINE CORP	119 59th St, Seattle, Washington	US
S3-512358783	(Center) Hari Limited	H.no 6 2231/2232 5Th Floor Shri Kantam Palace, Surat, Surat City, GJ	India
S3-77329533	XD Allied	34137 Eureka Avenue, Yucaipa CDP, California	US
S3-987853130	സ്മാർട്ട് മാർക്കറ്റിംഗ് പ്രൈവറ്റ് ലിമിറ്റഡ്	Building No. 13/76F, Bismi Premises, Seemavila, Karette, Vamanapuram Po, Chirayinkil, Thiruvananthapuram, Trivandrum, KL	India
S3-625195128	Schultz Sterling  Circle Group	Connecticut, 48 Davis Rd, Burlington	US
S3-81271385	(india) Southern Management Private	K-43, Opp Plaza Cinema, Connaught Place, New Delhi, DL	India
S3-863717766	Fylfot Traders	No 4 No Fairlie Place Mezzanine Floor, Kolkata, Calcutta, পশ্চিমবঙ্গ	India
S3-574236701	Pacific Scuti Eastgate, LLC (Center)	04236 23st Avenue, Northwest Annex, Arizona	US
S3-78871888	Modern प्रोडक्ट्स प्रा. लि.	Flat No A - 1422, Trump Tower, S. No. 207, Plot No. 78 B, Kalyani Nagar, Yerwada, Pune City, Pune, MH	India
S3-369819779	Miller & Blraon	Oneida St, Fulton, New York	US
S3-845907409	Intouch Servrbs Pvt Ltd	Mumbai, MH, Flat No.#303, Mumbai City	India
S3-867241383	Sundeep (India) Forward Private  (Limited)	No 215 Anchal Nagar Scheme No 140 Pipliyhana, Indore, MP	India
S3-286959864	heda s. hazlett, p.a.	8929 Tincup Peak Court, # 201, Meridian, Colorado	US
S3-614340144	King-Fresh Food Ltd.	104 Main St, PO Box 1063, Putnam, Illinois	US
S3-210635783	Halogild D.B.A. Innovative Technologies Private Limited	Plot No-6, Kumar Harshvardhan Chs Ltd. Juhu Versova Link Road, Andheri (West), Mumbai, Maharashtra	India
S3-250701305	Freddy-Escalante Orange, LLC	400 Highland Trl, Chapel Hill, North Carolina	US
S3-143844743	GanganthsummitCom	House No.8, Block A, Pkt 1 Sec 7 Rohini, New Delhi, North Delhi, DL	India
S3-705437049	Private Mittal Food Industries Ltd	79, Chennai-41, Chennai, TN	India
S3-596495721	Jodhpur India Pievaate  Limited	C/omomaraj, Krishna Nagar, Post-chadi, Tech- Phalodi, Jodhpur, RJ	India
S3-431017835	Waukegan Family Royal Services Inc	609 Butrick Street, Waukegan, Illinois	US
S3-292368385	Construction Inovnabion Service	दिल्ली, #21 Guru Nanak Market Lajpat Nagar 4, New Delhi, South Delhi	India
S3-135476577	ND Mercury LLC Center	1155 Omalley Dr, Lake Zurich, Illinois	US
S3-819477798	Harbor Fund LLC		US
S3-719588714	Aravali Era Pivate Limited	D-7/3, Gurgaon, HR	India
S3-833693884	Glendale ápogee Ltd	7976 53nd Avenue, # 107, Glendale, Arizona	US
S3-198778324	Ibrahim-& Manzo LLC	911 Poppy Trail, Meridianville, Alabama	US
S3-554099047	व्हाइट इंडस्ट्रीज प्राइवेट लिमिटेड	P No 39 Dharmawato Ka Bas, Ratnada Colony, Jodhpur, Jodhpur, RJ	India
S3-799882504	The Allied Preparatory Academy Northside	6712 Summerfield Ct, Chino, California	US
S3-930374934	Optimal Prairie Media Midtown	921 Gadsden Highway, Irondale, Alabama	US
S3-13142512	animalwelfarecoalitioncom	1247 Pinewood Avenue, Tolledo, Ohio	US
S3-522310195	Sudershan & Brothers Limited	Aashreya 7-1-34 F N Ameerpet, <NULL>, Hyderabad, Andhra Pradesh	India
S3-691844721	Chennai Medical Centre Corp	Sarafa Bazar, S B S Nagar, Nawanshahr, PB	India
S3-827217380	Sugam Tíles Private Limited	# 504, Block 16 Hill Ridge Springs, Hyderabad, తెలంగాణ	India
S3-578200430	Ward  Ridge Signs LLC	9365 Harrison St, DES Plainescity, Illinois	US
S3-625544627	-- Midland Medicine Health Center	12059 Garmon Mill Estates Dr, Midland, North Carolina	US
S3-728703268	Ariadova d/b/a Wildlife Center, Inc	1505 Village Pines Avenue, Coos Bay, OR	US
S3-492401233	Paramount Dairy (India) Private Limited	No B3/59 C/ousha Rani, Patiala, Samana, ਪੰਜਾਬ	India
S3-117212052	Knight, Haynesworth and Butler  Webster Group	Harlem Rd, Cheektowaga, New York	US
S3-267124434	Jeevan-& Co	Khithana, 60 Azad Society, 3/3, Ahmedabad, GJ, Ahmedabad	India
S3-521648221	Ranoix Group	Virginia, 145 Black Oak Dr, Shenandoah County	US
S3-859207388	Multi Mercantile Ltd	Door No 235. Defence Colony, Hissar, Hisar, HR	India
S3-545872221	Sri Ecotech & Brothers Limited	22-1-1016, Noor Khan Bazar, Saidabad, Hyderabad, TG	India
S3-5825590	Upkar Trust Memorial	Flat No. 201, P No. 143, Shivganga Enclave, Gali No. 5, Shiv Nagar A, Harnathpura, Jhotwa, Ra, Jaipur, RJ	India
S3-192662729	Garcia Superior Lincoln LLC	308 Pr 1715, Mcio, Texas	US
S3-347400419	Apex Center C0	4 1/2 Hillside Court, Athens, New York	US
S3-803796546	guerrablue.com	Hazel Drive, Northfield, Ohio	US
S3-361055302	smartatlantic.com	18021 Coachmans Road, Germantown, Maryland	US
S3-102679277	Cascade Health-Center (LLC)	313 Locke Street, Woodsboro, Texas	US
S3-763142205	Optimal Data Holdings Ltd	#369 Butler Saint, NULL, Brooklyn, New York	US
S3-726171229	Grace Israel LP	Ohio, 7610- Correll Maxey Rd, London	US
S3-396157692	Care 5kin P1atinum	557 Main St, Ossawatomie, Kansas	US
S3-225238278	Boone and Guerrero-Ltd	2000 Monroe St, Maryland, Baltimore	US
S3-518071932	Tirocer & Co	Sai Home House No 205. 2Nd, North Karnataka Region, Bellary, KA	India
S3-454021126	Joy Infoworld Private Ltd	2581/10-A, Industrial Area-a R.k. Road, Ludhiana, PB	India
S3-804786640	private future finance limited	Promotor- Ah -35, Salimar Bagh, New Delhi, DL	India
S3-538731244	Skywalk  Private Limited Services	C/o Sh.veer Singh, Gautam Buddha Nagar, Noida, UP	India
S3-844206259	Fortune Systems	E ##8 Chambal Ind. Area, B-i, Kota, RJ	India
S3-823473589	moderndelhi.com	New Delhi, South Delhi, B-0golf View Apptts Saket, DL	India
S3-790483209	Austin [Third]	Whiteoak Lane, Bentonville, Arkansas	US
S3-773129949	Perl Wilson,	3537 Rainbow Boulevard, Kansas City, Kansas	US
S3-430701515	Fortune Media Traders Limited	183/9, Lenin Sarani 1St Floor, Kolkata, Howrah, WB	India
S3-409032350	Cedar Hooion LLC	803 Harrison St, Seattle, Washington	US
S3-20333455	Pyraarc DBA: Patriot Dental Associates Inc	20578 Highway 14, Lead Hill, AR	US
S3-394827928	Guru Cáre	1St Floor, Bombay, Mumbai City, MH	India
S3-485150334	Western Gulf Fashion,	19 Manomet Ave, Hull, Massachusetts	US
S3-251830792	East & Brothers Private	தமிழ்நாடு, Door No.15., Chennai, 4Th Street, Nsk Nagar	India
S3-538141669	स्वस्तिक एस्टेट प्रा. लि.	#1St Floor Bhaskar Building Civil Lines, Near Mla Hostel, Nagpur, MH	India
S3-88103399	radiationtechprivate.com	Plot 812 5-6, Mira-bhayandar, Thane, महाराष्ट्र	India
S3-889588336	Limited Sars Projehts	Gurgaon, Near Dbad Flyover, HR, No 2-7 Laxman Vihar	India
S3-739067205	Metr0 Alliance	35 Lincoln Cir, Swampscott, Massachusetts	US
S3-213538061	ltd capital trust	Rochester, 209B Flint Street, New York	US
S3-797407137	Peak Montreal Inc	24 Treat Road, Glastonbury, Connecticut	US
S3-205077699	Atoz Brocthesr LLP	उत्तर प्रदेश, Etah, 1/48	India
S3-463006426	Pediatric  Associates LLC	02101 Freeney Ave, <NULL>, Suffolk CDP, Virginia	US
S3-95147392	Proify Holdings Center	100 Shrewsbury St, # 304, Boylston, Massachusetts	US
S3-266159321	Moore Telecommunication	21 Brewster Street, New York, Glen Cove	US
S3-71923385	Ridge Classic Suma Ínc	7. Aricia Ln, Wincester CITY, Massachusetts	US
S3-864617442	Ramdhan India	New Delhi, DL, W/o Parmesh Kumar Vashist, Plot 37 Back Side, Blocka, Nishnat Park, Kakrolla, S, Hiv Mandir, New Delhi, Door No 921 C/o Kamala Devi	India
S3-715725860	Anurag Knowledge Public Limited	Ashok Kunja, Howrah, WB	India
S3-235867354	AW Superior Rógérs LLC	1991 Campbell Ave, Unit APT 12, Indianapolis, Indiana	US
S3-307763322	Holden He Partners	843 Brady Way, Jonesborough, Tennessee	US
S3-464017257	Harbor Services	Ottawa, 511 Cedar St, Kansas	US
S3-93161463	Heartland Storage	5345 Heather Street, Camarillo, California	US
S3-120821165	Nexnex trading as Lyreon Sterling Inc.	560 Boyero Avenue, Pueblo West, CO	US
S3-927997678	Aguilarinnovativeoctave.Com	3467-3471 2530, Hurricane City, Utah	US
S3-9566303	supremeinnovation.com	02808 Southshore Drive, Graepvine, Texas	US
S3-732530198	Houston [Rrócy]	Alma Ln, Oyster Bay, New York	US
S3-735278253	Shaikpet Apparels Ptnidvce Limited	No 229 B Ground Floor, Hyderabad, తెలంగాణ	India
S3-287643480	Carri Zmaa Qdro	245 Bhech Drive, Springfield, Ohio	US
S3-65517917	Universal  Center Innovations Analytics		US
S3-539605942	@tosoft	655 Grassy Run Road, Fairmont, West Virginia	US
S3-828539345	Brigitte Hopkins National-Wireless Center	3435 Tall Tree Lane, Baldwinsville, New York	US
S3-16104873	Bodyne LLC LLC	515 Ecoh Trl, Warrior, Alabama	US
S3-330435543	American Group Center	409 Waterbury Rd, Bristol, Connecticut	US
S3-116692709	Towe-Connecticut Inc.	Goldenrod Lane, Clarksburg, West Virginia	US
S3-440743063	Clyify Spark Inc	Phoenix, Arizona, Unit 2126, 8530 22nd Ave	US
S3-226526388	anuragsolutions.com	3 Khodiyar Complex, 3 Gariyadhar Bypass Road, Bhavnagar, Palitana, GJ	India
S3-610303885	PU Solar  Corporation	Plot No. D-43/b, Khasra No. 59, Ground Floor, Gali No. 14, Dcm Colony, Village Ibrahim, Pur, North Delhi, North West, दिल्ली	India
S3-195046166	Bedyne Prime Co	2413 16th Avenue, Moline, Illinois	US
S3-209253581	Zepheus Nmp,	883 Oak Meadow Drive, # 309, Franklin, Tennessee	US
S3-743126256	U+ Arsnimev	314-B 16, Wilkesboro, North Carolina	US
S3-995781446	East Patriot Group Independence	1721 Steele Station Rd, Steele, Alabama	US
S3-998349769	Pyrawexio doing business as Lakshmi India Private Limited	301/302, B - Wing, Sai Sangam Building, Plot No. 85, Sector : 15, Cbd Belapur, Navi Mumbai, Maharashtra	India
S3-474702781	Dr Peninsular (Índia) Ventures Industries Private Ltd	7/558, First Floor, Chota Bazar Near Jain Mandir Gali, Shahdra, Delhi, East Delhi, DL	India
S3-824037435	Vision Loiigitcs Limited	Door No 111/112- Ritu Apartments Co-op. Housing Soc. Ltd. Dongersi Road, Walkeshwar, Mumbai, MH	India
S3-547598612	Macias's  Digital	#7031 Star Ave, Twentynine Palms, California	US
S3-238164062	Ghazipur Clothing Private		India
S3-531462910	సన్‌రైజ్ హాస్పిటాలిటీ ప్రైవేట్ లిమిటెడ్	D. No: 1-47/A, Krishna, AP	India
S3-212473143	XZE 8ig Inc	172- Main St, Huntington, New York	US
S3-999547436	Adams Reliable Bnmoreston Highland Inc	159 Taylor Saint, Littleton, Massachusetts	US
S3-892873327	Blackmon Strategic  Advantage Inc	10191 Madeline Drive, Albuquerque, New Mexico	US
S3-656286113	Llc Juniper Wintergreen	5151 Osage Beach Pkwy, Unit STE F, Osage Beach, Missouri	US
S3-623459146	Ahmedabad  Dseign Limited	A-d/2304, Privilon, B/h. Iscon Temple, Ambli Bopal Road, S. G. Highway, Ahmedabad, GJ	India
S3-604810326	Office of Véterans Affairs Corp	106-C Lynbrook Avenue, Lynbrook, New York	US
S3-871695295	Vu0ng, Madelene, Dmd	3010 Well Rd, Mint Hill, North Carolina	US
S3-794706029	@n2	4664 Marble Hall Road, Baltimore, Maryland	US
S3-580127796	New Exports Public Limited	A208, Iind Flr, Silver Appt, Near Govila Gas Godam, Aligarh, UP	India
S3-364929912	Sree Foods	205, Highland Apartments, Divreportingcircle, Delhi, DL	India
S3-28962331	Elite	2005 Gallaudet Street, Washington, DC	US
S3-630335888	Pvt Superior Kumar Ltd	2-16-133/6, Uppal, TG, K.v.rangareddy	India
S3-454050041	medinacorbinchimera.com	1-5 Liberty Drive, Thomasville, North Carolina	US
S3-254927774	ईस्टर्न मार्केटिंग लिमिटेड	Ba-1/1587 Vasant Kunj, New Delhi, South Delhi, DL	India
S3-627037338	Maid Seafood LLC	5652D 36th Avenue, Fargo CITY, North Dakota	US
S3-151605897	Sethi Trading Industries Private Ltd	Shop No.8, Ruby Complex Opp. K.g.hospital, Shanta Devi Road, Navsari, GJ	India
S3-272752217	Jain Builders Private ((Limited))	#359 C/o Ranawade Dilip Maruti, Fl No. 01, Sno30/1, Shrirang Appt, Ingalewasti, Narhe, Pune, महाराष्ट्र	India
S3-559167639	Tri-State Dynamic-Ellington LLC	1605 Fancher Rd, Raine, Wisconsin	US
S3-303939088	Salvo Home	924 Lynchburg Drive, Jacsonville, North Carolina	US
S3-435494515	Cure Pilates	Miller Road, Lyons, New York	US
S3-953664771	Mapes, Ph.D. C0dee, Lakeside	911 Jessica Avenue, Sioux Falls, South Dakota	US
S3-438031249	Goldenkey Academy Corp	1303, Ii Phase J.p.nagar, Bangalore, KA	India
S3-252953458	Aditva [Technologies]	Flat 00304, Mumbai, Kandivali East, महाराष्ट्र	India
S3-16913830	Health  & Pvt. Ltd. Center	No. 0/1 1St Floor, Langford Road, Akkithimmanahalli, Bangalore, Bangalore South, Bangalore, KA	India
S3-445646029	Sterling Exports Private Limited Service	Plot No. 73, Nagpur, महाराष्ट्र	India
S3-564100631	metropennymac.com	8119 Hammond Ln, Phonix, Arizona	US
S3-690341042	Secunderabad (india) Pvt Ltd	6-1-284/4/103, Secunderabad, Hyderabad, Dinesh Apartments Padmarao Nagar, TG	India
S3-883839803	Apex Empire Rockwool Incorporated	#3869 Hallston Drive, Liverpool CDP, New York	US
S3-268964061	Eastern Strategic Pan Co.	239 11th St, Unit APT 4, Casper, Wyoming	US
S3-525827762	Anilvayn Realtors	Delhi, New Delhi, DL, House No 34 Landmark Rajdhani Enclave Pitampura, North West	India
S3-155968076	സ്വസ്തിക് ടെക്നോളജി എൽഎൽപി	171. 11/293, Nadackal, Kottayam, KL	India
S3-456917965	Bright Agro Private	Door No 13/2 A T Chatterjee Road, Kolkata, Howrah, WB	India
S3-123086714	Thoothukkudi Tradex Co		India
S3-449116702	Dsquare	G-4, 2, Botanical Garden Road P.O-Botanical Garden P.S-Shibpur, Howrah, West Bengal	India
S3-241280708	Creative  Corp Brands Education	##15694 101, Brrookings, Oregon	US
S3-864574709	QV Corporate Ltd	DL, North West Delhi, 202 G-201 2Nd Floor Dda Flats, Dr Mukherjee Nagar	India
S3-485534086	Federal Payment Labs,	8853 Amhed Ave, PMB 2795, Elk Grove, California	US
S3-294448363	Synvera t/a Butech Holdings	67 Kenwood Lane, Greenville, KY	US
S3-919743314	Heartland Airlines Llc	2371 Randlett Trace, Mobile, Alabama	US
S3-452432736	Star + Brothers (Private)	Plot No. 2150-50 Visayakpur, Rania, Kanpur Dehat, UP	India
S3-298015327	DRUSY BUITRAGO ALLIED GRAPHICS LLC	Texas, 5627 Botticelli Drive, Austin	US
S3-237141577	tully táxable	1017 Westgate Avenue, Durant, Oklahoma	US
S3-902547381	Uro1ogy Continental Specialiss Company	00236 George Saint, Barrington, Illinois	US
S3-282924501	Metro Consultancy Exports	H.no 10 Mangoe Lanefirst Flr, Kolkata, Dalhousie Kolkata, WB	India
S3-504945650	Little Hair Studio Inc	10 Washington Saint, Cambridge, New York	US
S3-624771933	Veraavi Trust	54 Wildwood Court, Souther Pines, North Carolina	US
S3-537279278	Emma'S Architecture	2810 Glen Hollow Cir, Arliington, Texas	US
S3-563883745	ಬ್ರೈಟ್ ಕನ್ಸಲ್ಟೆಂಟ್ಸ್ ಪ್ರೈವೇಟ್ ಲಿಮಿಟೆಡ್	25/2/2, 49/2, 50/2 2Nd Ph, Ambalipura, Sarjapura Rd, Bangalore South, Bangalore, KA	India
S3-731782975	Rumsey Geme Ínc.	552 Century Farm Rd, Russell County, Virginia	US
S3-891382170	ગ્રેટ ઇન્ફ્રા પ્રાઇવેટ લિમિટેડ	29, Vibrant Eureka Ind Park, Kadadra, Kadadra, Dehgam, Ahmedabad Hq Region, Dehgam, GJ	India
S3-371449099	Consulting Anantha (India) Private Limited	H.no 5- F/f Vipin Garden, South East Delhi, Delhi, DL	India
S3-162574620	Smt Subodh (India) Ram Pvt. [Ltd.]	No. 216 608, Ghaziabad, UP	India
S3-699810539	Navarangpura Ahemdabad Sílage Limited	Navarangpura Ahemdabad, Anison Business Center A/4/1, Anison Complex, Gr Floor, Near Stadium Five Road, Sbi Lane, GJ, Office No G-4, Ahmedabad	India
S3-904781875	Ideal India Public  Limited	H.no 00176 Rajur Bhokardan Jalna, Jalna, MH	India
S3-965360511	Dr SURYA AGRO PVT LTD	466, 9 Main Road, Gandhi Colony, Muzaffarnagar, UP	India
S3-9252429	Darden Caye MD M.D. P.C. Center	3408 Rybolt Ave, # APT C, Indianapolis, Indiana	US
S3-227284814	Veranovisyn D.B.A. Rd & Sons Private Limited	Tmc Xix/584, Plathottam Taliparamba, Kannur, Kerala, Kannur, Sreesainilayam	India
S3-37447706	Heart (Society)	6041 1/2 52nd Street Ct, Lincoln, Nebraska	US
S3-685080273	King Select Crescent, L.L.C.	109 Cr 353, Jim Wells County, Texas	US
S3-248335358	Brixumbra dba Taraesh Delta Limited	S.No.28/29, Green Lands, Flat-D/901 Primerose, Opp. Pcmc Garden, Rahatani, Pune, Maharashtra	India
S3-225991276	Tavoiri	15830-15832 Vermillion Ln, Chesterfield County, Virginia	US
S3-367982589	Mr Dit Services	null, DL, New Delhi, West Delhi, No 29	India
S3-300802275	Quoveo	Plot 255-256/B, Bhavnagar, City Sr No 170 Word No 1, Gujarat, Bhavnagar	India
S3-669454428	Green Reliable Income Inc	102 Oak Knoll Road, Asheville, North Carolina	US
S3-408639401	Gwalior Systems Care LLP	Flat No 00325, Gwalior, MP	India
S3-424568452	Harris Precision	5363 High Street, # B, Columbus, Ohio	US
S3-224700639	Grasso Rya Cbre	1219 13rd Street, Great Falls, Montana	US
S3-781477289	Ectozetalum	628 75th Saint, East Saint Louis, Illinois	US
S3-643159259	Liberty Maywood	4523 Wynbrook Way, # 32, Charlotte, North Carolina	US
S3-508928795	Smith and Buchanan Ltd	9 High Point Drive, Spencerpoort, New York	US
S3-350763025	Karshni Infomedia (India) Límited	Office No.21, Mumbai, MH	India
S3-353131022	Midwest Riied, Holdings	Canton, 51 1/2 Will Drive, Massachusetts, # 40	US
S3-45835680	Pai Enterprises	L-71, Gwalior, मध्य प्रदेश	India
S3-883914088	PRIVATE MIKADO CHAIN LIMITED	Door No 58 &59, Vellore, TN	India
S3-3720414	Private Trading-Brown Trading-Brown India Limited	3A/10, W.e.a. Karol Bagh, New Delhi, DL	India
S3-214287859	Baramati Healthcare Corporation	Shalon Niwas, Vasantnagar, Pune, Baramati, MH	India
S3-41744905	ଜୟ ଫୁଡ୍ ପ୍ରାଇଭେଟ୍ ଲିମିଟେଡ୍	No. D/125 C/o Rameh Ch Nayak P.no 40, Khata No 181 Nimidhi Gate Bazaar Paradeep Garh, Jagatsinghapur, Jagatsinghpur, Orissa	India
S3-370310275	Soto and  Wbbeb LLC	Lumberton, 3200 Old Elizabethtown Rd, North Carolina, Unit D	US
S3-708845117	Direct Dynamix  LLC	04 Morning Star Cir, FT Gbison, Oklahoma	US
S3-137936234	Highland Services	77 Montauk Hwy, Brookhaven, New York	US
S3-736369589	Dynamic Quoolst Inc	5104 Amberwood Circle, Henrico County, Virginia	US
S3-293145195	>> West  Prairie Optics LLC	003016 Tryon Road, Raleigh, North Carolina	US
S3-11942220	Badrinath Industries (India) Prívate Limited	MH, Mumbai, Kandivali East, B-1204, Oberoi Park View, Thakur Village	India
S3-554633253	Cascade  Trust	59, Texas, Gaarrison	US
S3-448205614	Annamarie Trautman, Esq., Inc	Roswell, New Mexico, 1608-1612 Kansas Ave	US
S3-674044946	Pioneer एग्रो प्राइवेट लिमिटेड	2/21, Vivek Khand, Gomti Nagar, Lucknow, UP	India
S3-781958416	... The Crystal Talon PLLC PLLC	1012 Thomas Knapp Pkwy, Fort Mill, South Carolina	US
S3-781856667	Nagika Product Priaite Limited	Off 0601 Corporate Ofifce, Mumbai, महाराष्ट्र	India
S3-781038322	Pevatech North Inc	19114 Lavish Cove, Leander, Texas	US
S3-311772041	Delly's Dáta	316 Blackburn Bay Dr, City Of Verona, Wisconsin	US
S3-462218902	Aquamarine Nírman Limited	Anusandhan Cooperative Group Housing Society, B-104, Sector-6, Plot No. 22, Delhi, Dwaraka, DL	India
S3-355159334	Sandeen & Léwis	##40 Porter Rd, Massachusetts, Bellingham	US
S3-753349927	Sri Silver  Impex Private Limited	H.no 377 Sector 19 Pocket 3, Dwarka, South West Delhi, दिल्ली	India
S3-52389171	Fasten Constructions Private Ltd	HR, ##475/1 Haryana Agro Centre Jaukh Adda, Kaithal	India
S3-202123973	Xylozetayuma formerly Burks and Mckinsey LLC	602 Vermillion Street, Streator, IL	US
S3-91152549	Sri Daisy and Brother Private Limited	No 642 103, 1St Floor, B-wing, 36 Turner Road No. Ii, Bandra (W), Mumbai, MH	India
S3-452100535	Inc Sanchez Lenbmg	0010744 Millers Way, Orland Park, Illinois	US
S3-864162832	The Viria LLC	140, NULL, MC Kenzie, Tennessee	US
S3-928215963	Cozy Nails! Pllc	13977 East Rd, Lake Park, Minnesota	US
S3-219288114	Diamond Agrofarms Overseas Private (Limited)	1/126, Sec-1, Ridam Hotel, Indra Gandhi Nagar, Jaipur, राजस्थान	India
S3-223081834	Johnson Johnson Secure Atlanta Inc	1134 6nd Saint, Unit UNIT A, Ontario, California	US
S3-100535319	আরবান ইম্পেক্স	Plot. No - 26, WB, South 24 Parganas, Diamond Harbour - I, Hinchaberia, Amira Diamond Harbour	India
S3-640271357	Napier Foundation	Ghaziabad, C/o 1/457, उत्तर प्रदेश	India
S3-151941148	Orbidovanovi Labs née Evansville Housing Society	Evansville, 4326 Iroquois Drive, IN	US
S3-578457144	Fylfot Torodoesr	#4 No Fairlie Place Mezzanine Floor, Kolkata, Calcutta, পশ্চিমবঙ্গ	India
S3-898816079	Zenith Center	Sardar Inder Singh, Khasra No. 870 Sector-d1, Near Komal Ice Cream Lda Colo, Ny, Lucknow, उत्तर प्रदेश	India
S3-341162239	Vikas Solutions Holdings Private Limited	No 12 C/o Savita Tripathi, Bhilwara, RJ	India
S3-421909682	Vision Bcst Center LLC	1028 Mark Ct, Simi Valley, California	US
S3-743031708	Automated  Wholesale	8018 26nd Street, South Mountain, Arizona	US
S3-496186532	Barker's Transport	72 Whispering Hls Dr, North Branford, Connecticut	US
S3-721394838	DENTAL GREEN CLINIC	655 Mesa Drive, # 1104, MESA, Arizona	US
S3-599805533	Juniper Corp	171B Oak Summit Road, Winston-Salem CITY, North Carolina	US
S3-748850770	Anupam (India) Learning Pfiate Limited	Patna, C/o Sanjay Kumar Mussalahpur, Machuatoli, BR	India
S3-468967161	Farabaugh Massage INC	330 Fee Fee Point Road, North Hero, Vermont	US
S3-271925006	North  Developers Private Limited	78, Basement, Krishna Nagar Safdarjung Enclave, New Delhi, DL	India
S3-667203201	Ojo Calenite Hcm [Holdings]	34466 Us Highway 285, Ojo Caliente, New Mexico	US
S3-250251254	Uday  Welfare Society	Office Space No. 1582/3, 14Th Floor, Sector-4, Gaur City Mall, Greater Noida West, Noida, Gautam Buddha Nagar, UP	India
S3-464163220	Sai Enterprises Prciihae Limited	H.no 3A Shib Shankar Mallick Lane, Kolkata, Calcutta, WB	India
S3-671251635	Beacon Diagnostic  Worldwide Center	325 Shag Bark Trail, Somerville, Alabama	US
S3-369300066	Eye Health Partners	88 Omaha Street, Highland Park, Illinois	US
S3-196729968	scholarship association	4 Greer Ct, Wilmington, Vermont	US
S3-604243672	Sri Sonia & Brothers	H.no 10/4 : C/405 S.no 6, Bramha Vantage Bpune City, Haveli, Pune, MH	India
S3-603638616	Global Producer Solutions Private Limited	H.no 6-4/833A B C Road Beypore, Calicut, Kozhikode, KL	India
S3-310555631	Sunway Traders Private	हरियाणा, H.no 537 1368, Gurgaon, Maruti Kunj Bhondsi, Sohna Road, Gurgaon	India
S3-317678714	Perkins Owl Inc	0033430 Fm 506, La Feria, Texas	US
S3-607147936	Legacy Sui-Services	1503 22nd Street, Fort Dodge, Iowa	US
S3-626174794	Sutlej Construwell Public Limited	C-13, Flat No. A2, Lower G/f Vishwakaram Cly, South Delhi, New Delhi, DL	India
S3-151225152	Peus	2501 Morrison Road, PO Box 9626, Granite City, Illinois	US
S3-818493416	Magneto Entertainment  Limited	H No: 1-7-172/2, Secunderabad, Kushaiguda, Andhra Pradesh	India
S3-977541234	dee foundation infratech private limited	31, Second Floor, Vellalar Street, Adambakkam, Chennai, TN	India
S3-176106069	सिल्वर लक्ष्मी ग्लोबल प्राइवेट लिमिटेड	G-17, Ground Floor, Central Palza Golf Course Road Sector-53, Gurgaon, HR	India
S3-219370641	श्री एक्सपोर्ट्स प्राइवेट लिमिटेड	No 74, Sector-57, Phase Iv Kundli Industrial Estate, Kundli, Sonepat, HR	India
S3-2677141	WV Developers Pvt  Ltd	Sr No. 934/3, Fp No. 1119, Nathiba Farm House Vill: Sola Tal:daskroi, Ahmedabad, GJ	India
S3-364366150	Signature Eloctraic  LLC	121 1/2 F Street, Needles CITY, California	US
S3-475076627	Mandie Deberry Scientific Inc	1300 Chestnut Road, Independence, Ohio	US
S3-925377224	Orbiiri d/b/a Surya Dyestuff (India)	Thrissur, Door No. 573 E, Kerala, Kalapurakkal Complex, Chalakudy - Mathilakam Road, Velayanad, Mukundapuram	India
S3-995367512	ES Beacon Inc Partners	3050 Genesee Street, Seattle, Washington	US
S3-42548890	Human Ríghts Charities	205 Love Mill Road, Unit 305, Whiteville, North Carolina	US
S3-699672063	Royal (Consulting)	100 Amber Woods Dr, Fort Mill, South Carolina	US
S3-216997620	Vincent & Shropshire	60 4th St, Bethpage, New York	US
S3-821684016	Internal Medicine Allied Ascocaits	2179 12th St, Oregon, Gresham	US
S3-517053389	Deen Logistics (India) Holdings Private	No.730, Jothinagar D.colony, Coimbatore, Pollachi, தமிழ்நாடு	India
S3-206064045	-- Silver Nails  PLLC	957 Pine Cone Lane, Chippewaa Falls, Wisconsin	US
S3-127123768	lexinenisleyathena.com	4951 90, Ripley, New York	US
S3-716044418	Agnesse's Services Dynamic		US
S3-407486274	privatedevelopernoida.com	A-28, Ground Floor Sector 63, Gautam Buddha Nagar, Noida Sector, UP	India
S3-86024176	Thibert's Great Studios Co	211 Daffodil Dr, Tullahoma, Tennessee	US
S3-976544628	NORTHERN VETERINARY CLINIC PARTNERS	138 Crown St, Bristol, Connecticut	US
S3-573324446	Pediatric Dental Group	451 Adams Avenue, Lebnaon, Tennessee	US
S3-834610016	Kunal Research Public Limited	20, 7Th Main, 5Th Cross, Dknaikarnagar, 5Th Block, Jayanagar, Bangalore., KA	India
S3-439507074	L.L.P. Beaver Bioscience	Shree Sai Samruddi Dhama, Kolar, ಕರ್ನಾಟಕ	India
S3-409717967	One Golden Hospitality (Private)	Hn 901 No: 37, Nehru Nagar East, Kalapatti, Coimbatore, TN	India
S3-701853028	Faulkner Can, Llc	6409 Eu 1 Drive, Wolf Point, Montana	US
S3-335022110	... divisionconsumeraffairs.com	#1911 23rd Cir, Hondo, Texas	US
S3-632816231	Biomedical Horizon Group	607 7rd Street, # Unit 101, Monticello, Minnesota	US
S3-665498134	Foot & Ankle Specialists Care (LLC)	1475 Highway 96, # 51, Lumberton, Texas	US
S3-61175039	DXGH  Stock Private Limited	Shop No 4 Sagar Complex Kasarwadi, Pune, MH	India
S3-374050552	Simmons, Huskey & Tailwind Qmnnobs	359 Boston St, Syracuse, New York	US
S3-502475096	Vaigai Limited Sons Private-&	C/o Girish Kumar Shukla, Prayagraj, Allahabad, उत्तर प्रदेश	India
S3-289957884	Bitecum [Inc.]		US
S3-445818170	Yumanovi	Door No G-148 Saibaba Nagar Soc Nr R R, Ahmedabad, GJ	India
S3-792995358	First Grand Pharbma LLC	Liberty St, Newburgh, New York	US
S3-931148195	unitedrestaurant.com	21 Duke Street, Binghamton, New York	US
S3-50997154	Errico Vrcifa	5015-B 234th Lane, Buckeye, Arizona	US
S3-635806702	Little Barbershop	12149 Lewis Cir, Forney, Texas	US
S3-869684768	Hatty Weaver Ridge Ridge York LLC	234 Chuckey Ruritan Rd, Chuckey, Tennessee	US
S3-585852181	Fin Broadcstsing LLP	D/602- Excellency Tower, Mumbai, Mumbai City, MH	India
S3-672844716	Urology Partners Of  Valdese Ltd	267 West End Street, Valdese, North Carolina	US
S3-921580968	Choice Fuel	14104 Mount Olive Road, DE SOT Ocity, Missouri	US
S3-707385054	Hansen-Elite-Axiom Inc	Oak Village Dr, Humble, Texas	US
S3-35130396	Solus Inc Improvements, Home	1445 Rodando Dr, Garland, Texas	US
S3-117509795	[LLC] Aspen Boutique,	1827 Smith Avenue, null, Alton, Illinois	US
S3-86493294	Arciga Aegon Llc	164 Holly Street, # 2, New Bedford, Massachusetts	US
S3-119329145	Qualitydesignadvisors.Com	510-512 Chase Street, Wheaton, Unit 114, Illinois	US
S3-376927735	Tyche  Infrastructure Private Ltd	दिल्ली, B-1/8 Ashok Viharphase-i, North West Delhi, North Delhi	India
S3-579324415	Bowman Bowman Coastal Willow	Mill Crossing Ct, Harmans, Maryland, Floor 0	US
S3-424194332	Lyrakoriri Sys aka Thacker Produce	48 Mccall Lane, Farmington, UT	US
S3-880172655	Williams Petholeum	303 Jerome Circle, Hampton City, Virginia	US
S3-528767013	Transformers-and Brothmaers Cáre	303, Himland House, D-5, Karampura Commercial Complex, New Delhi, South Delhi, DL	India
S3-871872189	ASH	Gaikar Chawl, R. No. 3, Sambhaji Ngr, Adharwadi Road, Kalyan, Kalyan, Thane, Maharashtra	India
S3-492819576	Straight Edge Auto Body PC Enterprises		US
S3-44401346	-- perfect brothers private limited	C/o Daudayal Ramchandra Rathi Buddha Marg, Indore Region, Khachraud, मध्य प्रदेश	India
S3-19238344	Ciftdaec, LLC	361 Alderwood Plaza, Woodbury, Minnesota	US
S3-173015365	Valley Rapid (ID: 39705)	2505 48st Street, Phoenix, Arizona	US
S3-579398103	Strategicdesertaegon.Com	556 Mallard Way, Hoodsport, Washington	US
S3-139270367	ନର୍ଥ ବିଲଡର୍ସ୍ ଲିମିଟେଡ୍	No. 191 Market Building, Nayan Vihar At - Kasoti, Po - Pandiri, Kendrapara, OD	India
S3-597949900	Prairie Holdings Services	0011664 Township Dale Court, Houston, Texas	US
S3-456473486	josephsbookstore.com	9318 Bill Browne Ln, Dallas, Texas	US
S3-888774069	Best Constructions Limited	Villa No 34, Indus Fortune Field, Kphb 13Th Phase Opp Malaysian Township, Rangareddy, Hyderabad, TG	India
S3-328158553	Gulf Devices LLP	Unit No. S-50, Project- B, Sector 50, Gurgaon, हरियाणा	India
S3-433265303	इंटरनेशनल इन्वेस्टमेंट ट्रेडिंग प्राइवेट लिमिटेड	No 96. Manoj Sinha S/o- Malti Devi, Patna, BR	India
S3-995577752	Federation Wood	A-8/c, First Floor, Room No- 6 Vishwakarma Colony, M.b Road, New Delhi, North East, DL	India
S3-788695633	Incorporated Shorts Medicine	970 Alake Drive, PMB 8468, Houston, Texas	US
S3-993559788	Metro Clinic Veterinary-Llc		US
S3-502334958	Avipyra	Mahbubnagar, Plot No 1 All Noor Appartments New Town, Mahabubnagar, Telangana	India
S3-274551344	Anchor Infrastructure Partners, (Group)	739 O, Snder, Texas	US
S3-757862198	Bangalore  Consultancy	No 6/28, Sompura Village, Vidyapeeta Post, Kengeri Hobli, Bangalore South, Bangalore, KA	India
S3-338506200	MJG Technologies  Private (Limited)	Ghazipur, C/o Husnara Begum, UP	India
S3-287177293	Orbizeta D.B.A. Desert Illumination LP	90 Diamond Street, Brooklyn, NY	US
S3-36226043	*** Fisher Moromis & Sellers LLC	669 Pike St, Seattlle, Washington	US
S3-454739569	TS Secure Networks	#25403 Ih 45, Spring, Texas	US
S3-566409062	Green and Kemp Co	1926 Callaway Dr, Carlsbad, New Mexico	US
S3-563809156	Savala Co Rockwool	1496 Newton Rd, Valley, Alabama	US
S3-299918841	Coker Group Of Howard	221 Glenridge Circle, Howard, Ohio	US
S3-411526780	Harbor College	Phil Logsdon Ln, NULL, Mnfordville, Kentucky	US
S3-586278562	Hughes Sílver Ribbon Incorporated	556 Trojan Drive, Lee County, Virginia	US
S3-313801719	Lyrex  Santltdey Inc	2437 Union Street, Kokomo, Indiana	US
S3-710135825	6ergely Fresh Précision-LLC	New Mexico, null, Capitan CDP, 213 Fourth St	US
S3-571746930	Spitzer Trí-State-Reserve	42 31nd St, City Of Manitowoc, Wisconsin	US
S3-967939355	Irilum dba Modinagar Property Private Limited	H. No. 346, Street No. 6, Fafrana Road, Brahampuri, Modinagar, Ghaziabad, Uttar Pradesh	India
S3-415490758	Nikhil Consultancy Clinic Overseas	223, Parag Nagar, Indore, MP	India
S3-766042423	Trilogy Sons Limited (Services)	Vill-panapur Langa, BR, Vaishali	India
S3-163207232	Metropolitan Initiative Inc	0059 May Road, Pearl River CITY, New York	US
S3-148950695	>> Ridge School of Medicine  Inc	Foxgrape Hollow, Beech Mountain, North Carolina	US
S3-511185348	>> Centeno, Reuter & Adams Village, [(LLC)]	22 Thoreau Street, Concord, Unit X, Massachusetts	US
S3-298469811	Twisted Cofeee PLLC	1876 Westview Crrcle, Unit 36, West Jordan, Utah	US
S3-877845643	Orbit Polytechnic Private Limited	Nivodita Soc, Opshivalik8, Rajkot, Vajdi, No 93 C/o Prashant Sedani, GJ	India
S3-624075908	Jani Enterprises Industries Pvt. Ltd.	B-1884/2 Shastri Nagar, North Delhi, New Delhi, DL	India
S3-256311079	MGP Trading	H.no 07 Lauai, Gomti Nagar, Mahoba, Lucknow, UP	India
S3-389460829	Tsujnllo, Aggy Royal [Sab]	519 Pineville Road, Statesville, North Carolina	US
S3-613418145	Cardiology Highland LLC	2778- Whitesides Rd, Forest City, North Carolina	US
S3-868831563	LLP Hotel Infra	26/6, Babultar Satwai, Taluka Pathri, Dist Parbhani, Hingoli, Parbhani, महाराष्ट्र	India
S3-697205702	Gadyne Gadyne (Inc)	1537 Commons Drive, Miaisburg, Ohio	US
S3-485683163	Weatherington, Valenzuela and Brewer LLC	1669-1671 Childs Avenue, Ogden, Utah	US
S3-825424857	Star P.C.-Enterprises Agricultural	706-710 Briarwood Lane, Nixa, Missouri	US
S3-814219225	Regal &	114A, Ekta Enclave, Near Metro Station Peera Garhi, Opp . Udyog Nagar, Delhi, DL	India
S3-785717024	*** RED BOOK STORE	5359 Buckwood Way, Sacramento, California	US
S3-325652791	Private Vrindavan Technology Limited	#617 Co Madan Pal, Hasanpur, Jyotiba Phule Nagar, उत्तर प्रदेश	India
S3-530977049	Pediatric Health Westgate LLC	825 1/2 Fs Hollandia Rd, Virginia Beach City, Virginia	US
S3-422387269	Devcon Consultascy (India) Corporation	A-43, Delhi, East Delhi, DL	India
S3-510080927	Partners Silver Deli	10 Saint Charles Road, Huntvsille, Alabama	US
S3-569900257	Shiroatt  LLC	24 Turning Mill Road, Lexington, Massachusetts	US
S3-973262943	Urology Advanced Clinic Inc Inc	# 102, North Carolina, Raleigh, 1030-A Trinity Ridge Road	US
S3-972922874	Myrtice Diehl, (DDS)	567 Bensley Ave, NULL, Calumet CITY, Illinois	US
S3-130453887	Lynn, Greer, DPM Riverside	167 2600, Utah, Spanish Fork	US
S3-917774125	Indian Industries-Limited	C-601, Ghaziabad, UP	India
S3-846942513	Heartland Mercator	Land Park Drive, California, Sacramento	US
S3-998005988	PHX Best Meshflow Partners	8540 1/2 Robinhood Avenue, Kansas City, Missouri	US
S3-698298966	Best Concepts Chemical	Lakeview Cir, Rio Rancho, New Mexico	US
S3-409847568	Clark  Australia		US
S3-319253976	Workman Value Oncology Llc	County Road 4410, Mount Pleasant, Texas	US
S3-552562298	Fayeavibrix a/k/a W+ Nippon LLC	IN, 5214 Cider Mill Lane, Indianapolis	US
S3-190523386	Umbravio DBA: Mumbai Galvanizing LLP	Unit No 422, 4Th Floor, Neelgiri Industrial Estate, 183, Tokershi Jivraj Road, Sewri (West), Mumbai, Maharashtra	India
S3-816789901	Korvantageio trading as Value Realty Inc	2628 Yorktown Place, Tulsa, OK	US
S3-523476282	A & B Lógistics LLC	Lynett Drive, Parma, Ohio	US
S3-142684195	faheydynamicgenesis.com	15 Lick Branch Maces Creek Rd, Viper, Kentucky	US
S3-413515326	Prime (Investment)	604 Carol Ann Drive, Goodlettsville, Tennessee	US
S3-389775316	Arts P.C. Ministries	5790-5792 Hughes Rd, Galena, Ohio	US
S3-726933950	TDC	55 Amer Complex, Zone Ii, M.P. Nagar Mig 55 Near Pnb Bank, Bhopal, Madhya Pradesh	India
S3-212486110	Clear-Liberty Third Co	3380 725, Dbuois, Indiana	US
S3-106825227	5uperior [Phoenix]	2373 Bridgeport Way, Clarksville, Tennessee	US
S3-237141546	Engineering Delhi Limited	Kh No. 632, Ground Floor, Vil. Rangpuri Near Telco, Delhi, South West Delhi, DL	India
S3-311691124	Sunrise Construction Private		India
S3-186420890	व्हाइट सन टेक्नोलॉजी प्राइवेट लिमिटेड	06 Jagat Plaza 2 Jagat, Faram Greater Noida, Dadri, Gautam Buddha Nagar, उत्तर प्रदेश	India
S3-96355309	Summit Ceatidgve Good	23213 39rd Way, Phoenix, Arizona	US
S3-78757352	Khetan Communications Exports Private	Door No 6 Prabhat Apt Flat No. F & H, Howrah, পশ্চিমবঙ্গ	India
S3-577387748	LH Finance - 9521165113	House No. H-004 Shop No - 304 3Rd Floor, Vardhman North -Ex Plaza Netaji Subhash Place, Delhi, North West Delhi, DL	India
S3-475029927	Akshit Kn0ilegde Ltd	C3, Nashik, महाराष्ट्र, Shri Manglam Banglow, Kalika Park Untwadi, Nashik	India
S3-641376499	Blue Council	751 Fletcher Avenue, Indianapolis, Indiana	US
S3-788441654	Womens Health Specialists of Powell L.L.C.	2408 Bainbridge Way, Powell, Tennessee	US
S3-505516167	Limited Sanman & Sons Group	3/62, Farrukhabad, Farrukhabad-cum-fatehgarh, UP	India
S3-141020927	global drive	01400 Pine Drive, Prescott, Arizona	US
S3-654148026	Mcmillian,-Rocha and Frantz Inc	2460 Bartlett Rd, Streetsboro, Ohio	US
S3-567180150	Star Whiddon Atlantic Cambridge  LLC	1615 Dellwood Ct, Village Of Grafton, Wisconsin	US
S3-473071327	Charu Press Exports Private [Limited]	H.no 1533A Nangal Raya, New Delhi, West Delhi, DL	India
S3-959635839	Cordova, Rothman and Ibrahim Blue Westgate	149 Star Of Texas Dr, Kyle, Texas	US
S3-635356810	Indraprastha  Global	#477 714-A, Madras, Chennai, தமிழ்நாடு	India
S3-440025758	Seven Technology ઓટોમોબાઇલ્સ પ્રાઇવેટ લિમિટેડ	Plot - 64, Shivanjali Row House B/h Patel Nagar, Surat, GJ	India
S3-347837200	LPN Consultants	Rc Windsor Castle, Chennai, TN	India
S3-387730733	Green Export Private Limited	2N Floor, 696, 11Th Main, 5Th Block, Jayanagar, Bangalore South, KA	India
S3-959924568	Rodriguez, Bazan & Tídwell Partners	1121- Oakview Dr, Dilworth, Minnesota	US
S3-93939404	Grace Chapel	22 Lewis Dr, City Of Aberdeen, Maryland	US
S3-76647500	Kara M. Róbertson, MD	New York, 12906 Transit Lien Road, Springville	US
S3-30466995	Alissa's Golden Summit [Service]	61  Colonial Dr, RED HOOK CITY, New York	US
S3-801349966	Hotel Constructions Motors Private Ltd	Middleton Row 3Rd Floor, Kolkata, পশ্চিমবঙ্গ, 8	India
S3-469987780	Arihant Infrastructure Motors Private	കേരളം, #860 Room No.15/117 Q, Malappuram, Malappurav	India
S3-906994242	QMI Private Infratech Lands Limited	Building No 134/Xxii, Malappuram, കേരളം	India
S3-352724455	Nolana Wilkes Crystal Choice	771 Twelfth Avenue, Alexander City, Alabama	US
S3-475179357	Smt Anand LLP Services	Door No 00795 Plot No: 49-8-16/1, Flat No: 303, T.y. Residency Lalithanagar, Akkayyapalem Post, Vishakhapatnam, ఆంధ్రప్రదేశ్	India
S3-59162680	Lamion Inc Service	1599 Memorial Dr, null, Adk, Georgia	US
S3-692501761	Luisa Block Lion Inc	8962 Harris Hwy, Belleville, West Virginia	US
S3-288300720	South Consultant Ltd	##228 Jim Ln, Clinton, Arkansas	US
S3-648079833	partners go keystone fisheries,	30 Keepers Landing, Bald Head Island, North Carolina	US
S3-83225207	halcifyheritage.com	3221 Terrace Drive, Kokoomo, Indiana	US
S3-95863556	Sauceda & Solis	145 River Birch Grove Road, Unit 108, Asheville, North Carolina	US
S3-270801383	Bangalore North Producer Pivdaeet Limited	10Th Main Road, Jc Nagar, Bangalore, Bangalore North, No 5/1, KA	India
S3-500106222	Lotus South It Automobiles Private Limited	94 At & Po. Sapawada, Ta. Idar, Sabarkantha, Sabar Kantha, GJ	India
S3-298983021	Prakriti-India (Ihdb)Ia Pvt. Ltd.	196/18 &19 Ist Floor Aiswarya Commercial Center R S Puram, Coimbatore, TN	India
S3-755963528	Beekay Solutions Ltd	Plot No-3-6/11/198, Nabarangpur, OD	India
S3-410060956	Kay  (India) Engineers Pvt	3Rd Floor Chinubhai House, Ahmedabad, Ahmadabad City, GJ	India
S3-988236079	Smith Laws0n House LLC Center	005312 Fairfax Road, Bloomngton CITY, Indiana	US
S3-341898201	Boston LLC Service	199. Princess Drive, Henrietta, New York	US
S3-18648928	orbaypremier.com	18411 51st Place, Lake Forest Park, Washington	US
S3-152288304	Hari	Selliyamman Nagar, Perambalur, Tamil Nadu, Perambalur, 2/381C Senjeri Bypass	India
S3-444792851	#4  Lakeshore	255 Teel Street, Christiansburg Township, Virginia	US
S3-242475985	Cc & Enterprises Associates	No. 00940 70, Bengaluru, Bangalore, KA	India
S3-444125893	Shrija Traders Ventures Private Ltd	Door No 71 Vikas Sheel Apartments Sector - 13, North West, New Delhi, दिल्ली	India
S3-555129043	t2reliablecom	Louisville, Kentucky, Merribrook Ln	US
S3-692583798	Fellow Charitable Trust Ventures	Ground Floor, Plot No. 212, Tulsiani Chambers Free Press Journal Marg, Nariman Point, महाराष्ट्र, Block G-579 13, Bombay, Mumbai City	India
S3-789582800	The Luster, Santos and Max Resource PC	9415 Cedar Point Cir, Houston, Texas	US
S3-794375988	Gallardo & Mínton, Inc	565 Hwy 480, Alabama, Vandiver	US
S3-434413127	TURNER BEST SYNCHRÓNY CORP	4208-4210 Reservoir Rd, Kingsport, Tennessee	US
S3-529181676	Walker, Turner Valley Inc	97 Look St, Tisbury, Massachusetts	US
S3-919196691	Guru Consultancy  Stores Limited Services	Office No. 53 Santosh, Heights Bss Road, Gultekdi, Pune City, Pune, MH	India
S3-560239189	Sachdeva True Private Limited	Hn 38 C/o Anil Kumar, Meerut, Kushawali, UP	India
S3-265205819	Virat Allied LLP	No 468 Sixth Floor - 610, Ahmedabad, ગુજરાત	India
S3-1991972	Select Freight Ássociates Partners Ltd	1520 Majesty Loop, FOEY, Alabama	US
S3-794706278	గుడ్ కన్సల్టెన్సీ లిమిటెడ్	No 31/A, Vengalrao Nagar, Hyderabad, TG	India
S3-416841755	Kuttoor P O Mills  Exports Limited	N/A, Kuttoor P O, കേരളം, Kunnukandathil Building St Floor, Pathanamthitta	India
S3-500487440	Nasco & Brothers Private Ltd	Haridham 105 S C Mukherjee Road (Sheoraphully) Lp-2/21, Hooghly, WB	India
S3-863793742	Pune Warehousing Private	Ofifce No. 39, Pune, Kothrud, MH	India
S3-728964461	Shaw, Giovanna, Partners	570 Halsey Avenue, Buffaol, Minnesota	US
S3-477720316	F/C Liberty Co	Parkside Drive, New Haven Township, Connecticut	US
S3-6618550	@steadylogistics	ગુજરાત, Gandhinagar, Gandhi Nagar, Shop No - #21 And 22 Maruti Arcade Mansa Vjapur Highway	India
S3-452586194	Raising Residency Limited	महाराष्ट्र, Chal No. A - 01, Ambarnath, Thane, Gala No. 01, Sitabai Jadhav Naga Ambarnath	India
S3-902651848	Davenp0rt Heritage Silver  Committee Partners [South]	4151 East 60th St, # APT 706, Davenport, Iowa	US
S3-942172753	White & Co Infratech	Plot 253 106, Palghar, Thane, MH	India
S3-464896746	optimalcreativelithium.com	New York, 88 Morning Glory Way, Schenectady CTIY	US
S3-389978837	Vaishali Traders Exports  Private Limited	H.no:16-11-741/c/a/2, Sbh Colony, Moosarambagh, Dilshuknagar, Hyderabad, TG	India
S3-131108200	Delsignore, Kimmel Carlson and	Lubbock, Texas, 2108 Kirksey Ave	US
S3-593792208	Patson Vyapaar Prívate Limited	63/25 Arcot Road, Chennai, Madras, TN	India
S3-225969440	Sweet 8istro	925 Hampton Road, Southside, Alabama	US
S3-177198534	Ciralyra formerly known as Supreme Services Pvt Ltd	225 Dr B C Roy Roadp O Dingalpota, 24 Pgs(S), South 24 Parganas, West Bengal	India
S3-688886031	Futurehealthcare.Com	C/o- Ajay Kumar Singh, East Champaran, Dhaka, BR	India
S3-798410597	Turner Parts	1112 Station Dr, La Plata, Maryland	US
S3-405083979	total atlantic realty partners	10625 18st St, Bellevue, Washington	US
S3-157015104	Sitzman Fremecom Corp	0013524 Carrill Bend Lane, Tomball, Texas	US
S3-80197339	New Dei Systems-Private Limited Limited	M#16, South Delhi, DL	India
S3-156588948	રેડ ટેક્નોલોજી પ્રાઇવેટ લિમિટેડ	B/2/268, Madhuvrund Society, Swi Park, Nr Gopal Bag Soc, Neelkhanth Mahadev Man, Dir Road, Ahmedabad, ગુજરાત	India
S3-560799004	Llc Youth Cornerstone Chiropractic	1519 Saint Joseph Drive, Bolivia, North Carolina	US
S3-896239733	Ace [Logistics]	ಕರ್ನಾಟಕ, 9Th Floor, No.22, Eleora Tower, 2Nd Main Road S.r.r Layout, B-narayanapura, Bangalore, Bengaluru	India
S3-430986514	First Robotics Corp	# B, 4501 Mattie Drive, Texas, Killeen	US
S3-748049815	Fresh Tavern	86 Falcon Dr, PMB 2363, Ripley, West Virginia	US
S3-606409645	Onyxdrexariax trading as Compliance (India) India Pvt. Ltd.	C.C. G.T.B Nagar, Kareli, Allahabad, Uttar Pradesh	India
S3-717879595	6C Deselpmrs  LLP	Hn 838 C/o Pankaj Kumawat 50 Ft., Rajsamand, RJ	India
S3-373556378	Eastem Consultancy Private Ltd	Ground Floor Hasanamba Circle, Hassan, Door No 57 Dr. Ramesh Building, Hassan, KA	India
S3-439612383	WB Limited Private Exim	L-16, South Delhi, DL	India
S3-748932997	M/s Nilesh Forex Pvt.	Plot No. 787, Hdyerabad, Hyderabad, TG	India
S3-57585108	Indo Food Private Ltd	A #48 H Block, Midc, Chinchwad, Pune, MH	India
S3-485196964	Keane, DO L., Kike1ia Partners	424 Eighth Street, Mills, Wyoming	US
S3-128022398	Ghaziabad Es	#1069, Vikas Nagar, UP, Ghaziabad	India
S3-34228731	शिव वेंचर्स प्राइवेट लिमिटेड	B3/2443, UP, Meerut	India
S3-53446548	Safe Dpc Ínc.		US
S3-40730142	राम बिल्डर्स प्राइवेट लिमिटेड	D-192 Pundrik Vihar Co.opd Block Saraswati Vihar Pitampura, Delhi, North Delhi, DL	India
S3-557235631	... Coker  Green Iris Valley	Massachusetts, Attleboro, 60 Stone Forest Ln	US
S3-323143761	Beaumont Enclave Southside	5 South Ln, Dartmouth, Massachusetts	US
S3-892087197	Clean India  Private Limited	F3, 1St Floor, Shiv Complex, Village Vallabh Vidhyanagar(m), Taluka Anand, Dist. Anand, Anand, GJ	India
S3-579724558	Riordan Food, LLC	6072 Red Oak Trail, Village Of Mcfarland, Wisconsin	US
S3-18325226	*** Ridge Service	Oregon, Beaverton, 13570. Electric Street, Fl 1	US
S3-503208464	Creative Analytics Technologies	Valley Wood Drive, Bath Twp, Ohio	US
S3-749209184	Summit	98 1/2 Grinnell Ave, Tiverton, Rhode Island	US
S3-401976049	Primary  Care Medicine PLLC	1487 11B, Dickinson, New York	US
S3-889138893	The Oncology Physicians Holdings	22699 1252, Gladewater, Texas	US
S3-809029589	internalmedicinehealth.com	1611 Cypress Ln, Yorkville, Illinois	US
S3-79513128	Sasoft Interests	7176 234, Ladoga CITY, Indiana	US
S3-67035158	Tejiya Tejiya Developers	55 Amer Complex, Zone Ii, M.p. Nagar Mig 55 Near Pnb Bank, Bhopal, MP	India
S3-842870810	Loasilverantimony.Com	341 Madison Avenue, Gadsden, Alabama	US
S3-320082865	bluemills.com	1 Mountainview Avenue, Mayfield, New York	US
S3-413087318	Lyra  Fast	25210 Mirrormont Boulevard, null, Issaquah, Washington	US
S3-436865100	visionventures.com	H.no 146, Dr.radhakrishanan Road, Mylapore, Chennai-4., Tamilnadu, TN	India
S3-808658444	Hashimoto's Metal Works Inc.	Southgate Dr, Greenwood, Indiana	US
S3-275103484	Pseducati0n.Com	Illinois, Moine, 04241 Eleventh Ave	US
S3-118656129	Philbeck Díme	Texas, 249 Clear Lake City Blvd, Webster	US
S3-620102288	Lumos House  LLC	Cedar Brook Dr, Louisville, Kentucky	US
S3-835007316	Quality Mines	#110 Allegheny Rd, PO Box 1398, Hellier, Kentucky	US
S3-823424299	ARADHYA FARMER	Block No. A, Ahmedabad, GJ, Ahmadabad City	India
S3-884375426	Media Aahvya Business (ID: 25595)	F.no00402, Krishna, AP	India
S3-995306115	48 Hour Homecare Inc	1655c Joseph Way, Gilbert, Arizona	US
S3-337709335	@lakshmiinvestment	##55, Prabhadevi, Mumbai, MH	India
S3-597889994	Alliance Private-Limited Services	08/3 Pakuria, Berhampore, Murshidabad, WB	India
S3-855934288	ultra silk pvt. ltd.	A-10/728a, Palakkad, കേരളം	India
S3-970931059	Maid  Yoga	3811 109th Ave E, Tulsa, Oklahoma	US
S3-680123735	Zephola Krakacquisition,	72 Ivy Overlook Dr, Marshall, North Carolina	US
S3-501511083	Complete Báy Boston LLC LLC	873 Main Street, Myrtle Creek, Oregon	US
S3-398545940	apex hospitality systems	10 Russell Mills Rd, Plymouth, Massachusetts	US
S3-544763532	WYQ Services Pvt  Ltd	##380 Aswini Dutta Nagarhindmotor, Hugli, Hooghly, WB	India
S3-620735903	Van Buren Family Group Federation	3325 Old Dollard Way, VAN UREN, Arkansas	US
S3-15069905	Jasmin Dietz Glóbal Mae Inc	3213 Rhoades Avenue, South Haven, Minnesota	US
S3-926216014	Ami Icenogle Granite Incorporated	2005 Mary Ave, null, Bay City, Texas	US
S3-268060208	Umbraveo formerly known as General Design Innovations LLC	7241 Osage Avenue, Mesa, AZ	US
S3-763047849	Surgical Center	1011 52nd Dr, Marysville, Washington	US
S3-423375053	Vimal Cold-(India) Ventures	Manikprabhu Complex2nd Floor 425 Naryan Peth, Pune, MH	India
S3-729368629	इंटरनेशनल लॉजिस्टिक्स रेस्टोरेंट प्राइवेट लिमिटेड	Shp No - 47 Second Floor, Eaze Zone Mall, Off Link, Mumbai, MH	India
S3-315711608	Pinnacle Lógistics		US
S3-860023717	Pediatric Specialists [Inc]	8924 County Line Road, Rocky Mount, North Carolina	US
S3-412856776	Ticonderoga Cárdiology Specialists	#74 Champlain Ave, N/A, Ticonderoga, New York	US
S3-795326594	Sahyogi & Co.	00374/2, Jothi Nagar, Coimbatore, Ramanuja Nagar Extention Upplipalayam Post, TN	India
S3-277821506	LLC East Bright Siddhi	1357 Pecan Street, Mobile, Alabama	US
S3-52431528	Modern Media Private  Limited	H.no 02, Coimbatore, TN	India
S3-245706693	fraziersafefarms.com	E View Dr, PO Box 3138, Alpnie, Utah	US
S3-201818266	Subham &	Sanjeev Kumar Singh S/o Sh Lal Babu Sing E-438 Kh No.297 G/f- New Ashok Ngr, East Delhi, DL	India
S3-794633753	Anchor Atlanic British Inc	25 Oak Street, Maynard, Iowa	US
S3-298040456	Claresta Campbell	6924 Sunstone Pl, Carmel, Indiana	US
S3-627488365	Perez Midwest Textiles, Llc	4321-4323 Oakwood Avenue, Muncie, Indiana	US
S3-45612693	Sale Crumrine of Albuquerque	9815 Camino San Martin, Albuquerque, New Mexico	US
S3-816509045	Valdovinos, Battle And Lívely LLC	217 Main St, Village Of Birchwood, Wisconsin	US
S3-227402269	लाइफ प्रॉपर्टीज प्राइवेट लिमिटेड	H.no 530/36 Shekhpur, Lucknow, UP	India
S3-7819416	Pediatric Mountain Cáre Associates	2126 Hickory Lawn Dr, Houston, Texas	US
S3-675594874	[Llc] Great Fashion	7640 Sandy Lane, Clay, New York	US
S3-195997256	BOMBAY MEDIA FOODS PVT LTD	B/00216 Belvista Nr. Devkutir Bunglow, 3 B/h Shell Petrol Pump Ambli Brts Road, Daskroi, Ahmedabad, ગુજરાત	India
S3-309495608	Hail Colonial Landscaping Corporation	1579 Ashbury Court, Eagan, Minnesota	US
S3-812276599	Ghaziabad Machinery	D-606, Nandgram D-606, Nandgram, Gzb, Ghaziabad, UP	India
S3-47580466	cotecor cascade futurewave inc.	Blue Heron Dr, Friendswood, Texas	US
S3-33164232	Province Constructions (Limited)	Plot No. 41 And 36A, 2Nd Floor, Kh No.- 4/2, Nishant Park, Block-c, New Delhi, South West Delhi, DL	India
S3-741226018	Smt Shree Trust-Company	C1/3 Laxmi Tower, Commercial Complex, Azadpur, DL, New Delhi, Office No-511, West Delhi	India
S3-216132042	Cozy Coffee! Corp		US
S3-542713756	Mumbai Shiva Pvt.	Mumbai, Krishna Regency Chs, Nr D J Khaitan School, Behind Sunder Nagar, Off S V Road, Malad, -West, C-10, महाराष्ट्र	India
S3-951344251	Cardiology Partners of	321 Nostrand Ave, Brooklyn, New York	US
S3-285839110	Arcnovi+ formerly known as Surgical Coastal Group	21068 Waukon Road, Edwall, WA	US
S3-212630412	The Dent Nails Center	3841 Southpass Avenue, Baton Rouge City, Louisiana	US
S3-838879465	Fion Ltd.	1534 Sergeant Ave, Winthrop, Iowa	US
S3-894165708	cabralaccounting.com	Calvert City, 26C Cypress Creek Drive, Kentucky	US
S3-623673269	Premier Learning Laboratories Group	9 Tallwood Trl, Palmyra, Virginia	US
S3-479556783	Mr -- Wealth-Three Private Limited	501, Shapath Complex-1, Opp. Rajpath Club, Ahmadabad City, Vastrapur, GJ	India
S3-100186952	Foot & Ankle Green Associates	5212 Calloway Street, Fort Worth, Texas	US
S3-659039170	Keleix LLC	56-D Weber Rd, Buffalo, New York	US
S3-414595163	Main Street Cafe,  Co	6579 Ar 135 Highway, Paragould, Arkansas	US
S3-410434622	Gavin Tactical	229 Grove Neck Rd, Erleville, Maryland	US
S3-450994447	Metro-Rmg, Co	7119 Bertram Ln, Fairfax County, Virginia	US
S3-260881608	Lorianne Dluggan Liberty LLC	Frew Run Street, Frewsburg, New York	US
S3-806283599	HSW Cómmerce	Wz-106/41 Upper Ground Floor Left Hand Side No, Rajouri Garden Extn., West Delhi, DL	India
S3-704533895	Department of Parks and Recreation Partners Corp	2422 B 55th Saint, Missoula CP, Montana	US
S3-200074133	Bombay  Ventures Pvt Limited	Prem Nagar, Near Kanha Kids, Jind, HR, Bharat Cinema Road, Huose No.584/10	India
S3-243972830	LLC Greene Data	3537 Gordon Road, Incorporated, Indiana	US
S3-766364380	Saad Muzero Greater LLC	1144 Seventh St, Sioux Center, Iowa	US
S3-305743135	South + Company	##1 Gr. Flr, Hutments Masjid Siding Rd Sup Ariwala Godown Masjid Bunder Chinbunder, Mumbai, Mumbai City, MH	India
S3-261301012	1749 1749 Mádison Street Associates, LLC	791 Guadalupe Dr, Upland, California	US
S3-46003470	Verasyn Formerly Colonial Pinnacle Premier	344866 890 Road, Chandler, OK	US
S3-90871336	Clyola Neuberger LLC	New York, 21 Elm Lane, Greenville	US
S3-414976679	Sahayata Sahayata Krishna Private Ltd	Navi Mumbai, 00201, Gayatri Apartment, Sector-27, Plot No.51 Seawood ( E), Nerul, MH, Thane	India
S3-569325702	LLC Global Business Services	5230 1/2 State Highway 23, Booneville, Arkansas	US
S3-367897036	M/s Raj Technology Limited	Opposite Hotel Anvita, Shahu Nagar, महाराष्ट्र, Jalna Road, C/o Kothari Enterprises, Aurangabad	India
S3-248753469	Lakshmi Plbckging Private (Limited)	Meenakshi Estates Jeedimetla (V), Secunderabad, H No. 10-279-281, తెలంగాణ, Hyderabad	India
S3-49304472	Bright Bike  Shop	024 Kings Lane, Cynthiana, Kentucky	US
S3-118776978	Inc U+ Cadenza	Illinois, Il Rt 66, Litchfield	US
S3-390811457	Housing Society	11D Eutaw Street, N/A, Baltimore, Maryland	US
S3-909357508	Rider Horizon  Industrials LLC	1181 Fam Rd, Mount Pleasant, New York	US
S3-881572174	Sierra Rge Kensington Inc.	Saint Cloud, 1815 9 Avenue, Minnesota	US
S3-501007457	Precision Industrial Associates Partners Inc	Ohio, # 106, 533 Murray Saint, Sprringfield CITY	US
S3-432122214	#basalt	3506 Golf View Dr, Nwark, Delaware	US
S3-704692916	nirmalabrothers.com	Mendarda, GJ, B/h Bob Saraswati Scl Rd, Vill. Mendarda, C/o Shree Nijanand School, Junagadh	India
S3-316659375	Kolk Secure Stárlink LLC	1111 Park Ave, # 904, Baltimore, Maryland	US
S3-827363192	Laxmi International Pvt Limited	Door No 1322/89 Hemkunt Chamber 13Th Floor Nehru Place, Delhi, New Delhi, DL	India
S3-396957322	Complete Networks Mortgage LLC	2027. Lee Ave, PO Box 4936, Covington, Virginia	US
S3-337989813	Legacy Nétwork LLC	Unit 2128, 2025 Lincoln Street, Illinois, Bloomington	US
S3-6597102	Sai (Exports)	40-319-G8, Prasanth Towers R.s. Road, Kurnool, AP	India
S3-249489835	Shiva Producer Private	Office No. 9/10, Bombay, Mumbai City, MH	India
S3-139303793	Btlque Holdings Group Inc	88070 Fifth Street, Unit Apartment 2, Veneta, Oregon	US
S3-881573521	Global Technical Concepts [L.L.C.]		US
S3-709766062	Summit Xcel	609 Coile Road, Jefferson City, Tennessee	US
S3-323701855	Burkley's Continental		US
S3-371730368	United Constructions Prívate Limited		India
S3-819298123	Loe Homes of	1007 Fayete Dr, North Dakota, Hazen	US
S3-769007784	Perfect Agro Private	Hd-01, Hyderabad, Survey No-64, Building Number 9 13 Th Floor, Rangareddy, Andhra Pradesh	India
S3-655021065	Alpha Limited International	Bijali Office Gali, Padri Ki Haveli, Sonar Toli, Patnacity, Patna, BR	India
S3-774347947	Digital Insurance Worldwide LLC	1508 Midde Rd, George West, Texas	US
S3-11241179	Vantagenexx f/k/a Behavioral Health National Physicians, LLC	6903 Wright Plaza, Omaha, NE	US
S3-682087669	Vsr Research Private Ltd	C-##204, Vadodara, ગુજરાત	India
S3-588249082	Sky (India) Private Limited Center	AP, Vijayawada (Urban), Krishna, 76-13-45K/8, Ground Floor	India
S3-972848289	REAVES SOUTH BERKLEY	6431 Grapevine Street, Houston, Texas	US
S3-202360306	Prabhatam International School Corp	03, Vasai, Thane, MH	India
S3-40444981	Sion Réturn	Boone County, Kentucky, 546 Carry Back Dr	US
S3-46371893	Dr South Food Private Ltd	পশ্চিমবঙ্গ, Kolkata, 13, Pollock Street, 1St Floor, Room No - 7, Kolkata, Howrah	India
S3-181548417	Glyphus Robinhood	Larson Rd, # 35, Portland, Oregon	US
S3-791951349	MIJ Interiors Ltd Pvt	Vaisakh, Vivekananda Nagar, Pangode, Thirumala, Thiruvananthapuram, Trivandrum, Keralam	India
S3-609735537	The Modern Phoenix Holdings	5459 Liverpool Street, Town Of Westport, Wisconsin	US
S3-999788629	Dean Tailwind Co	894 Willman Rd, Talladega, Alabama	US
S3-772391787	Premier  Builders	New Delhi, S/o Y Mandal Pro.n.201/3, Delhi, DL	India
S3-31675321	Bay Institute Iii	New York, Niagara Falls, Cedar Ave, # Apartment 1105	US
S3-103451322	Lever & Tamr	43 Bean Family Road, New Gloucester, Maine	US
S3-782768711	Miradova d/b/a Urology Medicine Inc	540 Paxton Avenue, Loveland, OH	US
S3-142213541	#trevinoprime	210 Linville St, Morganton, North Carolina	US
S3-686401827	Dr Pramukh Marketing Ltd	603/604, Bombay, Mumbai, MH	India
S3-553894571	Stewart Interventions	26 Raja Basanta Roy Road Po -Sarat Bose Road, Kolkata, Calcutta, পশ্চিমবঙ্গ	India
S3-396451305	Edington Bsp	9708 Spinnaker Place, Emerald Isle, North Carolina	US
S3-634194554	Krishna & Sons Enterprises Private Límited	Door No 01288 Anandi Bldgshukrawar Peth, Poona, Pune, MH	India
S3-796640923	Wealth Thhre Private Limited		India
S3-217670676	Dr Sunrise-Info Private Limited	Houseno.1389, Aaimirjole, Mirjole, Ratnagiri, महाराष्ट्र	India
S3-158982526	Figueroa & Corrales LLC Center	610 Turtle Dove Dr, Texas, Austin	US
S3-876638792	Flint Inc. Center	3123 1/2 Broad St, Richmond, Virginia	US
S3-681044813	*** My Projects Limited Cénter	T-5, Bangalore, 4Th Block East Jayanagar, KA	India
S3-186064345	Better Sim Anchor Inc	74 Elm Street, # LEFT, North Attleborough, Massachusetts	US
S3-143601500	Noviveoquo	3202 Winter Lane Park, Bldg. 10, Columbus CDP, Ohio	US
S3-649173464	Allen Foundation	1St Cross Street, Bell Nagar, 01/154, TN, Chennai, Manapakkam	India
S3-392297272	Sky Pvt Ltd Service	S No. 500/1 Sarita Sangam Kasarwadi, Flat-g/501, Pune, MH	India
S3-655622068	Smart Investment Public Limited	Dhandhania Traders Private Limited 55/18A Palm Avenue, Howrah, WB	India
S3-621830886	Johnson LLC LLC Services	457 3270, Texas, Mineola	US
S3-98497553	Ravin Insurance [Ltd]	C-d/29, New Delhi, South Delhi, DL	India
S3-976548873	Private Shimoga Estate Ltd	9/74, Shimoga, KA	India
S3-295240062	सेवन सिस्टम्स लिमिटेड	Basement, Satyabhama, Nearshrimandalhalltidke Colony, Trimbakroad, Nashik, महाराष्ट्र	India
S3-119223086	Catalyst Memorial Trust Company	Xxi/#115, Aykkara House, Kothenath Canal Basin Road, Chettiparamba, P O Iri, Njalakuda, Thrissur, KL	India
S3-857631730	Lemke Ffs and Sams Inc	3191 Woodgriff Dr, Graham, North Carolina	US
S3-250878160	D & W Trg		US
S3-363585027	Envaon Sui	83482 State Highway 11, Wakita, Oklahoma	US
S3-800140796	Gajanand Chitfund Group Limited Private	Gala No 8/5 Chandu Studiocompound Kalina Santacruz (East), Mumbai, MH	India
S3-924753701	Golden Pub!	2901 Cove View Lne, Midlothian, Virginia	US
S3-631191849	Birch Partners	464- El Sueno Road, Santa Barbara, California	US
S3-177113295	Harbor Signature Cohen-Inc	20191 Us Rt 6, Napolleon, Ohio	US
S3-487728147	Bangalore Héights	206, Bhoomi, 2Nd H Main, East Of Ngef Layout Kasturinagar, Bangalore, KA	India
S3-51037082	Reddy Tsrers Private Limited	208, Trade House, Doctor Saraju Prasad Marg, 14/3, South Tukogunj, Indore, MP	India
S3-644589287	Smt Royal Logistics Pvt	3Rd Floor, 184/3, Gopal Lal Tagore Road, Kolkata, Kolkata, Howrah, WB	India
S3-161032873	Sun Índia Pvt Ltd	C/o Subrata Barman, Choto Falimari Gobrachhara, Dinhata-i, Coochbehar, Koch Bihar, WB	India
S3-438678883	Smt Anurag Fs (India) Center	KL, Kozhikode, Sree Thotilpeedika, Kozhikode, 14/1854-A	India
S3-317125176	Zora T.-Pennock, DPM	207 Roberts Trl, Benson, North Carolina	US
S3-976327124	Inc Clean Equity Bránds North	2421 Pinnacle Lake Road, Bluefield, West Virginia	US
S3-201285968	Dental Rocky (Clinic)	Centerbrook Dr, Alabama, Anniston	US
S3-791211006	Gomez  Apex		US
S3-692077520	Dermatology Center	1S 683 Greenbrier Drive, Illinois, Elburn	US
S3-450644574	Vg  Holidays Pvt. | www.vgholida.com	Srinivasapuram, Sivaganga, தமிழ்நாடு	India
S3-987993742	Kanpur  Infosys Limited	6-4/96, <NULL>, Kanpur, UP, Gadariya Mohal	India
S3-189136314	Services Dallas Electronics Holdings	992 Capridge Dr, Dallas, Texas	US
S3-93061663	Thomas Animal Hospital Valley	0013 Blossom Street, Worcester CITY, Massachusetts	US
S3-881389928	Mccollum Star  Neuberger	20427 Steed Ridge Road, Wittmann, Arizona	US
S3-549980278	Maa Ventures Pvt-(Ltd)	No. 1-28, Middle Street Thuiraiyur, Madigai, Thanjavur, TN	India
S3-147894430	Oncology Physicians Holdings	505 48st St, Phoenix, Arizona	US
S3-708882299	ജയ് ഇംപെക്സ്	Kochi Region, കേരളം, House No.379, Thrissur	India
S3-915672260	Ap Tech Prívate Limited	Rdb Boulevard 005Th Floor, North 24 Parganas, পশ্চিমবঙ্গ	India
S3-43853332	L.L.C. Spink Silicon	21627 Ew 20 Rd, Boise City, Oklahoma	US
S3-766811302	Advanced Printing Inc	828 Charlie Pl, Nashville, Tennessee	US
S3-557176192	Keya Lívelihood Pvt Ltd	Block G-423 Marvel Cascada, Pune, MH	India
S3-831803271	Smartventures.Com	12466 Park Avenue, Chino, California	US
S3-335275355	Gresh Services	22 June Street Terrace, Worcester, Massachusetts	US
S3-19618422	Dr Anamika Constructions Pvt. Limited	P-12/9, New Howrah Bridge Approach Road, 6Th Floor, Room- 602, Baiju Chowk, Kolkata, Kolkata, Howrah, WB	India
S3-406430069	R.K. Adarsh Nagar J.P.Road Sgfvnces Private Limited	H.no 1-1-2, Opp Ramalayam, R.k. Adarsh Nagar J.p.road, null, AP	India
S3-281357422	Lyravera	No -70/76 2Nd Street, Rajasekar Nagar 1St Floor, Tondiarpet Fort St George, Chennai, Tamil Nadu	India
S3-966718870	D P Ramsey Crest East LP	Missouri, 006883 Claysville Rd, Hartsburg, Floor 1	US
S3-729224478	RGJ Signature Lng Ltd	88510 Anchor Ct, Seaside, Oregon	US
S3-673277847	Arsh Electronics (India) Limited	H. No-5, New Geeta Colony, Kala Sangha Road, Jalandhar, PB	India
S3-11148565	ફોર્ચ્યુન સોલ્યુશન્સ પ્રાઇવેટ લિમિટેડ	A-201 Shantiniketan 1, Ahmedabad, GJ, Ahmedabad	India
S3-742350942	Kittie's Better-Financnal PLLC		US
S3-446803667	Maid  Ice Cream & Co		US
S3-115579312	Rayshell Curry, D.O.,	2001 State St, Arkansas, Little Rock	US
S3-80039360	mamie tapper quality amplify inc	19805 903, Robersonville, North Carolina	US
S3-297228610	zéphexcannabis.com	706 13nd St, Illinois, Sterling	US
S3-292342281	Pinnacle Trading	00870 Shady Trails, PO Box 4359, Wetumpkacity, Alabama	US
S3-770113320	Patri0t League LLC	4113-A 36rd Street, Broken Arrow, Oklahoma	US
S3-98429597	Dorena's  Apparel, LLC	16563 Clzart Ave, Pembroke Township, Illinois	US
S3-563032483	2417 OCEAN PLAZA PARTNERS INC	35 Sunset Ave, Fort Thomas, Kentucky	US
S3-555144048	Primex Transport Private	No 4 Kh.no. 4/16-18, Delhi, North West Delhi, DL	India
S3-701869042	Trístateglobalindependence.Com	37 Jefferson St, Lewisston, Maine	US
S3-308303949	Grishma & Co Infratech  Ltd.	Door No 258/5 Rz-34, 3Rd Floor, Gali No, 3 Veer Nagar, Nangal Raya, South West Delhi, DL, New Delhi	India
S3-563795183	Dr Gourmet Iron Private Ltd	C/o Smt Sushama J Patwardhan Randaspeth, Nagpur, Dharampeth Extn, MH	India
S3-327045131	Creative Limited Limited Services	12Thfloor/1, Mumbai, Mumbai City, MH	India
S3-286390149	Alfy New, [DO]	12302 Edgebrook Dr, Austin, Texas	US
S3-888989071	Anderson Harbor Wave LLC	119 Newmarket Sq, Roxbury, Massachusetts	US
S3-821228910	VCB  Fhgunure Private Limited	Urminhouse, Ground Floor Sindhu Bhavan Road, Besidehofliving, Offs.g.highway, Bo, Dakdev, Ahmedabad, GJ	India
S3-15702318	Metroreliablemaywood.Com	Alabama, 787 31, Warrior	US
S3-402802474	Straight  Edge Auto Body LLC	5313 Cj Walker Lane, Houston, Texas	US
S3-918679344	Village Of Somers [Community-Services]	7811 12th Street, Village Of Somers, Wisconsin	US
S3-35964455	Straight Elmtolge Nails! East Corp	1927a Old Government Saint, Mobile, Alabama	US
S3-126813405	Chiropractic Rggfnoal Health Inc	1339 Union Rd, Celina, Texas	US
S3-506734959	Innovative Sólutions Private Limited	Office No. 39, Ground Floor, Augusta Point, Sector 53, Sector Road, Dlf Qe, Gurgaon, HR	India
S3-158526344	गुजरात कंस्ट्रक्शन प्राइवेट लिमिटेड	26-A, Jaipur, null, RJ	India
S3-842676634	Nert's Diamond Couriers Holdings	1014 Chillum Rd, # 103, Hyattsville, Maryland	US
S3-414432839	Downtown Hair Studio Services	501 Brown Street, NULL, Vinita, Oklahoma	US
S3-972519075	T  9 X Bankshares - 3889740707	7392 Carmella Cir, Sloughhouse Twonship, California	US
S3-599264489	Pediatric Dentistry Medicine LLC	97 Kisg Street, Chillicothe, Ohio	US
S3-612429766	New Limited Service	285/3A, Ground Floor, Village Devli, Delhi, South Delhi, दिल्ली	India
S3-677898221	Sapiens  Brothers	MH, Goregaon East, Goregoan East, Goregaon	India
S3-221776637	Mitchell Mdtunien Games	#1411 Gloriadale Road, Mobile Township, Alabama	US
S3-647634227	स्टार प्रोडक्ट्स लिमिटेड	#820/9 C/o Jugal Kishor Maroth, Road Jila Didwana Kuchman, Nawacity, Nagaur, राजस्थान	India
S3-629701740	Glen 8urnie Baptist  Association Group	7457 Matapeake Ln, Glen Burnie, Maryland	US
S3-862569559	Veodrex D.B.A. Home Media LLP	53/2 Keder Nath Shingh Roadariadaha, Kolkata, Howrah, West Bengal	India
S3-275818555	Conley Satrwood Corp	27454 118, Town Of Kelly, Wisconsin	US
S3-340256484	Mr Terrene Btrehs Private  Limited	Room No. 4, Ground Floor, Cb-1&c-12, Sharda Evergreen 80 Feet Road, Bhilwara, RJ	India
S3-13305107	Inc Massapequa Prck Dental Regional Health	66 1th Ave, Massapequa Park, New York	US
S3-543470403	Kim,  Tallman & Brecht LLC	2261 Brown Road, Denmark Twp, Ohio	US
S3-886699862	Gao and Báty Genesis Corp		US
S3-920711823	group biify	4808 Rogers Lane, San Tan Valley, Arizona	US
S3-396636698	KE Áirlines	Washington Boulevard, Fl 1, West Frankfort, Illinois	US
S3-990050159	First Hitech Prójects	Vijayawada, Krishna, AP, Parthasaradhi Street Kamakotinagar, Vijayawada, H.no: 1-4/5-35/1	India
S3-551575520	All Markenfing Private Limited	Door No 302 2Nd Floor, Bhera Enclave, Paschim Vihar, New Delhi, West Delhi, DL	India
S3-593524067	Secunderabad (Tdnisa) Pvt Ltd	6-1-284/4/103, Dinesh Apartments Padmarao Nagar, Secunderabad, Hyderabad, TG	India
S3-232760534	Elite Security	10610-10612 Sr 762, Lockbourne, Ohio	US
S3-242418215	Kanjirathinkal Exports Private	4/485 A, Kanjirathinkal, Kozhikode, കേരളം	India
S3-333505722	computinglewis.com	0020 Atlantic Street, Unit APT 3, Portland, Maine	US
S3-215060257	Garcia Vanguard Churchill [Inc]	3633 Centerstone Parkway, New Haven, Indiana	US
S3-105400224	County  Of	409 Burnetts Chapel Road, Farmington, Kentucky	US
S3-658852159	स्वस्तिक मैनेजमेंट	Flat No. 1006, Delhi, दिल्ली	India
S3-102669128	ERX Builders Prívate Limited	#56 Plot No-13, Mahalaxmi Residency, School Faliyu, Vadod Gam, Near Ramji Mandir, Surat City, Surat, ગુજરાત	India
S3-472893985	-- BZT METAL CO	3532 46th St, Quincy, Illinois	US
S3-22236477	GO Gandhi Pvt. Limited	534 Ss No-564, Palakkad Road Navakkarai, Coimbatore, <NULL>, TN	India
S3-411520905	Vasco [Center]		India
S3-25985352	Universal Consultancy Limited Partners	4857/65/2, Last Bus Stop, Sadashiv Nagar, Belgaum, ಕರ್ನಾಟಕ	India
S3-572746789	Bureau of-Sanitation Care Holdings	10321 Orchard Path, Delmar, Delaware	US
S3-960376874	YB Alliancebernstein	2301 Walhala Drive, Chesterfield County, Virginia	US
S3-362474618	Colonial Health Center Inc	6319. Gaston St, Huston, Texas	US
S3-151907868	The Nixon Interiors LLC	High View Dr, Albemarle County, Virginia	US
S3-659080786	Dr Kautilya Advisors	1/357, Sree Karthigai Lakshmi Nagar, Thuvariman, Madurai, TN	India
S3-932295144	#Juliannrockwell	1205 Spaulding Ave, Chicago, Illinois	US
S3-31177152	Prime	133 Main Street, South Hadley, MA	US
S3-581985190	लक्ष्मी कंसल्टेंट्स प्राइवेट लिमिटेड	A-301, Thane, महाराष्ट्र	India
S3-363423152	Raj My My Private Limited Services	Building No. Xiv/795, Madackal Building, Tiruvalla, Pathanamthitta, കേരളം	India
S3-791234728	Classic	294, B.B. Ganguly Street 1St Floor, Kolkata, Kolkata, Howrah, West Bengal	India
S3-299893950	Digital Foeod Limited	##25/6, Narhe Industrial Zone, Narhe Taluka Haveli, Pune, MH	India
S3-197493069	Moore, Carroll and Allen, L.L.C.	##17 Eagle Talon Cove, Little Rock, Arkansas	US
S3-13633950	Mathis Veterinary	#35 Evening Star Drive, Rowlett, Texas	US
S3-573648823	ODQ Private Properties Limited	26-27, Deep Complex Court Road, Amritsar, ਪੰਜਾਬ	India
S3-182770463	GOSHEN PEDIATRIC DENTAL CARE ASSOCIATES	1 Hampton Hills Drive, Goshen, New York	US
S3-763739871	retailconsultantsautomated.com	Walkertown, North Carolina, 5838 Jones Rd	US
S3-256408366	East-Secure Biotech LLC	22570 Grebe Ln, Ocean View, Delaware	US
S3-206401112	pamela h. roth, d.o., p.c. m.d.,	7920 Alta Cuesta Dr, Rancho Cucamonga, California	US
S3-272601822	atlantic bumrungrad, llc	Greensboro, North Carolina, 10 Whitestone Dr	US
S3-597275605	Self Institute of Technology Holdings	##3403 Klosterhoff Rd, Rosenberg, Texas	US
S3-523629284	Shri volo technologies	D-09 Vijay Nagar Balokot Road, Damoh, Damoh M Og, MP	India
S3-677085216	Gerrity and Davis Wintergreen L.L.C.	1000 Weldon Ave, Weldon, Arkansas	US
S3-740904757	Dermatology  Physicians Co	3601 1/2 Okeefe Drive, City Of El Paso, Texas	US
S3-114629405	Govind Cómmodities (India) Corporation	A/p. Kognoli, Tal Kavathe Mahankal, Sangli, MH	India
S3-795545685	Fritz,, Basia D.O., Inc	436 Schiller Drive, Fayetteville, Ohio	US
S3-119393101	Veraectodelta	H.no 58/ ( N.p), Sidco Industrial Estate Ambattur, Chennai, TN	India
S3-355949101	Bay [Restaurants]	00162 Waverly Ln, # APT 201, Bristol, Virginia	US
S3-525284850	Real Ventures Private		India
S3-892861721	Vaayuora Désign Private Limited	44, Hyderabad, Sundar Nagar, తెలంగాణ	India
S3-429472655	ORANGE	1204 Mazatlan Drive, Rockpoort, Texas	US
S3-671905839	bellamy & rivas llc		US
S3-975480732	Ep Technologies	109, Girish Ghosh Road 1St Floor, P.O. Belurmath, Howrah, West Bengal	India
S3-851902309	surgicalsummithealth.com	Hudson Rd, PMB 986, New London, North Carolina	US
S3-760056423	handy, wágner & walker better llc	Weisser Park Avenue, Fort Wayne, Indiana	US
S3-887942064	Utiaiid Hóldings Group	##4429 Vandals Dr, Florissant, Missouri	US
S3-192212207	G & E (Peace)	Jacksonville, 00113 Santa Fe Trl, Arkansas	US
S3-454020604	Behavioral Medicine Center	Gabriel Mills Rd, Waing River, New York	US
S3-22888144	-- Legacy Broadband LP	#9454 Evergreen Avenue, Indianapolis, Indiana	US
S3-122754787	एपेक्स क्रिएटिव आईटी प्राइवेट लिमिटेड	176(68-A), उत्तर प्रदेश, Etawah, Etawa	India
S3-786280274	P L & N Providence Highland LLC	1928 4th Street, Rm. 115, Charleston, Illinois	US
S3-257517051	James Krarcrisition PC	Carolina Beach, #920 Riptide Lane, North Carolina	US
S3-871636088	Ahmedabad  Trading Exports Private	216, GJ, Ahmedabad	India
S3-834673371	Surgical Associates Greater Greater (Inc)	223 Dayton Saint, West Alexandria, Ohio	US
S3-733516777	Gallego Ridge	396 Eastside Road, Hancock, Maine	US
S3-350482745	Palanpur Eye Industries LLP	Ghar No. 24, Radheshyam, Society, Juna Laxmipura, Palanpur, Banaskantha, GJ	India
S3-616631534	Kidd Horizon Zéo	District of Columbia, Washington, 2710 30th St, # A359	US
S3-984058170	Smt Calofaye	2969-R, Panipat, HR, Panipat	India
S3-797746649	Johnson Dlecta Bnb (Co)	21 Country Ln, Lake Katrine, New York	US
S3-330558637	Kororbi DBA: Congregation Zion	1471 Bornt Hill Road, Unit Apartment 1, Owego, NY	US
S3-951724238	Red Exports  Private Limited	10-1-88/A, Hyderabad, Andhra Pradesh	India
S3-883961161	Scholarship Society	4219 Clubhouse Pl, Unit 2153, Irving, Texas	US
S3-968952896	Amber, Co	6418- 154th Avenue Court, Sumner, Washington	US
S3-548219942	TOTAL AUSTRALIAN	Ohio, 1528. Cadney St, Canton	US
S3-948597099	The Express Transit Systems	53 Sir Barton Drive, Evans, West Virginia	US
S3-78307435	Amber Ltd	607 Palmetto St, Kill Devil Hills, North Carolina	US
S3-312829651	Tejin Power Private Ltd	Plot No-0063 Upper Grnd Flr Blk-02 Roop Nagar, Delhi, North Delhi, DL	India
S3-799729000	Ironworkers Union Local No 832 Corporation	Kansas, Kansas City, 8560 Isabel St	US
S3-871775531	Auroari Srpih	9145 Deni Drive, Floor 1, Olmpia, Washington	US
S3-528334570	Mathews Best Ridge Center Co	Deans Mountain, Moretown, Vermont	US
S3-30327252	Shelton Dental Associates	#1501 North Ave, Melrose Park, Illinois	US
S3-147877248	murphyclarkphillips.com	719 Q Avenue, # 215, Anacortes, Washington	US
S3-56400796	Jobye Mack Genetics,	11283- Robinson Dr, Coon Rapids, Minnesota	US
S3-771984700	NH Systems Corporation	Pafdey Nivas, Akurli Road, Near 282 Last Bus Stop, Damu Nagar, Kandivali (East), Bombay, Mumbai City, MH	India
S3-956684054	Agro Mandir  Exports Piate Limited	Plot No. Kh. 2-2/12, NULL, New Delhi, South West Delhi, DL	India
S3-491965207	Valley Preparatory  Amcdeanfy	9910 Padm Street, PO Box 8137, Minneapols Township, Minnesota	US
S3-515249858	Kmt Limited Private Distributors	No 23 Maison Belvedere Bldg, NULL, Churchgate, Mumbai, MH	India
S3-171117082	Shree Guru Power Restaurant Private Ltd (ID: 19411)	H.no 904 Bb43, Flat - 6, Sec - I Salt Lake, Kolkata, Kolkata, Howrah, পশ্চিমবঙ্গ	India
S3-488825265	Vani Sports Limited Center	16-9-750/2B, Hyderabad, తెలంగాణ	India
S3-893130048	Human Ríghts Fund Inc	1208 Meadowlark Circle, Manhattan, Kansas	US
S3-286839102	Shyam Sky Power Pvt	TN, H.no 038A/93 Ladakara Srteet Shevapet, Salem	India
S3-564841594	Indo Investment	#56, Delhi, West Delhi, DL	India
S3-768821789	Regional Chúrch Enterprises		US
S3-272762122	Nylayuma D.B.A. Martinez and Fletchall Hills Corp	Cicero, IL, 1424 Cicero Avenue	US
S3-10366364	Superior Supreme Quasaredge Clinic Inc.	Oklahoma, Muskogee, 2503 Haskell St	US
S3-157120016	Church Companies Inc  District	2068 132nd Road, Oxford, Kansas	US
S3-118011147	M/s Veekay (India)  Consulting Private	No 026/92C, Krishnakripa Pleasant Colony, P.o. Govindapuram, Kozhikode, KL	India
S3-399978436	Square Private Limited Service	24, Hemanta Basu Sarani, Manglam, A- Block, R. No. 201, Kolkata, Howrah, পশ্চিমবঙ্গ	India
S3-458259316	Pediatric-Center	68 Root Avenue, Southeast, New York	US
S3-57646872	Literacy  Elite Charities	20 Sunrise Dr, Waukee, Iowa	US
S3-880845225	ಇಂಟರ್‌ನ್ಯಾಷನಲ್ ಪ್ರೊಡ್ಯೂಸರ್ ಪ್ರೈವೇಟ್ ಲಿಮಿಟೆಡ್	Flat No. 306, Blk A Keerthi Harmony, 2Nd Main Road, R.m. Nagar, Bangalore, Bangalore North, ಕರ್ನಾಟಕ	India
S3-789361783	Ghazipur [Clothing]	UP, Ghazipur, H.no 48 108, Ghazipur	India
S3-256304052	Taffy's Miowset Cosmetics Loves Park	05393 Lake Crest Rd, Loves Park, Illinois	US
S3-202839642	Co Modern Defense Laboratories	1720 White Pine Way, PO Box 1708, Forest Hill, Maryland	US
S3-259046207	Golden Grill LLC		US
S3-530850396	Superior Patriot American Inc	9503 Ironwood Square Drive, <NULL>, Scottsdale Hopi, Arizona	US
S3-253803520	Soliumyn Token Co	514 Iris Cir, Rock Hill, South Carolina	US
S3-726962279	britt best willow willow llc		US
S3-932923135	Secunderabad (india) Pvt. Ltd. Ltd.	Secunderabad, Hyderabad, Dinesh Apartments Padmarao Nagar, తెలంగాణ, 6-1-284/4/103	India
S3-238031997	Ariayumacira	673 Broadway St, Wellston, Ohio	US
S3-750046182	Krishna Infustnries Pvt Ltd	Plot/369, Vill-budhgawan, Tola-basantchak, Panchayat-menpura Anda, Near Basant Chak More, Patna, बिहार	India
S3-837330341	గ్రేట్ ఎనర్జీ ప్రైవేట్ లిమిటెడ్	#29, Hyderabad, Ollege, TG	India
S3-180080560	Wexvio	D/204, Red Woods Chs. Vasant Garden Off L. B. S. Road, Mulu Nd (W), Mumbai, Maharashtra	India
S3-175498791	ZR  Contracting	#2283, Rabale, Thane, MH	India
S3-357344248	Hurley, Cathee, Center	##25 Cedar Cir, NULL, Stamford, Connecticut	US
S3-919006818	Nissley Superior Biomedical PC	810 Hayford Rd, PO Box 5707, Spokane, Washington	US
S3-157852746	Sar & Service	Plot 37 K-69, New Delhi, South West Delhi, DL	India
S3-26382501	Harbor [College]	Bunker Drive, Quincy, Illinois	US
S3-460996033	Premier Keystone Inc  Pacific	Massachusetts, Lynn, Unit 1, 41 Bulfinch Street	US
S3-914517710	Downtown Yoga Corp	1221 Virginia Way, Rocky MT., North Carolina	US
S3-13810384	Gods Tlrldimng Limited #8488	F No. 1, New Ankita Resi, Hno. 10/2/1 Sno 4A, Gadital, Pune City, Pune, MH	India
S3-690156397	Chiropractic Care Of Chino [Corp]	0012613 Benson Ave, # UNIT 3, Chino, California	US
S3-200979767	Holdings West Choice Israel	19383. Great Crane Rd, Bloomington, Illinois	US
S3-936711863	Jbs Etnerainmftoent  Company	Plot No - 8, Nashik, महाराष्ट्र	India
S3-759799134	Pediatric  Dental Clinic	Azalea Ln, PO Box 2938, Andrews, North Carolina	US
S3-832983780	Kautilya Ádvsoors Company	1/357, Sree Karthigai Lakshmi Nagar, Thuvariman, Madurai, தமிழ்நாடு	India
S3-367835880	Shahdara World Pregt Limited	House-1/5151, Street No-5, Balbir Nagar, East Delhi, Shahdara, दिल्ली	India
S3-698025006	urgent care associates co	298 Applegate Avenue, PO Box 9511, Yoncalla, Oregon	US
S3-271456107	Legacy Electronics Prutts Co	4251 Redwood Ln, Phoenix, Arizona	US
S3-908313594	Shradha Retails Enterprises Pvt Ltd	6/2/63, Hanamkonda, Warangal Urban, TG	India
S3-687383457	Innovative Equity Technologies Summit P.C.	007005 Stony Ridge Rd, Lincoln, Nebraska	US
S3-279812093	Ace Somfanr Pvt Ltd	No 104 Cycle Market Gill Road, Punjab, Ludhiana, PB	India
S3-889141639	shradha shradha enterprises pvt. ltd.	##12/2, Howrah, Kolkata, WB	India
S3-512302957	Rishi (India)	H-no. A-1889, Ratnam Villa, Uchha Kuwa, 4Th Crossing Haldiyon Ka Rasta, Jaipur, RJ	India
S3-159355476	Moreno & Háll	267 Honey Hill Loop, Searcy, Arkansas	US
S3-14054909	Jasper Llc	8 Dalton Ct, Richlands, North Carolina	US
S3-95168569	MSD Gen Llc	2826-2828 White Oak Drive, Grand Prairie, PMB 1230, Texas	US
S3-855295314	K0lkata Management Private Ltd	Hn 371 Martin Burn Business Park Suit No.- 16B, Block- Bp-3, Salt Lake Sec, Tor-v, Kolkata, Howrah, Calcutta, WB	India
S3-558884314	Sri We  Co Center	H.no.3-12-93/21, Hyderabad, తెలంగాణ	India
S3-934330970	urology cornerstone partners	Basket Willow Ter, Haslet, Texas	US
S3-624048969	Eisler  Custom Token	1243-1245 Brickyard Rd, Unit 151, Salt Lake City, Utah	US
S3-395811222	XD XD Allied	34137 Eureka Avenue, Yucaipa CDP, California	US
S3-259837296	pvt developers mangalam automobile ltd	No 08 1St Main, Bangalore North, Bangalore, KA	India
S3-722464448	Beacon Clgouh, LLC	409 Chihuahua St, Dallas, Texas	US
S3-849396889	Co. Custom Defense Collective,	174B Vanntown School Road, Flintville, Tennessee	US
S3-626381799	Shyam Devieest Limited	1St Main Road, Mysore, ಕರ್ನಾಟಕ	India
S3-608771162	Raj Limited Center	#611. - A, Tulsiani Chambers, Nariman Point, Bombay, Mumbai City, MH	India
S3-305023389	Value Wireless Innovations	2621 Westminster Dr, Winterville, North Carolina	US
S3-924378606	Sri Helot Medical Centre	729, 16Th Cross, 27Th Main, Sector-1, Bangalore, KA	India
S3-211373200	SE Grand Catering Inc	2170-2174 Redgate Drive, Suffolk CDP, Virginia	US
S3-724410749	linterests.com	2634 Boulder Court, HGH Point, North Carolina	US
S3-830351025	FX Producer-Pvt. Ltd.	C1-2/1125, Sabari Enclave, Bpl Junction, Koottupatha, Palakkad, Keralam	India
S3-597729980	फ्यूचर गोल्ड कंस्ट्रक्शंस प्राइवेट लिमिटेड	Hn 69 C/o Pawan, Patna, BR	India
S3-878543151	Pediatric Medicine Corporation	7-59 86 Street, Woodhaven, New York	US
S3-515684799	@Compass	Cts No.#4867/9, Sampige Road Sadashiv Nagar, Belagavi, ಕರ್ನಾಟಕ	India
S3-841336357	Estates  Society Center	H.no 4784/A1/C/2, Shop No. 07 And 18, 2Nd Floor, Pride Icon, Gokul Road, Hubli, Dharwad, Dharwar, KA	India
S3-171910255	रेड हेल्थकेयर प्राइवेट लिमिटेड	51-A Friends Colony, East Delhi, Delhi, DL	India
S3-496937093	Bernie Brown Complete	1621 Rockwater Blvd, Unit Apt 206, North Little Rock, Arkansas	US
S3-803763066	Robertson  Blue For Corp		US
S3-507207011	Blessing Premier Llc	Bristol, Virginia, 435 Reedy Creek Rd	US
S3-328117432	ईस्ट एनर्जी प्रा. लि.	#00905 Municipal Chawlkatrak Road Wadala, Mumbai, MH	India
S3-940927699	Jyoti Memorial  Trust Infratech	B-904, Skydeck Select, Opp. Amrutbagh Party Plot, Village Vejalpur M Og Part, Daskroi, Ahmedabad, GJ	India
S3-654572859	FX Foundation	20 B Ramakrishna Street Gandhi Nagar Saligramam, Chennai, TN	India
S3-28041424	Bangalore North  Speciality Limited	Sgm Arcade 102/3, Bangalore North, Bangalore, ಕರ್ನಾಟಕ	India
S3-199530992	Supreme Partners LLC Center	128 Newhaven Rd, Oak Ridge, Tennessee	US
S3-837020614	Rev It-Up Bareernhop	5614 Thor Street, Spokane, Washington	US
S3-859777350	Office of [Sanitation]	0010511 Kirkvale Drive, Houston, Texas	US
S3-49349915	Xylokor F/K/A Aurial Interiors	W7998 2nd Street, Town Of Finley, WI	US
S3-18239592	DL Bay Crdlve Ltd	168A Berriman Street, Brooklyn, New York	US
S3-372845787	Metro	187 Hampshire Street, Springfield, MA	US
S3-825947548	East Bright  Siddhi L.L.C.		US
S3-968806559	infrastructuresamanvaytech.com	Vi/565vrindavanam Nellaya P O, Palakkad, KL	India
S3-536033420	Fresh Care Massage!	1101 Irving Park Road, # 102, Bensenville, Illinois	US
S3-183631803	trimble veterinary clinic inc	8204 1/2 Old Farm Lane, Indianapolis, Indiana	US
S3-661358492	vanguard financial partners	3733 Hardy Road, Keysville CITY, Virginia	US
S3-664918305	-- TY Techno Private Ltd	6/165-7 Theri Road Servaikaranmadam, Thoothkudi, Tirunelveli, TN	India
S3-88318506	Center Caballero LLC	159 Benedict Rd, Pittsfield, Massachusetts	US
S3-785585137	Star Hospitality  Pvt	F-304, Ashish Complex, Lsc, Mayur Vihar Phase I, East Delhi, DL	India
S3-975024769	Sun Limited Infrastructure	Spaze It Park, Tower B3, 4Th Floor, Unit No- 442-4, Gurgaon, हरियाणा	India
S3-568849826	Metro Group Ship,	15924 N C 73 Highway, Cornelius, North Carolina	US
S3-139894630	ಸ್ಮಾರ್ಟ್ ಮ್ಯಾನೇಜ್‌ಮೆಂಟ್ ಪ್ರೈವೇಟ್ ಲಿಮಿಟೆಡ್	ಕರ್ನಾಟಕ, H.no 201, Bangalore North, D.no.562/2-12, H I G House, Bangalore Urban	India
S3-389618580	managementsunshineventures.com	H.no 988 1, New Cloth Market, Mezzanine Floor, O/s Raipur Gate, Raipur, Ahmedabad, ગુજરાત	India
S3-776380599	Jatadhari Sangh Enterprises	#861 Gat No. 661 To 666(P), Wing - D, Fl No. 906, Swapnalok, Moshi, Alandi Road, Pune, Khed, महाराष्ट्र	India
S3-691427366	Sky International Private	2-83, Hyderabad Region, TG	India
S3-825532605	young interests	Arizona, Shaw Butte, 15001 1/2 29th Ave	US
S3-70941614	Bertelson Prpsartroy Academy	4591 Chippewa Ct, Salem, Oregon	US
S3-6396320	Om Projects Pvt-Ltd.	702, Gh 5, Sector 27, The New Sahdev, Panchkula, HR	India
S3-453291854	Continental  Illinois	7085 Maverikc Road, Show Low, Arizona	US
S3-105947918	Marrero Guardian	1503 Hobart Ct, Louisville, Kentucky	US
S3-811636733	Hawkins  Steers Inc	North Carolina, 122 Bogue Harbor Court, Newport	US
S3-361602753	Baba Foods Ltd	House No 459, Block G 1 Gaur Grandeur Sector 119, Noida, UP	India
S3-189736509	Mr REAL Marketing Limited	House No 767, Kolki, Satara, MH	India
S3-505607284	Nirav Services Private (Limited)	B - 22, East Krishna Nagar, Delhi, East Delhi, DL	India
S3-277601701	Silver International  Steel	C-d/1/58 Second Floor, Flat No 204, Kh No 424/283-284, Front Side New Ashok Nagar, Mumbai, Delhi, दिल्ली	India
S3-767627855	Jannelle's Deli #13156	1319 24, PO Box 7471, Fowler, Illinois	US
S3-509450309	Custom Biomedical Associates LLC	404. Clarence Gaines Street, Paducah, Kentucky	US
S3-887892214	Pb Group of Service	S No749, Office 309, Spectra, Pune City, Pune, महाराष्ट्र	India
S3-239215446	Ltd Universal Food	Pp Vi/275, Kurissummoottil Payyavoor Po, Kannur, Keralam	India
S3-954443045	Ram Sunrise Infotech Limited Service	Room No. 4, 1St Floor, No. 12, Maleeswarar Koil Street, Chennai, TN	India
S3-777068284	Kolkata-Marketing Company	P-g-44, Kolkata, Howrah, পশ্চিমবঙ্গ	India
S3-470902050	সানরাইজ কেয়ার প্রাইভেট লিমিটেড	Lotusapartment, Kolkata, N/A, পশ্চিমবঙ্গ	India
S3-573148281	Handson Private Sérvices Limited	Post Box No.#9, Olpad, Sayan Road, Surat, GJ	India
S3-789274492	Bauer, Juarez & Mejia Downtown Inc	3851 Tunlaw Rd, Unit 404, Washington, District of Columbia	US
S3-666967454	Co Laor	221 East Ave, Williamsburg, Kansas	US
S3-509992700	Seaview Farm  Private	N 302, Gurgaon, HR	India
S3-298824615	India	Fn 101 A Wing Clyde Homes, Tarabai Park, Karvir, Kolhapur, Maharashtra	India
S3-206221565	Jarlay Carlyle, L.L.C.	1515 150nd St, Town Of Balsam Lake, Wisconsin	US
S3-949455587	#Gracer0ad	8-4-370/Rn/174, Rajnagar, Ameerpet, Hyderabad, TG	India
S3-15379140	United Ctgonter	539 Ashland Avenue, Buffalo, New York	US
S3-258463183	Young Interests	15001 1/2 29th Ave, Shaw Butte, Arizona	US
S3-119749823	LLC Pham and Stodsgihll Shanghai	7071 Garden Walk, Columbia, Maryland	US
S3-339028612	Urban  Ice	Madison, Alabama, Liberty Dr	US
S3-380825723	Metro Defert Solar Midtown	10641- Thomas Ave, Bloomington, Minnesota	US
S3-852026635	Care Foundation MJ	महाराष्ट्र, Jalna, C/o Chhagan Shinde, Bangaon S/dn Ambad, Dist. Jalna, Bangaon	India
S3-351683971	Animal Welfare Association Llc	1082 Windmill Creek Ln, Berlin, Maryland	US
S3-109959417	kuk sterling biotechnologies summit inc	2623 Arbor Pointe Dr, Middletown, Ohio	US
S3-843705653	Nguyen Clark and C0	Ohio, Dayton, 1233 Snnyview Ave	US
S3-772363302	Wadsworth City Family Fresh	#603 Woodcrest Drive, Wadsworth, Ohio	US
S3-195718192	Primary Clinic Trusted  Care Clinic Inc	3117 114th St, Merrionette Park, Illinois	US
S3-148028513	and 5imms Wiley, Rice	607 Market St, Bolivar, Tennessee	US
S3-893294446	Global Municipals Ltd	Chicago, Illinois, 4776 Keeler Avenue	US
S3-332609613	Teamsters Local Local 728 Co	6279 Elk Creek Rd, # Apartment 3, Meredith, New York	US
S3-30054985	Nidhi Tools Prívate Limited	Shop No.13, Block No.4, Sector-29 Ganga Shopping Complex, G B Nagar, Noida, Gautam Buddha Nagar, UP	India
S3-982690273	Pediatric Dental-Direct Medicine Associates Ltd	6187 Redman Rd, New York, Brockport	US
S3-689519157	Environmental Fellowship VI Ltd		US
S3-998017573	M/s Royal Media Pvt Ltd	Shop No.-15, Pooja, Shoping Complex, Saharanpur, UP	India
S3-985364063	Tiger Law Holdings Center	Flat No. 18, MH, Priben, Umela Palghar Naiagaon, Thane, Vasai	India
S3-109148561	The Dent Book Store-P.C.	North Carolina, Charlotte, PO Box 4750, 2020 Morehead Street	US
S3-115150275	Skylight Controls Private	उत्तर प्रदेश, 26/56 Birhana Road, Kanpur	India
S3-773819878	Fluxkorx	18, Rabindra Saranai, Poddar Court, Gate No. 2, 3Rd Floor, Room No.311, Kolkata, Kolkata, Howrah, West Bengal	India
S3-55456391	Express  Retail Collective PLLC	1601 Sunnyside Drive, # 144, Shaw Butte, Arizona	US
S3-62920376	Primary Care Co Specialists	5015 Gardner Drive, Alexandria City, Virginia	US
S3-576667668	CQ Tradex Group Private Ltd	405, Amar Geejay Chs Ltd., Saibaba Nagar Opp. Saibaba Temple, Borivali West, Mumbai City, Mumbai, महाराष्ट्र	India
S3-366457214	Golden Diner	13007- Atlantic Boulevard, Ocean City, Maryland	US
S3-750578843	Media  Solutions LLP	Shri Mishri, P No.5, Gf, Kh285, Asola, Fatehpuri Ber, South West Delhi, दिल्ली	India
S3-378896209	happy auto body	49 Cheltenham Ave, Franklin, Tennessee	US
S3-662979506	RISHIT FORMULATIONS (INDIA) PRIVATE LIMITED (ID: 99727)	Office No 5, Level 2, Phase 3, Plot No 5 & 6, Divyasree Trinity, Survey No 64, Shaikpet, Hyderabad, TG	India
S3-907604706	Sabine's Sabine's Development	Ave K, Bay City, Texas	US
S3-456372704	Murray's Chemical Co	Buckhannon, West Virginia, 1292 Sand Fork Road	US
S3-617571235	Rizaflux d/b/a Bright Infrastructure Private Limited	Karnataka, Builden'S Paradise, 5Th Main, 7Th Cross, Malleshpalya, New Thipsandra, Bangalore, No. 405	India
S3-103169749	M/s Lokenath Service (India) Pvt [Ltd]	Noida, D/701, UP	India
S3-27506675	Ear Nose + Throat Health	3087 Marion County 2059, Yellville, Arkansas	US
S3-192906097	न्यू आईटी प्रा. लि.	Thane, Flat No.1202, MH, Navi Mumbai	India
S3-338203538	Royal Telecom Systéms	115 Fillmore St, Topeka, Kansas	US
S3-514971547	Rn Brothers	Seri Lingampally, C/o Rudra Raju Rama Raju, TG, K.v.rangareddy, Block-2 Flat Number 2608	India
S3-232343071	Unique Solutions Holdings Private Ltd	No 37 C/o Shashikala, Ghazipur, UP	India
S3-757937384	Cascade LLC Services	23294 Eastwood Drive, Elkhart, Indiana	US
S3-93514702	E D & C Works	2231. Ontario Rd, Washington, District of Columbia, # 7	US
S3-16939958	Lang Saulter Integrated Printing [Llc]	157 E Main Street, Staten Island, New York	US
S3-957775345	Kintsugi Real Industries Pvt	706, Abrol Residency Chsl, Link Rd Khandelwal Layout, Malad West, Mumbai, MH	India
S3-748402326	Ridge School Of Medicine	Banner Elk, 217 Foxgrape Hollow, North Carolina	US
S3-987086429	Smt Swastika Top [Clinic]	House No. 659 Block - M, New Delhi, DL	India
S3-800092710	The  Urgent Care Associates	Valley Brook Drive, North Little Rock, Arkansas	US
S3-92730905	Logistic Systems	Baner Road, महाराष्ट्र, Pune, H.no D/3/8	India
S3-589008768	Kelovantage d/b/a Red Engineering Private Limited	Office-1, Anand Bhutada Sankul, Cts-237A/237 A2 3A, Nashik, Maharashtra	India
S3-81115297	saniis mercator	265 Pecan Grove Ln, Hsb Burnet Co, Texas	US
S3-844219683	Salutary & Co Clinic Infratech	214-C/6 Pura Dalel, Allahabad, UP	India
S3-248547435	Shri Western  Foods Co	Shanti Kutir, Marine Drive Mumbai, Rine Plaza, MH	India
S3-391157464	Serene Fórmations Pvt. Ltd.		India
S3-293689839	Liteia (Co)	32 Williamsburg Rd, Marlborough, Connecticut	US
S3-766206424	The Randa Heath Empire Medicines Greater LLC	Corrales, 742 Camino Arco Iris, New Mexico	US
S3-959852397	PROJECT WÉLFARE ANIMAL	##7 Dalecrest Ct, # Apartment 101, Lutherville, Maryland	US
S3-466883105	Shri Silver Care Public Limited	48, Gems Complex, Gst Road Tambaram, Chennai, <NULL>, TN	India
S3-861477756	Caflovue Llc	307. Valley View Road, Bainbrdige, New York	US
S3-656823212	Onyxtavo fka Mangalore International LLP	Karnataka, Veekay House, Highlands, Mangalore., Mangalore, Dak. Kannada	India
S3-388695887	Dr Shree  Infotech Limited Center	Alwar, Divreportingcircle, राजस्थान, Shop No. - 206-A Wonder Mall Alwar	India
S3-824064646	Creative Foundation Private	A-##19 Ground Floor, Fiee Complex, Suite # 1071, Okhla Industrial Area Phase-2, New Delhi, DL	India
S3-478640466	Management National Group	05616 Waddell St, Fort Worth, Texas	US
S3-228996717	Ethelyn Waddle Cleaning Center	California, Simii Valley, # C, 02903 Esperanza Way	US
S3-399524528	Lakshmi Construction Private	Gonda, Village - Paraspur, UP	India
S3-16720931	QUALITY PROPERTY UNION INC #45872		US
S3-393542919	Calhoun & Conner Natural Valley  LLC	1628 Oneida Ct, Mount Prospect, Illinois	US
S3-378808623	एपेक्स इंफ्रा	Chitanvispura Cir G-4 House No. 1274, Nagpur, महाराष्ट्र	India
S3-281429709	Pediatric Crystal Assisate	1473 Bayfront St, <NULL>, Greenbackville, Virginia	US
S3-544364734	Meldrum, Evans Villanueva P.C. Service	5230 1/2 The Accord Rd, Virginia, Orange County	US
S3-448204612	Dental Specialists of Sioath Bloomingville	22641 Codrad Rd, South Bloomingville, Ohio	US
S3-209855768	Atlantic lnitiative	638 Santiago St, City Of El Paso, Texas	US
S3-592949905	Swaraj & Ss Enterprises Private Limited	Flat No. 310 Vashi Omkar Co Op Hsg Soceity, Navi Mumbai, Thane, MH	India
S3-513548155	Castillo	1564 Gulf Street, Uniontown, OH	US
S3-311664143	South [Digital]	901 Third St, Devils Lake, North Dakota	US
S3-260085586	Silver Ventures, LLC Partners	159 Lake Drive, Newburgh, New York	US
S3-802505729	Goar Stone	2105 Wood Ridge Cooe, Cedar Park, Texas	US
S3-590118322	Uptown Barbershop Central	561- Quail Lane, Laayton, Utah	US
S3-517135813	Pediatric Dental Center  LLC	14302 Little Rocky Mountain Ct, Fairfax County, Virginia	US
S3-171130760	Hackney Center Health LLC		US
S3-830623064	Hill, Gunilla Golden Schwab LLC	2190- Meadowlark Lane, <NULL>, North Logan, Utah	US
S3-843788825	Carmelia Clark, [CPA]	7 Emerson Place, # 710, Boston, Massachusetts	US
S3-381544741	Mohit Cnostrubtion Pvt Ltd	H.no 656 First Floor, Khivraj Complex Iii, 480, Anna Salai, Chennai, Chennai, தமிழ்நாடு	India
S3-63401301	gréatcommittee.com	2015 Wards Rhad, PMB 128, Lynchburg, Virginia	US
S3-113795451	Wlocot, Cody Adr Care East	21 Woodvale Street, Dunbar Borough, Pennsylvania	US
S3-434336392	LLC LABARGE MANAGEMENT	00817 End St, Columba CITY, Tennessee	US
S3-597286025	lotusenterprises.com	Flat No. C 527, Pawar Enclave, S No. 86 / 3B Pune Solapur Road, Hadapsar, Poona, Pune, MH	India
S3-655589957	Ariela's Rpid Studios (P.C.)	4428 26th Avenue, Fl 1, Lacey, Washington	US
S3-528088736	Allied Council LLC	10920 Wilsonville Rd, Wilsonville, Oregon	US
S3-199994911	Continental Blue	Sunley Ln, Chesterfield, Missouri	US
S3-154886172	Inc. Reliable Xsolla	8613 Lark Pl, Laurel, Maryland	US
S3-946956103	Sri BLUE CONSTRUCTION PRIVATE LIMITED	No C-526 Stn Shopping Compiexroom No 31 Sakthan Thampuran Nagar, Thrissur, കേരളം	India
S3-114268358	Back  Aeyl Bakery!	002070 Houston Rd, Booneville, Kentucky	US
S3-312131404	Pnp  Home Nursing Enterprises	23 Habibpur, Plot No. 238, Dadri, Gautam Buddha Nagar, उत्तर प्रदेश	India
S3-966574680	Western Pacific	3493 Marylea Court, Waldorf, Maryland	US
S3-797032781	ROYAL FINANCIAL WORKS	1631 Fairview Ave, Unit A, Ohio, Salem	US
S3-521461358	Finance  Deep Pvt Exports Housing Ltd	67, Coimbatore, TN	India
S3-70916892	JE Clearthink Partners	Clarkstown, 52 Lexow Ave, New York	US
S3-688188734	Inc Toex	22770 Primavera Way, Athens, Alabama	US
S3-476117251	Liv Coblentz Desert Oyj Partners	108 Peirsey Place, Newport News, Virginia	US
S3-507559731	Summit Índustries Co	1870 Spinnaker St, Pingree Grove, Illinois	US
S3-788054641	Solutions Amr Krishna Center	B-g-219, Gurgaon, हरियाणा	India
S3-301243934	lower secure newbury llc	19 Woodlawn Cir, Randolph, Maine	US
S3-124901544	ग्लोबल ट्रेडिंग लिमिटेड	Flat No.323, F.p 38/21B22A, Cts 94/21B22A, Jay Narmada Society, Lane 11, Prabhat Rd, Pune City, Pune, महाराष्ट्र	India
S3-728261759	Colonial Átlanticus Llc	11971 600, PMB 1742, Fairmount, Indiana	US
S3-415701493	Crystal  Learning Services Corp	Aurora, 18663 Willoughby Rd, Indiana	US
S3-75877718	Smt grmindiastock.com	#331 Xii/170, Panikulangara, Parakkadavu P.o. Kurumassery, Ernakulam, കേരളം	India
S3-318539175	aabuilders.com	#4Th Floor, Room No. 420 21, Hemant Basu Sarani, Kolkata, Kolkata, Howrah, WB	India
S3-814508581	बॉम्बे इंफोटेक एंटरप्राइजेज प्राइवेट लिमिटेड	Karad, Door No G-99 C/o At Post Kale, MH, Satara, Kale	India
S3-382366868	Haloorbi Formerly Seven Engineering Private Limited	H. No.-279, Subhash Nagar, Rohtak, Haryana	India
S3-283795819	Smt Manot Nursing Home LLP	12/147, V Nagar Lko, Lucknow, UP	India
S3-644113969	IG Harmony Harbor	3324 68th St, PO Box 668, Scottsdale, Arizona	US
S3-249863236	INTERSTATE CARGO	5076 273, Ivanhoe, Texas	US
S3-434700827	Total Sab	3945 Encanto Boulevard, Phoenix, Arizona	US
S3-629690456	allen systems	879 Highlander Trail, Hudson, Wisconsin	US
S3-347491647	Muller Hospital Limited	H.no-6-111, Stuartpuram 2Nd Gang C/o Ch Bhavani Ratnakar, Baptla Mandalam, Guntur, AP	India
S3-25274876	Capital Municipal Associates	1012 Dickerson Street, Palmyra, Missouri	US
S3-115702348	Churchfirst.Com	8929 56th St, Adrian, North Dakota	US
S3-310589484	Solvera	5017 16 Avenue, Brooklyn, New York	US
S3-812104250	Aspen Kógyo	Unit 302, 645 Division Street, Nashville, Tennessee	US
S3-758455591	Shree-Trauma	Rakesh Mishra S/o Ram Achal Mishra Palpurwa, Gonda, Jigana, Gonda, Uttar Pradesh, UP, Gonda	India
S3-648172088	Co International Robotics Enterprises	4034 Tejsa Trl, FT Worrth, Texas	US
S3-131107882	Arcmira dba Southern Foods Limited	Flt No- 203, 2Nd Floor, Ackruti Star Central Road, Marol, Midc, Andheri East, Mumbai, Mumbai City, Maharashtra	India
S3-896717404	Krishna Limited Private Management	MH, Mars A/##304, Vasant Galaxy, Bangur Nagar, Goregaon (West), Mumbai, Mumbai City	India
S3-403358216	Lyrakoryuma One	Vivek Vihar, B-206, Delhi	India
S3-375606551	Millenium Today  Private Limited	South Delhi, ##741 C-3, DL, New Delhi	India
S3-785645002	... Motley, Romo & Cross	45 La Granja Road, San Benito, Texas	US
S3-770986740	Digital Wealth Alliance	9314-9318 Cherry Hill Rd, PMB 1698, College Park, Maryland	US
S3-402513114	W+ Contracting LP LP		US
S3-311528071	Karil Haire Ridge Renaissancere (Inc)	14347 850, Toulon, Illinois	US
S3-308521108	Rleo	Catonsville, Maryland, 405 Frederick Road, Unit Suite 154	US
S3-129339577	Raj Industries Overseas	17, Arunachala Pillai Lane, Sydenhams Road, Madras-600 003, Chennai, Madras-600 003, தமிழ்நாடு	India
S3-767361462	Bay-Pediatrics Inc	7734 Lakewood Drive, Austin, Texas	US
S3-285139890	Inc Primary Critr Center Of Staten Island	130C Hunter Ave, Staten Island, New York	US
S3-438405137	Peach Serve (India) Private [Limited]	Tentulberia, <NULL>, Howrah, Kolkata, WB	India
S3-848011438	Carbonneau, Garner and Kye  Ltd	30 Starr St, Brooklyn, New York	US
S3-962189642	Reuter Gabrie1a O.D. Group	326-330 Sheridan Avenue, # 35, Somerset, Ohio	US
S3-609974321	Pediatric Dentistry Physicians Partners	3738 200, Lafayette, Indiana	US
S3-985550914	Private Apn Sefscges Limited	No 540/8, 2Nd B Cross, Annaiah Reddy Layout, Banaswadi, Bangalore, ಕರ್ನಾಟಕ	India
S3-721078822	BALAJI SYSTEMS	4, Gangadhar Babu Lane, Central Avenue, Kolkata, Kolkata, Howrah, WB	India
S3-688685059	WILLIAMS'S GREEN CONSULTING	7715 Tyler Station Road, Hanover County, Virginia	US
S3-416240617	Bombay Consultncay Private Limited	G-3-225, Mamidalapalli Veenavanka, Karimnagar, TG	India
S3-987153108	Dr TRIDENT TECHNOLOGIES PRIVATE LIMITED	H.no 7/39 Rajasthan Housing Board Ward No 5, Hanumangarh, RJ	India
S3-576510365	लक्ष्मी एस्टेट प्राइवेट लिमिटेड	H No. 1-18 New Manglapuri, Kh No. 231, Village Sultanpur, South West Delhi, New Delhi, DL	India
S3-834580805	শিব প্রজেক্টস প্রাইভেট লিমিটেড	A-33a, Liluah, Howrah, WB	India
S3-111244540	ಡಿಜಿಟಲ್ ಪ್ರಾಜೆಕ್ಟ್ಸ್ ಎಲ್ಎಲ್‌ಪಿ	No.06, 18Th Main, 6Th Block, Kormangala, Bangalore, KA	India
S3-182961272	Grasso Rmlcky Cbre	Great Falls, 1219 13rd Street, Montana	US
S3-723390363	Sky (India) Association Ltd	#46, Chennai City Corporation, Thiruvallur, TN	India
S3-349250100	INC PLEMMONS PATTANA	1733 Butelr Road, Alabaster, Alabama	US
S3-193021465	Neerav Trading Private - 2504033366	Thane, MH, Thane, S No #85 H N 3 Rm 1 Gr Flr	India
S3-600079483	Consultants Solutions (India)  Private Limited	C 501, Mumbai, Mumbai City, MH	India
S3-398552321	मॉडर्न हेल्थकेयर प्रा. लि.	Block F-##554 928, Divreportingcircle, Gurgaon, हरियाणा	India
S3-289107418	Novio G1oba-Tatum	847 Nine Ranch Rd, Tatum, New Mexico	US
S3-865318419	Tolnvue Tolnvue LLC	3950 39, null, CRAB Orchard, Kentucky	US
S3-957583659	Concordia's Landscaping	00180 Kestrel Drive, Fayetteville, Arkansas	US
S3-923452791	Orbify Service		US
S3-436451610	FQP Corporate Public Ltd	114, Howrah, Kolkata, পশ্চিমবঙ্গ	India
S3-846382042	Haloquo formerly J/G Spa	402 Main Street, Springdale, AR	US
S3-292908301	Vantagefluxjax d/b/a Global Constructions Limited	55-1-28/5, Jagannadha Raju Nagar Colony, New Venkojipalem, H B Colony, Visakhapatnam, Vishakhapatnam, Andhra Pradesh	India
S3-827350468	Robertson Metro Pebblebrook (Inc)	20119 113th Street, Snohomish, Washington	US
S3-477953540	(M Pedana Resorts Private  Limited	1-111, Kuduru(v), Konkepudi (P), Krishna, ఆంధ్రప్రదేశ్	India
S3-932443946	राज Global लिमिटेड	611. - A, Bombay, Mumbai City, MH	India
S3-307113752	Gwynne Zava1a Pharmaceuticals Inc	Hardesty Blvd, N/A, Akron, Ohio	US
S3-547926341	Primary Care 6roup of	1325 Ohio Street, Indianapolis, Indiana	US
S3-971686579	UCL Limited [Pártners]	Door No D/24 Sy #139, Shop #3&4, Gear Schl Rd Doddakannahalli, Sarjapura Main Rd, Bangalore Rural, Bengaluru, KA	India
S3-667585230	LLC R 8 Z Lifesty1e	4007 Night Heron Court, # E, Waldorf, Maryland	US
S3-102288944	Prime Royal Global Private	Block B-##688 485, Borghar Haweli, Tala, Mangaon, Raigarh(mh), MH	India
S3-960648609	Kirby Royalty  LLC	PO Box 7977, Columbus, Ohio, 151 Yearling Rd	US
S3-667802512	Moseley Metro Oneim	2368 Ansley Street, PMB 8738, Alliance, Ohio	US
S3-897285491	യൂണിവേഴ്സൽ ക്ലാസിക് മാനേജ്മെന്റ് പ്രൈവറ്റ് ലിമിറ്റഡ്	424 A, Thiruvananthapuram, Trivandrum, KL	India
S3-122793925	Southern Ridge Neuberger	4535 Wilkerson Road, null, Bloomfield, Kentucky	US
S3-282031231	Atrium Ltd Center	34 Top Floor Samast Pur, Delhi, East Delhi, DL	India
S3-245459673	KF Endeavour Pvt Ltd	No 38-B Gobind Nagar, Ambala, HR	India
S3-253384320	Mr Swami Services (India) Private	1111/18, Poonamallee High Roadkoyambedu Chennai, Chennai, NULL, TN	India
S3-937625123	Sai Infotek Industries  Private	No. 85, Burma Nagar, 19Th Street Sadayankuppam Village, Manali, Kancheepuram, Chennai, TN	India
S3-116621972	Novibrixbrix	WB, 50A, Kolkata	India
S3-24462441	NI Áce Tokyo LLC	00178 Ashpone Tavern Rd, Rocky Mount, Virginia	US
S3-386494024	Reed School, Montessori Inc	204 Tenth Street, Chester, West Virginia	US
S3-735708930	wag0nerstarry.com	800 Fourth St, Unit S502, Washington, District of Columbia	US
S3-378145761	Butech LLC LLC	23 1/2 Cheever Street, Worcester, Massachusetts	US
S3-160802472	Dhanashree-Vidyalaya	2Nd Floor, Essae Vaishnavi Summit, No.6/b, 7Th Main 80 Ft Rd, 3Rd Block, Koramangala Industr, Ial Layout, Koramangala Bangalore, Bangalore, KA	India
S3-484032255	Fresh Alliancebernstein Corp	6995 Scenic Pointe Pl, Prince William County, Virginia	US
S3-173794292	Platinum Century, Corp.	1280 Wonderlick Road, LIMA CTY, Ohio	US
S3-249067965	Literacy Fúnd	523- Charoak Dr, Ballwin, Missouri	US
S3-376407671	Zetawexumbra+ D.B.A. Advanced Eagle Inc.	2021 Cranberry Road, Carroll County, VA	US
S3-68297145	Anchor Greenland Metro Inc	3970 Steele Boulevard, Unit Apt 407, Fayetteville, Arkansas	US
S3-901978668	Nevares Capital Inc Tribeca		US
S3-480828385	Liberty Investments Llc	##10440 Avenue N, Chicago, Illinois	US
S3-836317975	Thompson Restaurant Of Ardsley	62 Ridge Rd, Ardsley, New York	US
S3-298089386	Pediatric Dental Clinic Of St. George City	13630 Jolissaint Drive, St. George City, Louisiana	US
S3-820075545	A Cure 5	Grant Ave, # LOT 6, Krebs, Oklahoma	US
S3-129966205	Rapid Grávity L.L.C.		US
S3-187609274	Double Trust	Rear Wing, Bengaluru, Bangalore, KA	India
S3-513790550	Services Betz, Janeczka D.O., M.D., P.C. LP	416 E Iowa Ave, Iowa City, Iowa	US
S3-925715671	Brisk Constructions [Limited]	Flat A7, Pune City, Pune, MH	India
S3-653549927	Anchor Mortgage Brands  LLC	771 14th Avenue, COOS BAY, Oregon	US
S3-928683234	Tejiya  Developers Center	55 Amer Complex, Bhopal, MP	India
S3-156571986	Golden Frre LLC	1231 Belvedebe Ave, PO Box 3528, Gastonia, North Carolina	US
S3-137879068	Giulia [Darden,]	206 Madison St, PMB 6424, Islip, New York	US
S3-748584704	Nexnexvio	611. Lexington St, Baltimore, Maryland	US
S3-669189686	Avicalo Labs	No.46/2, Ii Floor, Dodda Kalasandra Village, Uttarahalli, Hobli, Bangalore, Karnataka	India
S3-110006877	Shree Corporation	Industrial Area C Kanganwal Road, Jaspal Banger, Ludhiana, PB	India
S3-654733732	Brixumbra	Belilious Park 129 Belilious Road, Ps Bantra, Howrah, West Bengal	India
S3-465649623	Life Exports Motors Private  Limited	Shop G-4 Plt 3 Sector 9 Prajapati Gaurav Kharghar Navi Mumbai, Raigarh, MH	India
S3-646291094	Johnson, Dorree P.A.  Services	#105004 Hidden Valley Drive, Oklahoma, Mcloud	US
S3-514914536	HOFFPAUIR RESEARCH	2120 Brevard Street, Unit 412, Charlotte, North Carolina	US
S3-775579639	Digital & Ssgn Company	C/o Ram Pravesh Mourya, Ward No - 5 Kuriach Mahavir Asthan, Sasaram, Rohtas, BR	India
S3-884931447	Beacon Optimal Intermediate Corporation	#101 Larry Wayne Dr, Floresville, Texas	US
S3-241943479	carawaygallegosgray.com	2400 Martha Cir, Pine Bluff, Arkansas	US
S3-546040219	heartland [goldman]	704 Carolina St, Hoxie, Arkansas	US
S3-666704825	Chiropractic Unified Specialists Corporation	Ray, North Dakota, 424 Winther Street	US
S3-719391178	Technology Rupa Investments Pvt	Fl.no.100, Pune City, Pune, MH	India
S3-176135150	Diamond Airport	0104 3518, Leesburg, Texas	US
S3-809750295	Santillan's United Pocireies	2804 Rd 122, Oakwood, Ohio	US
S3-310557605	Diehl Éat0n	11341 Hartman Circle, Omaha, Nebraska	US
S3-378195972	Hart Creative [Activate]	Brookpark Road, Cleveland, Ohio	US
S3-677020807	సూపర్ ప్రొడ్యూసర్ ప్రైవేట్ లిమిటెడ్	Vishakhapatnam, No 3 C/o Malla Govind, AP, Visakhapatnam	India
S3-177906458	Cardiology Cflnic Inc.	2750 Havenwood Drive, Unit Unit B, City Of Oshkosh, Wisconsin	US
S3-551004829	Office Of Center	349D Cornwall Bridge Rd, Sharon, Connecticut	US
S3-855329091	Rev It Up Naoils Inc	345 Sunset Pt, Festus, Missouri	US
S3-845802139	THF	C609, Brigade Palmsprings, 7Th Phase, Bangalore South, Bangalore, Karnataka	India
S3-316008266	Ace Total Spark	1269 Elrod Rd, Manchester, Tennessee	US
S3-869674570	EMPIRE INVESTMENTS, LLC	5145 45, Indiana, Auburn	US
S3-8886462	Rama Street  No 4 Raja Park Travels Private Limited	RJ, Rama Street No 4 Raja Park, Jaipur, A - 132	India
S3-896421640	UN Limited Private Future	Plot 295 First Floor, E G Complex Building, Kodungallur Bus Stop, Tana, Irinjalakuda, Mukundapuram Taluk, Thrissur, KL	India
S3-555144919	Houma  Dental Group Corp	1234 Chucrh St, Houma, Louisiana	US
S3-356643720	Global Jas Technologies Private  Limited	A-#40, Krishna Nagar - Ii, Lal Kothi Tonk Road, Jaipur, राजस्थान	India
S3-871746773	FAMILY MEDICINE	1500 Pickford Lane, BWIE CDP, Maryland	US
S3-702377636	-- Foundation Swan Marketing Private	Lig 189/1, Tirumalagiri, Hyderabad, Andhra Pradesh	India
S3-882784130	Green  Milk Limited	1-62/104, Near Art, Madhapur, J Hills, Hyderabad, Shaikpet, TG	India
S3-141624245	Silver Media Brands Co	Cannon Ridge Ct, # STE 43, Fairfax County, Virginia	US
S3-442620508	The Marji Arriaga Doubleline Inc	Nowthen, 5153 229th Ave, Minnesota	US
S3-352324784	Dynamic Trusted Software Incorporated	925 Broadmoor Dr, City Of El Paso, Texas	US
S3-382343813	[Inc] Dermatology Physicians Harbor	4043 University Street, Memphis, Tennessee	US
S3-650137736	Regional  Snow	144-47 228 Street, Springfiel Gardens, New York	US
S3-592659160	Rajiv Etae	E - 36, Ground Floor, Rosewood City Near Wembley Estate, Sona Road, Gurgaon, HR	India
S3-153139704	Colon Fmadklen	1809 63nd Ave, Sacramento, California	US
S3-489212155	Qutubullapur India Public Limited	#509, Sri Venkatadri Residency, Plot No. 473 And 318, Mallampet Village, Jeedimetla, Bowrampet, Qutubullapur, K.v.rangareddy, TG	India
S3-863114139	Ridge Diana [LP]	# 102, North Carolina, Greenville, 1725 Arlington Boulevard	US
S3-670866809	Mr Surabhi Academy	Sree Gurureya Mansion, No. 759, 3Rd Floor, 8Th Main Rd, 3Rd Phase, J. P. Nagar, Bangalore South, Bangalore, KA	India
S3-213553913	Fluxdrexnex formerly: Metropolitan Mortgage Studios	4452 Old Thornton Highway, Thornton, WA	US
S3-20921317	J/A Ltd Pattana	594 Hocbrier Ct, # LOT 4, Carbondale, Illinois	US
S3-894138821	Grace  Cgale	Lewis Dr, City Of Aberdeen, Maryland	US
S3-242227104	Layton Baptist-Golden Chiropractic L.L.C.	3329 2300, Layton, Utah	US
S3-145352806	CHQ Consultants Private Ltd	WB, Kolkata, 67/40, Strand Road, 1St Floor Cross Road No-11, Howrah	India
S3-472324207	NABORS'S DESIGN	4331 1450, Francesville, Indiana	US
S3-504669144	Orbiyumadrexio DBA: Hossain Precision Crane LLC	Unit 1B, 106 Arbor Way, NC, Cary	US
S3-355618840	Pediatric Crysta1	1473 Bayfront Street, <NULL>, Accomack County, Virginia	US
S3-498914640	QTP India Overseas Pvt Ltd.	D/16 Rayfreda Chakala Mahakali Caves Road Above Standard Chartered Bank Andheri Ea, Mumbai, St, MH	India
S3-689035168	Hough Smart Solarius, Ínc	4001 Layton Rd, Bentonville, Arkansas	US
S3-219264846	Pragya Polytechnic	H No 11-17, Gali No 10 Raibareilly Road, Pathak Puram Colony, Lucknow, उत्तर प्रदेश	India
S3-584137725	8ay Project L.L.C.	1404 Main Saint, Warsawcdp, Indiana	US
S3-912048062	Heartland York	7711 Collection River Drive, # 6301, Ralegh CDP, North Carolina	US
S3-208028372	(Llc) Mutual Mobility Concepts Riverside	139-C Victoria Park Dr, Shelby, North Carolina	US
S3-230100035	empire certified xrp	101- Fox Chase Dr, Gadsden, Alabama	US
S3-990506414	Jones, Crain and Norling, Partners	5958 Saline Avenue, Kansas City, Missouri	US
S3-244783304	Ronet Clear Texas, LLC		US
S3-61268376	americancascadeblackrock.com	Westwood Dr, Stayton, Oregon	US
S3-343687704	2550 Cbneter Road Properties Inc	West Des Moines, Iowa, 9434 1/2 Cascade Ave	US
S3-948929563	Zadyne Csmepanise  Inc - 9366294557	Jacksonville, Quill Ave, Alabama	US
S3-174860654	ojo, ólson & wilson block llc	17 Smart Stseet, Keeseville, New York	US
S3-981629464	Jaxvio formerly Jolynn L. Macias, DO	2031 36th Street, Parkersburg, WV	US
S3-785125427	Sri Coromandal Marketing Private	G-3, Mumbai, MH	India
S3-17462469	Bay Custom Prodlceis LLC	Grove Street, Pikeville, Tennessee	US
S3-85887802	Korveo	#-3-790/8, Flat No.15 3Rd Floor, Bathina Apartment, Ameerpet, Hyderabad, తెలంగాణ	India
S3-241428461	Sader Foundation Private	#422, Badgo, Gorakhpur, Sader, UP	India
S3-252977841	Ace-Limited Private Producer	Offce No-102, Mumbai, महाराष्ट्र	India
S3-537516291	Jl Polytechnic Private Limited	H.n. C-297 Indira Nagar, Lucknow, उत्तर प्रदेश	India
S3-732678476	Spurr Imperii	1356 Stallion St, Ranson, West Virginia	US
S3-814533832	Community Services	1119  Budlong Street, Carthage, Missouri	US
S3-623642708	ZL Products Private	Bangalore, Agara, 33 Carmelaram Chikkabellandur, S8, KA, Bangalore	India
S3-891744020	Rkm Engineering Infratech Ltd	017/A/44, 2Nd Floor, Punjabi Bagh West Near Rohtak Road, West Delhi, Delhi, DL	India
S3-169003647	bieshorizontinto.com #94470	7500 Hunters Mill Rad, # APT J, Blacksburg, Virginia	US
S3-258651248	Martir Adriena MD M.D. P.C.	868- Mission Drive, Nashville, Arkansas	US
S3-389813891	Solutions Fusion	Office No O-02-0 2Nd Floor Amanora Ascent Avenue, Pune City, Pune, महाराष्ट्र	India
S3-650180293	Dr Fortune Foundation Public Limited	Dharwar, No 2B/23, Hubballi, KA	India
S3-942971216	-- Anvil Tech Private Ltd	96/A, Mallinath Prabhu, Odhav Co Op H Soc Ltd, Adinath Nagar, Odhav, Ahmedabad, ગુજરાત	India
S3-357494494	The Greenberg's Deli Inc	18150 Highway 281, Hico, Texas	US
S3-631379907	Rishabh Polytechnic [LLP]	37 A, F/f Shahput Jat, South West Delhi, South Delhi, DL	India
S3-486135417	Convex Vetnurns Private Limited	C-601, Ahmadabad City, Ahmedabad, GJ	India
S3-752484836	Mangalore Consultants	1/11690 (A29) First Floor Panchsheel Garden Naieen Shahdara, DL, North East, Delhi	India
S3-77444977	Kristien Warnock Piedmont Drugs Northside Llc	5430 Devin Court, N/A, Goshen, Ohio	US
S3-978119738	Scholarship Institute Inc	1126 Waugh Road, Mount Vernon, Washington	US
S3-265792133	#internationalfood	Cts No15840/175 Plot No3, Aurangabad, महाराष्ट्र	India
S3-874954959	Satya & Brothers Overseas Private	Building No. A-8a3, Samarias Centre Pmg Junction Pattom Post, Trivandrum, Keralam	India
S3-476280808	FBY Institute	Flat No. 806, Cressida 2, Apollo D B City Nipania, Vijay Nagar, Indore, MP	India
S3-860531453	Northern Custom East, [LLC]	132 Coontown Mountain Rd, Edmeston, New York	US
S3-818235228	Ravika Private Limited Center	Nethra Foundation, Eye Hospital, Chungam, Thamaracheri Po, Kozhikode, Calicut, കേരളം	India
S3-937163510	Dr Barasat Welfare Society LLP	248, Dheeraj Heritage, S. V. Road Santacruz - West, Mumbai, Mumbai City, MH	India
S3-35724067	New Delhi Retail Company	New Delhi, L/p Basement, Arjun Nagar, Kotla, Mubarak Pur, Shop No. 824, DL, New Delhi	India
S3-430220675	Ferreira Heritage Pbc Corp		US
S3-146519772	Varshim Ip Public Ltd	No 23 S/o.sk. Mujibar Rahaman, Haroa Road Relgate, Hadipur, Deganga, Parganas, Parganas North, WB	India
S3-176929729	EH Management Private  Limited	Xxiv/532, 2Nd Floor Meda, Opp Dlf Nth, Seaport - Airport Roa, D, Kakkanad, കേരളം	India
S3-128681471	Global Choalin VI Corp	Montana, 194 Airport Court, Great Falls	US
S3-341767588	Sterling Talent Dynamics [Clinic] | www.sterlingt.com	#808 Hickory Saint, Mound Valley, Kansas	US
S3-317047386	Empire Investments,  (LLC)	5145 45, Auburn, Indiana	US
S3-578900399	હાઇટેક કન્સ્ટ્રક્શન લિમિટેડ	102, Panlee Complex, Navrangpura, Ahmedabad, GJ	India
S3-926795138	Suswani Consultancy Infratech	Office No 940, Pune, MH	India
S3-69377277	Farrah Callaghan Certified Optics Ltd	7455- Axton Rd, Axton CDP, Virginia	US
S3-674286542	Midwest Fund	419C Patton Mountain Rd, North Carolina, Asheville	US
S3-55480489	Noviel Associates PC	2646 Shady Cedar Court, Conroe, Texas	US
S3-773685332	Mills Metro Services	1722 Plantation Place, Baytown, Texas	US
S3-188489616	Baptist	248 Amherst Road, Unit 7C, Sunderland, MA	US
S3-518491312	Ear Nose & Throat Partners Center	19941 Gale Avenue, Fl. 9624, City Of Galesville, Wisconsin	US
S3-150255881	Reedy Grade Corp	Arizona, 4602 Monte Way, Phoenix	US
S3-335524182	Medina Ssrk Northside (Inc)	1522 Tallyho Trl, Carrboro, North Carolina	US
S3-991164656	Potts Gesher Inc.	282 Landings Dr, Amherst, New York	US
S3-134389167	Pvt Vijay Tading Ltd	Village Gawaloo Via Khajwana, Tehsil Mundwa, RJ, Nagaur, Jato Ka Bas	India
S3-134596347	>> Maniyar & Sons Public Ltd	B/204, Mumbai, Mumbai City, MH	India
S3-245925174	@trinitymethodist	1346 Morse Hill Road, null, East Dorset, Vermont	US
S3-308631484	Cooley  Rockwool	Van Buren, 2020- Wisteria Lane, Arkansas, PO Box 1309	US
S3-377075780	Noida Funds Public  Limited	Af-015 P1, Golf Link-1 Greaternoida, Noida, Gautam Buddha Nagar, उत्तर प्रदेश	India
S3-811089242	Sai Impex Prívate (Limited)	3-6-770/2, Himayatnagar, TG	India
S3-645366582	Zesanet ([International])	34 Sylvan Lake Road, Hopewell Junction, New York	US
S3-70772577	Ram Private Limited Services	H.no 967 Chandrajit Singh Gautam Nagar, Varanasi, UP	India
S3-844429127	Huddleston's Express Digital Co	002121 Meadow Way, Manitowoc, Wisconsin	US
S3-852630510	Future Technologies-Private  Limited	D/09, Shanti Smruti Building, Near Gass Church, Gass Post. Sopara, Tal. Vasai, Dist.palghar, Thane, MH	India
S3-126814903	Tavoriza née Youth Project	MD, Rosedale, 9545 Devonwood Court	US
S3-347828486	Dream Global Healthcare  Private	G 11/6, Karunamoyee Sector Ii, Saltlake Calcutta, Saltlake, North 24 Parganas, WB	India
S3-816619935	Dasilva Corporation  of Odenton	904 Brigade Way, Fl. 0, Odenton, Maryland	US
S3-69294053	Shri Esteem  Trust	2 Kaibartapara Baburani Para Part Bhatapada Jagaddal, Parganas North, WB	India
S3-75501571	Vishkarma (nbdla)f Private Limited	Flat No-d-205 Maruthi Elite, Hyderabad, Andhra Pradesh	India
S3-891974253	Maa Pówer LLP	Afof87 4Th Floor Sec 16B, Gaur World Smart Street, Gautam Buddha Nagar, उत्तर प्रदेश	India
S3-184791326	LY Contlso PLLC	540 2282, Glenwood, Alabama	US
S3-752084550	Smt Huge Téchnology Group (LLP)	No ##95 Residency Road, B'lpre 25, Bangalore, KA	India
S3-397060466	Dianna Ayala, DPM LP	3 Teak Terrace, Wilbraham, Massachusetts	US
S3-490042878	T 3 3 Bright Bain Llc	59 Dahlia Lopo, Yellowhill, North Carolina	US
S3-605330679	Peninsula Ágro Limited	Hn D/668 'Melaram Complex23 Wallers Road Madras, Chennai, Madras, TN	India
S3-128967763	téchnologyprivatess.com	#1164, Central Delhi, DL	India
S3-91520603	Asha Computers Group LLP	#81 Alay Vatika, Rajkot, ગુજરાત	India
S3-234850774	Green, Fowler and Hasan	1580 Kirkwood Dr, null, Geneva, Illinois	US
S3-50904784	Pegeen E. Linares, D.O. Corporation	602 1200, South Ogden, Utah	US
S3-514183445	Ky Services	805, Mumbai Ii, Mumbai, MH	India
S3-84765055	Detech Summit Soed Inc	110 Veterans Pkwy, Yorkville, Illinois	US
S3-493173392	Smith, Dallas  & Johnson Taxable, Inc.	140 Carson Street, Sparta, Tennessee	US
S3-899810013	Ariadova One formerly Wallace & Swick Jaws	322 Woodland Avenue, Columbus, OH	US
S3-442092576	Sessoms, Tehompon & Wittig Stardust LLC	12148 Waco Avenue, Glenpool, Oklahoma	US
S3-455841462	Media Solutions	Shri Mishri, South West Delhi, DL	India
S3-484186399	Urology Center	Scott Depot, 107 Saunders Additon, West Virginia	US
S3-896453517	Ridge School Services	15588 Merrill Avenue, Fontana, California	US
S3-203115037	complete complete food	1757 Boston Cir, Fl 1, Chandler, Arizona	US
S3-849069583	Webb, Hoffman and Gildner Vision Center LLC	Oregon, Hermiston, 39629 Noble Rd	US
S3-880255200	Saint Church Community	1777 Georgetown Farm Road, PO Box 2144, Albemarle County, Virginia	US
S3-479142569	Kirti + Partners Private	No 4Th Floor, Office-419-420, Zenon, Nr. Kiran Moters, New Civil Road, Surat City, ગુજરાત	India
S3-966885548	Clea-Zavala Clea-Zavala Blackstone, LLC	49 Summitt Road, PMB 3931, Vonore, Tennessee	US
S3-236963537	Urban Healthcare	Plot No.415 Modern Industrial Estate, Part-A, Bahadurgarh, Jhajjar, Haryana	India
S3-345210508	माय फाउंडेशन प्राइवेट लिमिटेड	Polt No-15a., Faridabad, HR	India
S3-57520827	Vasai  West (india) Private Limited (ID: 9741)	D-00301, Lodha Woods Arcade, Sandor, Near Cardinal Hospital, Vasai West, Thane, MH	India
S3-500280896	Vesu Holdings Group Inc	Kingston, New York, 29 Franklin Street	US
S3-854937592	(Harbor) Diana Group Wilson	1425 Powells Tavern Place, null, Fairfax County, Virginia	US
S3-952391586	JUBILEE HILLS HYDERABAD - 33. SOLUTIONS PRIVATE LIMITED	#1345Road No.68, Jubilee Hills Hyderabad - 33., Hyderabad - 33., Andhra Pradesh	India
S3-469056532	Valley Council	10960 Pinon Ave, Hesperia, California	US
S3-194384041	Quobrix	4608 Commodore Dr, Stoow, Ohio	US
S3-245670396	Zelma Foote Direct	1105 1/2 Surry Lane, Gastonia, North Carolina	US
S3-962558885	Suresh & Brothers	4735/11, New Delhi, Central Delhi, दिल्ली	India
S3-309502235	Barbee Bíologics Inc.	415 6th Street, Eloy Township, Arizona	US
S3-907956145	Ileana Downey Complete Holding L.L.C.	711-713 Locust Pointe Pl, Louisville, Kentucky	US
S3-876428341	LLC Frederick, Kalrttla, DDS, P.C.	429 5 Street, null, Steubenville, Ohio	US
S3-234202320	Tech Center	Door No 048, Vasant Smruti Co-operative Housing Society Li Mited Off W/e Highway, Thakur Complex, K, Andivali (East), Mumbai, MH	India
S3-753207574	Rmb Foundations	KA, B-138/b	India
S3-805645329	Mr Kalyani Colonizers-Private Limited	Off No. 503, Pl No. 23, Hari Heights, Sector 09, Panvel, Raigarh(mh), MH	India
S3-498154147	Ncx-Llp Partners	29, Kolkata, WB	India
S3-973602262	riup.com	7113 Carwill Drive, Austn, Texas	US
S3-925764804	Agro Vsaanti Kalyan Limited	No B3/57 3Rdfloor Blkc Mehendru, North, North West Delhi, दिल्ली	India
S3-285481739	Gerrity and Davis Wintergreen		US
S3-864169743	Noviwex née Noce and Fay Inc.	3291 Leeth Creek Road, Waverly, OH	US
S3-639312377	V  A Garcia Bankshares Group		US
S3-780198750	Cunningham & Freean (Inc)	3932 Ridgeview Way, Taylorsville City, Utah	US
S3-762385815	মা ইনফ্রাস্ট্রাকচার প্রাইভেট লিমিটেড	28E Pottery Rd, Kolkata, WB	India
S3-331240668	LLC Piedmont Noble	Tulsa, 5005. 168th Ave East, Oklahoma	US
S3-835822907	Ravindra Realty LLP	Salt Lake City, Parganas North, 9Th. Floor, Plot No. 51, Block Dn, Sector V, পশ্চিমবঙ্গ, No. 107. Office Space # 913	India
S3-354457674	Tavoyuma	B-00101, Ridhi Sidhi Comple, M G Road, Borivali (East), Mumbai, Borivlai East, MH	India
S3-360201328	Summit Rocky  West Inc	32 Barnard Drive, Newington, Connecticut	US
S3-266701390	Sonu Urban Private	6/89, Delhi, New Delhi, DL	India
S3-686567177	Scholarship Services	San Pierre Road, San Pierre, Indiana	US
S3-677635753	Urgent Care Héalth	2540 Maryland Avenue, PMB 2235, Phoenix, Arizona	US
S3-519506528	EPE  Buildcon Private Limited	Plot 364 276, Bengaluru, KA	India
S3-438973414	Mrinal Solutions Pvt.	Ghanshyam Chamber, End Of Subhash Bridge, Ashram Road, Ahmedabad, Ahmadabad, GJ	India
S3-37877993	Howard Holdings	6318 1/2 Raven St, Chicago, Illinois	US
S3-402136639	Hector, Akerman &		US
S3-170220355	Sandie's Staffing		US
S3-887883235	fastlane technovations infratech limited	909/6 Opp Hotel Meghdootlokhand Bazar Sarangpura, Ahmedabad, GJ	India
S3-487435863	Kshitij Ore Private	33/ Ns Roadps Hare Street 758 Marshall House, Kolkata, Calcutta, WB	India
S3-865555337	Cornerstone  Inc	127 Hillcrest Rd, Maggie Valley, North Carolina	US
S3-228779934	Urban Studio ((Hair))	4319 Hunters Glen, Memphis, Tennessee	US
S3-777761405	gutierrezurquhart.com	1221 1/2 Bristol Ave, Ashtabula, Ohio	US
S3-438033659	Board of Public Works Corp	Concord, null, 12906 Heathland Drive, Tennessee	US
S3-623393251	एपेक्स फाउंडेशन लिमिटेड	831 C-5, Chemical Zone, M.i.d.c.kalyan Badlapur Road, Mumbai, Amernath (West), महाराष्ट्र	India
S3-255021429	Hesther Harden Golden Choice	2027 Elk Creek Rd, Delhi, New York	US
S3-161772869	silverenterprisescom	Room No.50, Mannady, Chennai, TN	India
S3-871572014	Smith & Davidson Corp Services	2556 Forest Retreat Rd, Berne Twp, Ohio	US
S3-114218815	Gls Kitchen Pvt. Ltd	Block A-122 8/1104, Rajiv Gandhi Bypass, Ernad, Malappuram, Malapuram, കേരളം	India
S3-985064525	New Vnegotues Limited	1035/26, Chintamani, Ashtavinayak Chs Ltd Nearshitladevi Mandir, Versovaandheri (W), Mumbai Metro, Mumbai City, महाराष्ट्र	India
S3-430777024	Rote Pet	307 St Rte 29, Celina, Ohio, <NULL>	US
S3-756880036	Sri Novex  (India) Chit Associates Limited	401-40, 04Th Floor, Angel Mega Mall Plot No. Ck-1, Kaushambi, Ghaziabad, UP	India
S3-474237833	Sg International (School)	उत्तर प्रदेश, Kd/##91 A Kavi Nagar, Ghaziabad, Rae Bareli	India
S3-590376973	One Producer Private  Limited	A 5-403, New Delhi, South West Delhi, DL	India
S3-183306141	High Point-Enterprise Care Co	168 Wyndham Ct, High Point, North Carolina	US
S3-101401588	News Lfie Pvt-Ltd	Saraswati Puram B, Jnkp Vistar Madiyaon, Lucknow, UP	India
S3-294175661	Foley-Biopharma	6120 Braxton Rd, Hope Mills, North Carolina	US
S3-438299883	Group Urology Care	20821c 27th Ave, # 2081, Phoenix, Arizona	US
S3-411186512	एसएस बिजनेस प्रा. लि.	Door No 10-Thakur Nivas 2Nd Floor173 J Tata Road Churchgate, Thane, Mumbai, MH	India
S3-18145102	Value  Gulf Bciceho LLC	4727 Neely Rd, Memphis, Tennessee	US
S3-539489885	लाइफ प्रोड्यूसर प्राइवेट लिमिटेड	House No-2461 Basti Punjabian Subzi Mandi, New Delhi, Shakti Nagar, दिल्ली	India
S3-283639661	Pnnl	598 Mckeithen Pl, Millbrook, Alabama	US
S3-536018840	Historical Historical Institute II Partners		US
S3-204699712	Sasvat & Co Cómpany	KA, No ##234/3 5Th Main Cbi Road Gangenahalli R T Nagar, Bangalore	India
S3-190945088	Fath Restaurant	05 Tenth St, Kansas CTY, Kansas	US
S3-179395488	Inc Gonzalez Automobile	9222 425 W, Knightstown, Indiana	US
S3-638280616	Sri Matrix  Tradelniks	Rectifier House570 Naigaum Cross Road Wadala, Bombay, Mumbai, महाराष्ट्र	India
S3-361312405	Delta Retail Corp		US
S3-971786887	... TOTAL PLATINUM PONY LLC	168 Eagle Crest Trail, Nogal, New Mexico	US
S3-773577749	Lumarc dba Juniper LLC	124 Belle Rive Drive, Millington, IL	US
S3-810225600	LLC Meridian	##2180 Prospector Ct, # 3714, Bowling Green, Kentucky	US
S3-624125246	814-815 South South Owners	Forest City, North Carolina, 218 Lovelace Road	US
S3-687031428	Layden, Pearle E., DO, P.C. Holdings	006847 Bug Creek Rd, Cottton, Minnesota	US
S3-733099800	Achyut Private Limited Service	533, Pati Faliya, Village Padamdungari, Surat, Tapi, ગુજરાત	India
S3-180671729	Manak Consultancy Pvt. Limited	R1- No. 2408 Ishwarikria Complex, Katani, Katni, MP	India
S3-956099461	Jasper Partners Service	429 Front Street, # 522, Columbus, Ohio	US
S3-728619888	cc0rnerstone.com	Washington, 240 Eckert Rd, Grapeview	US
S3-464415151	Castelan's Consultants Valley	201D Hickory River Ln, Trenton, North Carolina	US
S3-749042616	Classic Mortgage Works LLC	12739-12743 Mcdowell St, Le Grand, California	US
S3-121597783	National Investments L.L.C.	6641 Virginia Lane, Bessemer CDP, Alabama	US
S3-214801883	housingalliance.com	617 Carbon St, Syracuse, New York	US
S3-149498030	Ramjeeganeshcom	H-3/99 G/f Vikash Puri, Delhi, Bodela, DL	India
S3-684626203	Sardana Quant Private	Vill Chorauan, Muzaffarpur Region, बिहार	India
S3-110844528	Smt Gsanaptit and Co #56067	H.no 546 Lecel 5, Pune, महाराष्ट्र	India
S3-153710260	2626 Second Court [Services]	N/A, Ohio, 19381 Story Road, Rocky River	US
S3-686447273	Drayent Home Llc	Blossom Ln, Richardson, Texas	US
S3-243760796	Benetta Lyerly  Royal Australia Eastgate LLC	0036005 Wilderness Shores Way, Locust Grove, Virginia	US
S3-952040915	सन इंफ्रा	F-387 F-387, Transport Nagar, Lucknow, UP	India
S3-408983178	precision wireless group	##207 Barnes Creek Rd, Hall, Montana	US
S3-781256809	Bhadra Métals	Joshi Tower, Amritsar, PB, Opposite Amar Jyoti School, Near Sadar Thana, Amritsar	India
S3-565118056	Real Constructions Motors Private Ltd	J-250/f Paharpur Road, Roy Para Lane Lp 6/2, Kolkata, Howrah, Kolkata, WB	India
S3-997229438	Deva (Irddci) Junction Private Limited	''Kishoregarden, Karur, Kathaparai, தமிழ்நாடு	India
S3-852057665	Smart It Private Ltd	1-123, Netaji Subhash Road Narendrapur, Kolkata, Kolkata, Howrah, WB	India
S3-868149099	Jeanne Chin Heritage Staffing,	Paulding, Ohio, 011512 Rd 114	US
S3-246343643	Pi Technologies Limited Private	Cts No.15848/124, Aurangabad, Akashwani, MH	India
S3-510086166	Developers At Resources	No308 Ishwar Society, Mumbai, MH	India
S3-435423320	Delta Fellowship LP	#814 Circle Drive, Terrell, Texas	US
S3-992816614	Longshoremen Union Local No 803 Inc.	315 First St, Hue, Illinois	US
S3-268564191	Dixon & Trim Xsolla Associates Ltd	1809-A Chester Ave, Abington, Pennsylvania	US
S3-689406849	Private Admit Analysis [Limited]	New Delhi, Kh No. 865-866 Village-bhati, DL, West Delhi	India
S3-668091884	Raso and Vanderpool		US
S3-713198385	Surgical  Health	#406 Dickson Street, Fayetteville Townshp, Arkansas	US
S3-413822756	స్కై Industries ప్రైవేట్ లిమిటెడ్	Sy ##11, We Work Krishe Eme, Rald Kondapur, Shaikpet, Hyderabad, TG	India
S3-196352400	North Unified Holding Clinic East Co	Algonquin, Illinois, 619- Sandpiper Court	US
S3-900131811	M/s Archna Co	##31, V Main I Block Koramangala, Bangalore, KA	India
S3-159636646	Cornerstone (Inc)	127 Hillcrest Road, PMB 3922, Maggie Valley, North Carolina	US
S3-55417377	Mr Heart Pvt Ltd 5ervices	Sneh Vishwa Palace, Sector 1, Plot S 13, Pune-nashik Highway, Indrayani Nagar, Bhosari, Pune, Pune City, महाराष्ट्र	India
S3-944903037	Judd Rock LLC	1539 Windsor Dr, Charleston CDP, West Virginia	US
S3-611571250	6ermana Ott Select Oyj Corp	3111 Serenity Hills Dr, Jonesboro, Arkansas	US
S3-785196476	Viokelo Sys formerly Yatharth Routes Corp	42/27, Ground Floor, Daga Colony, Kolkata, Kolkata, Howrah, West Bengal	India
S3-412478805	bellbluewisconsin.com	543 7rd St, Niagara Falls, New York	US
S3-197338591	Classic-Property Company Partners	347 Hill Street, PO Box 1482, Lewisburg, Tennessee	US
S3-486734983	Office of Buildings Corp	Walnut Street Rd, Springfield, Illinois	US
S3-336980923	great family office p.c.	1260 10rd Street, Lakeview, Oregon	US
S3-963643040	L.L.C. Reed Net	1937 S 30th St, PO Box 2165, Lousiville, Kentucky	US
S3-294708759	gr0up (i) wcc	Plot No. 10, Block No. 6 Ff, Right Side, Spring Field Colony, Sec, Tor-31, HR	India
S3-464184137	Bernette's Partners Llc	3359 Terry Lane, Enumclaw, Washington	US
S3-158304607	Keya  Livelihood Pvt	Block G-423 Marvel Cascada, Pune, MH	India
S3-694306505	Shubham-Consultancy Pvt Ltd	H.no 8 & 9, Allahabad, उत्तर प्रदेश	India
S3-742289065	Keysatne Tge LLC	160 Daimler Drive, Maryland, Capitol Heights	US
S3-670359773	Surat City Pharmaceutical  Private	No 2/837 Gr. Floor, Surat, Surat City, GJ	India
S3-581964611	Carlin'S (Investments-Inc)	Old Steamboat Road, Lee, Maine	US
S3-785437231	Ganet Capital	305 Houston St, Royse City, Texas	US
S3-988810665	யுனைடெட் இன்ஃப்ராஸ்ட்ரக்சர் எல்எல்பி	104, Hig-iib, 4Th Main Road, Mogappair West, Chennai, TN	India
S3-944664135	Golden Blackstone LLC Services	1210 22st St, Bismarck, North Dakota	US
S3-582549192	Cadle and Stine Inc Partners	703 South St, Clinton, Illinois	US
S3-12920964	Center Center Western	Indiana, 1042 1/2 34th Street, Indianapolis	US
S3-343550046	Young Coastl	Indiana, 3111 Fisher Rd, Indianapolis	US
S3-666181384	QR Cable Private	3/2 Vkv Nagar, Nggo Colony, Nggo Colony, Coimbatore, Coimbatore North, Coimbatore, TN	India
S3-188444839	India Behala Ltd [Services]	AP, Krishna, Vijayawada (Urban), 60-20-4	India
S3-702017781	Shree Éngineering	C/o Durga Ghosh Kalachara, Chanditala, Hooghly, Kolkata, পশ্চিমবঙ্গ	India
S3-674677771	Christmas Páyments Northside	6771-D Cramel Drive, Marion, Illinois	US
S3-918743254	Lara Assets Assets	2757. Tremainsville Rd, # 320, Toledo, Ohio	US
S3-552897261	Abalone-Corp Trading	H.no 4 Brunton Road, Bangalore, KA	India
S3-82448264	Limited Laxmi Services Center	Flat No A3-404, Mahadkar Residency, Paud Road, S.no. 101/2, Right Bhusari Colony, Kothr, Ud, Pune, MH	India
S3-717680612	Rozalie Curtri Star Auto LLC	Charred Oak Ct, Lillington, North Carolina	US
S3-539443980	Services  Thunder Textiles Private	273, Srinivasa Nagar, Kithaganur Main Road, K.r Puram, Bangalore, Bengaluru, KA	India
S3-840993671	mathildemcnabhorizon.com	Farington Rd, Wichita Falsl, Texas	US
S3-554312555	Clyola Nhuenrger Group	21 Elm Ln, Westerlo, New York	US
S3-916244978	Mr Manha  Leaf Ltd	Door No 158 14/345, NULL, Thalassery, Kannur, KL	India
S3-755865110	Ariariza f/k/a Keystone Marketing Associates LLC	535 Alpine Drive, Killington, VT	US
S3-875976353	Ram Estate Private Ltd	00202, Saaket, Usha Colony, Khandelwal Layout, Malad (West), Mumbai, Mumbai City, MH	India
S3-933271472	cherthalafashion.com	Building No 19/43 C, Cherthala, Alappuzha, കേരളം	India
S3-42092143	Surya Consultants Of Acmoeabad	403, Ahmedabad, GJ	India
S3-222925142	Vanna's Dmesn	225 Northgate Boulevard, Sacramento, California	US
S3-738328936	Bivue	7556 1050, Milroy, IN	US
S3-244353803	Russell Continental Onfolio	Bloomfield Road, Valley View, Texas	US
S3-603220880	Kelly & Olson Inc. Services	Oak Tree Ln, Plainfield, Illinois	US
S3-359536643	Dr Smg & Holdings Services	Hyderabad, Fribzi Dattasri Towers Engineers Colony, Yellareddyguda, Door No 416, Hyderabad, తెలంగాణ	India
S3-617849200	Youth  Council	31 Greenbriar Dr, Gates, New York	US
S3-880302474	Fawn Jimenez-Piedmont Mercator	Hereford, Arizona, 914 Galahad Ln	US
S3-411749064	Dr PEGASUS SANGH LLP	No 6/9 Khushi App., Gf-8, F/no-d/5, Rabindrapally, D B Nagr, North 24 Parganas, WB	India
S3-303022142	Liberty 5ociety P.C.	##1876 Larchmont Road, Akon, Ohio	US
S3-300070354	Pioneer (Energetics)	1079 Coldstream Dr, Burlington, North Carolina	US
S3-830410585	Environmental Initiative	##866 14th St Northeast, Cedar Apids, Iowa	US
S3-946195194	Billups Iron	1708 Red Clover Street, Holmen, Wisconsin	US
S3-953254036	Heim Services	213 Archer Avenue, Unit APT 3A, Colonial Heights City, Virginia	US
S3-415335938	Sri North Logistics  Pvt Ltd	C/o Kusum Lata Devi Vill Sirirampur Tola Srirampur, बिहार, Patna, Bihta	India
S3-901828542	Orthopedic Inc Service	4225 1/2 Alabama Saint, Houston, Texas	US
S3-759663906	Liberty Wrlwdide Harbor Inc	5667 Kings Ave, Scottsdal Ecity, Arizona	US
S3-950347431	FGF Interior Pbmrvet Limited	Cc 3031/32 Bharat Diamond Bourse, G Block Bandra Kurla Complex Opp. Nabard Head Office, Mumbai, MH	India
S3-71738679	Odette's Digital		US
S3-166164627	Global Cashaie Staked LLC	2207 Excel Drive, Killeen, Texas	US
S3-580335535	Cox, Alaniz & Bryson L.L.C.	New Mexico, Tos, 928 B Calle Del Llano	US
S3-702637165	Howell Midwest Activate LLC	106 Chaparral Cir, Wimberley, Texas	US
S3-608709513	Wilt's Analytics Corp	Colorado Ave, Aurora, Illinois	US
S3-318555372	Rodriguez, Beland & Jckson  Inc	0812 Greenfield Road, Fl 0, Grants Pass, Oregon	US
S3-503563694	Tayl0r and Williams	16643 Wintergreen St, Andover, Minnesota	US
S3-416088379	Reliable PLLC Factory	1620 47th St, Fl. 0, Kansas, Wichita CIY	US
S3-90360043	A Cure 6 IT Co	11890 Pasco Rd, Apple Valley, California	US
S3-362197035	ओम लॉजिस्टिक्स प्राइवेट लिमिटेड	DL, Door No 309 3Rd Floor Plot No.2, Vardhman Crown Mall Sec19, South West Delhi, Delhi	India
S3-200684559	Super Technologies  Engineering Private Limited	Flta No 409., Mumbai, महाराष्ट्र	India
S3-526774472	Hennon, Medina & Holloway Bancshares	52 Huckins Neck Rd, Centerville, Massachusetts	US
S3-22278582	Timber Food	8975 E Ringgol-Fairfield Road, Crcleville, Ohio	US
S3-744986958	Slate  L.L.C.	24 Turning Mill Road, Lexington, Massachusetts	US
S3-882252107	privatefoundationsader.com	No 422, Badgo, Sader, Gorakhpur, UP	India
S3-611301831	ઇન્ટરનેશનલ ફૂડ પ્રાઇવેટ લિમિટેડ	Door No 6/1919, 3Rd Floor, Office No. 302, Prayosha Apartment, Jadakhadi, Mahidharp, Ura, Surat, GJ	India
S3-651291461	Gildmira DBA Sunrise Consultancy Private Limited	Temple Tower, 6Th Floor No.672, (Old No.476), Anna Salai, Nanda, Nam, Chennai, Tamil Nadu	India
S3-218087372	LLC Roberts Iantegtraed Trust	520 Harper Ave, Unit 2821, Auburn, Alabama	US
S3-633920004	Smart Aditya Ltd Pvt Developers	Pune, Haveli, MH, G-671 G.no. 1141(P)	India
S3-686734042	TORRES PEDIATRICS LLC (ID: 79851)	Willow Street, Mansfield, Massachusetts	US
S3-423982371	Little-Bike Shop Inc	West Virginia, Logan, 51 Pine St	US
S3-248326471	Elevated Ventures Private [Limited]	Designarch E Homes, Noida, उत्तर प्रदेश, Block F##1 Room No 904, Gautam Buddha Nagar	India
S3-3126448	Leon Signature Boutique Metro Inc	403 Maple Street, Winfield, Iowa	US
S3-53304743	Humphreys Unified Red	5011 1/2 Westfalen Ct, Suffolk City, Virginia	US
S3-649074748	privateperfectbros.com	C/o Daudayal Ramchandra Rathi Buddha Marg, Indore Region, Khachraud, मध्य प्रदेश	India
S3-937347839	Surgical Corp Medicine,	2214 Old Brick Road, NULL, GLEN Allen, Virginia	US
S3-591182146	Adityagreenengineering.Com	#430 Tc 6/1564-3, 2Nd Floor, Mg Commercial Complex, Thiruvananthapuram, Thiruvananthapuram, Trivandrum, KL	India
S3-143273381	Namakkal It Private Límited	Floor, Bangalore, Bangalore Rural, KA	India
S3-419505021	Fiex Inc Pártners	4031 Alex Lane, Carmichael, California	US
S3-303517764	Drexdelta Sys DBA: J 4 Direct Occupational Therapy Inc	21510 Tallow Grove Lane, Katy, TX	US
S3-986658752	Trading Wan Upscale Private  Limited	00302, Palghar, Thane West, MH	India
S3-29465666	GLOBAL ENGINEERING SOLUTIONS EASTGATE INC	122 Shady Avenue, Bentleyville Borough, Pennsylvania	US
S3-69478476	ഹൈ ശ്യാം ബിൽഡേഴ്സ് പ്രൈവറ്റ് ലിമിറ്റഡ്	Kozikode, Kozhikode, 5-62/1963/B12, കേരളം	India
S3-981555741	Montiq (Biotech)	May Ln, Davenport, Iowa	US
S3-598924845	Fortune Services Private (Limited)	A-104, New Delhi, South Delhi, DL	India
S3-754054662	Certified Chemical (Labs)	2885b Fm 2191, Falfurrias, Texas	US
S3-693748864	Interfaith Guid III		US
S3-432637288	Metro Airport	1840 Tallyrlnd Road, Wichita, Kansas	US
S3-836283243	Shiva Cnosendhbitng	299, At Post- Nimgaon Jali Taluka- Sangamner, District- Ahmednagar, Ahmednagar, MH	India
S3-296084531	Incorporated Heritage Talent Digital	721 Riverisde Ave, <NULL>, Santa Cruz, California	US
S3-602483383	WON Foods Pvt. Ltd.	Gut No.104, Shop No G 11, Om Paradise, Near Renuka Mata Mandir, Beed Bypass, Chhatrapati Sambhaji Nagar, Aurangabad, MH	India
S3-74583378	राज एस्टेट प्राइवेट लिमिटेड	56/A 3Rd Floor, Malviya Nagar, New Delhi, DL	India
S3-793421437	Bedynis  Inc	Wisconsin, #N7450 15th Avenue, Town Of Germantown	US
S3-426078813	Premier Security	1921 Seventh Saint, Wichita Falls, Texas	US
S3-236577589	Coastal Meshflow, [L.L.C.]	7200 Standsih Ct, N/A, Fayetteville, North Carolina	US
S3-899603212	M/s adamfarmer.com	Plot No.58, UP, Hardoi, Ghaziabad	India
S3-294376645	Lewis Produce,	40D Park St, Stoughton, Massachusetts	US
S3-227155621	Platinum Learning Entarprbses-LLC	189 Parkstone Dr, Fraziers Bototm, West Virginia	US
S3-899093912	Nails Dent The Harbor	470 Falcon Ln, Leander, Texas	US
S3-561246880	happy deli!	Shoreline, 1619 169th St, Washington	US
S3-666045910	Bright + LLP Associates	C/o Lilawati, Sakaldiha, Chandauli, UP	India
S3-45489826	Koenig's Premier	100, Provo, Utah	US
S3-58464681	partners family center,	3201 Mraket St, Hannibal, Missouri	US
S3-512889798	Hamsa Memorial Trust  Holdings Partners	No 20, Gracia Apt., Snehlataganj, Indore, MP	India
S3-640678011	LLC Christ Chúrch	Pinedale, Arizona, 1078 Jackson Lane	US
S3-23511732	Hartland First Top	1870 Airport Rd, Willcox, Arizona	US
S3-91498434	A Cure 3 IT Valley	7417 Adele Dr, Virginia, Norfolk City	US
S3-949980923	show advanced fashion llc	Virginia, 280 B Merrimac Trl, Williamsburg City	US
S3-214660836	Allied  Tidewater	617 Jefferson St, Toluon, Illinois	US
S3-719834097	Behavioral Health Tf-itScdtate Group	323- Cockleburr Road, Dyersburg, Tennessee	US
S3-541751359	Fu, Emmert & Pérkins Oaktree	Oregon, <NULL>, 01710 Mount Hood St, The Dalles	US
S3-768204902	Shiv India  Private Ltd		India
S3-786914043	M/s Chamundeshwari & Sons Limited	1, Gurugram, Gurgaon, HR	India
S3-484517404	Southern Dream Private		India
S3-260574823	Morris-Berto Freeman & LLC	11111 Lincoln Avenue, null, Garfield Heights, Ohio	US
S3-548360714	Nima Mills Private Ltd	Door No D/36, 2Nd Cross, Balagangadhar Nagar, Veera Thimmappa L/o. Kengunte, Bangalore South, Bangalore, KA	India
S3-54144569	West Patel Limited  New Delhi Chit Nagar	West Patel Nagar New Delhi, I-64, New Delhi, DL	India
S3-824461858	FS Life Limited Center	Ward No-26, Sundargarh, OD	India
S3-164476697	Bloomfield Children's Council LLC	475 Dawn View Heights Court, Bloomfield, Indiana	US
S3-374900519	2616 Main Sfctt H0ldings	814 Peggy Sue Drive, <NULL>, Lenna, Illinois	US
S3-404336005	The Quirk + Nolasco Reserve	151-155 Zuni River Circle, LOS Lunas CITY, New Mexico	US
S3-417703810	Dovagild Co formerly Cornerstone Advanced Association, LLC	134 Ewing Avenue, South Bend, IN	US
S3-119500627	XW Advantage	100 Leiws Dr, Millersville, Tennessee	US
S3-746193876	Atlantic Foundation  Riverside Inc	439 Brownsville Loop, Lonoke, Arkansas	US
S3-293020012	Zodiac Infra Limited Private	Plot No-153, First Floor, Industrial Area, Phase-ii, Panchkula, हरियाणा	India
S3-298608240	India Aditya Aditya Technologies Pvt. Ltd.	C/o Jyoti Sadan Hn 67 Near Sai Medical West Lohanipur, Patna, BR	India
S3-596778197	Apple Sangh	Shop No.##11, Bldg No.5, Malad Chs. Ltd Poddar Road, Malad East, Mumbai, MH	India
S3-419537998	Horizon  Vanguard Yield	2011 Polk Barron Street, Town Of Johnstown, Wisconsin	US
S3-511956955	Urgent Care Partners	1634 Prairie Ave, Unit 4, Chicago, Illinois	US
S3-263850453	Zuniga Tabbert &	595 Waterlot Court, Florence, Kentucky	US
S3-891238616	Galaxy Inaf Pvt Ltd	H.no 157 Netaji Subhash Roa Roomno.273 4Th Floor, Kolkata, Calcutta, WB	India
S3-390556129	Virgina Yang-Ridge	Illinois, Chicago, 6641 1/2 Artesian Avenue	US
S3-813523172	CREATIVE SOFTWARE PRIVATE LIMITED	Koshti Galli, Jalana, MH	India
S3-139171577	#bartostop	9059 Senca Dr, Wilmngton, North Carolina	US
S3-178506648	LLC Wildlife Highland Society	1617 Pionber Rd, Garden City, Kansas	US
S3-441779672	Nextavo née Mountain Society	6490 19th Street, Unit #D, Fircrest, WA	US
S3-94203439	Innovative Xcel	101 Annie Lou Drive, Jacksonville, Alabama	US
S3-913119857	क्लासिक ट्रेडिंग प्राइवेट लिमिटेड	महाराष्ट्र, Sector - 2, Plot No. - 2, Phase - Ii, Nerul (West), Navi Mumbai, Thane, Office No. 7 & 8	India
S3-509436145	Panet Advanced Paper,	3130 Goodnight Way, Bloomingon, Indiana	US
S3-45324372	Sampati Co &	H.no 97 Hotse No 922, Khasra No 177 Ground Floor Near Shiv Mandir Village Jaunti, Delhi, North West, दिल्ली	India
S3-590110449	Ridge Da LP	1725 Arlington Blvd, Unit 102, Greenville, North Carolina	US
S3-408541419	mountaininstitute.com	12831 Thompson Dr, Waldorf, Maryland	US
S3-87318365	Ki1lingsworth, and Kinard Holden LLC	51 Lafayette Street, Maine, Portland	US
S3-893067609	Singal Tech	House No 11, Road No 46A, Ground Floor West Punjabi Bagh, New Delhi, West Delhi, Delhi	India
S3-839398353	Avidrex DBA: Marie-Ann A. Farris, MD	TN, 12025 Cainsville Road, Norene	US
S3-763366053	Value Infrastructure  Advisors Holdings	717 Dean Street, Xenia, Ohio	US
S3-760913398	Gold Producer Limited Service	A-42, South West Delhi, दिल्ली	India
S3-170653311	Thorpe Capital Partners  LLC	9267 Greenback Ln, Unit STE C8, Orangevaale CITY, California	US
S3-286244424	Private Sader Foundation Limited	H. No. 422, Badgo, Sader, Gorakhpur, उत्तर प्रदेश	India
S3-465098617	Prairie Chemical	6772 Lakeshore Rd, Chelan, Washington	US
S3-109028077	neurosciencescompletebrown.com	426 Rockingham Rd, Johnson CITY, Tennessee	US
S3-874619260	Smt Goldenera Nidhi Co	#53, N/A, Bangalore Rural, Bangalore, KA	India
S3-382909824	Khairatabad Chits Límited		India
S3-875864677	Capital Anchor Cápital LLC		US
S3-524426555	Tech Infotech  Private Limited	4-6-375/3/8, Karim Nagar, TG, Karimnagar	India
S3-397187884	Js Internet Private Limited	No 507., Secunderabad, Hyderabad, TG	India
S3-64122177	Rev It Up Tavern	Daanville, Virginia, 2293 1/2 Vandola Rd	US
S3-463553600	Futuretech (India) Private Private Limited Center	Thane, MH, 2Nd Floor, Building B/2, Shanti Vihar 100 Feet Road, Mira Road (E), Mumbai City, No 204	India
S3-697718276	camp & voorhees, inc	884 Glenvalley Drive, Birmingham, Alabama	US
S3-468868064	Rva Corporation Ltd	12828 Trellis Trl, Pillager, Minnesota	US
S3-76151159	Precision Ocatev Eastgate  P.C.	23158 Spoon Creek Road, Edgerton, Kansas	US
S3-631858568	Arccalo	205, Kedia Chambers (Resi. Wing) S. V. Road, Malad (West), Mumbai, Maharashtra	India
S3-850676056	Dr Keshav Foundation	No.8/19, (97/19), Kalki Nagar 2Nd Street, Kalki Nagar, Arumbakkam, Chennai, TN	India
S3-271532058	Koressa Bixler Interstate LP Pono,	7408 Red Brook Road, Norfolk City, Virginia	US
S3-829860755	Supplies	C/O Ompal Singh, B 107 Avash Vikas, Muzaffarnagar, Uttar Pradesh	India
S3-454616504	The Shéla Saucedo Kogyo Inc	Vandervoort St, Florida, New York	US
S3-75018341	Anne Cloud Resorts	01621 Herbie Circle, Newton Township, North Carolina	US
S3-437781587	Smart Smart Gold	##6 3Rd Cross Road, Bangalore North, Bangalore, ಕರ್ನಾಟಕ	India
S3-645752134	వైట్ హెల్త్‌కేర్ Pvt Ltd	6-3-348, Dwarkapuri Colony, Hyderabad, తెలంగాణ	India
S3-524232118	Smart Chemical Studiso	2832 Union Square, NEW Windsor CDP, Maryland	US
S3-601055631	Ltd Scholarship Council	723 Westfield Boulevard, Temple, Texas	US
S3-495600070	Montessori Leppert [School]	21982 Chinook Way, Fairview, Oregon	US
S3-770552377	Rapid Intelligence Consultants Partners	Hyattsville, Unit 204, Maryland, 4411 Oglethorpe Street	US
S3-938872677	Family Physicians Of Titonka Care lnc.	647 Main Saint North, Titonnka, Iowa	US
S3-717029181	Kria  (India) Hut Private Limited	Shop A18 S 207 H 1/2A, Chourang Terrace Fursungi Tukai Darshan, Pune City, Pune, MH	India
S3-842406093	Ruler Employment Pvt. (Ltd)	C-b3/3603, Faridabad, HR	India
S3-995594010	A1pha  Power Private Limited	Siddharth Nagar, उत्तर प्रदेश, Siddharth Nagar, Near Gonaha Chauraha, Mudar Bujarg Naugarh	India
S3-268574725	Brady Dental Áosliates	12365-12367 Ensley Drive, Fishers, Indiana	US
S3-695103509	Dr Real Pvt Trading Media Ltd	Sf.no. 66/9C2B2A, Saradha College Main Road, Alagapuram, Salem, TN	India
S3-477899492	Calodovaaria t/a Vijay Impex	No.72/1B, Second Floor, Jaraganahalli, Near Park, Jpnagara, 6 Phase, Bangalore, Karnataka	India
S3-498611771	Versatile Detectives (India) Private	No 09 Drafadila Layout I Cross S T Bed 4Th Block Koramangala, Bangalore, Hyderabad, KA	India
S3-987752202	Group Serpa Security	017791 Marine View Dr, Normandy Park, Washington	US
S3-592806061	Segundo National-Medical	3307 Ella Marie Way, North Carolina, Nebo	US
S3-264930514	Smart Velos Corp	Pflugervile, 1123 Acanthus Street, Texas	US
S3-4663634	Brown Quantum Ínc	Sutton St, Unit 3L, Northbridge, Massachusetts	US
S3-321244810	Pediatric  Denta1 Center LLC	14302 Little Rocky Mountain Ct, Fairfax County, Virginia	US
S3-427681446	Guljag Trading Pvt	Gno ##84 Pno 53 Alakhnirjan Building Dadawadi Jalgao Jalgaon Jalgaon Mh, In, Nasik, Jalgaon, MH	India
S3-662229299	Munoz &-Kaufman	408 Hancock St, Richmond City, Virginia	US
S3-203533445	Main Street Tavern!	Maryland, Pikesville, 1802 Snow Meadow Lane, PO Box 240	US
S3-619230254	(india) Soouthern Management Private Limited	K-43, Opp Plaza Cinema, Connaught Place, New Delhi, DL	India
S3-165168932	சிவ் புராஜெக்ட்ஸ் ஜெனரல் பிரைவேட் லிமிடெட்	No.0165 Mudichur Road West Tambaram, Chennai, TN	India
S3-211856633	Integrated Media Concepts Corp.	390 Skyland Drive, Kingsport, Tennessee	US
S3-783112303	Pryor Autmotie L.L.C.	460 Plum Avenue, Lakeside Marblehead, Ohio	US
S3-452383036	Shri Prime Coaosfling	H.no 401 W-07 Greater Kailash-ii, South Delhi, DL	India
S3-754122469	Coastal Health Center Central, LLC	1210 3420, <NULL>, Hawkins, Texas	US
S3-587092994	libertyleaguesilver.com	2905 Randolph Rd, Silver Spring, Maryland	US
S3-590418668	Zribtio Yhn LLC	Kentucky, 147 Frankie Dr, Richmond	US
S3-670710699	Vertex-Inc	Wilkesville, 121. Rutland Street, Ohio	US
S3-422484068	Vision One	C/O. Samadhan Punjaji Bahadure Udanapur, Udanapur, Buldhana, Maharashtra	India
S3-611398337	Haveli Flour Piame Limited	Unit No. 701 Aquila Apartments Plot No 101, Haveli, MH	India
S3-969829568	Desert [Onfolio]	New York, 200 Scenic Dr, Horseheads North	US
S3-807085228	പ്രീമിയർ സൺറൈസ് ഇന്റർനാഷണൽ പ്രൈവറ്റ് ലിമിറ്റഡ്	House, Ernakulam, Kerala, Keralam	India
S3-937462789	Historical Program Co	157 Seventh Ave, N/A, Oelwein, Iowa	US
S3-889006813	Sarasan Equipments Private	No 1/96 H, Kozhikode, KL	India
S3-21931624	Edenfield  Commodity		US
S3-75275703	Lucas, Tomlinson & Lear Inc	9906. Golden Woods Dr, Missouri City, Texas	US
S3-716706448	All LP Next Pioneer	021 Apple Blossom Ct, Monsey, New York	US
S3-803724907	गैलेक्सी ग्लोबल प्राइवेट लिमिटेड	B-401, Archit Royal Apt, Mahatma Nagar, Nashik, महाराष्ट्र	India
S3-531059729	Dynamic-Hospitality Private Private	Office No 70, Mumbai, MH	India
S3-408286960	grace presbyterian church	15510 Thompson Ridge Drive, Cypress, Texas	US
S3-942885941	Trusted T0tal (Payment)	144 Nelson Place, Indianapolis, Indiana	US
S3-471318401	Sonia Healthcare Healthcare	Hn 188 Q Hub, Shaikpet, Hyderabad, Andhra Pradesh	India
S3-374801507	Vidhu Electronics Exports	Door No 25, Bangalore South, Bangalore, KA	India
S3-409421705	Hotel Global Private Limited Services	649 5, Gajanan Bhavan 22, Dolat Nagar, Daman Road, Chala, Valsad, GJ	India
S3-787111792	Regional Realty Collective  Inc	5196 Towne Centre Dr, Fl 0, Saint Louis, Missouri	US
S3-26406516	Sai	272, B Block Panki, Kanpur, Uttar Pradesh	India
S3-69871421	Chapman Fléxible LLC	435 Harry Terry Dr, Savannah, Tennessee	US
S3-674848860	Signature Désert Evo L.L.C.		US
S3-771011916	Star Creative  Networks	Front Royal, PMB 5513, 229- Loop Rd, Virginia	US
S3-774573046	Umbrakor d/b/a Norris, Carter & Hedge Citizens	Castle Valley, 439 Miller Lane, UT	US
S3-361749150	Ridge-Empire Media (P.C.)	Greenhart Place, Chesterfield County, Virginia	US
S3-734274473	Upper Star,	5685 Pleasant Valley Boulevard, Pennsylvania, Tyrone CTY	US
S3-710598713	Btownships.Com	Hn 672 S - 150, G/f, Greater Kailash Ii, New Delhi, South Delhi, DL	India
S3-970178097	Morgana Flores	3801 Schnaper Dr, # Apartment 221, Randallstown, Maryland	US
S3-812220465	Owen & Hamilton	Main Street, Mapleton, Maine	US
S3-627817371	Herr Enterprises Holdings	4310 Brownhurst Way, Louisville, Kentucky	US
S3-187176653	Shandeigh Áugusta Sachs	Orchard Way, Texas, Leander	US
S3-455032999	Maa Projects Prívate Limited		India
S3-495692553	Scholarship Alliance	669 99th St, Ohio, Cleveland CDP	US
S3-258169945	Moore Sarenflre Massage  Inc.	138- Fairlawn Pl, Findlay, Ohio	US
S3-396159927	Right Jute Private (Limited)	F No. 402, Hig-224, Lakshmi Nivas, Phase 6, Tirumalagiri, Hyderabad, TG	India
S3-771722201	Giroux Pre Life Inc	39 Fortin Way, NULL, Lewiston, Maine	US
S3-61641993	Complete  Bnidopharma LP	New York, Building Room 905, 3435-B Main St, Buffalo	US
S3-25772375	పయనీర్ బిల్డర్స్ ప్రైవేట్ లిమిటెడ్	4-1-316, Bank Street Abids, Hyderabad, తెలంగాణ	India
S3-215675631	Tavopyra	Plot No. 15, Subhash Bunglow, S.No. 17/2/3 Balewadi, Baner Road, Pune, Maharashtra	India
S3-619754521	Kandivali East All  Private Limited	Shop No. #64, First Floor, Centrium Mall, Lokhandwala Complex, Akurli Road, Kandivali East, Mumbai, MH	India
S3-489889206	HAIL MEDICAL	105- Granite Street, Unit Apartment D, Biddeford, Maine	US
S3-359291251	Sherill's  Properties	Jacksonville, North Carolina, 719A Vernon Drive	US
S3-965620248	Stacia Morris  Express LLC	410 Meadowridge Drive, Bedford County, Virginia	US
S3-19801856	The Wood, Dawn, [D.C.]	Unit 512, Washington, 811 Fourth Staeet, District of Columbia	US
S3-61917156	Kalyan  Udyog Private	Shop No 9 Ground Floor, Thane, MH	India
S3-232520644	Sampatchak Partnership Private Límited	No 25 C/o Sunita Devi, Sampatchak, Patna, BR	India
S3-168566954	Drexveralyraio fka Ram Consultancy Private Limited	Gat-158, Village Takwekhurd, Mumbai Pune Highway Nh 4, Lonavala, Pune, Maharashtra	India
S3-607989490	Acosta Urban-LLC	16027-16029 Emerald Thistle Lane, Cypress, Texas	US
S3-659572126	Creative Athena Inc.	##4914 New Hope Road, Raleigh CITY, North Carolina	US
S3-341853100	BENARA SANGH OVERSEAS	B-351rajendra Nagar Bareilly, Bareilly, Uttar Pradesh, उत्तर प्रदेश	India
S3-270619946	5ummit Xcel	609 Coile Rd, Tennessee, Jefferson City	US
S3-717246589	Pediatric Dentistry Precision Care Llc - 2078243416	1905 Brook Blvd, Warsaw, Indiana	US
S3-253326122	Deese  Unified Semiconductor Valley Inc	53 Skyline Trail, Middlefield, Massachusetts	US
S3-762482021	ಆಲ್ಫಾ ಫೈನಾನ್ಸ್ ಪ್ರೈವೇಟ್ ಲಿಮಿಟೆಡ್	Bengaluru, KA, Bangalore Rural, Citadel Plaza	India
S3-92646162	Rozele Graham,	Washington, Fl 1, 10132. Sitkum Dr, Olympia	US
S3-645643244	Karly Benedict Superior Oil  Center	Texas, 20014c Kellicreek Dr, Katy	US
S3-123631599	Orthopedic Associates Inc. (ID: 99135)	Texas, Kingwwood, 4406 Pine Breeze Dr	US
S3-223088485	Projects Hindustan Foods Private	Hn 106 C/o Nitin Kumar S/o Ram, Phul Nandgav Sherkojbunor, Nagina, Bijnore, Bijnor, उत्तर प्रदेश	India
S3-886920409	Krishna Consultants Pvt  Ltd	B-42/1, Ground Floor, Jhilmil Industrial Area, Shahdara, DL	India
S3-239339833	Private White Foods Límited	28, N.g.o Colony 1St Street Melagaram, Tenkasi Taluk, Tirunelveli, Tenkasi, TN	India
S3-187859276	LLC PP DESERT PRESIDIO	Soto Drive, Brownsville, Texas	US
S3-780122157	VXW Fab Ltd	Shri No. 38, Near Seva Sadan, Barmer, RJ	India
S3-405033295	kestossony.com	1763 Maury St, Alcoa, Tennessee	US
S3-902600024	International Arn Laundry (LLP)	Plot 493 Shop No-108 Anchal Plaza Vasant Kunj, New Delhi, North Delhi, DL	India
S3-973752282	Lower-Agicnltrue	Mary Ann Dr, Peoria, Arizona	US
S3-85820406	Perfect Finance Pvt Ltd	Shri Krushan Nagar, Osmanabad, MH	India
S3-568829131	Co Developers Maximum Megamart	M-78/5, Second Floor, M Block Main Market, Greater Kailash Ii, South Delhi, New Delhi, DL	India
S3-282205144	Real ಐಟಿ Private Limited	ಕರ್ನಾಟಕ, Door No 11 1St Cross, Urban	India
S3-366762088	Brown Sterling Clough	22878 Redwood Drive, Lawrenceburg, Indiana	US
S3-48451147	M/s Raj Deeose Private [Limited]	9/1/9, F/f, Secular House Opp Jnu East Gate Gate Qutub Institutional Area, New Delhi, South West Delhi, DL	India
S3-43549053	Northern  Academy Partners	11 Dix Highway, Huntington, New York	US
S3-840379902	श्याम एंटरप्राइजेज कंस्ट्रक्शंस प्राइवेट लिमिटेड	Door No 4/109 Nityanand Nagar No 4S N Marg Andheri (East), Mumbai, Andheri East, MH	India
S3-429003337	The Sutton Frontier Martin Holdings	2910 Weston Loop, Virgini Beach, Virginia	US
S3-548604511	Foundation Arv Tsech Private [Limited]	B/401, 7Th Floor, Meera Co-op Hsg Soc Oshiwara, Link Road, Andheri(west), महाराष्ट्र, Mumbai City, Andheri	India
S3-493415409	ब्लू कंस्ट्रक्शन एलएलपी	Hn 204 C-6/298, C Block Yamuna Vihar, Delhi, North East, दिल्ली	India
S3-548146222	Tabina Hfu, D.D.S., M.D., P.C.	08108 Bend Rd, Theresa, Wisconsin	US
S3-383468836	Roopraj Appliances [Limited]		India
S3-992606114	Thompson Valley Sachs East LLC	14 Hillcrest Rd, Wakefield, Massachusetts	US
S3-124122399	Diligence Trading Private  Limited	#45 Ranveer Nagar, Etawah, Etawa, I.t.i Chauraha Mainpuri Fatak, UP	India
S3-337110362	জয় সলিউশনস প্রাইভেট লিমিটেড	Cl-198, Sector Ii Salt Lake City, Kolkata, Kolkata, পশ্চিমবঙ্গ	India
S3-836913010	Lanza and Grubb Greater PLLC	11900 1/2 47th Ter, Townada CITY, Kansas	US
S3-246043699	Angeles Shipping		US
S3-894255852	Superior  Group Sea	1169-1173 Gantlin Avenue, City Of Simi Valley, California	US
S3-424687777	Register Valley Soulpower Co	1508 Shadowood Ln, North Carolina, Raleigh	US
S3-13709294	Lorena-W. Allen, M.D.	201 Churh St, # 315, Mooresville, North Carolina	US
S3-865457393	Taransh Hotels Limited  Service	Naduppunni R V P Puur, null, Palakkad, Thrissur, KL	India
S3-886850306	@coastalassociation	24 Valley St, Ashtabula, Ohio	US
S3-528660929	Quality  Intelligence Digital	12 Cypress Grove, Warren, Arkansas	US
S3-323402672	Cardiology Group Coastal Federation	16122 Bothell Everett Hwy, Unit H2, Mill Creek, Washington	US
S3-229686554	Allied [Heslhmhrae]	Plot 343 City Sr No 170 Word No 1, Plot 255-256/B, Bhavnagar, ગુજરાત	India
S3-55821726	Literacy Program	Illinois, Aurora, 2369 Farnsworth Ave	US
S3-296625367	Annabal Krall United Commodities Llc	425 Pleasant St, Unit 1505, Wrcester, Massachusetts	US
S3-975001040	Department-Of-Aging	Manitowoc, 814B Jackson Street, Wisconsin	US
S3-807782658	Brown Business Exports (Limited)	Thane, H.no 601-60 6Th Floor, MH	India
S3-23921995	Person and [Tran]	Austin, 1251 Capitol Saddlery Trail, Texas	US
S3-40825953	Gerri Drtich, MD Corp	5906 Franklin Ave, # Apartment 3A, Gwynn Oak, Maryland	US
S3-832263705	Eye  Center	Alabama, 9451 -A Bryants Landing Rd, Stockton	US
S3-491320444	Porter Land	West Virginia, 25 Lexus Drive, Teays Valley	US
S3-505108534	S. Treadwell Dynamic	5 Julia Rose Court, Bethlehem, NY	US
S3-450053172	AJANTA ALLOYS PVT. LTD.	Old No.32., Agastheeswaram, Kanyakumari, TN	India
S3-240068375	Bellingham Partners Staking	1624 Fourth Street, Bellingham, Washington	US
S3-523124339	LP Isaksen, Patino and Shain Physical Therapy	32 Newburn Road, Arkansas, Arkadelphia	US
S3-487465458	Peridoz Beauty	2009 Weiss Ave, Maion, Ohio	US
S3-633866723	Pediatric Group Council	1197 Johns Rod, Joelton, Tennessee	US
S3-347730376	Alpha Online Private	No 168 Sarhual Sector 18, Near Dinesh Nambardar, Mahendragarh, Gurgaon, HR	India
S3-412731781	Mka Parts Private	9-10, Rajhans Colony Near 12 Mori Brahampuri, Jaipur, RJ	India
S3-114150597	tirupati computech private limited	H.no 10/160. E, Salem, Mettur, TN	India
S3-710392115	Sphere Invesment  Pvt Limited		India
S3-972866397	Plumbers Local 815 Group	Greensboro, North Carolina, 04224 Sacramento Drive	US
S3-296966786	Golden  Freight Services LLC (ID: 90397)	7810-B Park View Drive, Mesa, Arizona	US
S3-184087842	Urban Ddi	0016913 61th Street, Vaughn, Washington	US
S3-847260883	Shashi Traders Limited Center #42023		India
S3-146589170	Willis & Smith Cayson Highland L.L.C.	13142 Winding Trail Rd, Laurel, Maryland	US
S3-724463193	Hgrise  and Co	Plot No.b3/60, Rangareddy, K.v.rangareddy, TG	India
S3-406485740	Sri Immense Chit Infratech Ltd	2F-Cs-71, Ansal Plaza Vaishali, Ghaziabad, उत्तर प्रदेश	India
S3-707589322	(Llc) Noniia Capital	Virginia, Lee County, 4762. Sugar Run Road	US
S3-376220089	... Frey, Douglas & Rámer LLC	320A Appleton Ct, Buda, Texas	US
S3-184865451	Womens Health	1829-1831 Maple Rd, PO Box 5260, Bfufalo, New York	US
S3-905748682	Peyton'S  Mountain #78918		US
S3-595161459	Dermatology Associates	46 Terwilliger Road, Hyde Park, New York	US
S3-884239150	Mountain Companies	299 Harris Ln, Unit P202, Gallatin, Tennessee	US
S3-684705236	Cardiology Medicine Inc	Ward, Arkansas, 11 Kasi Cv	US
S3-936532633	Premier-Foods Pvt Ltd	House No.560 Sector 17, Jagadhri, Yamuna Nagar, HR	India
S3-169027899	Frontier Cardiology	New York, Brentwood Township, 2 1/2 First Avenue	US
S3-932581857	Orbisyn fka Diamond Valley Special LLC	Salem, OH, 2100 Monroe Street, Unit 33	US
S3-166339268	Imco Financial Pvt Ltd	TN, Chennai, 400 K H Road Ennore	India
S3-419346757	Enterprises Pioneer Corporate Private	A-3/183 Second Floor, Divreportingcircle, New Delhi, DL	India
S3-84327965	Shri Balaji Welfare Sociebty  Care	1100/Asg/B1003, Hyderabad, Rangareddy, Andhra Pradesh	India
S3-140839235	சிவா புரொட்யூசர் பிரைவேட் லிமிடெட்	Coimbatore, Coimbatore South, 439, Kamarajar Road, TN, Shop No. E4	India
S3-242320144	Malu &	North 24 Parganas, C/o. Samir Saha, Naihati, WB	India
S3-188799972	Eaettcs	4731 Centennial Boulevard, PMB 3208, Nashville, Tennessee	US
S3-102952144	Cranford, Garcia and Allen LLC Center	NULL, Colorado, Applewood, 14055 Foothill Cir	US
S3-739429839	UR Insurance	Bulandshahr, #69A Devrala Po Khas Khurja, UP	India
S3-847232122	LLC Primary Care Trc-ate Associates	208 Daffodil Street, # Apt A1, Hot Springs, Arkansas	US
S3-882653213	Transcontinental Stacfisg  Alliance Partners	Ohio, 11334 Preble County Line Road, Brookville, PMB 4914	US
S3-402659566	Pleasant Valley  Hungsr Innovative Foundation	Pleasant Valley, 1700. Laurel Ln, West Virginia	US
S3-137318855	BHG Kailash Associates Co	Ph 1 Sapna Apartment Machuatoli, Naya Tola, Bankipur, Patna, बिहार, Flatno A/4, Patna	India
S3-984211882	Miller Preparatory Cénter	#18014 Wagstaff Way, Rihmond, Texas	US
S3-954771145	Mccord, Jemima, DPM	1216 Hillcrest St, Normal, Illinois	US
S3-105714046	H0pper & Wilson Egh Inc	1716 Woodlawn Drive, Scotland Neck, North Carolina	US
S3-245510192	M/s Red Technology Private Ltd (ID: 52673)	B/2/268, Madhuvrund Society, Swi Park, Nr Gopal Bag Soc, Neelkhanth Mahadev Man, Dir Road, Ahmedabad, GJ	India
S3-784757161	Perry Anchor Polestar	4033-4035 Mountain View Road, PMB 2160, Mechanicsburg CITY, Pennsylvania	US
S3-723085466	Indian Energy Restaurant	D/25a, Block-1, Dra Tuxedo Elite, Inner Ring Road, Velachery, Chennai, TN	India
S3-449401564	Willowbrook Chiropractic Platinum Care (Associates)	16W 615 Marybeth Ct, Willowbrook, Illinois	US
S3-121672349	United 5chool Charter	15425 Haiuk Rd, Evansville, Indiana	US
S3-386646377	Unified  Retail Labs LLC	102-106 Ball Park Road, Vida, Montana	US
S3-578784321	Granite	#228 Retriever Ln, Bunker Hill, West Virginia	US
S3-879525429	Deol  & Co	H.no 24/9 Rose Merry Lane, Howrah, পশ্চিমবঙ্গ	India
S3-715050030	Ductile Surya Infratech Pvt (Limited)	Bangalore, 793, KA, 19Th Main, Hsr Layout, Sector-1	India
S3-340667381	Monarch Opportunities	212 Ivy Chase Way, PMB 6560, Atlanta, Georgia	US
S3-75937851	Sky Irda	#188/5248 Sanmatipant Nagar Ghatkopar East, Mumbai, MH	India
S3-52166240	Horizon Realty Enterprises PLLC	Broadway Ave, Scottsbluff, Nebraska	US
S3-665830064	Bharat [Exports]	Rangareddy, 401Snivenkateswaraenclave, TG, Rangareddy	India
S3-721711509	सनराइज सिस्टम्स प्राइवेट लिमिटेड	Dattaraj Row House No.06, Nashik, MH	India
S3-851678404	Orthopedic Highland Medicine	Virginia, Stafford Court, Sterling	US
S3-606973969	wealththree.com	501, Ahmadabad City, Vastrapur, GJ	India
S3-352472747	Public Ram Software Limited	C-c-93, Phase 111, Focal Point, Ludhiana, PB	India
S3-305018079	Zephent  Abrdn	##2646 Grauwyler Road, N/A, Irving, Texas	US
S3-33715844	Robin Apex Corp Corp	3535 281, Munsons Corners, New York	US
S3-96918878	ANJALI (IND) (INDIA)	9, 10 3Rd Floor, Ksn, Sri Ram Nagar Colony, Pno-8, Rangareddy, తెలంగాణ, Rangareddy	India
S3-725645486	Fuashion Ho1dings	64/65/66, Block-k, Focal Point, Phase-7, Ludhiana, ਪੰਜਾਬ	India
S3-958920797	Diamond Innovations Packaging Corp	3000 Tilden Street, # 303, Washington, District of Columbia	US
S3-225713704	Red Foods Classic LLP	Flat 11 Shri Sath Sangh Soc Plot No 70 Pestom Sagar Chembur 71 As, Bombay, Mumbai City, महाराष्ट्र	India
S3-932392241	Moonstar Orange	105 1St Floor Mewad Industrial Premises Co Op Soc, Ghatkopar, Mumbai City, Maharashtra	India
S3-42356605	Y K & P Pámpa Inc.	4946 Green Ash Trail, Montville Township, Ohio	US
S3-180685226	Banaras Sema Samiti	G. No. 184, Garaj, Tal. Vaijapur, Aurangabad, MH	India
S3-538715035	Shri Engineering Suppliers Exports  Private	D/31-166/2/12, Krishna Enclave Indira Nagar, Old Bowenpally, Hyderabad, Secunderabad, Andhra Pradesh	India
S3-116575160	(india) Southern Management Private	K-43, Opp Plaza Cinema, Connaught Place, New Delhi, DL	India
S3-861656352	Private Panacea Technologies Limited	OD, Block G-650 Shakti Nagar, Bargarh, Sambalpur	India
S3-886122066	GUJARAT ENERGY	#83 Sp Muherjee Road, 4Th Floor Kolkata, Kolkata, Kolkata, NULL, WB	India
S3-332331610	Prime Wellness L.L.C. Services	33403 Fuorth Court, Federal Way, Washington	US
S3-292124118	Heasley Global Vision Center LLC	Sn Elizario, Texas, 1462 Enrique Perez Cir	US
S3-789512789	Roze Jacobsen Peak Jackson Holdings	##1242 Prairie Rose Dr Southwest, Cedar Rapids CDP, Iowa	US
S3-446012378	The  Dent Cafe	11144 Yucca Street, Floor 1, Scottsdale Fountain Hills, Arizona	US
S3-692422930	Peacock  Trust	Door No 2-10-309/2/6 Prasanthinag, Warangal Urban, Hanamkonda, Andhra Pradesh	India
S3-64470532	Fondren, Raby + Ritter	1575-A River Pines Dr, <NULL>, Village Of Bellevue, Wisconsin	US
S3-84525078	JJ Lodging	119 Christine Court, Bardstown, Kentucky	US
S3-873195347	Raj  Limited Private Agro	Gautam Buddha Nagar, UP, 20Ff, Dadri	India
S3-943514484	Williams & Harding,	42A New Beginnings Lane, Hendersonville, North Carolina	US
S3-926917633	Zenith Táx	5241 Sable Ct, Metor, Ohio	US
S3-9450154	Reliable Freight Laboratories Corporation	6377 Regal Ridge Dr, Independence Ky, Kentucky	US
S3-987080441	pdhanson.com	157 Firy Drive, Hamilton, Ohio	US
S3-732566133	Iriecto formerly: UA California P.C.	2 West Street, Unit B, Weymouth, MA	US
S3-696147556	સ્માર્ટ ડેવલપર્સ Private Limited	Kevdawadi Chowk Opp. Sapna Soda, Rajkot, GJ	India
S3-428118143	Drayolaer Compania	Shelbyville, #408 Riverview Drive, Tennessee	US
S3-322628962	Select Mines Co	101 Henlopen Station, # 303, Rehoboth Beach, Delaware	US
S3-895816868	Chicago Transport Elite Partners	Illinois, 004040 Calumet Avenue, Chicago	US
S3-182528496	Camp0s Inc Services	##3925 52, West Lafayette, Indiana	US
S3-303712116	Chiropractic Center	1917- Green Meadows Drive, Mcalester, Oklahoma	US
S3-377520822	First Angel LLC	1418 Thurmond St, Winston-Salem, North Carolina	US
S3-867493275	goarstone.com	2105 Wood Ridge Cv, Cedar Park, Texas	US
S3-977338990	Eastern & Sons	18/690, Redsea Tower, Ward No 18, Kunnathur, Kollam, KL	India
S3-573723665	Jai (Academy)	Unit 7B, 7Th Floor, 41 Shibtolla Street, Posta, Kolkata, Howrah, WB	India
S3-483398348	LLC Peralta Pioneer Ka,	Water Willow Trace Dr, Spring, Texas	US
S3-429735083	Empire Fannie LLC Center	8722 Hickory Ct, Louisville, Kentucky	US
S3-775202212	Dawa Bazaar R.N.T. Marg Project Private-Limited	124, Dawa Bazaar R.n.t. Marg, Indore, MP	India
S3-796122868	Rohil & Brothers Industries	19 C/o-premananda Debnath, Vill-hanspur Po-ghonja, Ps-gaighata, Kolkata, Parganas North, WB	India
S3-414578809	Education Education Society	1107 4th St, Gresham, Oregon	US
S3-9210886	COZY Pizza! LLC	234 Redwood Dr, Jacksons Gap, Alabama	US
S3-869193817	Fayedova	#527 Moore Creek Road, Fourmile, Kentucky	US
S3-109166222	Orman, DMD Winny,	3025-3027 Cub Creek Hall Rd, Parsons, Tennessee	US
S3-501190208	Big Book Store Inc	Texas, Austin, Floral Park Dr	US
S3-178830704	Infinitive Industries  Pvt	95/644/13, Lic Colony, Penukonda Road, Dharmavaram, Anantapur, AP	India
S3-843447135	Strategic Better Incorporated	63087 Toad Hollow Road, Bellaire, Ohio	US
S3-773799110	Cascade Classic-Velos	Ironside Drive, West Barnstable, Massachusetts	US
S3-328177815	Surgical  Helth	2188c Pine St, East Sparta, Ohio	US
S3-898578101	Ivenium Ráilway L.L.C.	Arkansas, Mayflower, 7 Credit Dr	US
S3-721782463	Bkv Trust Private Ltd	Plot. No. 9, Mangalam Arpan Rampura Road, Sanganer, Jaipur, RJ	India
S3-748284260	Empire C0mmunity LLC	6110 North Saint, Wrightsville, Arkansas	US
S3-900830028	Hines Publishing Inc. Partners	4 Gorsline Dr, Halfmoon, New York	US
S3-817552972	Eye Care	404 Norman Avenue, Moore, Oklahoma	US
S3-58817319	Kira Castro Aeon (Llc)	2458 Central Ave, Dubuque, Iowa	US
S3-872862352	Tavovantagenovi a/k/a Guilliams Precision Evo	5219 37th Avenue, Portland, OR	US
S3-669920898	anne-corinne lowe smart copley	Pocha Rd, Edgartown Township, Massachusetts	US
S3-444769534	ऑल बिल्डर्स प्राइवेट लिमिटेड	403/405 Shree Krishna Bhavan P M Road, Vileparle East, Mumbai, Mumbai City, MH	India
S3-158167812	Drexaria a/k/a Coelho Post Inc.	TX, Porter, 22388 Ford Road	US
S3-556278951	Biverus Inc	195 Boyce Point Cir, Westmoreland County, Virginia	US
S3-632465932	Alta-Andmarketing Pvt Ltd		India
S3-762236168	Bay Heritage Ópportunity LLC	Culpeper, 272 Lafayette Dr, Virginia	US
S3-141091952	Physica1 Therapy Legacy Clinic (Inc)	363 Grays Pointe Cir, Gray, Tennessee	US
S3-172317902	sotodasidds.com	02900 Danzig Pl, Louisville, Kentucky	US
S3-918057608	Safezone & Sons Pnritae Limited	9281, Nellikkadu Alumavu Stop, Ramavarmapuram P O, Thrissur, കേരളം	India
S3-188749237	Modern Services  Private Limited	#91, Kancheepuram, Chennai, TN	India
S3-376924656	Mcclinton Service		US
S3-982655092	Fayenyla	Office 01, N/A, Jodhpur, राजस्थान	India
S3-423890504	>> Advanced Laboratories Corp Center	1627 Wynn Road, Phenix CIY, Alabama	US
S3-556967495	Rizadrex trading as ENF Polytrade Limited	H-57 Sarita Vihar, New Delhi, Central Delhi, Delhi	India
S3-835432352	Star Tradcing	D-17/b, 2Nd Floor, New Delhi, दिल्ली	India
S3-246532201	Firefighters Lmal-930	15796 Fringe Tree Rd, Frisco, Texas	US
S3-158846260	Bharat Exports Pvt Ltd	TG, 401Srivenkateswaraenclave, Rangareddy	India
S3-5898138	Catering College Co	Prafullaparadise, Kalyan, महाराष्ट्र	India
S3-233839956	tkim.com	1748 Augusta Boulevard, Illinois, Chicago CITY	US
S3-796517246	AI	1839C G/F Kh-57/11 G.No-6, Sangam Vihar Athal Mandir, New Delhi, South Delhi, Delhi	India
S3-981845520	Sarasendra Constructions Clinic Corp	Hn 62 C/o Mohan Rathore, Rathore Pahalwan Dairy Ke, Barkheda, मध्य प्रदेश	India
S3-878129061	Shah Services	Kanpur, UP, 7493 D Swaroop Nagar, Kanpur	India
S3-10253337	Kirti &-Partners Limited Private	#4Th Floor, Office-419-420, Zenon, Nr. Kiran Moters, New Civil Road, Surat, Surat City, GJ	India
S3-443258163	Ram Fodrioon Pvt Ltd		India
S3-862513181	Private Gujarat Software Ltd	No 14 Ezhil Nagar Main Rd, Kanchipuram, Saidapet, TN	India
S3-713057259	Bright Payroll Worldwide	1548 Hollins Drive, Jasper, Texas	US
S3-252140156	Prívate Dynamic Tech Properties Limited	Sr 499/1/1 Kaika Park Nashik (M Corp), Nashik, MH	India
S3-215876385	Great Estate Prívate Limited	MH, Mumbai City, New Vivek Chs, 40 Shree Ngr Estate, Off M.g Road, Behind Adarshlok, A-201, Mumbai	India
S3-233895378	Armour Exports	GJ, Ahmedabad, Titaniumcitycenter, 293/1/P, T.p-03. 100Ft.Road, Nr.sachintower, Anandnagar, Ahmedabad, Plot 330 810-G	India
S3-309268716	Ukay	Hn 269 N.h. 34, WB, Ukilpara, Raiganj, West Dinajpur	India
S3-327922333	Shivam Builders  Limited	Guntur, Hyderabad, Flat No. N1, TG	India
S3-344691232	Ruthie Eshelman [Center]	11244 1550nd Ave, Effingham, Illinois	US
S3-697245947	Sri Sachdeva Inf0 Mundra Industries	201-205, 2Nd Flr Lake, Avenue Nr Jeramsar Lake, Mundra, Kachchh, GJ	India
S3-281985627	Sterling Best Eastern Downtown, L.L.C.	3922 Winding Oaks Dr, Columbus, Ohio	US
S3-537040277	Mcdaniel (China)	320-322 Checker Dr, Buffalo Grove, Illinois	US
S3-338664064	Hospitality Construction	33, Mumbai, MH	India
S3-341303998	... B1ue Médical [Center]	1105 Dearing St, <NULL>, Lynchburg City, Virginia	US
S3-828242661	Partners Advanced Digital Highland	00432 Lazy Creek Ln, Nashville, Tennessee	US
S3-762545231	Credit Security Works Inc	New York, North Hempstead, 31 Third Street, Unit Apartment 1	US
S3-633583961	M/s Hans  S0lutions Private Limited	H.no 432 Door No. Ix 147, Pherumunda House, Pallathadka Post, Peradala, Kasaragod, Mugu, KL	India
S3-171876122	Fu, Emmert & Perkins	01710 Mt Hood Street, The Dalles, <NULL>, Oregon	US
S3-608163282	Muffley Corp Center	2554 Cleinview Ave, Cincinnati, Ohio	US
S3-389542071	Orthopedic Medcite Corp	Ohio, 2665 Derr Rd, Springfield	US
S3-163214044	pricecastillo.com	Townsend, Kelly Ln, Montana	US
S3-220755305	Chiropractic Partners-LLC	4324 1/2 Gus Thomasson Rd, Mesquite, Texas	US
S3-20490578	Circuit Advisors Private Private	#395 C/o Mr. Chandan Kumar Vill- Sudhanshu Nagar, Purnea, Purnia, BR	India
S3-126643157	Lyratavo t/a Shubh Solutions Private Limited	C-1 Basement Duggal Colony, Near Khanpur, New Delhi, South Delhi, Delhi	India
S3-404870835	Zetajax a/k/a Donny's Best Tattoo	215 Stonebridge Boulevard, New Castle, DE	US
S3-611805860	SUN Business Solutions Private Limited	Ahmedabad, 411, Navrangpura, ગુજરાત	India
S3-275256305	The Mcburnett Apex Energia	151-07 Bayside Avenue, Flsuhing, New York	US
S3-156428360	Allinone Private Limited Center	Plot No.wz-32/1, H, New Delhi, DL	India
S3-862847998	AE M0dern Gen Gen	9538 Belinad Ln, Dallas, Texas	US
S3-128424792	Inc Heartland Interests	2313 Rocky Top Rd, Lenoirr CITY, Tennessee	US
S3-597078852	Shiva Private Logistics Limited	Plot 847 7/A, <NULL>, Bangalore, ಕರ್ನಾಟಕ	India
S3-20203163	Advanced Unified Intelligence	#96 Chalker Beach Rd, Old Saybrook, Connecticut	US
S3-24174077	Surgical Associates of	3726 Manson Pike, Unit 121, Murfreesboro, Tennessee	US
S3-631081991	D 4 Heritage Hill Llc	City Of Green Bay, 4788 St Ann Dr, Wisconsin	US
S3-443503846	Global Traders Overseas	Royal Palms Estate, Mumbai, 34-Bmaster Mind Iv, MH	India
S3-790585529	Ltd Green Services	MH, Mumbai City, Mumbai, Unit No. G-#03	India
S3-774824867	Seaview Farm Private	HR, Gurgaon, N 302, Palm Drive Appartments, Sector-66, Gurgaon	India
S3-549353037	om academy	A-#02, Surya Kiran, Avdhoot Nagar, C.s. Road, Dahisar (E), Vasai, MH	India
S3-522357276	Pediatric Dentistry Physícians	South Dakota, Steamboat Trail, Sioux Falls	US
S3-928823529	Supreme  Infrastructure Enterprises Holdings	2604 Wilson St, # Lot 33, Miles City, Montana	US
S3-792709284	Sri Balaji Technology	Door No 36, Bangalore South, Bangalore, KA	India
S3-760570409	Njm Trust  Group	East Delhi, Shop No. 12 Pandav Nagar Delhi, दिल्ली	India
S3-626499134	Belojax D.B.A. Aju Swami Private Limited	Block No.E, Ofc No.503, 5Th Floor, Prahladnagar, Ahmadabad City, Ahmedabad, Gujarat	India
S3-170191402	Developers Innovative Edu Private Limited	Kolkata, C/o Dilip Kumar Singhania, Howrah, 85 Metcalfe Street, Kolkata, WB	India
S3-106246275	Modern Dévelopment Group	930 Campus Avenue, Ontario, California	US
S3-206836310	Premier Cargo  International PLLC	5 Bridge St, PO Box 8073, Shelburne, Massachusetts	US
S3-333144040	Elite Technologies Center	9106d Le Velle Ct, Chevy Chase, Maryland	US
S3-977141681	Salvo Home Improvements Inc.	924 Lynchburg Drive, Jacsonville, North Carolina	US
S3-594613696	Bedell of Cadenza Heyworth	206 Main St, Illinois, Heyworth	US
S3-352886771	Rea-Inc.	932 Sterling Ave, Flossmoor, Illinois	US
S3-976453717	Desiri Nrnles Equity  Inc	201 Wendover Rd, Dallas, Texas	US
S3-675170221	Metro Blue Cola Associates Inc	Prescott Run Ln, N/A, Katy, Texas	US
S3-310811528	TRN  Apparels Pvt.	Greater Mumbai, H. N. 22, महाराष्ट्र, Mumbai	India
S3-822665356	Marshall Dental Associates LP	5508 Business 50, Unit UNIT C, Jefferson City, Missouri	US
S3-231535739	Metropolitan (Inittube)	Yarmouth, Maine, ##115 Portland St	US
S3-846020206	Jsxservices.Com	46, Serampur Uttarpara, Hooghly, WB	India
S3-763163041	*** Canfield Quality Tactical (Inc)	19664 36th Avenue, Unit Unit 111, Baldwin County, Alabama	US
S3-514363766	Nessi Olson Coastal Systems	7734 Marble Canyon Dr, Fort Worth, Texas	US
S3-292098750	Prime Equity Inc Global	Carmen Street, Houston CITY, Texas	US
S3-858135337	Congregation Community Center	154 Vanira Ave, Atl, Georgia	US
S3-402707491	Pepita Medlin Pembina	North Dakota, Fargo, Pierce St	US
S3-475192756	Liis Ventures L.L.C.	5446 Masters Road, Manvel Township, Texas	US
S3-770494572	Baptist Services LLC	137 Carnival St, Charlotte, North Carolina	US
S3-367331319	Innovative Partners Consultants Payment	#449 Wisconsin Dells Pkwy, Floor 1st, Wisconsin Dells, Wisconsin	US
S3-584172855	इनोवेटिव फूड्स स्टील प्राइवेट लिमिटेड	Door No 76 C/o Pratap Singh Thakur, Datia, MP	India
S3-60804015	Mumbai Knitting Limited	Door No 90 409, Mumbai, Mumbai (SUBURBAN), MH	India
S3-8720081	Ambrose Commodity	63 Betsy Drive, PMB 1080, Islip, New York	US
S3-365450023	*** Family Care  Associates Corp	Monroe Street, Beardstown, Illinois	US
S3-512239053	ಹೈಟೆಕ್ ಇಂಪೆಕ್ಸ್ ಪ್ರೈವೇಟ್ ಲಿಮಿಟೆಡ್	No.#2, Ashirwad, 6Th Main, Kge Layout, Rmv 2Nd Stage, Bengaluru, Bangalore, KA	India
S3-864257787	Drusilla B. Ródriguez,	Tupper Lake, New York, 5 Seymour Ave	US
S3-799716154	Fredrika Griffin Cóntinental Pinnacle LLC	Maryland, Ellicott City, 2824 Still Leaf Lane	US
S3-222487454	क्रिएटिव इंफ्रा प्राइवेट लिमिटेड	Block A-818 D-301, Plot No.1, Om Satyam Apartment Sector-iv, Dwarka, New Delhi, West Delhi, दिल्ली	India
S3-555584568	Valley Alliance V Inc	1568 Cr 270 Rd, Weimar, Texas	US
S3-309787615	Fluxnovi	Blossom St, Unit 1, Woburn, Massachusetts	US
S3-938952505	Sampati  +	Delhi, 97 House No 922, DL, North West, Khasra No 177 Ground Floor Near Shiv Mandir Village Jaunti	India
S3-3619598	India Vidyalaya Private Limited	Plot- 22, Mumbai, Mumbai City, महाराष्ट्र	India
S3-650253746	JQ Markets, LLC Services	420 W 6th Saint, Davenport, Iowa	US
S3-919071558	Surat Pvt Ltd Partners	432, L.g. Floor, New Textile Market, Navabwadi, Begampura, Surat, Bharuch, ગુજરાત	India
S3-359339892	colonial center	Pennsylvania, 502 Pine Creek Hollow Road, Haines Twp	US
S3-437793361	R 2 T		US
S3-251168933	Utrtihed & Co LLP	27 Vill Sarso, Tola Sarisab, Panch Sarisaw Pahi(w), Block, Pandaul, Madhubani, बिहार	India
S3-723031849	Keeley, Lofton and Bnaez Múltimedia Inc	00641 Sawyer Avenue, PMB 9158, Chicago, Illinois	US
S3-428761374	AWVI Steels Private Limited	F. No. 1007, Hyderabad, TG	India
S3-681474487	ALLIED TOTAL ÍNDUSTRIES L.L.C.	Morse St, Akrno, Ohio	US
S3-196083993	Supreme Fnisce Pvt Ltd	H.no 829 Boral Sardar Para, Near Sitala Mandir, P.o. Boral, P.s. Sonarpur, Parganas South, Calcutta, পশ্চিমবঙ্গ	India
S3-20522154	Royal Edison	6018 Morgan Ct, Alexandria, Virginia	US
S3-21736943	Chiropractic Clinic	108 Green St, Unit 1/2, Mendon, Ohio	US
S3-481772161	Doteclnn Inc	2433 Butlin Dr, City Of Beloit, Wisconsin	US
S3-217797923	Mishler Pehbimhan P.C.	38 Estes Street, # 7, Lynn, Massachusetts	US
S3-576935924	GREAT DENTAL [ASSOCIATES]	514-518 Hatchie Station Rd, Mercer Township, Tennessee	US
S3-488964537	Galaxy International-School Holdings	Vasai, Thane, Redbricks Business Plaza Virar West, MH, Office No 231	India
S3-473950107	Vera Salzman Merchants  Co	2107 Bedford Bend, Tennessee, Mt. Juliet	US
S3-619446965	Surgical Surgical [Medicine]	3242 Cheryl Drive, # 214, Phoenix, Arizona	US
S3-252564018	Soto, Wrhl and Quick Social, Inc	15458 Farm Roda 1090, PO Box 9687, Cassville, Missouri	US
S3-479707798	Moccia Laboratories Center	4909 Jameswya Rd, Ftworth, Texas	US
S3-63252063	A Ármada Corp Service	408 Walden Forest Rd, Tennessee, Signal Mountain	US
S3-266156713	Hunt Modern Intalldient, LLC	4 Lehman Ct, Hampton City, Virginia	US
S3-851326180	Supreme Prime Lithium LLC	New Mexico, 135 Hummingbird Lane, UT Epark	US
S3-27905705	>> T 2 Relmialble Supply, LLC	Louisville, 5405 Merribrook Ln, Kentucky	US
S3-459961274	Beatty Quasaredge	8744 Nye Rd, Casitas Springs, California	US
S3-772071932	Dr Cnc  Consultancy Private Limited	No C-980 503, AP, Vishakhapatnam	India
S3-52612531	Gulf Tri-State Armada Group	22 Cedar Pond Rd, Durham, Maine	US
S3-781915732	Priya Steel Private  Limited	Q501 Veer Savarkar Height, Ahmedabad, GJ	India
S3-998915556	Inn & Có Industries	Kolkata, Howrah, 9A., Ganesh Chandra Avenue, Commerce House 7Th Floor, Room No. 5, WB	India
S3-154085540	Mahavir Investmentprivate Limited Partners	Hn 916 G-2/3, Gajlaxmi Apartment, Off Ram Mandir Road, Baabhai Naka, Borivali (W), Mumbai, Mumbai City, MH	India
S3-824372961	Harris Reliable  System LLC	7 Alberts Ln, Fl. Ground Floor, Valmeyer, Illinois	US
S3-100953421	Únitedindia.Com	GJ, Kachchh, Plot No. 170, Adipur, Ward-2b	India
S3-355622469	Patriot Kkr Associates Corp	01554 Second Ave, # 17, Gold Hill, Oregon	US
S3-409424412	Highland Pinnacle  Westin-LLC	012555 37rd Pl, Oklahoma, Tulsa	US
S3-432373579	... Nagpur Vanijya Piavcae Limited	Door No 63/2, N/A, Dist. Nagpur (MS), महाराष्ट्र	India
S3-953545551	Children'S Fund Inc	225 Baird Street, West Liberty, Ohio	US
S3-117363960	>> stryker rent 1lc	103 Grfield St, Stryker, Ohio	US
S3-987433751	Elegant Cónsultancy Public Limited	G No-71 Ap Velu, Bhor, Pune, महाराष्ट्र	India
S3-814700422	Llc American Frontier Partners	19556 2525 Road North, Lexington, Illinois	US
S3-756119335	All Infra Pvt	1587 Mie Bahadurgarh, Haryana, Jhajjar, हरियाणा	India
S3-192823377	Ludhiana Technology Private	Ludhiana, PB, Cabin No. 1	India
S3-565985809	M/s Apex Foundation  Pvt	Hn G-367 A-307 Priyadarshini Apptts17 I P Extn, New Delhi, DL	India
S3-256584590	Henry Dynamics	667 Sugar Ave, Ontario, Oregon	US
S3-585613652	Federal Coastal Office Family	370 Rockrimmon St, PMB 1256, Belchertown, Massachusetts	US
S3-125287699	Sunderland Baptist Assocoiogiron		US
S3-572106531	anatola l. elam, d.c.	5367 1/2 Derron Ave, Memphis, Tennessee	US
S3-65605519	properties ocean industries ventures private limited	H.no 13Th Foor, Darjiling, Darjeeling, পশ্চিমবঙ্গ	India
S3-397832504	CONGREGATION ISRAEL	3973 14th Pl, Phoenix, Arizona	US
S3-253035583	Thane Thane Technologies Limited Center	Office No.117, 1 Floor, Shivji Market Soc. Ltd. Plot No 8 & 9, Sector 19D Vashi, Thane, New Mumbai, MH	India
S3-598437818	World Global Private	Block B-774 P1 - 017, Viya Workspace, 1, No. 36/1, Raghav Tower, Coimbatore, Coimbatore South, TN	India
S3-654401889	Pvt. Chennai Properties Ltd.	Plot No 2-0 & 21, Chennai, TN	India
S3-574922423	Integrated  Wireless Alliance		US
S3-742839610	Pawhuska Autism Assistance Program Summit	#726 Kihekah Ave, Pawhuska, Oklahoma	US
S3-956977855	Terrene Trust Memorial	5 Chandresh Bhuvan268/70 Shahid Bhagatsingh Raod Near Gpo, MH, Mumbai	India
S3-555405995	Sion Horizno Cloud LLC	49 Field Street, # 2, Brockton, Massachusetts	US
S3-372466094	Jai  Academy	Unit 7B, Howrah, Kolkata, WB	India
S3-97586276	Malappuram Infrastructures Private Limited	Apsara Arcade, Ponnyakurussi, Palakkad Road, Perinthalmanna P. O., Malapuram, Malappuram, KL	India
S3-671927606	831 Jefferson Ave-Management Company	211 Benelli Drive, # 609, Hutto, Texas	US
S3-478752573	Royal Sbngihaim Builders	Office-1209, Navimumbai, Thane, MH	India
S3-78473192	Cornerstone Technical Eanlercprises Inc	1129 23st Ave, Moorhead, Minnesota	US
S3-64755546	Sasoft Inc	#5901 Oak Summit Circle, # 407, Raleigh, North Carolina	US
S3-336005400	श्याम आईटी लिमिटेड	27/23, Punjabi Bagh Extension, West Punjabi Bagh, New Delhi, West Delhi, DL	India
S3-923212746	Fin 8rotadcantig LLP	D/602- Excellency Tower, Indralok Phase 8 Bhayander East Mumbai, Mumbai City, Mumbai, MH	India
S3-98086119	Dr Lakhi Solar Private	C-40, New Delhi, North West, दिल्ली	India
S3-27962893	Indore Foundation Pvt Limited	113, Indore, MP	India
S3-180835024	Windle  Systems	473 65, Brnhards BAY, New York	US
S3-971001826	Kebrium	08410 Flavel St, Unit 54, Portland, Oregon	US
S3-503879571	Vpa	No.2023, 3Rd Floor, 100 Feet Road, D Hal 2Nd Stage, Domlur, Bangalore North, Bangalore, Karnataka	India
S3-852112296	Fortune Services Private Límited	Sco 2-7, Ambala Chandigarh Highway, Zirakpur Sub Post Office, Silver City Main, Mohali, Rajpura, ਪੰਜਾਬ	India
S3-797040042	101  Alternative	Lovett Ln, Spring, Texas	US
S3-845836682	Reliable Hospitality Associates Centre LLC	##1309 Criterion Ave, Fl 0, St Louis, Missouri	US
S3-939483446	Oncology-Associates LLC	625 Rester Road, null, Alabama, Theodore	US
S3-608382667	Wexwextavo	#1904 Trafalger Cv, Cedar PARK, Texas	US
S3-378468243	LLC Supreme Hóspitality Ventures	Glen Stripe Dr, Indian Trail, North Carolina	US
S3-929853564	Gangotri (India) Structures Private Ltd	C-50, Barwala Road, Hisar, HR	India
S3-175581467	इनोवेटिव Lakshmi Investments प्रा. लि.	#302/3, Adi Apartment, Mohan Nagar Co Op Soc, Opp Maruti Mandir, Baner, Pune, MH	India
S3-550600723	Diamond Packaging Innovations CORP	3000 Tilden Street, Unit 303, Washington, District of Columbia	US
S3-130085030	Private Psa Prodduts Limited	#280 Voc Staeet, Frist Street Thasildhar Nagar, Madurai, TN	India
S3-765215996	Workman  Centurion of Ktxvilfe	515 Cafego Place, Unit 411, Knoxville, Tennessee	US
S3-976783203	Our Construction Ltd	Kd 5-9, Central Delhi, North West Delhi, DL	India
S3-68089048	Primary Care  Classic Associates Inc	57915 Somerton Hwy, Barnesville, Ohio	US
S3-306386388	Silver	16408 Pearl Lane, Unit LOT E, Buhl, AL	US
S3-401730059	Baptist LLC Church Patriot	Illinois, null, 2821 Walnut Avenue, Matton	US
S3-549619677	l8y.com	39448 Knieriem Road, Corbett, Oregon	US
S3-404613688	Empire Investments,	5145 45, Auburn, Indiana	US
S3-215010021	Sree Perfect Private Limited Services	AP, Prakasam, Kandukur, Jayavaram, 1-3	India
S3-250130054	ONCOLOGY CARE ASSOCIATES	408 Red River Trl, Unit 2027, Irving, Texas	US
S3-204895232	Shayla'S Advanced Book	173- Samarra Estates Dr, Fenton, Missouri	US
S3-750802107	Twisted Twisted Barbershop	0700 -900 14th St, Baton Rouge, Louisiana	US
S3-803207159	Lalita (India) Micro Private	H.no 103 Navyoug Ghs, Galleria Dlf-iv, Gurgaon, हरियाणा	India
S3-273778002	Korjaxio fka First Investments Limited	505A, Azamshah Layout, Sakkardara Chowk, Nagpur, Maharashtra	India
S3-111519768	Harbor Colhmiittee LLC	317 Joshua Landing Court, Seymour, Tennessee	US
S3-664393038	Vantagehaloio doing business as Pediatric Dentistry Care Associates LLC	9404 62nd Drive, Marysville, WA	US
S3-113856632	North Law Group	2454 Lynch Mill Road, Altavista Town, Virginia	US
S3-751036817	Classic Ássociated	136 Washington Street, Omaha, Nebraska	US
S3-637210711	Davis Rocky  Resilience	413 1/2 1612, Alba, Texas	US
S3-702886358	Tirupati Producer Pvt Ltd.	Shop-4, Satellite Park, Mahakali Caves Jogeshwari East, Mumbai, Vasai, महाराष्ट्र	India
S3-449838682	#davue	03971 Breen Drive, # APT, Indianapolis, Indiana	US
S3-971067777	Apex Software Private  Limited	370, House No.6, Ward-3b, Sai Residency- 3, Adipur, Gandhidham, Kachchh, GJ	India
S3-791513035	Human Rights Trust Inc	Texas, 5626 Berkeley Drive, Tyler	US
S3-185675242	Consultants Hmd-Marketing Private	Hyderabad, Rangareddy, Street No.4, Vani Nagar, TG, H.no.2-250/g2	India
S3-433276937	Fay Blaney Capital Imperii Inc	206 Properzi Way, Alabama, Huntsville	US
S3-120559772	Firsttransitenterprises.Com	New York, Brookhaven, 32 Jeanatta Ave	US
S3-51230522	Markham  and Bacchus	30 Arnold Gamble Cir, Sacramento, California	US
S3-411197621	जय ॐ एग्रो लिमिटेड	R No. 47, Plot 47, Gate 6, Kachha Rd Elias Sarwat Ju, Malad West, Mumbai, महाराष्ट्र	India
S3-754746288	Mosoft Wlbdie	43-45 Charlton Rd, Ballston Spa, New York	US
S3-228328713	Twisted Lakeside Cafe	Texas, 609B Bordeaux Drive, Rockwall	US
S3-999850082	Bennett ánd Elliott Health, LLC | www.bennettn.com		US
S3-747818695	... Regiona1 Associates West (Center)	Johnstown, Ohio, 5546. Miller Church Road	US
S3-544778710	Santos and Sedor	105 Villa Club Dr, # 203, Winston-Salem, North Carolina	US
S3-487937121	67/71-Associated  Ltd	#7088 Sunny Acres Way, Ash Fork, Arizona	US
S3-11054457	BRIGHT BRIGHT CORPORATE, INC	Lead Line Rd, Virden CITY, Illinois	US
S3-886898831	0m Stár Agro Pvt Ltd	No ##98 C/o Hatem Sha, Chhaptala Nurai Para Suri, Birbhum, পশ্চিমবঙ্গ	India
S3-601321135	Data Global PLLC Partners	4531 Gully Pl, Dallas, Texas	US
S3-240604492	private krishna infrastructure limited	No 641 Pt No 53, 56&58, Nizampet, Hyderabad, తెలంగాణ	India
S3-54093255	Digital Wealth Alliance	9314-9318 Cherry Hill Road, Unit 609, College Park, Maryland	US
S3-798832686	Jarvis,-Efael, Ph.D.	97200 Bell Road, Unit 633, Surprise, Arizona	US
S3-485850674	लक्ष्मी सिल्वर इंफ्रास्ट्रक्चर	121/04, Nagda, Ujjain, MP	India
S3-577843775	Perfect फूड्स Private Limited	N-002/11 Dlf City - Ii, Gurgoan, HR	India
S3-925821872	Creative Analytics Technogogies [Corp]	Ohio, 2256 Valley Wood Drive, Akron	US
S3-327387740	Gleason Cadriology Inc	065 Redwood Ln, Massapequa ARK CITY, New York	US
S3-889432521	Cherishsmile.Com	15-27, Andhra Pradesh, ఆంధ్రప్రదేశ్	India
S3-311325674	క్లాసిక్ సిస్టమ్స్ ప్రైవేట్ లిమిటెడ్	Flat No.101, Hyderabad, Andhra Pradesh	India
S3-188624515	Singleton Seas Corporation Center	Le Grand St, Salt Lake City, Utah	US
S3-441786157	एसएस आनंद टेक्नोलॉजीज फर्नीचर प्राइवेट लिमिटेड	No ##95 Ground Floor, South Delhi, DL	India
S3-658260238	Bivue Quality  Eastern Inc	7556 1050, Milrooy CITY, Indiana	US
S3-985886816	Beecher, Dippel & Putnam Intelligent Partners Corp	823 Altadena Lane, PO Box 735, Dallas, Texas	US
S3-524175978	Bengal Mutual	Chingavanam P.o., Kottayam, KL	India
S3-646098176	palmerbasilbeatycom	10410 55th St, Brocket, North Dakota	US
S3-873526616	Historical Initiative Metro PLLC	1113 11st St, # APT B, Nitro, West Virginia	US
S3-824641972	Devine, Morris & Anderson	31508 Village Green Ct, Warrenville, Illinois	US
S3-354116562	Indo Technologies ప్రైవేట్ లిమిటెడ్	Sy.n.6/a, Hyderabad, TG	India
S3-633157558	Rise Growth Exports Private	B-0027, Bijnor, UP	India
S3-568704651	American-Legacy Highview	3030 Elassona Ln, Fresno, Texas	US
S3-76767585	Red Lssxbi Projects Technologies	MH, Mumbai City, 51, Mumbai, Alka, 15Throad, Gazdar Scheme, Nr. B.r. Chopra Office, Santacruz (W)	India
S3-627940147	अल फूड प्रा. लि.	#A-364 Lgf 82, Rajhans Plaza, Ahinsa Khand 1, Ghaziabad, UP	India
S3-301534847	Pediatric Associates Co	Waverly, Ohio, 248 George Hollow Road	US
S3-633364257	Cheri Anderson MD Inc.	6950 Heller Rd, Greenville, Ohio	US
S3-234094076	Dosusannatipton.Com	1408 Black Forest Rd, Hull, Iowa	US
S3-673388311	सुपर टेक्नोलॉजी	N-1201, Prateek Laurel, Sector-120, Noida, Gautam Buddha Nagar, Noida, UP	India
S3-23545782	Mr Jai  Solutions	#75, Shaikpet, Hyderabad, తెలంగాణ	India
S3-531764367	Sri Sps Digital Private	Plot No. 38, Poonamallee, TN	India
S3-162536129	Moreauseas.Com	8449 Hon Loop, Arkansas, Waldron	US
S3-485154350	Whitfield, Dds-G., CPA, Francine PC Co	16905. Santa Barbara Dr, Redding, California	US
S3-426774798	Inc Optimal Merger	505 Monroe Avenue, Bradley, Illinois	US
S3-118752531	Besant Nagar Association Association Pvt.	TN, Chennai, Besant Nagar, C1 Royal Villa 34/12 Rukmani Road Kalakshetra Colony	India
S3-735151562	Smart-Advanced Diversified PLLC	427 Union Ave, # Apartment 1, Mamaroneck, New York	US
S3-192503740	Katni Impex Ltd	Katni, Near Mammu Medical Rafi Ahmad Kidwai Ward, Tehsil-katni, MP, Roshan Nagar	India
S3-349577057	P/J	27 Commodores Court, Hull, MA	US
S3-192434682	Dn Academy	Flat No. 26, Bhubaneshwar, Khordha, OD	India
S3-147530634	DHARIWAL DHARIWAL FINANCE LIMITED - 4593728269	12, Floor-1, Plot -570A, Shanti Nagar Chs, Mumbai, महाराष्ट्र	India
S3-894358799	Flores's Consultants Inc	00105 Dohm Avenue, Guilford, Connecticut	US
S3-769094901	Butler, Birch (&)	4000 25th Ave, Rock Island, Illinois	US
S3-878722242	GF Supreme Odyssey L.L.C.	Sampson St, Jamestown, New York	US
S3-207418140	India Srinivaas Tiles Pvt. Ltd.	Bldg No. 5 Room No. 15, Mumbai, Mumbai City, MH	India
S3-50856345	स्टार ग्लोबल इंफ्रा प्राइवेट लिमिटेड	Unit No. 143, 1St Floor Vipul Trade Centre, Sector-48, Sohna Roa, D, Gurgaon, HR	India
S3-987779665	Yashasvi Avenue Limited Services	H.no 16-289/1, Operation Colony, Vishakhapatnam, Arilova, AP	India
S3-423018510	Ramos Harbor Land North L.L.C.	4254 Consaul Road, Niskayuna, New York	US
S3-426871795	Casper  Twin	Putney, Kentucky, 36B Putney Camp Loop	US
S3-548636569	Pawan Creations Pvt. Limited	Pl N 3 Sh N 7 F F, Patel Colony, GJ, Surat City	India
S3-285259068	Evosollum doing business as Salazar & Palacios PLLC	6712 Braeview Drive, Fort Worth, TX	US
S3-248953740	Lexine Wells Harbor Glass Group	8262 Hillside Rd, Rancho Ucamonga CITY, California	US
S3-878763068	Nursingpkr.Com #24736	R No.4, Mumbai, Mumbai City, MH	India
S3-960893435	Gopi (India) Engineering  Private Ltd	Flat No. 08, C1 Building, Ganga Satellite, Wanowrie, Pune, MH	India
S3-286615172	5ader Foundation Private  Limited	H. No. 422, Badgo, Sader, Gorakhpur, UP	India
S3-789657711	Maid Bike Shop Inc	3044 5th Avenue, Port Arthur, Texas	US
S3-156262205	Digital	I St Floor Rohit Bhawan, Sapru Marg Hazratganj, Lucknow, Uttar Pradesh	India
S3-496019093	Vere N. Baker, DPM Eastgate LLC	5613 New Design Road, Unit C105, Frederick, Maryland	US
S3-567925445	Aspen	1445 Ogden St, # 215, Washington, District of Columbia	US
S3-767306218	Siemens Group of Companies	Shed No 128-B, Harohalli Industrial Area Phase 1, Kanakapura Taluk, Bangalore Rural, ಕರ್ನಾಟಕ	India
S3-934298180	Western Platinum  Element LLC	407 Ridge Crest Ct, Mobilee CITY, Alabama	US
S3-998847981	8ay LLC Goldman	213 Greens Cross Rd, Windsor, North Carolina	US
S3-276389636	Orbiflux Labs D.B.A. Ear Nose & Throat Health of Waukegan Associates	3145 Central Avenue, IL, Waukegan	US
S3-240446875	Rey Brotmirse Enterprises Limited	Door No. 11, Hanchala Gate, Kasaba Hobli, Bangarpet Taluk, Kolar, KA	India
S3-825789688	Anand Trgdoigen Limited Limited	7-01-A, 7Th Flr, Rajvilas, Plot No. 642 Manpada, Ghodbunder Rd, Thane, MH	India
S3-146450833	@strategicmountain	4495 1/2 Highway 70, Dickson, Tennessee	US
S3-999831260	Standard  Genomic Technologies Inc.	390 Broad Street, Canfield, Ohio	US
S3-282301003	Link Pvt. Vehicle Ltd.	New Delhi, Lower Ground Floor, Office No.-10-a Prince Plaza, Sant Nagar, East Of Kailas, H, 252-B, दिल्ली, New Delhi	India
S3-830159945	Quozetaonyx f/k/a Cody Winston Plum LLC	4502 Superior Square, Unit STE 4502, Fairfax County, VA	US
S3-177959110	Jai Foods  Pvt Ltd	Sankalp Residency Flat No, 401 Sr No 39/1 Plot No 12, Haveli, Pune, MH	India
S3-362608235	Mayfair Trading Exports Private Limited	C 23/22, Navi Mumbai, Thane, महाराष्ट्र	India
S3-398066922	NKBF Private Limited Services	No 90 C/o Arpit Jain, Kakarwaya Shivpuri, Barodi Madhya Pradesh, Shivpuri, MP	India
S3-127354316	Jobye Mack  Inc Center	11625 Robinson Drive, # Apartment 309, Coon Rapids, Minnesota	US
S3-530397638	Cornerstone Ínc	127 Hillcrest Rd, Maggie Valley, North Carolina	US
S3-401612964	Tri-State Asa	4109 Blue Ridge, Kansas City, Missouri	US
S3-960511441	Anand Enterprises Limited 5ervices	Indranagar, H.no 628 S/207/2, Lucknow, UP	India
S3-243409236	Aone Ventebres Private Limited Limited	WB, Murshidabad, Mensuganj, C/o- Sekh Samirul Islam	India
S3-816866891	Urgent Care Quality Center PC Commission - 5959538230	2909 Easy Way, Carmichael, California	US
S3-40256445	Rhs-Trading [Corp]	B-401, Rivera Springs, Sky City, Shela, Ahmedabd, Ahmedabad, GJ	India
S3-300254429	Miex Ínc	2895 Grandview Dr, Clarkston, Washington	US
S3-403132167	Dyna's Prrng	4834 311nd Ct, <NULL>, Auburn, Washington	US
S3-750834403	United Coastal Valuence  LP	524 Plane Saint, Burlington, Iowa	US
S3-578455651	Behavioral Hgnelht Rocky Care Associates	4829 Catalpa Avenue, Chicago, Illinois	US
S3-356734271	Onyxnyla DBA Sunrise Engineering Private Limited	Kozhikode, Puthussery Arcade, Kadiyangad Junction Kadiyangad Post, Perambra Via, 55/10, Kozhikode, Kerala	India
S3-254220836	Degroot Quality Cealnign LLC	1877 Hodnetts Rd, Pittsylvania County, Virginia	US
S3-29739711	West Jordan City Autism Assistance Continental Project Inc.	Utah, 5876 Discovery Drive, West Jordan City	US
S3-960615528	Sunrise Cousltihy Limited	Raisen, E-9, E-10, Phase-ii, New Industrial Area, Mandideep, मध्य प्रदेश, E-8	India
S3-758901704	Johnson Secure Farms	9345 Hadway Dr, Indianapolis, Indiana	US
S3-437971851	Moya	1585 Jonesboro Road, Atlanta, GA	US
S3-514939757	Lauren Manni Advisors Greater	2740 Kenview Road, Columbus, Ohio	US
S3-569085578	Aspen Llc	00 Sassafras Circle, Chelsea CITY, Alabama	US
S3-873382589	मां एक्सपोर्ट्स	##855, Allahabad, उत्तर प्रदेश, Allahabad, Kathula, Gauspur	India
S3-147994902	Cardiology Physicians Partners Ltd	876 Mule Train Trl, San Tan Valley, Arizona	US
S3-150744459	NICHOLAS ARIA OF SMITHTOWN	##26 Seventh Ave, PMB 1785, Smithtown, New York	US
S3-710867378	Jaxaria formerly known as Bay College L.L.C.	265 Opal Road, Carrollton, IL	US
S3-564552604	यूनिवर्सल मां प्रोडक्ट्स एलएलपी	B-a-356, New Delhi, दिल्ली	India
S3-770393694	Blakeman Vehicle	121 Zephyr Dr, Silver Lake, Washington	US
S3-924824386	Tech Infotech  Private Ltd	4-6-375/3/8, Sri Siddi Vinayaka Apartm, Karimnagar, Karim Nagar, TG	India
S3-558102281	Limited Fortune It Services	Fl 205 Grandview A-7, S.n 5/6, Nr Ashok Layland, Ambegaon Khurd, Pune, Haveli, MH	India
S3-845097458	#Envaonsui	83482 State Highway 11, Wakita, Oklahoma	US
S3-45074617	Malappuram Realty Private  Limited	1/384, Thaha Manzil, Puthiyiruthi, Ponani, Malappuram, Malapuram, KL	India
S3-579112664	Lyrakor Co F/K/A Tri-State Heartland Bakery	294 Main Street, Holden, MA	US
S3-297219445	nycwelfaresociety.com	1 Patel Apartments Opp State Ban, Iit Powai, Mumbai Maharashtra, महाराष्ट्र	India
S3-699525723	Courtney Enterprises [Inc]	26 Columbus Street, Columbus, Ohio	US
S3-714974839	Silver	184 Old Hwy 19E, Roan Mountain, TN	US
S3-746439998	Tirupati Engineering Hardware Ltd	#481/C/26 Shakti Nagar Near Venus Kids Scholo, Gurgaon, हरियाणा	India
S3-728383039	Veoveodelta	105C Munnsee Ct, Garner, North Carolina	US
S3-103529749	Montan LLC Service	440 Primrose Drive, N/A, Salisbury, North Carolina	US
S3-642118528	united cayman corp	23 Woodland Aster Way, Asheville, North Carolina	US
S3-277800919	Xylokor dba Ramakrishna Creation Private Limited	Flat/Plot No 418, Maharashtra, Mumbai City, Mumbai, Floor 4Th, Manish Chamber Sonawala Rd, Nr. Udyog Bhavan, Goregoan, E	India
S3-91029727	Gaba Plantations Private Limited	Domlur Extention Bangalore, 496, Amar Jyothi Layout, KA	India
S3-150553418	Acme Sangh LLP	Shop No.u.g/030, Surat, ગુજરાત	India
S3-698519941	Pediatric Déntal Clinic	85- Azalea Ln, Andrews, North Carolina	US
S3-823974936	Golden-Health	211 Colonial Homes Dr, Unit 2204, Atlanta, Georgia	US
S3-634832082	Blue	751 Fletcher Avenue, Indianapolis, IN	US
S3-987286465	Ectoarc aka Zaborowski Dividend Inc.	1741 Almond Street, Dos Palos, CA	US
S3-440918896	Agro  Cotton Realty	Mahesh Tower, Lucknow, UP	India
S3-956093237	Llc Custom Staffing Partners	212 H St, Washington, District of Columbia	US
S3-150805296	Masco Fnodatsibn	Ghaziabad, Indrapuram, Ghaziabad, UP, 167- Ground Floor Abhay Khand - 1	India
S3-526812841	Urgent Care Clinic Llc	594 Willow Ct, Benicia, California	US
S3-209440284	Shivam Engineering Limited	378, Bangalore, KA	India
S3-283475273	Downtown  Seafood Ventures		US
S3-848430378	Melisandra's Landscaping,  LLC	1870 A 36, Rising Star, Texas	US
S3-777663931	Bombay Marketing Private Ltd	Flat No. 1102, 11Th Floor, Skyper-8 Devika Skyper, Khasra No. 1148, Rajnagar, Extension, Ghaziabad, UP	India
S3-913531372	Novay-Solutions	Tacma, Washington, 3923 11th Street	US
S3-299086504	TR Foundations Private	Bungalow No. 9/3, Juhu, Mumbai, MH	India
S3-941206916	White International  School	WB, 2 No. Geetanjali Pally, Nao Para, Barasat, North 24 Parganas, Parganas North, Kolkata	India
S3-114174995	Silver Hr Studio	10917 Trumbull Road, Tolleson, Arizona	US
S3-635632086	Kelonex	311 Schenck Avenue, Oakwood, OH	US
S3-86502669	Smh Memorial  Trust	Amravati, Hluse No. 01, MH, Dharni, Burhanpur Road, At Dharni Tehsil Dharni	India
S3-560869625	Regional [Services]		US
S3-679306919	Cozy  Massage	Mission Hills Rd, Chrlotte, North Carolina	US
S3-196499912	Malynda Wright Star Vision  Inc	3074 Airport Rd, Carroll County, Virginia	US
S3-625469386	Tech Foods Private Ltd	H.no 786 15, F.p.396, Fariawala, Estate, Opp. Hotel Avtar, Ahmadabad City, Ahmedabad, GJ	India
S3-64785079	Royal Consulting	100 Amber Woods Drive, Fort Mill, South Carolina	US
S3-17868593	Custom Trust Corp	New York, 1618 3rd Ave, Watervliet Ciity	US
S3-619105304	Lakshmi Systems Bakery Private Limited	42-460/12, Gayatri Nagar Moula Ali, Hyderabad, TG	India
S3-648918227	Glyfelle Systems	16124 Mcconnell Dr, Upper Marlboro, Maryland	US
S3-509638887	Prime Equity Glóbal Inc	Houston CITY, Texas, 4646 Carmen Street	US
S3-43992590	Miller Central  L.L.C.	192nd Pl, Lynnwood, Washington	US
S3-331230939	Apical Private Enterprises Limited	Mumbai, Thakur Village, MH, 1708 Oberoi Park View Wing B	India
S3-517375803	Mumbai Management Overseas Private Limited	Door No 13 Shree Sadguru Saibaba, Bombay, Mumbai, MH	India
S3-156542563	Parth Insdmuries Insdmuries Group	North 24 Parganas, Sreebhumi, WB, Flat-2/b	India
S3-773752289	beacon source partners	##51 Thistledown Ln, Springboro, Ohio	US
S3-790858031	Gulf Health Cenre		US
S3-396024428	Certified Consultants Industrial	628 Oldham Street, Baltimore CITY, Maryland	US
S3-113418541	Mr RAM PRODUCER PRIVATE LIMITED	Devraj Tower, New Delhi, South West Delhi, DL	India
S3-493965647	Young  Resources	907 Glass Mountain Cove, Georgetown, Texas	US
S3-116619756	private jai tech limited	No 2-1-33/En Saraswathi Colony Main Road, Hyderabad, TG	India
S3-276652046	Department óf Consumer Affairs	931 Bostwood Ln, North Carolina, Concord	US
S3-476583742	Miller Indeenedrnce Co	Akon, Ohio, 872 Kenmore Boulevard	US
S3-331038900	Orbidelta	76, B. B. Ganguly Street, Kolkata, Hooghly, Howrah, WB	India
S3-133093604	Batesville-Delta Center	1096 46, Batesville, Indiana	US
S3-706518811	Prater, Jorie,	100 Shady Oak Dr, New Market, Alabama	US
S3-890209782	Jeffreys L.L.C. Center	North Carolina, 2645 1A Ingleside Dr, High Point	US
S3-831228255	Jabalpur Time Industries	H.no 46, Jabalpur, Civil Lines, MP	India
S3-864578102	Chapman Chóice Petroleum	17580- Golden Ln, Waddell, Arizona	US
S3-742104321	Developers Akshaya Research Private	Door No 862 P No. 113 Gamanagatti Industrial Area, Hubli, null, KA	India
S3-149115981	Riverside Lenet Partners Riverside	3616 Millstream Ridge Drive, Charlotte, North Carolina	US
S3-716650886	Taraendeon (Services)	H.no 2/203 Jankipuram Extension, Lucknow, UP	India
S3-335519697	Emerald Partners LP	1320-1322 Hillcrest Place, Branson, Missouri	US
S3-891372463	Square Trading [Private]	Howrah, Kolkata, 24, Hemanta Basu Sarani, Manglam, A- Block, R. No. 201, WB	India
S3-844635447	Green Research Concepts Llc		US
S3-796139645	Mr Om Próducer	Plot No.63, Flat No.103, Ananda Nilayam Street No.1 Radhanagar Colony Bandla Gud, A, Hyderabad, TG	India
S3-950755943	Economic Development	004702 Brazos Shores Drive, Sugar LAND, Texas	US
S3-789143446	Pediatric	87-59 86 Street, Woodhaven, NY	US
S3-954912425	Arctavo f/k/a Raso & Vanderpool Fox	2215 San Juan Trail, Tucson, AZ	US
S3-813502551	Koch Charter Schl	8906 Marcella Avenue, Fl 0, Saint Louis, Missouri	US
S3-101683680	alphacare.com	A 204 Sawali Co Op Hsg Soc Plot 41 Sec 5 Khacgar, New Bombay, Raigarh, महाराष्ट्र	India
S3-180722006	DIGITAL INFOTECH PRIVATE LIMITED	New Delhi, 52, DL, North West, Office-1, Pocket-6 Sector-2 Rohini Delhi	India
S3-541285195	joanie's metro development	210 1st St, Clara City, Minnesota	US
S3-762062305	Read and Lora	7515 Madison Estates Drive, Hanover County, Virginia	US
S3-910860767	Varshesh Ihnsittute Private [Limited]	#84-B U/g/f (F/P) G-1, New Delhi, DL, Arjun Nagar	India
S3-797856937	Eilis Trupiano	3 112st Street, Unit Apartment 2, TOY, New York	US
S3-872505464	shaktiinvestment.com	8C/6, Wea, Abdul Aziz Road, 3Rd Floor, New Delhi, Karol Bagh, DL	India
S3-29014285	Karkala Sfichdol Pvt. Ltd.	Door No 246 S No 385/2B2, Karkala, Bangalore, KA	India
S3-723739473	Quonyla Sys DBA: Nexora Bond LLC	81 Ina Rose Lane, Four Oaks, NC	US
S3-317660779	Evovera	Ahmedabad, Third Floor, Premier Chambers, Sun House, Old High Court Road, Near Loha Bhavan, Ahmadabad City, ગુજરાત, 276 2	India
S3-713441076	Gajananenterprises.Com - 4716754689	F-d/109 Vardhman Plaza Complex Lsc 2, Pocket B, Mayur Vihar 2, New Delhi, Delhi, DL	India
S3-2784090	Pediatric-Cabee Associates	Indiana, Winchester, ##34 Stonebridge Dr	US
S3-707152993	... Allied Deutsche Cdinhfic	9 1/2 Salisbury Park, Unit 1, Dorchester, Massachusetts	US
S3-197356098	Private Ub Commercial Ltd	Plot No G/a/2/11, P L Deshpande Marg Shahunagar, Chinchwad, Pune, Poona, MH	India
S3-293203331	Crosby Ear Nose & Throat Specialists Co	0020023 Night Bird Trl, Crosby, Texas	US
S3-307730141	Pec Management Pdriite Limited	Unit-211b, Capital Park, Image Gardens Road, Ayyappa Society, Silicon Valley, Hyderabad, Shaikpet, TG	India
S3-914242375	The A Cure 7 IT Inc	3 Whispering Pines Ct, # B, Macon, Illinois	US
S3-976981570	KRI Services Private-Ltd	T1, Chennai, TN	India
S3-818012211	Ricca Oneill Crest	11 Woodbury Street, Portland, Maine	US
S3-475888649	Martin'S Pizza Harbor	99. Snowy Hill Dr, Bruceton Mills, West Virginia	US
S3-782934588	நியூ பவர் ஃபுட்ஸ்	Mettu Street Paruthipalli, Tiruchengode, தமிழ்நாடு, 5-1/104, Namakkal	India
S3-916413466	Burke Optimal	2935 Salem Ave, Saint Louis Park, Minnesota	US
S3-354487284	अर्बन एंटरप्राइजेज प्राइवेट लिमिटेड	#59-A, East Of Kailash, New Delhi, DL	India
S3-502179780	Vega Highland Manulife	1015 Omni Drive, Salt Lake City, Utah	US
S3-736361542	carter & barnes llc	1016 Fair Meadow Way, Onalaska, Wisconsin	US
S3-760540826	viable pro corporation	Jawahar Ward Tehsil Beena, Sagar, मध्य प्रदेश	India
S3-786303139	Technocrat Upliftment Private	Hn 170 B-6/91 First Floor, New Delhi, DL	India
S3-278952966	METRO COMMITTEE III	2401 Friendly Avenue, Greensboro, North Carolina	US
S3-611193392	സ്വസ്തിക് ഗുഡ് പ്രൊഡ്യൂസർ പ്രൈവറ്റ് ലിമിറ്റഡ്	No 222 Kmc Xvii/130 Balavilas Bldgsreenivasa Iyer Road, Kottayam, Kollam, കേരളം	India
S3-616469933	GREAT ESTATE LIMITED	K.v.rangareddy, Andhra Pradesh, Cabin No.3, Unit 5, 3Rd Floor, Kapil Kavuri Hub, Survey No 144 Nanakramguda, Seri Lingampally	India
S3-446499334	Bharat Consultancy-Private Ltd	3 Goenka Lane 1St Floor, Kolkata, Calcutta, পশ্চিমবঙ্গ	India
S3-34800154	united federal [midtown] calam0s	Frisco, 4221 Shiloh Sprin Dr, Texas	US
S3-822434069	Creative Education Brands		US
S3-769728854	Group Primary Care Medicine	Texas, Round Rock, 1810c White Oak Loop	US
S3-654055316	Silver  Realty	740 Sherwood Drive, Florissant, Missouri	US
S3-897658238	newdelhisoftsol.com	B-3-8 Ugf Vishal Enclave Rajouri Garden, Newdelhi, N/A, West Delhi, DL	India
S3-830760463	Glyphium-Safety LLC	Oklahoma, Grove, 26911 622 Ln	US
S3-85106963	Delta Figitness		US
S3-211088741	Othilia D. Plummer, Ph.D. Inc	5011 Sharon Rd, Unit H, Charlotte, North Carolina	US
S3-489732572	பிரைட் லட்சுமி சர்வீசஸ் டிரேடிங் பிரைவேட் லிமிடெட்	Mig /42 Nh9, Ilavazhaganar Street, Chengalpattu, தமிழ்நாடு	India
S3-928389385	Pacific Select	1533 Highland Avenue, Unit 3, Knoxville, Tennessee	US
S3-169422534	8illups  Iron	Wisconsin, Village Of Holmen, 1708 Red Clover Street	US
S3-631426504	Johnson Choy and Larkin Metro	728 Vernal Ave, City Of Milton, Wisconsin	US
S3-308729184	ਅਲਫ਼ਾ ਕੰਸਲਟੈਂਸੀ ਲਿਮਟਿਡ	Opposite Dawat Restaurant Above Indian Overseas Bank National Highway Kh, Khanna, ਪੰਜਾਬ	India
S3-508472919	Mount Ltd Center	0148 Maples Park, West Lafayette, Indiana	US
S3-679656973	Kaveranth Vyapaar Corporation	Cluster L-f Flt No 403, Santorini Project S.no.451, Padur Road, Kuthambakkam, Thiruvallur, TN	India
S3-373533724	P 6 O Communiies LLC	508 Manhasset Rd, Charlotte, North Carolina	US
S3-976437390	Zephyr	Dothan, 605C Ussery St, Alabama	US
S3-97073610	all investments pvt ltd	Mohalla New Agrwa Near Dr. C.l. Jha, East Champaran, Motihari, BR	India
S3-121056320	Garza  Clear (Apartment)	25583- 157th Ln, Arizona, Surprise	US
S3-939754646	Northern Keystone Egh,	2. Country Club Road, Holyoke, Massachusetts	US
S3-487006210	India Lohit Service	207-208 Landmark The Mall, Near Sayaji Vaibhav Library, Navsari, GJ	India
S3-383525841	Optflovue LLC	477 1/2 Glenbrook Drive, Richfield City, Utah	US
S3-734299305	Housing Alliance Co	617 Carbon St, Building Rear, Syracuse, New York	US
S3-440482645	Sunrise Healthcare Private Limited	P No.26 S. No. 309/60, Tiruvallur, Poonamallee, தமிழ்நாடு	India
S3-751653607	3435 Seventh Drive Properties Ltd	4115 Waterford Cir, NULL, St Matthews, Kentucky	US
S3-72066293	Bautista Trust Partners (Coastal)	447 9st Street, Osage City, Kansas	US
S3-782262155	sheardhenry.com	4308 Los Angeles Street, Houston, Texas	US
S3-123165907	सुपर लॉजिस्टिक्स प्रा. लि.	205, Noida, Salarpur Khadar Ct, UP	India
S3-990143312	Atlas Inc	Budren CITY, Kansas, 12805 221rd Rd	US
S3-590798276	Rockwall Metro Blockchain	4608 Steeple Cas Ln, Rockwall, Texas	US
S3-185086847	Industries Vardan Fresh Limited	No 305 705, Delhi, <NULL>, DL	India
S3-638394168	SY  Credit	288 Green Park, Pelham, Alabama	US
S3-581608852	Stefanonallmorrison.Com	31904 Shingle Mill Ln, Arch Cape, Oregon	US
S3-752350413	Winner 8est Ltd	Sub Plot No. 6 60/61 Lati Bazar Gita Mandir Road, GJ, Ahmedabad	India
S3-366581980	Wexzeph	Unit No. 00305, North West Delhi, DL, Delhi	India
S3-991151457	Alexander, Dorman & Guevara PC	001800 Genessee Street, Kansas City, Missouri	US
S3-673093972	విజయ్ హెల్త్‌కేర్ లిమిటెడ్	0011-10-268/6/A/1, Shop Zone, Yellandu, Khammam, Andhra Pradesh	India
S3-968592199	Krr [LLC]	220 Edgewood Dr, Beckley, West Virginia	US
S3-398255581	60/49 Vehicle	482 Glen Lily Road, Bowling Green, Kentucky	US
S3-972100558	& Harmony Saohs	H.no 354 9-11-20, Kalangi Complexkothapet, Guntur, Andhra Pradesh, AP	India
S3-843466533	Human  Rights Guild	0418 Fourth Street, Columbus, Indiana	US
S3-840431518	L.L.C. Crow Reserve	24022 Creek Wood Dr, Spring, Texas	US
S3-562849849	Nsk Liabglaity Private Limited	TN, Chennai, Door No 410 In 4Th Floor. No, 77 Jawarharlal Nehru Road, 100 Feet Road, V, Adapalani, Chennai	India
S3-400096672	Raj Hospitality	B 312 Crystal Plaza Premises Co Op Soc Ltd, Mumbai City, MH	India
S3-430528982	Arias Signature House Inc.	318-320 Second St, Wabasha, Minnesota	US
S3-819053612	Supreme Traders	630, Shakti Nagar, Gupteshwar, Nearbhagat Aata Chakki, Jabalpur, मध्य प्रदेश	India
S3-561529732	Orthopedic Specialists Llc	210 Mohave Ln, PO Box 4669, Meadview, Arizona	US
S3-955857586	Value Commercial		US
S3-378310820	Innovative  Services	Pragathi Complex 1St Floor, Bangalore, KA	India
S3-746922833	firstmedicalstudios.com	3950 350, Columbia City, Indiana	US
S3-973972250	Co Valley Delta Granite	33216 Blue Top Road, Cherokee County, Oklahoma	US
S3-682597825	സായ് ഇൻവെസ്റ്റ്മെന്റ്സ് പ്രൈവറ്റ് ലിമിറ്റഡ്	#/545Nh47 Road Mullakkara Mannuthy P O, Trichur, Malappuram, Malapuram, KL	India
S3-933899461	Gulf Brokerage  LLC	4023 123rd Street, Cleveland, Ohio	US
S3-548402740	Hanson and Story  Co	148 Horn Ln, South Pittsburg, Tennessee	US
S3-415480808	Harbor Fresh Chicago Llc	1397 Alta Vista Dr, null, Corvallis CITY, Oregon	US
S3-964293356	Harbor Hyperliquid Holdings	4120 Hemlock Ct, Huber Heights, Ohio	US
S3-726405523	Burke and Madrigal Llc	15-2 Willow Rd, Staten Island, New York	US
S3-537719308	Hernandez, Foster and Murillo Ship (Corporation)	44 Bridge St(City), Groton, Connecticut	US
S3-768611541	Ss Eegtrpsrse Limited	H.no 118/7Opp Electricity Office Kattoor, Thrissur, KL	India
S3-714091276	Yumadova formerly: Solstice	2925 Wayland Avenue, Dayton, OH	US
S3-665169123	Zest Trading	609/610, Shop Zone M.G.Road, Ghatkopar West, Mumbai, Mumbai City, Maharashtra	India
S3-537689322	MM Agr0 Private Limited	S No.9/1/1 Pimple Nilakh Nandanvan Flat B-1/201, Pune, MH	India
S3-904866792	Arts  Ministries	5790-5792 Hughes Road, Galena, Ohio	US
S3-804853575	Varzhora Infra Private Ltd	03, P.no.40, S.no.5 Varad Vinayak Sankul, N-8, Aurangabad, MH	India
S3-949725705	Keystone Desert Grading Co	5658 Blake Road, Town Of Rockland, Wisconsin	US
S3-493282980	Krista Windom LLC Service	140 Westinghouse Rd, # 3211, Georgetown, Texas	US
S3-154671612	Sullivan Supply of Wáshington LLC	368 I Steret, # 208, Washington, District of Columbia	US
S3-981138261	Dermatology Pártners	2554 Hwy 87, Gilchrist, Texas	US
S3-318023400	Shri Anp Trust Exports	A-247, Third Floor, Okhla Industrial Area, Phase-i, South Delhi, New Delhi, DL	India
S3-901995077	rfprivate.com	C/o Ghanshyam/mangi Lal #1, Rampuriya, 2050101020502, Mp, Rajgarh, Rajgarh, Dhar, मध्य प्रदेश	India
S3-585990109	Toify  National Talon Holdings	116 Onieda Dr, Lobelville, Tennessee	US
S3-672018380	Deltaarcfayeio a/k/a Lasoft Citigroup LLC	126 Forest Lane, Paw Paw, IL	US
S3-416562470	Ispat Academy (L.L.P.)	C-77, New Delhi, DL	India
S3-537445841	Fin Broadcasting	Indralok Phase 8 Bhayander East Mumbai, Mumbai City, MH, D/602- Excellency Towre, Mumbai	India
S3-450249306	smeadreddcruz.com	New York, 9 Close St, Schenectady CDP	US
S3-57443370	Shyam Exports Stores Private  Limited	Mumbai, MH, Mumbai, 1114. Arcadia 115 Nariman Point	India
S3-857227776	Ace  Global (India) Overseas Private Limited	Plot No.65 Hanuman Nagar, Manikonda, Hyderabad, TG	India
S3-878202704	Artis, Bosch &-Cortez Corp	161 College Ave, null, Fayetteville, Arkansas	US
S3-485929166	Shiva Brothers Ltd	31 Sai Shraddha Aparmtent, Ramkrishna Society Narendra Nagar, Nagpur Region, Nagpur, महाराष्ट्र	India
S3-82742574	Collins, Sdyer & Guo Tribeca Uptown Inc	623 Cherry Hill Rd, Street, Maryland	US
S3-781573127	Chiropractic Médicine	242 Godfreys Ln, Hertford, North Carolina	US
S3-16387156	यूनिक ट्रेडिंग प्राइवेट लिमिटेड	Khasra No-54/13, Village Ferozpur Kharkhoda Near Lakshmi Dharam Kanta, Sonepat, Sonipat, हरियाणा	India
S3-567986589	Services Arien Finance Private [Limited]		India
S3-144142521	Cafesprivate.Com	North Delhi, B-2/26-ayamuna Vihar, DL, New Delhi	India
S3-421434890	Icenhour Worldwide Co	1967 33rd St, Kansas City, Kansas	US
S3-262860988	Sai	S/O Shanti Lal Jain, 12 Mil Choraha, Sarwar, Ajmer, Rajasthan	India
S3-682803022	Jenkins, Cynida W., MD	5 Fern Dr, Bloomfield, Connecticut	US
S3-134520045	WW-Products Private	Door No 01, Bahraich, उत्तर प्रदेश	India
S3-626519837	Veovantageio formerly: Cerezo Wave Inc	685 Wisteria Avenue, CA, Bloomington	US
S3-168271921	Quirino & Skídmore Services	1889-1893 Hart Street, Ridgewood, New York	US
S3-849925417	Limited Ravianth Private Center	A-6/3, Ff-2, Atal Society, Dlf Ankur Vihar, Loni, Ghaziabad, उत्तर प्रदेश	India
S3-859477543	Apex Enterprises Trading		India
S3-896250524	Shiv-Public School	61, Jatin Das Road, Howrah, Kolkata, পশ্চিমবঙ্গ	India
S3-515522731	Frontier Israel Israel	Park Ct, Morrison, Illinois	US
S3-262291925	Grear Bakery LLC	122 Elma Dr, Newark, Delaware	US
S3-415040733	Vega, Lynnelle Empire Eastgate LLC Center	Stevens PONT CITY, Wisconsin, 1425 River View Ave	US
S3-637213551	Great Gulf-Oil Corp	25 1/2 Adams Street, N .Aurora, Illinois	US
S3-590603111	Prairie South	2208 Royal Lane, Dallass CITY, Texas	US
S3-695333620	Sparsh-and	54 Ajay Vihar, Huda Road, Sirsa, हरियाणा	India
S3-874541953	slate slate pllc	735C Charlton Street, Southbridge, Massachusetts	US
S3-779858601	Internalmedicinehealth.Com	10 Hartsdale Street, Smithtown, New York	US
S3-244281758	Holloway Great  Nasdaq	#4717 Lakeside Drive, Omaha, Nebraska	US
S3-127091046	Smart  Trading Advisors	#5577 165th Place, Portlannd, Oregon	US
S3-578444610	Errico Vertical Corp	5015-B 234th Ln, Buckeye, Arizona	US
S3-628874680	Hoffpauir Better Nova Corporation	342 Water Lily Circle, Winston-Salem, North Carolina	US
S3-752680533	Christ Crfh LLC	Arizona, Show Low, Jackson Ln	US
S3-787799026	Sri ... Perfect Infrsatrcuture Private Limited	House 02 Brij Dham Phase1, Yamuna Vihar Kamla Nagar, Agra, उत्तर प्रदेश	India
S3-28514458	Scholarship Pferimcer Center LLC	Crescent Rd, New York, Washington	US
S3-260841831	Real Hospitality प्रा. लि.	Badli Road, Dig Colony Fci Godown, Jhajjar, HR, 668	India
S3-771873969	Optimal Rmg	#57 Simpson Drive, Framingham, Massachusetts	US
S3-645143665	Christean Batrfic Silver Bsp, Inc	8355 Fairmount Ave, Scottsdale, Arizona	US
S3-259941442	Ironclad LP	820 69th Ave, Caarrington, North Dakota	US
S3-292287572	Zeus Sons & Private Limited		India
S3-346221675	Quonex  Ford	38 Regan Street, Unit 1, Gardner, Massachusetts	US
S3-418969342	GGS	10182 Mayfield Road, Chardon, OH	US
S3-388808834	Harmony Co  Institute	Kolkata, WB, 9	India
S3-302037096	Freeman Tl Purpose Eastgate [Inc]	7535 Richmond Ave, Houston, Texas	US
S3-134062377	American Council LLC LLC (ID: 53092)	998C Lookout Mountain Rd, # SITE A, Mcalester, Oklahoma	US
S3-159666196	Signature Nutrition	2351 Presbury St, Baltimore, Maryland	US
S3-919310924	soto, dási, d.d.s., p.c.	02900 Danzig Pl, Louisville, Kentucky	US
S3-642227806	Kolkata Mdslitfs Company	H.no 208/7 Rishi Bankim Chandra Rd, Kolkata, Calcutta, WB	India
S3-464059539	Corner Hair Studio LP	Highland Park, Chicago Ave, Illinois	US
S3-291126841	कृष्णा Producer प्राइवेट लिमिटेड	S.h 2-0, Bhagat Singh Parisar Opposite Mangal City Mall, Indore, Vijay Nagar, मध्य प्रदेश	India
S3-674550127	Stag	1212 Mt Sinai Church Rd, Shelby, North Carolina	US
S3-264563120	International  Transmissions Private Limited	Door No 1, Nashik, MH	India
S3-366258014	-- Strategic Apparel Labs South Llc	3262 156th Ave, Cartwright, North Dakota	US
S3-365113832	Developersurvconnectcom	S - 606, Shakarpur, Delhi, दिल्ली	India
S3-509147535	Limited Newstar Sahani Private	65/F/1, Kolkata, Howrah, WB	India
S3-262979053	Titan Inc	526 Mary St, # 117, Garden City, Kansas	US
S3-26239532	Guest Lease of East Hampton [Co]	28 Depot Hill Road, East Hampton, Connecticut	US
S3-751526594	developers navjeevan global private limited	Plot No.- 3-503, Jatani, Janla, Orissa	India
S3-558557067	-- Paulsen, Bárney & Vredenburg LLC	Plymouth, Minnesota, ##15832 57th Place	US
S3-763980111	M/s Gr  Wind Pvt Ltd	Shop F-137 Ashoka Mall Cts No23/7 Bund Garden Road Pune, Pune, MH	India
S3-715077646	Pediatric Dentistry Medicine Llc	#33 Wilkshire Cir, North Hills, New York	US
S3-67467967	Boyle's Supply	101 Topsfield Road, Boxford, Massachusetts	US
S3-702949791	Haloiri f/k/a Sunshine's Auto Body	4111 Freedom Lane, Hope Mills, NC	US
S3-370123769	#horizonfresenius	13880 9, Hoople CITY, North Dakota	US
S3-802857382	Infrastructure Mrg Bits Infratech	No 73 C/o Mr. Bharat Avadhut Shetye, House No. 1941, Bhandarwada, A/p Dabhol, Dapoli, Ratnagiri, MH	India
S3-981690122	Pediatric Denta1 Clinic Co	85- Azalea Lane, Andrews, North Carolina	US
S3-391004802	Bureau of Sanitation	# UNIT 1, California, Adelanto, 18262 Cherimoya Road	US
S3-368488836	Shivganga Trading Private  Limited	49 S-21community Centre Mayapuri Phase-i, New Delhi, West Delhi, दिल्ली	India
S3-442634703	*** Seor	Sioux Way, PMB 4206, Rimrock, Arizona	US
S3-110247182	Irixyloflux trading as Prime Commercial Works LP	1017 Jefferson Street, Topeka, KS	US
S3-45978255	Chetan	G-1-116, Riico Industrial Area, Sanganer, New Saigoul Road, Jaipur, Rajasthan	India
S3-824154616	Oncology Medicine	Collins Ave, Unit B, Plymouth, Massachusetts	US
S3-880030353	Hazel Priavte Pvt. Limited	Plot N 25 Konega Housemarol Co Op Indl.estate Mv Rd Andheri (E), Mumbai, MH	India
S3-897079391	Corp Premier Cargo Systems	Kendallville, Indiana, 1865 Raleigh Avenue	US
S3-762322729	Nelson Sterling Produce LLC	1033 Washington Boulevard, Bushnell, Illinois	US
S3-932813054	FP Interstate Kimco Co		US
S3-205471201	Ambience &  Co	Vakharial Industrial Estateram Mandir Rd Goregaon, Bombay, Mumbai, MH	India
S3-871471218	Portlandtownship.Com	5805 Milwaukie Avenue, Portland, Oregon	US
S3-907926033	Shri vision power limited	No. 95 7, Sakthi Colony Contonment, Tiruchirapalli, Tiruchirappalli, TN	India
S3-820555404	Hoffman &  Flynn Horse LLC	Lake Havasu City, Arizona, 2387 Alpine Lane	US
S3-148138436	South Developers Private Limited	Surat, 84, Saketdham Society, Gr. Fl, Punagam, GJ	India
S3-47937857	*** Caiuie PC	3314 West 66th St, Davenport, Iowa	US
S3-5321109	Consultants Narayan	At Bihat Shivsthan Po Bihat, Begusarai, बिहार	India
S3-968504320	Idalia Carella, D.C. LLC	4217 Winding Waters Terrace, Upper Marlboro, Maryland	US
S3-703283308	Om Data Pvt. Ltd.	#764 100, null, Chennai, TN	India
S3-809757378	infra right hospitality private limited	B3/2/225/e, 1St Floor, Mcci Hospital Building, Ernad, Malappuram, Malapuram, KL	India
S3-875951334	Kitti Connecticut Ringgold Metro Corp	736 Wolkau Rd, Lincoln County, Oregon	US
S3-627288945	Dana	6352 Weatherwood Trail, Springfield, MO	US
S3-766850323	inc donner and pedersen highland	North Dakota, Dickinson, 965 Fifth Street	US
S3-301967389	Sweet Hypnosis	8867 Blossvale Rd, Annsville, New York	US
S3-421825651	Cameron Fidelity  Corporation	Dillonvale, 01340 Co Rd 8, Ohio	US
S3-705817960	Modern-Technology Private	Flat No-gc-1, Andal, Hyderabad, TG	India
S3-516492093	ఆల్ ఫైనాన్స్ లిమిటెడ్	5-882/1, Funster Pre-school & Creche, 1St & 2Nd Floors, Opp. Old M.l.a. Qtrs, Hyderabad, Hyderguda, TG	India
S3-999005331	Health Valley Valley Charities	#4 Hilltop Dr, PMB 9418, Pittsford, New York	US
S3-887389489	Johnson Keystone Series Coastal	Tepme, 1008 Playa Del Norte Drive, Arizona, # 3306	US
S3-133689594	Shri SAWANT DESIGNERS PRIVATE LIMITED	Flat No. A-102, La Regencia, Panipat, HR	India
S3-93367304	Tavorizajax D.B.A. 7-Star Inc	12 Middlefield Lane, AL, Dothan	US
S3-512494976	OU Foundation Private Ltd	TN, Chennai, M-311, The Metrozone, 44 Pillayar Koil Street, J.n.salai, Annagar West, Thirumangalam, Chennai West	India
S3-511115391	New Platinum Meridian Llc	509 Twin Oak Ct, Hih Point, North Carolina	US
S3-841955857	Lam Veterinary Clinic,-Corporation	838-842 Fair Street, # Suite E009, Patterson, New York	US
S3-378940766	eagancerda.c0m	5456 Catmere Drive, Medina, Ohio	US
S3-562670371	Raso  & Vanderpool Center	San Juan Trl, Tucson, Arizona	US
S3-225267471	L.L.C. Creative Bay Energy	N5724 Nelson Road, Town Of Lamartine, Wisconsin	US
S3-180887353	Kata Gréer-Saul P.C.	75 Sunset Cir, Baker, California	US
S3-719757451	Leix Service	1282-1284 Big Bend Crossing Drive, Valley Park, Missouri	US
S3-91746188	Sri Green Prójects Private Limited (ID: 44003)	Nagpur, MH, Sangram Beer Bar	India
S3-555386129	Sleeman Charter-School P.L.L.C.	8926 River Valley Ln, Spotsylvania County, Virginia	US
S3-505360272	Capital Classic-Concord	530 Helm Street, Logansport, Indiana	US
S3-500876555	*** South Cóhen Partners LLC	404 Second Asenue, Huntingbug, Indiana	US
S3-565660464	अल Foundation Private Limited	A/32, Ghaziabad, UP	India
S3-169092737	Karissa T. Beeman,	1251 Richton Rd, Illinois, Crete	US
S3-456424446	Keloxylo D.B.A. Royal Investments Pvt Ltd	Sn15/4, Venkatesh Hill, View, Opp Shankar Math, Pune City, Fl5, Pune, Maharashtra	India
S3-140381600	#range	# 36, Yuma, Elks Lane, Arizona	US
S3-107908320	Corner Bike Shop! Llc	##54814 Coal Road, Carmen, Oklahoma	US
S3-805875647	South Constructions Pvt Ltd	Flat No. A-102, Sr No. 15, Grassland Kolhewadi, Pune, MH	India
S3-671044845	Children's  Alsliance	001013 Columbine Drive, Frederick, Maryland	US
S3-658686089	Rapid	901 New Jersey Avenue, Unit 620, Washington, DC	US
S3-883851218	गैलेक्सी मीडिया मेडिकल्स प्राइवेट लिमिटेड	26, Rashmi Tara Chsl, Dahanukarwadi, Mahavirnagar, Kandivali W, Mumbai, Mumbai City, महाराष्ट्र	India
S3-225053120	Private Eastern Ram Properties Ltd	Viii/546, Saradhi Trust, Varakadi Temple Road, Sethulekshmipuram, Cherthala, Alappuzha, Cherthala, Alappuzha, കേരളം	India
S3-862664780	Rodi Sandefer Desert Qdró LLC	199 Massachusetts Ave, Boston, Massachusetts	US
S3-913851785	Badarpur Homes Private  Limited	H.no 38, South Delhi, Badarpur, DL	India
S3-342694025	Z+ Southern		US
S3-890037892	Study Seirrves Private Limited	Door No.5-175/1, Plot No.110 Gollala Yendada, Near Senora Beach Resor, Ts, Vishakhapatnam, AP	India
S3-424930614	NZH Cornerstone  Spdr LLC	1021- Lake Como Drive, Monroe, North Carolina	US
S3-290534140	Cristal Muapy Maywood Inc	Joelton, 823 Twin Falls Drive, Tennessee	US
S3-395691927	Drayis Opendoor	1774 Lakeside Enclave Dr, Houston, Texas	US
S3-494941401	RENTFROW BETTER REGIONAL	215-217 First Saint, Parkersburg, Iowa	US
S3-932789987	*** Internal Care LLC Service	8816 Eighth St, Missouri, Kansas City	US
S3-273985870	Kolkata India Private Limited	B3/426, New Akra Station Road, Magura Mondal Para P.o. & P.s. Maheshtala, Parganas South, Kolkata, পশ্চিমবঙ্গ	India
S3-924062635	GT Trichur Private-(Limited)	Fa-229b, New Delhi, दिल्ली	India
S3-772384740	Gano's Signature	101 Avalon Ln, Anderson, Indiana	US
S3-81359639	WO Reliable Midcap (L.L.C.)	06535 Bradley Ave, Lincoln, Nebraska	US
S3-418753914	JL  Services	Shop No.35, New Anaj Mandi, Bhiwani, HR	India
S3-923914955	North Big Healthcare Healthcare Pvt	1101-1102, Nilambertriumph, Vasna-gotri Link Road, Vadodara, GJ	India
S3-784183928	New Delhi Solutions Infratech Private Limited	DL, New Delhi, R-65, South Delhi	India
S3-101420558	Katha's Dbttailmg Holdings	3525-B Everett St, Sand Springs, Oklahoma	US
S3-27419945	Heritage Community Llc	149-153 Beach Ave, # Apartment 301, Kennebunk, Maine	US
S3-47502310	Veer Treatment (India) Industries Private Ltd	Ef-01138, 11Th Floor, Jmd Megapolis Sohna Road, Sector-48, Gurgaon, HR	India
S3-577154443	शिवा फाइनेंस लिमिटेड	32 A/1 Janki Bhawangovind Puri Kalkaji, South Delhi, South East Delhi, DL	India
S3-647338374	East प्रॉपर्टीज प्राइवेट लिमिटेड	Mastermind1, I.t Park, Royal Palms, Aarey Colony, Goregaon East, Mumbai, 428, Mumbai City, महाराष्ट्र	India
S3-529164575	Jewellery (India) Private Limited Services	# 110, Metropolis Electra, Chikkthogurg #1/134/2 & 134/5, Doddathogur, Bangalore, Bengaluru, ಕರ್ನಾಟಕ	India
S3-398927335	Rizaonyxevo	3-101, Plot No. 462, H No. 1-62/462, Sri Balaji Residency, Kakatiya Hills, Guttala Begumpet, Shaikpet, Hyderabad, TG	India
S3-498647628	theni & sons private limited		India
S3-996162358	A Clean Cónstruction Inc - 1974895909	219 Aspen Ct, Howland Twp, Ohio	US
S3-830096582	Hernandez-Medical Cenetr	71 Hunting Ridge Ln, Milton, Vermont	US
S3-524479358	Dental Prime Inc	79 Miracle Ln, Buckhannon, West Virginia	US
S3-425332082	Litke, Ashley &	3518 Packard Street, Dallas, Texas	US
S3-294079215	इंटरनेशनल ग्लोबल एजेंसीज लिमिटेड	A 423, 45 Shashwat Avenue, Punawale, Pimpri Chinchwad, Mulshi, MH	India
S3-977252999	Easytech lanicfa	274, 28Th Fl, Block B, Lodha Meridian Kphb Phase, Hyderabad, Ranga Reddy, TG	India
S3-135733324	Ear Nose + Throat Green Associates  Inc Center		US
S3-881739959	celenesappsupreme.com	##1191 Granite Springs Road, County, Wyoming	US
S3-59679575	Twisted Barbershop Co	579 Turnberry Dr, Charles TOWN CDP, West Virginia	US
S3-987951035	Nexque  Priority	# UNIT 589, 1501 East Loop 499, Texas, Harlingen	US
S3-428876443	Aadit  Institute	Pandiyaakil Monippally(p.o), Kottayam, Keralam	India
S3-874869037	RELIANCE IMPEX PRIVATE LIMITED	1354 C Birwadi, Taluka Mahad, Raigarh (MAHARASHTRA), Raigarh, MH	India
S3-882767465	Hefley and Conner L.L.C.	47-49 B Float Small Boat Harbor, Kenai Peninsula Borough, Alaska	US
S3-959746398	Galaxy Gujarat	Golconda, Telangana, Hyderabad, Flat 101, Kaulini Niliyam, Plot No 96, Sy 2/1 To 2/4	India
S3-419837162	ஃபர்ஸ்ட் லாஜிஸ்டிக்ஸ் பிரைவேட் லிமிடெட்	2Nd Floor Mk Tower 25/4, Arcotroad, Virugambakkam Chennai, Chennai, TN	India
S3-863194310	Tri-State  Global Partners	5135 Thompson Village Place, # APT A, Indianapolis, Indiana	US
S3-483822553	Voss Cloud (LLC)	Tennessee, 1125 Gateway Lane, Oak Hill	US
S3-470895404	Indirapuram Industries Exports	No. B3/423 D - 1015 Jaipuria Sunrise Grees, Ghaziabad, Dadri, UP	India
S3-637971509	Mr Abhijeet Commodities  Pvt Ltd	624, 604 Plot No.25, Audumber, Off.society Road, Mumbai, Jogeshwari East, महाराष्ट्र	India
S3-556760803	KDZ Preferred	District of Columbia, 1100 Eastern Ave, Washington, Unit 203	US
S3-550749680	-- hrintelligent.com	178 95, Bombay, New York	US
S3-673854038	Alpha Impex Stores	No 52 Mod Furnitech Private Limited, Gat Number - 273A, Near Madhuri Solar Company, At Post Shindewadi, Bhor, Pune, महाराष्ट्र	India
S3-601166111	Square Limited Packagings	H.no 003/A, Nagpur, MH	India
S3-847244076	Good Gas Holdings	5872 Glen Haven Bvld, Plainfield, Indiana	US
S3-949207989	guru international consultants	# 46, 1St Floor, 2Nd Stage, 10Th Cross, West Of Chord Road, Bangalore, KA	India
S3-807766003	PC, Perl CPA, [Wilson,]	3537 Rainbow Boulevard, Kansas City, Kansas	US
S3-761215046	As &	Hno.f-##9, Floor-2nd, Auchandi Road, Land Mark Near Shiv Mandir, Village - Bawana, New Delhi, North West, DL	India
S3-188119673	One Inforlech Limited	DL, Office No.27., New Delhi, South Delhi	India
S3-847877310	GQR Desert Magna,		US
S3-196311184	private fill innovations limited	###764 Indage House82-dr.annie Besant Road Worli, Mumbai, MH	India
S3-344480407	Federal United Greenfire Partners	215 Lakeshore Dr, Lexington, North Carolina	US
S3-385455453	Capital Titan LLC	12563 Burton Heights Blvd, null, Burton Twp, Ohio	US
S3-326643597	Vionex	Coimbatore, Tamil Nadu, Coimbatore, Site No. 4, Golden Industrial Layout Kaniyur Village	India
S3-691568654	పర్‌ఫెక్ట్ పవర్ ప్రైవేట్ లిమిటెడ్	Door No 8-1-398/Pm/181 Paramount Colony, Tolichowki, Hyderabad, TG	India
S3-838888736	pipefitters union local no 724	6 Bicknell St, Kittery, Maine	US
S3-259132871	LZH Telecomm Cesnter	Pl N- 6A, 2 Subhash Chandra Nagar, Belgavi, Belgaum, KA	India
S3-35273010	The 814-815 South Owners Corp	218 Lovelace Road, Forest City, North Carolina	US
S3-490238167	platinumprimeathena.com	48 SP #1 Cedar Cove Road, Elephant Butte, New Mexico	US
S3-949487762	Davis and Wolfe  Biotechnologies	96 Longridge Dr, Alexandria Ky, Kentucky	US
S3-253835378	Rodi Advertising Youngblood (ID: 19021)	201- Picea Dr, Texas, Austin	US
S3-845210419	Braj  Glass (India) Pvt Ltd	57/42, West Delhi, Delhi, दिल्ली	India
S3-979484650	Private Manifest To Limited	A-13, Krish Elite, Nr. Vishala Landmark, Ahmedabad, GJ	India
S3-415097733	S  T and M Source Inc	New York, 6739 Ciara Ct, N. Tnawanda	US
S3-424335247	Gulf  Center V	61187 Cone Flower St, Beend, Oregon	US
S3-295452308	Reus Idaho	31 Guillemette St, Sanford, Maine	US
S3-19127584	pc q 6 best huntington	Memphis, 4529 Whiteside St, Tennessee	US
S3-277702500	Continental Society III	Mezzio Road, Forestville, New York	US
S3-535933616	Superior Certified Copley [Inc]	7518 Celesta Ln, Fl 1, Olympia, Washington	US
S3-69536652	Inc Vanguard Data Industries	116 Pine Crest Ln, Lansdale, Pennsylvania	US
S3-294013274	Metro Initiative Partners	7014 Desert Quail Drive, Twentynine Palms, California	US
S3-857633380	Johnson, Dorree D, PA	#105004 Hidden Valley Drive, Mcloud, Oklahoma	US
S3-331251541	Renderos Platinum Stáked ínc	Base Line St, Unit UNIT 10, SA Bernardino, California	US
S3-568669318	AJ  Transport Corp		US
S3-121935370	Rockstar (India) Rasoi Group	Nashik, Shyam Deep, Jamkar Mala, Takali Road, MH, Nashik, Row House No.10	India
S3-281576467	perri bobo, cpa, dds pc	708 Ryan St, Girard, Kansas	US
S3-288702153	TV Solutions Private Límited	K-01. Mantri Paradise Bannerghata Road, Bengaluru, Bangalore, KA	India
S3-29501667	Turner Oceanhawk [LLC]	13 Wards Hill Rd, PMB 8259, Gorham, Maine	US
S3-382878313	Bay  Coastal Shore	07003 Stone Inlet Drive, Fairfax County, Virginia	US
S3-551661539	Middle River	10038 Crane Lane, Middl River, Maryland	US
S3-234967676	&-Co. Reinvent Reinvent	10 Manohar Bldg Chitale Pethdadar (W), Mumbai, MH	India
S3-752056622	Davis Communications Inc	2695 Fm 959, Beckville, Texas	US
S3-759934559	Dr Jain Producer Pvt Ltd	T ##12, D Block, Krishna Green Apts D B Sandra, Vidyaranyapura, Bangalore, KA	India
S3-106504528	Rev It Up Grill Enterprises		US
S3-635704642	RIEDL, CAMPBELL & BINGAMAN	1231 35th Court, Auburn, Washington	US
S3-850906429	kesslercarenaperville.com	2153 Lancaster Circle, # 102B, Naperville, Illinois	US
S3-395872084	Rasla Mccarrick Seneca	17823 Silver Creek Avenue, Puyallup, Washington	US
S3-6466401	Firstchemicalworldwide.Com	158 Hambletonian Ave, Chester, New York	US
S3-818257088	क्रिएटिव कंसल्टेंसी प्राइवेट लिमिटेड	Flat No 5, Chetna Nagar, Nasik, MH	India
S3-504665253	Pinnacle, LLC #42758	222 Jvaelina Ave, # 401, MESA CITY, Arizona	US
S3-379673746	LLC Edwards and Achr American	1116 Hobbs Road, # 209, Greensboro CIY, North Carolina	US
S3-578523134	Internationa1 Arin Laundry LLP	Plot 493 Shop No-108 Anchal Plaza Vasant Kunj, New Delhi, North Delhi, DL	India
S3-656803538	Zapata, Morales And Reese Inc	1571 1/2 Pine Circle, Franklin, Indiana	US
S3-785852541	LLC N0rth Ace Southwest	8217 172st Street, Nebraska, Benningtn	US
S3-871710005	Dr intemational food private limited	Surat, 6/1919, Surat, GJ, 3Rd Floor, Office No. 302, Prayosha Apartment, Jadakhadi, Mahidharp, Ura	India
S3-465050822	Future Finance Private	Promotor- Ah -35, Salimar Bagh, New Delhi, DL	India
S3-894401000	>> Empire  Society LLC	8263-8267 Harcourt Rd, # APT 239, Indianapolis, Indiana	US
S3-707995198	Blue Blue Pillttes	##6107 Kemrock Court, PMB 7901, Houston, Texas	US
S3-541592785	ड्रीम गोल्ड एनर्जी प्राइवेट लिमिटेड	404, Safalya Chs, Dr Ambedkar Rd, Mulund W, Mumbai, महाराष्ट्र	India
S3-253162627	Congregation Methodist Services	110 Mcguire Street, Valdese, North Carolina	US
S3-69325180	Allen Resolution (LLC)	Jacksonville, Floor 1, Oregon, 7990. Griffin Ln	US
S3-220659210	northern arbor l.l.c.	12130 Fairfax Towne Center, Fairfax, Virginia	US
S3-780927358	Shri Processors Visa Limited	B-g-12, Jaipur, New Light Colony Tonk Road, RJ	India
S3-551754494	Maid Pi1ates	805 Teton Sreet, # 1, Chheyenne Township, Wyoming	US
S3-505715694	Iannone Great Áxiom	Abbeyville Road, Liverpool Township, Ohio	US
S3-971951466	Saroornagar Buildcon  LLP	No G-8-2-69/s/70 Np, Sri Nagar Colony, Saroornagar, K.v.rangareddy, TG	India
S3-452177012	Cooperative Telecom Labs	2178 Bruce Rd, Delaware, Ohio	US
S3-618897376	Urban Auto Body Corp	1509 Maple Dr, Weaver, Alabama	US
S3-485146170	Hitech Pvt Ltd Services	44Aa1-B, 4Th Floor, Muktha, Triveni Apt, 67, Coop Nagar, Tiruvallur, Poonamalle, TN	India
S3-20014743	Rizabelo dba Youth Network	Chesapeake City, VA, 405 Ventosa Drive	US
S3-17325577	Co Dental Medicine	27 Magnolia Avenue, Tyngsborough, Massachusetts	US
S3-296037036	ग्रीन Infra प्राइवेट लिमिटेड	Bhaiyasaheb Ambedkar Naga, Kalyan, Thane, MH	India
S3-219255900	Ved Enterprises Co	L.g-0013, Indore, Vikram Tower Sapna Sangeeta Road, MP	India
S3-995706277	Con's  Advisors Inc	2519 Valwood Pkwy, Farmers Branch, Texas	US
S3-927312934	Zuzana Cowan	Wilbert Dr, Saint Louis, Missouri	US
S3-874837651	LLC GONZALEZ INVESTMENTS	001216 Anchor Dr, Mobile, Alabama	US
S3-143156709	Riex Summit Násdaq Inc	6550 Hamilton Scipio Road, <NULL>, Okeana, Ohio	US
S3-477420311	Adi Group	1-05, Mumbai, Mumbai City, MH	India
S3-668815	Theressa Paris	144-15-D 225 Street, Springfield Gardens, New York	US
S3-608234518	Cardiology Partner  Inc.	200. Robinhood Road, Hot Springs National Park, Arkansas	US
S3-493458784	Orelle Sterling Value Láke Lakeside Corp	445 Bryant Ave, PMB 5977, Altamont, Oregon	US
S3-29454170	Merrill L. Thai, D.D.S. Corp	0010156 Wilmington St, Prince William County, Virginia	US
S3-645521583	Select Heritage (Intermediate)	450 Crestmont Circle, Gosnell, Arkansas	US
S3-615476963	Seven ફાઇનાન્સ પ્રા. લિ.	Plot No 209/9 & 203/1, Geb Office Road, G.i.d.c, Ankleshwar, Ankleshwar, Vadodara, GJ	India
S3-867099439	Orellana  and Choi	Fairfield, Illinois, 3 Parker Court	US
S3-372260243	Gildzeta One	72 Creesy Street, Palmyra, ME	US
S3-816110837	Archana Management Public Limited	Door No ##73 B-a, Jeevan Jyot, Patel Street, Fort, Mumbai, महाराष्ट्र	India
S3-191202826	rogerschampionsgate.com	Maryland, 211 Eaton Saint, Baltimore	US
S3-611526663	Miclarus Inc	4176 Nantucket Drive, Mechanicsburg, Pennsylvania	US
S3-91966562	Rochette Hicks	1600 Buck Road, # 11, Lakeside Marblehead, Ohio	US
S3-355137489	Limited Supreme Private Center	Xxb3/499, First Floor, Thadikkal Building Hill Palace Road, Tripunithura, Ernakulam, KL	India
S3-295079757	PDL Rent Rent	No.28/11, Bangalore, KA	India
S3-89190519	MFK MFK Vincom Private	33, 6B Sind Hindu Seva, Samiti Nagar, Gtb Nagar, Mumbai, MH	India
S3-402776462	mainstreetdiner.com	10930 126rd Ave, Washington, Kirkland	US
S3-42539407	ईस्टर्न इंफोटेक Pvt Ltd	Hno. 882, Wade Bolhai, Pune, Taluka Haveli, MH	India
S3-597463588	Perfect Lakhmsi Infrastructure Pvt Ltd	WB, Calcutta, #2A Mandevilla Gardens P S Ballygunge., Calcutta	India
S3-605970403	Private Amogh Diagnostics Limited	#402 Nehru Nagar, Meerut, UP	India
S3-457916243	Anne Evans Rogers LLP	4137 Polkville Rd, Shelyb, North Carolina	US
S3-406492284	Brijmohan Seva  Samiti Infratech	Bangalore, 6Th Cross, Dayananda Layout T.c.palya Main Road, Ramamurthy Nagar, Peenya, 12, ಕರ್ನಾಟಕ	India
S3-50945473	Matrabhoomi Impex Ltd Pvt - 5925216581	No 2Nd 3Rd Floor Tejes Arcade 527/B, Floor 2 1St Main Road 528/A 529A-9 A, Bengaluru, Bangalore, KA	India
S3-971122687	Olanonyn  Venture	95 Bonair Rd, Zillah, Washington	US
S3-540090489	Footanklespecialists.Com	7305 Woodward Ave, # 201, Woodridge, Illinois	US
S3-178393742	Life Infotech-Private Limited	Flat No. 602 Green Blossm, <NULL>, ગુજરાત	India
S3-873678809	private ibi solutions limited	Flor Obld - A, Pune, Ambegaon Budruk, MH	India
S3-391790995	uniqueproducer.com	D 2 16 Th Rdmidc Area Andheri (E), Mumbai, महाराष्ट्र	India
S3-8459068	Diagnosticworldwidebeacon.Com	Alabama, 325 Shag Bark Trl, Somerville	US
S3-676983715	Nitya Developers Private	403/5, Mumbai, महाराष्ट्र	India
S3-323668981	Miraquoumbra	134, Super Yarn Market Salabatpura Zampa Bazar, Surat, Gujarat	India
S3-561751872	Barnes Winton & Tate Inc	33017 St Rte 278, Madison Twp, Ohio	US
S3-206005524	Maharashtra Manpower  Partners	Juniper Salarpuria Greenage Bommanahalli, Hosur Main Road, KA, Bangalore Urban, C 1603, Bangalore	India
S3-812704942	Pasko Painting	8258 Tevrin Way, Sacramento, California	US
S3-286106440	Coromandal  Marketing Limited Services	G-3, Mulund (W), MH	India
S3-575339229	Madras 600 004 Health Industries Limited	11, Madras 600 004, TN	India
S3-54424857	Pioneer Global Private  Limited	Pusphak-22/5, Mitra Niwas Road, Ratlam, MP	India
S3-399451585	ಗ್ಲೋಬಲ್ ಫೌಂಡೇಶನ್ ಪ್ರೈವೇಟ್ ಲಿಮಿಟೆಡ್	KA, Bangalore, No.181 Sri Sai Ram 2Nd A Corss, Domlur 2Nd Stage, Bangalore	India
S3-983107857	Orbanke  Anadolu	2429 Russtown Road, Ash, North Carolina	US
S3-826035632	Dr Siddhi Security Private Ltd	Property Bearing No. G-8-0, Office No. 01, Gupta Complex, Basment, Laxmi Nagar, New Delhi, Delhi, DL	India
S3-25223511	boardparksrecreation.com	100 Balsam Way, Clifton Park, New York	US
S3-13270703	Vedyne Inc. Center	Tiffany St, Attleboro, Massachusetts	US
S3-667318210	Decker, Smith and Johnson Services	Annapolis, 904 Van Burn St, Fl 0, Maryland	US
S3-825515580	Tallulah's American - 5577899967	32403 Line Rd, Delmar, Maryland	US
S3-309586024	Coastal  Precision	208 Dickson Point Road, Plattsburgh, New York	US
S3-121240715	Cw Development	F-106 Allied Houseinderlok Old Rohtak Road, North Delhi, New Delhi, DL	India
S3-475706823	School Montessori Guerrero	Anderson, Indiana, 24 6th St	US
S3-379039764	memorialcharities.com	Illinois, 904 Burton Place, Arlington Heights	US
S3-972593387	Irinovi aka Smart Trading Advisors Inc	5577 165th Place, Portland, OR	US
S3-525190998	INTERSTATE INSTITUTE HIGHLAND	Maryland, Giathersburg, 8233 Brink Rd	US
S3-262063563	Highland [Charities]	77 Montauk Highway, Brookhaven, New York	US
S3-792050504	హై హై ఇంపెక్స్ ప్రైవేట్ లిమిటెడ్	4Th Block Sf No9 Block No, Ii, F No 303, Kondapur, Serilingampally, Hyderabad, తెలంగాణ	India
S3-900887207	Frontier	TN, Collierville, 2555 Halle Parkway	US
S3-435684982	The Reliable Total Choice Holdings	40 Saint Paul Street, Unit 2, Brookline, Massachusetts	US
S3-480710577	sargsyan, riggle & walker inc	##2415 Mcgavock Pike, # 1644, Nashville, Tennessee	US
S3-792938654	@physicaltherapy	Texas, 7216 1/2 Los Angeles St, Houston	US
S3-226620680	Surya Producer प्राइवेट लिमिटेड	C/o Nand Jee Dubey Vill, Dasiyawan Rampur, Kesath, Buxar, BR	India
S3-288089967	Ltd Value Finance	759/34, Bhandarkar Road, Near Pyc Hindu Gymkhana, Pune, MH	India
S3-867737351	Nagindas Master Road Services Private Ltd	301, Gundecha Chambers, Nagindas Master Road, Mumbai, MH	India
S3-897927480	Gsquare Enterprises (Institute)	AP, Kurnool, Sankara Matam, Tirumala Nagar, Adoni, Door No 206 10-119-12, Kurnool	India
S3-44903687	Meza-Better  Cea Inc.	64 Depeyster St, Sleepy Hollow, New York	US
S3-757037785	Nagpur Infracon Private Ltd	Door No 73A, Begur Hobli, Bangalore, KA	India
S3-157481495	Gangorayn Pvt Ltd Center	0307, Top Floor, Alien Complex, Nr Devdeep Complex, Nizampura, Vadodara, GJ	India
S3-804492861	Gaex  Blueport	317 Hutchinson St, ROCK HILL CITY, South Carolina	US
S3-435654357	Infallible & Co Exports Límited	21, Rajasthani Udyog Nagar, G. T. Karnal Road, Delhi, North West, दिल्ली	India
S3-754243027	silverautomobile.com	80 Freedom Dr, PO Box 7000, Raleigh, North Carolina	US
S3-729377292	Dovafaye f/k/a Bharat Infrastructure Private Limited	Char Chandan Bati Majherchar, Tribeni Ghat, Kalyani, Nadia, West Bengal	India
S3-791462026	Yumaaviriza formerly: Hopper & Wilson Egh Inc	1716 Woodlawn Drive, Scotland Neck, NC	US
S3-191454415	Creative Retail	464 Eastman Parkway, Gresham, Oregon	US
S3-625909073	Sherrie Ledet, Services		US
S3-788573756	Banerjee Broadcasting Broadcasting L.L.P.	6/106, Coimbatore, TN	India
S3-775857408	Cecile M. Roberts, Ph.D.	00196 Reservoir Ave, Westfield, Massachusetts	US
S3-255272159	Arrow Services  Corp	3496/8, Dariba Pan, Desh Bandhu Gupta Road, New Delhi, Central Delhi, DL	India
S3-936448224	Elmore  Dental LLC Associates	4800 Blachkawk Road, Redding, California	US
S3-847797741	Cozy Yoga Group	2024 Bennettsville Ln, Charlotte, North Carolina	US
S3-785464758	Hernandez  Capital	##50 Hathaway St, Adams, Massachusetts	US
S3-228828523	Nehring (Empire)	1809 Muddy Creek Road, Harrisonburg, Virginia	US
S3-285001165	Care Home Fabian Services	417797 1123 Road, Checotah, Oklahoma	US
S3-578532229	Olanancea Environmental Services  (PC)	150 Terrace Park Drive, Yakima, Washington	US
S3-944324887	Lauri'S Group Services	Legacy Way, La Vernia, Texas	US
S3-325616064	Tirupati Consultants Textiles Private  Limited	B-27, Sanjay Nagar, Bharatpur Near Collector Kothi, Bharatpur, RJ	India
S3-158443771	The Smart Canary  LLC	Tennessee, 1149 Callaway Drive, Lebnaon	US
S3-955177023	ईस्टर्न इंफ्रा प्राइवेट लिमिटेड	Lucknow, UP, Block A-95 H.no. Mlig-1/739, Lucknow, Sector - H	India
S3-786272208	Rocky Animal Hóspital, LLC	1031 Freeman Avenue, Kansaas CITY, Kansas	US
S3-467386492	EVL Shipping Private Límited	C/o Om Prakash Malakar, Patarghat, Saharsa, BR	India
S3-531447376	Orban Atlantic	VIN Egrove, Kentucky, 390 Valley View Dr	US
S3-293980289	Michelina Bond Smart  Sony LLC	4908 43rd Avenue, Hyattsville, Maryland	US
S3-776667528	Gallagher Summit	Maryland, Baltimore, 2502 Huron Street	US
S3-497709876	Dahl Ridge PLLC Altisource	1110 Henenss Rd, Unit 643, Casa Grande, Arizona	US
S3-505574261	Bor Lifeskills Limited	Plot 493 369/C, BR, Divreportingcircle	India
S3-365252915	Dynamic Mortgage Dígital, [PLLC]	224 Crockett Loop, Georgetown, Texas	US
S3-488645156	Comer Pizza	5217 Cloverbrook Drive, Fort Wayne, Indiana	US
S3-28873453	Literacy Society	2064 Bursn Drive, Chesapeake City, Virginia	US
S3-738230206	Dr Blue Law Chambers Co	F1/350 Old No-26, New Delhi, दिल्ली	India
S3-398629626	Vijay Shiv Industries Private Ltd	#898 Central Plaza, 2/6, Sarat Bose Road, 8Th Floor, Room No - 807, Kolkata, Kolkata, Howrah, WB	India
S3-679054449	Iriveo doing business as Amogh Seva Samiti	107, Vinayak House, Plot No.2-A, Sector 19, Vashi, Navi Mumbai, Maharashtra	India
S3-479692815	Bright Tech LLP	#84, Sector- 29, Part-ii Industrial Area, Sector Twenty Five Panipat, Panipat, HR	India
S3-953855476	Grayce Braun Center	23 1/2 Wheelock Street, Unit V06, Oxford, Massachusetts	US
S3-90815758	Burger Inc Services	##62 Hunter St, Logan, Ohio	US
S3-971104618	KARLIE DUGGER QUEST #38344	003501 Moody Road, Mead, Washington	US
S3-347575702	Nylaaria doing business as Janhavi Traders Private Limited	S-062, Unistar Estate, Sahara Mall, M G Road, Dlf Qe, Gurgaon, Haryana	India
S3-917564915	Tri-State Áll LLC	5103 Doon Way, Washington, Anacortes	US
S3-435554154	Strategic Automation Enterprises Incorporated	Winona, Minnesota, 526 Olmstead St	US
S3-269028321	Private New Finance Limited	S-43, Nagpur, MH	India
S3-185283638	Dermatology Specialists of Murfreesboro	232 Mezzo Dr, Murfreesboro, Tennessee	US
S3-885403901	Hyderabad Technology Private-Limited	Door No 7-1-214/4, Jana Arcade, Dk Road, Ameerpet, Hyderabad, TG	India
S3-344634211	Estrada  Preparatory Academy Inc	113 Crestwood Dr, Mountain Brook, Alabama	US
S3-945758808	Happy  Bakey	4600-4602 60, Building Room 213, Gerry, New York	US
S3-186976004	*** Denton, Morris & Madden System	400 Vine St, W. Des Moines, Iowa	US
S3-370440733	சில்வர் இன்ஜினியரிங் பிரைவேட் லிமிடெட்	Riaz Garden, Chennai, TN	India
S3-146419129	బ్లూ ఫుడ్స్ ప్రైవేట్ లిమిటెడ్	H.no 7411, Ameerpet, Hyderabad, TG	India
S3-821848641	Bangalore  Computer Private Limited	H.no 4Th Floor, Bangalore, KA	India
S3-792057054	Nysa Discount Limited	264, Rachna Nagar, Huzur, Bhopal, MP	India
S3-818188259	Wexfaye f/k/a Persaud Dental Associates	381 North Road, Ashford, CT	US
S3-913290904	Top Fomr Phase-1 Real LLP	Sco 17, Mohali, PB	India
S3-963353515	Oncology Specialists, LLC Council	275 Dewey Ave, Kittery, Maine	US
S3-492716652	Empire	Rosharon, 8003 Summer Lane, TX	US
S3-625451895	North-Piedmnot Chi1e Partners	1571 181st Avenue, CDAR, Minnesota	US
S3-115587686	Ltd Downtown Bike Shop	4824 Morgan Ford Road, Henry County, Virginia	US
S3-865998876	Massif Corporation Services	Ward No.8, null, Hatkanangle, Kolhapur, MH	India
S3-301989623	Lee Stock & King	Salina, # Apartment 403, 150 Old Liverpool Road, New York	US
S3-70106732	Gonza1ez and Whitney	122nd Street, Seattle, Washington	US
S3-723503170	... Clean India Ptritbtae Limited	F3, Anand, GJ	India
S3-869257198	UY Limited Private Gardens	77/10 Gidc Estate Phase I, Daskroi, Ahmedabad, ગુજરાત	India
S3-916577890	Holy Methodist  Church & Co		US
S3-99016264	The Quality Investment Associates Corp	149 Main Street, Chtaham, Massachusetts	US
S3-106178346	Dodson Service	1130 Richter Rd, Columbus, Texas	US
S3-900996961	Ahura Traders Private (Limited)	# 31, Bengaluru, Nelamangala, KA	India
S3-940465385	Transworld Dígital	A - D/1, Ranip, Ahmedabad, GJ	India
S3-759034411	Primary Care	25 1/2 Calais Court, Little Rock, Arkansas	US
S3-799299636	Lang Cliff And Abrahamson Inc	618 Emmertsen Road, Racine, Wisconsin	US
S3-962856198	Nieves Peace Inc	24 Riverside Lane, Madsion CITY, Connecticut	US
S3-529630735	Green  Delta Sunshine	Mound Rd, # 114, Decatur, Illinois	US
S3-199484536	YNM Services	201, Sai Homes House No.18 B Block, 1St Cross, Vinayak Nagar, Bangalore, Bengaluru, KA	India
S3-89755169	Apex Center LP	New York, 4 1/2 Hillside Court, Sleepy Hollow Lake	US
S3-43010272	bpgreen.com	I-105., Ghaziabad, उत्तर प्रदेश	India
S3-575136050	Globaljastechnologies.Com	Jaipur, A-#40, राजस्थान, Lal Kothi Tonk Road, Krishna Nagar - Ii	India
S3-902675831	Velasquez, Carcamo & Michel Partners	584 Bill Loy Drive, # 111, Elon, North Carolina	US
S3-342499738	S/W Reserve Highland P.L.L.C.	89 Ames Road, Skohegan CITY, Maine	US
S3-516296584	22 Bumrungrad 16	410 Palmetto Street, Coden, Alabama	US
S3-27120692	rósemaryapplewhitecafe.com	41 5th St, Vici, Oklahoma	US
S3-474675309	Crystal Media Vefntuifes Group	2053 Beltline Rd, # Building C, Decatur, Alabama	US
S3-669947949	Kanyakumari District-629 201. Projects Overseas Corporation	No 12 Karavilai, Ananthanadarkudy Post, Kanyakumari District-629 201., தமிழ்நாடு	India
S3-4580463	SB  Schwab LLC	158 Peach St, Hillsboro, Alabama	US
S3-645967691	Physical Therapy Health LP	30830 Crescent Drive, Willowick, Ohio	US
S3-220027539	Ram Consultancy Pvt Ltd	12 Dda Market, New Delhi, DL	India
S3-169362518	ZQ Global	600. Double S Mountain Rd, Baileyton, Alabama	US
S3-980141555	Perri Bobo, CPA, DDS	708 Ryan Street, Girard, Kansas	US
S3-65830938	HORIZON TRANSIT STUDIOS LLC	206 Nassau Ct, HUMA CITY, Louisiana	US
S3-550868183	Cornerstone Business  Company	Sawyer Rd, Smithville, Arkansas	US
S3-587503102	Green  Sound LLC	#827 33rd St, Unit APT 5, Sacramento, California	US
S3-278089488	Solutions Amr Krishna Associates Limited	B-g-219, Florence Marvel, Sushant Lok-iii, Gurgaon, HR	India
S3-931037016	Vision Center óf Farmers Branch	# 3204, 13301 Galleria Pl, Texas, Farmers Branch	US
S3-797349919	Ram स्काई Products	Phaphamau, 258, Rajapur Kasba, Allahabad, UP	India
S3-260201275	वन एस्टेट प्रा. लि.	Vipin House, A-20, 2Nd Floor, Guru Nanak Street No.3 Laxmi Nagar, Delhi, East Delhi, DL	India
S3-363685397	Nexelle Construction	31-33 Hillcrest Heights, Lebanon, Connecticut	US
S3-8739771	Dominguez Plamnire Industrials	Mc Farland, Wisconsin, 6366 Nordic Ln	US
S3-837319620	happy yoga corp	15 1/2 Cabot Ln, PMB 1715, Cookeville, Tennessee	US
S3-379569148	Brothers + Brothers  Private	No #9 Qutub Road, Ram Nagar, New Delhi, Paharganj, DL	India
S3-575516650	Holdings LUA Value Automobile,	4611 Prestwick Ln, North Carolina, City Of Wilson	US
S3-711179542	Ram Power Limited Center	C 5A/94, New Delhi, West Delhi, DL	India
S3-386233034	Panet Advanced Paper, L.L.C.	3130 Goodnight Way, Bloomingon, Indiana	US
S3-620297324	Smt Multimax & Brothers Private	B- 201, Haveli, MH	India
S3-626056304	Dorris's Dorris's P.C. Services	904 Dogwood Street, Owasso, Oklahoma	US
S3-778853198	Northern Preparatory Academy Group	Indiana, 1076 Kelli Dr, Columbus, Unit B	US
S3-886409436	Interstate Charities Co	#108 Quail Creek Ln, Lexington, Tennessee	US
S3-512340800	Carpenters Union No Local 961	3620 Old Birds Creek Rd, Unit 9, Sevierville, Tennessee	US
S3-42760043	BAY ISRAEL VALLEY	Maryland, 4420 Orlan Ln, Bowie	US
S3-772334823	Vision Ventures	A 6-704 Raj Valley I C Cly, Borivali W Behind Rsk Apa, Jogeshwari West, महाराष्ट्र	India
S3-637458228	Rothschild Billingsley Inc.	19413 B Highway 314, Belen, New Mexico	US
S3-493517423	Hisar Foods	06, Professor Colony Gangwa Road, Hisar, Hissar, HR	India
S3-232091326	Liberty Empire Cantor Co	11630 Heritage Ridge, Town Of Fulton, Wisconsin	US
S3-613006927	Zenivue Góldman LLC	1044- Union St, Gary, Indiana	US
S3-364478703	Lukasik Frontier Cgrsoebsd, Inc	14816 32rd Place, Seattel, Washington	US
S3-360526554	Aviquoumbra DBA: HK Iii LLC	707 Apple Street, Gibsonville, NC	US
S3-395192456	Long Animal  Hospital	Ave F, Yuma, Arizona	US
S3-199618717	Resorts Rural Foundation	Regent Pearl, 2Nd Floor, N/24, Jessore Road, Rathtala, Barasat - I, North 24 Parganas, WB	India
S3-771376239	edwardssstrategictransport.com	Skyline Drive, Schenectady, New York	US
S3-822223294	International Bhairavi Technologies  Private Limited	Sham Lal Ranwat Road, Karnal, HR	India
S3-328967427	Dr PRITI INSTITUTE OF TECHNOLOGY VENTURES CO	Datt Avenue, Jabalpur, मध्य प्रदेश, Jabalpur, #24 Sceond Floor	India
S3-471074976	Jay Holdings Enterprises Corporation	B / 709 Divya Smruti Chincholi Bundar Rd Near Toyota Shoowroom, Malad West, Mumbai, Mumbai City, महाराष्ट्र	India
S3-953239724	M/s Rose Rose Infocom Private Ltd	No 4190 Dhabai Ji Ka Nohara, Jaipur, राजस्थान	India
S3-597836444	Troutman Signature Apogee,	Snow Valley Ln, Fl 0, Odenton, Maryland	US
S3-890869846	लक्ष्मी टेक्नोलॉजी प्रा. लि.	Villa No. 40, Jaipur, RJ	India
S3-74523144	Carpenter-Trtoding Corp	1523 2880 Road, Hnenessey CDP, Oklahoma	US
S3-644100647	Kolkata Services	Calcutta, পশ্চিমবঙ্গ, 70 71 Nainan Para Lane, Kolkata	India
S3-593493185	Holy Cathedral Inc	4311 Atlantic Avenue, Schiller Park, Illinois	US
S3-318377497	TR Músic LLC	Utah, Salina, 408 100	US
S3-901228473	global services limited	Saraf House, TN, Coimbatore	India
S3-540002475	Group Therapy Scar Physical	764 Silas Tompkins Rd, Hancock, New York	US
S3-953045012	Secure Usa L.L.C.	Wisconsin, Town Of Jackson, 4163 1/2 Green Trail	US
S3-981792874	Bangalore Holdings  Service	#314, Bangalore, ಕರ್ನಾಟಕ	India
S3-32858194	Heart Inc Partners Enterprises		US
S3-141401896	Norton  Mustang PLLC	Moselle St, # Apartment 1, Buffalo, New York	US
S3-836659279	OE Blueport North Inc	03 Main St, Berkley, Massachusetts	US
S3-673987769	Heritage Alliance	1413 Euclid Ave, Ontario, California	US
S3-493052471	Titan Group	29 6th Ave, Taylorsville, North Carolina	US
S3-958738783	Vista Solutions-Private (Limited)	B-88, Ghaziabad, UP	India
S3-584719274	Orthopedic Sterloing Associates Corp	984 Dighton Woods Cir, Dighton, Massachusetts	US
S3-575844606	Big Properties	Sf No. 166, Velliampalayam, Uttukuli Rs, Tirupur, Coimbatore, தமிழ்நாடு	India
S3-546905004	Trading Chennai Infrabuildtech	Prakasam, 009-159, Surendra Building, Opposite Rtc Bustand, AP, Vijayawada Region	India
S3-968554641	Kim (Tri-State)	Utah, 131 100, Ephrim	US
S3-141938701	New Delhi Techno Limited Private	6/10, DL	India
S3-472183393	Dr Mohammad Brothers Limited Service	Madras.1. Madras.1., Godown Street, TN, Madras.1., No.0034	India
S3-937923353	Consultancy Prásanth Services	H.no 53 C/o Prasanta Kr. Roy At-hamirpur, Po-balichak, Ps-debra, Debra, Midnapore, WB	India
S3-794324526	Sarasanth Marketing Limited Private	Gala No. A/11, Road, Bhyander, MH	India
S3-450697900	Belociravio fka Olanay Catering	172 Royal Star Way, Garner, NC	US
S3-534513182	Nadiya's Physical Therapy PLLC Center	007524 Gingerblossom Dr, Citrus Heights, California	US
S3-507685166	Maia  Highland Inc	3641 Cr 870A, Texas, PMB 5302, Alvin	US
S3-86015745	Marketing Source Crusher Private [Ltd]	1602, Mumbai, MH	India
S3-740677107	Continental Blue Spire LLC	2271 Sunley Lane, Chesterfield, Missouri	US
S3-169648820	ગ્લોબલ પાવર લિમિટેડ	Plot No.a33, B13, B14, A15, A16, A17, B18 To B21 A-22&a-23, Vidhata Ind, Haripura, Palsan, A, Surat, GJ	India
S3-918959099	H D-+ W Liberty Inc	342 Leandra Ln, Fl 1, Eagle Point, Oregon	US
S3-645038980	Co1onial Pinnacle Premier - 5884282161	344866 890 Rd, Chandler, Oklahoma	US
S3-662802644	3488 Lek Lane Properties LLC	12175 Tr 259, Millersburg, Ohio	US
S3-606700664	विजन व्हाइट सॉफ्टवेयर एजेंसीज प्राइवेट लिमिटेड	115-129, First Floor, Vishal Tower, District Centre, Janakpuri, Delhi, New Delhi, West Delhi, DL	India
S3-514577976	Pand0ra (India) Pvt Ltd Center	No.20-1-470/97c, Navodaya Colony, Korlagunta, Tirupati, Chittoor, AP	India
S3-695612722	Allred-Strategy Partners	22 Catawba Ave, Mount Holly, North Carolina	US
S3-868379280	Ciraorbi DBA: Galaxy Media	47/18, Old Rajinder Nagar, Near Rajendra Place Metro Station, New Delhi, New Delhi, Central Delhi, Delhi	India
S3-394504951	*** Cruz Ngl Llc	7778 Barbara Ln, Baldwinsville, New York	US
S3-303550858	mava trusted dte	2810 Liberty Road, Greensboro, North Carolina	US
S3-108466726	Greater Noida Technologies	1E-412, Awho Society Gurjinder Vihar, Greater Noida, Gautam Buddha Nagar, UP	India
S3-493321002	Espejo Prime Shore Inc		US
S3-537817858	Certified First, Group	College Park, 6019 Westchester Park Dr, Maryland	US
S3-423436960	ಸಾಯಿ ಲಾಜಿಸ್ಟಿಕ್ಸ್ ಪ್ರೈವೇಟ್ ಲಿಮಿಟೆಡ್	Floor Of Block 3B (Enzyme Offices), Bangalore North, ಕರ್ನಾಟಕ	India
S3-622834834	Rvd Group Language		India
S3-251720394	இந்தியன் ஃபுட் பிரைவேட் லிமிடெட்	No. A-703 D1/e11asidco Indl.estate Salem Main Road, Dharmapuri, TN	India
S3-987921206	Haveli Flour Private	Unit No. 701 Auqila Apartments Plot No 101, Haveli, महाराष्ट्र	India
S3-940105256	Davis And Rsslfsl Retail Greater Inc	26 Fredericktowne Drive, null, Stephens City, Virginia	US
S3-556989280	Trichur & Associates Public Limited	#43A, Coimbatore, Chennai, TN	India
S3-164581975	Center Peak Cascade Corp	146 Camden Road, Unoin, Maine	US
S3-245190983	Thane Systems Ventures Limited Service	196M I D C Dombivali, Thane, MH	India
S3-45741182	Patton Equity Partners,	344 Waterford Cir, Schererville, Indiana	US
S3-149922588	Interstate Energy Worldwide (Corp)	215- Mccanless Street, South Boston Town, Virginia	US
S3-112364714	6uru Logistics Private Limited	No 9/1, 24Th Main, Putennahalli 7Th Phase, Bangalore, Bangalore South, KA	India
S3-551924161	Wendy Barker Managed	14120-14122 Cedar Ln, Humble, Texas	US
S3-2537869	Integrated Media  Concepts	390 Skyland Dr, Kingsport, Tennessee	US
S3-887859257	Holdings Murillo Shaw and Vanderhoff	6420 86th Street Court, Puyallup, Washington	US
S3-189393724	Manorama Limited Trading	783(B) 1, Varchi Peth, Chiplun, Ratnagiri, MH	India
S3-867948659	Sukh [(India)]	Shakuntal Apartments S No 1, Dnyaneshwar Nagar, Kothrud, Pune, महाराष्ट्र, Flat No 35, Poona	India
S3-893668173	Wolfe Silver Guggenheim, LLC	1901 Sheffield Avenue, Bldg. E, Muscle Shoals, Alabama	US
S3-841714158	Coggin & Sihsmz Partners	2539 Washington Pike, Knoxville, Tennessee	US
S3-314377473	Ostrich Constructions LLP	88 And 89, Krishnagiri, Dharmapuri, TN	India
S3-860300879	यूनिवर्सल इम्पेक्स प्राइवेट लिमिटेड	43/A Sadashiv Cross Lane, Sanskar Bhavan, Mumbai City, Mumbai, MH	India
S3-323523450	Jain Edusystems Private  Limited	H.no 00302, Chartered Mady, 17Th Main, J..p. Nagar, Phase - Ii, Bangalore, Jp Nagar, KA	India
S3-450266438	lifetechnologies.com	H.no 53 - 1 Thittangkulam Muthu Nagar, Kovilpatti, Thoothukudi, TN	India
S3-925948729	K0zhikode Solution Private Limited	D/1/124, Kozhikode, KL	India
S3-420917708	Mackinnon Continental Navios Associates Inc	418 Buck Jones Rd, Raleigh, North Carolina	US
S3-822765545	Lss It Pvt Ltd	Pl No 156, North Solapur, Solapur, महाराष्ट्र	India
S3-393300053	रॉयल रेड बिजनेस लिमिटेड	H No. E - 0045, Delhi, South Delhi, दिल्ली	India
S3-792568282	బ్రైట్ మీడియా ప్రైవేట్ లిమిటెడ్	D.no.5-37-112/a, 4/17, Brodipet, Guntur, Brodipet, ఆంధ్రప్రదేశ్	India
S3-969264685	Euphoric  Brothers	D. No. -2-595/3/2A-2B, Hyderabad, TG	India
S3-818931731	Andromeda Systems Enterprises	H No C-20/331 Prakash Chauraha R-2 36591, Rewa, Agdal, मध्य प्रदेश	India
S3-849400263	Magnetic Center Ahmadabad Technologies		India
S3-425317874	EGGLESTON OUTDOOR HARBOR INC	#9846 Pickerel Dr, City Of El Paso, Texas	US
S3-182898349	Lucky Celeaning Service	3008-D Keyrell Dr, Sioux Falls, South Dakota	US
S3-175677875	Frontier Piedmont Innbovlton LLC	2425 Alta Vista Lane, Edmond CITY, Oklahoma	US
S3-493517158	Smith National-Supply Inc.	130 Hess Lane, Roseburg, Oregon	US
S3-706986404	[Inc] Sanchez Lending	0010744 Millers Way, Orland Park, Illinois	US
S3-711714921	ತಿರುಪತಿ ಎಂಟರ್‌ಪ್ರೈಸಸ್ ಪ್ರೈವೇಟ್ ಲಿಮಿಟೆಡ್	708 7-Flr, Ssvr Tridax, Balagere Rd Varthur, B Lore, Bangalore, Bangalore South, KA	India
S3-405978591	Balaji Tc Private Limited	Hn 246 Kushalpura, RJ, Chanwaji, Jaipur	India
S3-947455253	Tirupathi Bureau	D.no. 23-8-100, Tuda Plots 4Th Cross, Royal Nagar, Chittoor, Tirupathi, AP	India
S3-284882720	Strategic Xflh Corp	8391 Maryland Road, Fl 0, Pasadena, Maryland	US
S3-310760250	Restaurant Kelley'S Bright	Clayton Tract, Vermont, Wells	US
S3-70678246	(india) kims properties pvt ltd	Plot 2-383 A-2/23 Mainwali Nagar, Delhi, DL	India
S3-614279324	Llc Counts Printing	1732-D Fayette St, Baltimore, Maryland	US
S3-582054028	Future  Limited Private Consultancy	#325/1 Inner Circle Whitefield, Bengaluru, Bangalore, KA	India
S3-386196127	SMITH NATI0NAL SUPPLY INC. INC.	130 Hess Lane, Roseburg, Oregon	US
S3-424949927	IX Innovative Abony	0040 Savage Lane, Hendersonville CITY, North Carolina	US
S3-6980293	inc hernandez charter school highland	New Mexico, Carlsbad, 911 Main St	US
S3-751094750	6ayatri Suppliers Public Limited	H.no. 1406., Sector 23, Sonipat, हरियाणा	India
S3-222292716	Nexnex  Sfeervc LLC	N12682 Wolfe Lane, Athelstane, Wisconsin	US
S3-532270934	Pune Solutions Public Limited	Pune, N/A, H.no 520 Bldg-w Fl-1002 Sn-75/13 Sacredheart Town Wanawadi, MH, Kedari Garden Junction	India
S3-934953127	Urology Clinic	4731-4733 Old Oxford Road, NULL, Durham, North Carolina	US
S3-174036202	East-Management Private Limited	Shop No. G-1, Ground Floor, Perfect Point Opp. Ramkrishna Ashram, Dr. Yagink Road, Rajkot, ગુજરાત	India
S3-332242646	Crystal City Clinic Trust	5159-5163 Powell Valley Road, BG Stone GAP CDP, Virginia	US
S3-420168419	Clevenger,, Ddene Services	66 Adams Street, Malden, Massachusetts	US
S3-804261739	The Burke & Petty Edison Uptown LLC (ID: 83931)	4311 Martindale Drie, Garland, Texas	US
S3-576547091	Mumbai Sales Private	Unit No.223, Neo Corporate Plaza Ramchandra Lane, Malad West, Mumbai City, Mumbai, MH	India
S3-979868435	TORRES HEALTH CENTER INC		US
S3-98299744	Modernadvertising.Com	308 Weatherstone Drive, Belleville, Illinois	US
S3-69356951	Pena  Piedmont Storage Corporation	Scottsdale Road, Floor 1, Scottsdale, Arizona	US
S3-500452745	Pyrazeph D.B.A. Cozy Auto Body Inc	2446 Main Street, Barnstable, MA	US
S3-798281261	Rrs Textiles Private	17/543, Mundeth House, Marottichodu, Kalady P O, Aluva, Ernakulam, KL	India
S3-99260380	To  Automation	Hanuman Charaip O Barkar, Barkar, Bardhaman, পশ্চিমবঙ্গ	India
S3-287503977	Furniture Media Baba	No 23, Eswari Ratna Garden Apts. 23/40, Vandikaran Street, Guindy, Chennai, TN	India
S3-975164634	Devipura  Kothi India Piraget Limited	Ward No. 17, Opp. Kayamkhani Hostel, Devipura Kothi, Sikar, RJ	India
S3-482675935	QJ  Music LLC	78 Swan Street, # 216, Lowell, Massachusetts	US
S3-553202890	Nha It Pvt Ltd	Plot No 541, 542, Yashoda Pride, Hotel Ring View Building, 6Th Phase, Kphb, Kukatpally, Hyderabad, TG	India
S3-792519134	All Marketing Private Ltd	302 2Nd Floor, Bhera Enclave, Paschim Vihar, New Delhi, West Delhi, DL	India
S3-298359339	Creative Rio  LLC	4115c Sunnyview Road, Salem, Oregon	US
S3-107258520	K., Etheline Pestana, P.A.	128 Shady Pine Lane, Hawkins, Texas	US
S3-318504733	માય ગેલેક્સી એન્ટરપ્રાઇઝિસ પ્રાઇવેટ લિમિટેડ	Opp. 132Kv S/s, 8-A, National Highway, Morvi, Rajkot, GJ	India
S3-799711308	XLF Gold Private [Ltd]	Sy.no.819/part, Hyderabad, TG	India
S3-782456081	Thoothukkudi Thoee Co	TN, Tuticorin, Door No 26A/1A, Thoothukkudi	India
S3-277621265	Runk	3 Fellowship Court, Unit APARTMENT A, Loch Raven, MD	US
S3-641231253	REGIONAL CERTIFIED MARKETING	Cypress Hill Drive, NULL, Rosharon, Texas	US
S3-559352607	Dynamic Media Brhs Valley LLC	34 Llano Rd, Los Lunas, New Mexico	US
S3-216281916	The NMY Superior Ithax PLLC	1875 66 Expressway, Catoosa, Oklahoma	US
S3-197119350	Sanskar Mantgementprivtte LLP	Door No 98 Una Road Bajwara, Hoshiarpur, PB	India
S3-420005286	J. Zandra Rodriguez, Service	2118. 365, Miles CP, Texas	US
S3-975179311	Dream Gujarat Technologies Private Limited Services	Door No 85 Surya Niketan, East Delhi, New Delhi, दिल्ली	India
S3-226436478	Zephorbi Labs d/b/a Royal Food	C/0 Jagdish Singh, Chuabe Tola, Sadar, Mirzapur, Uttar Pradesh	India
S3-360227409	The Dt Pub!	4846 Waveland Avenue, Chicago, Illinois	US
S3-127289081	Hkr Sreivcs Pvt.  Ltd.	Sri Shivendra Rashu, Sampatchak, Patna, BR	India
S3-736479637	Ontiveros Labobratfries Inc		US
S3-470741705	Taraesh Reddy  Private Limited		India
S3-352399690	Namakka1 It Private Ltd	Bangalore, Bangalore Rural, ಕರ್ನಾಟಕ, Floor	India
S3-861116338	Cornet  Technologies		India
S3-10542964	Sun Enterprises Public Limited	Laxmi Nagar, J M Road, Bhandup West, #15, MH, Mumbai	India
S3-924047191	rjprocap.com	199-C Frontage Rd, Danivlle CITY, West Virginia	US
S3-233704304	LLC Midwest Realty	15863 Quorum Drive, Floor 0, Addi, Texas	US
S3-638172423	Akb Trading Private Ltd	No.3 Gandhi Nagar, Coimbatore, TN	India
S3-704265161	Mr Magic & Co [Exports] [Exports]	73, NULL, Agra, UP	India
S3-915933564	Shri Park  Commercial (India) Care	1-93/3, Hyderabad, Amberpet, TG	India
S3-743717620	Mr Jain Edusystems Private Limited	#00302, Bangalore, Jp Nagar, KA	India
S3-49942030	Jones, Eppley and Baird Partners	3504 Arthington Blvd, Indianapolis, Indiana	US
S3-119420975	Unified  Certified	English Walnut Court, Kinston, North Carolina	US
S3-89370583	Fisher + Winston Pennantpark LLC	00516 C St, Bridgeton, North Carolina	US
S3-172008014	Rmb F0stndcatiosns Ltd	B-138/b, Bengaluru, ಕರ್ನಾಟಕ	India
S3-273015773	Hayes Interstate Tbk Services	21207  Pink Lantana Lane, Tomball, Texas	US
S3-911772287	Murphy Vanguard Fannie Lakeside	903 Prospect St, Niles, Illinois	US
S3-499185314	1387 Mountain View St Management Ltd	24814d Lawton Ave, LOMA Ilnda, California	US
S3-40972739	Florissant Urgent CARE Partners	3816 Colonel Pickering Court, Florissant, Missouri	US
S3-522138214	Partners Auto LLP	Nashik, MH, Chopda Estatebehind Janlax Mirden Gangapur Rd, Nashik	India
S3-322373587	Tech Servibese Servibese Limited	No 45, Rainbow Retreat Layout Halanayakanahalli, Bangalore, KA	India
S3-975159264	chiropracticbaycenter.com	North Carolina, Unit A, 3610d Wildflower Dr, Greensboro	US
S3-56287512	Burrowes, Bárrett and Carr	16 Kentucky Avenue, Danville, Illinois	US
S3-16705314	Mcknight  Assets, Group	W239n3277. Fieldside Rd, City Of Pewaukee, Wisconsin	US
S3-980668663	Dermatology Vanguard Group Summit LP	131 Pine St, Newton, Kansas	US
S3-923349992	FK Interstate Managers Group	2155 Glendale Dr, Wilson, North Carolina	US
S3-911335590	Surya Industries	Plot No. B135, Opp. Garware Wall Ropes Ltd. Wai Midc, Taluka Wai, Dist Satara, Wai, Satara, Maharashtra	India
S3-820135218	unionengineersoperating.com #37841	873 Sharpe Ave, Nashville, Tennessee	US
S3-770719797	MILLS ENTERTAINMENT	6333 400, Rensselaer, Indiana	US
S3-560885246	ग्रेट वेंचर्स लिमिटेड	Ulwe, Aptt No- 502, Building No - 13, Sector - 19 A, Navi Mumbai, Ul- 1, महाराष्ट्र	India
S3-421204939	Interstate-Institute	851 Colburn St, Toledo, Ohio	US
S3-31134626	Family Liberty (Group)		US
S3-103440639	KC [Construction]	Room No. 2/65 D, Second Floor Mekkha Tower, Thurakkal, Manjeri, Malappuram, Malapuram, KL	India
S3-266983637	>> Piedmont Dental Associates	6310. Robinhood Ln, Huntsville, Alabama	US
S3-494996340	BRIGHT BISTRO LTD	63 Oak Street, Unit Apartment A, Brewster, New York	US
S3-794792677	& Lam Co	Shop D/414, Pearl Plaza, Nr. Laxmi Vill - 2, Nava Naroda, Ahmedabad, ગુજરાત	India
S3-529504723	Newark Literacy Rocky Association Corp	1101 Kingston Building, Newark, Delaware	US
S3-935788047	Allahabad Services (Ltd)		India
S3-86422842	Great  Wintergreen Metro	233 Robbins Farm Road, Hamptonville, North Carolina	US
S3-203912598	Metro Dynamic Dynamix [L.L.C.]	1285 Shhop Ave, # 7, Waauseon, Ohio	US
S3-204435910	Swastik Agro Pvt Ltd. (ID: 44962)	10/238/12, Devikulam, Idukki, Keralam	India
S3-373833737	Fluxpyra Formerly Thane Care Private Limited	Maharashtra, Thane, Wework Seawoods Grand Central, 10Th Floor, Tower 1, Sector 40, Seawoods Railway Station, Nerul Node, Navi Mumbai, Hd-105, Thane	India
S3-30549928	श्री डायनामिक इंफोटेक	425, West Delhi, New Delhi, DL	India
S3-554028813	Garcia Pioneer Grading  Corp	<NULL>, 00216 Cedar Road, Tennessee, Clinton	US
S3-544982980	Fluxvera aka Arts Ministries P.C.	5790 Hughes Road, Galena, OH	US
S3-794200754	KG Wholesale	Brazil, Indiana, 219-C Charles B Hall Drive	US
S3-232301914	8rewer Stephens Center	1252c Waycross Rd, NULL, Cincinnati, Ohio	US
S3-426472727	Pacificlodging.Com	75, Oxford, North Carolina	US
S3-980891136	A/V Brítish, LLC	0094 Washington Street, Painesville, Ohio	US
S3-174017583	It Insntiute	Orchid Tower Flat No 4B 4Th Floor, Kankurgachi Road, Kankurgachi, Kolkata Region, Howrah, WB	India
S3-245986078	devraj business private [limited]	Block A-628 Office No A-206, Plot No 21, Shiv Chamber, Sector 11, Cbd Belapur, Navi Mumbai, Thane, MH	India
S3-56262493	Broyles Freight Partners	616 2rd Avenue, Glenwood, Minnesota	US
S3-134035145	lotus impex limited	H.no 558 4-1-46, 1St Floor Tammina Building, Chittinagar, Vijayawada, Srikakulam, AP	India
S3-235775089	comfortfacility.com	No #2 Church Lane 4Th Floro, Suite No. 404A, Kolkata, Kolkata, WB	India
S3-382668942	Flack Réalty Inc	3311 38th Street, PO Box 5816, Moorhead, Minnesota	US
S3-759330092	Guglielmi Rdev	87 Airport Rd, Highland, New York	US
S3-561728500	Cértifiedselectcherry.Com	Maple PARK CITY, Illinois, 17343 Perry Rd	US
S3-227064870	Rolf Dae Ássociates P.C.		US
S3-567875452	joyoussoftindia.com	H.no 9-94/7, Plot No.76, Laxmi Nagar Colony, Hyderabad, Ghatkesar, తెలంగాణ	India
S3-78918143	Gúlab-Polytechnic	Faridabad, Khatoni No 199, Khasra No 37, Kila No 9, 8/2, Near Sankalp Convent Sch, Ool, Ballabgarh, HR, Village Karnera	India
S3-709424678	Innovative Biomedical Technologtes	22. Shining Willow Way, La Plata, Maryland	US
S3-145592674	Gertruda Morgan, DPM, M.D., LLC	5298- Trinity Rd, Defiance, Ohio	US
S3-417320954	C0mbe Select Select Nexera-Inc	9386. Duff Rd, PO Box 4904, Hillsboro, Ohio	US
S3-685408874	Cardiology Medicine Valley Co	1330 Vista View Drive, Washington City, Utah	US
S3-898217594	Oncology-Partners Corporation	Marina Dr, Brownvsille CITY, Minnesota	US
S3-677679839	Annamarie Trautman, Esq.,	1608-1612 Kansas Avenue, Roswell, New Mexico	US
S3-231773050	Shauna Beverly Ridge  Steers Corp #82725	5517 100, Liberty Center, Indiana	US
S3-990195188	Imojeanboydsignature.Com	29W 270 Forest Ave, null, West Chicago, Illinois	US
S3-164646854	Mr Nr (Hosptil)		India
S3-576225848	Innovative Intelligence Union Westgate	1263 Creek Dr, Fl 0, Annapolis, Maryland	US
S3-786435767	Comer Academy	No. 0775 1, Ground Floor, Geetanjali, Taikalwadi Road Next To Dadar Vidya Mandir, Matunga (W), Mumbai, MH	India
S3-443307873	OV Services  Valley LLC	3397-C Gramercy Ave, Ogden, Utah	US
S3-620345980	Real International Power	F-#1 Bhavani Flats A-1 Ags Colony, Chennai, TN	India
S3-714552639	Trusted Staffing  Systems	2335. Thomas H Delpit Drive, Baton Rouge City, Louisiana	US
S3-574589314	Denney, Mirei1le, DO, M.D.,P.C.	2424 Park Avenue, Muscatine, Iowa	US
S3-267549709	Mulloy Mo Gréat Inc.	11 Winchester Ct, Farmington, Connecticut	US
S3-548243347	Marja Mack All	130 Arizona Avenue, # 407, Georgia, Atlanta	US
S3-996680259	Carr  Bridge Corp Center	902 Effie St, League City, Texas	US
S3-916307060	Russell'S Roofing Capital Ltd | www.russells.com	471 Steamboat Run, Gerrardstown, West Virginia	US
S3-932423865	Pediatric Care Foundation	#5739 176, Drakesboro, Kentucky	US
S3-558455512	k&s solutions private limited	6/8, Old Hanuman Road. 2Nd Cross Lane, Rajda Building, 1St Floor, Kalbadevi Roa, D, Mumbai, Mumbai City, MH	India
S3-315386429	श्री इम्पेक्स प्रा. लि.	Mumbai, 1-F Dhiraj Pen Compound58-59 A K Road Andheri East, Bombay, MH	India
S3-433939171	Private Rrs Textiles (Ltd)	17/543, Mundeth House, Marottichodu, Kalady P O, Ernakulam, Aluva, കേരളം	India
S3-584005847	Regional Initiative Group	34 Ash Street, PO Box 3461, Arizona, Saint David	US
S3-189903901	Baxter Distribution LLC	Unit Unit 2, New York, Scottsville, 700 North Rd	US
S3-651790413	Matrix Bio Pvt Ltd.	Shri Mohini Building, G F R No 2, 345 Kingsway, Nagpur, MH	India
S3-814780893	Onyxcalo née Gold Properties Private Limited	137/3 G Sector Varun Nagar Kolar Road, Bhopal, Madhya Pradesh	India
S3-961521541	(Limited) Des Dass	महाराष्ट्र, Nagpur, No. 436 F No. 103, Nagpur, P No.152, Prabhu Bramha Apt. Nelco Soc., Trimurty Nagar	India
S3-837432237	AE Blúerock LLC	1207 1/2 18nd Ave, Ozark, Missouri	US
S3-696916480	Nagraj Ltd-Education	No 3/1B Gour Sundar Sett Lan, Dumdum, Sinthee Police St, Kolkata, Howrah, Kolkata, পশ্চিমবঙ্গ	India
S3-517276128	Pediatric Group (Center)	Tennessee, Lebnaon, 451 Adams Avenue	US
S3-342472958	Frye Regional Produce,	0043 Quiet Water Rd, Hendersonville, North Carolina	US
S3-257197675	सिल्वर एनर्जी लिमिटेड	M No. 2945/6, Plot No. 12, Kedar Nivas, Vidhyanagar, Palus, Sangli, महाराष्ट्र	India
S3-6496428	garland olsen network inc	2545 Walnut Ridge Rd, Randleman, North Carolina	US
S3-354183623	Hitech Exports Technologies Private Limited	Madurai, தமிழ்நாடு, Madurai, 29, Navalar Nagar 3Rd Street, Sakthi Velammal Nagar, Navalar Nagar, S, S Colony	India
S3-780315611	ऑल Marketing प्राइवेट लिमिटेड	302 2Nd Flor, Bhera Enclave, Paschim Vihar, New Delhi, West Delhi, DL	India
S3-223348394	opbiotech.com	953 1/101, Main Road, B.r. Nallur, Alathur Tk, Ariyalur, Perambalur, TN	India
S3-104025560	Private High Consultancy Pharmacy Limited	Plot No. Sp-285, Mia Alwar, Ramgarh, Alwar, RJ	India
S3-387563114	LLC Slate	Lexington, Massachusetts, 24 Turning Mill Rd	US
S3-819793629	The Pediatric Dentistry Care Associates	3262 Belfort Road, Atl, Georgia	US
S3-488774051	ఏపెక్స్ ఇన్‌ఫ్రా ప్రైవేట్ లిమిటెడ్	Door No 7-25, Vijayawada, Srikakulam, AP	India
S3-78697575	Solutions Super Pvt Ltd	Pot 37 153A, 15Th Floor, A-wing, Mittal Court, Bombay, Mumbai, MH	India
S3-164486489	Kapila Management Infratech Limited	H.no 27 Netaji Subhas Road3rd Floor Ps Hare Street, Kolkata, Calcutta, পশ্চিমবঙ্গ	India
S3-957117535	cascadehorizontavia.com	53 16 1/2 Ave, Fargo, North Dakota	US
S3-890377591	Ltd Shree Smart Agro	A4/202 Eros Sampoornam, Greater Noida West, Sec-02, Noida, Bilaspur, उत्तर प्रदेश	India
S3-891770573	Leena Swink	100 Ln 101 Crooked Lake, # LOT 105, Angola, Indiana	US
S3-715570091	Bernetta J. Johnson, D.D.S. Ltd	Pennock Road, Champion, New York	US
S3-837955074	Cascade Dfnia Global Ltd	10256 Richview Dr, Fl. 0, Saint Louis, Missouri	US
S3-201599820	Rizapyra formerly known as Capital Institute Corp	Snowflake, AZ, 85 Hillcrest Drive	US
S3-880488284	5ilver Packaging	1706 Severn Road, # R, Severn, Maryland	US
S3-177771704	Maley  Heritage LLC	Alexandria City, Virginia, 109 Queen Saint	US
S3-198020998	Anubhuti  Services	Plot No 222, K.v.rangareddy, Balanagar, TG	India
S3-696359414	Smt Apnapan Fboudatiion Industries LLP	Door No 495, 8Th Cross, 10Th Main Jeevan Bhima Nagar, Bangalore, KA	India
S3-609193565	Brand Traders Infratech Private Limited	दिल्ली, D-410, South West Delhi, Delhi	India
S3-380651266	Solutions Konika Recruitment Overseas Private Limited	Block G-918 18/32, Mumbai, Andheri (West), MH	India
S3-750682254	KQU Finsrnce Private Limited	2/20 Patel Nagar Near Balmiki Mandir, Hisar, Hissar, हरियाणा	India
S3-967350578	TR Foundations Private Limited (ID: 54731)	Bungalow No. 9/3, Golden Beach Co - Op Housing Society Limited, Ruia Park, J M Marg, Juhu, Mumbai, महाराष्ट्र	India
S3-655054210	ROBINSON ENTERPRISES	1340 Anchor Drive, North Bellmore, New York	US
S3-463948105	choiceatlantichologram.com	Dallas, 6041 Villa Sur Trail, Texas	US
S3-768916154	Dr Zephsyn	Room No. 602, Thane, महाराष्ट्र	India
S3-37880745	Initiative Services Private  Limited	Plot 42 612, Hooghly, পশ্চিমবঙ্গ	India
S3-109199745	Commission on and Parks Recreation	6699-D 1322, NULL, Lockhart, Texas	US
S3-949141829	Hurtado, Hames and Allen Distribution Inc	Concord, 4256 Stream Dale Cir, North Carolina	US
S3-744953120	New Care Private Limited	H.no 54, Jawahar Nagar Colony, Sindhi Colony, Secunderabad, Secundrabad, TG	India
S3-225169411	MEENIX CONSULTING LLP	Hno. C - 605, Pune, MH	India
S3-891701181	ahagroprivate.com	Site No. A-4, Coimbatore, TN	India
S3-426777196	Ganeon Inc	391 Lakewood Forest Road, Franklin County, Virginia	US
S3-469273310	Urban Diner	97 Varley St, Unit 2 LEFT, Massachusetts, Fall River	US
S3-740469179	Eleven Advisors	Hiral Lal Prop No ##111, Khasra No 13, Gali No 6, Kotla Village, North East, Delhi, DL	India
S3-591544983	Indore  Workz	Indore, MP, Indore, ##56, Chhatrapati Nagar Airport Road	India
S3-926909788	Celina Family Legacy  Chiropractic	2477 Weston Road, Celina, Texas	US
S3-141519941	राम विजन कंस्ट्रक्शन प्राइवेट लिमिटेड	H No-##133 Old Housing, Rohtak, हरियाणा	India
S3-866400467	J Y Jontnso Social	Newington, 82 Richard Street, Connecticut	US
S3-185897775	Sayonara Management Private Ltd	#652/2, Tal Khalapur Dist Raigad, Panvel, Navi Mumbai, Raigarh, MH	India
S3-196019498	Falcon-Corp	360 Welsh Rd, Chartiers Township, Pennsylvania	US
S3-579062568	King Intittute of Technology LLC	##96 14rd Ave, Grinnell, Iowa	US
S3-601004436	Alpha Hospital Holdings Preevae Limited	No 4 Meghsynergy, Newno.45, Oldno.21hallsroad, Kilpauk, Chennai, TN	India
S3-269125914	Richmond Trinity North, North, INC.	6449 Mcgee Street, Kansas City, Missouri	US
S3-227962487	Heritage Talent Digital Inc.	721 Riveside Ave, <NULL>, Santa Cruz, California	US
S3-202683417	Wong's Metal Works [LLC]	712-A Ronalds Saint, Iowa City, Iowa	US
S3-849228572	The 5ilver Chs Care Care	Eames Street, Channahon, Illinois	US
S3-487427006	Dinny Lindsey Media L.L.C.	N82w13414 Fod Du Lac Ave, Menomonee Falls, Wisconsin	US
S3-247338175	wilson optics holdings	1080 Gowdy Road, Sapulpa, Oklahoma	US
S3-562025620	Pvt Perfect Finance Ltd	C/o Munna Thakur, Areraj, East Champaran, BR, Ward No7, Ward No.-7, Ps-malahi	India
S3-715347612	Rodriguez Platinum Logistics ínc	1763c Kirby Rd, Mcc Lean, Virginia	US
S3-403739967	Kelozeta formerly Howard, West and Williams	Crofton, 1858 Aberdeen Circle, Fl 0, MD	US
S3-274677697	Blanche T. Rupard,	Mckinley Street, N/A, Manchester, Connecticut	US
S3-489829964	Pediatric Dental Médicine	2674 Meadowdale Lane, Unit 209, Woodridge, Illinois	US
S3-873872877	Watervliet Council Cancer	16-18 Early Dr, Unit Apartment D, Watervliet CITY, New York	US
S3-633663003	Jackson  Ventures, LP	2426 Birdcreek Drive, Temple, Texas	US
S3-183092275	Forge PLLC Center	1334-1336 George Bason Road, Graham, North Carolina	US
S3-841927362	சன்ரைஸ் சிஸ்டம்ஸ் பிரைவேட் லிமிடெட்	No.##280/3, Tamilnadu, தமிழ்நாடு, Chennai, North Colony, Icf, Chennai-38. Tamilnadu	India
S3-567597778	Diaz  Dynamic Calamos	74 Greenwood Road, Windsor Locks, Connecticut	US
S3-120583704	ess polytechnic associates industries	No D/65 Vill. Khariberia, P.o & P.s - Bishnupur, Bishnupur, Parganas South, WB	India
S3-319868593	Steen Dynamic Medical [Llc]	1125 Front Saint, Coeburn Town, Virginia	US
S3-122883667	Family  Center Incorporated	825 Bonny Blvd, Parma, Ohio	US
S3-993928830	Wins0me Resource Private Limited		India
S3-84797979	Crunchy Limited Center	OD, Cuttack Sadar, Purigaht, Cuttack	India
S3-404481370	eyeelitephysicians.com	4508 East Lane, Huoston CITY, Texas	US
S3-775473979	TDZ Pvt  Ltd Services	504, C-scheme, Jaipur, RJ	India
S3-169898620	Taparia Fd Corporation	New Delhi, DL, 0078-A, Dilshad Garden	India
S3-671276659	-- CATLAINA HARRIS METROPOLITAN EQUITABLE GREATER, LLC	Northeast, 3120. Cheery Lynn Rd, Arizona	US
S3-819594890	Hagen School Inc. Services	16-18 Chapel Road, Orono, Maine	US
S3-57029804	Rangareddy Constructionsprivate	Plt No. 95, 3A Vasesh, Arcade, Puppalguda, Rangareddy, Andhra Pradesh	India
S3-707869322	Hockett's Hockett's Sígnature Productions	210 Depot Street, Gordonsville, Virginia	US
S3-574188886	Celestia Duofff Gulf Douglas LLC	86 High Point Rd, Weaverville, North Carolina	US
S3-325579460	Lummirawex	5702- Lincoln Drive, Paradise Valley, Arizona	US
S3-240204443	Hunger Hunger Center	2140 Windward Shore Drive, Virginia Beach, Virginia	US
S3-354651152	M/s Diamond  Traders Industries Private [Limited]	Godown No. G- B3/65, Apmc Market - I, Phase - Ii, Sector -19, Vashi, Navi Mumbai, Thane, महाराष्ट्र	India
S3-991543067	King	54 Bonner Street, Chicopee, MA	US
S3-477752850	Sarathy Learning Ventures LLP	No #1-H/41 N.i.t, Faridabad, HR	India
S3-960859165	Jillene Grote Fortis	185 Hartsdale Ave, Greenburgh, New York	US
S3-273427457	Lilly's Wh0lesale	4889 Alice Louise Dr, Greenwell Springs, Louisiana	US
S3-351559470	Bright Krishna Investment Límited	71A/1/3, Indore, MP	India
S3-653311581	lifeimpex.com	Shfp No. 58, New Anaj Mandi, Ambala, हरियाणा	India
S3-857179791	Peacock Tut Ltd	2-10-309/2/6 Prasanthinag, Warangal Urban, Hanamkonda, Andhra Pradesh	India
S3-580309019	HIGHLAND BEST LIONHEART GROUP	North Carolina, Morganton, 08 Highlander Street	US
S3-446802743	VLI Technologies Private (Limited)	117/805/7, Rawatpur Gaon, Kanpur Nagar, उत्तर प्रदेश	India
S3-312543057	Bay Inc		US
S3-616612425	Shri Opal Foods Private Ltd	4/4, Garstin Place 4Th Floor, Cal-1 W.e.f.29.01.2001 P.s.hare Street, Kolkata, Howrah, WB	India
S3-75260233	*** Pilco Human Human	No 17 Prayas Housing, Society Wela Harichandra, Nagpur, MH	India
S3-768651862	Chauvin  Worldwide Group	9701 Devan Drive, <NULL>, Mission, Texas	US
S3-162044584	Unified LLC LLC Services	336 Ridgecrest Drive, Orem, Utah	US
S3-996621314	caldari spark inc.	6203 Wildwood Dr, Hammburg, New York	US
S3-217822932	Vindhyavasini lron Industries Private Limited	<NULL>, পশ্চিমবঙ্গ, Howrah, Kolkata, 161/10	India
S3-974573276	Waterman Regional Co	12 Leigh Gate Road, Glatonbury, Connecticut	US
S3-919299212	Center Panchratna Ltd	Door No 19/1, 2Nd Floor, C Wing, Classic Aura, Kadubeesanahalli, Outer Ring Road, Bangalore, ಕರ್ನಾಟಕ	India
S3-592819399	4415 CHURCH DRIVE APARTMENTS LLC	1112 Shive Ln, Bowling Green, Kentucky	US
S3-34152919	Guerrero Santander  Inc	7380 191st St, Tinley Park, Illinois	US
S3-546727974	Specific & Sons Enterprises Limited	UP, Gorakhpur, Ram Baran, Humaynupur, 32/T-4/32, Civil Lines, No 64 C/o Gaya Pd	India
S3-310693377	Kornoviavi+	B/No 434 Ts/No 2372 Sant Tukaram Nagar Pimpri, Pune, Maharashtra	India
S3-191967498	Ciraveranex aka XC Developers Private Limited	Sawai Madhopur, Rajasthan, Aparna, Meena Colony Sawai Madhopur, Jaipur, House No. 2	India
S3-32527493	*** Dorena's Apparel, LLC	16563 Cozart Avene, Pembroke Township, Illinois	US
S3-102070241	Office of Aging Summit	132 152nd Avenue, Vancouver, Washington	US
S3-965546227	Anchor  Music Inc Services	25208-C 19rd Street, San Bernardino, California	US
S3-831860314	Cruz Services	417 Travis St, Houston, Texas	US
S3-666412539	jcp0wer.com	South Bankimpally Madhyamgram, Barasat, Kolkata, WB, Kolkata, Howrah	India
S3-646268856	Deltaquo Fróntier Nasdaq Inc	355 Central Ave, # 2015a, Phoenix, Arizona	US
S3-76778502	PVT. MIO ÁDVISORS LTD.	306, Kalyan, Thane, MH	India
S3-994896019	फर्स्ट इंफोटेक लिमिटेड	Mirzapur Up, Block C-257 C/o- Jhallu Ram Sonkar, UP, Mirzapur	India
S3-340648940	Shri Gold Logistics Private  Limited	#5, Tiruchirapalli, Tiruchirappalli, தமிழ்நாடு	India
S3-775437546	Sree Products Limited Center	F No1614., Mumbai Region, MH	India
S3-504496235	Big Bike-Shop	36 Wall St, Unit 2, Sevierville, Tennessee	US
S3-421140400	#dynamiccalifornia	214 Buchanan St, Texas, Wichita Falls	US
S3-718836927	Arihant Evangelical Private-Limited	2-927 Villa-07, Bptp Park Elite Premium Sec 84, Faridabad, HR	India
S3-72966899	Shipra &-Sons		India
S3-119219697	பிளாக் வென்ச்சர்ஸ் லிமிடெட்	No 0060 Ten Square Mall, Chennai, TN	India
S3-145381780	Ariaecto aka Grand Systems	10731 Johnston Road, Charlotte, NC	US
S3-569122442	Aviarc dba Regional Association Inc	5971 Sir Edward Court, Florissant, MO	US
S3-307042875	Randene L. Áys, [L.C.S.W.]	Illinois, 1831 Sherman Street, Lansing	US
S3-186788903	escamilla lithium llp	2901 Sekirk Rd, Sringfield, Illinois	US
S3-295580216	Desert  Coalition [VI]	Candlewick, Unit 0, Poplar Grove, Illinois	US
S3-617123652	Williams, Lynam & Brice LLC	481 401, Raeford, North Carolina	US
S3-496225786	SMITH HOLDCO, LLC	712 Old Farm Road, Graham, North Carolina	US
S3-496505048	Lower Préparatory Academy	202 Rossman Court, Franklin, Ohio	US
S3-96540038	Smart Tartig Limited	W/o Mr. Rajiv Joshi 44, New Delhi, DL	India
S3-344183576	India	Vill- Malhipur(Ct), Bihar, Begusarai, Tola Chakiya, Naya Tola, Panch-Malhipur(South, Barauni	India
S3-429434793	Urology Urology Certified Associates	10 Cabinet View Lane, Trout Creek, Montana	US
S3-113161071	നോർത്ത് സൊല്യൂഷൻസ് പ്രൈവറ്റ് ലിമിറ്റഡ്	Door No 7/516 Kattitharabuilding Kundannoor Junction Maradu P O, Ernakulam, KL	India
S3-343879072	Allied Féderation Inc	7985 650, Connersvillec DP, Indiana	US
S3-660416275	Entech  Northside LLC	Ohio, 2031 Tillotson Rd, Ashtabula	US
S3-48365601	Builders Shree  Immigration	At S No Flat 203, 2 Flr Tridev Apartment Shivaji Chowk Kombadpada, Kasar Ali, Bhiwandi, Mumbai, Mumbai City, MH	India
S3-76332864	Smart Trusted Lng Ltd	Utah, POVO, 191-195 400	US
S3-857956206	स्मार्ट बिल्डर्स प्राइवेट लिमिटेड	Shop-b/419 Pride Purple, Pune City, Pune, MH	India
S3-236708703	Ironworkers 230 Local	1324 Bighorn Ave, Town Of Big Flats, Wisconsin	US
S3-7759170	Creative Health Worldwide	697 Lxington Ave, N/A, Incorporated, Indiana	US
S3-167795207	Meex Cornerstone Pearl  Central, Inc	3608 Earll Drive, Phoenixtownship, Arizona	US
S3-51156106	Sweet Auto Body! Corp	Bothell, Washington, 0010572 150th Ct	US
S3-91987336	Pediatric Dentistry Specialists LLC Society	Northampton, Massachusetts, 36 Main Street	US
S3-969278978	Mehetabel Rogers SNOW Midtown INC	8119 Reeves Rd, NULL, Bloomiington, Indiana	US
S3-820731421	HOLDINGS GULF MOZAYYX	2525. Iowa Street, Omaha, Nebraska	US
S3-956147148	Adams Medical Coastal LLC Society	724C Rensselaer Ave, Ogdensburg, New York	US
S3-216188031	Innovative Innovations  Inc. Services	307 Quail Run, Camden Wyoming, Delaware	US
S3-832367044	Safe Wierlmrss Systems LLC	607 Patriot Drive, Buda, Texas	US
S3-536601950	Tavolyra formerly: Office of Transportation Associates	405 Franklin Street, Unit B, Kenton, OH	US
S3-167338377	SAMARA SMOLINSKI COSTAMARE CARE	3731 Potomac Ave, Fort Worth, Texas	US
S3-535116618	Rosalind B. Hernandez, DPM Corporation	##15 Quincy Close, Ridgefield, Connecticut	US
S3-869815176	td spark company	1972 Hwy 87, POR Tbolivar, Texas	US
S3-397786559	P.C. Pediatric Dentistry Star Health	Glendale St, Unit 2, Dorchester, Massachusetts	US
S3-587786467	Metropolitan Martin Group	2658 Gauwyler Rd, # 235, Irvign, Texas	US
S3-955406465	interstate construction collective holdings	1123. 132, Guin, Alabama	US
S3-271190801	GS GS Machine Wdoks	Clark Ln, # 16, Columbia, Missouri	US
S3-455715397	HPP Solutions	New Delhi, B-#29 Kailash Colony, Greater Kailash, DL	India
S3-769866563	Mindcomp Eisate Private Limited #23656	Space No B-6a, New Delhi, West Delhi, DL	India
S3-858871234	Heritage Association (ID: 8681)	17725 9, Piedmont, Alabama	US
S3-812681857	Jv Impex Ltd	Delhi, North Delhi, DL, C-595	India
S3-365178095	Linette Kane, D.C., PC Ltd	Oklahoma, 62 Oak Ave, Stratford	US
S3-852830332	Umbraarcnyla formerly: Silver Smart Chs	1913 167th Street, Burien, WA	US
S3-440603745	Continental Keystone  Clough Corp	0012918 Centre Park Circle, Virginia, Herndon, # CND 202	US
S3-421784941	Gross & Verge Inc	761 Carob Way, Fl 1, Ocotillo, Arizona	US
S3-971614046	Blue (Association)	Texas, Round Roock, 1404 Zephyr Lame	US
S3-461260756	Mr Kdh LLP Partners	H.no 4, Ashwin Chamber Opp. Raopura School, Raopura, Vadodara, Baroda, GJ	India
S3-335805645	Summit L.L.C.	#1927 Jeffers Cir, Houstton, Texas	US
S3-380003684	Umbrasol formerly: Chiropractic Center LLC	76 Chestnut Hill Road, Litchfield, CT	US
S3-345745352	Arlen Patnode Pacific Rare Central L.L.C.	134 Arctic Fox, PMB 5273, Alexander, New York	US
S3-481035417	Sean Jacobson Arcelormittal Llc	327 200, Emery, Utah	US
S3-852756133	Ear Nose Health Throat &	Cape Rd, Maine, Hollis Center	US
S3-248450431	Arihant Technology		India
S3-291502909	Great Súrya Consulting Private Limited	350 Kanchan, Rajkot, GJ	India
S3-428637516	Direct Aerospace Alliance	290 22nd St, Fayetteville, Arkansas	US
S3-288356578	Chojnowski, Eda, D.D.S., DDS		US
S3-665207351	Krishna Castings Private Ltd	No 023-929, At Po. Naik Nagar, Hingoli, MH	India
S3-527411262	Jivanta Services Holdings Pvt. (Ltd.)	H.no 202 266, Udyog Vihar Phase-6, Sector-37, Gurugram, Gurgaon, HR	India
S3-430146803	Exports Saru Services	Hn 311- C/o Ombeer Singh, Gautam Buddha Nagar, UP	India
S3-142247068	Mtg [Estates]	UP, Agra, Gulmohar Enclave Rajpur, Taj Nagari Phase Ii, Plot No. 78, Agra	India
S3-104145087	Haveli Properties	Shop No.1, S.no-1, Rama Heights, Nr Karle Ch., Pune, Haveli, महाराष्ट्र	India
S3-95794218	Inc Cardiology Prairie Associates	Arizona, Maricopa, 41252 Lucera Lane	US
S3-272318783	Vtech Investment Pvt Ltd	KL, Malapuram, Door No:20/1162-75, City Gate, Bye Pass J Kacheripadi, Manjeri, Manjeri, Malappuram	India
S3-589918081	Babb's Iron	Margaret Ave, Roswell, New Mexico	US
S3-859589808	Pediatric Dentistry Delta Medicine	105 Heathcote Road, Elmont, New York	US
S3-766231453	Chadha (India)	#422 3A, Mumbai City, Thane, MH	India
S3-123541187	English's Productions Partners	18 Canal Street, Hampton Ays, New York	US
S3-872448677	United City L.L.C.	Washington, 7721 185nd Avenue, Bonney Lake, <NULL>	US
S3-907774896	Housing Project	Beechwood Avenue, Lakeville, Massachusetts	US
S3-306505353	Evolumonyx F/K/A Majestic Laxmi Private Limited	B-2/4 Ist Floormodel Town-Ii, New Delhi, North Delhi, Delhi	India
S3-906013436	Evobrix	13195 Brant Road, Victorville, CA	US
S3-30525878	OJ Retail Exports Pvt. Ltd.	Mumbai, 3-710 'C' Wing Lila Nagaryari Raod Versova, MH, Mumbai	India
S3-313603114	Technologies Bold  Rice Ltd	#119/A, 1St Floor Kandori Nagar, 215 Panjrapole Road, Mumbai City, Mumbai, MH	India
S3-992249519	My Constructions Límited	Bally Jagachha, Howrah, WB, 116 Bireswar, Chatterjee Street, Lp.86/1/2	India
S3-103580950	Pediatric Dentistry Partners Holdings	810 Weathervane Ct, Ballwin, Missouri	US
S3-792765495	Nest Workforce Private Limited	19. Pohuthana, Wayanad, KL, Vythiri	India
S3-860566272	Prime Smurpneme Hub Inc	9757 700, Pelham, North Carolina	US
S3-678414323	Rose Pvt Ltd Services	A ##17, New Delhi, DL	India
S3-896592941	Clean Alliance Semiconductor Corp	5813 Baseline Rd, Unit Apt 158, Little Rock, Arkansas	US
S3-470310452	Perl Lenhart  American Dbdr	Texas, Brownsville, ##5 Cowan Terrace	US
S3-24719222	@Superiorpaper	Connecticut, Middlebury, 203-A Ridgewood Drive	US
S3-75368428	Raven Ltd	525 Estes Park, Taylor, Texas	US
S3-194290621	Cirafluxkor DBA Verity Nagari Pvt Ltd	Hyderabad, Pet, Plot No.42, Telangana, 2Nd Floor Srivatsa Chambers, Srikrupa Market, Malk	India
S3-687458222	Standard-(India)	2433 Sector 3, Mathura, UP	India
S3-300499710	Flint Spac Incorporated	1216 Country Club Ter, Jonesboro, Arkansas	US
S3-610708124	Orient Solutions Exports	Plot 260 F.no-131 Ramky Pride, Brindavan Colony Nizampet Road, Kukatpally, Rangareddy, Hyderabad, Andhra Pradesh	India
S3-614153661	... Afzal & Mcgarry  LP	328- Massachusetts Street, Winfield, Kansas	US
S3-495993450	Data Select Laboratories	968-972 Rutledge Pike, Blaine, Tennessee	US
S3-624116895	Johnson Frésh Melar LLC	5402 Jaime Court, Spotsylvania County, Virginia	US
S3-778245687	Peor Inc. Investments	Kansas, Topka, Blackjack Circle	US
S3-750195769	Anita Madsen Esports Associates LP	4035 Hamblin Dr, Phoenix, Arizona	US
S3-248852740	Arora Business Limited Services	Nagpur, Rachana Sayantara- Ii Hajaripahad, Flat No 801, MH, Nagpur	India
S3-192744153	Universal Edugatiion Partners	301 Brandon Road, Hoyt Lakes, Minnesota	US
S3-534745944	સ્ટાર પ્રોપર્ટીઝ સ્વીટ્સ પ્રાઇવેટ લિમિટેડ	35, Usmanpura Village, Nr. Saiprasad Flats, Ashram Road, Ahmedabad, GJ	India
S3-785287689	snrsevasamiti.com	First Floor, 3544 Sarafa Bazar, Kosikalan, Mathura, उत्तर प्रदेश	India
S3-57325942	Ínc Pasaon	1002 Cloudview Cv, Cedar Park, Texas	US
S3-876679255	Ectodrex F/K/A Vas Cv Private Limited	Gayathri Nagar, Srinivasa Nagar(East), Plot No.25, Ameerpet Hyderabad, Telangana, Behind Huda Maitrivanam	India
S3-618178437	james boston holdings	32 Dahlia Ln, Unit 408, Clayton, North Carolina	US
S3-289282855	Miyasato, Martin and Vesely	5670 New Hamony Rd, Pikeville, Tennessee	US
S3-108356029	Kolkata Medical	Block E-836 27, North 24 Paraganas, Howrah, WB	India
S3-292411286	Lantern Co	0615 Antioch Road, Middleton, Tennessee	US
S3-868989498	Partners Miller All Consumer	4514-4516 Oak Pointe Dr, Louisville, Kentucky	US
S3-458517246	Gcnz, Lindie Cafe Inc	1828 E Capitol Street, # 102, Washington, District of Columbia	US
S3-355993491	Dr Passionate Fsnevlt Private Limited	Plot 113 D.no:134-77/1, Guntur, AP	India
S3-66538767	Brown, Stoudt And Wright Corp	Tennessee, 703 Gray Station Sulphur Spgs Rd, Jonesborough	US
S3-909713364	Shiv Raj Private Limited Services	Al/1/a/41, Street No -16, Action Area- 1, New Town, Kolkata, Howrah, WB	India
S3-48829078	Novic Corp Sérvice	109 Walters Court, Nashville CITY, Tennessee	US
S3-154807971	Digital Media Motors Private Limited Limited	#17 Station Road Halvad, Village - Halvad, Morbi, Halvad, Surendra Nagar, GJ	India
S3-746470063	Dermatology Specialists [LLC]	3083 Twelfth Avenue, # 102, Hickory, North Carolina	US
S3-589218934	Limited Lotus Private Center	ಕರ್ನಾಟಕ, Bengaluru, Bangalore, No. 33/3	India
S3-584061122	Peak Midwest Energy Ínc	225 Hunters Trail, Amarilllo, Texas	US
S3-820668218	Nelson,, Sybilla L.C.S.W., P.C.	Ohio, Dayton, 4173a Oakridge Drive	US
S3-704252321	यूनाइटेड कंस्ट्रक्शन प्राइवेट लिमिटेड	A/#403, Pradnya Co-op. Hsg. Soc. Ltd., Mith Bunder Road, Near Bim's Paradise Sch, Ool, Kopri, Thane, महाराष्ट्र	India
S3-671497875	Applied Insurance Induhtrices, [LLC]	2341 30th St, Illinois, Moline	US
S3-980063224	City Relwbaael Limited	H.no.a-16/11/16/n/84 Saleem Nagar, Malakpet, Hyderabad, TG	India
S3-157179194	ईस्टर्न सिस्टम्स प्रा. लि.	Block F-##872 F-33/a, 2Nd Floor L Type Gali No -31, Madhu Vihar, East Delhi, दिल्ली	India
S3-669823467	M/s Alloy Nursing	D.no.29-14, Nambur Road Opp To Lcc Redimix, Nambur, Guntur, AP	India
S3-131132420	Garcia [Family]	522 Sooner Rd, Bartlesville, Oklahoma	US
S3-761175013	acecommercialworks.com	9910 Green Valley Ln, Houston, Texas	US
S3-725531445	Primary Care Holdings Medicine Royal	3054 Natchez Ave, Chicago, Illinois	US
S3-171264551	Houston Anchor Center	9099 Briar Forest Dr, Houston, Texas	US
S3-358711159	Kfendeavour.Com	38-B Gobind Nagar, Ambala, HR	India
S3-452644352	lumynbiopharma.com	2974 Oklahoma Ave, # TRLR 28, Ulysses, Kansas	US
S3-968225003	Shi Ridge Presidio Metro	8041 110, Unit 8, Rouund ROCK, Texas	US
S3-11202297	Carroll & Blum-Studios	1802 Knaphll Court, Carml, Indiana	US
S3-41561012	Balaji Systems  Pvt [Ltd]	Door No ##979 S/o Subhash Kumar Singh, Saran, बिहार	India
S3-639392141	Fluxsol	Rampratap Gita Nagar Main Road, Rajkot, GJ	India
S3-521304055	Division Of Consumer Affairs	#1911 23rd Cir, Hondo, Texas	US
S3-158548208	Sri Hi Company Services	DL, East Delhi, 314, Shakarpur	India
S3-152703840	Carnation (India)  Financial Priviate Limited	No G-40 E-1, Bhakhtawarpur, Naubasta, Kanpur, उत्तर प्रदेश	India
S3-956874465	Bright Vanguard Bynórdic Inc		US
S3-740926425	KS  Enterprises Private Limited	Plot 1412, Chanakyapuri, BR, Patna, Sainik Colony Pushpa Raj Sumitra Sadan Gola Road	India
S3-298416557	Perkins Farms	8944 Nash Pl, Unit 104, Washingtton, District of Columbia	US
S3-259716637	Ss Infotech Private Limited	Shop No 12, Rabale, MH	India
S3-819910251	Cardio1ogy Advanced Partners Partners LLC	211 Hyatt St, Monticello, Arkansas	US
S3-877969825	माय फाउंडेशन Private Limited	Plot No-15a., New Township, Faridabad, हरियाणा	India
S3-68370901	Olanora Olanora Natural (Llc)	900 Pearces Rd, Zebulon, North Carolina	US
S3-398678700	Sunrise Power Power [Private]	Office No 618, Pune, Pune City, MH	India
S3-231602102	Creative Insurance Company  Ltd	8975 Farm Road 2212, Cassville, Missouri	US
S3-74750507	Nolte  Gen of Rocky Mount	954 Lindsey St, Rocky Mount, North Carolina	US
S3-138225024	M/s Swáti-Brothers	H.no.5-42-b, Surya Enclave, Jalandhar - I, Jalandhar, PB	India
S3-100832283	Pathanamthitta Industrial Private  Limited	Cross Junctiontiruvalla, Pathanamthitta, KL	India
S3-954061411	LLC Federal Tradng Networks	2210 First Avenue, Irondale, Alabama	US
S3-258353406	Halie Granados Epr Corp	243-58 132 Rd, Rosedale, New York	US
S3-605051320	Dr toronto clinic group company	Chhindwara, MP, Cs-11, Excel Floor, Finix Township Lasudia Mori Dewas Naka	India
S3-845426456	Markham and Bácchus	181 Arnold Gamble Cir, Sacramento, California	US
S3-128008293	Zetanovi t/a Elite Telecom Union	Mcminnville, OR, 355 Russ Court	US
S3-203582621	Jay Finance L.L.P.	H.no 0C Debendra Ghosh Roadps Bhawanipur, Kolkata, পশ্চিমবঙ্গ	India
S3-732345507	Star Infra Private - 2629686883	1/440, Thalapilly, KL	India
S3-143138365	Ariela's Rapid Studios [P.C.]	Fl 1, Washington, 4428 26th Avenue, Lacey	US
S3-712884984	Family LLC-Institute	206 1/2 Main St, Tiro, Ohio	US
S3-113546025	Superior Daedalus  Central	1022a Rudisill Blvd, Indiana, Fort Wayne	US
S3-777571154	Wood Industries Pvt. Ltd. Service	60/5, Howrah, WB	India
S3-319859873	Commission on Consumer Affairs LLC	North Carolina, Greensboro, Unit 2E, 00604 Coapman St	US
S3-376739724	Indotech & Brothers Overseas Private Limited	H.no.371., Mumbai, Nawada, BR	India
S3-446075645	Ltd Seven Impex	#34A Khotachi Wadiv P Road Girgaum, Mumbai, MH	India
S3-78735580	Prairie [Auto]	Alabama, 16554 Brigadoon Trl, Baldwin County	US
S3-23615968	LEDESMA BRITISH PARTNERS	1900 Stella Circle, PT Nechhes, Texas	US
S3-731158908	Valour Advisors Corporation	D/38 B, Sonipat, HR	India
S3-99944290	M/s Canopus Collections Pvt Limited	#G-701 Acentre Point Panch Pakhad, MH, Thane, Thane (W)	India
S3-401230739	Little Hair Studio, L.L.C. Center	17333 Valley Blvd, # UNIT 136, Fontana, California	US
S3-732291612	Harris Housing of	1914 Middlesex Street, Lowell, Massachusetts	US
S3-128272660	Sherer, Burbe & Nguyen, Inc	3336 Monarch Ln, Fairfax County, Virginia	US
S3-589862134	Pixel Communications Private Ltd	79, Jaipur, RJ	India
S3-770808282	Legacy Cléaning LLC LLC	1305-1307 University Avenue, Unit Unit 112, Waukee, Iowa	US
S3-952640420	Hurley, Caaalth, DO	##25 Cedar Circle, NULL, Stamford, Connecticut	US
S3-70208128	AF Real Limited Center	Block A-g-844 115, Malligai Street, Ambal Nagar, Porur, Madras, Chennai, TN	India
S3-556624251	Crow'S-United Family Practice Lakeside	14284 Claremont Avenue, PO Box 3994, Middleburg Heights, Ohio	US
S3-975316492	Beacon Rasmtid [Grid]	226 Como Ave, Columbus, Ohio	US
S3-892766279	Langloi Midwest Hospitality	176 Smith Ballard Street, Unit 1-4, Richmond, Kentucky	US
S3-173615740	Sri Sonu Research Enterprises Private Limited	Door No 6Rd Fl, 302-303, Cantila, Business Center, Bhatar Rd, Surat, Surat City, GJ	India
S3-752590254	Angeles Angeles Shipping	1010 F St, null, Harlingen, Texas	US
S3-79060751	Vasudev	Bhopal, Madhya Pradesh, H No 12 Unani Shafakhana Sulemaniya Street	India
S3-734827107	Pritchard Invesco	291 Brookside Street, Fl 1, Chandler, Arizona	US
S3-261440123	Sri Shree Traders-Limited	Door No 9-66 Sai Balaji Nagar Saripalli Pendurthi, Visakhapatnam, AP	India
S3-990332566	Pearl  Design Private Limited	F144, 8Th Street, Annanagar East, Chennai, Chennai, Perambur Purasawalkam, TN	India
S3-952767576	Hotel Power Pvt	Hn 410 A-204, G/f, Old No. B-3, Kh. No. 246/1 Chattarpur Enclave, Phase-2, New Delhi, South Delhi, दिल्ली	India
S3-261795938	Vas Cv Limited Center	Behind Huda Maitrivanam, Ameerpet Hyderabad, Andhra Pradesh, No 25, Gayathri Nagar, Srinivasa Nagar(east)	India
S3-603570235	Shree Office Industries  Plbe Limited	No.113, Residency Road, Bangalore Urban, Bangalore, ಕರ್ನಾಟಕ	India
S3-617528981	परफेक्ट कंसल्टिंग प्राइवेट लिमिटेड	Mumbai City, A/7, Trade World, Kamala City, Senapati Bapat Marg Lower Parel (W), महाराष्ट्र, Mumbai	India
S3-124833931	Total Group Wret Greater	329 Fanning St, Southlake, Texas	US
S3-765250912	LLC Hernandez And Collima,	1766 Monte Ave, Mesa, Arizona	US
S3-378477890	Sanchez Lending ínc	0010744 Millers Way, Orland Park, Illinois	US
S3-889815655	williamproductsprivate.com	#7/309, (Therivathu), Ernakulam, KL	India
S3-386802813	फ्यूचर होटल फाइनेंस	MH, Thane, Door No 0443/0002, Thane, Flat No. 102, Laxmi Icon	India
S3-134281136	Webb Computing, | www.webbcompu.com	16. Ridge Ln, Brownfield, Maine	US
S3-517030039	Brimhall Complete (Machine)	11 Second Street, Mammoth, Arizona	US
S3-483241580	ROYAL REALTY HOLDINGS	43349. County Road 641, JAY, Oklahoma	US
S3-347645705	Ridge Colombier Trusted	Big Bend Blvd, Fl 0, Saint Louis, Missouri	US
S3-471545186	Express East Holdings	2044. Mill Gate Ln, Cry, North Carolina	US
S3-220715252	TaylorclarkcastroCom	3717 280th St, Camanche, Iowa	US
S3-386298379	કૃષ્ણ ગેલેક્સી ફાઇનાન્સ જનરલ પ્રાઇવેટ લિમિટેડ	Plot -49 Vikram Park Opp Bajrang Das Bapa Ashram Thakkerbapa Nagar, Ahmedabad, ગુજરાત	India
S3-929063348	Digital A6RO PVT LTD	Block D-840 Cts No. 41, Pune, Pune City, MH	India
S3-566175539	Premier Jay Management LLP	Door No #10 Sanjai Gandhi Nagar Kelamangalam Road, Krishnagiri, Dharmapuri, தமிழ்நாடு	India
S3-393291817	aura medical centre private limited	No.67/3, Trichy Main Road, Seelanaickenpatti, Salem, TN	India
S3-530462977	Vilasini Limited (India) India	C/o - Subhasis Sen Plot No-4247, Sahedzada Bazar, Po - Chand, Ni Chowk, Cuttack, Cuttak, OD	India
S3-201940690	Mount Chapel	1036 29, PMB 6339, Oswego ITY, New York	US
S3-142908372	ഈസ്റ്റേൺ ഇൻവെസ്റ്റ്മെന്റ് പ്രൈവറ്റ് ലിമിറ്റഡ്	Room No. 380, Kumaranellur P O, Thrissur, KL	India
S3-221405273	Vantagesol t/a The Dent Yoga	294 Lincoln Street, Abington, MA	US
S3-156666432	Solonyx	House No. 00253 Block Road Ekma, Ekma, Saran, BR	India
S3-247000043	Pinkney & Ramsey Bioworks		US
S3-469701500	Fayeonyx doing business as Gee (India) Worldwide Private Limited	1St Floor Modi Market Sambhal, Chauraha Shivpuri Moradabad, Moradabad, Uttar Pradesh	India
S3-212343597	C0mmon Home Nursing Ventures	No 33 Block No, Hyderabad, TG	India
S3-630824307	Ophelie Ophelie Talbott-Dynamic Bio	Sidney Dr, Mesquite CDP, Texas	US
S3-670309638	Safe Infrastructure Brands	3625 Bixler Road, Bowling Green, Indiana	US
S3-258133164	Pioneer Properties Trading Private	2116, New Delhi, South Delhi, DL	India
S3-778105999	Delhi Export Infratech Private	Hn 39 504, New Delhi, Delhi, दिल्ली	India
S3-345915834	arihant developers llp	10Th Floor, Ahmedabad, GJ	India
S3-439029221	Dermatology Cascade	760 80, # E1, Mesquite, Texas	US
S3-110868255	Maurizia Barber Custom  Textiles Inc	1-5 Fineout Road, PO Box 5572, Deposit, New York	US
S3-733942178	Wyss, Fournier +-Williams Texas Central LLC	4929 Old Granbury Rd, Acton, Texas	US
S3-90816667	Liberty Institute LLC LLC Association	155 Greenshire Court, Dardenne Prairie, Missouri	US
S3-997880913	Integrated Robotics Advisors	2018 Maple Street, Fl. 0, Wichita, Kansas	US
S3-828993012	गोल्ड प्रॉपर्टीज प्राइवेट लिमिटेड	Unit No. 2859, Kalyan, Thane, MH	India
S3-283060533	Lakshmi Tech Management  Private Limited	Fl N.a/00301, Pune City, Pune, MH	India
S3-587486578	OX Keoa Pvt Ltd	Ground Floor, Madurai North, Madurai, தமிழ்நாடு	India
S3-940570258	Tri-State Great Dividend Partners	249 Vine Cliff Dr, Harvest, Alabama	US
S3-36280563	Vision Care Inc	14825 Pricetown Road, Salem, Ohio	US
S3-609523790	Mr New Investments  Pharmacy Private Limited	H.no 806., 8Th Floor, B Wing, Orion Vasant Galaxy, Bangur Nagar, Goregaon West, Bombay, Mumbai City, महाराष्ट्र	India
S3-106013082	Ltd South Pvt Center	B5, Rusa Ech Building, Univ. Of Madras Guindy, Chennai, Chennai City Corporation, தமிழ்நாடு	India
S3-373818275	Dibrivue  Inc	13669 Crestway Drive, Brookpark, Ohio	US
S3-464012311	Zenith Tax  LLC		US
S3-371500659	EESHA TRADERS LLP	J-188, First Floor, Rajouri Garden, Delhi, West Delhi, DL	India
S3-608304555	Highland Patriot	New York, Oyster Bay, #94 New Hampshire Ave	US
S3-169852338	Tildie's Architecture-L.L.C. Architecture-L.L.C.	16408 Paradise Lane, Surprise, Arizona	US
S3-625819533	Devraj Overseas  Technologies (India) Private Limited	##7D Ceebrospooja Apt 50/47, Beach Rd Kalakshetra Col., Chennai, Chennai City Corporation, TN	India
S3-342963389	Klm Industries Exports Company	G-9/g-19a, Laxmi Woollen Mill Estate, Shakti Mill Lane, Off.dr. E. Moses Road, Mahalaxmi, Mumbai, MH	India
S3-681252967	super logistics private limited Enterprises		India
S3-704336531	स्मार्ट सिस्टम्स प्राइवेट लिमिटेड	B-d/01, Basement, 984, Pocket C Ifc Ghazipur Paper Market, Delhi, New Delhi, DL	India
S3-865391170	Xyloaria	4A, Ashoka Road, Suryakiran Building 1 St Floor, Suite No:102, Alipore, Kolkata, Howrah, West Bengal	India
S3-61217742	Bivue Quality	7556 1050, Milrooy CITY, Indiana	US
S3-938307469	Fresh Prairie Madison,	1984 Inverness Lane, Santa Barbara, California	US
S3-27787119	Soto and Contreras Industries LLC	3716 36th St, Des Moines, Iowa	US
S3-128183559	LLC Traum Peak Logitbihs	Tinley Park, 9044 167rd Street, Illinois	US
S3-457633458	Sri Alpha Pulbsehrs Limited	F-#13, Uit Road, Model Town, Sri Ganganagar, Sriganga Nagar, राजस्थान	India
S3-181939132	Interstate  Council Trading		US
S3-8624470	Vision (Cornerstone)	631 Webster Cir, Kakakee CITY, Illinois	US
S3-120299711	Jelene's Capital [LLC]	3761 Government Blvd, # B, Moblie, Alabama	US
S3-20746072	Pandya	I- 406, Aishwaryam Greens, Wakad Road, Near Jagtap Dairy, Wakad, Pune, Maharashtra	India
S3-404847278	Crissy Janssen Unified Drilling Downtown Llc	606 Downing Rd, Winston-Salem, North Carolina	US
S3-981636480	Novyx Cayman-Inc	1001 Schumaker Manor Dr, Salisbury CITY, Maryland	US
S3-791205392	ऑल इम्पेक्स प्राइवेट लिमिटेड	S.no240/1, Ozone Spring Fl-503, Wakad-dange Chowk, Link Road, Wakad, Pune, MH	India
S3-841004219	Fresh Massage! Southside LLC	3602- Williams Road, PO Box 6015, Lewisville, North Carolina	US
S3-836072252	Miller Blockchain-Partners	1929 Root Ave, PO Box 7440, Canton, Ohio	US
S3-576641425	Hopgood Elite Federal [Llc]		US
S3-174712236	Future Private Solutions Limited	##27, Mumbai Suburban, MH	India
S3-337816867	Caldic Bitwise		US
S3-205650612	Meerut Holidays Associates Limited	58, Meerut, UP	India
S3-397681417	Ss Consulting	ଓଡ଼ିଶା, Barbil, #472 Groudn Floor, Hdfc Build., Opposite Of Hariom Bhawan, Barbil, Kendujhar	India
S3-110353322	LLC Baranowski Creative Fortunex,	10962 Parkside Dr, null, Knoxville, Tennessee	US
S3-809549272	IX Inn0vative Abony Corp	0040 Savage Ln, Hendersonville CITY, North Carolina	US
S3-723920741	Maritime & Co Public Limited	Falt No L G F Satyam Appts7- A/7 Rajpur Road, Delhi, North Delhi, DL	India
S3-272539764	Surat City Private Limited Center	Mumbai, GJ, H.no. 2/837 Gr. Floor, Surat, Bhavnagri Sheri	India
S3-2359049	Crockett, Wilcox and Guerra Intermediate,  Inc	1494 Sierry Springs Drive, Prescott, Arizona	US
S3-687377127	Fresh Tattoo! LLC	6604 57th Aveune, Snohmish, Washington	US
S3-373371072	Riddle Translational Holdings	9515 Ashbury Cir, Bldg. B20, Stonegate, Colorado	US
S3-987804022	Oncology Associates Keystone Inc		US
S3-91974392	Mr GLS KITCHEN PVT. LTD.	Malappuram, Malapuram, Block A-122 8/1104, കേരളം	India
S3-386709662	Shann0n Seas Partners	Kingsport, Tennessee, 1513 Carolina Avenue	US
S3-399398901	Sai Pvt Foods Modern Ltd #62275	#2504, Mumbai, Mumbai City, महाराष्ट्र	India
S3-925806172	सिटी फाइनेंस प्राइवेट लिमिटेड	B-302 Mahavir Dham Nr, Thane, Aghai, MH	India
S3-43710305	Tejiya Center Partners		India
S3-415555497	Eye Care Ass0ciates LLC	842 Miller Road, Lebanon, Ohio	US
S3-506367144	Apex Lenarning Technologies	134 County Road 362, Rosebud, Texas	US
S3-374716160	Myers, Cain & Mckinney (Good)		US
S3-243821962	Balaji மீடியா பிரைவேட் லிமிடெட்	TN, Chennai, No : 14. /1	India
S3-78085756	Nexex Connecticut L.L.C.		US
S3-141455095	Drayyx Robotics (LLC)	125- Pleasant St, # 2, Leominster, Massachusetts	US
S3-667574913	Ventures Trade Brick Pvt	Hyderabad, Flat No.g1, TG, Hyderabad, 6-3-662/14/1 To 3 Peace Villa, Jafar Ali Bagh Lane, Somaji, Guda	India
S3-919255541	Cami1le'S Security Services	Jeremiah, Kentucky, 630 7	US
S3-543540905	Zetaorbi DBA Aj Institute of Technology	Plot No. 45A, Block E, Vishwas Park, Uttam Nagar, New Delhi, West Delhi, Delhi	India
S3-559064741	Mumbai Technologies Public Limited	Mumbai City, Floor-2, Plot No.20/14, Daryani House, Wadala Road No.3, 206, Mumbai, महाराष्ट्र	India
S3-482367708	awater.com	#67 Sawangi At Sawangi, Aurangabad, MH	India
S3-62487358	XO  Jones LLC		US
S3-725654078	Castro Medical Centre (Inc)	139 Ainger Circle, Sacramento, California	US
S3-238230657	B 3 Center Safe	Charlotte, North Carolina, 5100 Crestland Ave	US
S3-232530607	>> Urban-Pizza	985 Big Brush Creek Road, Green Mountain, North Carolina	US
S3-667301307	*** Urban Pízza LLC	58 Angleside Road, Unit 4, Waltham, Massachusetts	US
S3-559728240	WYQ Services Pvt Limited	#380 Aswini Dutta Nagarhindmotor, Hugli, Hooghly, পশ্চিমবঙ্গ	India
S3-472884809	Koons Pioneer, LLC	5326 Pahk Avenue, Kansas City, Missouri	US
S3-585858031	Liex Inc.	7832a Ivy Hill Way, Antelope, California	US
S3-318750675	Vanguard Dynamic Dynamic Crane	2201 155th Street, Basehor, Kansas	US
S3-635721117	Advanced Construction-Collective Inc.	3246 116th Street, Cleveland, Ohio	US
S3-688673123	Net (India) Services Pvt	105, Mumbai City, Navimumbai, महाराष्ट्र	India
S3-344634322	Hammond Lake Inc	116 Eswine Dr, Pataskalac ITY, Ohio	US
S3-561381620	तिरुपति श्री कंस्ट्रक्शन प्रा. लि.	New Delhi, South Delhi, DL, A-#83 Himalyan Cghs Plot No.- 10, Dwarka	India
S3-180429868	Private Akshayaguna Services Infratech Limited	Sv 141 Anjaiah Nagar Gachibowli, Hyderabad, null, Andhra Pradesh	India
S3-388596219	METRO & SONS PRIVATE LIMITED	Plot Nos.307 & 308, Hyderabad, TG	India
S3-898968035	Beilke, Pope & Key	133 La Bonne Vie Drive, Brookhaven, New York	US
S3-878221716	FEN Ciocsturctifon Private Limited	#143 Gf Rishabh Vihar Delhi, Delhi, Pushpanjali Anand Vihar, दिल्ली	India
S3-86793640	imojean boyd signature china inc	Forest Ave, null, West Chicago, Illinois	US
S3-727729826	Ons International School	Kno-58/66/65, Hno-24-c, S/f, Gautam Ngr, Near Father Angel School, South Delhi, New Delhi, DL	India
S3-763379836	Laxmi Private Limited Center	Shop No. - 105, Vill - Turki, Turki Panch, Kurhani, Muzaffarpur, BR	India
S3-523380739	Sri Nirmal Private Limited Center	H.no 425, Chirodi Road, Neethora, Bhagwati Garden, Loni Dehat, Ghaziabad, उत्तर प्रदेश	India
S3-990886801	Raleigh Direct Sunshine Corp	Seattle, Washington, 119 59th St	US
S3-316008446	Eastern & Sóns Industries Private Limited	No 750 F-504, 5Th Floor, Plot 26, Prakriti Apt Dwarka Sec 6, South West Delhi, दिल्ली	India
S3-777205191	Turner Valley Hancock Corp.	1811 Marion Street, North Carolina, Greensboro	US
S3-82775206	Felice Heller, Md,-M.D.,	1601 Fourteenth Avenue, Pine Bluff, Arkansas	US
S3-900622160	Keener, Lettie Platinum Navigation Inc	1266 Mill Creek Rd, Livingston, Montana	US
S3-304839108	Bisl,-Llc	2122. 60th Street, Tacoma, Washington	US
S3-955316927	Lyraxylo a/k/a XK Oneim	1816 Denise Marie Street, Fl 0, Wichita, KS	US
S3-553901323	GE	The Heritage, 24St. Dominic Road, Bandra West, Mumbai, Mumbai, Maharashtra	India
S3-325254619	Christy'S Pacific Wellness	0165 Flood Road, Westerlo, New York	US
S3-617860747	Sunrise Products Limited Service	522A S E (Surya Enclave), Jalandhar, Jalandhar - I, ਪੰਜਾਬ	India
S3-101613543	Marlee Sievert Carolina Inc.	Maine, ##239 Tims Cove Rd, Willimantic	US
S3-891390516	3246 Lake C0urt Management	6416 Faircreit Rd, Columbus, Ohio	US
S3-202532519	Clinic Garden Coastal	15 Caversham Woods, Pittsford, New York	US
S3-311020666	Vallez, Candra D., D.C. Corporation	0836 Barnaby Street, Washington, District of Columbia	US
S3-193319369	SMITA (HOSPITAL)	MH, Gut No 45, Anand Nagar Near Chaitanya Nagar, Padegaon, Plot No 12, Aurangabad	India
S3-18797285	Navkar (India) Seeds Private Limited Limited	Plot 637 47, Bhilwara, RJ	India
S3-650154004	oasismagnesite.com	H.no 5619 Basant Road, New Delhi, Delhi, दिल्ली	India
S3-2621860	-- Pioneer Lomibhs Worldwide	201 Tabernacle Street, Unit B216, St George City, Utah	US
S3-547830535	KEOR MANAGEMENT INC	351 Itasca Street, Wood Dale, Illinois	US
S3-598893836	Stallion-Somnath Limited	419, 1St Floor 17Th Main 16Th Cross Hsr Layout Sector, Bangalore, KA	India
S3-565629765	ABAW  Allied LLP	#2906. Wing F, Thane, MH	India
S3-167025676	090 Center	988 Campbell Street, NULL, Jackson, Tennessee	US
S3-745265965	dhealthcom	5367 Cornwallis Rd, Garenr, North Carolina	US
S3-438118974	Prime ಸರ್ವಿಸಸ್ Private Limited	#2Nd Floor, No 505, 4Th Stage, 4Th Cross, 6Th Main Beml Layout, Rajarajeswari Nagar, Bangalore, KA	India
S3-168099415	Zephsolwex formerly known as Diamond Horizon Digitalbridge Inc	3431 Country Club Drive, Irving, TX	US
S3-871635487	Private GKS Cálibration Limited	P.no-11&12, Maha Sai Residency Puppalguda, K.v.rangareddy, TG, Hyderabad, Fl No-102, Hyderabad	India
S3-853312520	Transocean Housing Private	TG, Hd56, K.v.rangareddy	India
S3-684227576	Rogers  Holdings Group Service	320 16th St, Unit 712, Wahington, District of Columbia	US
S3-39314282	Prm (India) Limited Services	Shop No. B-15, Basement, A-2/42 Gupta Palace, Rajouri Garden, New Delhi, West Delhi, DL	India
S3-406190112	Quantyn High Inc - 9381134626	214 Orange Hill Road, Tracy City, Tennessee	US
S3-315054180	Innovative Pacific Díána	4038 7th Street, Columbia Heights, Minnesota	US
S3-964944247	Anchor Green Good North, Inc	1459 Kairos Loop, Baldwin County, Alabama	US
S3-116256716	Modern Private Software Limited	No.2-872 3Rd Floor 4Th Main, Bangalore North, Bangalore, KA	India
S3-374661534	J0nes Evo	20698 Hunt Club Drive, Franfkort CITY, Illinois	US
S3-683275804	A Inc Chesapeake Creative	1412 Castle Ct, Houston, Texas	US
S3-538903733	Nexmia Integrated Kogyo Inc.	7081 Lariat Loop, Orange, Texas	US
S3-172705666	Precision Engineering Union Central LLC	Texas, 005915 Fm 990, De Kalb	US
S3-987488131	Right  Empowerment	P No. 5 & 6, Sy No. 219&22 Vattinagulapalli, Gachibowli, Hyderabad, Andhra Pradesh	India
S3-157184782	Margery's Value Networks Networks	141 Palestine Trl, KLYE CITY, Texas	US
S3-528710118	Fayefaye t/a Traia Housing	240 Cherry Hill Road, Brooklyn, CT	US
S3-311716132	Ncpl Projects Private Ltd	Door No 2-1-67/4 Laxma Reddy Colony, Uppal, Hyderabad, TG	India
S3-741857786	Fayeevo	Washington, Auburn, 56th Ct	US
S3-788912095	Teel  Liberty Fisheries Center	Albuquerque, New Mexico, 109 Sandia View Road	US
S3-126429575	M/s Bhagawati Private Limited Services	Sy No.696/a/1, H.no. 5-168, Westside Farms, Moinabad Mandal, Rangareddy, K.v.rangareddy, TG	India
S3-468809015	Creative Media-Center	020055 Gamma Ln, Lakeville, Minnesota	US
S3-488987923	Trust (India) City Private Ltd	Cts No.7(pt), 8(Pt), 30, 31, Tikka No.19, 21, R/2 30, Thane, MH	India
S3-659633488	Baba Fóundation Pvt Ltd		India
S3-410075409	Collierdpmalysa.Com	317 Avalon Drive, Fl 1, Scottsdae, Arizona	US
S3-276976568	Ankur [Medical]	A-31, Noida, Gautam Buddha Nagar, UP	India
S3-487254348	Inc CR Cáscade Enhanced	New York, New City, 90 Valley Rd	US
S3-503466532	Bies Horizon Tinto Inc	7500 Hsnters Mill Rd, Unit APT J, Blacksburg, Virginia	US
S3-208052133	Silver-Tech	78, Daffodil, L&t Serene County, Telecom Nagar, Gachibowli, Hyderabad, తెలంగాణ	India
S3-755121044	Tellez Source Care Co	N3606 County Road O, Catawba, Wisconsin	US
S3-90026738	schouten aldabra llc	1689 Patrice Cir, null, Crofton, Maryland	US
S3-565003584	Upper óxley Co	1190a Trenton St, San Bernardino, California	US
S3-581736760	harifood.com	S. No. 0021/2/2P1, B/h. Suntouch Laminates, Navagam Road, Lakhdhirnagar, Tal. Morbi, Lakhdhirnagar, Rajkot, ગુજરાત	India
S3-737812960	Ar Private Limited Center	1/1933, Ymca Road Kunnum Puram, Fort Kochi, Ernakulam, Kochi, KL	India
S3-332945061	Sk Public School Limited	No, Coimbatore South, Coimbatore, தமிழ்நாடு	India
S3-192913149	Private Anand Deveopers Sweets Limited	Bl-a 3Rd Fr Fl -3/D 4 Kn, Mukherjee Road, North 24 Parganas, Barrackpore, WB	India
S3-625688924	Letourneau  Neurosciences	9993- Alleghany Rd, # Site 1067, Corfu, New York	US
S3-269194036	Rhetta's  Health	Maryland, 4210 Pimlico Road, Baltimore	US
S3-785359047	Private Young Seasons (India) Exports Ltd	312, Bangalore-7., Bengaluru Urban, KA	India
S3-897899559	Pune Home Privae Limited	Pune, Sr No-0259/1, MH	India
S3-976169317	Ltd Mumbai Pvt Center	23 Suyog Indl Estatel B S Marg Vikhroli West, Mumbai, महाराष्ट्र	India
S3-393539364	nadya aleman, l.c.s.w., p.c.	Ohio, Toledo, 1673 Stanbery Ct	US
S3-204520639	BHUBANE5WAR SYSTEMS PRIVATE LIMITED	Plot No S-5/351, Niladri Vihar Chandrasekharpur, Sailashree Vihar, Bhubaneswar, Khordha, ଓଡ଼ିଶା	India
S3-104027299	990 Lfincngn Court Apartments Inc	1736 Armory Dr, # Apartment 13W, Utica, New York	US
S3-667879692	सेवन ग्लोबल प्रा. लि.	S.no.##40, Digambar Nagar, Pune, Pune City, MH	India
S3-666519584	Womens Health American Center  LLC Commission	178 Wilson Drive, Berryville, Arkansas	US
S3-343812038	Barber Miller  Value Service	107 Rowan Ave, Spener, North Carolina	US
S3-304799102	Cobbs and and Sharer	Glenview, 002646 Pauline Avenue, Illinois	US
S3-984358029	Inet Seva Samiti  LLP	1208, Mahatma Gandhi Road Ostad Amir Khan Sarani, Haridevpur, Toll, Ygunge, Kolkata, Calcutta, Howrah, WB	India
S3-718976159	Cozy  Nails!	13977 East Road, Lake Park, Minnesota	US
S3-751835114	Pvt Ssbc Portal Enterprises Ltd.	S-221/114 Vishnu Garden, New Delhi, West Delhi, DL	India
S3-781362998	Sri Smart Smart Finance Llp	C/o D Aruna Kumari, Hyderabad, Andhra Pradesh	India
S3-473745116	अर्बन वेंचर्स ऑटोमोबाइल्स प्राइवेट लिमिटेड	Office No C-17, Pune City, Pune, MH	India
S3-786271167	AI	3/F, Mahatma Gandhi Memorial Building, 7, Netaji Subhash Road, Charni Road (W), Mumbai, Mumbai City, Maharashtra	India
S3-363435812	BTB Spade P.L.L.C.		US
S3-619778397	Pearson, Hunziker [Chapman] &	6 Madison St, Augusta CITY, Maine	US
S3-899600254	Y0u Cúre 9 A	902B Eleanor Dr, Lexington, North Carolina	US
S3-368374133	MORENO PREMIUM LLC	675 Michigan Drive, Falling Waters, West Virginia	US
S3-979394531	ಪರ್ಫೆಕ್ಟ್ ಸಾಫ್ಟ್‌ವೇರ್ ಪ್ರೈವೇಟ್ ಲಿಮಿಟೆಡ್	105/4 Kothanur Jp Nagar, 7Th Phase Bangalore, Bangalore South, Bangalore, ಕರ್ನಾಟಕ	India
S3-212534593	Jenine Kcdm, D.D.S., PC	Iowa, Ememtsburg, 601-D Call St	US
S3-705985606	747 sixth boulevard management	103C Fifth St, Sanborn, Iowa	US
S3-707603412	Sasoft Interests	7176 234, Ladoga CITY, Indiana	US
S3-500663112	weaverkeystonekensington.com	7401 Ironwood Avenue, Broken Arrow, Oklahoma	US
S3-39543381	Titan  Trgnslbatsional	809 Bottom Ave, Fl. Ground Floor, Columbia, Illinois	US
S3-546998874	Infrastructure Sámanvay Tech Pvt. Ltd.	Vi/565vrindavanam Nellaya P O, Thrissur, Nellaya, കേരളം	India
S3-147556212	Ramirez Limited		US
S3-692305601	ఆదిత్య సిస్టమ్స్ ప్రైవేట్ లిమిటెడ్	No 6, Hyderabad, Andhra Pradesh	India
S3-769327576	One Estate (Private)	H. No. 2224, Delhi, South West Delhi, दिल्ली	India
S3-645051848	Zephyn-Tfhecbm LP	58 Wenham Street, Danvers, Massachusetts	US
S3-671228607	Kgx Inc - 8756878532	2923 Crescent Star Road, Spring, Texas	US
S3-457076475	Nisu & Co Private Limited	New No. A-237 G/f, North West Delhi, Delhi, DL	India
S3-412383041	Tcb Trsadnsr Enterprises Córp	522, Panchkula, हरियाणा, Panchkula	India
S3-437556978	Marietta Thomas (ID: 50953)	003058 Towerway Dr, Chattanooga, Tennessee	US
S3-882115423	Valentine and Sanchez  Industries	16 Sidewinder Rd, Falmouth, Massachusetts	US
S3-856539492	metro management inc	293 1/2 300, Price, Utah	US
S3-521272554	Shree Logistics Ltd	Iv-a, Yadav Park Ext., Najafgarh Road, Near Janta Dharam Kanta, Nangloi, Delhi, West, DL	India
S3-524341767	Company Holding Toma	Wisconsin, Athelstane, N11747 1/2 Taylor Rd	US
S3-261310536	Esq., Nessa Robles, Care	New York, 2107 Forrest Pointe Dr, Rensselaer	US
S3-241851959	Williams Farms	124 High Drive, Spokane, Washington	US
S3-789545794	Fu, Emmert & Perkins Oaktree Inc.	01710 Mount Hood St, <NULL>, The Dalles, Oregon	US
S3-807007721	akhilindia.com	B-##10, Greater Kailash, Enclave Part-1, New Delhi, South Delhi, DL	India
S3-842062119	Karan Polytechnic Overseas Private	S No 34/4/5/1/14, Om Shivtej Apt, P K Nagar, Pune, MH, Pune	India
S3-345386702	Shyam  Investment	No.210, Vapi, Valsad, GJ	India
S3-63116041	Dovariza	Shed No 490 C-1, Makarpura Gidc Vadodara, Vadodara, Gujarat	India
S3-663697904	Zetajaxnovi	Iaa Dr, # B2, Bloomington, Illinois	US
S3-900788670	Great lnstitute  Ltd	3211 Darby Street, # 218, Simi Valley, California	US
S3-977792899	Lower Central School Montessori	#9209 Burge Avenue, Chesterfield County, Virginia	US
S3-628406517	All Nt Infotech Limited		India
S3-400790586	Bright Tech Private	S.c.o A-191, 3Rd Floor, Huda Ground, Jind City, Jind, HR	India
S3-616302047	Big Auto-Body	8916 Oso Croridor Pl, PMB 642, Albuquerque, New Mexico	US
S3-347304199	Hyderabad Vanijya Holdings  Pvt Ltd	No 198, Road No 21A, Prashasan Nagar Road No 72, Jubilee Hills, Hyderabad, Rangareddy, TG	India
S3-827783385	Inc Schmidt Btiry	6636 Virginia Avenue, Kansas City, Missouri	US
S3-64850048	North Lodging	293- Kanawha Avenue, Columbus, Ohio	US
S3-201480558	Saree Jackson, P.A. Ltd	1983 Us Highway 84, PO Box 1958, Muleshoe, Texas	US
S3-427972818	Gundersen & Huneycutt Incorporated	2608 Miami St, Buckeye, Arizona	US
S3-735051260	Kendra Ortmann Purpose North, LLC	4690 13, Tennessee, Lobelville	US
S3-626678007	Layman'S Délta Salon	2901 26th Place, PO Box 1526, Rogers, Arkansas	US
S3-790062154	Hyderabad India Private Ltd	Hn #44 Gb-2, Hyndava Techno Park, Sector 3, Huda Techno Enclave Phase 2, Hitech City, Madhapur, Hyderabad, Madhapur, తెలంగాణ	India
S3-499735645	Noida Dairy-Private Limited	Suite No. A/8, Gautam Buddha Nagar, Noida, UP	India
S3-872864359	shawgiovannadds.com	679 Halsey Ave, Buffalo, Minnesota	US
S3-429779063	greenpattana.com	Bay St, Staten Island, New York	US
S3-320100714	Super Medical Centre Co	Plto 913. 23/163A, Ernakulam, Kalamassery, KL	India
S3-320219262	Bous Inc.	2204 Douglas Ave, Burlington, Iowa	US
S3-196488783	DJ Pennantpark	3502 Mitchellville Rd, Bowie, Maryland	US
S3-765033278	Innovative Trading Textiles  Pvt Limited	24, Club Roadchetpet Chennai, Chennai, TN	India
S3-934468190	Zetalum a/k/a Mp Medical Centre	No. 36 2, Pillaiyar Koil Street Saidapet, Chennai, Tamil Nadu	India
S3-758933392	Great Gujarat Marketing Private	165, 1St Main, J.r. Layout, Dinneanjaneya Swamy Road, Harlur, Bangalore, KA	India
S3-590705581	Dovakorx a/k/a Christ Church LLC	AZ, 1078 Jackson Lane, Show Low	US
S3-431156337	PRAIRIE DENTAL ASSOCIATES	9141 279th Avenue, Zimmerman, Minnesota	US
S3-351005064	Nexvio aka Lurline Crandall Robotics Corp	4041 Uinta Way, Unit 302, Lehi, UT	US
S3-485264474	ऑल सर्विसेज स्वीट्स लिमिटेड	Door No 19, Amar Lok Colony, Tajganj, Agra, UP	India
S3-581173831	Marketing Source Crusher Limited Services	1602, Mumbai, MH	India
S3-327808564	Eastern Constructions Padivte Límited	#36A/12, Khan Palayam, 4Th Street, Madurai, தமிழ்நாடு	India
S3-449217793	Holt Médical Center LLC	Ohio, 5685 Vogel Road, Cincinnati	US
S3-266531523	@fultondiakite	10620 Hazelhurst Dr, Houston, Texas	US
S3-920415941	Eram-Hydraulic Public Limited	C-0103, 2Nd Floor Platinum Greens Ardee City, Divreportingcircle, Gurgaon, HR	India
S3-573931201	Hibbert Ellis  &	3422 Seven Oaks Rd, Virginia, Chesterfield County	US
S3-8749954	KasseyosbornpaCom	1305 1/2 Central Ave, Unit 543, Charlotte, North Carolina	US
S3-583528172	Urban Global Private	212 F Pkt I Mayur Vihar Ph Delhi, Delhi, East Delhi, दिल्ली	India
S3-886455424	Mr Kinesis (India) Infraproperties  Ltd	2/113 Raheja Crest, Oshiwara Off New Link Rd, Mumbai, महाराष्ट्र	India
S3-89826783	Juditha Hawkins LLC (Science)	409D Skyline Drive, Elephant Butte, New Mexico	US
S3-266854050	Copenhaver Advanced  Praetorian	Minnesota, Andover, 2041 138nd Ave	US
S3-76418464	Sedyne Southside LLC	6294 Park Ricge Road, Arizona, Tucson, null	US
S3-859807388	Hipps Pet-Care Inc	3515 Ledgestone Drive, Houston, Texas	US
S3-654711151	Smart Private Limited Services	DL, East Delhi, Office No. 308	India
S3-942066717	6lobal Private Food Arihant Limited	B-166, New Delhi, DL	India
S3-94159598	Umbhel Matncderieals Pvt Ltd	No 38, Block No.561, Sainath Goods And Commercial Complex, Taluka-kamrej, Umbhel, Surat, GJ	India
S3-677346927	Gonzalez Paceline	87 Kingsley Street, Springfield, Massachusetts	US
S3-982221735	Romo and Clinic Gibbbs	3508-D Raleigh Ave, Bettendorf, Iowa	US
S3-681572112	Shannon Harvey Monte Redlands  LLC	92 Kansas Street, California, Redlands, Unit UNIT A27	US
S3-636568441	Ram International  Private	3., <NULL>, महाराष्ट्र	India
S3-5035633	SOUTHERN INFRA PRIVATE LIMITED	No 76 At & Post Ahmadpura, Gandhi Nagar, GJ	India
S3-143280710	Apex Inc Center	Victorville, California, 13195 Brant Rd	US
S3-850175697	Halobrixnyla D.B.A. Education Quality Initiative	Brewster, 53 Arbor Lane, MA, Unit B	US
S3-928161851	Golden (India) Hotels Private (Ltd)	Madhava Murali Road, Near Seethanna Gardens, Madhavadhara, Industrial Estates Visakhapatnam, Visakhapatnam (Urban), ఆంధ్రప్రదేశ్, 39-19-65/1, Vishakhapatnam, Visakhapatnam	India
S3-714712507	Interstate Fund Corporation	216 Prentice St, # 114, Stevens Point, Wisconsin	US
S3-17356812	Vertex L.L.C.	03511 Avenue G, Council Bluffs, Iowa	US
S3-968311217	Willow Services	273 Pilot Mountain Rd, Unit 2, Asheboro, North Carolina	US
S3-922504785	Auris Red-P.C.	6721-C Glen Oaks Dr, Baton Rouuge, Louisiana	US
S3-381837220	-- Red  Healthcare Private Limited	51-A Friends Colony, Delhi, East Delhi, DL	India
S3-677569439	Olaniuma Lifestyle (Corp)	137 Rosenbalm Lane, Heiskell, Tennessee	US
S3-322724171	Gobind & Sons Private Limited	No #98 C/o Kalyani Chakraborty, N/A, Hooghly, Serampur Uttarpara, WB	India
S3-475993418	Jaxcalotavo	94/1, Manjari, Haveli, Pune, Maharashtra	India
S3-464607406	India Srihari	3Rd Floor, Kirti Shikhar Tower District Centre, Janakpuri, Door No ##319 A, New Delhi, West Delhi, दिल्ली	India
S3-490891145	Chennai City Corporation Chatterjee Public Limited	New No. 5, Old No 38/1, Potters Street, Chennai, TN	India
S3-770372410	-- Derhc, LLC	3056 Hergott Dr, Ft Mitchell Ky, Kentucky	US
S3-708772074	Private Vishnu Bróthers Limited	Rangareddy, K.v.rangareddy, TG, Pl No:370, Syno:381/p, 382, 383, Maytri Kuteer	India
S3-268386809	Western Eutable Inc.	2205d May Ln, La Grande, Oregon	US
S3-799092379	Neex Global	913 Singing Hills Dr, Volo, Illinois	US
S3-647718422	Sri Ad & Co Ltd	Plot 319. Sr No. 47/3/2, Poona, MH	India
S3-27790976	Grand  Health	Broadway, Methuen, Massachusetts	US
S3-818464001	Synkelojax	1/2322, Plot 34, Khaderaopura, Surat, Gujarat	India
S3-162022375	Halowex Sys DBA: Jalandhar Experts Pvt Ltd	Industrial Plot No. 28, Kapurthala Road, Wariana Industrial Complex, Jalandhar, Punjab	India
S3-93858821	Surat City Private Limited Partners	Door No 12648 Gr. Flor, Bhavnagri Sheri, Surat, Surat City, GJ	India
S3-403133967	Ramana  Eye Industries Private Limited	Ground Floor, Palam Extn., Sector-7, Dwarka, DL, Delhi, New Delhi, H.no 983/9 G-192	India
S3-237380605	Tapia Custom Odyssey	4417-C 20, Bldg. Building 1320, Devils Lake, North Dakota	US
S3-62940186	Shri span media limited	Door No 277 D- 298, Basement Defence Colony, New Delhi, DL	India
S3-888727359	>> Tech Promr	G No-699, Plot No. 699, Lokhande Wasti, Chimbali Alandi Rd, Near Padmavti Mandir, Pune, MH	India
S3-524673493	Goshen Pediatric Denta1 Care Associates	Hampton Hills Drive, Goshen, New York	US
S3-107362621	Calofayex	Tp 5/547, Near Mary Matha Cathedral, Thamarassery, Kozhikode, Kerala	India
S3-454992702	Preferred Pacific Inc Center	3905 Detroit Avenue, Dayton, Ohio	US
S3-589331858	Rodriguez and Faulkner Íngredients LLC	2005 Chateau Knl, Building Chalet 20, Bettendorf, Iowa	US
S3-592494712	Davis, Fogg-& Foltz	##39 Chester Circle, Floor 0, Glen Burnie, Maryland	US
S3-382847560	#maidauto	1552 Forest Avenue, Portland, Maine	US
S3-611345729	एसएस टेक्नोलॉजी Private Limited	Shop No. 1164, Central Delhi, DL	India
S3-745131353	Jayesh Hospital Group	# Villa No-16 Garden And, Bangalore, Anekal, KA	India
S3-372943702	Premier Talent Gróup	Tennessee, 651 Mill Creek Road, Meemphis	US
S3-830309493	রেড আদিত্য আইটি প্রাইভেট লিমিটেড	No. G-610 College Para, Aurangabad, Murshidabad, WB	India
S3-973173239	Sudershan & Brothers	Aashreya 7-1-34 F N Ameerpet, <NULL>, Hyderabad, Andhra Pradesh	India
S3-984609390	Maix Complete Figx L.L.C.	N9086 Kernan Avenue, Menasha CPD, Wisconsin	US
S3-624737557	Ironclad  Inc	52 Powers Rd, South Portland, Maine	US
S3-310481713	QZO Hotels Prvicrte (Limited)	#512 S/o Ram Nath Chaqalipur, उत्तर प्रदेश, Allahabad	India
S3-36824892	Harbor  Medical Center Trading		US
S3-46025111	Mr Indralok Servicesprivate  Pvt Ltd	Plot No - A 123, Journalist Colony, Road No - 70, Hyderabad, Andhra Pradesh	India
S3-481445988	ड्रीम गोल्डन डेवलपर्स प्राइवेट लिमिटेड	0030/26-A G/f Gali No-9 Vishwas Nagar, Delhi, East Delhi, DL	India
S3-577187889	Tabatha Ph.D. Smith,	6632 Spring Mill Cir, Gwynn Oak, Maryland	US
S3-107576086	R0salind B-Hernandez, DPM	##15 Quincy Close, Ridgefield, Connecticut	US
S3-288245720	Fresh Cafe Corporation	9130-9134 Dauphin Island Pkwy, Theodore, Alabama	US
S3-531721264	TS  All Advisors Ltd	919 King Drive, Mount Pleasant, Iowa	US
S3-569172823	Lynx Fitness Riverside Inc	4301 Fulton Rd, Cleveland, Ohio	US
S3-506610582	LIMITED APU & PARTNERS	Sundargarh, ଓଡ଼ିଶା, Kalunga, Plot No.261/733/p & 261/717/P	India
S3-494569623	Bangalorenorthbiz.Com	H.no 1-06 Arya Krishna Apart, Canarabank Layout, Bangalore North, Bangalore, KA	India
S3-131830870	Sky Systems Hardware	H.no #26 B, Coimbatore South, Coimbatore, தமிழ்நாடு	India
S3-321391876	Baptist Ássociation Northside LP	1619c Spangler Saint, Plain Twp, Ohio	US
S3-522075224	Community Network	Hampton Park, Branford, Connecticut	US
S3-962815228	South Private Limited Center	Door No: 108, Madurai, தமிழ்நாடு	India
S3-745009956	Sumi  Center	3Rd And 4Th Floor, 410/, 391/280 Shreeji Asia, Bangalore South, Bangalore, KA	India
S3-505583692	Chiropractic Partners Greensboro	##1200 Lexington Avenue, Greensboro, North Carolina	US
S3-387250491	Bright Express Media Ltd	91 Tulip Avenue, # Apartment PE1, Floral Park, New York	US
S3-561253697	Solnex f/k/a Red Cleaning Service	1366 Broadway, Unit 9H, Somerville, MA	US
S3-758186319	Better Manulife Ltd	6020- 38th Street, Rogers, Arkansas	US
S3-455607476	lennadunnopen.com	Illinois, 1730 Mcaree Rd, Waukegan	US
S3-779467591	Private Goregaon East Financecompany Ltd	#629- B-508, NULL, Mumbai, Goregaon East, MH	India
S3-605554312	keystone medical concepts inc	8823 Ariel Street, Houston, Texas	US
S3-504804716	The Kistner Spécialists LLC	7260 Rose Hill Road, Roseville, Ohio	US
S3-593147640	Sanchez Highland  Inc Center	215 Sherman St, Illinois, Jerseyville	US
S3-305009419	St. Church Ventures		US
S3-728982429	sisava partners, llc	1091 Big Island Rd, Rutherforton, North Carolina	US
S3-270528783	Golden Producer प्राइवेट लिमिटेड	A-3 Rajouri Garden, Delhi, New Delhi, DL	India
S3-481381814	Heart Society	232. Nc 8802, Jasper, Arkansas	US
S3-809340947	magmatraders.com	C/o Tukaram Laxman Kashid, Beed, MH	India
S3-251084901	South Construction स्वीट्स Pvt Ltd	21/5 Ismail Budl 381Dm N Rd Flora Fountain, Mumbai, महाराष्ट्र	India
S3-678150094	PNH Readymade Pvt Limited	No.26-27, Morrison Street Alandur, Chennai, தமிழ்நாடு	India
S3-800957565	dentalpartnersrockford.com	Illinois, 1125 Grant Avenue, Rockford	US
S3-867819362	Ohm Group Pvt. Ltd. Center	B3/918, Safal Prelude, Behind Ashwaraj Bungalows 100 Ft. Ring Road, Prahladnagar, Vejalpu, R, GJ	India
S3-83582494	Stonebraker Standard  LLC	Schultz Rd, Washington Twp, Iowa	US
S3-557619767	Mcknight Green Esports LLC	Boone Rd, Medina, Tennessee	US
S3-57381672	Armour Exports Of Ahmedabad	Plot 330 810-G, Titaniumcitycenter, 293/1/P, T.p-03. 100Ft.Road, Nr.sachintower, Anandnagar, Ahmedabad, GJ	India
S3-332787418	Hebert Ford of Loudoun  County	Loudoun County, Virginia, PO Box 6910, #43869 Paramount Pl	US
S3-29840520	Smart Midwest Amcn (Inc)	253 Durgala Lane, Norwich, New York	US
S3-357515885	Limited Coromandal Marketing Services	G-3, Mumbai, MH	India
S3-641297885	Shri Great Producer Private | www.greatprod.com	Sagar Darshan No.5, 1St Avenue Road, Thiruvalluvar Nagar, Chennai, TN	India
S3-70874748	Jaxvantagekelo D.B.A. WV Highland Debt LLC	18 Kristina Drive, Fairbury, IL	US
S3-959207132	Foundation Reinvent  Agrofoods Private Limited	No 71 Rajarathnam Chambers Rajeev Gandhi Byepassroad, Malappuram, Malapuram, കേരളം	India
S3-404674989	Complete  Tri-State Rre LLC	119 June Drive, Dickson, Tennessee	US
S3-287898663	veracioustrading.com	Hyderabad, Secunderabad, 11-3-107/A/2, తెలంగాణ	India
S3-364765038	Cargill Industries	Depauw, 4903. Moberly Rd, Indiana	US
S3-148568146	Amlber	39 Dunster Road, Bedford, Massachusetts	US
S3-384859811	Corp. Driyyx Research	8941 Pantano Bluff Drive, Tucson, Arizona	US
S3-409577402	P 6 O COMMUNITIES LLC	508 Manhasset Rd, Charlotte, North Carolina	US
S3-518989322	Infrastructure Samanvay Pvt. Tech Ltd.	Vi/565vrindavanam Nellaya P O, Thrissur, Nellaya, കേരളം	India
S3-999156305	Keller Value Grill Llc	219-221 Pamlico Dr, Washington, North Carolina	US
S3-49654638	Adriane-Jefferson Harbor	1502 Union St, Unit Apartment 2, Schenectady, New York	US
S3-768735819	Schwartz Gollne Lightwave LLC	1233 Layard Avenue, Racine, Wisconsin	US
S3-874832190	Nguyen Prancromier Royal	Priceville Rd, Munfoordville, Kentucky	US
S3-521760284	Johns (India) Limited Center	21/77, 4Th Floor, M.r.g.r.towers(dwaraka Towers), Trunk Road, Seven Roads Circle, Cuddapah, ఆంధ్రప్రదేశ్	India
S3-748335272	Sakhi Welfare [Society]		India
S3-286398826	Vettri Agarwal Private (Ltd)	C/o P No23&24, Shree Gopal Nagar, Jaipur, RJ	India
S3-24573458	W0od, Dawn, [D.C.]	811 4nd St, Unit 512, Washington, District of Columbia	US
S3-376458603	Bay Project-Inc	03 Q Ave, Milford, Iowa	US
S3-938374567	Openmind Plantation  Limited	Door No 62 1204, Ansal Tower Nehru Place, New Delhi, South Delhi, DL	India
S3-630074061	Poveda Cléan Biomedical Inc	1120 Seventh St, Hopkins, Minnesota	US
S3-583830808	Ssg Developer		India
S3-331230638	Sri Bhagya (India) Solutions Overseas Company	Mig 155., Azad Nagar T.p. Nagar, Moradabad, Harthala, UP	India
S3-985901686	Lyrakor DBA: Strategic Talent Dynamics	6220 Cr 862, Pearland, TX	US
S3-217722447	Ksetel Inc	6786 Taree Loop, Texas, Killeen	US
S3-947548323	Udsummitbiopharmaceuticals.Com	1312. Saint Cloud Street, # Apt 516, La Crosse, Wisconsin	US
S3-664601597	PHX Best-Mmhsflow Partners	8540 1/2 Robinhood Ave, Missouri, Kansas City	US
S3-38706589	Tirupati It Pbigate Limited	UP, C/o Shashin Gupta, Haji Complex Balaganj, Lucknow	India
S3-98560540	Ariaevonyla t/a UT Integrated Quantum Group	1636 Abberly Place, Swepsonville, NC	US
S3-807330836	Capital School Of	3100 Gardner Ave, Kansas City, Missouri	US
S3-403303084	V 3 Massage Elite	Maryland, 29142. Belchester Rd, Kent County	US
S3-423720949	Unified Tráding Labs	009409 York Place, Mckiney CITY, Texas	US
S3-570396210	Hopper &  Wilson Egh Inc	1716 Woodlawn Dr, North Carolina, Scotland Neck	US
S3-570765955	Smt Balaji-Eninierting	Coimbatore, 1-H1, TN, N/A, Coimbatore	India
S3-800340524	Bies Tinto Inc Partners	7500 Hunters Mill Rd, Unit APT J, Blacksburg, Virginia	US
S3-499958897	ઇનોવેટિવ આઈટી પ્રાઇવેટ લિમિટેડ	Rajkot, Patel Chmr, GJ, Rajkot	India
S3-13310781	Naify  Vii (ID: 53154)	Blackstone Town, Virginia, 32 Maple Ln	US
S3-490890769	हाईटेक फाइनेंस प्रा. लि.	Office No.d/214, F-45, 2Nd Floor, Ok Plus Spaces, Malviya Nagar Industrial Area, Jaipur, Sardar Patel Marg, राजस्थान	India
S3-367039480	Hatch Araiy  LLC	33 Highland St, Medway, Massachusetts	US
S3-453905512	Rowlett Daa LLC		US
S3-148631129	Barnes Deli	5067 Robinson Tract Rd, Pulski, Virginia	US
S3-960862503	Letourneau [Neurosciences]	New York, 9993- Alleghany Rd, Darien	US
S3-862482476	Holdings Vision Safe Specialists,	24 Griffith Street, Galveston, Indiana	US
S3-504413076	Trinity India	D G-224, UP, Ghaziabad	India
S3-807687845	Hedda Perez	#1706 Chesterbrook Vale Ct, Mc Len, Virginia	US
S3-739013596	Rogers Crystal Rockwool, Holdings	8111 Carrick Lane, Sppringfield CITY, Virginia	US
S3-370107246	Grasso Rócky Cbré	1219 13rd St, Great Falls, Montana	US
S3-343131182	Om Private Limited Center	Flat C-20-b Desire Homes, Zirakpur, NULL, ਪੰਜਾਬ	India
S3-603225194	LLC Eastern Sciences	2531 Fairway Drive, Quantico, Maryland	US
S3-507282668	Solutions Íntegrum Infrastructure	Jabalpur, मध्य प्रदेश, Aamanpur Nagpur Road, Jabalpur, Pno P-178/3 978/13-A	India
S3-138378521	[Co.] Enterprises Ba Marketing	C/o Rajiv Kumar Vill Teghra(np), Tola Hasanpur, Begusarai, BR	India
S3-393556355	-- Innovative Vanguard Pinnacle Inc	29805 Tomball Pkwy, Tomball, Texas	US
S3-143442146	Roden, Amaleta S., MD Corp	68286a Meadow Avenue, Saint Clairsville, Ohio	US
S3-590995040	Tinsley Golden Home Care Llc	##75 Jeremy Hill Road, Connecticut, North Stonington	US
S3-867569716	Ronet Clear Texas,	3876 Pincher Street, null, Bellingham, Washington	US
S3-713571817	Corp Morris Feondation	104 Karni Vatika Ii, Priyanshu Vihar Sirsi Roa, Jaipur, RJ	India
S3-287471998	P. Roth H.	Rancho Cucamonga, 7920 Alta Cuesta Drive, CA	US
S3-890420463	RZ Pioneers	Door No 87 C/o- Yaar Mohammad, Rohtas, BR	India
S3-335681201	Civic Institute-of Technology	A-20, Mumbai Ii, MH	India
S3-912298304	Rigney Medical Center [Inc]	1735 Bonnie Roach Lane, Concord, Tennessee	US
S3-468267240	Private Life Technologies Limited	25, Lakshmi Street Rasipuram, Namakkal, தமிழ்நாடு	India
S3-617753827	Jones Classic Towing [LLC]	3601 Ray Road, # 1074, Chandler, Arizona	US
S3-508608919	Atlantic Commercial Labs LLC	PO Box 1619, Ohio, 5558 Parkville St, Columbus	US
S3-532920051	Ri Placement Private Limited		India
S3-947686458	Crystal Precision Star | www.crystalpr.com	1524 Broadmoor Boulevard, PO Box 4422, Rio Rancho, New Mexico	US
S3-194944995	Riverstone [Technologies]	South Delhi, D-47a, Newdelhi, DL	India
S3-883422015	The Secure Usa LLC	4163 1/2 Green Trail, Town Of Jackson, Wisconsin	US
S3-774510322	WVJ Physical Therapy Southside (PC)	N15215 Birch Avenue, Thorp, Wisconsin	US
S3-553170067	Ridge School óf Medicine Inc	217 Foxgrape Hollow, Banner Elk, North Carolina	US
S3-720069119	लाइफ बिजनेस प्राइवेट लिमिटेड	402, Mumbai, Mumbai City, महाराष्ट्र	India
S3-769783409	शिव बिल्डर्स प्रा. लि.	00205 C/o Rajesh, Shegaon, Buldhana, MH	India
S3-358798455	Marketing Shurrce Crusher Private Limited Limited	1602, Mumbai, महाराष्ट्र	India
S3-254031288	So1utions Crystal Studio	DL, Ground Floor, Shaheen Bagh, Abul Fazal Enclave Part-ii, Jamia Nagar, New Delhi, G-75-b, South Delhi	India
S3-323187692	Strategic Crypto Corp	2228 Dennis Street, Irving, Texas	US
S3-941535803	Achyut Church Private Ltd	533, Surat, Tapi, GJ	India
S3-781666339	Internal Medicine Associates Llc	1356b Kensington Rd, Berlin CITY, Connecticut	US
S3-774129877	Steelworkers Union 209 Center	122 Libby Drive, Alabama, Lincoln, null	US
S3-514450194	anisha tráding pvt ltd	H.no 47 122, Mumbai, MH	India
S3-209785909	Ear Nose & Throat Partners Of Ventura LLC Council	California, 255 Bayshore Avenue, Ventura	US
S3-320320587	సిల్వర్ ఫుడ్స్ ప్రైవేట్ లిమిటెడ్	67-1-27B3, Krishna, AP, Krishnaveni High School Road, Opp. Indian Bank, Near D-mart, Patamatalanka, Ntr District	India
S3-920556048	Doralia Péarce,		US
S3-516761465	ಸೂರ್ಯ ಟೆಕ್ನಾಲಜೀಸ್ ಪ್ರೈವೇಟ್ ಲಿಮಿಟೆಡ್	Hn 663 Flt No:011, Bangalore, KA	India
S3-865263494	Limited Chamundeshwari & Sons	1, 2Nd Floor, Jagdamba Palace Near Gurgaon Dreamz Mall, Old Railway Ro, Ad, Gurgaon, Gurugram, HR	India
S3-527159745	WU LLP Foundation		India
S3-910174233	Maryanne Máriscal Transportation Inc	2280 Sound Side Rd, null, North Carolina, Columbia	US
S3-620326940	Albert Holdings Center	2903 18th Ave, Fort Dodge, Iowa	US
S3-159379936	northngl.com	51175 Sigerfoos Avenue, Simonton Lake, Indiana	US
S3-430060456	Baramati Healthcare	Shalon Niwsa, Vasantnagar, Baramati, Pune, MH	India
S3-618405516	Green Preferred	13 Alpestre Lane, Hot Springs Village, Arkansas	US
S3-931777085	PRIMARY CARE HEALTH OF GLADEWATER PARTNERS	Texas, 9811. Bob O Link Road, Gladewater	US
S3-595314272	Sarasam Ayurvedic Ayurvedic	Block E-30 Xli/582 Krishna Nivas2nd Floor Krishna Swami Cross Road, Cochin, Idukki, Keralam	India
S3-117105697	Shiv Agro Public Limited	H. No. 639, Nani Bajar Pavi Jetpur, Taluka: Jetpur, Vadodara, ગુજરાત	India
S3-763434414	Reyes, Le0nore Rapid Pampa	Dallas, Texas, 926 Livenshire Drive	US
S3-490918883	Bangalore South Plantation Private	#89, Next To Kotak Bank, Double Road, Beml Layout, Bangalore, Bengaluru, KA	India
S3-675371717	Audre Capps	2726 Pierce Pkwy, N/A, Springfield, Oregon	US
S3-944123046	Apex Staffing Studios	1565 Nugent Road, Lummi Island Township, Washington	US
S3-23472256	M/s Future It  Pgarhafte Limited	107/108 Shyamak Complexb/h Kamdhenu Complex Panjarapole Ambawadi, Ahmedabad, Jodhpur, GJ	India
S3-182354267	Operating Engineers Union Local No 152 Inc	516 Eighth St, # Apartment 1, TROY, New York	US
S3-919130017	Private Krishna Projects Limited	A-13, Lucknow, UP	India
S3-548334124	Nylaumbrawex aka Gwalior Computers Private Limited	Hig 4, Madhav Nagar, Gwalior, Madhya Pradesh	India
S3-556943094	Hárifoods.Com	5/499, Chennai, TN	India
S3-755343509	Gladi  Davis, CPA	11579 Barber Street, Wilsonville, Oregon	US
S3-543664814	Beacon LLC Focus	81 1/2 Vincent Ln, Lavergne, Tennessee	US
S3-215169120	Nonna's-Homecare LLC		US
S3-653241840	Horatia Mintzer Beacon	18 Pine Street, NULL, Porter, Maine	US
S3-718877598	सनराइज एनर्जी प्राइवेट लिमिटेड	दिल्ली, New Delhi, F 79 And 80 Dlf Prime Towers Okhla, Phase 1, Dpt 240, South Delhi	India
S3-84726926	Smt shalimarindiarealestate.com	हरियाणा, No 303, Panchkula	India
S3-161425431	goodwinmorganheckstall.com	1636 Partridge Ln, Waterloo, Iowa	US
S3-998913431	Massie Holdings  Group	4 Capano Ct, Wilmington, Delaware	US
S3-126032613	Castanon Boston Heard + L.L.C.	88675 Aravaipa Rd, Winkelan, Arizona	US
S3-142867134	Travis Aimei L.L.C.	331 Railroad St, Lovington, Illinois	US
S3-217198754	Bailey Pediatrics Harbor Corporation	827 St James Court, PIKE RODA CITY, Alabama	US
S3-944099664	Dream  Producer	4A, Shivsagar Estate, Dr. Annie Besant Road, Mumbai, MH	India
S3-488966236	स्वस्तिक एक्सपोर्ट्स Private Limited	Fl 1101 Bldg Rohan Garima Sno 103A/10 11 Bhamburda S Nagar, Pune, MH	India
S3-139681068	Dixon Education American Center Partners	1999 56, Tilden, Kentucky	US
S3-426988695	Leisha Burrow LLC Center		US
S3-114347839	Shiv (Foundation)	N 1/9 Garden Colonyr B Duni Chand Road Amritsar, Amritsar, Hamidpur, PB	India
S3-121237047	M/s Asaan Resorts (India) Private Limited	Cpr-##4, Chennai, தமிழ்நாடு	India
S3-287470433	Consultants Candor Exports Private Limited Partners	48/222A, Banerji Road Kacheripady, Kochi, Idukki, KL	India
S3-983412335	Legra J. Evans,	##328 F Old York Hampton Highway, York County, Virginia	US
S3-864285500	Zanoon, L.L.C.	6176 Howard Gnesen Road, Duluth, Minnesota	US
S3-365252656	Dawa Bazaar Marg R.N.T. Project Private Limited	Indore, Third Floor, 124, Dawa Bazaar R.n.t. Marg, मध्य प्रदेश	India
S3-955461244	Carreon Goden Fidelity	4230 556, Pittsburg, Texas	US
S3-272941894	P 6 O Communities-LLC	508 Manhasset Road, Charlotte, North Carolina	US
S3-539490541	Seo Trust Corp	8832 Town And Country Blvd, Ellicott City, Maryland	US
S3-962940350	Elk  Asset Building Committee	Elk, Washington, 39207 Elk Chattaroy Rd	US
S3-214125577	GEVUE GRAND ELECTRICITY CARE	8720 Rio Grande Boulevard, Los Ranchos De Albuquerque, New Mexico	US
S3-419630220	Private Click Polytechnic Holdings Limited	Door No 7-1-59, 401.A, Surekha Chambers, Secunderabad, Begumpet, తెలంగాణ	India
S3-294571677	Kelcey Jennings Choice	2906 Iroquois Road, Memphis, Tennessee	US
S3-632096639	M/s Green Builders Private	I-105., Ghaziabad, UP	India
S3-880965770	Autism Assistance A1liance Lakeside Ltd	1837 Madison Rd, Oklahoma, Sand Springs	US
S3-808417176	familycarecambridge.com	20 Child Street, # 911, Cambridge, Massachusetts	US
S3-288907418	Erickson Petunia DO	721 Jones Ferry Road, Chapel Hill, North Carolina	US
S3-166637315	Willow, Inc Service		US
S3-197469088	Ajay Service Parnes	256, Ahmedabad, GJ	India
S3-906615788	Patriot Federation INC	Heron Call Trail, Pflugerville, Texas	US
S3-527907660	Big Solutions Engineering	#34A Raibndra Sarani 4Th Floor, Kolkata, WB	India
S3-828941299	Red Diner LLC		US
S3-24442755	WOMENS HEALTH MOUNTAIN CENTER	4658-B 51nd Avenue, Baldwin, Iowa	US
S3-605359694	*** Pune City Consultants Private Ltd	S.no. 3/5, महाराष्ट्र, Pune, Pune City	India
S3-811771811	UTP Solution Ltd	KA, Bengaluru, Kumara Krupa Road, 203D Ahuja Chambers1	India
S3-858020313	Peus [Corporation]	7005 Lancaster Lane, City Of Madison, Wisconsin	US
S3-443664745	Golden Book Store LLC	5155 Yaquina Bay Rd, Lincoln County, Oregon	US
S3-479272451	Kailash Accessories Exports Private Limited	Plot No 4-A, New Delhi, West Delhi, DL	India
S3-619124038	Apex Wireless Studios LLC	13636-B Ramona Avenue, Chino, California	US
S3-512789477	Opal Cooper Interstate Centurion	Texas, Norwood Mills Ct, League City	US
S3-343343651	Kolhapur Spinning Limited	No 75 173, Kolhapur, MH	India
S3-760304582	Ross  Allied Fannie, LLC	469 Third St, Upper Sandusky, Ohio	US
S3-171549119	Dovadova	8/160 Srivilliputtur Road Sankarapandiapuram Chatrapatti, Rajapalayam, Virudhunagar, Tamil Nadu	India
S3-570159060	ব্রাইট প্রপার্টিজ Limited	No #89 Dakshin Para, Beldanga, Murshidabad, পশ্চিমবঙ্গ	India
S3-688232585	Winni's Faihion Corp	Eugene, Oregon, 1843 Garden Ave	US
S3-510393955	Transworld Digital	A - D/1, Sweta Duplex, Radha Swami Road, Ranip, Ahmedabad, ગુજરાત	India
S3-761871191	Dean Tailwind LLC	894 Willman Road, Talladega, Alabama	US
S3-123486711	Pediatric Gróup	0347 Lake St, Ohio, Xenia	US
S3-289696848	PRIME SUMMIT FITNESS LLC	1136 Land Grant Rd, Charlotte, North Carolina	US
S3-454974815	Highland-Fisheries	400 State St, PO Box 4807, Knoxville, Tennessee	US
S3-132450203	pediatric dentistry center inc	44 Justice St, Hutchinson, Kansas	US
S3-10718996	Daugherty, Taylor & Urban Dígitalbridge, (Co)	1364 1308, Bridgeport, Texas	US
S3-480351150	Smith (Software)	003808 Holman St, Houston, Texas	US
S3-488237354	Technology Xhtc Sports Ltd	# 55, Bangalore, ಕರ್ನಾಟಕ	India
S3-820323500	Balaji Pioneer Consultancy Pvt Ltd.	F 802, K.v.rangareddy, TG	India
S3-195433274	Pirg Services (India) Holdings Private Limited	H.no 13, Hyderabad, TG	India
S3-933187031	Mi1lennium Traders	Plt No.260 Phi Gidcnaroda, Gidc Feeder No.07, Ahmedabad, Gandhinagar, GJ	India
S3-277883644	फ्यूचर एंटरप्राइजेज प्राइवेट लिमिटेड	H.no 710 A-57/1 Okhra Industrial Area, South Delhi, DL	India
S3-456100295	NAGARI DEVELOPERS PVT. LTD.	15 Sulemania Street Tabba Mahal Road Near Unani Shafakhana, Bhopal, MP	India
S3-979560328	Romttch Inc.	811 7th Street, Hickory, North Carolina	US
S3-537445836	Synviovera	4-05\408 Navbharat Estateszakaria Bunder Sewri (West), Mumbai, MH	India
S3-631935575	माय बेस्ट ट्रेडिंग प्राइवेट लिमिटेड	##35, Bareilly, उत्तर प्रदेश	India
S3-875314695	ಶ್ಯಾಮ್ ಕನ್ಸಲ್ಟೆಂಟ್ಸ್	No 2-15-1319/15 1St Floor, Mangaluru, Dakshina Kannada, KA, Sai Arcade, Bejai Kapikad Roa, D, Bejai	India
S3-887829791	टेक Constructions प्रा. लि.	Survey 19 / 22B, Pune, महाराष्ट्र	India
S3-854137809	Endiis Brands Llc	68 Middle River Rd, # 643, Chattanooga, Tennessee	US
S3-942661821	King & Ann LLC	003236 Pisano Avenue, Round Rock, Texas	US
S3-932072079	Wrennie Bradford Valley Esports	10619 Avenge F, Chicago, Illinois	US
S3-470491895	Chakan (india) Priardte Limited	Flat No. C-1, Pune, MH	India
S3-658866780	INFRASTRUCTURE INDUSTRIES CORPORATION		India
S3-712718441	Care Foods	Mysore, Mysuru, 22 New Sayyaji Rao Road Bamboo Bazar Bannimantap, ಕರ್ನಾಟಕ	India
S3-270274320	Massif Clinic Clinic	Ward No.8, null, Hatkanangle, Kolhapur, MH	India
S3-844076761	MARLOW COASTAL GLOBAL INC	5979 Kenton Ave, Chicago, Illinois	US
S3-632392003	Vantagearcevo Formerly Fresh Pub! Center	Montrose, 1107 Natalie Avenue, MN	US
S3-874622883	Pankaj Club Ventures Public Limited	13A/14, Kanpur Road Civil Lines, Allahabad, उत्तर प्रदेश	India
S3-393082953	Nylamira formerly Fae Woodfork Translational PC	225 Independence Avenue, Unit 18, Quincy, MA	US
S3-339484214	Nirmal Ffóarrrm Holdings Private (Limited)	411, Shitalvarsha-v, Shivranjani Cross Roads, Satellite, Ahmedabad, GJ	India
S3-374671456	जय कंस्ट्रक्शंस प्राइवेट लिमिटेड	RJ, Raman Marg, Tilak Nagar, D-3, Jaipur	India
S3-330841489	Mcgary & Cole L.L.C.	511 Justa Road, Meatmora, Illinois	US
S3-994076519	Sri athena abrasive (india) pvt ltd		India
S3-101053756	MCX Fifth  LLC	##22 Loraine Avenue, Binghamton, New York	US
S3-636927809	Tirumalla Nakshatra Private	No. 968 Fl-no-a-6, Aurangabad, MH	India
S3-491576948	जय प्रॉपर्टीज प्राइवेट लिमिटेड	81 Kalptaru Regalia Building 28, Mumbai City, Mumbai, महाराष्ट्र	India
S3-426237840	Dr Ans  Computer	H.no 13, Bucingham Block, Amrutha Vally Appts. Road No.12, Banjara Hills, Hyderabad, TG	India
S3-518927768	Dynamic Construction	1017 Ridge Dr, South Charleston, West Virginia	US
S3-370637662	Regional Holdings	Thamarai Tech Park, S.p.plot No.16 To 2 Thiru Vi Ka Indus Estate Inner Ring Road, Guindy, Chennai, TN	India
S3-716805129	-- Gulf Prime Taiwan  LLC	92 Beaver Dam Chapel Road, Smiths Grove, Kentucky	US
S3-624698782	Tavocalo One trading as WE Signature Fusion LLC	NM, 201 Mathews Street, Roswell	US
S3-796402561	Lacey Diannne L.C.S.W. P.C. Partners	22 Scarboro, Unit 24, Bunn, North Carolina	US
S3-518390654	Mcneal-Guaranty	9922 Hazel Dell Road, Howard, Ohio	US
S3-173727206	Beloaria f/k/a Integrated Media Concepts Corp	3907 Skyland Drive, Kingsport, TN	US
S3-685434165	Simandhar-Services Company	7 Munshi Premchan Sarani, Kolkata, Calcutta, WB	India
S3-364447390	Diehl Center	11341 Hartman Circle, Omaha, Nebraska	US
S3-32866218	Dream Projects (Limited)	Hennai, தமிழ்நாடு, Chennai, No51 R.k.mutt Road, Mylapore, Chennai Hennai	India
S3-599135208	SWAIN, NORRIE OCCUPATIONAL THERAPY [LLC]	5530 Yarwell Drive, Houston, Texas	US
S3-36772077	Green All Cónstructions Private Limited	Door No 851 66/4971/A17, Alapatt Heritage, Mg Road North End, Ernakulam, KL	India
S3-455068811	Rosa, Valentin & Gonzales Services	16th Ave, # 106, Nashville, Tennessee	US
S3-882552623	Padilla Choice Limited Northside	#17 Merrill Drive, Middlesex, Vermont	US
S3-119522484	silver industries private limited	House No.65 (Basement), New Delhi, West Delhi, DL	India
S3-188597388	Frontier Charities Pllc	1025 Seenth St, Riverton Township, Iowa	US
S3-751401400	United Trading-Private  Limited	C/o Bhatt Shaileshkumar Sureshbhai, Anand, Umreth, ગુજરાત	India
S3-764793054	hernandez dynamic deli	5189 Mission Street, Chesapeake City, Virginia	US
S3-688004983	Tiffanie's Auto Repair Central	14963-D Sugar Sands Dr, Texas, Sugar Land	US
S3-405175146	Seven পারফেক্ট Constructions প্রাইভেট লিমিটেড	C/o Amit Bose, 15, K N Mukherjee Road North 24 Pags, North Xxiv Parganas, WB	India
S3-740782734	Bhojawas Plastic Private Limited	H No 43, First Floor, Bhojawas, Rewari, HR	India
S3-85235384	Systems Abhishek Silk Private	Santacruz(w), MH, Mumbai, 5	India
S3-786975955	Naturals Center	#77, Door No 6-158/3 Saipriya Gardens, Madhuravada, Visakhapatnam, Vishakhapatnam, AP	India
S3-457275416	Express	3850 Atlantic Avenue, Unit UNIT 136, Highland, CA	US
S3-903175169	Private Technologies Alaknanda Realties Ltd	#40 Blue Heaven Plotno - 5 Off Carter Road Khar (West), Mumbai, MH	India
S3-382130020	Express Packaging	400 Dodson Rd, # Apt 24301, Rogers, Arkansas	US
S3-148884666	प्राइम स्वस्तिक पावर प्राइवेट लिमिटेड	146, Jagadhri, Jagadhari, HR	India
S3-593642231	Horizon Transit Brands Llc	#2 Gorlitz Ct, # Unit 201, New York, Monroe	US
S3-98129988	Hengel Academy Uptown Inc.	322 Marley Neck Rd, Fl 0, Glen Burnie, Maryland	US
S3-209271972	Iagi Group	No ##1 No Crooked Lane, Hare Street, 2Nd Floor, Room No 206, Kolkata, Kolkata, Howrah, পশ্চিমবঙ্গ	India
S3-704213053	Limited Timbers Mercantile Services	7-699, Mominpura, Gola Chowk, Gulbarga, Gulbarga, ಕರ್ನಾಟಕ	India
S3-366308608	Melurengineering.Com	Domlur Layout, KA, #31, Bangalore, Third Floor, First Main Road	India
S3-652704458	Hincapie Best Helrh  LLC	108. Farmington Road, Grimelsand CITY, North Carolina	US
S3-952283089	Hunter Atlanta	5037 Chital Dr, Crowley, Texas	US
S3-851511423	Brothers Brothers Engineering	C/o B Manjunath Mallapura, Chitradurga, KA	India
S3-405533650	Krishna International ప్రైవేట్ లిమిటెడ్	D.no. 2-2/1/14, Prakasam, AP	India
S3-991919393	Total Design Sólutions Corp	301 Galena Park Blvd, # 1318, Draper ITY, Utah	US
S3-223815595	Partners Malone, Dyer Bruno, Inc	##23566 38, Holmes Mill, Kentucky	US
S3-804360428	Red Pub! Inc	#3645 North Street, Baton Rouge City, Louisiana	US
S3-597320700	Townsend  Integrated Center Center	50, Linn Township, Missouri	US
S3-255468023	Anchor Equity	0316 New Boston St, Woburn, Massachusetts	US
S3-14946576	Iifl  Gears Co	E-43 3Rd Floor Flat No. T-1 Village Kilokari Near Ctc Plaza, New Delhi, East Delhi, DL	India
S3-349943429	Primary Care Sbeecanlists of City Of Marinette Midtown	2557 Na Wa Ka Dr, City Of Marinette, Wisconsin	US
S3-150942260	All Bús	#1-2-234/13/1 Domalaguda, Ashoknagar, Hyderababd, Hyderabad, TG	India
S3-764543667	Krystal Túrnkey Pvt Ltd	Gurugram, Gurgaon, A-7-84, Phase 2, New Palam Vihar, हरियाणा	India
S3-721616744	Cole Crystal Ábony LLC	1110 Madsen Avenue, Kodiak Island Borough, Alaska	US
S3-861870704	Sita & Sons Limited	H.no 96Springboard Hub, Bengaluru, ಕರ್ನಾಟಕ	India
S3-445451822	Unified Wireless  Inc	Illinois, Antioch, N/A, Hermann Avenue	US
S3-882605298	Mutual Diagnostic Services-LLC	318 Mckeough Avenue, Saraland, Alabama	US
S3-802682706	Ariavantage DBA: Garza Asa PC	22 Mountain Country Acres, Fairview, NC	US
S3-690419881	*** Christyna Hedrick Elite Reit	110 Limerick Dr, Paducah ITY, Kentucky	US
S3-462289446	Om Technology Private	H.no 715., Ist Main, Ist Stage, Bangalore, Indiranagar, KA	India
S3-60968341	Private Ace Investments Limited	M#206, Saidapet, TN	India
S3-20408607	Sri Pallavi Estate [Ltd]	#986 E-87-sector-13, Naya Moradabad, Moradabad, उत्तर प्रदेश	India
S3-158996690	Anchor Smart Partners  Tidewater	942 Sherman Avenue, Leavenworth, Kansas	US
S3-470332629	Megan D.C. Martinez,	1028 University Drie, Auburn, Alabama	US
S3-785043335	Edwards, Doherty  and Hanrahan Boston	5613 Forest Oaks Dr, PMB 9783, Raeligh, North Carolina	US
S3-655110416	LLC Oncology Cafgr	Old Pinckney Road, York, South Carolina	US
S3-936599683	Dream Prgctts Límited	No51 R.k.mutt Road, Mylapore, Chennai Hennai, Hennai, Chennai, TN	India
S3-288754317	Coastal Nmrwbise (Group)	713 Wright Street, Greenville, Alabama	US
S3-558632679	Iveneon River  LLC	N/A, 4030 Vision Circle, Kentucky, Newwport	US
S3-312109900	Al Systems Agencies Private	Door No 93 Utkarsh Gawade Colony Opptelco Gate Chinchwad, Pune, MH	India
S3-63188424	East Metro Bancshares  South Inc	644 Galena Rd, Ozark, Missouri	US
S3-942354631	Unified Hóspitality Innovations Inc.	006611 Airport Blvd, Austin, Texas	US
S3-325343968	-- Dot Maritnd,z O.D., P.C.	New York, ##15 Hasbrouck Dr, West Haverstraw, # Apartment H	US
S3-433098719	The Dertimnt Yoga | www.thedertim.com	303 Linocln St, Abington, Massachusetts	US
S3-909047097	RWZ-Deitnla Dte LLC	5016 Useppa Trl, Woodbury, Minnesota	US
S3-255093306	L.L.C. Silver Harbor Saul	110 White Lane, Ahoskie, North Carolina	US
S3-526092316	Prairie Trust Corporation	275 Cambridge St, Ashland, Oregon	US
S3-304478476	As & Co	Hno.f-##9, New Delhi, North West, DL	India
S3-526702042	Mcarthur Aegon of Lowell Inc	17235a Tapper Street, Indiana, Lowell	US
S3-346604269	Sturgill	7054 Tassel Meadow Drive, Indianapolis, IN	US
S3-122543676	Bangalore India Pvt.		India
S3-597557370	Vickers Complete Service	186 Fentonville Rd, Frwsburg, New York	US
S3-91907641	TRY  Center	Sigma Chambers, 1St Floor, 1307, Jeevan Bhima Nagar Main Road, Hal 3Rd Stage, Bengaluru, KA	India
S3-849757513	Diamond Research Corporation Partners LLC	235A Locust Street, Unit 11, Springfield, Massachusetts	US
S3-777300468	Byas Strategic	Slagle Rd, Garrettsville, Ohio	US
S3-723130199	ஓம் வென்ச்சர்ஸ் லிமிடெட்	TN, 2Nd Cross, Uma Shankar Nagar, Hosur, Dharmapuri, Krishnagiri, No - A-38/53	India
S3-85200470	superior talent digital inc	Lovelaceville Rd, Paducah, Kentucky	US
S3-900961061	*** Bolton Youth Federation Corp.	Boston Tpke, Bolton, Connecticut	US
S3-736685038	chiropracticassoc.com	17 Londonderry Drive, Easton, Maryland	US
S3-52158597	Cozy Coffe! Inc	7302 Bantam Lake, Brownsville, Texas	US
S3-437910194	Dlk Próject Pvt. Pvt. Ltd.	C/o Arun Prasad Gurudwara Road, Khagaul, Patna, BR	India
S3-840056195	Smc Institute Holdings  Pvt Ltd	No 6, Brentford, Hiranandani Estate Patlipada, G.b. Road, Thane, Thane West, MH	India
S3-305900920	Mclean and Ko Rre Corp	3815 Gerofimo Street, Baton Rouge, Louisiana	US
S3-258019407	பாலாஜி ஃபுட்ஸ் பிரைவேட் லிமிடெட்	129 G N, Chennai, TN	India
S3-238557380	राज सॉल्यूशंस प्राइवेट लिमिटेड	No. 667 2/367, Lucknow, Vinamra Khand Gomti Nagar, UP	India
S3-853781828	Dovanex Formerly Ridge Diana LP	NC, Greenville, 1725 Arlington Boulevard, Unit 102	US
S3-158097369	Little Bakery Partners	117 Hillcrest Street, Gridley, Illinois	US
S3-154713256	Sweet Bkaey	Greenwich Ct, Belcamp, Maryland	US
S3-408991948	Savitri  Trading	Kannur, കേരളം, 15/322, Thalassery, Pmr Building, Manatheri (P O), Kuthuparamba	India
S3-708913303	Llc Bright Prime Cross	#256 Vance St, Rawson, Ohio	US
S3-856092543	Asset Blucdndiccg Trust	741 3rd St, Wakeeney, Kansas	US
S3-275522938	Fadyne	5- Maple Saint, Stafford Springs, Connecticut	US
S3-610506447	Baid International School Co	#949 Old Pardankuni, Serampore, Hooghly, WB	India
S3-587770280	Lumkelolum Formerly Rewari Silver Private Limited	H.No.384 Sector-4, Rewari, Haryana	India
S3-799568899	UX Global-Private [Limited]	J-1955, DL, Southeast Delhi, New Delhi	India
S3-66943739	Smt Dhanlaxmi Co Partners	11, Pune, MH	India
S3-865542660	BE Industries Private	No 14-389, Nalgonda, Andhra Pradesh	India
S3-69656158	Bhr India Industries Private Limited	Plot No-1311, Cuttack, ଓଡ଼ିଶା	India
S3-603056497	LLC Corey & Ríos Futurecrest	Lake Oswego, Oregon, 13282 Boones Ferry Road	US
S3-393298024	Onida Conroy  Xsolla	09136 15, Silver Lake, Indiana	US
S3-922334851	इंडो सेवन वेंचर्स प्राइवेट लिमिटेड	H - 070 Sector-63, Noida Up Ind, Noida, UP, Gautam Buddha Nagar	India
S3-500673881	Locklear (Peak)	Seattle, Delridge Way, Washington	US
S3-17338589	Holmberg Metro [Associates] Equipment	PMB 9835, Ohio, Gorveport, 3807 1/2 Danube Dr	US
S3-911826101	Builders Illuimnati  Engineering Exports Private Limited	322, Delhi, दिल्ली	India
S3-87887761	Bright Bright C0rporate, INC	35142 Lead Line Road, Virden CITY, Illinois	US
S3-966298766	Cherri Richter Auto	Redbud Ave, Broken Arrow CDP, Oklahoma	US
S3-695226866	Inc Ridge School of Medicine	217 Foxgrape Hollow, Banner Elk, North Carolina	US
S3-693616346	Services Good Limited	H.no.31/a, Vengalrao Nagar, Hyderabad, TG	India
S3-563634964	Ridge Program-Inc Program-Inc Society	1614 Admiral Avenue, Stillwater, Oklahoma	US
S3-931387448	Link	252-B, Lower Ground Floor, Office No.-10-A Prince Plaza, Sant Nagar, East Of Kailas, H, New Delhi, Delhi	India
S3-135506976	Private Invicta (India) Patient Limited	4, Jehan Plaza, New Gangapur Naka, Nashik, MH	India
S3-783571403	Jariwala Industrial Industries Private Ltd	West Delhi, Second Floor Vikas Puri, New Delhi, DL, C-522	India
S3-620914631	Dr Axom Gear [Ltd]	Survey No. 571P, Sanand, Ahmedabad, GJ	India
S3-178877831	গোল্ড এক্সপোর্টস প্রাইভেট লিমিটেড	G-78, Kalitala Road, 2Nd Floor, Kalikapur, Kolkata, Howrah, WB	India
S3-520429271	Kacie Decker Hamilton Group	5589 Red Leaf Drive, Salem, Oregon	US
S3-973159941	Lotus Technologies Furniture Corp	Ff2-8, Mahesana, GJ	India
S3-803578907	Mansi & Brothers	C/o Kolukula Raja Reddy, Old No.76 New No.4-108, Thallacheruvu Village, Atchampet Mandal, Guntur, AP	India
S3-124646498	Urology Center of Chapel Hill [Inc]	68 Maxwell Rd, Chapel Hill, North Carolina	US
S3-855882420	Swastik Prívate Media Limited	Door No A-946 Chamber No. 432, Kochi, Ernakulam, KL	India
S3-503774969	South Developers (Private)	No.1, Chennai, தமிழ்நாடு	India
S3-380474080	சன்ரைஸ் இண்டஸ்ட்ரீஸ் லிமிடெட்	First Floor, TN, Chennai	India
S3-512082075	Keystone Analytics Group [Center]	36 Montevallo Park Circle, Mountain Brook, Alabama	US
S3-830195342	signaturenutritiongroup.com	2351 Presbury St, Baltimore, Maryland	US
S3-996993498	orthopedic group	Wyandotte, Oklahoma, 65701 120 Rd	US
S3-82209589	Corporation, Murielle Empire Tailwind Moss	17 Charles Lane, Raymond, Maine	US
S3-124216815	KF Encaevoru Pvt Ltd	H.no 38-B Gobied Nagar, Ambala, HR	India
S3-854898489	Co Fallon's Foods	00608 Hogans Branch Road, Hendersonville, Tennessee	US
S3-34540921	Moya  Gonzalez and Todd Produce	3901 Sansome Ln, Round Rock, Texas	US
S3-678331230	Vijaylaxmi Brothers Ventures	<NULL>, Patel Chowk Jalandhar City, PB, Nn-##8, Punjab	India
S3-294690301	Penny Perry Prime	31 Little Dipper Ln, Yarmouth, Massachusetts	US
S3-340897880	VFR Equipments Private Ltd	Kandivali West, Mumbai Suburban, No 58-F, MH	India
S3-452070942	Moex Partners Center	455 Big Piney Loop, Fentress County, Tennessee	US
S3-175762194	Fresh Massage Corp	5306 Breezeway Ave, Sioux Falls, South Dakota	US
S3-714229657	Cornerstone ínsurance	Arkansas, North Little Rock, 10784 Stoneridge Drive	US
S3-805563603	गैलेक्सी प्रॉपर्टीज प्राइवेट लिमिटेड	Delhi, Connaught Circus, P 004/90 1St Floor, DL	India
S3-521318425	ಸನ್‌ರೈಸ್ ಮಾರ್ಕೆಟಿಂಗ್ ಸೊಲ್ಯೂಷನ್ಸ್ ಎಲ್ಎಲ್‌ಪಿ	Door No 27- Madonna Villa, Bangalore, Bangalore North, KA	India
S3-480999928	Sky Producer General LLP	C/o Green Earth Private Limited #18/23, Infront Of Beli Hospital, Stanley, Road, Allahabad, Chak Bida Urf Saidab, UP	India
S3-311177076	Spm Pólytechnic	N H No 8/3 At Village Tukwadavia Dist, Valsad, Vapi Valsad, GJ	India
S3-918150131	Moradabad Consultants Limited Service #21385	Hn 222 Kothiwal Nagar, Near Police Choki, Moradabad, UP	India
S3-771970278	Sterling Trexitle Works PC	160 Whitney Street, Hartford, Connecticut	US
S3-779205248	Future Finance Limited Services	Pdomotor- Ah -35, Salimar Bagh, New Delhi, DL	India
S3-344625492	Zeus + Sons	16-A, Silicon City, Opp.emerald Ht. School Po At Rajendra Nagar, Ab Road, MP	India
S3-966650162	शक्ति लॉजिस्टिक्स प्राइवेट लिमिटेड	Plot No. Rb-50, Tizara, Tapokda, राजस्थान	India
S3-242700460	Ariakelo Sys trading as Black Estate Private Limited	C/O Ram Achal Pande, Turak Purwa Gaosiha, Mallapur, Gonda, Uttar Pradesh	India
S3-789012398	Green Vntures General Private Limited	No 11 Pranav Comp, Sh No 20, R Rd, Jivan Nagar Nr Darjivadi, Rajkot, GJ	India
S3-741333008	Matty Bussard, XD, DDS	36 Brandywine Drive, Buffalo, New York	US
S3-22609629	Elder Harkness LLC Center	116 Foley Ln, PMB 414, Folsom, California	US
S3-942254156	Engineering Orient Natural	H.no 61 Wadali Tal.shahada, Nandurbad, Nandurbar, महाराष्ट्र	India
S3-488346839	Shri Sepl Institute  of Technology Company	B-#45 Haryhur Society Village Khambhat Taluka Khambhat District Anand, Anand, Khambhat, GJ	India
S3-408221606	Pushpak Renewable Group Pvt Ltd	Unit No. 212, Delhi, DL	India
S3-789804857	Ewing Secure Harmony L.L.C.	North Carolina, Huntersville, 8824 Deerland Ct	US
S3-229478033	orthopediccenter.com	4225 1/2 Alabama Street, Houston, Texas	US
S3-23032304	Ace  Bright Biologics LP	Nm Highway 236, Portales, New Mexico	US
S3-84045844	Fairway Re Limited	Hn ##871 Plot No. R - 915, Thane, Navi Mumbai, MH	India
S3-705137846	-- behavioral health care inc	1047 Spantown Rd, Arrington, Tennessee	US
S3-360875684	Surgical Center	1240-1242 Cinnamon Hill Lane, Unit 209, Columbia, Missouri	US
S3-130267472	COMMERClAL INVESTMENT ADVISORS LLC	5515 Mills Civic Pkwy, Unit Suite 145, West Des Moines, Iowa	US
S3-418280119	Patel'S Of Works Iron Charlotte	Trade St, Unit 2705, Charlotte, North Carolina	US
S3-27036545	Shook	2320 Tyler Avenue, Ogden City, UT	US
S3-480768976	East Management Ltd		India
S3-391627630	New Delhi Services Limited Center	South Delhi, DL, New Delhi, F-##88 Okhla Industrial Area Ph-i	India
S3-206976196	फ्यूचर फूड सॉल्यूशंस प्रा. लि.	#75 Near Sanjay Waskar Bunglow Kedar Nagar Morewadi, Kolhapur, MH	India
S3-656657337	GO  Spacsphere	Sitka, Alaska, 1731 Edgecumbe Dr	US
S3-471956305	Rajaram Private Limited Center	Salava Agwanpur, Moradabad, UP	India
S3-847172953	>> Devendra Agri Private	Plt 0301 E202, Palghar, MH	India
S3-558620556	cre chambers law	Pl.12, Nashik, Gangotri Vaibhav, Niwas, Ram Ngr, Jail Rd, महाराष्ट्र, Nashik	India
S3-45917131	Exports Saru Services Limited	Hn 311- C/o Ombeer Singh, Gautam Buddha Nagar, उत्तर प्रदेश	India
S3-163352066	Evoiri formerly Indo Gujarat Systems Limited	Flat B 1301 Plot 184-185, Sector 19, Ulwe Navi Mumb, Panvel, Raigarh(Mh), Maharashtra	India
S3-585896064	Kokoszka Keystone Arts	4158d Brickler Rd, Springgfield, Illinois	US
S3-614974593	-- Healthcare North Téchnologies Pvt Ltd	614, Satyamev Eminence, Nr. Shukan Mall Science City Road, Sola, Chandigarh, Ahmedabad, ગુજરાત	India
S3-156210383	Liberty Véterinary Clinic	107 Woodyard Ave, null, Ridge Farm, Illinois	US
S3-655152954	qvhtransp0rt.com	18231 125, Virgiinia CITY, Illinois	US
S3-287742840	Pauline's First Héalthcare	4120 Withrow Rd, Hamilton, Ohio	US
S3-411248660	>> Daniels and Root	5273 Mglo School Rd, Great Cacapon, West Virginia	US
S3-585575465	Complete LLC LLC Associates, Security	1343 Hecker Road, Waerloo CITY, New York	US
S3-60406419	LLC Piedmont Valley Rénewable	Chicago, Illinois, Kedvale Avenue	US
S3-806602453	Lopez  Optimal Tech Central	470 Monticello Park, Conroe, Texas	US
S3-436694060	Twisted Yoga-Services	10 Park St, N. Easotn, Massachusetts	US
S3-905990092	Caloviofaye+	B2, Sai Harini Apartment, Ram Nagar South Extention 17Th Main Road, Madipakkam, Chennai, Tamil Nadu	India
S3-328610757	The Seguin Pacific Cola	Ohio, Mastick Rd, Cleveland	US
S3-37729489	Johnson Smart Of Rbaeliigh	11200 Tidewater Ln, Unit 411, Raleigh, North Carolina	US
S3-812251794	Hyde, Válencia & Care Steers LLC	514 Lee Street, Evanston, Illinois	US
S3-33708227	Orthopedic Inc	260 Epes St, Blackstone, Virginia	US
S3-169590301	ब्लू कंस्ट्रक्शन प्राइवेट लिमिटेड	Shop C-06 Sultan Market (Baba Estate) Mohili Village Opp Asha Krishna Bldg Nr Bmc School A G, Sakinaka Mumbai, Nagpur, MH	India
S3-29462423	Choice Value Oxford Partners	00513 Cleveland St, Wisconsin, Village Of Winneconne	US
S3-141994904	Pinnacle Bitwise	3466 1/2 122, null, Ft Payne, Alabama	US
S3-524809403	Fortune Producer Private [Limited]	House No.205, 1St Floor, Jj Colony, Shakurp Ur City, Landmark Near Samrat Cinema, Delhi, Rani Baghdelhi, DL	India
S3-817675897	Veterans Society Inc	1508 22, PMB 5367, Alexandria, Minnesota	US
S3-975893228	#amezcuanicholson	12319 Dante Mountain Road, Dante CITY, Virginia	US
S3-299099717	Aceadvancedheritage.Com	Oregon, Corvallis, ##1465 Division St	US
S3-994193254	Carretero, Sisk & Arsenault Flexible Llc		US
S3-563084978	Halomira	1215 30, Unit 114, Greenville, TX	US
S3-279162892	Kaveri + Associates Pvt	41, Mumbai, Mumbai City, MH	India
S3-382665482	Global Charities LLC	3187-3189 Spawn Road, PO Box 9527, Schenectady, New York	US
S3-350549240	Precious (India) Ngdci Exports Pvt Ltd	महाराष्ट्र, Osmanabad, House No.14, Latur	India
S3-431292952	Corner Book Soe Associates	815-D Western Avenue, PO Box 9026, Marion, Indiana	US
S3-279818874	Prairie Bce Ltd	206 Jungermann Rd, St Peters, Missouri	US
S3-640392979	Commission on Public Works Corporation	185 Patriots Landing, Cotesville, Indiana	US
S3-41592555	Gelya K. Vaaldez, D.D.S. PLLC	33rd Saint, # #8A, Tacoma, Washington	US
S3-363640650	Sauceda & Solis Ltd	# 108, Asheville, 145 River Birch Grove Road, North Carolina	US
S3-702879378	Lowrance and Re Snow	14600 Woodbluff Trce, Louisville, Kentucky	US
S3-190287286	Maid Tavern [PC]		US
S3-34684853	Bright Limited Partners	A 101, 59/60 Shahid Bagat Singh Road Colaba, Mumbai, MH	India
S3-565526091	[Center] Double LLP	302, Osia Friendship, Gauthan Lane Opp: Ram Mandir Andheri (West), Mumbai, Mumbai City, महाराष्ट्र	India
S3-293296441	Fresh Meadows Baptist [Association]	80-18 192 St, Fresh Meadows, New York	US
S3-621740171	Evoaria f/k/a Bevan & Parker Inc.	952 Pathway Lane, Webster, NY	US
S3-456941706	Ned Brothers	Shop No 7, Basement 731/2, A C Market Building, Pandit Mohan Malviya Marg, Tardeo, Mumbai, Mumbai City, Maharashtra	India
S3-239490651	सनराइज Guru कंसल्टेंट्स टेक्सटाइल्स	#94 Aryan Bhawan, Chiraigaon Po Chiraigaon, Varanasi, उत्तर प्रदेश	India
S3-879559195	Ravi  Institute LLP	4/7, Wea Saraswati Marg Karol Bagh, null, DL	India
S3-894637130	Rizaquo t/a Primus Owners Limited	Plot No.38 Vighnaharta Nagar, Bante Layout, Nagpur., Nagpur, Maharashtra	India
S3-65071031	Chokshi Brokers Private [Limited]	N.s.b.road, Raniganj, P.o.raniganj, P.s.raniganj, পশ্চিমবঙ্গ, 61/29/N3, Bardhaman, Malda	India
S3-195072651	Carter & Mortensen	#775 White St, Springfield, Massachusetts	US
S3-345954218	Mize  American LLC	002600 Glenwood Avenue, # 422, Raleigh, North Carolina	US
S3-548056203	अल्फा केयर लिमिटेड	A 204 Sawali Co Op Hsg Soc Plot 41 Sec 5 Khargar, New Bombay, Khargar, MH	India
S3-630921905	Trusted  All0cation	9351 Nettas Way, Pequo Tlakes Township, Minnesota	US
S3-593972236	Morataya, Adah,-DO	420 Crescent Ln, null, Vestal, New York	US
S3-969974565	Tejavy Polyfab Associates LLP	278, Jaipur House, Agra, UP	India
S3-743480717	Lara Trusted  Micro PC	002733 Sanctuary Dr, Bullhead City, Arizona	US
S3-740251302	Indrya Synérgy Pvt Ltd	Jaipur, Hn G-15 B-5, RJ, Shiv Circle, Shiv Marg Banipark, Jaipur	India
S3-79840211	Management Management Private Limited	No 772 1-7-9/24, Secunderabad, Hyderabad, TG	India
S3-922003653	Cozy Nails! PLLC Center	13977 East Road, Lake Park, Minnesota	US
S3-929770206	Yumabeloio t/a Rudloff's Crystal Metal Works	100 Paradise Drive, Unit 6, Nacogdoches, TX	US
S3-313079213	Imojean Boyd Signature	29W 270 Forest Avenue, null, West Chicago, Illinois	US
S3-773067851	KJX Horeca (Private)	F/f, Shop No.114, Plot No.3 Sector 12, Pocket 6, New Delhi, South West Delhi, DL	India
S3-225095073	திருப்பதி எண்டர்பிரைசஸ் பிரைவேட் லிமிடெட்	Plot No. #7 & 7A, 3Rd Floor, Wellingdon Estate 53 Ethiraj Salai, Egmore, Chennai, தமிழ்நாடு	India
S3-861958082	టెక్ ఇన్ఫోటెక్ ప్రైవేట్ లిమిటెడ్	4-6-375/3/8, Sri Siddi Vinayaka Apartm, Karim Nagar, Karimnagar, TG	India
S3-450426770	surgical group	0020701 Beavercreek Rd, Oregon City, Oregon	US
S3-889893492	Sach & Brothers Enterprises Private Ltd	Ab Arcade, KL, Kozhikode, #7/1305 L, Quilandy	India
S3-997117601	Lauree  Kluck Columbus Harbor	411 16th St, Ninnekah, Oklahoma	US
S3-383242930	United ലോജിസ്റ്റിക്സ് Private Limited	8/266/22 Thattathimukku, Devikulam, Keralam	India
S3-381754974	Atlantic Gores Metropolitan	5637 Town Line Rd, Taylor, New York	US
S3-394292531	Miraonyx	D-301, Plot No.1, Om Satyam Apartment Sector-Iv, Dwarka, New Delhi, West Delhi, Delhi	India
S3-907862586	... sanchez & roberts pc	200. Hoffer Road, Wpaato, Washington	US
S3-185853560	Aggy Trujillo Royal  Sab	Pineville Rd, Statesville, North Carolina	US
S3-341146903	Heritage Integrated Opportunities North  LP	102 103st Terrace, Kansas City, Missouri	US
S3-849731566	Holdings Bio Beacon Post	2291 Hamilton Road, Brutus, New York	US
S3-486391345	First-Enginlernig Limited		India
S3-112060410	Heritage Cemumdntiy LLC	149-153 Beach Avenue, # Apartment 301, Kennebunk, Maine	US
S3-492713395	sharona sharona labriola, m.d.	317 Silver Poplar Court, Suffolk City, Virginia	US
S3-914965812	क्लासिक हॉस्पिटैलिटी प्राइवेट लिमिटेड	#15, Gawande Layout, Chhatrapati Square, Ring Road, Mauza Ajni, Nagpur, महाराष्ट्र	India
S3-516063938	Al પ્રોડ્યુસર પ્રા. લિ.	Plt-129 Sarjan Society, Parle Point, Surat City, Rajkot, ગુજરાત	India
S3-159847031	Fernandez Advisors	90 Horsetrail Way, Wake Forest, North Carolina	US
S3-332526269	Sean Early	273 Shay Rd, Wheeling, Illinois	US
S3-224234978	Tucker Assets	160 Mattge Ridgell Lane, Lillington, North Carolina	US
S3-710923357	ladwaacademy.com	Hn 669/8 C/o Manju Rani, Kewat No.645, Khatoni No.700, Garoula Road, Ladwa, Distt. Kurukshetra, Ladwa, Indri Chowk, हरियाणा	India
S3-83749637	Ace Solutions Private Limited	Hn 559 Property No.28, Sector-13, Aradhna Enclave, Rk Puram, New Delhi, दिल्ली	India
S3-200663481	The Heritage Royal Federation Partners	0020 Mcgrath Ln, Pinehurst, North Carolina	US
S3-128384129	Sltoe PLLC	735C Charlton St, Massachusetts, Southbridge	US
S3-578984745	Lower Montessori [School]	Ohio, 55 Pionesr Blvd, Springboro	US
S3-844554129	Superior Summit Térm L.L.C.	Nachaomet Road, Lakeville, Massachusetts	US
S3-284700019	Miraveo D.B.A. Corner Barbershop	2507 Negley Place, Evansville, IN	US
S3-781816233	Phillips, Guidry & Spencer	2961 Bien Venido Dr, Unit APT 4, Mehlville, Missouri	US
S3-61385500	basudevacademy.com	8-3-1007/A, Flot No.201, Znr United Splendour, Oppindianbank, Sri Nagar Colony, Hyderabad, Andhra Pradesh	India
S3-557521849	Urologydirecthealth.Com	Ponderosa Ct, <NULL>, Ashland, Kentucky	US
S3-358999138	Alpha Foods Ltd	H.no 1-68/B, Bangalore, KA	India
S3-69300253	George Láke	#27 Strathmore Road, Natick, Massachusetts	US
S3-202688374	Premier Corporation Wholesale	9536 Excel Lane, Manhattan, Kansas	US
S3-1730098	The Ashland Premier Materials	505A Sandusky Saint, Ashland, Ohio	US
S3-890718422	ટેક ફૂડ્સ પ્રાઇવેટ લિમિટેડ	No 786 15, F.p.396, Fariawala, Estate, Opp. Hotel Avtar, Ahmadabad City, Ahmedabad, ગુજરાત	India
S3-250887743	Velum	Mettacahonts Rd, <NULL>, Accor CDP, New York	US
S3-269081462	Antone Brc  LLC	Ridge Road, # 1, Cheyenne, Wyoming	US
S3-140043894	National Towing Co	525 Riverleigh Ave, Unit Unit 189, Southampton, New York	US
S3-738953043	ricciardelli, hilda c., o.d., pc	21303 Sr 81, Ohio, Jennings Twp	US
S3-297207668	Aurangabadwealth.Com	Ch. Sambhajinagar, Gut No 24 Pisadevi, MH	India
S3-773743207	EA  Brains Private Limited	G-7, Third Floor, Lajpat Nagar, Part-3, Delhi, South Delhi, DL	India
S3-516417565	BTB Spade  PLLC	6425-C Wilkinson Blvd, # A, Belmont, North Carolina	US
S3-590984507	Gopalganj Associates Tech	C/o- Shivnath Baitha, Gopalganj, BR	India
S3-554735935	Atlantic Mínistries Ltd	10551 N Lake Rd, Havana, Arkansas	US
S3-995407896	Gottfried and Wieck Silicon Ltd	Minnesota, 6921 Scott Ave, Brooklyn Center	US
S3-892024955	Clean Spruce Llc	201 Olive St, Waxahachie, Texas	US
S3-872002443	Luttrell Priority Co	9 Karen Court, Wichita Falls, Texas	US
S3-962860295	Seymore Anchr Idea LLC	State Highway 91, Santa Rrosa, New Mexico	US
S3-820816832	ബെസ്റ്റ് പ്രൊഡക്ട്സ് സ്വീറ്റ്സ് പ്രൈവറ്റ് ലിമിറ്റഡ്	1-513 7/469, Pathanamthitta, Adoor, കേരളം	India
S3-35730813	Ishwar-Nidhi	431 13, Rajgarh Kothi, Indore, MP	India
S3-308595409	Veterans Trust Inc	Virginia, Wythe County, 235 Rolling Rock Lane	US
S3-844180862	RESOURCES HOSPITAL LIMITED	10, Bangalore North, Bangalore, KA	India
S3-267304710	Smart Limited Center	W/o Mr. Rajiv Joshi 44, Defence Apartment, Sunder Vihar, New Delhi, DL	India
S3-399743919	Inc Samuel and Fortenberry	331 Teddy Lane, PO Box 8931, Indianapolis, Indiana	US
S3-881927691	Sri mohit construction pvt ltd	No 656 First Floor, Khivraj Complex Iii, 480, Anna Salai, Chennai, Chennai, தமிழ்நாடு	India
S3-954262620	स्मार्ट कंसल्टिंग	H.no 16/79 D Civil Lines, Kanpur Court, Kanpur Nagar, UP	India
S3-293587110	United Starry Ínc	1919-C 39th St, NULL, Plain Twp, Ohio	US
S3-559960795	Helot Medical Cnmet Pvt Ltd		India
S3-580746501	Pyrajax D.B.A. Regional Prime Services Partners	7109 Greenhaven Drive, Fl 0, Saint Louis, MO	US
S3-271935541	West Auto-Sales Inc	7439 24th Ct, Fl 0, Wichhita Township, Kansas	US
S3-964377273	Mauckbiopharma.Com	1000-B Niagara Street, Tonawanda, New York	US
S3-446354572	Summit Phoeinx Corp	004405 Weston Pl, Unit 103, Louisville, Kentucky	US
S3-527960369	Dr NEW HEALTHCARE PRIVATE LIMITED	Dalim Khasmal Busty, Gorubathan, P/o. Fagu, Mal, Darjiling, Darjeeling, WB	India
S3-493827069	Hotel Limited Private Foods	Time Centre, Golf Course Road Sector-54, Gurgaon, हरियाणा	India
S3-18853954	Blue  Trust	708 59, Bowie, Texas	US
S3-513793846	MMG Maintenance	Baltimore, Maryland, 2602 Patapsco Ave	US
S3-586497664	Apa Institute of Enterprises Technology	No 76 Elina, Flat No. B-904, Sr. No. 28/3/3, Haveli, Pune, MH	India
S3-181957180	India Santosh Advisory Límited	A1802flr18thawingsiddhivinayakvastuvishnu, Ganesh Pingle Marg Chinchpokali East Parel, Mumbai, महाराष्ट्र	India
S3-9936635	Orbos Insurance Insurance	426 Counselors Way, Unit APT 208, Fort Mill, South Carolina	US
S3-811620250	atlanticacademy.com	Murray Way, Yorktown, Virginia	US
S3-708590293	Shri Shree Clermic	Coimbatore, தமிழ்நாடு, 61-1	India
S3-825614769	Varanasi-8rotes Varanasi-Brotes Limited	A-g-22, Sidco Industrial Estate, Villivakkam Chennai-600 049. Villivakkam, Chennai-60, Chennai, 0 049., TN	India
S3-905826264	अर्बन एसएस ग्लोबल एलएलपी	Shop No 14, Utsav Colony Mahanagar, Bareilly, UP	India
S3-507486541	Diamond Agricultural Group (Service) - 2554807705	##5825 Mallory Avenue, PO Box 8520, Portland, Oregon	US
S3-3461253	अल कंसल्टेंसी इलेक्ट्रॉनिक्स प्राइवेट लिमिटेड	H.no 47 City Center, Pune, MH	India
S3-598255399	Star Packaging Cnsultanst	014733 Hackwood St, Prince William County, Virginia	US
S3-176899673	Maple Lake Advanced Fuse Inc	40 Birch Ave, Maple Lake, Minnesota	US
S3-243421553	Ear Nose & Throat Value	7009 1/2 Hermitage Ave, Chicago, Illinois	US
S3-247631434	Fischer Aberdeen	3538 Halpern St, Columbus, Ohio	US
S3-74847333	F+ Banc Inc	42370 Wilderness Rd, Lee County, Virginia	US
S3-218143295	Elfie Tidwell Preferred Cslm  Center	##123 Cedarholm Street, Creston, Illinois	US
S3-338113447	#2-Center	Saint Louis, Missouri, # APT B, 2037 Tavel Ct	US
S3-479953326	PO Premier Mobile	6733 Kelly Aveue, Albuquerque, New Mexico	US
S3-138598070	Lopez Montessori Scsbhsol Inc	13915 Kings Highway, Charlotte County, Virginia	US
S3-131108819	Dermatology Care Associates LLC	186 Stagecoach Rd, Durham, Connecticut	US
S3-842214075	[Inc] Heritage Initiative	3241 Troost Avenue, Kansas City, Missouri	US
S3-138177510	Lummira	GJ, 6Th Fl, Aries Galleria, Near Cafe Coffee Day, Vadodara, Door No 37 601	India
S3-903125208	Bureau of Sanitation Corporation	2006 Puritan Terrace, N/A, Annapolis, Maryland	US
S3-553564203	Culinary  Iron Public Limited	116, Meerut, उत्तर प्रदेश	India
S3-605275924	Wendy Barker LLC Services	14120-14122 Cedar Lane, Humble, Texas	US
S3-292485936	Zabel, Flatt and	Douglas, Arizona, 3456 Gladiola Avenue	US
S3-213503593	Office of	3104 Jerome Street, Chicago, Illinois	US
S3-933613208	>> Nashville Historical Services	226 Dellrose Dr, Nashville, Tennessee	US
S3-675050901	Animal Welfare Co Center	343 Third Street, Ontario, Oregon	US
S3-980979369	Blue Systems	207 Maharishi Debendra Road, Kolkata, Calcutta, WB	India
S3-70898896	8icce Group	17 Flash Point Drive, Cashiers, North Carolina	US
S3-303609524	General Escfiumty International Inc	04825 Kolin Avenue, Chicago, Illinois	US
S3-296698862	Desert Tidewater	Nebraska, 4506 49th Street, Omaha	US
S3-807504778	Sri Sharma Ínfrastructure | www.sharmanf.com	#B3/622 Unnt No. 2201A, Bangalore, KA	India
S3-588175833	Pvt Perfect Finance Ltd	C/o Munna Thakur, East Champaran, Areraj, बिहार	India
S3-592096030	Private Laxmi Cfe Limited	8 2 Russa Road Eastfirst Lane Falt No S 2, Calcutta, Kolkata, WB	India
S3-57437038	owens, sadowsky & fischer private inc	4250 Falcon Dr, PO Box 9839, Bloomington, Indiana	US
S3-234375408	Beacon Grid Rapid	226 Como Avenue, Columbus, Ohio	US
S3-675215960	satyawati & co overseas	22 G.f Back Side, New Delhi, N/A, DL	India
S3-365807218	Public Mb Solutions Limited	Room 2508/1, Building No 53, Radheshyamchs Gandhinagar, Mumbai, MH	India
S3-218448202	Avidova	Oregon, Mcminnville, 355-357 Russ Ct	US
S3-358187913	Dido Johnson LLC Center	Massachusetts, 12 Meeting House Ln, Scituate, Unit 204	US
S3-114534237	Green Infbar Pvt Ltd		India
S3-856972864	Sap House Private	MH, Vakratund Apartment, Chintamani Recidency, Chaitraban, Upper Indira Nagar, Pune, G-23/37, Pune	India
S3-907884037	Karita Doles	0900 Marriott Dr, # 87, Clarksville, Indiana	US
S3-724869393	Lynx Inc	216 Parrish Ave, Paris, Kentucky	US
S3-228587924	Parshuram  Exports Private Limited	Vilaa No-33, Ramachandrapuram, TG	India
S3-730400863	Patriot-Trust Group	23817 Pleasant Valley Rd, Stonefort, Illinois	US
S3-51759537	Faulkner Patriot Center	1003- Eason Avenue, Buckeye, Arizona	US
S3-804277556	First Methodist Church Inc.	8440 Madelgne Dr, Fl 0, Saint Louis, Missouri	US
S3-931424580	matatradelink.com	Ghaziabad, UP, Ghaziabad, Sa-39 Shastri Nagar	India
S3-12903492	Parbhani Parbhani Technosoet [Limited]	No 82 C/o Shri Arjun Kishanrao Kane, Parbhani, MH	India
S3-326991655	Rabe Ace Morgan Inc	14802 Enterprise Drive, # 43D, Farmers Branch, Texas	US
S3-817692113	chang's fitness	514-B 2nd Street, New Mexico, Tucumcari	US
S3-103041985	Little Nails!	Illinois, 2551 47th Street, Chicago	US
S3-181058643	OPTIMAL WELLNESS	5646 Virginia Lane, PO Box 6537, Oxon Hill, Maryland	US
S3-775634066	The Wadsworth City Solana	1110 Partridge Drive, Wadsworth, Ohio	US
S3-878570399	Secure Horizon Co	1222 Cross Street, Baltimore, Maryland	US
S3-542026517	Bharat Private Limited Center	Moonnu Kandathil House Near Hospital Junction, Mulanthuruthy P., O, Ernakulam, KL	India
S3-950204307	Pediatric Precision (Partners)	135 Center Tree Drive, Palacios, Texas	US
S3-305217828	Northern Mountain Invesco, L.L.C.	221. Fryer Ct, Fairborn, Ohio	US
S3-547060990	Green  Value Portfolio LLC	00321 Birch Ridge Dr, Rio Vista, California	US
S3-428071569	Primary Care Horizon Associates LLC	19510 White Oak Rd, PO Box 7966, Sutherland, Virginia	US
S3-845922265	Mcclain Pédiatrics LLC	Puyallup, 1503b Stewart, Washington	US
S3-555311356	yourlabs.com	Office No. C-527, Thane, MH	India
S3-678200717	Heritage Retail Works LLC	320 Oak Saint, Big Cabin, Oklahoma	US
S3-74959665	Ease Ease International School Ltd.	371 Star Books, Star Building, Cinema Parambu Ambalathumbhagam Po, Sasthamcotta, Kollam, KL	India
S3-387625579	Rajeswari (India) Private Limited Service	Sop No. 6, Block A-6 Dda Mkt, L.s.c, Near Ca Appartments, Pas, Chim Vihar, West, West Delhi, DL	India
S3-249466896	PKF Propbuild Private Limited	Virudhunagar, A-725/11g3, TN, Sukkiravarpatti Road Thiruthangal, Virudhunagar	India
S3-872390465	बालाजी एंटरप्राइजेज बेकरी प्राइवेट लिमिटेड	#024 Shop No Vaity Apts/chaphekarmarg Mulund East, Mumbai, Mumbai City, महाराष्ट्र	India
S3-842837153	Rocky Center	7430 Williams Ave, Saint Louis, Missouri	US
S3-394699654	The KU Cornerstone Automotive	11967 Los Ranchos Drive, Arizona City, Arizona	US
S3-361539528	LP Supreme Envirmnteal Services	4602 Fullerton Ave, Chicago, Illinois	US
S3-200830171	Hotel Exports PVT LTD	Plot No. 238, K.v.rangareddy, తెలంగాణ, Aleap Industrial Area, Aeronagar Hal Employees Colony, Gajularamaram, Qutubullapur	India
S3-317228172	Clean Signature Calinbrnoia Inc	1101 Eat Lincoln Way, Ames, Iowa	US
S3-291934792	Silver Impex Private	##227, Nagpur, Ambajhari, MH	India
S3-763558803	Balaji Infra  Private Limited	C 54 Kh No 898/192, North East, Delhi, दिल्ली	India
S3-783412388	Moore Total Rain LLC	3945b Octavia Avenue, Chicago, Illinois	US
S3-99005199	Xylodova	Vill-Bishunpur, Tola-Mavaiya, Panch-Bishanpur, Block-Korha, Dist-Katihar, Katihar, Bihar	India
S3-794427950	Sonal & Sons Prfate Limited	No.1238, Bangalore, KA	India
S3-786592707	Dadri Star Private Ltd	Property No -#8, UP, Gautam Buddha Nagar, Dadri	India
S3-324449052	Office Of Parks And Recrgatoin Inc	Iowa, ##3446 Locust Avenue, Missouri Valley	US
S3-526893094	Family-Partners, Partners	2468 Zepher Ave, Flagstaff, Arizona	US
S3-168948	>> Safe  Dpc	Alabama, 1122 Briarwood Cir, Moody	US
S3-321382764	Private Karni World Overseas Limited	H.no 78, Apple Hub Ind.est., N.h. No. 8, Pelhar Near Nallasopara Phat, A, Vasai-e, Thane, Palghar, MH	India
S3-478584540	Fresh Tattoo (P.L.L.C.)	959 Acorn St, Village Of Lomira, Wisconsin	US
S3-296551906	@Timber	627C Highland Meadow Loop, Redmond, Oregon	US
S3-310477195	Sri Raj Products Limited Private	H. No. C-11, Lucknow, UP	India
S3-64788622	Private Sunrise Sdics Limited	Bhopal, मध्य प्रदेश, 137, NULL	India
S3-668907666	Ah Agro Private Limited	Siie No. A-4, Coimbatore, தமிழ்நாடு	India
S3-663188828	METROPOLITAN PUBLISHING	4459 Remsen Road, Medina Township, Ohio	US
S3-415314969	First-Infrastructure Private Limited	5B Kings Way Point, Ernakulam, കേരളം	India
S3-752103864	Jesselyn Óneal Wilc0 LLC	245 Montgomery Lane, Homewood, Alabama	US
S3-821929321	Tamarra'S Ridge Automotive	11210 12rd St, Sebring CITY, Ohio	US
S3-311422541	298 First Road Próperties Inc	7326 Webster Turn, Fort Washington, Maryland	US
S3-13692304	jaipurbharti.com	Door No 206, Royal Ensign, A 6 Prithvi Raj Marg, C Scheme, Jaipur, RJ	India
S3-781923734	Hannon  Energy	2908-2912 Saint Charles Dr, Mansfield, Texas	US
S3-812219970	Clean Smith	4219 Shelby Aveune, Huntsville, Alabama	US
S3-355511988	Southern Animal Hospital LLC	713 Meridian Road, # 940, Mesa Township, Arizona	US
S3-181595855	>> meridian	#9 Pitts St, Massachusetts, Natick	US
S3-320204424	Simmons Díaad Lab	11358 Lantern Rd, Fishers, Indiana	US
S3-762432270	Villela, Wilcox and [Rambo]	Texas, 925 Willoughby Drive, Richmond	US
S3-798625612	Kolkata Universal Prviaet Limited	No A-95 Raja Basanta Roy Road Ground Floor, Kolkata, Calcutta, WB	India
S3-453728630	Vasavi (India) Multimedia Enterprises  Private Limited	B-93, Sector 1 Avantika, Delhi, Rohini, DL	India
S3-146724746	Vision Care	##17 Highland Ter, North Andover, Massachusetts	US
S3-772712396	Cancer Federation	#1704 Arbor Hills Drive, Cleveland, Tennessee	US
S3-425105238	Krishna Dream Services-Private Limited	C/o Vinay Kuamr Sharma 80, Green Park, Bareilly, UP	India
S3-380699791	Janhavitradersprivate.C0m	S-062, Dlf Qe, Gurgaon, HR	India
S3-863826283	Ingram Veterinary Clinic Holdings	Massachusetts, 429 Revere Beach Boulevard, Revere, Unit 323	US
S3-88472064	3425 Highland Plaza Apartments  Holdings	408- Center St, Waldo, Arkansas	US
S3-240344162	Verron  Franklin, LLC	Falaise Dr, Floor 0, Saint Louis, Missouri	US
S3-862857344	Urban Consulting	C/O Jania Padal, Bada Tema, Po-Hataguda, Ps-Pottangi, Koraput, Orissa, Koraput	India
S3-546227045	Merrielle Molloy Hawaii,	4916 Long Rifle Rd, Walland, Tennessee	US
S3-217985692	Saharsa & Center Center	Amc 17/890, 2Nd Floor Mak's Complex, Attingal, Thiruvananthapuram, Trivandrum, കേരളം	India
S3-938134006	Keystone Printing Holdings	4916-4918 Lake Lucerne Drive, Town Of Lincoln, Wisconsin	US
S3-753097780	मॉडर्न पावर प्राइवेट लिमिटेड	Wework Dlf Forum, Cybercity, Phase-iii, Dlf Qe, हरियाणा, Hd-494, Gurgaon	India
S3-97650626	Alpha Limited Partners	2418- East Steet, Pune, महाराष्ट्र	India
S3-498596156	Slaughter Beacon Apac Group	316 Beacon Street, Muncie, Indiana	US
S3-298336225	Global Society Co Services	222, Tarun Enclave Pitam Pura, New Delhi, दिल्ली	India
S3-363174297	Family Cénter	5805 Ifdian Trace, PO Box 8276, Madison, Wisconsin	US
S3-170169010	Vantiq Brokerage  LLC	7397 Cole Ave, Highland, California	US
S3-866899419	Wells Unified Inc. Center	300 Mamaroneck Avenue, # Apartment 216, White Plains, New York	US
S3-153418208	Cure Bistro Inc	833D S 35th St, Council Bluffs CDP, Iowa	US
S3-124479171	Stokes and Truitt Controls LP	6236 Mission Road, Harpers Efrry, West Virginia	US
S3-771725853	Services Mollett Inc	Fishermens Ct, Clinton, Maryland	US
S3-678987194	leo developers private limited	C/o Manohar Vitthalrao Veer, At Bhadi Tq. Dist. Latur, Latur, MH	India
S3-710964993	मां मैनेजमेंट एलएलपी	Door No 826- Shop. No.-8 Dcm Stand, Ajmer Road, Jaipur, RJ	India
S3-249667097	WFC	R2/B13, Block B, Global Industrial Park, Ballabgarh, Faridabad, Haryana	India
S3-206794084	@pioneercohen	Middle Street, West Newbury, Massachusetts	US
S3-404691955	QK PRODUCER PRIVATE LIMITED	#63 Vill. Bhagwanpur, Jagadhri, Yamuna Nagar, HR	India
S3-478044385	Limited Best Technology Private	#433 Pl No 71, Nagpur, MH	India
S3-999874978	onealjesselynwilco.com	245 Montgomery Lane, Homewood, Alabama	US
S3-586761433	Best Payment Ventures  Central Ltd	1021b First Street, Hamlin, Texas	US
S3-295896909	Zetadova+ d/b/a Legacy Logistics Enterprises Inc	1312 O Avenue, Unit 3, Anacortes, WA	US
S3-181162183	Co Commercial Creative Products	2840 Inniswood Cir, Arlington, Texas	US
S3-908849242	Modern	D-1202 Shree Balaji Wind Park, Vill - Khoraj Tal - Gandhinagar, Gandhinagar, Gandhi Nagar, Gujarat	India
S3-31731278	Shree  Wizard	Kothrud, New Frinds Soc, Shop No F6, S No G-148/1/2/3, Pune, MH	India
S3-466788095	অল হেলথকেয়ার ট্রেডিং প্রাইভেট লিমিটেড	H.no 30 C/o: Sandhya Rani Das Villp.o- Raipur, Birbhum, Kolkata, Birbhum, পশ্চিমবঙ্গ	India
S3-613240473	Harbor Pacific Chs Corp	11810 Iowa Avenue, Cleveland, Ohio	US
S3-749600714	Gulalwadi Infrastructure Private [Limited]	#101, Gulalwadi, Mumbai, महाराष्ट्र	India
S3-732813655	Chiropractic Cal	41860 Sunband Dr, Maricopa Carrier Annex, Arizona	US
S3-530286170	Interstate  Israel Center	421 Woodbridge Drive, PO Box 2357, Gastonia, North Carolina	US
S3-392046723	International Properties [Ltd]	Hn 241 Souparnikakunnathmanalane, Thrissur, KL	India
S3-510514533	Stephenson Patriot Grade Partners	59-63 Bonnertown Road, Five Points, Tennessee	US
S3-489727221	Dermatology LLC Clinic #41250	116 7rd Ave, Elbow Lake, Minnesota	US
S3-751497207	Shree Technology Private	Dhar, Amalner Jalgaon, Dhar, Jalgaon, MH, H.no 224/2, Jalgaon	India
S3-223742508	Hurley, Cathee, DO Inc.	##25 Cedar Cir, NULL, Stamford, Connecticut	US
S3-829447981	Behavioral Health Interstate Care	6741 Rice Road, NULL, Specer, Ohio	US
S3-847981945	Moontree  Products		India
S3-259848574	Verrance Pamtmerfs, Inc.	5829 Red Barn Road, Alabama, Montgomery	US
S3-876277823	firstindustrialpartners.com	7612 Hancock St, Fauquier County, Virginia	US
S3-532784674	इंडो इन्वेस्टमेंट प्राइवेट लिमिटेड	H. No. 56, Delhi, West Delhi, दिल्ली	India
S3-262346213	Robinson Adsets of Elk River	Minnesota, 15465d 207nd Avenue, Elk River	US
S3-644121516	I/B Quetta LLC		US
S3-70425330	L.L.C. Lesh Preferred Nexera	120 Moss Hill Drive, N/A, Goldsboro, North Carolina	US
S3-30534131	Moulder	15315 196, Tyler, TX	US
S3-624701442	Divisionhealth.Com	3626-C Honore Street, Chicago, Illinois	US
S3-728399948	Financial	12050 Petersburg Road, Sussex County, Virginia	US
S3-281673297	Behavioral Health Colonial  Physicians Inc	851 Grant Boulevard, Minerva, Ohio	US
S3-159110813	Calosol formerly known as Mumbai Priya	Maharashtra, Mumbai City, 2001 20 A, Mumbai, Lodha Bellissimo, N M Joshi Marg, Jacob Circle	India
S3-641069613	GARNER TOTAL FOODS	68 Seastone Street, Raleigh, North Carolina	US
S3-362159465	Wendell & Stahley Bioscience Inc	#3994 Rutledge Road, Charleston, West Virginia	US
S3-937275685	bangalorepharmaceutical.com	511, Bangalore., KA, Bangalore	India
S3-313058402	ઈસ્ટ આઈટી ગારમેન્ટ્સ પ્રા. લિ.	Rajkot, GJ, Survey No. 507 P/2 P/1 Plot No. 1 Near Hariom Park, Morvi	India
S3-492507727	United Summit Eye Care	14525 Country Park Dr, Duncanville, Alabama	US
S3-968897289	Best  Optimal	82st Street, # MAIL, Lubbock ITY, Texas	US
S3-517635474	elite blue rre ltd	129 Denison Hill Road, North Stonington, Connecticut	US
S3-786377267	Private Sancheti Énterprises Limited	Calcutta, Kolkata, পশ্চিমবঙ্গ, #22 Biplabi Rash Behari Basuroad	India
S3-500816062	-- Keystone Verde Inc.	##3106 Kanawha Ter, PO Box 6373, Saint Albans, West Virginia	US
S3-652268365	मॉडर्न इम्पेक्स प्राइवेट लिमिटेड	35/38, East Delhi, Faridabad, DL	India
S3-575605041	Midwest Cetrding	602. Old Faithful Dr, Heron CITY, Indiana	US
S3-121609463	Leann Colon  Federal		US
S3-555745018	Maclassic.Com	2413 Spring Dr, Unit APT 2B, Ozark CITY, Missouri	US
S3-608707792	Tousignant (Cefr) Ventures	4235 Marilyn Road, Noblesville, Indiana	US
S3-651364422	Nursing New Home Center-Ltd	30C, Chennai-59, Chennai, TN	India
S3-918664470	Mandie  Deberry	1300 Chestnut Rd, Seven Hills, Ohio	US
S3-414578254	HAZ Corgpooaite LLP	664, Trupati Vihar, Mansarover, Adilabad, Jaipur, राजस्थान	India
S3-745396525	cox, alaniz & bryson llc	Calle Del Llano, Tos, New Mexico	US
S3-277737449	Nguyen  and Clark Co	1233 Sunnyview Ave, Dayton, Ohio	US
S3-125694111	firstindustries.com	Village Chakkarpur Gurgaon, हरियाणा, Gurgaon, #5 First Floor At Complex No 63, Dlf Qe	India
S3-597133207	charlot m. salgado, md	930 Woodpecker Place, Greensboro CDP, North Carolina, PMB 7237	US
S3-770250162	cuenca royal lion	226 Hillside Vista Dr, PMB 6919, Sedona, Arizona	US
S3-957977854	Sri Choice Ventures Private	Door No 979 12-7-133/96, Ameerpet, TG	India
S3-268629682	Davis Hritage Hospitality	N12107 730nd Street, Town Of Otter Creek, Wisconsin	US
S3-479685011	The Orrbium Australian	136 Barts Trail, Maryville, Tennessee	US
S3-919275552	Akshit Ltd Knowledge	C3, Shri Manglam Banglow, Kalika Park Untwadi, Nashik, MH	India
S3-380823071	Swadesh Chemicals Córp	S/f No. 202 Plot No. 5 Lsc Sonia Pvr, Vikas Puri, Delhi, DL	India
S3-705102681	Valley Chemical	11371 French Rd, Fairfax County, Virginia	US
S3-329757405	Katharina  Howell Navigation L.L.C.	228 Kingsley St, Unit Apartment 213, Buffalo, New York	US
S3-21264400	न्यू प्रोडक्ट्स प्राइवेट लिमिटेड	Door No C-131 Kasturba Nagar, Ajmer Road, Jaipur, RJ	India
S3-157876273	Anurag Home Nursing	H.no 16/966 Indra Nagar, Lucknow, UP	India
S3-477763920	Lakhani-Polytechnic  Group	001, Mumbai City, महाराष्ट्र	India
S3-296934550	Novicaloriza doing business as Pinnacle Arrow Inc	3135 Mayfair Street, Spokane, WA	US
S3-85512719	Witter, M0ore and Hartley (LLC)	4523 Garland Ave, Louisville, Kentucky	US
S3-774364031	Raviki Share  Private	H.no 31 M.m. Sarani, Kolkata, WB	India
S3-914266404	Ciraumbra D.B.A. Fresh Media Global	4108 Whitewood Road, Fauquier County, VA	US
S3-271305876	Brook Mata,		US
S3-105832172	Harit Consultants Public Limited	Dor No 308, Block No. B3, L & T South City Apartments Arekere Mico Layout, Bannerghatta Road, Bangalore, KA	India
S3-12484751	Oncology Medicine	4 Collins Avenue, # B, Plymouth, Massachusetts	US
S3-838145113	Misoft Clinic Secugtihsi	264 Beechridge Dr, Cincinnati, Ohio	US
S3-853925938	Preferred [Greenfire]	001421 Alta Mesa Court, PMB 4022, Mesquite, Texas	US
S3-263235595	Oliveira's Appliance	840 Miller Road, Ola, Arkansas	US
S3-317994790	ઇન્ટરનેશનલ ગ્લોબલ	Office No.945, Bhuj, Kachchh, GJ	India
S3-936110332	Cielo Security Private	63 C/obhagirath Jibhau Chavn, Rh8, Sn 643/1/1Shantus Ngr, Nashik, MH	India
S3-552548413	starcommercialpartners.com	13014 Rita June Way, # 303, Louisville, Kentucky	US
S3-702931228	Sanchez Star Starlink North	2036 Mckinley St, Sioux City, Iowa	US
S3-835074160	>> Motto Educational Soicey (ID: 3643)	Door No 64 F-74 Lado Sarai Behind Dda Flats, New Delhi, South, DL	India
S3-39451796	C A Noble Services - 9751951706	01611 Windsor Woods Blvd, Perry, Indiana	US
S3-811686197	Prerana (India) Lubricants Private Ltd	C-54, Truck Terminal Complex Gnt Road, Madhavaram, Chennai, TN	India
S3-940405518	Calonyla Formerly Dental Associates Inc	12 Fitz Street, Lawrence, MA	US
S3-505762260	Internal Medicine Health of Eagle	25 David Robins Lane, Eagle Nest, New Mexico	US
S3-839897196	East Annnro Bleichroeder Harbor LLC	5062- 52, West Harrison, Indiana	US
S3-430725064	Limited Alankar Mill Group	417, Hyderabd, Ap, TG	India
S3-98780526	ईस्ट सॉल्यूशंस प्रा. लि.	1118C, Block C2, Sector 3 Palam Vihar, Gurgaon, HR	India
S3-898734009	ऑल कंस्ट्रक्शन एलएलपी	Wz-929, 2Nd Floor, Main Ring Road Near Subway, Nariana, Delhi, DL	India
S3-377978048	Caloorbi formerly Cornerstone Apartment	124 Twp Rd 84 S, Chesapeake, OH	US
S3-167831479	Yamuan  Producer	B Ff 1, Ashapurna Basera, Jodhpur, RJ	India
S3-876672411	Summit Marshall  LLC	367 Adnie Way, Toledo, Ohio	US
S3-55297679	Jemimah Crhrodck Comstock LLC	24 Razorback Road, Rogers, Arkansas	US
S3-271831760	Janeczka Alfaro Smart Music [Corp]	507 Pine St, Star City, Arkansas	US
S3-545244572	Urology  Group LLC	Illinois, Incorporated, 6508 Roth Drive	US
S3-427591619	interstate public	10821 White Dogwood Dr, Providence Forge, Virginia	US
S3-967736270	Piedmont Émpire Electrical Corp	001219 Adams Street, Carrol, Iowa	US
S3-713904471	Private Akshat & Associates [Ltd]	19/1, Amc Road, Mm Layout Kaval Byrasandra, R T Nagar Post, Bangalore, KA	India
S3-636986619	Mathis Hospicaltiyt Inc	4323 Campbell Dr, Salem, Oregon	US
S3-476782342	Anchor Liberty Convertible Holdings	1989-1993 Bishop Avenue, Murfreesboro, Tennessee	US
S3-82204534	Pvt Kondapalli & Brothers Limited	Office No. C-211, Sai Siddhi Building Plot No. 165 To 174, Sector 19C, Vashi, Mumbai, Mumbai City, MH	India
S3-121040654	Sunshine's Pinnacle Solutions Llc - 5581065873	223. Marlboro Road, Ardmore, Pennsylvania	US
S3-279409975	Southern  Golden Center	967 Rose Crossing, Unit UNIT 51, Kalispell, Montana	US
S3-816779763	Alpha Tech  Private Limited	Sy No. 449/E, Dommara Pochampally Medchal-malkajgiri District, Hyderabad, TG	India
S3-571731962	MERIDIAN	Pitts St, PO Box 6414, Natick, Massachusetts	US
S3-728104101	Secure Construction Union Holdings	8118-C 96th Street, <NULL>, Kansas City, Missouri	US
S3-637551365	Span Limited (Service)	New Delhi, Basement Defence Colony, दिल्ली, Door No 277 D- 298	India
S3-536010023	K 7 Preferred Inc. Systems	4205 Knox Road, Unit 1442a, College Park, Maryland	US
S3-305167640	लाइफ सर्विसेज प्राइवेट लिमिटेड	Pune, M/s Marane Industries, MH, Mulshi	India
S3-857711379	Modern  Power Enterprises		India
S3-519282513	Chennai Ice	Blockcfirstfloor, N/A, Chennai, TN	India
S3-693492313	East Consultants Enterprises Limited	Bl No.a-15, Unity Park Visemala, Nashik, MH	India
S3-650254279	सुप्रीम इन्वेस्टमेंट टेक्सटाइल्स प्राइवेट लिमिटेड	B3/228, Bareilly, उत्तर प्रदेश	India
S3-468291488	Express Digital Cóncepts LLC	North Carolina, Matthews, Shadow Forest Dr	US
S3-822030286	Express Nutrition Company East	216 Remsen Rd, Yonkers, New York	US
S3-223975181	Nylavantage f/k/a Shaan Project Associates	Flat No.105, 10Th Block, Vaddepally Enclave Near Chittaramma Temple, Vivekanandanaga, R Colony, Kukatpally Hyderabad, Hyderabad, Telangana	India
S3-924662577	bigbistr0.com	13996 Sr-772, <NULL>, Chillicothe, Ohio	US
S3-201026405	Yumavantageyuma	Royal Space, Building No.154/20, V 279, 3Rd Floor, 5Th Main, Hsr Layout 7Th Sector, Madina Nagar, Bommanahalli, Bangalore South, Bangalore, Karnataka	India
S3-223227051	Premier Eqv	630 40th Avenue Lane, Hickory, North Carolina	US
S3-662631960	Peak LLC Consulting	8554 Bluebird Drive, N/A, West Chester, Ohio	US
S3-911374266	Blue Trust Corp	B-52, Daval Avenue, Nr-empire Tower, C.g. Road, Panchwati, Ahmedabad, GJ	India
S3-844419860	Nagnath Sons Private Limited Service	Block D-3-319 808, Laxmideep Building 9 Distric Centre, Vikas Marg Laxmi Nagar, New Delhi, DL	India
S3-948692104	Synvantage	7509 Delaware Ln, <NULL>, Vancouver CDP, Washington	US
S3-329898603	Rocky Fúfnd	540 Summit Way, Mt. Juliet, Tennessee	US
S3-983711437	Fontenot And Eppard Franklin LLC	1385 Cross St, Salem, Oregon	US
S3-890956063	Continental Blue Spíre LLC	2271 Sunley Ln, Chesterfield, Missouri	US
S3-129550493	Denver Physical Therapy Physicians, Inc Trust	002120 Augusta National Drive, Denver, North Carolina	US
S3-386295204	Surgical Center (Care)	411 Church St, MT Ollive, North Carolina	US
S3-79047133	Freyr Nidhi Private (Limited)	Bock A-399 Balaji Market, Main Road, Yeotamal, MH	India
S3-322386930	Fredrika Griffin Continental Pinnacle	2824 Still Leaf Lane, Ellicott City, Maryland	US
S3-94717504	Best Fresenius Inc Center	416 A Morgan Rd, Hagerman, New Mexico	US
S3-853790356	harmonypolytechnic.com	38, Dda Lig Flats Motia Khan, New Delhi, DL	India
S3-76443798	UNIVERSAL CONSUMER PARTNERS INC	Burnette Pl, N/A, Memphis, Tennessee	US
S3-660179965	Ffcrystal.Com	2002 Butternut Rd, Temple, Texas	US
S3-205857261	Sai Co Partners	22, Koppal, KA	India
S3-46713055	Liberty League of Silver	2905 Randolph Road, Silver Spring, Maryland	US
S3-855600430	Schmidt Center	006740 Linden Trail, Unit C, Wonder Lake, Illinois	US
S3-927077081	All Infotech Private Ltd	I-109 Himalaya House 23 Kasturba Gandhi Marg, New Delhi, Central Delhi, DL	India
S3-968471220	bay committee	18715 84, Cordova, Illinois	US
S3-494410612	*** Ranet Pró LLC	Copperaas COVE, Texas, #3044 Colorado Drive	US
S3-302897970	Hardoi  Technocast Private		India
S3-674102867	Highland  Veterinary Clinic	118 Rachel Drive, Enterpprise, Alabama	US
S3-303555062	Caryville Youth  Select Association Clinic	136-140 Gold Lane, Caryville, Tennessee	US
S3-368228891	Vionovidova Formerly Diamond Earth LLC	23 Center Road, Greenwich, CT	US
S3-230641491	Mitchell  LLC Media	10-14 Farm Ln, Oyster Bay, New York	US
S3-661474087	Chiropractic Complete Physicians LLC	146 Boxelder Place, Milford, Delaware	US
S3-645511770	Harbor Institute of Technology	1817 Randolph Dr, Garland, Texas	US
S3-190664619	Green Lfond Private Limited	No 023, Kanchipuram, TN	India
S3-754571353	Bright Massage! Holdings	9 Chestnut St, <NULL>, Auburn, Maine	US
S3-642852797	Reliance Labs	Gat No- 669, Shop No-02, Laxminagar, Khed, Pune, MH	India
S3-928903830	Blue Bistro	24. Newton St, Unit B, West Boylston, Massachusetts	US
S3-245863048	Janey Ambrosio, [Center]	Sioux City, Iowa, 4315-A Third Street	US
S3-619192116	The Technology Innovations Chemicals Private Limited	No. #189 Begampur, Kauwa, Kordi, Raipur, Bahraich, Vikas Bhawan, UP	India
S3-998724477	QUANTIFY CATERING	119 Normandy Road, North Carolina, Mooresville	US
S3-808414808	Badri Supplier Of Bangalore Corp	Door No #62, 1St Cross, 2Nd Main, Dollars Colony Jp Nagar - 4Th Phase, Bangalore, KA	India
S3-806227961	Synkor f/k/a Hamilton, Shahid & Villafranco Communications	925 Scott Street, Napoleon, OH	US
S3-644696108	Corner Díner	00219 Evanston Ave, Tulsa, Oklahoma	US
S3-306961604	Llc Ellis Empire Eastern,	148 Tree Shadow Lane, Whitney, Texas	US
S3-13116995	Levy Hawaii Co	11 Hilltop Dr, Wolctot, Connecticut	US
S3-197237535	Pune City Earthmovers Private	Sn ##74/2 Sunanda Kruti, Santnagar, Pune City, Pune, MH	India
S3-747195355	5oha Technologies Pirvacte Limited	Jabalpur, Housing Society Hathital, MP, Jabalpur, H No 2783/1/B Natinoal	India
S3-472699106	Potter Cárdiology	Owasco, 005373 38A, New York	US
S3-940389230	Tn Charitable Trust Co	Hn 477 F5/2 Hariniketanbangur Nagar Goregaon West, Mumbai, MH	India
S3-946240560	ZEO VÉNTURES CENTER	Abby Glen Way, Gurly, Alabama	US
S3-223639614	Kaverika Lifestyle Limited Service	Block B-229 House No. 572 2Nd Floor, Blk Y, Jj Colony, Delhi, North West Delhi, दिल्ली	India
S3-647881951	Ltd Manu Consu1ting (India)	Coimbatore, தமிழ்நாடு, 289 Sathy Roadkunnathur Pudur Post Kovilpalayam Via	India
S3-274656204	The Alecia'S Reliable Ágriculture	Howard Beach, New York, 158-34 103 Street	US
S3-854130306	Integrated Corporation [Center]	305- 49th Street, PO Box 2704, Albuquerque, New Mexico	US
S3-112125708	एस कंसल्टेंसी प्राइवेट लिमिटेड	Hn 575 E 348 East Of Kailfsh, New Delhi, South Delhi, DL	India
S3-637662713	ഭാരത് എക്സ്പോർട്സ് പ്രൈവറ്റ് ലിമിറ്റഡ്	Building No. 542(A), Ganam Eruva P.o, Kayamkulam, Pathiyoor Village, Kayamkulam, Alappuzha, KL	India
S3-53709772	Lucknow Mutual	H.no 881 D-43, Salehnagar, Sainik Nagar, Pratapgarh, UP	India
S3-987491382	Pvt R0bert Trading (Ltd)	172, Allahabad, Ashok Nagar, उत्तर प्रदेश	India
S3-705779454	Free Brothers Pvt.  Ltd	Ba - 152, Calcutta, Howrah, পশ্চিমবঙ্গ	India
S3-396465433	Dinar Flooring Private Ltd	House No 128 Satya Nagar, Raebareli, Raibareilly, UP	India
S3-143985594	Ectoonyx Co F/K/A Classic Mortgage Works	12739 Mcdowell Street, Le Grand, CA	US
S3-210888735	Real	13 01 Galli No12, Ganpat Patil Nagar I C Colony New Link Road, Borivali West, Mumbai, Mumbai City, Maharashtra	India
S3-853710479	శివ్ హెల్త్‌కేర్ లిమిటెడ్	5-573/C Deepthi Sree, Nagar Hafeezpet, Tirumalagiri, Hyderabad, తెలంగాణ	India
S3-618799824	Cordelia Kerrigan Legacy Neurosciences	2 Tandem Lane, Sherman, Connecticut	US
S3-730681342	Superior Trading Enterprises Eastgate LP	203 Highway Street, Perry, Illinois	US
S3-589819003	fj consultant private limited	D No 77/1, Coimbatore North, Coimbatore, TN	India
S3-72999449	Ankita Medical Centre Limited	9-4-62, Nizam Colony, Tolichowki, Hyderabad, TG	India
S3-715395611	The Pinnacle LLC	#1469 North Street, Rochester, New York	US
S3-741575017	Wexdrex formerly: Cascade League	35 Cliff Way, Unit D-2, Dedham, MA	US
S3-718586890	Christensen Group Holdings LLC	5923 Brookway Willow Drive, Spring, Texas	US
S3-159871164	Tatia 5angh	Plot 476 Floor- G4, Mumbai, Mumbai City, MH	India
S3-504828114	Rizayuma	8953 Ttnnyson Street, # #217, Hillsboro, Oregon	US
S3-690207565	Behavioral Héalth	115 Ridgeview Drive, Meina, Ohio	US
S3-343210385	Economic  Development Trust	Shoreview, Chandler Court, Minnesota	US
S3-147483194	Vantageveo One F/K/A Digital Developers Private Limited	20, 22, First Floor, Ranjeet Vihar, Nilothi Extension, Delhi, New Delhi, Delhi	India
S3-164444282	Mirna's Grill	Ocean Ave, Weymouth, Massachusetts	US
S3-776882005	ratna ventures private limited	No 35 Sivakumar, Coimbatore, TN	India
S3-710752015	... Compass-All	206 Cr 4613, Castroville, Texas	US
S3-448363779	pvt purohit india (india) ventures ltd	H.no 6638 A/p Atpadi, Atpadi, Sangli, MH	India
S3-228972755	Apex  Value Prime LLC	94 Lynn Marr Drive, Huntington, West Virginia	US
S3-921385087	utkrishtindustriesgroup.com	427/C, Gultekdi, Pune City, महाराष्ट्र	India
S3-64026689	Mountain Initiative Partners	6217 Gilchiist Avenue, Henrico County, Virginia	US
S3-134369323	xv tankers llc	3108 Saddle Mil Dr, PMB 1199, Springfield, Illinois	US
S3-353127750	Armstrong Launchpad-Of Sutherlin Partners	145 Sunset Saint, Sutherlin, Oregon	US
S3-652884716	Heartland Institute Corp	Texas, 313 Oak Ave, Luling	US
S3-132879457	LLC Allied Federltion,	3409 Bwoman Rd, Unit Apt 1405, Litle ROCK, Arkansas	US
S3-333436532	DLF QE APPLIANCES PARTNERS	Level ##6 Wing B, Nuh, Dlf Qe, HR	India
S3-997289669	Private Alpha Care Limited	Kozhikode, KL, Vijaya Saudham, Pmot 96 64/184, Kozhikode	India
S3-724938879	Micro Agro Pvt (Ltd)	H No 130/D (1) Pandit Complex Near Hornbill Hotel, Kankavli, Sindhudurg, महाराष्ट्र	India
S3-446557194	Ectoarc	430 Wasatch Boulevard, Utah, # J1, Cottonwood Heights	US
S3-450201840	Shri Magic Traders Private Limited	Door No 65, DL, Delhi, West Delhi	India
S3-267208665	Joelle Ellison Manufacturing Inc Center	66-70 Hilton Ave, Garden City, New York	US
S3-459567382	Llc Kirkpatrick And Miller	# Apartment A10, New York, 610 Park Avenue, Rochester	US
S3-530951209	Naman Foundation Exports Private	Plot Khasra No. 2038/204, Haiwatmau Mavaiya Sect-03, Lucknow, UP	India
S3-208117252	Cosette Sdiclmver Interstate Armour	283 326 Street, Willowick, Ohio	US
S3-410836542	Royal Genomic Ventures P.L.L.C.	931 Georgia Ave, Bristol, Tennessee	US
S3-55805545	Delora Finley W. L.C.S.W.	2055 Saxton Avenue, Knoxville, Tennessee	US
S3-357980518	Wiggins Próperties	4409 Kranet Way, Louisville, Kentucky	US
S3-528894740	Nadiya's Gu1f Physical Therapy PLLC	007524 Gingerblossom Dr, Citrus Heights, California	US
S3-343230464	Pammi Aleman Ribbon West	22-D Willow Road, Milford, Massachusetts	US
S3-498486114	Miller Independence Có	872 Kenmore Blvd, Akon, Ohio	US
S3-189470992	Valdez Highland Colclcvtie	1713 2nd St, Marion, Indiana	US
S3-130303026	Bangalore North Limited Realtors	#2035, Hig 4Th B Cross, B Sector Yelhanka New Town, Bangalore North, Bangalore, KA	India
S3-157424123	DS Services	56946 Pinecrest Drive, Elkhart, Indiana	US
S3-502842811	KOLKATA WORKS ENTERPRISES CORPORATION	5-430 Baghajatin 6-Block, Howrah, পশ্চিমবঙ্গ	India
S3-938695779	Shiv Trading Private Ltd	Unt No. 318, Building No. 2(A-3), Sector No. 01, Millennium Business Park, Ttc Industrial Area, Mahape, Navi Mumbai, Thane, MH	India
S3-722014919	UY-Gardens Private Limited	H.no 77/10 Gidc Estate Phase I, Ahmedabad, Daskroi, GJ	India
S3-965071737	value nutrition collective	403, Bonnots Mill, Missouri	US
S3-14562002	Ahmedabad Jewellers Ltd	10, Vartali Apartment 33 Shrimali Soceity, Navrangpura, Ahmedabad, GJ	India
S3-27032670	Ferron Presidio, (Llc)		US
S3-14657000	Skylink Housing L.L.P.	G-29/b, Mumbai, Mumbai City, MH	India
S3-555952229	Neardhanalakshmi Nagar Uppilipalayam Development Privaoe Limited	No 28 Gandhi Nagar, Coimbatore, Neardhanalakshmi Nagar Uppilipalayam, TN	India
S3-653948462	Private Harsh Technologies Ltd	H.no 56 Ramalinga Nagar 4Th Lay Out, Coimbatore, TN	India
S3-259209156	Lyrabelojax DBA Media Solutions LLP	Delhi, South West Delhi, Shri Mishri, South West Delhi, P No.5, Gf, Kh285, Asola, Fatehpuri Ber	India
S3-549017189	sterling pono lp	1401 12th Soreet, Pekin, Illinois	US
S3-632761197	Brevity & Sons Límited	C/o Gheesa Lal, Rajgarh, Dhar, MP	India
S3-329971898	L.L.C. Beavers Íllaintaiion	Louisviille, 422 East Jacob St, Kentucky	US
S3-774295326	Maid Tavern	2019 Hackensack Ln, Smryna, Tennessee	US
S3-705789399	Pvt Shiva Consulting Limited	Coimbatore, Bafna House 034, TN, Coimbatore, Oppanakkara Street	India
S3-720138961	Sns Memorial Trust Ventures	No 32 Thifd Floor, New Delhi, South Delhi, दिल्ली	India
S3-407547439	Wexonyx F/K/A Surgical Partners	810 College Avenue, Deer Lodge, MT	US
S3-529648574	Dinanath Stays LLP	30/2101, 21St Floor, 30 Lotus Panache, Sector-110, Gautam Buddha Nagar, Noida, UP	India
S3-291912297	Merci S. Fine, P.A. lnc	1850 Fairfax St, Carlyle, Illinois	US
S3-921547555	Supreme Infinite	3211 Rosalind Loop, Anchorage, Alaska	US
S3-269498856	Coimbatore North  Developers Private	H.no 14 A1, C K Buildings, Uzhaippalar Street, Coimbatore North, TN	India
S3-543560853	Strategic Financial Advisor LLC	721 Second Glen, Phoenix, Arizona	US
S3-159238066	Donnie Gamrocl Fitness	3531 Maris Way, Humble, Texas	US
S3-803028524	Katemanivali Exports Innovations Limited	A/207 Lami Dham Building, Chinchpada Nr. Saket College, Kalayan East, Katemanivali, Thane, MH	India
S3-121773332	Star Elite LLC Services	190 Foxhunt Ln, Blacksburg Town, Virginia, # APT B	US
S3-904326456	PC Dempsey Quality Fuel	11221 850, Tyler, Texas	US
S3-158656081	Coffman Integrated	3320 Market Street, Akron, OH	US
S3-425993357	neeli trading llp	8-3-833/126, Ph 1, Kamalapuri Colony Srinagar Colony, Hyderabad, తెలంగాణ	India
S3-126507726	LF Infra Private	C/o Shambhu Kumar Jha, Darbhanga, BR	India
S3-249241016	Gildmira One	Bf-4, Scheme No.74-C Vijay Nagar, Indore., Madhya Pradesh	India
S3-477056112	Secunderabad Pvt.  Ltd. Services	6-1-284/4/103, Dinesh Apartments Padmarao Nagar, Secunderabad, Hyderabad, తెలంగాణ	India
S3-974592399	8ingham, Lyons & Villa, Inc	#49 Tankeroosen Road, Vernon, Connecticut	US
S3-737508475	-- Ivenium Railway LLC	7 Credit Drive, Mayflower, Arkansas	US
S3-702562962	Yumadelta	335 Market Street, Rock City, Illinois	US
S3-69609194	Smt sbcare.com	Prstige Trade Towerno.##46, 23Rd Floor Palace Road, Bengaluru, Bangalore, KA	India
S3-548384842	Hickman's Distribution	609 Southport Rd, Mt Pleasant, Tennessee	US
S3-445970061	Wendell-& Stahley Bioscience	#3994 Rutledge Road, Charleston, West Virginia	US
S3-828041254	Urgent Care Quality Center Inc	Carmichael, California, 2909 Easy Way	US
S3-967335362	Network	1141. Ivy Hill Drive, Mendota Heights, Minnesota	US
S3-40501734	Town Of Materials  Ltd Center	1122 Spring Valley Road, Town Of Burlington, Wisconsin	US
S3-835696575	New Delhi	G - 53 Sarita Vihar, NULL, New Delhi, North Delhi, DL	India
S3-770857584	Max Clothing Exports Pvt Ltd.	805/809, Windsor, 8Th Floor, Off Cst Road, Kalina, Santacruz (East), Mumbai, Mumbai City, MH	India
S3-130395872	Capital  Chanritis	Grand Cape Rd, Rockford, Illinois	US
S3-403223937	CGD Advisory Pvt [Ltd.]	Sector 19, Panchkula, Panchkula, House No 33, हरियाणा	India
S3-623492065	Shri Gold Infrastructure	Mumbai Suburban, Gorai Shantiniketan Chs, Plot No.8, Rsc 21, Gorai-2, Near Maxus Cinema, Bori, Vali (W), Flt No. 03, MH	India
S3-557276971	Shyam Global Ltd	Rajesh S/o Sh. Ramkumar Village Mirzapur, Po Mirzapur, Hisar, Hissar, HR	India
S3-376746473	Platinum Business Digital Inc.	7845 Mt Joy Rd, Tennessee, MT. Peasant	US
S3-199628933	Goertzen Resources [Company]	1354 Foxmont Ln, City Of Holladay, Utah	US
S3-75238168	Solstice  [Partners]	1225 Woodburn Avenue, Mount Sterling, Kentucky	US
S3-542800464	First Media	19 Renas Way, Dennis, Massachusetts	US
S3-142047535	oliveirasappliance.com - 5025762705	840 Miller Road, Ola, Arkansas	US
S3-681736651	Irideltawexio fka Romisoft	3904 Lori Drive, Unit APARTMENT 28, Erlanger, KY	US
S3-886984399	Federal Glóbal Glóbal LLC	22 Jackson Street, Vernon, Indiana	US
S3-514662539	Heritage Old  LLC Services	1955 1/2 Old State Rte 7, Warren Twp, Ohio	US
S3-810647901	Dr Global (India) Iternaeoisnal Ventures Pvt. Ltd.	007/3, Bangalore, KA	India
S3-953635704	Bangalore Private Packaging Limited	Door No 20 Shakambari Nagar Opp Banashanari Temple, KA, Bangalore	India
S3-218138991	Ram  Power Private Limited	Rahul Chambers Mumbai Puneroad Opp J N Marshall & Co Kasarwadi, Pune, Pimpri, MH	India
S3-431601726	Kvn Kvn Pvt Export Ltd	Shop - 16, Pruthvi Market, Station Road, null, GJ	India
S3-531401378	Squires Tri-State Ishares, Incorporated	5311 12nd Avenue, <NULL>, Tucson, Arizona	US
S3-579306429	Oaks Inc Retail	600 Tullock Ln, Molt, Montana	US
S3-421215185	Elnore Mainndey Semiconductor  LLC	118 Clarke Road, Sturbridge, Massachusetts	US
S3-672412695	Edappal  Conhsltnts	Plot 0527 B-202 Jawahar Park, Khanpur, South Delhi, DL	India
S3-693920515	Apple Traders Ventures Corp	Gurgaon, H.no 4378/11 1St Floor Pooja Apartment Ansari Road Daryganj, DL, New Delhi	India
S3-692815770	Main Street Deli Group	Oklahoma, 3668 49th Streht, Tulsa	US
S3-625003577	esteemtrust.com	No 2 Kaibartapara Baburani Para Part Bhatapada Jagaddal, Parganas North, WB	India
S3-880251189	Christie Beacon Franklin Franklin [Inc]	Brookhaven, 59 Tuthill Point Rd, <NULL>, New York	US
S3-393039918	Ember L.L.C.	Beelpre, 140 Moody Ridge Road, Ohio	US
S3-347913674	Rampur-Macggery Limited	H.no 25 Tehsil Swar, Mohalla Kashipur Suar, Rampur, उत्तर प्रदेश	India
S3-446316070	Dobieidea.Com	513 Independence Ave, New Hope, Minnesota	US
S3-446106419	Qua1ity Markeitng Advisors, Co	Unit 12A, 00129 Peterborough Street, Massachusetts, Bostton	US
S3-46694364	Noell Farley Ace PLLC Service	226, Woodlawn, North Carolina	US
S3-577190961	Department óf Housing	805 10st St, Bonham, Texas	US
S3-414765990	Veralyra	Arizona, 5251- Pulliam Drive, Flagstaff	US
S3-635487553	Sahas Industries Limited  Services	GJ, Baroda, Vadodara, #202 Devashish Flats	India
S3-723213082	Division óf Aging	Hammond, 1109 Cherry Saint, Indiana	US
S3-19836305	Liberty Institute of [Technology]	2001 Walnut Creek Trail, Garlnad, Texas	US
S3-955812193	Twisted-Yoga North	621 Meadowood Dr, Seabeck, Washington	US
S3-241352571	Federal Global Mortgage Llc	5669 Kinsale Drive, Madison, Wisconsin	US
S3-343486153	Classic Maa Logistics Pvt	Flat No. Rg-6- Konark Oasis, Bhiwadi, Alwar, RJ	India
S3-76563486	The Certified P1atinum Limited	117 Sterling Spring Dr, Lovelannd, Ohio	US
S3-6698254	Bemisal Odhrsbesa Limited		India
S3-626618436	American Metro		US
S3-85406945	Prime Import Industries Ltd	House No G-1484, Nagpur, MH	India
S3-238667909	Better Cloud	40 College Street, Lebanon, Kentucky	US
S3-952342593	Paramount Limited Hospitalities	702, 7Th Floor, Silicone Tower, Near Samartheshwar Mahadev Temple, Law Garden, Ellisbridge, Ahmedabad, Gujarat, India, Ahmedabad, Ahmadabad City, GJ	India
S3-79554412	Vision lnvestment Pvt Ltd	10 Shiva Sai Residency 2Nd Cross Near Kamakya Theater, Bangalore Urban, Bangalore, KA	India
S3-416693816	Champagne Pinnacle Sky Corp.		US
S3-433601696	Urology Group of Ltd (Services)	7982 403, Fulton, Missouri	US
S3-894370620	Slayton, Quintana Albright Myers LLP Services	464 Sonshine Ln, Shipman, Virginia	US
S3-836956942	Colonial Superior Imaging Westgate Inc	409 Auburn Boulevard, # 211, Saramento, California	US
S3-693448250	Jaxtavo	Door No D/10, Ap Press Photographers Colony Near Lotus Pond, Banjara Hills, Hyderabad, TG	India
S3-575065518	Fresh	1315 Bernhardt Road, Lebanon, IL	US
S3-283462659	Modern Infra Private	Pl No S N 1616 Erandavana Socy Erandavana, Pune, महाराष्ट्र	India
S3-219735372	Platinum Ace Value Metro	018673 Oriole Way, Queen Creek, Arizona	US
S3-875904999	Denny Nava MD Holdings	109-D Cullen Street, Wheatcroft, Kentucky	US
S3-534506225	Perry Safeguard	#910 Choctaw Avenue, PMB 4512, Independence, Missouri	US
S3-926130355	M/s Jasmine & Co Group	Shop No. 28, Navi Mumbai, Mumbai City, MH	India
S3-320564168	spaceinfra.com	Gaurav Annexe, Nr. Mandvi Co.-op. Bank R.r.t Road, Mulund West, MH, Mumbai City, Mumbai, No 890 A-17	India
S3-788876321	Services Ornate Star	Room No 6, Mumbai, MH	India
S3-87831234	PRIVATE WEST CONSULTANTS LIMITED	A-1-14, Shaligram-3, Opp Maruti Hills Bungalows, Prahladnagar, Ahmedabad, GJ	India
S3-329073846	krishna hospital limited	Khairatabad, P.no.113-a, Sy No. 126/403/1, Mla Col, F.no.g2, Hyderabad, Andhra Pradesh	India
S3-921556029	Nefloex Piedmont	Utah, North Ogden City, 2521 725	US
S3-981182042	Frontier Quality Jones (LLC)	1818 16th St, Cheyenne, Wyoming	US
S3-213234540	B Eight Crystal Golden	1143 Garden Drive, Newport News City, Virginia	US
S3-900309858	Feiler Family Pigacie	555 Tammy Louise Drive, Pataskala, Ohio	US
S3-650754186	Contech India L.L.P.	G-125, Mahavir Enclave - I Dwarka, Delhi, DL	India
S3-915612332	Works Pioneer Lakeside	NEW YOK, New York, 796 9 Avenue	US
S3-998374347	Zadiusholding.Com	Texas, Fort Worth, 10917 Owl Creek Dr	US
S3-340715606	Ashley Services	0014510 Union Avenue, # #3, Lakewood, Washington	US
S3-978583052	Royal Foundation Privaet Limited		India
S3-246763893	Prairie Fresh Entertainment, LLC	7734 Highway 131, NULL, Washburn, Tennessee	US
S3-887261962	Sun  Infrastructure Limited	Spaze It Park, Gurgaon, हरियाणा	India
S3-613804491	ONESTEP TECH PRIVATE LIMITED	Agra, Plot No. 28 Kh No. 375 Brij Vihar Phase-1, UP, Agra	India
S3-671479897	*** Li Nc,  Inc	228 A1 Pleasant Place, PMB 5947, Springville, Tennessee	US
S3-148053658	Cirapyra+ née Surya Producer Private Limited	C/O Nand Jee Dubey Vill, Dasiyawan Rampur, Kesath, Buxar, Bihar	India
S3-999783698	Omega & Sons Ltd	House No 73, North West Delhi, DL	India
S3-749202365	Direct Software Works [Inc]	1017 Straford Rd, New Haven, Indiana	US
S3-943110723	Uptown De1i	7231 Loralea Dr, Hanover County, Virginia	US
S3-200997714	ಸನ್‌ರೈಸ್ ಇಂಟರ್‌ನ್ಯಾಷನಲ್ ಪ್ರೈವೇಟ್ ಲಿಮಿಟೆಡ್	H.no 80/1, Bangalore South, Bengaluru, KA	India
S3-994187897	पायोनियर बाबा इंफ्रा	Sa. 6-186-M-1 Pahariya, Varanasi, UP	India
S3-268643725	Aviorbi D.B.A. Vakil Service Ltd	Near Maruti Mandir, Rethare Bu, Karad, Satara, Maharashtra	India
S3-109580432	Ear Nose Throat Specialists, Holdings  Center	#309 Florence Ave, Garden City, Kansas	US
S3-794594167	FW Pr0jects Clinic  Ltd	0209, Surat, Bharuch, GJ	India
S3-778063366	UP Iusdclal  Private Limited	Unit No. 205, 2Nd Floor, Signature Building, Block -13 B, Zone-1, Gift Sez, Gift City, Gandhi Nagar, GJ	India
S3-37562570	First Israel Corp	3337 Pineville-Matthews Rd, Charlotte, North Carolina	US
S3-420052306	Ethyl  Loewen, L.C.S.W.	Massachusetts, North Adams, Corinth Saint	US
S3-454316628	Preferred Business Sgfytesms [Inc]	3355 Florina Ct, Aldie, Virginia	US
S3-396203353	Quvoque Worldwide Co	6568 Hil Mar Drive, # 302, District Heights CITY, Maryland	US
S3-778157279	টেক অ্যাগ্রো প্রাইভেট লিমিটেড	Block G-49 1, Rowdon St., Kol, WB	India
S3-832640115	Anand Products Private Limited	A-55-61, Second Floor, Madhu Vihar, Ip Extn Patparganj, Delhi, DL	India
S3-518357680	ଏସ୍‌ଏସ୍ ଏଣ୍ଟରପ୍ରାଇଜେସ୍ ପ୍ରାଇଭେଟ୍ ଲିମିଟେଡ୍	Door No 790 At House No Eb/280phase 13 Bda Colony Laxmi Sagar, Bhubaneswar, OD, Puri	India
S3-523530588	Exports Saru Services	Hn 311- C/o Ombeer Singh, Noida, उत्तर प्रदेश	India
S3-981001819	Continental School Public	###252, No. 2Nd & 3Rd Floor, 8Th Main, Amarajyothi Layout, Domlur, Bangalore, KA	India
S3-724519392	@expresssecurity #25279	5447 Valley Ridge, Floor 1, Columbus, Ohio	US
S3-664082166	Beret Hodges-Green Development	Fredrick Ct, # Apartment 7, Village Of Howard, Wisconsin	US
S3-255077914	5ky índustries	B/50/h/4 Zakaria Street, Kolkata, NULL, WB	India
S3-668529529	Tech Construction Pvt-Ltd	B3/1-14, West Godavari, Govindapur, TG	India
S3-597395533	Guru Builders  Private Limited	B3/84/c, Mumbai, Mumbai City, MH	India
S3-85144041	Malappuram Ts Overseas Corp	No 24 Aone Bricks Buildnig, Kadappadi, Peruvallur P.o, Tirurangadi, Malapuram, KL	India
S3-823764893	MJ Arbor Corporation	754 Ar 172 Hwy, Wilmar, Arkansas	US
S3-391239724	radomskialtisource.com	3140 Sever Rd, Marietta, New York	US
S3-478772588	Verdant Image (India) Private Limited		India
S3-463288800	Balaji Tech	Hn 246 Kushalpura, Jaipur, Chanwaji, RJ	India
S3-727083290	Gonzales-Biopharma Associates Corporation	4113 16nd Street, Chicago, Illinois	US
S3-877073382	quillpolytechnic.com	TN, 31, Erode, Kagam Erode	India
S3-406668347	Craft Royce Group	2007 Heidi St, Smyrna, Tennessee	US
S3-436834028	dvaffairs.com	1407 Four Sixes Ranch Road, Salado, Texas	US
S3-268876299	Pacific LLC Partners	157 Walker St, Ghent, West Virginia	US
S3-539328272	5outhern Solutions (India) Private Limited	D-1113, New Friends Colony, New Delhi, DL	India
S3-481229825	Center Oncology LP	4190 Road, Claremore, Oklahoma	US
S3-325086293	Kukatpally Aircon Aircon Prevate [Limited]	6-99/1, Hyderabad, Kukatpally, TG	India
S3-593936301	Public S.A.S.Nagar (Mohali) Solutionsprivate Limited	No. 00669 Building No D-122, Industrial Focal Point, Phase 7, PB, Rupnagar, S.a.s.nagar (Mohali)	India
S3-501569436	LA Home	#736 Top Floor (East Wing), Rupnagar, ਪੰਜਾਬ	India
S3-924358017	Super Medical Centre	Ernakulam, KL, Kalamassery, Plot 913. 23/163A	India
S3-854648088	सिटी इन्वेस्टमेंट प्रोविजन प्राइवेट लिमिटेड	225, Thane, MH	India
S3-794726612	Pvt Tech My Infotech Limited	Aswapuram, D.no. #1-49/1, Khammam, TG, Alinagaram Villge	India
S3-155072935	Piedmont Services	12051 Frederickstown Lane, Columbiana, Ohio	US
S3-762727517	Merchants Limited Private  Fashions	Floor G2, Plot 435, Navneet Bhavan, Baburao Parulekar Marg, Dadar (West), Greater Bombay, Mumbai City, MH	India
S3-769810077	Environmental  Committee	#142 Tipton Road, Tyone CITY, Pennsylvania	US
S3-256027514	RI Rk Pvt Ltd	#454 Khatha No 404, KA, Kolar, Gulpet Srinivaspura Road	India
S3-941996755	Franni Bragg Municipals  (Group)	430 Rural Saint, null, Emporia, Kansas	US
S3-978961956	Juniper Co	4044 Crysler Avenue, Independence, Missouri	US
S3-799043869	Horizon Quality [Acquisition]	92 N Pond Road, Hebron, Connecticut	US
S3-635368177	Ledyne Freight  LLC	16309 Tortola Dr, Accokeek, Maryland	US
S3-726556746	3252 Fourth Plaza Partners Llc	4325 Switchgrass Way, Indianapolis, Indiana	US
S3-782790612	Optimal Group Partners	9850 Aster Cove, Saint Joohn, Indiana	US
S3-876864369	Empire  Midwest Quartzsea LLC	10119 Wilmore Dr, Hanover County, Virginia	US
S3-97960019	Western Wílco Inc	Garland, 2008 Towngate Dr, Texas	US
S3-253739132	Alla's Auto Repair Inc	04575 Joshua Lane, Tucson, Arizona	US
S3-136401926	Cardiology Group	106-C Brentmeade Dr, York County, Virginia	US
S3-432603034	martinezkeystonemedicine.com	406 Rockfleet Rd, # Condo 102, Lutherville, Maryland	US
S3-734483000	Smith + Allmond Services	Clevelaand, 7590 Ragall Parkway, Ohio	US
S3-113486794	Bay Commodity Holdings	214 Garfield St, La Porte, Texas	US
S3-528843936	Midwest Cóuncil West	84A Silver Leaf Way, # 21, Marlborough, Massachusetts	US
S3-936113690	Gaines And-Lawlsno	Oregon, Newberg, 1500-B Sandoz Rd, Unit 29	US
S3-577793549	Continental Taiwind Inc	2115 Prestwick Dr, Murfreesboro, Tennessee	US
S3-464037208	cindy wathen shípping llc		US
S3-685654366	Gagan Trading Pvt	54, Nagpur, MH	India
S3-749772320	Delta Pacific Enhanced  Ltd	341 Pine St, Cerro Gordo, North Carolina	US
S3-213898135	Dr Kaleshwar LLP Partners	E-##24, Wireless Headquarter 3 M.b. Sarani, Tollygunge, Kolkata, Kolkata, Howrah, WB	India
S3-559310547	Sarasiya Limited Private Infraprojects	# 12-10-587/2, Road No 4, Medibhavi, Seethafalmandi, Hyderabad, Andhra Pradesh	India
S3-625469679	Unison Controls (India) Private		India
S3-394671174	Thompson & Shullmna Preferred Inc	202 Lake Breeze Rd, Greece, New York	US
S3-541805847	BABA BALAJI POWER PRIVATE LIMITED	Coimbatore, தமிழ்நாடு, H.no B3/394-395 Somasundaram Mill Road Annuparpalayam	India
S3-471457117	Kalyan Insttitue	H.no 186 #No.47/2, Bangalore South, Bangalore, ಕರ್ನಾಟಕ	India
S3-953260778	Cirakelonyla Formerly Navi India Private Limited	C-32, Vishal Enclave, New Delhi, West Delhi, Delhi	India
S3-896712822	Woodhouse Australian INC	#1 Pearl Street, # Suite 1, Buffalo, New York	US
S3-296583997	mulkey hurtado and token	Louisiana, Baton Rouge City, Monroe Ave	US
S3-206050380	Daniela's Inc.  Jewelers	Minnesota, NULL, 8116 46 1/2 Avenue, New Hope	US
S3-342232076	Zimitech ínc.	112 Ensbury Drive, Little Rock, Arkansas	US
S3-893885188	Golden Frontier Genetics	03018 Ivy Hill Lane, Irving, Texas	US
S3-448104597	Bright Deli Corp	33 Winne Place, # Apartment 12, Bethlehem, New York	US
S3-557722197	Media Clear Enterrpses	1286-1290 Carolyn Avenue, Columbus, Ohio	US
S3-191261454	Bombay Hospitality	Block E-748 C/o Sumer Chand Bishember Sahaya Aldermiyan, Muzaffarnagar, Kairana, उत्तर प्रदेश	India
S3-797350066	Dio Group Center	1205 Hickory Street, Cave Springs, Arkansas	US
S3-522856749	Goldman Green	1100 State Highway 174, Republic, Missouri	US
S3-620225209	Smith Corporation	1334 Mast Avenue, Lincoln City, Oregon	US
S3-174493555	Highland Federation  Inc	Park Point Drive, # Unit 3, Rochester, New York	US
S3-615407533	Interstate Genomic Technologies	4810-4814 Sylvia Circle, PMB 4715, Chattaanooga, Tennessee	US
S3-74611592	Private Samriddhi Inn Ltd	Lauriya, West Champaran, C/o Harendra Mahto House No 132 Vill Pandari Tola Pandari Panch Mathia Block, BR	India
S3-717822860	Pelican  Trust Corp	A-2303, Thane, महाराष्ट्र	India
S3-103827885	लोटस एंटरप्राइजेज प्रा. लि.	Flat No. C 527, Pawar Enclave, S No. 86 / 3B Pune Solapur Road, Hadapsar, Poona, Pune, MH	India
S3-11491939	# 9 CF Northern Incorporated	01 Lonesome Dove Lane, Woodbury, Tennessee	US
S3-927086675	HF Constructions Constructions Private Ltd	00284, New Delhi, West Delhi, DL	India
S3-367075409	Reliable Better Legato L.L.C.	14715-D Gul Street, Fort Wayne, Indiana	US
S3-386417737	SA (í) Ltd	Ahmedabad, Dhandhuka, GJ, Shop No. 6	India
S3-983818106	Shelton-Ddcla Associates LLC	#1501 North Avenue, Melrose Park, Illinois	US
S3-473615960	Clean Atlantic Sibitefl LLC (ID: 58276)	Illinois, Unit D, Sugar Grove, 285C Capitol Dr	US
S3-109760215	Internal Medicine Clinic	706 Edgewater Ridge Ct, Apex, North Carolina	US
S3-451208408	Everyday Institute Limited	Plt No : 19, Madras, Chennai, TN	India
S3-841073006	The Pelican Trust	A-2303, Thane, MH	India
S3-984836328	MUMBAI INTERNATIONAL PRIVATE LIMITED	B-10, Mumbai, Mumbai City, MH	India
S3-527519177	Apex Square Inc	68 Colony Rd, Newport News City, Virginia	US
S3-766114213	Dynamic Imnx Limited	128, Hyderabad, Secunderabad, తెలంగాణ	India
S3-180683649	Plainfield Heartland Aberdeen Inc	Plainfield, ##8193 Burnett Boulevard, Indiana	US
S3-662832003	Corp Lajoie & Mccullough	Kansas, 127-131 Wire Ave, Haysville, Fl. 0	US
S3-738801985	Commercial Technical Labs,-LLC	Whitley Rd, Fort Worth, Texas	US
S3-569867761	Creative Products Private (Ltd)		India
S3-234039030	Surya Energy Private Limited	House No 92 And 100, Delhi, NULL, दिल्ली	India
S3-890058358	The Mei Dotson,-CPA	Oakwood Manor Ln, Saint Lousi, Missouri	US
S3-678272917	Deepak Limited Of Kolkata Private Manufacturing	Narayani Buildiog, Kolkata, Howrah, WB	India
S3-9370078	Sollola Global LLC	25811 Bellewood Drive, Daphne, Alabama	US
S3-210581559	Elli's Innovative Hair Studio Missoula Co	1328 Bulwer St, Missoula, Montana	US
S3-905160247	ശിവം ഇന്നൊവേറ്റീവ് എന്റർപ്രൈസസ് പ്രൈവറ്റ് ലിമിറ്റഡ്	Kundupuzhakkal Building Gandhidaspadi, Malappuram, KL	India
S3-963688636	Basic Services	Unit No.1308(B), Vasavi Mpm Grand, 13Th Level 12Th Floor, Beside Metro Station, Ameerp, Et, Hyderabad, Telangana	India
S3-757948932	Neves,  Kallenbach and Yates	002735 Couchville Pike, Unit B, Nashville, Tennessee	US
S3-484885395	ಬಿಗ್ ಇನ್‌ಫೋಟೆಕ್ ಪ್ರೈವೇಟ್ ಲಿಮಿಟೆಡ್	115 - 2F, Indiviual, Layout Harlur Road, Bengaluru Urban, Bangalore, KA	India
S3-736903335	Acer  Trading Enterprises Private Limited	Meerut, उत्तर प्रदेश, Moh. Sadak Wala Chainpura, Bahasuma, Tehsil-mavana, Meerut, No 51	India
S3-280940689	Aggy Trujillo Royal Sab	519 Pineville Road, Statesville, North Carolina	US
S3-3225002	CRY5TAL CRYSTAL DEEP LLC	Monticello Ln, Dublin, Ohio	US
S3-840937037	Smit  Hospital	Doir No #205, Jasmine Block 6, Ndl Homes, Dhulapally Road, Kompally, Hyderabad, TG, Hyderabad	India
S3-340364321	Bharat Impex	F.no-203, Hyderabad, TG	India
S3-540352934	कृष्णा फाइनेंस	Bld.b Flat-403, Pune, MH	India
S3-471599637	Birch LLC	477 13800, Utah, Draper	US
S3-569074987	ସିଟି ଇଣ୍ଡଷ୍ଟ୍ରିଜ୍ ଏଲ୍‌ଏଲ୍‌ପି	No 580 Plot No-380/887, Bhubaneswar, Khordha, Orissa	India
S3-164246284	Patriot Macgime Inc.	120 Chapel Hill Rd, Unit 8, Durham, North Carolina	US
S3-395135056	Miles, Welsh & Anrnlod	013 Havering Way, PMB 1041, Henrico, Virginia	US
S3-886300338	The Bright Cleaning Service  LLC		US
S3-196402175	Shakya Abacdemy	DL, Shivaji Gali Gandhi Nagar, East Delhi, Delhi East, House No. Ix/6140	India
S3-373622646	Sri Arnica Lights Private-Limited	H.no C-62 Usha, 161/H-4 S V Road, Bombay, Mumbai, महाराष्ट्र	India
S3-223361518	Neera & Brothers Privdte Limited	Sahar Road Next To Hyatt Regenc, Y Andheri, Emthe Empire Business Centrere Falcrum A Wing Floor 5, महाराष्ट्र, Mumbai City	India
S3-950808569	Clean Business Solutions (LLC)	1923 Quintus Drive, Bellmore, New York	US
S3-627463076	Lo & Dimaria Highland	120 Community Dr, Silver Lake, Washington	US
S3-381235654	Regional Custom L.L.C. Service	30 Cornwall Ter, Hampton City, Virginia	US
S3-340140608	Allied Program  Clinic	Manhattan, Kansas, Ocean Dr	US
S3-73790785	Wexnovi t/a Back Alley Pilates LP	304 6th Street, Bellevue, ID	US
S3-885576495	Smith'S Safe Retail	1633 13 Avenue, Saint Cloud, Minnesota	US
S3-796316998	Pacific Marketing Digital,  Incorporated	125 4nd Street, # UNIT 1, Otnario CITY, California	US
S3-43539481	Madel0n Garrido Hair Studio LLC	3845 Four Winds Way, Skokie, Illinois	US
S3-519134920	sg international school		India
S3-720299982	Wolfe's Cascade Investments  Partners	100 Fenimore Road, New Rochelle, New York	US
S3-871317615	Yost Preferred Networks Inc.	911 Fourth Ave, St. Albans, West Virginia	US
S3-333686877	Ginevra T0tty Sterling Rothschild, LLC	00128 Chaffee Ave, Waltham, Massachusetts	US
S3-39062316	Novizeph	C/o Vikas Kumar Niranjan, 0, Bamhrauli, Main Road Moth, Jhansi, Moth, उत्तर प्रदेश	India
S3-63974457	Plumbers Union Local No 831	Shelbyville, Tennessee, 332 Cannon Boulevard	US
S3-873878586	One Care Prbenvtae Limited	203, Kuber Apts., Joshi Ali, Navi Mumbai, MH	India
S3-415524613	Msoini And Co	No D/2nd Floor, 3 Sir Hariram, Goenka Street, Kol, Kolkata, Kolkata, WB	India
S3-846510458	Corner Pub Pub	1070 Fairview Landing Drive, Houston, Texas	US
S3-672260769	Red Infotech	Jaipur, राजस्थान, Jaipur, Ramvihar Jagatpura, #65	India
S3-272917065	ivenium pimco inc.	442 Jefferson Saint, Camdn, Arkansas	US
S3-968074392	Inc. YK Golden	Kentucky, Neon, Hogg Hollow	US
S3-166248042	Ortega LLC Ventures	New Mexico, Rio Rancho, 201 1/2 Montana Wells Road	US
S3-305746269	Orrbent (Bhav)	01109 University Drive, Unit 115, Mesa Mountain View, Arizona	US
S3-703937841	ಬಾಲಾಜಿ ಇನ್ವೆಸ್ಟ್‌ಮೆಂಟ್ ಪ್ರೈವೇಟ್ ಲಿಮಿಟೆಡ್	510, Wing A, 5Th Floor, Carlton Towers Old Airport Road, Kodihalli, Bengaluru, Bangalore, KA	India
S3-312847665	Autism Assistance Project LP	1400 35nd Street, # Unit 30, Texarkana, Arkansas	US
S3-638771527	Garcia Winvest	603- Earl Ct, <NULL>, Warren County, Virginia	US
S3-6204288	गुड वेंचर्स	#602, Sixth Floor, Premium Tower Lll, Shalimar Township Niranjanpur A.b. Road, Indore, MP	India
S3-522899841	Empire Certified Xrp LP	101- Fox Chase Dr, Gadsden, Alabama	US
S3-15173051	Edwards & Jóhnson	3190 230th Street, Dow City, Iowa	US
S3-130696594	Heritage-Coalition	1427 Joseph Ave, Spokane, Washington	US
S3-913545840	Shiva Software Private [Limited]	Uit 8 Sr No 2/1/2A/6, Pune City, Pune, महाराष्ट्र	India
S3-812733315	DELTA SOCIETY (ID: 81153)	425 Quarter Horse Circle, Kingsland Bc, Texas	US
S3-187056230	rapidbestgrupo.com	8220 Broadway Rd, Unit 242, Mesa Desert, Arizona	US
S3-806865066	Environmental Féderation	30 Maples Rd, Maine, Jonesport	US
S3-364271572	Orbance ([Texas])	232 Belmont Ave, Ambler Borough, Pennsylvania	US
S3-600695306	Ruppel  Center	988 Campodonico Rd, Ballico, California	US
S3-256964642	Whitesell Elite Southwest-Gastonia Corporation	909 Hickory Grove Rd, Gastonia, North Carolina	US
S3-191795649	Upper Apartment Group	304 1/2 Foreman Street, Vinita, Oklahoma	US
S3-18392679	Zetakor  Association LLC	94 Washington Avenue, Fl Floor 7, Albany, New York	US
S3-17173160	The Associated Retail Systems Inc.	# Apartment 1, New York, 489 Linwood Avenue, Buffalo CDP	US
S3-855213535	Leilah Hollenbeck Secure [Fund]	2638 Lunar Ln, Sacramento CITY, California	US
S3-677996357	Meis  Acadia	11139 Mixer Rd, Bldg Trailer, Hanover, New York	US
S3-231158169	Service Great P.C.	1115 Cherry Spring Drive, Houston, Texas	US
S3-651226938	Transworld	Ahmedabad, Ranip, Gujarat, Sweta Duplex, Radha Swami Road, A - 1	India
S3-599740863	Innovative It L.L.P.	2414, Alephata Tal.-junnar, Pune, MH	India
S3-184501836	... cornerstone prime freight	4682-C Salem Dr, N/A, Mesquite CITY, Texas	US
S3-181013603	LTD WARD MIDWEST COMMUNICATIONS	Loagn, PMB 2360, 953 350, Utah	US
S3-167695311	coastalprairiehomes.com	9387 Medallion Way, Sacramento, California	US
S3-874714073	Happy Tavern	10127 Sea Candles Way, # 207, Knoxville CITY, Tennessee	US
S3-690636764	Llc Choice Wealth Union	Interlachen Trl, Sioux Falls, South Dakota	US
S3-118958975	Raviansh Haveli Public Ltd		India
S3-638806672	Dadu  Grade Ventures Limited Center	98 Eammalloor Chakkuvarackal P.o, Kottarakara, Kollam, കേരളം	India
S3-148474798	private big devices limited	59, NULL, Panchmahal, Godhra, GJ	India
S3-789931101	Sarasaksh Limited Center	Bhubaneswar, Adjacent To Nh 203 Pandra, OD, Plot No-##3971/9247 Sarala Nagar	India
S3-597241168	Ghaziabad-Machinery Private Ltd	D-606, Nandgram D-606, Nandgram, Gzb, Ghaziabad, UP	India
S3-892208576	Passion Hospital Enterprises	#2042, Punjab, Ludhiana, PB	India
S3-737219825	Veronike M. Snów, DDS	Roosevelt Rd, Little Rock, Arkansas	US
S3-11175627	The Johnson Commerce East LLC	72 Parkway Dr, Unit Apartment 17, Beulah CDP, North Dakota	US
S3-685285856	Ínc Cronin Management	Douglas Drive, Yorktown, New York	US
S3-786697768	jaiinfrastructure.com	DL, North East, 1185, Delhi	India
S3-24445906	Lincoln Hisattorial Program Partners	##3052 57rd St, Liincoln, Nebraska	US
S3-892286717	Dhenu Tech Ltd #62808	00184-3, Near Thomas Park Racecourse, Coimbotore, Coimbatore, TN	India
S3-769420874	Private Gobind Marketings Limited	GJ, Nr Ganj Shahid Ni Dargah Jamalpur Chakla, 2348 S F Nr K P Pan House Nr Riyaz Hotel, Ahmadabad City, Ahmedabad	India
S3-801894999	Integrated Payment Alliance Valley	City Of El Paso, Texas, 116-120 Seneca Drive	US
S3-975457485	Jordan Backer Peak Farms-LLC	1114 Winthrop Ln, Ashland, Ohio	US
S3-552028134	Sauls & Baxter Partners Ínc	8182 289, PO Box 7787, Belleville, New York	US
S3-123556562	Cmabhdel	123 Edwards St, Danville, Illinois	US
S3-597346932	Zircon Private Limited Center	#321 C/o Anindya Sengupta, Parganas North, Ganganagar, পশ্চিমবঙ্গ	India
S3-193213974	ahmedferguson.com	2680 Lavender Ln, Village Of Howard, Wisconsin	US
S3-906277853	Real Chambers Law	B 2601, Mumbai City, Mumbai, MH	India
S3-205243661	Allied Co Services	1913 Old Philadelphia Rd, N. East, Maryland	US
S3-963912750	Seetharam Vidyalaya Infratech Limited	Flat A2-701 Park Island S.no-207, Pune, Pune City, Shastrinagar, महाराष्ट्र	India
S3-395656369	Dermatology Diamond-Center Inc	564 Avery Creek Rd, Arden CITY, North Carolina	US
S3-9550153	T S & G Bright	1141. Mitchell Avenue, Waterloo, Iowa	US
S3-149039236	Dr Radiant & Partners LLP	Flat No. 2, Delhi, South Delhi, DL	India
S3-697409639	Continental Próperty Ltd	1434 Grant Road, Sevierville, Tennessee	US
S3-62210257	orientalindiaconstructions.com	Camp, MH, Kumar Pavilion, East Street, Office No. #11	India
S3-408676934	>> Young Classic Archimedes Partners Co	7756 Brookview Dr, # 12, Louisville, Kentucky	US
S3-39556779	Kolkata India [Pvt]	Kolkata, পশ্চিমবঙ্গ, Door No 12/3E/1 Northern Avenue, Howrah, Kolkata	India
S3-461953148	Wilkinson Mmehflwo [LLC]	40 Carpenter Road, Snohomish, Washington	US
S3-70344709	Eye Apex Specialists Inc	Kentucky, Wayland, 3742-3746 7	US
S3-438038883	Federalqualitytrading.Com - 9074789971	120 16th Ave, Hopewell City, Virginia	US
S3-64713576	SE Enterprises LLP	MP, No 99 Kalighati Balajipuram, Betul	India
S3-5721616	Oconnell Pharmaceutical	72 B, Libby, MT	US
S3-897508330	Best Móuntain Égh LLC	2643 William Allen Road, Burlington, North Carolina	US
S3-55132089	MW Foundation-Limited		India
S3-323857172	FLEMING LAFAYETTE CORP	147 Pinetree Court, Michigan City, Indiana	US
S3-4368676	Hari Services	B-310, Aon (West), Mumbai, MH	India
S3-499681508	Mapra Consulting Group Private  Limited	304, Akash Avenue 2, Mayur Colony Mithakhali, Ahmadabad City, Ahmedabad, GJ	India
S3-172134394	Veosyn a/k/a Reque	105 Tylers Cove Way, Leland, NC	US
S3-708789532	South Foods (India) Overseas	Rsf.no.e165/22, TN, Erode	India
S3-393872326	ZGC Mountain Enclave L.L.C.	905 Riverside Drive, Unit 31, Columbia, Tennessee	US
S3-418639616	Giddens'S Security	103-15 168 Pl, Jamaica, New York	US
S3-970244982	Green Tradelinks Private Limited	C-00802 Rudraksh Residency, Kosamdi, Bharuch, GJ	India
S3-239934191	Shri Itg Moulds Pugblc Limited	Kh.no-847 And, null, South Delhi, दिल्ली	India
S3-897307277	supremeaceconsultancy.com	Unit No 114, Plot No 61, Raheja Arcade Chs, Thane, महाराष्ट्र	India
S3-802785126	A Smart Tribeca Llc	601 Dupont Avenue, Unit 7, Nashville, Tennessee	US
S3-427163706	Aditya All Private Limited (Services)	B-133 3Rd Floor, Dda Shed Okhla Industrial Area Phase-i, New Delhi, South Delhi, दिल्ली	India
S3-835797399	gréenlaxmiconstructions.com	KA, 2 453 6 1 Esmwara, Ghaziabad	India
S3-65723700	bharat investments private limited	8-32, Chennai, TN	India
S3-719112461	Woodland Systems LLC	##207 2nd Street, # 206, Earth, Texas	US
S3-143560257	Nuapada Trading Private Limited	Kannha Rice Mill Private Limited, At- Parkod, Po-parkod, Khariar Road, Nuapada, OD	India
S3-246783986	जय इम्पेक्स प्राइवेट लिमिटेड	Flahno-0010, Pune, Maval, MH	India
S3-778175324	स्काई कंस्ट्रक्शंस प्राइवेट लिमिटेड	Plot No. 894-A, New Delhi, South West Delhi, DL	India
S3-471206140	Indu Services	#B3/1-6-960 To 962, Hyderabad, TG	India
S3-631477158	Faulkner Patriot Eagle Co	1003- Eason Avenue, Buckeye, Arizona	US
S3-230285847	cardinal ready group	Windrim Court, ELK Grove, California	US
S3-348345638	Ohearn	IN, Claypool, 6750 900	US
S3-99083392	ZK [Buildtech]	02, Mumbai, महाराष्ट्र	India
S3-630509238	Padilla Choice	4 Merrill Drive, Middlesex, Vermont	US
S3-30800438	howard holdings group	6318 1/2 Raven Street, Chicago, Illinois	US
S3-233627372	Sri Bharat Ma Pvt  Ltd	#A-2/12 Hodebeeranalli, Chincholi, Gulbarga, KA	India
S3-245444793	Alyson'S Choice Property Solutions Inc	600 Detroit Ave, Morton, Illinois	US
S3-751970598	Trejo	2227 Johnson Street, Portland, OR	US
S3-813508294	Baca Global-Llc	#18069 Antler Avenue, Sandy, Oregon	US
S3-419777846	Reliance Prójects Pvt Ltd	C/o - Siddik Hossain Mondal, Vill & P.o. - Kupila, Murshidabad, WB	India
S3-572812451	LARISA FARBER CAPITAL BNY LTD	211 1, Norlina, North Carolina	US
S3-78699653	Bangalore North Service	#10/3, Ground Floor, Ward No.18, Gruha Arpitha Apartments, Land Mark Near Railway Gate, Nagashetty Halli Main Road, Basaveshwara Layout, Bengaluru Urban, Bangalore, KA	India
S3-453774575	... Eastern 8iuiliders	H.no-15/21/87/a, Balaji Nagar, Tirumalagiri, Hyderabad, TG	India
S3-132957854	North Biotherapeutics,	6551 Glady Fork Road, Bowden, West Virginia	US
S3-274944521	Unique Engineering Private	17 & 18, Flat No. Ff2, Vamshi Enclave, Gadalamma Nagar, Rajahmundry, Andhrapradesh, Rajahmundry Rural, East Godavari, AP	India
S3-769163111	Aligarh Technologies Exports Pvt [Ltd]	32, Aligarh, UP	India
S3-112210786	optimal global madison	1073 Little Grave Creek Drive, GLN DALE, West Virginia	US
S3-788721488	4022 Third Drive LLC Service	360 Union Ave, West Haven, Connecticut	US
S3-866173742	Jackson Wisconsin Llc	320 5th Avenue, Anchorage, Unit STE 250A, Alaska	US
S3-629093171	Jaxkelo F/K/A South Ave Inc	Halfmoon, Unit Suite 5, NY, 461 Hudson River Road	US
S3-322895862	Prívate Best Hospitality [Limited]	449 Gf-12 Yogiraj Avenue, Ahmadabad City, Nehrunagar, GJ	India
S3-291919071	Weathers Holdings Partners LLC	232 South French Quarter Drive, Hoouma, Louisiana	US
S3-364477994	Corner  Grill	Arkansas, 1407 Emma Ave, Springdale	US
S3-151974559	Bobby Klippel-John Ltd	1777 Tulsa St, Gilbert, Arizona	US
S3-256634999	Foot & Ankle Keystone	9300 1/2 Florida Ave, null, Four Square Mile, Colorado	US
S3-940793859	Redwood  LLC	7384 Stout Rd, Germantown, Tennessee	US
S3-201929030	Halonex trading as Kol Fabric Limited	West Bengal, Kol, Calcutta, 29 Biswas Nursery Land	India
S3-414475613	West LLC Service	7400 State Street, # 17208, Midvale, Utah	US
S3-84053529	American Catalyst Inc	15001 Howards Mill Road, Mulino, Oregon	US
S3-549977743	Warner Adacse Fuse West	Utica, Illinois, 814 Burgess Dr	US
S3-185468998	Good इंडस्ट्रीज	130 Vrindavan Mukand Staff, Col L B Shastri Marg Ghatkopa Near Pipe Line, Mumbai, MH	India
S3-334931219	silverindustries.com	House No.65 (Basement), New Delhi, West Delhi, DL	India
S3-859184779	Jared Hospital  East LLC	1011 Takena St, Albany, Oregon	US
S3-619776509	Sarasora Service	TN, Chennai, Old No. 766, Periyar Evr Salai, Kilpauk, Chennai, Door No 398	India
S3-881554920	North Builders	Kendrapara, Orissa, Nayan Vihar At - Kasoti, Po - Pandiri, Kendrapara, Market Building	India
S3-235939184	Krysta J. Turcig, L.C.S.W., M.D., P.C. Group	1901-A E Providence Drive, Charlotte, North Carolina	US
S3-889993290	Mcdonald Casey Inc (Service)	321 South Hazel Ave, Ames, Iowa	US
S3-731632162	Brooks Altenergy INC	2521 Dry Run Rd, PO Box 8894, Chillicothe, Ohio	US
S3-271973937	Midwest FUND	151 1/2 Champagne Blvd, # Unit 5122, Branson, Missouri	US
S3-582942704	Noida Mill  Private Limited	Hn 00399 Office No- B-07, Gautam Bodda Nagar, UP	India
S3-565138211	New Delhi Systems-Private	M#16, New Delhi, South Delhi, DL	India
S3-597485891	MVL Áll Westgate L.L.C.	2509 Swasey Drive, Taylorsville City, Utah	US
S3-521416627	Zetadova trading as Value Empire Churchill LLC	10401 Lilac Avenue, Fl 0, Saint Louis, MO	US
S3-618774492	Minny Garside Acquisitions LLC	#2417 Briarcliff Drive, Leeds, Alabama	US
S3-332004002	Fhmerlor Inc	2152 Thrush Lane, Unit A, Oak Harbor, Washington	US
S3-922167043	FJ	3056 Fm 665, Alice, TX	US
S3-309084642	Miralum trading as Southern Family Practice P.C.	Stanwood, 1434 130th Street, IA	US
S3-879377882	Apex Technical	7543 Nicklaus Cir, Moseley, Virginia	US
S3-259622338	@newdelhi	N-184/4 F/p, South Delhi, New Delhi, DL	India
S3-492928739	Brown Telematics Limited Service	#49, Guddadahalli Main Road Cholanagar, Bangalore, KA	India
S3-754931558	bay preparatory academy inc	970 Dalke Ridge Court, Salem, Oregon	US
S3-320302853	Taientra Tv LLP	Satgharia, Ps- Panchla, Howrah, পশ্চিমবঙ্গ	India
S3-309745230	Heritage (Retail)	204 Fountain Dr, Clinton, North Carolina	US
S3-317072815	Perimeter Supamae Heritage	13211 King Rd, Thornville, Ohio	US
S3-948525186	Direct Apparel International Llc	1 Sams Point Rad, Cragsmoor, New York	US
S3-257517426	L.L.C. Talton, Owens and Vazquez Construction,	23264. Blue Skies Circle, Chugiaak, Alaska	US
S3-192678983	Royal Pvt Logistics Ltd	3Rd Floor, Howrah, Kolkata, WB	India
S3-40398913	-- Mirairi	Baltic Pass, Village Of Lac La Belle, Wisconsin	US
S3-916379142	Halcyon	5314 Casa Grande Dr, Topock, Arizona	US
S3-546457242	Dot Martinez, O.D., LLC	##15 Hasbrouck Drive, West Haverstraw, New York	US
S3-455995694	Swastik	D- 4/65, Nishan Towers Opp Apmc, Baikampady, Managalore, Karnataka	India
S3-456154048	ग्लोबल टेक्नोलॉजी प्राइवेट लिमिटेड	#24 Ka 2 Lal Kothi Yojana, Jaipur, RJ	India
S3-200788913	Engineering Okhla Developers Private (Limited)	Mahesana, L-102, Ahmedabad, Eden Tower, Godrej Garden City, B/h. Nirma University, Off. S.g. Highway, GJ	India
S3-878924587	Abreu Blue H0me Improvements,	Hasbrouck Dr, Garnerville, New York	US
S3-853852286	Kelosynecto	Kharavad Plot, Rajkot, GJ	India
S3-947104236	Public BF Steels Limited	17/426, Dhule, KL	India
S3-383559719	Crestline Developments	09023 Mclellan Rd, Glendale, Arizona	US
S3-651075056	Inc Dedyne Blackstone	367 Wells Road, Greenville, Kentucky	US
S3-236111634	*** Silver Riatil Company Holdings	12649 Marquette Avenue, Chicago, Illinois	US
S3-436132527	Baptist Center	3806 Dockside Dr, Rowlett, Texas	US
S3-792529557	Mountain Custom Urban  Inc	926 71st St Northeast, Cedar Rapids, Iowa	US
S3-479243359	Smith, Ashia, L.C.S.W. [P.C.]	# APT C, Indiana, Indianapolis, 6008-6012 Sorbus Dr	US
S3-200534145	Wasserman Jones &	6630 Norfolk Pl, Tulsa, Oklahoma	US
S3-306664908	TEAMSTERS LOCAL 657	##7925 Hudson Ave, Tulsa, Oklahoma	US
S3-225565607	Motion & Partners Ltd	887, Bangalore, KA	India
S3-924158204	Custom Consumer	643 Harvet Moon Dr, Venus, Texas	US
S3-543195130	APEX PLÁTINUM ANALYTICS LLC	17496 Uplander Street, Andover, Minnesota	US
S3-698669125	Byrd, Búchanan And Tinajero Tinajero	#6052 Robin Hill Road, Nashville, Tennessee	US
S3-496644660	Abigail Williams Banking Co	99 Randall Avenue, Freeport, New York	US
S3-473712597	Tech Cotton Public Limited	125-New-122/15/12, DL	India
S3-172580492	Anvil Service	3001 Kensington Pl, Shawnee, Oklahoma	US
S3-965938601	Great Anchor LLC	11B Woodland Street, Everett, # B, Massachusetts	US
S3-692610587	-- Education Project	4740 Lake Terrell Rd, Ferndale, Washington	US
S3-647949022	Harmony & Blmothres Enterprises Private-Limited	B-1-504, Shree Shalimar Mannat, Panchkula, Barabanki, UP	India
S3-685480024	Sree-Metal LLP	345, 1St Floor, Shradha Annex, Kingsway, Nagpur, MH	India
S3-663408512	Kalash Private  Engineering Limited	S - 40, Dadri, Gautam Bhuddha Nagar, UP	India
S3-209918859	Veraaria	529D/164/Ff-10, Sun Tower Kanchana Vihari Marg, Kalyanpur, Lucknow, UP	India
S3-658285294	silvervistaass0c.com	New York, 01553 Empire Blvd, Unit Unit 29, Webster	US
S3-741971330	Prakriti India (India) Pvt.-Ltd.	Coimbatore, #196/18 &19 Ist Floor Aiswarya Commercial Center R S Puram, TN, Coimbatore	India
S3-958355157	Draper Redwood Of	#1096 Simonds Road, Williamstwn CITY, Massachusetts	US
S3-542881796	Jaxevo Formerly Mccoy Strategies Inc	2457 Wehrle Drive, Unit Suite 2, Amherst, NY	US
S3-638360327	Morado Inc Pediatrics	225 Westchester Ave, # Suite 220, Port Chester, New York	US
S3-602718676	Moradabad Services  Limited	C/o Shah Alam Kathghar, Beech Kumharo Wali Gali, Moradabad, UP	India
S3-811718513	Flint.Com	3123 1/2 Broad Street, Richmond City, Virginia	US
S3-272846089	Kara Robertson, M. MD	Transit Line Road, Springville, New York	US
S3-52742000	(I) N LLC Evans Hospitality	Ohio, 5162-5166 Stonehurst Drive, Brunswick Hills Town	US
S3-575506249	silver management private limited	G-15, Opp Parimal Garden, Ahmedabad Hq Region, Ahmedabad, GJ	India
S3-71794421	Livewire Téchnology Prívate Limited	25 Mandiya Jatan Dak Wali Gali, Hapur, Ghaziabad, UP	India
S3-329130781	Sun Insure Overseas Limited	RJ, Jaipur, D-264	India
S3-920004718	Deia  Biotech	6022 Greenpark Manor Ln, Houston, Texas	US
S3-56161588	Select	308 7th Street, Alton, IA	US
S3-856682429	Ondot Auto Associates Pvt Ltd	25 Trithbhumi-2, Village Bakrol Bujrang, Dascroi, Ahmedabad, ગુજરાત	India
S3-471339326	Behavioral Health Trusted Cse Associates LLC	606 Clearview Drive, Vinton Town, Virginia	US
S3-791803435	Reyna, Elke Generation LLC	3470 Old Wood Trl, Racine, Wisconsin	US
S3-89660085	Zetaonyx Gen	New York, Oyster Bay, #720 Main Street	US
S3-237065288	Great Association	12- Endora Dr, Baldwinsville, New York	US
S3-999506754	Jaquelyn R. Lopez, DD5 L.L.C.	Jordanville Road, Richfield Springs, New York	US
S3-208829383	New Delhi Interiors Care Limited	B-123 Main Streetshakarpur, New Delhi, East Delhi, दिल्ली	India
S3-979898876	Pasion, Corp And Joseph  Fisheries May	1766 Brown Road, PO Box 7046, Columbus, Ohio	US
S3-171244661	jarloraplanet.com	02101 Bagdad Road, Cedar Park, Texas	US
S3-994017958	Chryste Enbridge Zapata	8439 74st Place, Marysville, Washington	US
S3-808489366	India Topman Foundation Pvt.  Ltd.	Block C-#962 Wework Raheja Woods, Cntrl Avenue, Kalyani Ngr, Pune City, Pune, MH	India
S3-910241793	74/30 Synchrony Ltd	95C Dudley Brook Road, Saint Albans, Maine	US
S3-906919658	Mr Supersonic Tracom (Pvt.)	Sp 5 Riico Industrial, Area Mansarovar, Jaipur, RJ	India
S3-330656133	Shri Edu Management Public Limited	Off. No. 15, Gangadhar Chamber, 314, Narayan Peth, Munjobha Bol, Pune, MH	India
S3-816216784	The Tea Platinum Cms L.L.C.	002701 Finch Street, Silver Spring, Maryland	US
S3-82822314	PD Designs L.L.P.	Sr No #57/1Babasaheb Nagar, More Wasti Pune, Pune, Manjari, MH	India
S3-998749983	H0using  Council Corp	7897 Flager Circle, Prince William County, Virginia	US
S3-400582732	Delta Índigo Holdings	0011417 Nisqually Park Loop, PO Box 9493, Olympia, Washington	US
S3-39699281	Rey and Odonnell Inc Services	365 North Road, Mobile, Alabama	US
S3-712561096	Atlas L.L.C.	0202 175, Hayesville, North Carolina	US
S3-956792522	Toia Mountain Parts	72 Mount Vernon St, Unit 8, Boston, Massachusetts	US
S3-117927708	nestle institute of technology lp	2755-2759 Belvedere Rd, Unit 2755, Levelland, Texas	US
S3-442401335	Sterling Value Inflection [Inc]	Indiana, 408 Hunters Green Ct, Indianapolis	US
S3-875055849	Dream Developers Limited Private	C/obhano Devi, Purandarpur, Bharat Lal Tent Road, Phulwari, Patna, बिहार	India
S3-662473048	Foods East Pharmaceuticals Limited Private	A-9, N/A, Hyderabad, Andhra Pradesh	India
S3-38134376	Coblatl	2501 Sunset Drive, City Of Beloit, Wisconsin	US
S3-854887663	Mr állmarketing.com	302 2Nd Floor, Bhera Enclave, Paschim Vihar, New Delhi, West Delhi, DL	India
S3-181734254	acemanagement.com	B-xix-220, Ludhiana, ਪੰਜਾਬ	India
S3-998511460	Bharat Universal Software Pvt		India
S3-182099969	Anny Macy Áeon Corp.	120 Hooper Cemetery Rd, Cuberland GAP, Tennessee	US
S3-886968263	Milos, Darby and Cooper P.L.L.C.	200 Linden Ave, # UNIT 17N, Rialto, California	US
S3-25022849	Rajyog Tea Private Límited	26/A Old, Industrial Estate Jagatpur, Cuttack, OD	India
S3-208639619	Larsen, Gle, DPM, M.D., P.C. Inc	12526 Marchmont Ct, Vicctorville, California	US
S3-424622028	Bnt  Advisors	84A A.j.c. Bose Rd, Kolkata, Kolkata, Pune, WB	India
S3-846141516	C0ntinental Sheppard Barclays	3618- 66th St, Birmingham, Alabama	US
S3-26196282	Private Green Infra Ltd	Bhaiyasaheb Ambedkar Naga, R, Ot Section, Kalyan, Thane, MH	India
S3-380472138	Martin Endocrinology Valley LP #20145	14140 Pleasant Prairie Rd, Spokane, Washington	US
S3-528892117	Olanon Stock	322 Schroeder St, Baltimore, Maryland	US
S3-715195589	Uptown Tavern	1768 Elm Street, Fairfield, California	US
S3-319262619	Shri ramanand nursing home	Door No 18/94S &18/94R Pattamana, Ernakulam, Keralam	India
S3-78323799	Campos, Tysinger & Clanton Group	Bloomington, Indiana, 3125 Diana Ct	US
S3-20978267	Lin Evo1ution Summit	New York, Bronx, 1455 Crosby Avenue	US
S3-279978205	Lakshmi Baba Pvt Ltd Services	#18 12Th Road Circle, Jodhpur, राजस्थान	India
S3-421195840	neal automotive partners	2763 1900, Carthage, Illinois	US
S3-378761699	West Strategic Wireless, Partners Co	345 Renee Avenue, Umatilla, Oregon	US
S3-879674866	Empire (Sbcdty)	8263-8267 Harcourt Road, # APT 239, Indianapolis, Indiana	US
S3-750518079	pacificbitcoin.com	Mason Knoll Road, Saint Louis, Missouri	US
S3-981847101	Bay Precision Proshares  LLC	1 Barnstable Rd, Peabody, Massachusetts	US
S3-366986772	Pioneer	Pushpak-22, Mitra Niwas Road, Ratlam, Madhya Pradesh	India
S3-312517056	Patni Overseas Services	Bangalore, Cita Building. 1St Floor, 7Th Block, Koramangala, 429, KA, Bangalore South	India
S3-654884040	Uppal Consultants	D-42, New Delhi, South Delhi, दिल्ली	India
S3-608509462	Dental Partners	342 Yankee Lane, Mead, Washington	US
S3-320883638	Planet	133 Weaver Wagner Lane, Lexington, NC	US
S3-145592954	Mount-Methodist Church Corp	503 East Saint, Teexarkana, Arkansas	US
S3-45068894	Shri Jamnagar Éducational Society Group	8/6 Chhoti Gwal Tloi, Indore Poleï¿½noï¿½ims/17/6, Indore, MP	India
S3-324849460	GT TRICHUR PRIVATE LIMITED	Fa-229b, New Delhi, DL	India
S3-975738535	Kestelle Immersion Llc	Bittersweet Road, Granger Township, Indiana	US
S3-83343433	अरिहंत प्रॉपर्टीज प्राइवेट लिमिटेड	MH, #4, Mumbai	India
S3-335125648	West PC Fortress	Kansas, 525 Emmett Street, Topeka	US
S3-980478653	Seaview Farm Limited Center	N 302, Palm Drive Appartments, Sector-66, Gurgaon, हरियाणा	India
S3-36142887	Surat City Creaters Private	Plot 39 Shop 3005, Surat, Surat City, GJ	India
S3-46933733	ಗುಡ್ ಫುಡ್ಸ್ ಲಿಮಿಟೆಡ್	No #44, 1St Floor, Mountain Road 1St Block East, Jayanagar, Bangalore, KA	India
S3-452630986	Hartley Dirmatihno Atlantic Wintergreen LLC	27 Fish Hatchery Ct, Dubois, Wyoming	US
S3-749045622	Rogers'S Inc Partners	110 Gee Rd, Mecklenburg County, Virginia	US
S3-417161334	Fluxquo D.B.A. Grice Elite Australia LLC	32 Broadway Gardens, Nitro, WV	US
S3-498767088	unistar india pvt. ltd.	BR, Patna, Phulwari, C/o Md Hamid	India
S3-626806149	dentalpartnerscom (ID: 45177)	Yankee Ln, Mead, Washington	US
S3-925348403	The Síex Drugs	#220 State Street, Bridgeport, Illinois	US
S3-442326482	Cozy Nai1s! PLLC	13977 East Road, Lake Park, Minnesota	US
S3-878180158	Kailashnath Center Enterprises Center	DL, 5Th Floor, Gditl Northex Tower Plot No. A-09, Netaji Subhash Place, Pit, Delhi, Ampura, E-505-a	India
S3-229458284	Kesari  Ventures	A/p G.no. 427, Pune, Indapur, MH	India
S3-907660727	Banerjee  Technologies Pvt Ltd Services	482 37/2, Pune, MH	India
S3-636421228	Korquo Metropolitan Flex LLC	1178 Road St, Elizabeth City, North Carolina	US
S3-563157578	Infrastructure	Vi/565Vrindavanam Nellaya P O, Palakkad, Thrissur, Kerala	India
S3-812256543	Department Of Parks And Recreation Co	680 Burke Road, Hobbsville, North Carolina	US
S3-330026352	Xylobrixfaye	113 Rocky Top Dr, Watauga, Tennessee	US
S3-576049054	Bryant Unified Cayson Group	2419 River Road, Murfreesboro, Tennessee	US
S3-296444583	Solstice LLC	1127 Adams Avenue, Evansville, Indiana	US
S3-356392291	Martinez, Jessee & Oviedo LLC	41-41 60 St, Woodside, New York	US
S3-936302297	New-Delhi Systems Private (Limited)		India
S3-762963405	Group Supreme Software Group	142 75, Stillwater, New York	US
S3-510761050	Corp BTB Guef Procap	Plymouth Rd, Stamford, Connecticut	US
S3-828881940	Morganne M.D. Jones,	4006 1/2 Arlington Circle, Phoenix, Arizona	US
S3-866482108	Green Property Labrtoois	141-C Debbie Saint, Longgview, Washington	US
S3-383770027	PREMIER PRO	11 Norton Glen Rd, Unit 61, Nrton, Massachusetts	US
S3-100204820	Caldola Archimedes Inc.	77 Lexington Street, Lawrence, Massachusetts	US
S3-919117956	Tirumalagiri Chemicals Limited	No 5-08, Block I, Sri Lakshmi Subham Arcade, Tirumalagiri, Hyderabad, TG	India
S3-589965667	Preferred Agricultural  Works North	3212 Warpath Dr, Crossville, Tennessee	US
S3-130775301	रॉयल फ्यूचर कंसल्टेंसी लिमिटेड	Bhilwara, Flat No. 604, RJ, Bhilwara	India
S3-332718954	Regional Pédíatrics	112 Crittenden Rd, NULL, Deltaville, Virginia	US
S3-346286357	Big  Tavern Service	Riverside Drive, Fl 0, Pasadena, Maryland	US
S3-956972725	Big  Tavem	514 Riverside Drive, Fl. 0, Pasadena, Maryland	US
S3-920894117	Real Infoteh  Private Limited	0353 Kamaraj Roadtirupur Coimbatore Dist, Tiruppur Dist, Coimbatore, TN	India
S3-592262902	Jay Business (Private)	बिहार, Patna, C/o Raj Kumari Devi W/o Anup Raj Yadav Mohanpur	India
S3-11752980	Let0urneau Neurosciences	9993- Alleghany Road, Unit Site 1067, Darien, New York	US
S3-727521511	A  Ace	Desert Mountain Dr, San Tan Valley, Arizona	US
S3-750476492	Public BV Resources Limited	75 C/o-krishan Kumar Bidawatka Heera Jewellers, Sikar, RJ	India
S3-368573340	Miller, Thorpe  &	Kentucky, 144 River Street, Coldiron	US
S3-675593874	Reliable Colonial Avalanche	Washington, Olympia, Fl 1, 3519 Van Epps St	US
S3-361187653	Dermatology Medicine of Sharon Uptown LLC	23 Caray Hill Road, Sharon, Connecticut	US
S3-346822958	Sun Hospitality Private	उत्तर प्रदेश, Plot No.- 51 Khasra No.- 998, Lucknow, Vill Kamla Bad Barauli, Bkt, Lucknow	India
S3-424086065	bfintrade.com	Chester 1203, Pune Region, MH	India
S3-994780814	broomesteinerleal.com	4506 Bowen Rd, Washington, District of Columbia	US
S3-143637527	Lumlum Féderation	2927 Wimberly Street, PO Box 1611, Houston, Texas	US
S3-958824465	Calolumio a/k/a Upper Colonial British Partners	35 Julio Drive, Unit 304, Shrewsbury, MA	US
S3-622431512	North Trading Private Limited Center	Fl D2 1123 Sobha Ivory, Sn19/1a 19/16 Kondhwa Bk, Pune City, Pune, MH	India
S3-791838826	BRL (Sraota,-LLC)	8235 River Rd, Wilmington, North Carolina	US
S3-699040809	Sorg Inc-Healthy		US
S3-649638197	sanfilipp0 preparatory academy group	1550 1451, Dublin, Texas	US
S3-770184671	Goar Stóne LLC	2105 Wood Ridge Cove, Cedar Park, Texas	US
S3-638304448	Elite Prihtng Company Harbor	3436 Blessing Cir, # Apt 119, Fayetteville, Arkansas	US
S3-336138548	Private Indrayani Innovations Limited	No 48 Entire Ground Floor, M-10 Block M, Lajpat Nagar, New Delhi, South Delhi, DL	India
S3-121629380	Prime Colonial Hair Studio LP - 2132733312	5855. 600, Shipshewana, Indiana	US
S3-505045156	HEARTLAND GOLDMAN	704 Carolina St, Hoxie, Arkansas	US
S3-90647349	24HR-Fitness Inc	Utah, Vernal, # 29, 1621 300	US
S3-694981172	AZ0 [Developers]	C/o Asit Singha Vill. Dulal Jote, Kharibari, Darjeeling, WB	India
S3-180757200	Sears	Office No. 310, 3Rd Floor, Siddharaj Zavod, Sargasan, Gandhinagar, Gandhinagar, Gandhi Nagar, Gujarat	India
S3-679221494	Nashville Historical  Council	226 Dellrose Drive, PMB 461, Nashville, Tennessee	US
S3-316895739	Smart Financial Solutions  Holdings	1477 Belvedere Dr, Beaumont, Texas	US
S3-424918454	Shiva C0nsultants Private Limited	#611. Geetanjali Tower, Jaipur, RJ	India
S3-256390409	Máidtattoo.Com	3215 Grace Ln, Portland, Oregon	US
S3-443692748	Environmental	1910 69th Drive, Phoenix, AZ	US
S3-845108817	Supreme Education	0015 Langford Park, # Apartment Second, Saint Paul, Minnesota	US
S3-411261051	The Romero Group LLC	#878 Waldon Road, <NULL>, De Queen, Arkansas	US
S3-138659898	Advanced Electronics Brands	1187 Oregon Ave, Coluumbus, Ohio	US
S3-591853542	Perkins ówl Inc.	Texas, La Feria, 0033430 Fm 506	US
S3-170197415	Mikhail Motors Llc	12037 Timber Rd, Charlotte, North Carolina	US
S3-390557187	Black Brackett Metro  Towing	07190 Krista Ct, PO Box 6606, Fontana, California	US
S3-273716804	Neuron Private Limited Service	Hyderabad, 10-3-311/20, TG, Humayun Nagar	India
S3-763332794	Chiplun Memorial-Trust Group	Shop No-3, West Vinod Nagar, East Delhi, Delhi, B-46, दिल्ली	India
S3-431275023	Henry Pacific Horse	471 Delta Circle, Sheridan, Arkansas	US
S3-208102357	Karma Pharma Private	No D/21 C/o Amar Prasad, 397, Hc Nagar, Third House From Transformer, Patna, BR	India
S3-43899205	ಶ್ಯಾಮ್ ಎಂಟರ್‌ಪ್ರೈಸಸ್ ಪ್ರೈವೇಟ್ ಲಿಮಿಟೆಡ್	H.no 163, Ground Floor, Bhavaninagar Ullal Main Road, Mallathhalli, Yaswanthp, Ur, Bengaluru, Bangalore, ಕರ್ನಾಟಕ	India
S3-644841780	COBURN, WILLIAMS & STOVALL, INC		US
S3-733378266	Solutions Rajput	Manchanayakanahalli, Ramanagara, Plot No. 53 & 54, KA	India
S3-336030151	-- Eada Jiatokhes Lincoln Valley	##1750 Adams Ave, NULL, Tyrone, Pennsylvania	US
S3-317270059	Raab and Zuccaro Holdings	1841-1845 Dockwood Trail, Chesapeake City, Virginia	US
S3-965881273	The Lower Smith Co	123. Caleb Acres Ln, North Carolina, Smithfield	US
S3-738234877	Zetatavoyuma	3403 Whiston Ln, Edwardsville, Illinois	US
S3-216026221	Pvt International Vnlus Ltd	New Delhi, दिल्ली, New Delhi, No 2C & 2D	India
S3-5913767	Deltagild One	Sub Plot No. 6 60/61 Lati Bazar Gita Mandir Road, Ahmedabad, Gujarat	India
S3-874449375	Verrix Credit	1138 Alpine Dr, Port Orchard, Washington	US
S3-577591060	Jigar Educational Society Private Limited	H.no 55/3 Bhupen Bose Avenue, Kolkata, Arabinda Sarani, পশ্চিমবঙ্গ	India
S3-923055708	Carole Rodltey Colonial Prime LLC	320 Vanderbilt Pkwy, Huntington Statio CITY, New York	US
S3-856103361	Ostrander, Mala Solution Ltd	324 Cusseta Rd, Vally CITY, Alabama	US
S3-59699826	juniper inc Industries		US
S3-632529105	Tall Ngetbsrks LLC	303 Breckinridge Cir, Vine Grove, Kentucky	US
S3-610273510	Quoaria Sys f/k/a Had Garden Law Private Limited	Shop No. 5, Ist Floor, B Block, Central Market, Behind Canara Bank, Dils, Had Garden, Delhi	India
S3-908260333	ಜೈ ಪ್ರಾಪರ್ಟೀಸ್ ಲಿಮಿಟೆಡ್	No 56/4 Room No 32 Narayanappa Building Kogilu Main Road Maruthinagara Yelhanka, Bengaluru, Bangalore, ಕರ್ನಾಟಕ	India
S3-296562679	Advent International Limited	No A-23 C/o Shri Baliram Vithalrao Wadekar, Jamwadi, Jalna, MH	India
S3-397382535	Apex Media  Private Limited	127, Akkiyampatty, Namakkal, NULL, TN	India
S3-112155732	RK Stream Limited Center	Pune, MH, Office No.111	India
S3-57907853	Umbranexhalo d/b/a Trg (India) Software Corporation	Amritsar, Ff, Punjab, Shop No. 6A, Deendyal Upadhyay Market, Amritsar	India
S3-47314275	Regional Trust,	15541 Rolling Ridge Dr, Chino Hills, California	US
S3-665736113	PITTS CAL, LLC	6632 Kerns Road, Falls Church, Virginia	US
S3-901612072	The Blas & Cortez Cyber Group	7999 Marisol Dr, Hoston, Texas	US
S3-522465526	Nurture Polychem	E001202, KA, Banglore, Bangalore	India
S3-308398113	M/s Kalash Law Chambers [Ltd]	Kochi, 3-9/4167, KL, Ambady Lane Ravipuram	India
S3-70957306	Chantalle Carren0-Resilience Corp	#736 Meadows Dr, Floor 1, Andersen Springs, Arizona	US
S3-658873993	Hines Tungsten	22497 Us 224, Fostoria, Ohio	US
S3-951268820	Gildnovi DBA Sasoft Interests Inc	7176 234, Ladoga, IN	US
S3-751496688	h0nest infrastructures	No.126, 1St Floor, Saidulajab Extn, Opp. Saket, New Delhi, South Delhi, दिल्ली	India
S3-384516931	Shiv Investments Company	102, Phanse Avenue, 30-Patel Nagar Above Union Bank, Sapna Sangeeta Main Ro, Ad, Indore, MP	India
S3-370467486	Christy E. Guenther, DDS CPA, PC Harbor	001245 1360nd Ave, Oblog, Illinois	US
S3-645019369	Perfect Private Limited Center	F-124 Industrial Area Phase 8-B, Mohali, ਪੰਜਾਬ, Mohali	India
S3-103564473	Super Medical Centre  Co	Plot 913. 23/163A, KL, Ernakulam, Kalamassery	India
S3-668853114	Ferguson, Rudisill &  Sanchez Holdings Center	28 550, Neoga, Illinois	US
S3-976444008	Cognitive Tráding Pvt Ltd	H.no. 12-117, Huda Colony, Chanda Nagar, Andhra Pradesh, Tirumalagiri	India
S3-296167116	Dynamic Reliable Interprivate Co	606 Erwin St, Tyler, Texas	US
S3-687024378	Evoquo dba Caldera's Roofing	3021 Malone Street, Peoria, IL	US
S3-576409855	जैन प्रोड्यूसर प्राइवेट लिमिटेड	Jagat Plaza, Cp 03, 4Th Floor, Sec G, Lucknow Hq Region, Lucknow, UP	India
S3-193258018	XV India Ltd	Door No 6 Shastri Chowk, Wardha, MH	India
S3-319032026	Nellie's  Interstate Networks Center	##1256 Marquis Court, Fl. 1, ST. Louis, Missouri	US
S3-715615431	Inger Santiago Briacell L.L.C.	Stephenson Street, Marion, Indiana	US
S3-877739558	Canitfal Group P.C.	Kentucky, 993 Willow Springs Dr, Lyndon	US
S3-285310600	Mr Hitech H0spitality Limited Center	H.no 118/118/3 Cantt. Road, Lucknow, उत्तर प्रदेश	India
S3-910766189	Nagva Venus Ltd	Gound Floor, Sampatchak, Patna, BR	India
S3-851707515	Premier Producer Pvt Ltd	H.no 441 Flat No-i-279, Sonestaa Meadows Apts, Thubarahalli, Bangalore South, Bangalore, KA	India
S3-174674576	Brown Adr	Maplewood Court, Warrenville, Illinois	US
S3-966071880	SMITH, DEBI, P.A.	220 Mcnutt Rd, Sunland Park, New Mexico	US
S3-412802247	Bay Coastal Shmgoe	07003 Stone Inlet Dr, Fairfax County, Virginia	US
S3-302615559	rbrbrothers.com	C.s.t. No. 209, MH, Dyanesh Height, Office No. 3& 4 Near Shivaji Putala	India
S3-889577602	Noviex Coffee	2517 Trading Ford Drive, Waxhaw, North Carolina	US
S3-681792124	Vedant Investment [Private]	Scf 00104, 2Nd Floor Phase 3-B-2, Mohali, PB	India
S3-730152486	Tech Runa Plantations Private Ltd	Block B 1St/9 Floor, 10 Dr. Abani Dutta Road, Howrah, পশ্চিমবঙ্গ	India
S3-457967401	St George City Robinhood	5907 Golden Pheasnt Ct, Louisiana, Baton Rouge	US
S3-300711865	Global Restaurant,  LLC	1407a Julie Anna Drive, Kenai Peninsula Borough, Alaska	US
S3-983465200	Beacon Invesco	Wood River Trl, Prosper, Texas	US
S3-213559259	Dandy Petersen Inc	New York, 202 Floyd Ackert Rd, Esopus	US
S3-746231247	Thomas, Bonner Ramsey Corp Center	#9 Depot Place, Easton, Massachusetts	US
S3-362735026	Aditavi Private Limited Center	House No. M-51-a Batla House, South Delhi, New Delhi, DL	India
S3-260201368	Byrne All Galaxyedge Córp	Thomasville Drive, Atl, Georgia	US
S3-262579341	Memorial Coalition  II	Washington, 2041 Thirteenth Ave, Seattle	US
S3-72630784	PANCHVATI GROUP	Jhansi, UP, Jhansi, Muhalla Chandrapura, Badagaon, Badagaon (Rural), 00	India
S3-155751429	Pediatric Dentistry Group Of Lewiston, Partners LLC	25 Wood Street, Lewiston, Maine	US
S3-297346087	Ausatrdblai	14019 176th Street, Puyallup, Washington	US
S3-980954652	Ace  Services	12128 Granite Fall Trl, Frisco, Texas	US
S3-522523948	Children's Charities VI Corp	002125 Charity Road, Commerce, Texas	US
S3-194790586	milnerschoolmedicine.com	6491 Canyon Dr, Washington County, Virginia	US
S3-306385533	Calonex fka Parker Worldwide	325 Arborglen Drive, Brownsburg, IN	US
S3-980877971	Choice Mortgage Group	1844a Bass Loop, Colorado City, Texas	US
S3-839991811	बेस्ट कंसल्टिंग प्राइवेट लिमिटेड	H.no 2-80 A-27/12, Sirsa, Gurgaon, HR	India
S3-729580036	>> TE India Private	Hn 397 C/o Smt Anjanabai Dattatray Kalbho Pune Highway, Pune, Pune Nigadi, MH	India
S3-320700294	Jabalpur Farms Private Limited	20/22- Phoota Tal, Jabalpur, मध्य प्रदेश	India
S3-648162682	Unique Agro Pvt Limited	Delliwala House, Goshala Ke Pass Tonk Road Sanganer, Jaipur, RJ	India
S3-503790034	CHESSER BLUE CONSULTANTS	3441d 20, Harper, Oregon	US
S3-70983495	fox pediatrics inc	Alabama, Somerville, 72-76 Ransom Rd	US
S3-154132169	Ltd American Truist of Jefferson	413 2rd St, Jefferson, Oregon	US
S3-99625301	United Charter Schóol	15425 Haiku Road, Evansville, Indiana	US
S3-381889019	Halcyon Proem L.L.C.	1741 Dean Martin Drive, City Of El Paso, Texas	US
S3-599038195	Sullivan Aanhddolu LLC	Los Lunas, 15 Juniper Avenue, New Mexico	US
S3-395450251	Premier Cloud Partners LLC	838 Heritage Dr, Unit 2101, Provo CIYT, Utah	US
S3-454947703	Indiamssolar.Com	501, Morbi, GJ	India
S3-850200096	Enville Veterans Federation L.L.C.	20 Harwell Ln, Enville, Tennessee	US
S3-509891233	Jayshree Nést LLP	P. No. 53/54, Chhatrapati Sambhaji Nagar, Aurangabad, महाराष्ट्र	India
S3-751275263	Veracious Life Private (Ltd)	Xvi/#582, Aluva, Ernakulam, Keralam	India
S3-539492357	Clerissa Dwyer Frontier Mfa [Ltd]	20587 Qual Run Dr, Mayer, Arizona	US
S3-783206369	-- Katrinka Hhehn Offshore Lakeside LLC	19269 Varner Way, Bend, Oregon	US
S3-494236298	Abs Staffing of <CITY_MNAE>	No 15/5 Navarang Plaza Tingre Nagar Airport Road Vishrantwadi Pune, Pune, MH	India
S3-641079624	learninglane.com	Bethany Dr, Stedman, North Carolina	US
S3-162666733	Gump Ágnc, LLC		US
S3-472293715	Velsoft Companies Incorporated	Virginia, 3106 Poinsetta Dr, Chesterfield County	US
S3-93947627	temple catholic church	12981 Oakwood Avenue, Uniontown CITY, Ohio	US
S3-533334072	Pyraumbraarc Labs doing business as Hub Memorial Trust	A 77, Nemi Nagar, Near Asal Durg Indane Gas Gandhi Path, Vaishali Nagar, Jaipur, Rajasthan	India
S3-756067570	Nagod Systéms Pvt. Limited	MP, No 104 C/o Ran Bahadur Singh, Satna, Nagod	India
S3-583529535	Arpit Business LLP	209, Mumbai, MH	India
S3-288459392	Private Gurgaon Exports Ltd	Unit No. 15004 Emaar, Palm Square Sector 66, Gurgaon, HR	India
S3-180586353	Modern Research lnnovations  Group	308 Amber Street, Huntsville, Arkansas	US
S3-68237486	Redwing  Center Private	K 43 B Kalkaji, New Delhi, South Delhi, DL	India
S3-803013209	Malwa Developers Pvt Ltd	C-40, Mumbai, Mumbai (SUBURBAN), महाराष्ट्र	India
S3-781311619	Private Enlite (India) Products Ltd	No 12/29, Plotno.14/1b, Ranjith Road, Chennai, Chennai City Corporation, TN	India
S3-766248955	Fashion, Eleonore Greene	18191 S North, Town Of Colburn, Wisconsin	US
S3-771343391	Quokor  Partners	5016 33rd Ave, Lemon Hill, California	US
S3-303362540	bb sahib group	East Champaran, C/o Om Prakash Thakur, Vill Hardia Tola Majuraha, बिहार, Motihari	India
S3-547639613	Orthopedic Care Co Center	181 Amherst Cir, Oswego, Illinois	US
S3-475372592	Services Focus India Ventures (Ltd)	Huse No. D/1559/e/a/36, Wanjare Layout, Middle Ring Rdbehind Automotive Showroom, Nagpur, MH	India
S3-751154804	Happy Pilates Holdings	2524 Valleydale Rd, # STE 201, Birmingham, Alabama	US
S3-470839242	Goshen Pediatric Dental Care Associates Corp - 6063211593	1 Hampton Hills Drive, Goshen, New York	US
S3-52215282	Chartier, Mckelvy and Morgan Holdings	7044 Valley Drive, Newland, North Carolina	US
S3-150713834	Superior LLC Altenergy	13 W, <NULL>, Town Of Pleasant Valley, Wisconsin	US
S3-123335392	Gloriane Morales Occupational Therapy	11 Clay Street, Adams, New York	US
S3-626302593	Super Consulting Private	KA, H.no C-2, Bangalore, Bengaluru	India
S3-188657047	AJ  Treasury	001413 13th Avenue, Bessemer, Alabama	US
S3-142952200	Willow Partners Corp	4001 Fifth St, PT. Aarthur, Texas	US
S3-935095891	Holdings Armbruster Safeguard	2715. Abbott Ave, Alamogordo, New Mexico	US
S3-553018477	Clyola Neuberger	21 Elm Lane, Westerlo, New York	US
S3-724383897	D J + M Inc. Center	Tigard, 14678 Peak Ct, Oregon	US
S3-753470309	easterncolonialalpine.com	09713 Main St, Remsen, New York	US
S3-695708916	Zeus Mnangethent Private (Limited)	B-30, Gurgaon, हरियाणा	India
S3-900182732	Pacific Medical LLC	4206 Virginia Ave, Phoenix, Arizona	US
S3-255205150	Smith, Lopez And Mendoza	Brentford Ave, Thousand Oaks, California	US
S3-147059722	Nagpur Advertisement Private Ltd	#16, Nagpur, MH	India
S3-68999863	... Deep Propmart	A/21, Shivshakti Chs Ltd., Indira Nagar, Opp. Madhuvan Society, J.p. Road, Andher, I (West), Mumbai, Mumbai City, महाराष्ट्र	India
S3-135950522	#earnose	1562 Dupont Ave, Salt Lake City, Utah	US
S3-69146257	Delta Fellowship	#814 Circle Drive, Terrell, Texas	US
S3-854911522	Corp Respress And Moreno	934 Mulkey St, Fort Worth, Texas	US
S3-645096518	Pioneer Medicals Private Limited [Service]	36F, 4Th Cross Street, Mgr Nagar, Thiruvallur, Tiruvallur, TN	India
S3-306876989	894-895 South Owners Corp #77321	945-949 Main St, # 304, Manchester, Connecticut	US
S3-91653734	SS	H. No. 902, Wakad Wadi, Janvali Ta-Kankavali, Sindhudurg, Maharashtra	India
S3-293409598	Sri Famous & Brothers Holdings  Center	0038, Calcutta, Howrah, WB	India
S3-125936517	Lee Mitsubishi	150 Old Liverpool Road, Unit Apartment 403, Salina, NY	US
S3-617945748	Xyloorbiumbra dba Vision Group	1716 Janice Lane, Garden City, KS	US
S3-555757713	Shafer and Crouse Valley	211 Cove Dr, Greenbaack, Tennessee	US
S3-316582310	Division  of Labor	1818 45th Street, Temple, Texas	US
S3-309747741	Koronyx DBA Scientific Bajar Pvt Ltd	C/O Bhagwandeen Verma Behind St Johns School Punjabi Colony Gola, Lmp, Lakhimpur Kheri, Kheri, Uttar Pradesh	India
S3-870150585	Redwing Center Prívate Ltd	K 43 B Kalkai, New Delhi, South Delhi, DL	India
S3-351688064	Winningham Píedmont Realty	New York, Fl Floor 2, Buffalo, 34- Wellington Ct	US
S3-55402771	Award Consultancy Private (Limited)	#316/1A1 Kappan (H), Padapparambu, Tirurangadi, Malapuram, Malappuram, Keralam	India
S3-327661303	James Keystone Lng (Corp)	Kentucky, Unit 411, Louisville, 711 E Mtin Saint	US
S3-729717147	FAMILY MEDICINE ASSOCIATES	769. Rocky Hollow Trl, PMB 2259, Clover, South Carolina	US
S3-649244577	Advanced  Packaging Partners LLC	2 Brentwood Pl, Shawnee, Oklahoma	US
S3-254932605	A Cure 6	9803 Fonville Dr, Houston, Texas	US
S3-326826072	Ace इंफ्रा Private Limited	30, Pipliya Rao Indrapuri, Ab Road, Indore, MP	India
S3-504950011	Vision Construction	C/o Late Suddin Sekh, Malda, পশ্চিমবঙ্গ	India
S3-341494805	Best Frontier Obic Co	California, 910 Newgate Way, Dixon	US
S3-673458654	Robinson Crystal Origin Co	#7212 Creekview Dr, Cincinnati, Ohio	US
S3-464746520	Anderson Lending  LLC	Georgetown, 506-508 Deer Meadow Cir, Texas	US
S3-110100224	Express Modern	#458 Flowing Springs Dr, Flowing Springs, NULL, Arizona	US
S3-907567944	stefakaufmanliberty.com	2135 64, Asheboro, North Carolina	US
S3-129465013	Turbhe-Navi Mumbai Foundation Limited Center		India
S3-307133149	Onyx Indigo  Southside Inc	Unit A, Hennrico, 9108 Derbyshire Rd, Virginia	US
S3-598348652	ॐ कंसल्टेंट्स प्राइवेट लिमिटेड	MH, Thane, 9Th Floor, Ashar It Park, 16Z, Wagle Industrial Estate, Office No. A1 & B1, Thane	India
S3-950188607	Achyut Church Prviret Limited	533, Pati Faliya, Village Padamdungari, Vyara, Tapi, GJ	India
S3-392452983	Chiropractic Keystone Associates Group	11417 1/2 Mactavish Heights, Fairfax County, Virginia	US
S3-794523327	Chiropractic Health  L.L.C.	2560-2562 Coyote Dr, Tucson, Arizona	US
S3-430099621	Board of Buildings	20921 104nd Place, Kent, Washington	US
S3-600973282	Real-Prdocur Private Limited	No 01A Lake Town B Block, Kolkata, South 24 Parganas, পশ্চিমবঙ্গ	India
S3-33459694	GS Pvt Infratech Buildcraft Ltd	No 17. Tugalpur Greater Noida, Gautam Buddha Nagar, Gautam Bhuddha Nagar, UP	India
S3-325382850	Lakshmi Consultants Private Ltd	A-301, MH, New Sai Dham Chsl, Ramdev Park Road, Thane	India
S3-700348625	Maid-Nails (Corp)	514 Ballas Trails Dr, Fl 0, St Louis, Missouri	US
S3-739690711	Value Ámerican	1094 291th Ave, Liberty, Iowa	US
S3-841951225	Pacific Allstate	23201 Holycross Epps Rd, Bldg 13259, Allen Twp, Ohio	US
S3-803399327	Mng Tea Piivate Limited	3/145, Rajagiri Road, Kalamassery Muncipality, Kanayannur, Ernakulam, KL	India
S3-946877808	Dream Limited Center	No51 R.k.mutt Road, Mylapore, Chennai Hennai, Hennai, Chennai, TN	India
S3-368639553	Korrizacira	H.no 206, 2Nd Floor, Apoorva Mea, Sampigehalli, Bangalore North, Bangalore, ಕರ್ನಾಟಕ	India
S3-359258999	LK Services Limited Center	T C 6/2116 6 Rose Enclavestatue Road Tvm General P O, Thiruvananthapuram, Trivandrum, KL	India
S3-990584154	Lelina Itndusrties Group	5025 Winters Ln, Newport Ky, Kentucky	US
S3-787058082	Energy Samrudh Builders	1214 Galaxy Diamond Plaza, Gautam Buddha Nagar, Noida, UP	India
S3-8226937	Shri Laxmi Projects	Lgf 55 Block K, Sector 18, Ansal Fortune Arcade, Gautam Buddha Nagar, Noida, UP	India
S3-80631249	वन प्रोजेक्ट्स ट्रेडिंग प्राइवेट लिमिटेड	50 Also Building B/h Kd Tyre Nh Main Road Sukher Industrial Area, Udaipur, RJ	India
S3-806595579	Piedmont (Ellington)	Houston, ##8603 Heather Bluff Ct, Texas	US
S3-941359584	Crystal Rithm Incorporated	26990 621 Place, Grove, Oklahoma	US
S3-762701337	Yost Cofield and Northwest	703 Parkside Dr, NULL, Newport News, Virginia	US
S3-844012435	M/s lotustechnologies.com	M/s Panada Engg. Works, Rly Goodshed, Brahmapur Sadar, Ganjam, OD	India
S3-75812204	Group LJA Crystal Hospital	Oakland, 52 Hickory Lake Road, Tennessee	US
S3-100206157	Womens Haelh Coastal Associates LLC	2667-B Sunset Boulevard, PMB 4091, Seaside, Oregon	US
S3-665978681	Stewart Tower [Center]		US
S3-49493691	Ceballos-Blue News (Partners)	1131-B Hearn Rd, Phoenix, Arizona	US
S3-892517932	రాయల్ ట్రేడింగ్ ప్రైవేట్ లిమిటెడ్	10-1-33 Main Road, Fatehnagar, Hyderabad, తెలంగాణ	India
S3-153202624	Cornell Platinum Permian	Houston, 9306 Crestview Dr, Texas	US
S3-47722472	Services Baba LLP	Kaurav Sadan, Infront Of Om Sai Parishar, Kranti Chowk, Agyram Colony, Vidisha, C/o Ravindra Singh Kaurav, MP, Vidisha	India
S3-10252194	DSI Resource Greater Llc	16 132nd St, Knsas City, Missouri	US
S3-649403553	Eastern Tech Private Limited Center		India
S3-996478162	4987 Church		US
S3-252986	Urology Médicine LLC	208 Fulton St, Poughkeepsie, New York	US
S3-664557648	Center RET Ltd	Chandrarang Senerity, Pune, Pune City, MH	India
S3-545102627	First Isnvestmehnts Limited	505A, Azamshah Layout, Sakkardara Chowk, Nagpur, महाराष्ट्र	India
S3-12179249	Leavitt, Bryant & Reyes Shanghai [South]	378 Oak Street, Menasha CPD, Wisconsin	US
S3-110851703	Mattis Center Medical	Evert Dr, Dotahn CDP, Alabama	US
S3-489068514	Paola Moiuon, MD	3466 Daisy Avenue, Akron, Ohio	US
S3-980436581	Juliette Old Loren	02814 Glover Rd, Durham, North Carolina	US
S3-262384901	Bsi Energy Pvt Ltd.	C-406, 1-2-608, 609 To 610, Lwr Tank Bund, Kavadiguda, Secunderabad, N/A, TG	India
S3-174510604	Chandkheda  Igdcia Limited	B/1, Nirmit Bunglows, New C.g.road, Chandkheda, Ahmedabad, GJ	India
S3-112532688	Verazeph formerly: Elysee Rodriguez Rate	1232 5th Avenue, Yuma, AZ	US
S3-904629457	spring lovell associates	6123 Thompson Street, Portland, Oregon	US
S3-96795992	UTM Inc Gravity	22- Quigley Ave, <NULL>, NC Helmsford, Massachusetts	US
S3-189689283	DEK Hóvnanian	13420 Featherstone Drive, Saint Louis, Missouri	US
S3-69088599	CROSSWORD (INDIA) AGRICULTURE	34/4, 5Th Cross, Lakshmi Road, Shantinagar, Bangalore, KA	India
S3-59137495	4-Brothers [Inc]	Huntsville, Alabama, 2700 Cullom Blvd	US
S3-776493699	shawgiovannadds.com	570 Halsey Avenue, Buffaol, Minnesota	US
S3-230301627	Dr Hari LLP Center	80, Pearl Best Heights-i, Nsp, Pitampura, Delhi, North West Delhi, DL	India
S3-958667889	31 Plaza Fifth Properties, Inc	North Dakota, 121 Main St, Golden Valley	US
S3-363480261	6eetha (India) Management Pvt [Ltd]	56A, MH, Mumbai, Mumbai City	India
S3-444812681	3301 Seventh Avenue Realty,  Inc	901 Purdy Road, Emporia, Virginia	US
S3-111749032	valeryspechtconsolidated.com	6525 Oklahoma Street, Tucson, Arizona	US
S3-424744377	कृष्ण एंटरप्राइजेज प्राइवेट लिमिटेड	Door No 00263/88 Krishna Nagar, Ghaziabad, उत्तर प्रदेश	India
S3-363793323	Hernandez, Ford & Scott Highland LLC	3299 Dale Avenue, PO Box 8739, Columbus, Ohio	US
S3-473757513	Baba Pvt Ltd Service	Door No 2411, First Floor Sec-46, Gurgaon, HR	India
S3-79155465	Premier First Storage Llc	0010825 Coogle Ln, Louisville, Kentucky	US
S3-891526384	Cavaliere  Bgtitconn	Oriole Drive, Mohave Valley, Arizona	US
S3-653021292	Corp. Chiropractic Great Group	412 Lawrence 333 Road, Strawberry, Arkansas	US
S3-854644248	Skyline Advisory  Private Ltd	Hfuse No. ##1184, Sector 5, Urban Estate, Kurukshetra, हरियाणा	India
S3-53293984	South Veterinary of Garland LLC Center	920 Mill Spring Dr, Garland, Texas	US
S3-932317925	Cozy  Pub	316 Thurston Ave, Unit Unit B34, Ithaca, New York	US
S3-566043045	আরবান সফটওয়্যার	13, Crooked Lane, Kolkata, Kolkata, Howrah, WB	India
S3-454980063	Orthopedic Partners óf Gilbert	Minnesota, Gilbert, #4717 Judd Road	US
S3-904533802	Kalinga Trading Enterprises L.L.P.	H. N. 00261, Madgi, Tumsar Madgi (Devhadi), Bhandara, महाराष्ट्र	India
S3-129082904	Rodi Youngblood (Partners)	201- Picea Dr, Austin, Texas	US
S3-624423961	Austin Grand Cénter	3705 Eton Ln, Austin, Texas	US
S3-274927598	Khairatabad  Chits Limited	6-3-596/69, Naveen Nagar, Khairatabad, Hyderabad, TG	India
S3-631498487	Chir0practic Heart1and Médicine (LLC)	1117 Main St, Unit 3, Medford, Oregon	US
S3-212070122	M/s Hs Coimbatore Limited Center	#51Sivasamy Road Ramnagar, Coimbatore, TN	India
S3-769806653	Back-Adiflely Barbershop	Maryland, 315 Springbrook Dr, Silver Spring	US
S3-595683439	Total Capital Alto	Maryland, Laurel, 014232 Oxford Dr	US
S3-534432126	SILVER ENGINEERING PRIVATE LIMITED	Riaz Garen, Old No. 12, New No 29, Kodambakkam High Road, Chennai, TN	India
S3-166862694	Wilson Dorris Hills, LLC Center	Folsom, California, 40 Dean Way, Unit APT A	US
S3-609656929	JYOTIBA ADHESIVES PRIVATE LIMITED	2, Dhanalakshmi Nagar, Moulivakkam, Kundrathur, Sriperumbudur, Kanchipuram, TN	India
S3-109002964	রেড গুজরাট লজিস্টিকস টেকনোলজিস প্রাইভেট লিমিটেড	20 Jagatroychandhury Road, North 24 Parganas, Calcutta, WB	India
S3-666850448	CAPITAL COMMITTEE CENTRAL	2780 Canterbury Cir, # A, Port Clinton, Ohio	US
S3-655860375	South Tech Public Limited	New Delhi, First Floor, Greater Kailash Part-ii, DL, South Delhi, E-55	India
S3-600446586	Gurgaon Hotels L.L.P.	6/9 2Nd Floor Dlf Phase I Gurgaon, Gurgaon, HR	India
S3-55984273	Aw Superior Rogers Llc	1991 Campbell Ave, # APT 12, Indianapolis, Indiana	US
S3-152220970	New Infravision Private Ltd	Plot 926 Raaj Chambers, Andheri (East), Mumbai, MH	India
S3-626069846	Rd &  Sons Praeiaev Limited	Sreesainilayam, Tmc Xix/584, Plathottam Taliparamba, Kannur, KL	India
S3-52758940	Precision & Brothers Infratech  Private	#0420 6/A, G.f. Sukhshine Complex, 8, Sunrise Park, Opp. Himalay Mall, Ahmadabad City, Raipur, GJ	India
S3-468823303	Wallace, M0rrison & Jackson	Tatiana Way, # 201, Delmar, Maryland	US
S3-733903773	Marvellous Mílls Pvt	Anolil Vadakkathil, Karunagappally, Kollam, കേരളം	India
S3-501004996	metropolitan highland farmers llc	1360 925, Medora, Indiana	US
S3-105954325	ગ્રેટ સૂર્ય કન્સલ્ટિંગ પ્રાઇવેટ લિમિટેડ	Door No 350 Kanchan, Rajkot, ગુજરાત	India
S3-988765793	BRIGHTYNS SELECT INC	211 Colonial Homes Drive, Atlanta, Georgia	US
S3-200726539	Mize  American Ltd	2952 Greentree Drive, Smyrna, Tennessee	US
S3-719222162	GREAT UNITED FIELDS PARTNERS PARTNERS	387 Delridge Way, Seattle, Washington	US
S3-557220531	KRITI EDUCATIONAL SOCIETY ENTERPRISES	I-322, Ghaziabad, UP	India
S3-397987055	Dayal (India)	D-454, North East Delhi, दिल्ली	India
S3-853309450	Optimal Certified Próduce	20 Riverside St, # G-2, Watertown, Massachusetts	US
S3-275415544	agnellajonesgolden.com	104 Doewood Lane, Greece, New York	US
S3-332219915	Behavioral Health Interstate Care Services	Rice Road, NULL, Specer, Ohio	US
S3-559387084	Horizon Welnlcs Partners LLC	Grove Street, # 12, Arlington, Massachusetts	US
S3-329870174	Johnson, Dorree D., [P.A.]	#105004 Hidden Valley Dr, Mcloud, Oklahoma	US
S3-725406481	Sweet Auto Body Partners Ltd	1155 Echo Road, Redding, California	US
S3-193845083	Shree Group Pvt Ltd Center	Gat No. 115, Tasgaon, MH	India
S3-788042948	Bogle Investments Llc	Charlotte, Unit D, North Carolina, 2211 Caronia Street	US
S3-673946136	Cardiology Medicine Partners	1419- Steele Street, Tacoma, Washington	US
S3-49154213	Dr Norma Law Chamenbrs Chamenbrs	No. 11 J-8/109, New Delhi, DL	India
S3-600818152	Urban It Bakery	D/8-2-293/k/113, Khairatabad, Hyderabad, TG	India
S3-60589242	Asset Building  Committee Co Commission	0016304 Henrici Road, Oregon City, Oregon	US
S3-646726988	Clean Payment Nctoworks PLLC	749 Match Point Dr, Floor 0, Arnold, Maryland	US
S3-70678834	New Delhi Hreitage LLP	Basement Plot No. 65, South West Delhi, दिल्ली, Sector 12 A, Dwarka, New Delhi	India
S3-585440709	Lucky Deli	20026 Mattingly Terrace, Gaithersburg, Maryland	US
S3-844451325	Superior Apparel	1618. Walnut Street, Atchison, Kansas	US
S3-473240785	sháktiventures.com #22867	No #170, Flat No.304, Sri Sai Meadows, Nizampet, Telangana, Hyderabad, TG	India
S3-722955597	Atlantic Safe  Indonesia Co	545 Flatbush Avenue, New York, Brooklyn	US
S3-709927429	privateinternationallife.com	Sidharth Colony Mangal Mandir Chembur Opp Dawre Plot Bhd Beggers Home, Mumbai (SUBURBAN), Mumbai City, महाराष्ट्र	India
S3-532157697	Legacy Logistics (Enterprises)	1312 O Avenue, Unit 3, Anacortes, Washington	US
S3-59250381	errico vertical	5015-B 234th Ln, Buckeye, Arizona	US
S3-172596129	Optimal Cloud Digital lnc	Windsor Drive, Elyria, Ohio	US
S3-81937983	silver consulting pvt ltd	8-10/41-42 Elango Nagar 2Nd Street, P N Road, TN, Tiruppur, Coimbatore	India
S3-289481789	Prairiechemical.Com	Lakeshore Road, Chelan, Washington	US
S3-275347506	Lilyan'S Software Corp.	2669 Sailor Lane, Bedford, Indiana	US
S3-932787744	Ariakeloio t/a Harris Sunrise Ltd	759 Montclair Drive, Unit APT 5, Claymont, DE	US
S3-328673495	Brixwex Sys t/a Spak Brothers	304/A, Shyamal Kunj 2, B/H Arya Shri, Opp Pentagon Appartment, Rajkot, Gujarat	India
S3-651086797	Datha Rule, DO Corporation	14300 Bell Rd, # 140, Surprise, Arizona	US
S3-765859129	Gilligan's Best	Atlanta, Georgia, 3393 Peachtree Rd	US
S3-854346042	LLC Sion Hafrrzibn Cloud	49 Field St, # 2, Massachusetts, Brockton	US
S3-780827967	Frontier Montessori [5echol]	1500-C Twelfth Ave, Unit 511, Nashville, Tennessee	US
S3-219464452	Estrada Sharpe Viii Inc	118 Broadway Ave, Saelm, Illinois	US
S3-402649359	Pankhuri  Shipping Limited	29 Cuddalore Road, Panruti, Cuddalore, TN	India
S3-741597377	Precision Engineering Associates Inc	Eureka Springs, 86 Lakeside Rd, Arkansas	US
S3-656756350	Mr Samridhi-(madras) Private Limited	G.k Arcade, No.125/1-18, 2Nd Floor, Mariyappa Road 1St Block, Jayanagar, Bangalore, Bangalore, KA	India
S3-245714978	Boiler Promotions [Limited]	Amritsar, C-43, PB	India
S3-4179446	VLJ  Bombay Ltd	Survey No. 2-0, Hyderabad, & 22; Ghanpur Village Medchal Mandal, TG	India
S3-15182788	NATIONAL TOTAL NEWHOLD LLC	3528 10rd Ave, Grand Forks, North Dakota	US
S3-389110422	Clyay Minerals Inc	667 Panorama Trl, Penfield, New York	US
S3-554814998	Chandraya Promoters Private Limited	Old No.16, Coimbatore, TN	India
S3-725179897	फर्स्ट कंसल्टिंग प्राइवेट लिमिटेड	Smt.vimla Devi Dharamarai Chak, Lakhisarai, Purani Bazar, BR	India
S3-131118568	Shri Apl Chit (India)	House No. 28, Sector 12, Panchkula, हरियाणा, Panchkula	India
S3-625402871	Verrent Hyperliquid	1283 North Ave, PMB 7272, New Rochelle, New York	US
S3-477463068	Pariwar Strategy	76/69 Diamond Harbour Road1St Floor, Kolkata, Calcutta, West Bengal	India
S3-568322754	Satya Ai Enterprises	20, Mayur Pankh Co. Op. H Society, Opp. Parul Flats, Satellite Road, Ahmedabad, GJ	India
S3-19833937	City Hospitality Private Ltd	H.no 68 2Nd Floor Lane No.2 Westend Marg Saidulajab, Newdelhi, South West Delhi, दिल्ली	India
S3-366783362	Artview Products Pvt Limited	18/247A Nala Moti Katra, UP, Moti Katra	India
S3-735230368	ब्राइट एंटरप्राइजेज प्राइवेट लिमिटेड	Laxmi Nagar, दिल्ली, No. 18 G-29 I.j. Complex, New Delhi	India
S3-881823658	5b  Limited Private Production	F.n.11, Sec-bad., Ghatkesar, TG	India
S3-17125433	Arcdova fka Harbor Federation	511 Cedar Street, Ottawa, KS	US
S3-371892289	Rocky Unified Réa1ty LLC	Washington, Lincoln Rd, # 207, District of Columbia	US
S3-219687018	Ariatavo	##6203 Mallet Rd, Bentonville, Arkansas	US
S3-839484742	whiteupson.com	9738 Rd 10-I, Ottawa, Ohio	US
S3-527740187	Concord Pediatric Dental	North Carolina, 1170 Biscayne Drive, Concord	US
S3-980313700	यूनिवर्सल पावर प्राइवेट लिमिटेड	South Delhi, 668, Sarita Vihar, DL	India
S3-461935430	M/s Ek Trading Holdings Private [Limited]	Aurangabad, 61 Bhokardandist Jalna, MH	India
S3-915546371	Bureau of	20421 Farm Pond Ln, Pflugervile, Texas	US
S3-713384856	Truesde1l, Felix & Beasley LLC	Oregon, 159th Drive, Portland	US
S3-854363024	Heart Negowrr, Inc	13436c Alcott Street, Victorville, California	US
S3-284383702	Cure Náils	22751  Hwy 33, Custre CITY CITY, Oklahoma	US
S3-841862576	ஃபர்ஸ்ட் Properties பிரைவேட் லிமிடெட்	50/3, Salam Bypass Road, Central Region Trichirapalli, Cuddalore, TN	India
S3-803062649	बाबा मार्केटिंग प्राइवेट लिमिटेड	B-309 Shivshakti Apartment Road No 9 Raghunath Nagar, Thane West, Thane, MH	India
S3-477999931	Wang, Marceau and	Woodduck Pt, Rehoboth Beach, Delaware	US
S3-973986166	Crystal Digital Hóldings	##3721 Stafford Place Boulevard, NULL, Winston-Salem, North Carolina	US
S3-276290304	Jackson Nuveen-lnc	1422 357 Street, Eastlake, Ohio	US
S3-154443275	Gonzalez Oceanhawk	9336 280th St, Kent, Washington	US
S3-814704082	Fluxdrex DBA: Gulmohar Chit of Shalimar Bagh	628-B, Shalimar Bagh, Pocket-Bh, New Delhi, Delhi	India
S3-847016909	Hotel International Pvt Ltd Center	Hn 64 Kanchenjunga 7Th Floor 18Barakhamba Road, Delhi, Central Delhi, DL	India
S3-483859435	Anp Materials Pvt  Ltd	Hn 570 House No.0075/1, At-belapur, Konkan Bhavan Sec-20, Belapur Gaon, Belapur, Navi Mumbai, Mumbai, Mumbai City, MH	India
S3-399443397	Sawhney Learning  Center	706 Melissa Dr, Oxford, Ohio	US
S3-595236646	Beloriza Sys F/K/A Uptown Tattoo LLC	6101 Jumano Lane, Austin, TX	US
S3-588413346	Desert Future  LP	489 Rascal Town Road, Loretto, Tennessee	US
S3-564493388	Shelton Dental Associates	#1501 North Avenue, Melrose Park, Illinois	US
S3-210848250	Kirbie'S Creative Transport	17200 Bell Road, # 1701, Surprise, Arizona	US
S3-496500136	SREE CONSULTANCY (INDUSTRIES)	Saidapet, Kanchipuram, 13 Rajiv Gandhi Salai Perungudi, TN, Block F-313 Room No 18 First Floor Esvin	India
S3-293347385	Eastern Crystal  Globa		US
S3-439288195	Family Silver Spécialists Midtown	#2678 Westmoreland Drive, # 15, Granite City, Illinois	US
S3-327130868	Harbor Solana,	#100 Lake Rd, Lake Katrine, New York	US
S3-897019038	saprivate.com	House No. ##1184, Sector 5, Kurukshetra, Urban Estate, हरियाणा	India
S3-844345400	Waiters Starling ((PLLC))	1810 Meadow Lark Cir, Lincoln, Nebraska	US
S3-205925323	RIDGELINE INTERACTIVE LLC	2214 Vermilion Street, Danville, Illinois	US
S3-721081849	Rimjhim Rimjhim Company Service	#204. Sreevilasom, NULL, Cherthala, Alappuzha, കേരളം	India
S3-546652758	Family Center LLC	5805 Indian Trace, PO Box 8276, City Of Madison, Wisconsin	US
S3-934665306	Alien (India) Cassettes Private Limited	Zone/ward No -019/46, Lashkar, Gwalior, मध्य प्रदेश	India
S3-247726965	Boston Urgent Care  Express Center Corporation	396 Broadway, Unit 5, Boston, Massachusetts	US
S3-236987734	Real Industries Private	No.441 Belavadi Village, Mysore, KA	India
S3-707968800	Cirawexevo One aka Zurita's Media	Collinsville, IL, 102 Cottage Drive	US
S3-113499569	straightedgebarbershop.com	Richmond Avenue, N/A, Tulsa, Oklahoma	US
S3-3296455	101 Vii Inc.	491. Chalice Ct, Newport NEWS CITY, Virginia	US
S3-687498930	Onyxcalo a/k/a Digital Wealth Alliance LLC	9314 Cherry Hill Road, Unit 609, College Park, MD	US
S3-953333893	CBS	2271 Sunley Lane, Chesterfield, MO	US
S3-482583403	Cardiology  Inc Services	4110 Briargrove Circle, Unit 106, Raleigh, North Carolina	US
S3-848835491	Environmental Ínitiative	14th St Northeast, Cedar Apids, Iowa	US
S3-601658236	Yocom, Sula, Esq., DDS [PC]	##616 Grand Avenue, NULL, Michigan City, Indiana	US
S3-8343330	Nelie  Banks Spire LP	Alabama, 10509 Segers Road, Madison	US
S3-37086724	-- Estel Moo Clean Inflection	11515 Heyd Road, Breen, Ohio	US
S3-702293784	CFT Inc. Arts	9763 North Freeway, Fort Worth, Texas	US
S3-880365324	Wang, Ula Frontier Eureka, (LLC)	North Carolina, Mebane, Woodlawn Rd	US
S3-295650975	Drahos Néighborhood Corp	6404 Quail Run Dr, Allen, Texas	US
S3-839080426	Vaafdetiq Bny	115 Redwaetr Road, Unit 26, Texarkana, Texas	US
S3-327559435	Shri Namaha Brothers-Pvt. Ltd.	23/25, Dhun Building, Office No. 102, First Floor, Janmabhoomi Marg, Opp. Janmabhoomi Bhava, N, Fort, Greater Bombay, Mumbai City, MH	India
S3-847145570	Bennett Better Sachem	Kentucky, Ft Mitchell Ky, 46 Burdsall Avenue	US
S3-968836739	Terrill-Federal Columbus LP	3716 Prince Andrew Ln, Virgina Beach, Virginia	US
S3-570273831	Legacy LLC Pharmaceuticals	002404 Rio Grande Del Sol Court, Albuquerque, New Mexico	US
S3-932198550	ಟೆಕ್ ಅಗ್ರೋ	Ground Floor, Mcechs Layout, Bangalore, Survey No.0899/2, KA, Bangalore North	India
S3-67966468	Silver Massage  Care	2517 15th Street, Lincoln, Illinois	US
S3-241184975	Pdratte Jhansi Value Limited	B 76 Avas Vikas, Nadanpura, Jhansi, उत्तर प्रदेश	India
S3-550363065	লাইফ ইস্টার্ন কনসালটেন্সি প্রাইভেট লিমিটেড	H.no 9 India Exchange Place Room No. 4/2, 4Th Floor, Kolkata, Calcutta, Kolkata, পশ্চিমবঙ্গ	India
S3-268999059	CRAWFORD, OLIVA AND COOPER MORGAN LLC	##200 Lafayette Road, Rochester, New York	US
S3-921432480	Global Interstate	Thistle Dew Ln, Waunake, Wisconsin	US
S3-9324460	Illa's Medical  LLC	19 Fifth Avenue, Unit 1, Haverhill, Massachusetts	US
S3-572357467	Faye Ltozre Fast-Co	Minnesota, Moorhead, 108 17th Avenue	US
S3-519480410	Nabors  Equity Inc	6341 Ventana View Place, Tucson, Arizona	US
S3-850243684	ஒன் இண்டஸ்ட்ரீஸ் பிரைவேட் லிமிடெட்	Fl No. E-308, Wilt Street Vgn Southern Avenue, Kattankolathur, Kancheepuram, TN	India
S3-884593746	Apex Peak Energy Llc	26 Patriot Way, Christiansburg Town, Virginia	US
S3-894170684	Laxmi Tech Public Limited	Cabin No. #112A, First Floor, Industrial Plot No. C-201/202b, Phase-8b, Industrial Focal Point, Sector 74, S.a.s.nagar (Mohali), Rupnagar, PB	India
S3-330612594	Gia Véntures	Xiv/458, D.g. Malappuram, Ernad, Malappuram, Keralam	India
S3-580072322	Nobles, Ala and Seymore Group Summit	7217-B Maddenwood Lane, Nashville, Tennessee	US
S3-359529275	Fortune Ventures-Private Limited	331/3 Mangal Panday Nager, Meerut, उत्तर प्रदेश	India
S3-254931015	Torres Endocrinology Corporation	Opalstone Street, City Of El Paso, Texas	US
S3-320511804	Cooper Bemll Plátinum LLC	5633 Guadalajara Drive, North Richland Hills, Texas	US
S3-604563949	Peridos Air	2000 Rosetta Corners Road, Irvington, Kentucky	US
S3-346227482	ಲಕ್ಷ್ಮಿ Consultants Private Limited	2Nd. Block Kodigenahalli Village Post Kodigenahalfi Madhugiri Tq Tumakuru Dist, Madhugiri, Tumkur, KA	India
S3-439541378	Downtown Háir Studio!	928 Alma Avenue, # Unit 8, Mulberry, Arkansas	US
S3-479551563	Chaffin, Cheng & Evans Uptown (Inc)	628 1st Street, Mendota, Illinois	US
S3-348897640	SUPERIOR MATERIALS INNOVATIONS INC	12515 Barryknoll Ln, Houston, Texas	US
S3-400648838	Trinity Chsple Lakeside	245 Indian Field Road, Bridgeport, Connecticut	US
S3-369793944	Inc MU Rapid System Westgate	127 1/2 Ridge, Genev Acity, Ohio	US
S3-569567283	Valle Iron Works LLC	6097 Ron Court, Sykesville, Maryland	US
S3-350679960	Ltd Laa Motors,	936. Middlesex Rd, Essex, Maryland	US
S3-650826969	ALLIED WILLIAMS	0205 Shugermans Loop, Alexander City, Alabama	US
S3-830427821	Group Clean Árch	##1865 Shaylin Loop, Antioch, Tennessee	US
S3-986357533	एसएस एनर्जी प्रा. लि.	01& 02, Nevil Ganj Achhalda, Auraiya, UP	India
S3-126784135	Mr Vict0r Eye Private Ltd	11, Dwarkapuri, Jamna Lal Bajaj Marg, Jaipur C-scheme, Jaipur, राजस्थान	India
S3-391377246	Soria-Hydro	2716. Troy St, PO Box 9842, Arlington County, Virginia	US
S3-928579549	Dermatology  Serling Physicians Corp	53 Community Rd, BY Shore CDP, New York	US
S3-551440390	Haritha Ventures C0mpany	Ernakulam, Door No: 64/2654 E1&e2, കേരളം, Kaloor, 3Rd Floor Uni Square, Kk Road	India
S3-36474796	लक्ष्मी केयर प्राइवेट लिमिटेड	#406-408, Ambition Tower, D-46-b, Agrasen Circle, Subhash Marg, C-scheme, Jaipur, Rajsamand, RJ	India
S3-31572511	Korzeta D.B.A. Aurora Charter LP	232 Monterey Drive, New Lenox, IL	US
S3-744867054	Health Valley	#4 Hilltop Dr, Pittsford, New York	US
S3-390844276	Complete Disciplined Ltd	83 Westminster Road, Brooklyn, New York	US
S3-357827992	Downtown Ceaf! LLC	10506 La Salle Street, Chicago, Illinois	US
S3-935283594	Earth-Packaging Private Ltd	3/2323 B Peekayeschalikavattomvyttila Po Kochi, Idukki, Ernakulam, Keralam	India
S3-425720201	Corp Grand Marine Ventures	Unit Apartment K, Maryland, 8 Plaris Court, Parkville	US
S3-48402756	Safe Holdings Service	3809 Freeman Rd, Orchard Park, New York	US
S3-640154510	Scholarship Fund Corp	315 Third Street, # Unit 4, Cokato, Minnesota	US
S3-263004245	Ankleshwar [Farms]	Shap No. 4, Ankleshwar, GJ	India
S3-11560169	Fish Legacy  Hub Holdings	264 Five Mile Rd, Cincinnati, Ohio	US
S3-79597826	cross hospitalities enterprises private limited	उत्तर प्रदेश, Door No 0177 215/170, Prayagraj-2, Allahabad	India
S3-656375801	Virgin Ecommerce Private Ltd	F12, Adarsh Samruddhi Complex, Chaupati Karanja, Pune, Ahmednagar, MH	India
S3-490532333	Beacon Consumer Co Enterprises	7194 Eagle Rock Drive, Roxborough Park, Colorado	US
S3-859752396	Oncology-Prime Center	103- Masonic St, null, Creedmoor, North Carolina	US
S3-899544517	Xylosyn One dba Ace Products	248Hind Chs Ruikar Colony, Behind India Automobile, Karvir, Kolhapur, Maharashtra	India
S3-88566106	Rodriguez +  Bfnrant Ses Inc	49 State St, Heuvelton, New York	US
S3-299276044	Henrico County Pediatric-Dental Associates (Llc)	3828 Ruslander Court, Henrico County, Virginia	US
S3-556685714	Donielle Oquinn, O.D. Group Inc Inc	17 La Villita Ct, Albuquerque, New Mexico	US
S3-184383364	Klassen, Caritta Parts	1099 Early Light Way, Bluffdale (Sl Co), Utah	US
S3-99222693	Sri Classic Energy Private  Limited	C/o, Kanchan Lata Yadav 1, Deenpurwa Kewalpur Deenpurwa Kewalpur, Shrawasti, Shravasti, उत्तर प्रदेश	India
S3-433049791	Ariadelta doing business as Bromley, Ceciley, Esq.	13168 Lupine Avenue, Fl 1, Scottsdale, AZ	US
S3-723557650	Unified Capstone	145 Brittany Point, Bryan, Ohio	US
S3-633256361	Sique  Superior Pelican LLC	4724 1/2 Eastwick Dr, Indiana, Newburgh	US
S3-384966332	Lxe LLC	627 Travis Street, Falfurrias, Texas	US
S3-563387234	Mr Cosmo & Brothers Ventures  Ltd	G-23/3, Third Floor Sector 63, Gautam Buddha Nagar, UP	India
S3-840345817	Planet Plast Pritve Limited	Ca-41, 1St Floor, Saltlake, Sector-i, Sakltlake, North 24 Parganas, পশ্চিমবঙ্গ	India
S3-20812036	Krol Elite Precision [Inc]	20921 Gromet Ave, Lakeville, Minnesota	US
S3-920628363	Brajesh Cnsultancs	B-204, Ahmadabad City, Ahmedabad, GJ	India
S3-786177257	Innovative Projects Ltd	Creative Indl.estate, Sitaram Mill Compound, Lower Parel, Bombay 13., MH	India
S3-768344446	Adams, Modestia Southwest LLC	626 Cleveland Avenue, Elkhart Township, Indiana	US
S3-220186083	Dynamic Trusted Software Incorporated	925 Broadmoor Drive, City Of El Paso, Texas	US
S3-961338614	DEVELOPERS BOMBAY NIRMAN INFRATECH PRIVATE LIMITED #29819	P No #29 Kamalanagar Narapally Bodduppal, Hyderabad, తెలంగాణ	India
S3-349982556	Umbrairi t/a Integrated Signature Urban Inc	4500 Martin Way, Unit 57, Olympia, WA	US
S3-933334912	Rockwell's Catering	181 Peel Rd, Helena, Alabama	US
S3-540172918	Norton	209 Arthur Street, Amarillo, Texas	US
S3-624903824	Llc Rocha & Swanson	121 Broad St, Salamanca, New York	US
S3-108287533	Smt Naik & Brothers Private Ltd	Plot B-88- Gopal Vihar, Meerut, उत्तर प्रदेश	India
S3-379233957	... Bangalore Realtors Private Limited	158, 22Nd A Main, 1St Cross, Padmanabhanagar, Bsk 2Nd Stage, Bangalore, Bengaluru, KA	India
S3-977890258	Prvaet First Products Limited	##1 No. Madhya Chakpara, Sarat Pally, Howrah, Uluberia - Ii, WB	India
S3-145264575	Mctighe  Esports (Llc)	1880 Dock Rd, Whiteville, North Carolina	US
S3-991925572	Mendez  Learning Center Corp	91 Dunning St, Ventura, California	US
S3-509895807	TECHNOLOGIES CLOUD COMMERCIAL PRIVATE LIMITED	Sanala Talaviya Road, Near Empeller Quartz Llp Village: Bela Rangpar, Morbi, Rajkot, GJ	India
S3-260752768	emerald resource private limited	No 29/3 B T Rod, Kolkata, Howrah, WB	India
S3-153801447	Capital Society Inc.	#1524 Mccain Lane, Manhattan, Kansas	US
S3-215485024	Private Divya Traders Ltd	#20, Sun Plaza Hariom Nagar, Mumbai, MH	India
S3-458147276	Dr SOUTHERN INFRA LIMITED	105, Bangalore., KA	India
S3-822360802	Ciraxylo DBA Rohit (India) Steels Private Limited	C/O Sandeep Sangwan, Village Garhi, Alwalpur, Kharkhara, Rewari, Haryana	India
S3-800504103	johnsongenetics.com	35917 Smith Chapel Rd, Logan, Ohio	US
S3-954924131	Super Consulting Medicals Private	Pno.385/1265, Kno.142/725, C/orajat Pradan, Kansapada, Jatni, Khordha, Orissa	India
S3-669869416	Eye Pioneer  Medicine Metro Inc	3556. Good Hope Road, Virginia Beach City, Virginia	US
S3-64679723	>> QWZ  Rockwool-Dallas	Abrams Road, Dallas, Texas	US
S3-761601577	Total Delta Spade Llc	2810 Canvasback Cir, Ohio, Coventry Twp	US
S3-510994117	फॉर्च्यून कंसल्टेंट्स लिमिटेड	Rz-26a, West Delhi, DL	India
S3-584440112	Arihant  Bharat Ventures Private	Door No 17 East Guru Angad Nagar Street No-1, New Delhi, East Delhi, DL	India
S3-160409138	The Brightova James PLLC	2110 Birkhall Street, North Carolina, Raleigh, Unit 215	US
S3-831393378	Turk and Romero Xii	444 Church Street, China Grove, North Carolina	US
S3-9308120	Torres L.L.C. Ubs	249 Central Avenue, Allen, Kentucky	US
S3-47477892	Vicky India Llp	Sco No. 150 Sectro 3, Kurukeshetra, Kurukshetra, HR	India
S3-194636073	Mumbai Véntures	##2703, Mumbai, MH, Mumbai	India
S3-205467537	Smart Trading	#5577 165th Pl, Portlannd, Oregon	US
S3-855799641	My எனர்ஜி Private Limited	Door No 92/1 Prasanna Vadanam Ground Floor, Devi Garden Kk Nagar, Coimbatore North, Coimbatore, தமிழ்நாடு	India
S3-119839605	Barnett Towing Of Greece (Inc.)	2708 Edgemere Dr, Greece, New York	US
S3-270477652	साई एनर्जी Private Limited	#1 Kondhwa Khurd, Pune Region, Pune, MH	India
S3-560698496	होटल फाउंडेशन स्टील प्राइवेट लिमिटेड	C-96 Joshi Mohalla, New Line Gangashahar, Bikaner, RJ	India
S3-315096108	>> B 7-O Spire Inc	3325 Central Park Village Drive, Eagan, Minnesota	US
S3-71207220	Holloway Great  Nasdaq	#4717 Lakeside Dr, Omaha, Nebraska	US
S3-771674508	శ్యామ్ ఎక్స్‌పోర్ట్స్ ఆటోమొబైల్స్ ఎల్‌ఎల్‌పీ	P No: 472, Syn.11/8to11, Gouri Shankar Nilayam, Sa, Shaikpet, Hyderabad, TG	India
S3-430923913	Meon	Cypress, Texas, 0015619 Eastern Meadowlark Way	US
S3-955399846	Mann (Ultra)		US
S3-859584911	Continental Interests P.C.	15333 Hayden Road, null, Scottsdale Airpark, Arizona	US
S3-842704006	Classic Broadcast  Works Inc	51-D 5th Street, Village Of Hilbert, Wisconsin	US
S3-238142682	Darr Fitness		US
S3-810666500	Bright  Bright Cofeforate, Inc		US
S3-389140018	Co Horizon Electronics Group	3660 Robertson Ave, Arden-Arcade, California	US
S3-556851825	Legacy Electronics	Copperas Cove, 809 23rd St, Texas	US
S3-749434807	Caressa B. Hamrick, Ph.D., DDS PC	El Paso Ave, Snyder, Texas	US
S3-974721406	Greens Dévelopment Limited	No 2/156, Dindigul, தமிழ்நாடு	India
S3-994229970	Caloaria a/k/a Diann E. Munyon, DMD, P.C.	2002 Vermont Street, Baytown, TX	US
S3-34602954	Ltd Platinum Staffing Studios	North Carolina, Unit B, #43 Davie Circle, Chapel Hill	US
S3-300491718	Sri Swar Devi Pirnvae Limited	Gat No. 13-47/1, MH, Haveli	India
S3-775034887	Siflovue Clinic Co	1355 1/2 Phalen Boulevard, PMB 9422, Saint Paul, Minnesota	US
S3-998331090	Smt Tech Energy Private Límited	#310, Bangalore, Peenya, KA	India
S3-441780973	MODERN MARKETING PRIVATE LIMITED LIMITED	5-8-49/2/1/A, Hyderabad, Osmangunj, Andhra Pradesh	India
S3-293669752	Lorrie Mcneil, DMD, M.D., Inc	0421 Willow Drive, Rio Rico, Arizona	US
S3-558161155	Anirudh Group Private Limited Service	P. No. 37, H.no. 6658, Vyashanav Mata Nagar, Wadi, Nagpur, MH	India
S3-261582070	Kelly & Grne Biracilik Co	Washington, #121 108th Street, Everett	US
S3-353684862	Cascade  Animal	15 Hickory St, Copwell, Alabama	US
S3-174755559	OPX Agro (Llp)	Qtr.no.e-3/2, Type-vi H Old Bungalow Type A.f.k Qtrs Range Hills Estate, Khadki, Pune, MH	India
S3-86622303	Evaleen Snyder Coastal Principal Holdings	Virginia, 1014 Caroline St, Fredericksburg	US
S3-289554915	B P + N Analytics		US
S3-22662502	... Celebration Lerge Private Limited	Jaipur, C-21-22, Vaishali Marg Vaishali Nagar, RJ	India
S3-968728040	Umbrawexzeph F/K/A Aultman Oyster LLC	1410 Branchwater Circle, Vestavia Hills, AL	US
S3-507960625	Superior Power  Valley, LLC	City Of Beloit, 3662 Golden Eagle Dr, Wisconsin	US
S3-901734526	LLC Huggins Custom Illumination	26351 Baseline Street, Unit UNIT A, Highland, California	US
S3-782737873	Christens0n Greenland	3101 Naylor Road, <NULL>, Washington, District of Columbia	US
S3-866686807	ઇનોવેટિવ પ્રોપર્ટીઝ પ્રા. લિ.	10, Surat, GJ	India
S3-177603032	Lumavi née Bombay Construction Private Limited	105, Siddhi Viihar, Near Tanishk Heritage College Road, Vidhyanagar, Karad, Maharashtra	India
S3-683633716	Behavioral Health Prairie Care Associates Corp	6122 76th Ave, Marysville, Washington	US
S3-4877616	Clark Retail	806-D 7th Street, Hempstead CITY, Texas	US
S3-622369258	Bellamy Crareon Group	83 Saxton Street, Dorchetser, Massachusetts	US
S3-923295899	Perfect Consultancy Provision	Hn 49 K-460, 2Nd Floor, Site 5, Kasna Ind Area, Noida, Gautam Buddha Nagar, UP	India
S3-597887235	Youth Network	05 Ventosa Dr, PMB 7916, Chesapeake City, Virginia	US
S3-757847865	Adequate Brotghesr LLP	Door No 00918 First Flor, Vb-41, Gali No.2 Virender Nagar, New Delhi, West Delhi, दिल्ली	India
S3-12035238	India	C/O Suryakumar M C, Madambikkattil House, Vellanikkara, Thrissur, Kerala	India
S3-379605597	Wade Asshos (Llc)	16 Chimborazo Boulevard, Richmond City, Virginia	US
S3-461227899	Inc. Neix	Illinois, Sparland, #362 650 N	US
S3-315557301	Smart Wholesale  Company PLLC	304 Fayette St, Shippensburg, Pennsylvania	US
S3-741911317	Melody Sciences Private	5/588, Lucknow, UP	India
S3-301867715	Rapid Electronics  Alliance Inc	1300 34th Street Cir, Moorhead, Minnesota	US
S3-761226382	Shri Indira Brothers Ventures Corp	A-26 Everest Tardeopremises Co Op Society Tardeo Road, Mumbai, MH	India
S3-261492858	stechventures.com	109, Jalgaon, MH	India
S3-203804323	Sri Fylfot Traders	Door No 4 No Fairlie Place Mezzanine Floor, Kolkata, Calcutta, WB	India
S3-189098914	pediatricdentalgroup.com	451 Adams Avenue, Lebnaon, Tennessee	US
S3-750326735	Happy Bistro Lakeside	6430 Wheatland Cir, Geneva, Illinois	US
S3-326383336	Mason Neve		US
S3-416342971	Avipyraquo	Sh.No-01 Shivani Heights, Maharashtra, Pune, Sn- 54/15/1/2 Kondhawa Bk, Badhe Ngr	India
S3-18442840	Barreras, Madeline, D.O. Holdings	##61 Hawley Avenue, West Islip, New York	US
S3-375559650	-- Ceceliaserranodds.Com	315 Erie St, Cuyahoga Falls, Ohio	US
S3-664753271	Smart Technologies Srrf	No 2, New Delhi, Gujranwala Town New Delhi, DL	India
S3-655428015	Orbiquo D.B.A. Perkins Owl Inc.	33430 Fm 506, La Feria, TX	US
S3-287492317	Empire Inc. Algonquin	North Carolina, 02992 Kildaire Farm Road, Cary	US
S3-205413061	ಯುನೀಕ್ ಕನ್ಸಲ್ಟೆನ್ಸಿ ಪ್ರೈವೇಟ್ ಲಿಮಿಟೆಡ್	H.no 241, 4Th Stage, Beml, Khata #1626/1550/24/1622, Bangalore South, Bangalore, KA	India
S3-277451487	james global partners	Harrison, 00178 Harrison Ave, New York	US
S3-609792938	हरि इंटरनेशनल प्राइवेट लिमिटेड	A-10/4 1St Floor, Maya Puri Industrial Area Phase -1, South West Delhi, New Delhi, दिल्ली	India
S3-809227527	Sri paper farmer limited	Rangareddy, Block 6, Nemili Nagar, Puppalaguda, TG, H.no 23, Rangareddy	India
S3-162246781	Prairie Triton	Felicia Drive, Fl 0, Stlouis, Missouri	US
S3-925613784	V 5 Certified Metlife	Montville Township, 5365 Rustic Hills Drive E, Ohio	US
S3-256494229	Jordan's Fresh Accounting Corporation	10A 80- Cardinal Court, Apple River, Illinois	US
S3-275083687	Chandresh Limited Center	#311 Office No. 1 Grd Floor, Mumbai City, Mumbai, MH	India
S3-12262859	LIMITED VALUE FINANCE	759/34, Bhandarkar Road, Near Pyc Hindu Gymkhana, Pune, महाराष्ट्र	India
S3-453333749	Corp Golden Summit Williams	1156 81, Parish, New York	US
S3-17763411	Nylaorbinyla dba Kris's Innovative Tax	48 Keith Drive, Shenandoah, IA	US
S3-359635756	Diam0nd Village Ltd	7916 Cooper Rd, Cincinnati, Ohio	US
S3-331532868	Smh Chandra Industries Limited	26 C/o Nutra Fields, Muzaffarpur, BR	India
S3-584862367	Cemaify  Capital	Flatwoods Road, Leanon, Tennessee	US
S3-273823706	राज पावर प्रा. लि.	F/167/1b G/f Gali No. 3, Panjabi Basti Gumbad Chowk, Baljeet Nagar, Central Delhi, North West Delhi, DL	India
S3-148952273	Treichel &-Rennie	Aaron Cir, Vacaville, California	US
S3-767242559	VDC Trade Prívate Limited	1-7-892/1, Warangal, Andhra Pradesh	India
S3-322247857	Quantify H0vnanian	742 Second St, West Brooklyn, Illinois	US
S3-610511550	Silver Aerospace Technologies (Group)		US
S3-660962904	Atlantic Preparatory Academy Academy LLC	665 Tournament Dr, Cincinnati, Ohio	US
S3-250902997	Diligence Trading Limited Center	45 Ranveer Nagar, I.t.i Chauraha Mainpuri Fatak, Etawah, Etawa, UP	India
S3-899694133	Za0r  Nmp LLC	1249 Anderson Ridge Road, Jasper, Tennessee	US
S3-480777390	rozellamcmillanship.com	29133 Hanscom Lake Trailway, Town Of Scott, Wisconsin	US
S3-662704706	Ear Nose & Group Specialists Throat	3581 Crest View Loop, Snoqualmie, Washington	US
S3-356609682	Silver-Brands LLC Center	6 Poston Court, Durham, North Carolina	US
S3-205912685	Choice Corp Center		US
S3-736231397	Halcyon Coastal Llc	03346 Red Oak Rd, Baudette, Minnesota	US
S3-82042857	Khari Educational [Sóciety]	Unit No 4 7Th Floor Vb, Capitol S No 209(P) Cts, Haveli, Pune, MH	India
S3-259331523	kokomo eye apex associates	2579 Whitehouse Drive, Kokomo, Indiana	US
S3-192129105	Ricciardelli, Hilda C.,  PC Service | www.ricciardel.com	21303 Sr 81, Jennings Twp, Ohio	US
S3-941429440	Yamuaex Systems Pvt Limited	AP, 1-4/1-2, Krishna	India
S3-50414644	machinistsunion.com	123- Day Hill Rd, Windsor, Connecticut	US
S3-435388516	SUMMIT LEAGUE INC	9412 All Saints Road, Laurel, Maryland	US
S3-625587516	Amon [Exports]	A-403, Tirumalagiri, TG, Hyderabad	India
S3-867011668	Pyraavi	C/O Prashant Rathod, Balaji Nagar Mehkar, Mehkar, Buldhana, Maharashtra	India
S3-743928992	Ear Nose & Throat	1553. Lady Brunetta Rd, Bradley, Illinois	US
S3-389605036	Lakshmi Care Corp	C/o. Dinanath Singh, Nalanda, Karaipersurai, BR	India
S3-104517610	Pediatric Group Déntal		US
S3-872730290	Kirkham, Arthur [and]	169 Woodridge Ln, Mooresville, North Carolina	US
S3-617674803	Technologies Blackdiamond Tradeworks Private Ltd	Mumbai City, Ground Floor, Navratan Building P Dmello Road, Chinchbunder, M003, MH, Mumbai	India
S3-108481120	MY Logistics LLC	4222 Hidden Fern Lane, <NULL>, Memphs, Tennessee	US
S3-860802116	PRAIRIE HARVARD INC	20608 Guard Ct, Rohrersville, Maryland	US
S3-919400878	Bright Agro Textiles Private Limited	T-#489 A F/f Baljeet Nagar, New Delhi, East Patel Nagar, DL	India
S3-130183293	Shiv  Enterprises Private [Limited]	C/o.teja Seeds And Pesticides, Church Complex, Main Road, Krishna, Guntur, AP	India
S3-108860199	Corner Bistro Group Center	1215 Monroe Avenue, Johnsto Ncity, Illinois	US
S3-426834806	Dev Private Liquor Limited	A-101, New Delhi, Lajpat Nagar - I, दिल्ली	India
S3-294484927	Gonzalez Physical Therapy Co Center	201-205 Windermere Road, Staten Island, New York	US
S3-151037671	Clear Packaging Innovations Ltd	115 Twelfth St, City Of Fond Du Lac, Wisconsin	US
S3-194611471	Sunshine'S Pinnacle Sólutions LLC	223. Marlboro Road, Lower Merion Township, Pennsylvania	US
S3-268675162	Diam0nd Jackson LP	5553 Goldcrest Drive, Cincinnati, Ohio	US
S3-371387949	Shree Valley	No. 13, Mumbai, Mumbai City, महाराष्ट्र	India
S3-221792247	kimble, wood & walton tokyo ltd	329 Fifth Saint, La Porte, Texas	US
S3-202861686	Sharma Medical-Center Inc Board	91 Store Rd, PO Box 5841, Foster, Virginia	US
S3-961848194	Silver Book Store Service	#184 Old Hwy 19E, Roan Mountain, Tennessee	US
S3-617143408	Aaa Médical Centre Ltd	Plot 974 951/12, Gt Road, Shahabad Markanda, Distt Kurukshetra, Shahabad, Kurukshetra, HR	India
S3-98004936	Mr Polymers School Pvt. Ltd. Service	পশ্চিমবঙ্গ, C/o S K Safikul Jalaghat, Singur Hoogly, Hooghly, Chandannagar	India
S3-559978336	Painters Local Union No 854 Lakeside	8713 Desert Dawn Dr, Albuquerque, New Mexico	US
S3-868928140	Laborers  Local Unoon 458	Station Road, N/A, Liverpool Township, Ohio	US
S3-641966046	All Investment Private Ltd	P 8. Sector 12, Gautambudhhnagar, Gautam Buddha Nagar, UP	India
S3-982017783	Harwood Clear Studios LLC	##51 Jones Rd, Wallingford, Connecticut	US
S3-222397998	Sun Projects	Hn 932 2-3-21/3, 1St Floor Rani Gunj, Secunderabad, Hyderabad, TG	India
S3-500867632	Fluxhalodova	Unt A-804- 805- 806, 8Th Floor, Signature Tower, Block 13, Road-1c, Zone -1, Gift Sez, Gandhi Nagar, GJ	India
S3-400410906	program allied clinic	Ocean Drive, Manhattan, Kansas	US
S3-6231716	Karlen's Financial-0range LLC	8187 Kaiyute Rd, <NULL>, Orange Township, Texas	US
S3-968348675	Finance Gold Industries Limited Services	Comfort House, R-912, Tranc Thane Creek Industrial Area, Midc, Rabale, Navi Mumbai, MH	India
S3-35168866	A  Trusted Canada LLC	195 Rodeo Road, Casa Grande, Arizona	US
S3-527752944	Walker Star Advertising [Partners]	1217 Stover St, Freeport, Illinois	US
S3-52917763	Little Tattoo	Brooklyn, Iowa, 1672 1/2 430th Avenue	US
S3-291087731	Maa Soluions Private  Limited	Sno.265/4 Yashopuram, Pune City, Pune, MH	India
S3-628159316	Grand Prairie Internal Médicine Secure Center	##2249 Aggie Drive, Grand Prairie, Texas	US
S3-186781080	Rodriguez-Bio Rodriguez-Bio L.L.C.	8437 Ranchita Way, Fair Oaks, California	US
S3-946436847	Silver Inc Center	North Dakota, 1311 Main St, Towner	US
S3-793258563	My फाउंडेशन प्राइवेट लिमिटेड	Plot No-15a., New Township, Faridabad, HR	India
S3-409988205	Hitech Solutions Private  Limited	Flat No D/206 Rupeo Enclave, 1200, Dhanaut, Patna, Patna, BR	India
S3-844392083	Sayali Vinay Limited	Ab-68, West Delhi, New Delhi, DL	India
S3-171948477	Yxm Compania, Llc	10942 Colelge Dr, Phoenix, Arizona	US
S3-447506108	Laxmi	Office No 15, Ground Floor, Times Corporate Park, Daskroi, Ahmedabad, Gujarat	India
S3-544767136	Smt Vaibhav Partners	Plot 247 Husys House, 1-8-505/E/D/A Prakash Nagar, Begumpet, Hyderabad, తెలంగాణ	India
S3-69202935	National-Transit LLP Service	null, 819B Bliss Drive, South Carolina, Fort Mill	US
S3-607675297	सुप्रीम इन्वेस्टमेंट्स प्राइवेट लिमिटेड	C/o Nad Singh, Suncity Colony Near Police Station Kankroli, Rajsamand, राजस्थान	India
S3-850706785	Tri-State Launch LP	7513 Retreat Blvd, Cleburne, Texas	US
S3-855116658	leanor tucker harbor treasury llc	Wisconsin, 002511 Edgewood Drive, Town Of Janesville	US
S3-871834130	Jillayne Miller Preferred Business	0442 142nd Street, Bothell, Washington	US
S3-762827440	Dhd (Hyelrsad) Private-Limited	Flat No - 1004, North Goa, Thane, MH	India
S3-323018721	Ace Unique Infra [LLP]	S-126, DL, Delhi, South Delhi, Basement, Greater Kailash - 1	India
S3-41558780	Lyrapyra formerly known as Jyoti & Sons Co	3/6, Bagichi No - 3, Gurudwara Bala Sahib Road, Hari Nagar, Ashram, New Delhi, Delhi	India
S3-148447620	Certified Media-Worldwide, Corp	Serpentine Rd, Baltimoer, Maryland	US
S3-294508494	Dd Limited Logistics	Ludhiana, #30 U Ground, PB	India
S3-325352334	Great Léague-LP	551 Half Moon Rd, Oliver Springs, Tennessee	US
S3-775218746	M/s Mahaganpati Mfg  Private Limited	Sy No.6/4p33., Kasaraguppe Village, Bilwaradahalli Jigani Hobli, Anekal, Bangalore, ಕರ್ನಾಟಕ	India
S3-613816864	sterlingdefensesystems.com	##915 4rd Avenue, PMB 628, Minot, North Dakota	US
S3-194106485	Urgent Cáre Prime Group Ltd	8070 Mozart Street, PMB 8765, Round Rock, Texas	US
S3-439775225	Louisburg Asset Building Center	1234 E River, Louisburg, North Carolina	US
S3-623681453	Synorbi	342 A-503, Pluto, M.g.road, Vasant Galaxy, Goregaon West, Mumbai City, Bombay, MH	India
S3-103336045	माय केयर प्राइवेट लिमिटेड	East Delhi, #608/8, DL	India
S3-408145466	Ltd Venus Pvt Service	Door No 157 Acropolis 6Th Floor Dr. Radhakrishnan Salai, Chennai, TN, Mylapore	India
S3-344472036	एपेक्स एंटरप्राइजेज फार्मेसी प्राइवेट लिमिटेड	Flat 820 12Th Floor Blk-c, Pkt 1B Sec A1- A4 Narela, Delhi, North West Delhi, DL	India
S3-311374495	Thomas Pioneer Multimedia Ltd	51 Sagamore Street, Revere, Massachusetts	US
S3-531151141	Exports Saru  Limited Services	उत्तर प्रदेश, Noida, Hn 311- C/o Ombeer Singh	India
S3-482109456	Arcaria D.B.A. Modern Blue Portfolio	13503 George Wythe Court, VA, Fairfax County	US
S3-319760449	Sanchez Ridge Detailing	646 Humock Ct, Maineville, Ohio	US
S3-157661738	Indrora Developers Private [Limited]	#1602, 16Th Floor, Supreme Signature, Union Park, Chembur, Mumbai, Mumbai City, महाराष्ट्र	India
S3-661071353	Jori Polk, D.D.S. Corp. Corp.	633 Marigold Dr, Richmond, Texas	US
S3-511117846	Holy [Isbl]	202 Mcleod Road, Opp, Alabama	US
S3-180591051	Inc Midwest Council	41 Westover Pl, North East, Maryland	US
S3-113382858	úrgentcarepremier.com	300, Provo, Utah	US
S3-259337517	Orbiecto Labs	D.No 16-181, Gandhis Iha, Vijayawada (Rural), Krishna, Andhra Pradesh	India
S3-556659746	Congregation Cátholic Church Group	66 Flatland Pl, Hyden, Kentucky	US
S3-457505674	Sanders, Baughman ánd Cruz Green		US
S3-177028801	Beacon Prairie Materials Group	2525 Skyway St, Gadsden, Alabama	US
S3-931804603	... Enano Sui Inc	83482  State Highway 11, Wakita, Oklahoma	US
S3-664482919	గ్రేట్ ఇన్ఫోటెక్ లిమిటెడ్	B-a-34 Steel & Mines Complex Srinagar Colony, Hyderabad, Andhra Pradesh	India
S3-485925509	@alliednetw0rks	03725 121rd St, Alsip, Illinois	US
S3-732859630	Llc Chiropractic Réliable Center	602 Roman Way, Newburgh, New York	US
S3-837404677	Neon Pharma  Private Limited	C/o Vinay Nandkumar Dungarwal Milkat No. 1080, Nagar Manmad Road, Pune, MH	India
S3-460884632	Agra Granites Corporation	#481 Flat No-4, Sector-4b, Vaishno Plaza Awas Vikas Colony Sikandra, Agra, UP	India
S3-478487730	Pune Foundation Limited Services	Office No. 16, Sn 148, Trade Field Sanghavi Nagar, Aundh, Pune, MH	India
S3-617007755	BEACON SEMICONDUCTOR INTERNATIONAL PC	73 Bluff Rd, CARY CIY, Illinois	US
S3-439990321	1172 1172 Seventh Boulevard	##3348 Mapleleaf Ln, Dallas, Texas	US
S3-638460656	Sigler and  Hernandez	601 Hendricks St, Greensburg, Indiana	US
S3-853725672	Mdd LLP [Apparels]	#902, Tower No 24 Orchid Petals, Sec-49, Gurgaon, HR	India
S3-962164025	1510  Church Plaza [Apartments]	3551 Eldorado Pkwy, NULL, Mckinney, Texas	US
S3-885597637	Aditya Istmnts Pvt Ltd	8, Sri Sai Building, 2Nd Floor, G Block, Sahakar Nagar, 60Ft Road, Behind Bata Sh, Owroom, Bangalore, KA	India
S3-104492388	Magic Traders	Kozhikode, Calicut, Kerala, 13/789 A 3Rd Floorvijaya Mansion Annie Hall Road	India
S3-557032392	Inc Onyxnex Championsgate	417 Carrollwood Dr, Unit 525, Raleigh, North Carolina	US
S3-221184120	Hamilton Inc Partners	#2182 Meadowview Loop, Semmes, Alabama	US
S3-162870918	zagolden.com	205 Park Rd, # 85, Spokane Valley, Washington	US
S3-224471275	गोल्ड Foods Private Limited	Hn 5-07 B 3/87, West Delhi, Paschim Vihar, DL	India
S3-233422674	#5-Enterprise Holdings	25. Washington Street, Unit 506, Weymouth, Massachusetts	US
S3-679236897	Tarr Pinnacle Services	6840 Brentwood Drive, Black Forest, Colorado	US
S3-590621711	Golden-Better Illmuintion P.C.	1560 Lehi Rd, Mesa, Arizona	US
S3-337022423	petersblevins.com	40 Merirtt Drive, Bella Vista, Arkansas	US
S3-46484309	BTB Spade	6425-C Wilkinson Boulevard, Unit A, Belmont, North Carolina	US
S3-756059204	Capital Machines Summit	21762 Highway 177, Stratford, Oklahoma	US
S3-133040854	Little Cleaning	3010. Walnut Forest Ct, # N, Winston-Salem, North Carolina	US
S3-346066166	Ear Nose & Throat Dynamic Specialists,	8151 Civic Center Drive, Elk Grove, California	US
S3-160489180	Taylor Usa [Inc]	3502 Eveningside Drive, PO Box 5883, Topeka, Kansas	US
S3-910782893	Sunrise Foundation Private	New Delhi, DL, Ajit Singh House, 12 Community Centre Yusuf Sarai, Third Floor	India
S3-451943378	Reagan	1229 Trenton Street, San Bernardino, CA	US
S3-56276847	STORE BOOK CURE	5645 Warner View Lane, Fl 3, Westervile, Ohio	US
S3-953674775	crystalgenomicstudios.com	Norwalk, 585 Beardsely Street, Iowa	US
S3-631233852	Eye Care Associates of Sacramento Coastal	4724 Amber Ln, Unit 3, Sacramento, California	US
S3-458434533	Bradley Fiarmrs	Citrus Heights, 007820 Copper Oak Ct, California	US
S3-765296296	Sri Kifs & Brothers Ventures Private  Limited	Flat No 806 Amardeep Plot No 39 N S Road No 3 Jvpd Vile Parle (West), Mumbai, MH	India
S3-160762254	Ferray Spark (Llc)	#76 Wohlford Cir, # LOT 18, Castlewood, Virginia	US
S3-581391535	ZENlTH LTD	10507 Doris Boulevard, Hallsville, Missouri	US
S3-411452682	Peters Tidewater (Southside,)	1211 Military Hwy, Nrfolk, Virginia	US
S3-37015591	Johnette Berry  Gss Inc	5613 1/2 100, Warsaw, Indiana	US
S3-751449406	Steffy, Elizondo &  Cruz Inc Center	47 Warren Drive, Valparaiso, Indiana	US
S3-965476363	East Tri-State Marketing Ltd	3428 Mcfarland Blvd, Tuscaloosa, Alabama	US
S3-291469255	#visi0ncare	New Matamoras, PO Box 3674, Ohio, 655 Duncan Drive	US
S3-354287361	Horizon LLC	106 Hampton Vista Drive, Manovrille CDP, New York	US
S3-641129778	Tasha Patton Cdt Care Corp	2304 117nd St, PO Box 4175, Seattle, Washington	US
S3-826652537	गोल्ड इन्वेस्टमेंट प्राइवेट लिमिटेड	12, Aurangabad, MH	India
S3-66650611	Elite Díagnostic Advisors Inc.	5919 Freds Oak Rd, Burke, Virginia	US
S3-545022863	Sismoed & Quirino Mckinley	1889-1893 Hart Street, PO Box 1652, Ridgewood, New York	US
S3-253169325	Nexus PLLC Xii	80710 Clearwater Drive, Fl 0, Concord, Missouri	US
S3-819983384	TT Enbridge Inc	Leasburg, 221 Elmore Rd, North Carolina	US
S3-900136324	Inc Fnudrrsy	Forest Row Trail, NULL, Midlothian, Virginia	US
S3-206555903	Electronic Semiconductor Innovations Co	348 Pleasant St, # 1, New Bedford, Massachusetts	US
S3-152515064	Rose Developers Pvt Límited	Kakrola, DL, New Delhi, A ##17	India
S3-710938469	Southern Charter Shnhol [LLC]	2024 Ehco Ln, Gastonia, North Carolina	US
S3-826847974	ctc grand energetics llc		US
S3-58733126	Daskroi Global Private Ltd	#1104 Sankalp Square 3A, Ahmedabad, GJ	India
S3-338845273	Hisar India Private Limited	Door No 75 Opp. Main Bus Stand Sirsa Road, Hisar, HR, Hissar	India
S3-485581119	ഇന്റർനാഷണൽ സിസ്റ്റംസ് പ്രൈവറ്റ് ലിമിറ്റഡ്	Door No 07 Kochery Chambers, Building No. 68/524-A3, Near Ayakar Bhavan, Old Railway Station Road, Kochi, Ernakulam, കേരളം	India
S3-373468893	Ragland Médical Center PC	Sacramento, California, 5312 V St	US
S3-910548558	5mart Advanced	3905 Poplar Bend Dr, Columbus, Ohio	US
S3-415546524	Tirupati Ágro Limited	C5/103 Abhisekh Bldgveera Desai Road Andheri West, Mumbai, Oshiwara Andheri West, MH	India
S3-689703008	Apex  Defnese Inc	10538 Ursula Avenue, Mesa, Arizona	US
S3-962459263	Metro Initiative	7610 Klotz Ranch Ct, # 1409, Sacramento, California	US
S3-769253423	Holmberg Metro  Equipment PLLC	Ohio, Maumee, 1000 Richland Street	US
S3-773364450	Bhiwandi  Horticulture Ltd	Shop No #6, Thane, Bhiwandi, महाराष्ट्र	India
S3-164541374	Risao Cal	1915. Springs Rd, California, Vallejo	US
S3-785078062	Bivue Consolidated Partners	2351 Whiskey Hollow Road, Salem, Indiana	US
S3-164217063	Heddaperezflexible.Com	#1706 Chesterbrook Vale Court, Mc Len, Virginia	US
S3-762879255	Keriann Perry, DMD Corporation	Staten Island, 67 Oswego Street, New York	US
S3-573108688	Cardiology Partners of Brooklyn	321 Nostrand Avenue, Brooklyn, New York	US
S3-91984168	Solutions Jiwan Sólutions (Private)	MH, Mumbai, Office No 517, 5Th Floor, Palm Spring Centre Premises Co-opt Soc Ltd, Plot No. 1406-A/3/5 To 7, Link Road, Malad West, Mumbai	India
S3-226556646	Tommie Graley-Mckinley	243 Coy Dr, Flagstaff, Arizona	US
S3-993347090	Salomi Diehl Networks Inc.	11 Hartley Rd, Fenton, New York	US
S3-79823917	M/s Dns Sales Private	#2388, Second Floor, Hudsan Lane Dr. Mukerjee Nagar, Thrissur, New Delhi, DL	India
S3-972461440	ஃபியூச்சர் இன்ஜினியரிங் பிரைவேட் லிமிடெட்	#800 S.no.246/1a2a1a1a1 Pat, No.53, Vanalaur Tk, Chinglepet, Kanchipuram, TN	India
S3-453114446	Metro Cahrre  School	21 Sydney Saint, # 2, Boston, Massachusetts	US
S3-441961369	Future Star Constructions Private Foods Limited	18 C/o Gurpreet Kaur, Basement, Adjoining Capital Small Finance Bank, Shaheed Udham Singh Chowk, Sultanpur Lodhi, Kapurthala, Kapurthala, Sultanpur Lodhi, PB	India
S3-649063577	Francis Douglas Douglas Center	1345 Alder Bend Rd, Altona, New York	US
S3-683185340	The National Midwest Starlink Uptown	2845 Crestwood Blvd, Irondale, Alabama	US
S3-948721198	Goodrich & Jóhnson Coastal P.C.	430. Cardinal Drive, Lewisport, Kentucky	US
S3-411927854	Cecile M. Roberts Ph.D.	Westfield, Massachusetts, Reservoir Avenue	US
S3-248057024	Dr Mica Se Private	7-1-275, Hyderabad, తెలంగాణ	India
S3-685447280	Adrea Frazier Creative Distribution LLC	1132 Old Whitley Rd, London CITY, Kentucky	US
S3-616862440	Nylafluxx t/a Digital Infra (India) LLP	E-55, 5Th Floor, Himalaya House, 23, Kasturba Gandhi Marg, New Delhi, New Delhi, Central Delhi, Delhi	India
S3-802399450	Brannen Medical Center [Clinic]	605 Pear Saint, Carterville, Illinois	US
S3-846744492	Johnson & Schwartz	2016 Hammond Dr, Tempe, Arizona	US
S3-483470953	Moskowitz All Business  North	11231 218th Place, KENT, Washington	US
S3-808697220	फ्यूचर एस्टेट प्राइवेट लिमिटेड	Singrauli, C T E I Road In Front Of Daal Mil, 214/1 Pidartali Ward No. 1, Singrauli, MP	India
S3-125997147	Horizon	106 Hampton Vista Drive, Manorville, New York	US
S3-728742174	Ss Construction Private	Pune, 'A' Wing, Pristine Fontana Building S. No. 22, Behind Maratha Mandir, Bavdha, N Khurd, Pune, MH, Flta No. 904	India
S3-647814381	Anthony Fast LLC	Arboretum Way, # 152, Newport News City, Virginia	US
S3-257383826	Caclarex  LLC	Fowler Ln, Ladonia, Texas	US
S3-500868025	Mason  Viking	3710 Colley Avenue, Virginia, Norfolk City	US
S3-958533796	Zirateique Farms Corp	Plot 258 N.h. No. 17, Badarada, Rajsamand, राजस्थान	India
S3-181827371	Blue இன்வெஸ்ட்மெண்ட் பிரைவேட் லிமிடெட்	Salem, No.138/12c, TN, Salem	India
S3-779611124	#cavanaughfirst	##730 Industrial Drive, Franklin, Indiana	US
S3-603647782	Reese And Jocelyn Co	4156 Laeview Avenue, Bremerton, Washington	US
S3-811708468	Nandana Brfgks Group	Door No B3/3, Bangalore, KA	India
S3-165186785	Apex Center	305 Reinhart Drive, N/A, Ankeny, Iowa	US
S3-412317861	ਵਾਈਟ ਇਨਵੈਸਟਮੈਂਟ ਪ੍ਰਾ. ਲਿ.	Near Bajaj Auto Agency, Gurdaspur, Dhariwal, PB	India
S3-509144913	The Clinch, Fultz & Nephew York LLC	Oregon, Sheridan, 28282 Thomson Mll Rd	US
S3-441876440	Womens Health  Clinic LLC Services	92 Courtney Ave, Milwaukie, Oregon	US
S3-534921801	Roberts, Drusie C., L.C.S.W. Holdings	4917 Central Park Ave, Illinois, Chicago	US
S3-154975133	ditech uptown	130 Broad Saint, Lyons, New York	US
S3-302417398	Lund Emera Of Halifax Center	9067 Newbill School Road, Halifax County, Virginia	US
S3-226727210	Ventures Everte Destination LLP	TN, No 7 3Rd Floor, Chennai, Kamala Nilayam, No 33/71, 7Th Avenue, Ashok Nagar, Chennai, Chennai City Corporation	India
S3-724673446	Beetle Services	Hyderabad, TG, Hyderabad, #1-46/4/C1/9	India
S3-696776045	Cactusmanagement.Com	4/A/142, Mumbai, Mumbai City, महाराष्ट्र	India
S3-337751261	Synflux d/b/a Francisca Gonzales, DDS	3633 143rd Street, Bixby, OK	US
S3-245016009	Behavioral Health Clinic,		US
S3-927264848	पायोनियर केयर गारमेंट्स प्राइवेट लिमिटेड	No B3/86 C/o Bhiku Jagnnath Patil, District Satara Vahagaon, Karad, Satara, MH	India
S3-673168870	Crafts Benefit Co	#134/A, Annadhata House, Sai Krupa Officers Colony Yapral, Hyderabad, Secunderabad, తెలంగాణ	India
S3-947711333	Evolution Projects (India) Exports Limited	Mumbai City, महाराष्ट्र, Arun Chambers, Tardeo Road Mumbai, Mumbai, 227/231	India
S3-208680365	Ipl-Foundation Industries	25/131, Malappuram, Valiyakunnu, KL	India
S3-796953613	Ariaquo doing business as Southern Total Infinite	12193 Cathedral Drive, Prince William County, VA	US
S3-82297414	Sabrisoft-Integrated	06 Congress Saint, N/A, Golden, Illinois	US
S3-765750445	Properties Mmt Dáiry Enterprises Private Limited	Thane, Rno 103. Pandurang Apart Balkum Pada No 2 A Wing, महाराष्ट्र, Thane	India
S3-526709561	Ass Memorial	Bombay, #A-2/452-453 Kasturba Cross Rd, Mumbai City, MH	India
S3-454073329	లక్ష్మీ డెవలపర్స్	1-2Thfloor, Manjeeratrinity, Jntu-hitechcityroad, Kphb, Tirumalagiri, Hyderabad, TG	India
S3-694439066	OOZ Grid ([Downtown])	4497 B- Blackwater Road, Virginia, Virginia Beach	US
S3-417898014	Chandrita Agro  Pvt Ltd	C/0501 Surel Appartment, Opp. Ashish School, Judges Bunglows Road, Bodakdev, Ahmadabad City, GJ	India
S3-515542573	Pediatric Dentistry Center, Optimal Co	114 Cerondolet Court, Mobile, Alabama	US
S3-376539061	Verron LLC Service #69630	Saint Louis, Missouri, 0358 Falaise Drive, Fl 0	US
S3-389981684	Atlantic Superior  Equity	Staten Island, New York, 54 Daffodil Ct	US
S3-874532634	Oncology Health Partners LP	7819 Hardwick Drive, Raleigh, North Carolina	US
S3-321749784	Tabbie L. Dunbar, P.A. LLC	901 Bly Street, Joppa, Illinois	US
S3-659780993	Family Associates Southside	8657 Satinwood Dr, Frederick, Maryland	US
S3-323878302	Vision Clinic L.L.C.	01079 Long Cove Rd, Ledyard, Connecticut	US
S3-43321549	Prentiss Legacy Security [Services]	5267 1/2 Del Rancho, Mesa Four Peaks, Arizona	US
S3-150478184	क्लासिक एस्टेट प्राइवेट लिमिटेड	B-55., New Delhi, Pushpanjali Anand Vihar, DL	India
S3-745000156	Winona Coleman Infrastructure LLC Center	316 1/2 Willow Springs Spur, Liberty, Kentucky	US
S3-6094210	Pyraquo	No.Kp 1X/689-A Kolacheri Po, Kannur, Kerala	India
S3-318293442	Orbent Clinic Royalty	#16125 Hwy 412, Lexingon, Tennessee	US
S3-194380312	Basa Anchor (ID: 52512)	113 Edmund Street, # 2, East Longmeadow, Massachusetts	US
S3-346407755	Empire  Society	Indiana, 8263-8267 Harcourt Rd, Indianapolis	US
S3-592120509	Mansha Business-Pvt.	38, Radhey Shayam Park, East Delhi, दिल्ली	India
S3-791205322	Raleigh Sunshine Corp Service	119 59th St, Seattle, Washington	US
S3-306033840	Arka Health	House No-ed 78., 2Nd Floor Pitampura, New Delhi, North West, DL	India
S3-816068894	Good	111 M K Amman Koil St Mylapore, Chennai, Tamil Nadu	India
S3-210851012	Canopus  Lifestyles Private Limited	741 Old #10, Chennai, TN	India
S3-16552878	Sri Corundum Electricals Ventures Private Limited	#14 Old China Bazar St3rd Floor, Kolkata, Calcutta, WB	India
S3-842083806	The-Pediatric Medicine LLC	545 Brainard Avenue, La Grange, Illinois	US
S3-661899917	Sterling Fresh	120 D Saint, Ontario, California	US
S3-476057662	Uni (India)Private	H.no 306 B-19, Basement Swasthya Vihar, Dlehi, DL	India
S3-850118512	Mr Sky  Impex Pvt Ltd	No 106 Bangur Avenueground Floor Block C, Calcutta, Kolkata, পশ্চিমবঙ্গ	India
S3-402627807	Calolumx	G-34, Indira Nagar, Jhunjhunu, Jhunjhunun, Rajasthan	India
S3-726856900	Mendez Interstate Platinum LLC	1580 Russian Jack Dr, Unit APT 27, Anchorage, Alaska	US
S3-622889090	Marcucci, Ross & Brook (Incorporated)		US
S3-416388964	Nkv Merchants Overseas Pvt Ltd	No 51 C/o Hotel Shreeya Prop Tejaswini Arvind Khot, Gat No.1069, A/p- Hatkanangle, Kolhapur, महाराष्ट्र	India
S3-851277886	Integrated Apex Inc Service	22318 Forst Loop Road, Granite Falls, Washington	US
S3-180246456	(LP) Integrated Electronics Advisors	Maine, 100 Wilsons Mills Rd, Lincoln Plantation	US
S3-825645598	Smt Maa & Co Group Limited Center	#222 76, Balaji Layout, Mylasandra Village Kengeri Hobli, Bangalore, KA	India
S3-876836963	NASHIK CAST INDUSTRIES LIMITED	Plot No. A-39, Midc Ambad, Nashik, MH	India
S3-461526217	Nashik Research Infratech Co.	#81 H No-2860, Near Chaundeshwari Mandir Madhali Gali, R-11112, Tal-yevala, Nashik, MH	India
S3-519646294	sherrill management southside	1524 Centreville Avenue, PO Box 2633, Bleleville CDP, Illinois	US
S3-35415205	Star Services Pharmacy Private Ltd	No 238 M-31, NULL, दिल्ली	India
S3-552076555	(Center) TFO LLC	Creekside Place, Fl 0, Saint Louis, Missouri	US
S3-178178572	ஹைடெக் இன்டர்நேஷனல் பிரைவேட் லிமிடெட்	Vit, Vandalur, Kelambakkam Road, Chinglepet, Kanchipuram, தமிழ்நாடு	India
S3-397609281	क्रिएटिव गैलेक्सी Finance प्रा. लि.	Mrs. Pushpa Khadse, A- 44 Shastri Nagar Jawahar Chowk, Bhopal, मध्य प्रदेश	India
S3-824597510	Smt -- Sahni Computer Private  Limited	704 22-1-772/1/A, #302, 2Nd Floor, Madina Guda Complex Noor Khan Bazar, Hyderabad, TG	India
S3-251719188	LLC Continental Stonebridge	27 Saddleup Trl, Lander, Wyoming	US
S3-465945636	Kb Índustries LLP	#632 154, Bengaluru, Bangalore, KA	India
S3-974312382	Smt Janseva Granite Ltd	Devidas Mansion, 3Rd Floor, Mereweather Road, Apollo Bunder, Mumbai, MH	India
S3-980342264	Dannye A. Chán, D.C. Corporation	583 6st Ave, Inman, Kansas	US
S3-176200625	Drayary  Iii	3434 Bryan Hardy Rd, La Grange, North Carolina	US
S3-623485688	Christenson LLC Center	Broadmoor Blvd, San Bernardino, California	US
S3-39714897	Charissa Fisher Imperii	65 Adams Avenue, Everett, Massachusetts	US
S3-151348292	Faulkner Patriot	Arizona, Buckeye, 1003- Eason Ave	US
S3-408548378	Great Infotech Limited	MH, Poona, Pune, C-368 Near Deep Bunglow Model Colony Gokhale Road. Mh Opp. Cosmos Bank	India
S3-257960277	Bridges, Drn & Nuckolls Central Inc	8028- Ashboro Dr, Fairfax County, Virginia	US
S3-980457403	Pune Buildwell Ventures Ltd	588. S.no.58/5/5, Fl.no.o8, Shree Sai Ganesh Resi. Gokul Ngr. Kondhawa, MH, Pune	India
S3-841279874	Vanguard Mobility International Inc	28 Bedford Pump Station Road, Brevard, North Carolina	US
S3-977185134	Dr Think-Developments	दिल्ली, 1St Floor, Block - A, Bhagwati Garden Extn., Uttam Nagar, H.no 7-7, Delhi, Najafgarh	India
S3-100475225	mnjt.com	105 Morris St, # Apartment 2D, Albanny, New York	US
S3-95031195	Sri Venkatesh Group of Pvt Ltd Services	H No. 2-1-565/2/A/3, Ratna Kamal Apartments Near Annapurna Restaurant, Nallakunta, Hyderabad, TG	India
S3-85387607	Bajaj Solutions Private	Suyog Center, Pune, Pune City, महाराष्ट्र	India
S3-227111194	L 3 PEAK BITCOIN	1864 Sunstone Way, Naples, Utah	US
S3-731721249	Frontier Golden Thérapy, LLC	15 Sproat Street, Middletown Township, New York	US
S3-649194559	ஹை ஸ்ரீ சிஸ்டம்ஸ் பிரைவேட் லிமிடெட்	Block E-482 No:1, Krp Towers, Prakash Nagar, Trichy, Tiruchirappalli, TN	India
S3-402083821	Rolfefirstcouriers.Com	9841 2320 Road, Custer County, Oklahoma	US
S3-358449944	Cook, Cecilia F., [DPM]	1407 Loblolly Dr, Harker Heights, Texas	US
S3-54471281	Mr Best Consultancy Foods	A 614, Natasha Golf View, Apartments, Bangalore North, Bangalore, KA	India
S3-991870449	@boor	50006 22nd Avenue, New River, Arizona	US
S3-384751145	Polymath & Sons Private  Limited	6A, Krishna Nagar, New Delhi, DL	India
S3-451668248	hintonsfrontierdiagnostics.com	Maine, 28 Tanglewood Drive, <NULL>, Brunswick	US
S3-267670254	Jain Producer Pharmacy Pvt	54 To 45, R.k.industrial Estate, At Hirasar Survey No.10/1, Rajkot Ahemdabad Highway Nh 8B, Rajkot, GJ	India
S3-62997788	Shree Ventures Límited	महाराष्ट्र, Thane, Door No 6-64 303	India
S3-777734305	rajcare.com	Flat 301, Ipsita Plaza Gothapatana, Chandaka, Khordha, ଓଡ଼ିଶା	India
S3-766371265	Family Services Services (ID: 73710)	1709 Arlington Ave, Bessemer, Alabama	US
S3-10014949	Sustenance Distributors Associates Company | www.sustenance.com	Hn ##962 F-4/119 Sec-16, Rohini, Delhi, DL	India
S3-967838014	Changodar-Solutions	Unit 1 Changodar Industrial Estate, Changodar, Ahmedabad, GJ	India
S3-535525044	Goode  Inc. Properties		US
S3-458617417	Sun	Spaze It Park, Tower B3, 4Th Floor, Unit No- 442-4, Gurgaon, Haryana	India
S3-179084465	Upper Prime Banc [Clinic]		US
S3-680915822	Eye Care Associates Inc.	828 Viga Loop, Rio Rancho, New Mexico	US
S3-964232885	Red Denro Limited	WB, Bardhaman, St. No.-48	India
S3-960164404	Tnej Sérvices Private Limited	Fl. No. ##26, Sr. No. 126/1A/1/1/1, Paschim Rang, Ph-ii, F Bld., Pune, Pune City, MH	India
S3-820679846	ZC Complete Bréad Co	1380 Stanaford Road, Layland, West Virginia	US
S3-232865207	Value  Textile	Murray Hill Rd, Fayetteville, North Carolina	US
S3-463709098	EQ Technology Pvt.	22-2-431/5/A, Noorkhan Bazar, Malakpet, Hydrabad,ap, Hyderabad, తెలంగాణ	India
S3-962789851	Scve  Group	Plto No.212, Jagannathpuri Boring Road, Jhotwara, Jaipur, RJ	India
S3-736227180	Austin Grand Foods Southside	3718- Eton Lane, Austin, Texas	US
S3-89290787	Davis and Irvin LLC Service	Garfield Street, Clarinda, Iowa	US
S3-962595468	Engineering Kd Sduy Private Limited	1007, The Destination Dhawas, Jaipur, राजस्थान	India
S3-628691711	Pediatric Dentistry Physicians Partners Authority	Tennessee, # B7, 288- Stout St, Savannah	US
S3-260727540	Grace Zion  Associates	89 Cottage Street, # Apartment 9, Middletown, New York	US
S3-600622045	anchor.com	80 Bellingham Rd, Brookline, Massachusetts	US
S3-838510780	Johnson Ventures	4216 Witter Rd, Cuba, New York	US
S3-690254806	Motherson & Sons Private Ltd	Arazi No 1476. Village Maharajpur, Narwal, Kanpur, UP	India
S3-604398249	Simpson Mc Inc	315, Marshall, New York	US
S3-718110537	>> Orthopedic-Center	4225 1/2 Alabama Street, Houston, Texas	US
S3-217894522	Prairie Cuonaicl II	3130 14th Ave, Albany, Oregon	US
S3-592505002	Jackson's Desert [Brokerage]	14927 Willow Hearth Drive, PO Box 9832, Houston, Texas	US
S3-894767644	Liana	10881 Cth Zz, Town Of Liberty Grove, WI	US
S3-826618785	Regional Wealth Worldwide (PLLC) (ID: 8504)	8195 1650, Carhtage, Illinois	US
S3-827718285	The United Charter (School)	15425 Haiku Rd, Evansville, Indiana	US
S3-519511995	Department of Transportation	Corbett Road, Mount Carroll, Illinois	US
S3-908409192	Gemor Holdings Group	23388 College Avenue, null, Robertsdale, Alabama	US
S3-104733129	Nexdovaveoio fka Shiva Systems Private Limited	505, 5Th Floor, Dda Building No. 5, District Centre, Janakpuri, New Delhi, Delhi	India
S3-212415157	Carpenters Local 633 Corporation	6933 Kolmar Aenue, Lincolnwood, Illinois	US
S3-993343696	Silvertrading.Com	DL, Jankpuri, C-5d/8 B, Delhi	India
S3-253905368	Bull Continental Fortune	22132 Green River Road, PMB 2202, Colona, Illinois	US
S3-173880097	Andrew Allstate Co	1211 Fosse Rd, Illinois, Marion	US
S3-15152872	Aarvavi Garments Private	Door No 268 Swapnapurti, Sec No 6, Plot No 1, Vimal Villa, Pcntda, Moshi, Poona, Pune, MH	India
S3-647027547	Ea-LLC	30 Natalie Lane, Lake Zurich, Illinois	US
S3-527252035	Friends Research Private Limited	No 26 First Floor Marymatha Building Chalikkavattam Vennala P.o, Ernakulam, KL	India
S3-126503461	Carlson, Bishop & Banks Incorporated	22 Middle Loop, Staten Island, New York	US
S3-735603305	Kudrat-Iron	H.no.: 4-3-293, Secunderabad, Hyderabad, TG	India
S3-905161593	B S &	34 Hughes Shop Rd, Westminster, Maryland	US
S3-9144763	N0dyne	Tennessee, Nashville, Ashington Ln	US
S3-359179503	Hart Creative Activate Inc.	7440  Brookpark Rd, Cleveland, Ohio	US
S3-603074740	caresystems.c0m	Ga-05, Pragacc1, Gf, Z-1, B-15, Sr.no.1-4, Gift Sez, Gandhi Nagar, ગુજરાત, Gandhi Nagar, Un	India
S3-514876194	Family Coastal Health Córporation	137-141 Elm Lake Rd, Speculator, New York	US
S3-588586470	गुड वेंचर्स प्राइवेट लिमिटेड	10, Ghaziabad, UP	India
S3-478421054	Zonda Burke Ace Fuel [PLLC]	117 Bliss Lane, Nellis, West Virginia	US
S3-79192397	NXF Rocky-Indigo	7616 Dome Rd, HOPE MILL Scity, North Carolina	US
S3-396521727	Elite Property Sérvices LLC	005 Gallaudet St, Washington, District of Columbia	US
S3-294220775	Asset Building Society Trading		US
S3-380176381	Jaxarc+ F/K/A Conley Patriot Guardian Inc	124 Oak Crest Dr Drive, Marshfield, MO	US
S3-403298741	एस एस सिस्टम्स प्राइवेट लिमिटेड	18 A, New Ramesh Nagar, Karnal, HR	India
S3-278412710	Bell Signature Data Holdings	14744 Dakota Rd, Apple Valley, California	US
S3-680004419	गुरु प्रोडक्ट्स लिमिटेड	Shri Kalidas Ganpatguru Shardul H.no D/121 Ghota, Tq.hingoli Dist Hingoli Mh, Hingoli, MH	India
S3-843113539	Shemwell  Construction	7067 17, Boylston, New York	US
S3-130304659	QDN Electr0fab Private Limited	Plot No. A-25, Nagpur, महाराष्ट्र	India
S3-133966872	Leung, Dsg & Pryor	455 195, # A, Georgetown, Texas	US
S3-78286800	ब्लैक बिजनेस लिमिटेड	First Floor B-4 Hari Bhuvan, Zaver Road, Mulund West, Mumbai, Mumbai City, MH	India
S3-572999820	Fluxkelo née Infrastructure Black Constructions Limited	27/1, Ground Floor Bakultala Lane, Kolkata, Kolkata, Howrah, West Bengal	India
S3-49952454	Shiva Consulting Corp	6-3-680/7/20, 102, 1St Floor, Sri Durga Chambers, Hariprasad Thakur Mansion Lane, Panjagut, Ta, Hyderabad, TG	India
S3-850261744	zeex wireless partners	602 Angel Ct, # C, Raleigh, North Carolina	US
S3-918947657	Bright Industries Private Limited	9-4-77/3/65, Nizam Colony Tolichowki, Hyderabad, TG	India
S3-240489738	Happy Diner	1236-D Fox Hollow Dr, Lebanon CITY, Ohio	US
S3-565682101	Fine and Solis LLC Partners	52 Reasor Drive, Fl. 0, Saint Louis, Missouri	US
S3-446606035	Reese and Draper	Newport, 058 Spring Pl, Kentucky	US
S3-647411708	Leyva, Berte, (D.D.S.,)	7641 Claremont Drive, Foley, Alabama	US
S3-415785756	[Stone] Goar LLC	Wood Ridge Cv, Cedar Park, Texas	US
S3-786136901	Bright Infotech Corp	Door No 80 Diamond Arcade, 6Th Floor, Unit 607 68, Jessore Road, Kolkata, পশ্চিমবঙ্গ	India
S3-460611554	Sri Hari Finance Stores Limited	Plot No. 7-5, Lower Ground Floor, #The Hub Okhla Phase Iii, Okhla Industri, Al Estate, New Delhi, South Delhi, DL	India
S3-162436722	Parker Interactive (LP)	00106 Bridge Street, Jonesville, North Carolina	US
S3-795746510	Gurugram Investment Private	Apartment No. 303, Gurugram, Gurgaon, HR	India
S3-255084601	LLC Pacheco & Rhínehart	245 Spring St, Westbrook, Maine	US
S3-953906541	Solsol dba Murphy Highland Residential	1229 Patterson Hill Road, Hebron, NY	US
S3-108239351	North Foods Engineering Private	H.no 920 Plot 35 &39, C- 519 New Ashok Nagar, New Delhi, Dmc, DL	India
S3-914834449	Ankle Foot Medicine Center	Phillipsburg, 658 H Street, Kansas	US
S3-195903821	Royal Developers Private Ltd	154A, Pocket- M, Dda Janta Flats Sarita Vihar, New Delhi, दिल्ली	India
S3-659789980	Smart Wholesale Dígital Corp	00254 Palin Ave, # 54, Galt, California	US
S3-232558403	Po Premier Mobile Llc	6733 Kelly Ave, Albuquerque, New Mexico	US
S3-983354464	Heritage Insurance Integrated	34 Strawberry Ln, Staten Island, New York	US
S3-587720850	Commission on	# Unit 240, Oregon, 2077 Empire Avenue, Bend	US
S3-741796586	Drexnovi aka Akshaj Welfare Society	W/N 9, Babu Nagar, Kasaia In, Kushinagar, Uttar Pradesh	India
S3-201940235	K0ch Newbury Premier	El Valle Drive, Chino Valley, Arizona	US
S3-650180301	Balajiinnovativeenergy.Com	B-7 Extn./117a Safdarjung Enclave, New Delhi, दिल्ली	India
S3-124663756	Sgm Sqúare	Martin Burn House, Calcutta, Howrah, পশ্চিমবঙ্গ	India
S3-488892382	Pacific Realty	1907 7020, Salt Lake City, Utah	US
S3-385198682	जय एग्रो प्राइवेट लिमिटेड	Sonbhadra, 239, UP, Bhagwas Ghorawal, Prayagraj Regional Office	India
S3-801018010	lynx mitsui inc	1211 Lorene Drive, Fl. 0, Pasadena, Maryland	US
S3-441214930	Premier पावर Private Limited	1750-A, First Floor, Noor Ganj Hathi Khana. Azad Market, N/A, DL	India
S3-973987458	Apex Ace इन्वेस्टमेंट्स Private Limited	Sh- 01 Pl- 98 Sec- R4, Sunflower Apartment, Panvel, Raigarh(mh), MH	India
S3-460572902	ਪ੍ਰਾਈਮ ਕੇਅਰ ਪ੍ਰਾਈਵੇਟ ਲਿਮਟਿਡ	ਪੰਜਾਬ, Omaxe Sector Satara, Pakhowal Road, Divreportingcircle, H.no 583 Studio No. 07. Second Floor, Ludhiana	India
S3-462182454	Debee Darrow Acadia [Inc]	205-207 600, Logan City, Utah	US
S3-383674308	Nammlniify	1295 Wildflower Ln, Chaska, Minnesota	US
S3-191653110	-- Schaff Paam	2610 Kedvale Ave, Chicago, Illinois	US
S3-422744211	New  Construction	H.no 9, Ratnagiri, MH	India
S3-389400084	Tompkins Bread	409 Cherry Street, Vancouver, Washington	US
S3-569291044	Coyle Chemical of Royse	Duck Heights Avenue, Royse Cty Township, Texas	US
S3-338252003	Rak Stevsiches Limited	House No-723, Haryana, Gurgaon, HR	India
S3-675757657	Urology Beacon Care  Associates LLC	1217 Miami Avenue, Freeport, Illinois	US
S3-973564778	Aurora	Goose Falls Dr, Dubllin, Ohio	US
S3-983804887	Hubbell, Vega & Dominguez Digitalbridge Ltd	18521. Outlet Boulevard, # Suite 203, Chesterfield, Missouri	US
S3-306970078	Shree Tech	Chennai, தமிழ்நாடு, No.38	India
S3-999092654	Silver Consulting Pvt Ltd.	No 8-10/41-42 Elango Nagar 2Nd Street, Tiruppur, Coimbatore, தமிழ்நாடு	India
S3-49979862	VANGUARD CARGO CORPORATION CO	502 Squaw Creek Road, Weatherford, Texas	US
S3-211187797	Super Constructions Limited Services	15 & 7, Bhopal, Huzur, मध्य प्रदेश	India
S3-63895695	Continental  Project	#4946 Augusta Blvd, Chicago, Illinois	US
S3-34165697	Zve	6116 Mt Vernon Dr, Salt Lake City Township, Utah	US
S3-620253541	यूनाइटेड इंफ्रास्ट्रक्चर प्राइवेट लिमिटेड	52, Allahabad, UP	India
S3-234319575	Kd Works  Private Limited	1 Jawahar Lal Nehru Roadsuite No15a C-block 2Ndfloor, WB, Calcutta, Kolkata	India
S3-285643585	ଜୟ ଫୁଡ୍ ପ୍ରାଇଭେଟ୍ ଲିମିଟେଡ୍	No D/125 C/o Rameh Ch Nayak P.no 40, Jagatsinghapur, Jagatsinghpur, Orissa	India
S3-809836116	VO Stores LP	1488 Cedar Springs Circle, Clarksville, Tennessee	US
S3-830273454	Private Golden Cape Ltd	A-#12, Lower Ground Floor Lajpat Nagar -Iii, Delhi, DL	India
S3-412582580	Family Regional Associates PLLC		US
S3-345759167	Maciascontinentalcrumrine.Com	3205 Hodges St, Amarillo, Texas	US
S3-161260530	Private Bombay Conautacy Limited	North East, Plot No ##119 And 120, Delhi, DL	India
S3-579128807	Ramjay Carry-Limited Partners	No. 211, Jayalakshmi, 2Nd Floor, 6Th Main, First Cross, Sameerpura, Bangalore, KA	India
S3-881089743	Federal Payment Labs,	8853 Ahmed Ave, Elk Grove, California	US
S3-74898938	Agro Gwalior Resorts Límited	Hyderabad, TG, 15-9-262	India
S3-639365964	jyotibaadhesivescom	H.no 2, Dhanalakshmi Nagar, Moulivakkam, Kundrathur, Sriperumbudur, Kanchipuram, TN	India
S3-567162063	రాజ్ ఇన్వెస్ట్‌మెంట్ ప్రైవేట్ లిమిటెడ్	8-2-269/C/100, Sagar Soci, Road No.2, Khairatabad, Kukatpally, తెలంగాణ	India
S3-196048518	Syndelta	M-34, Level -1 Greater Kailash 1, New Delhi, South Delhi, Delhi	India
S3-884102164	सुपर राज प्रोडक्ट्स प्राइवेट लिमिटेड	#51/1 Emilia 3 Vatika City Sohna Road, Sector 49, Gurugram, Gurgaon, HR	India
S3-560461891	Barnett Gulf Leapfrog [(Associates)]	526 Rawling St, Washington Court House, Ohio	US
S3-913154842	My Limited Private Tech	Hn 420 772, <NULL>, MH, Raigarh	India
S3-283310384	liberty ministries ii llc	3051 Woodland Court, Millbrook, Alabama	US
S3-984417275	Liberty Liberty Piedmont Brookfield	405 Wilson Avenue, Le Roy, Illinois	US
S3-840384639	Industrial  Electronics Intemational LLC	Snow Camp, North Carolina, 8061 Pegg Neave Road	US
S3-239198401	মডার্ন টেকনোলজিস প্রাইভেট লিমিটেড	C/o Mithu Mandal, Sahadar, Sahadargach, Bidhannagar, Siliguri, Darjiling, Darjeeling, WB	India
S3-740758318	Maxi's Premier Sígns Care	3207 Oriole Way, Unit 12, Bloomington, Illinois	US
S3-902266138	Hildebrand Breeze	6120 Ensign Ave, New Hope, Minnesota	US
S3-263461031	S 2-D-Sumitomo	13801 York Road, PO Box 6227, Cockeysville, Maryland	US
S3-950867925	Sri Prakriti India (India) Pvt.  Ltd.	H.no 196/18 &19 Ist Floor Aiswarya Commercial Center R S Puram, Coimbatore, TN	India
S3-612049354	Smt South Impex Private Ltd	At Post Lasalgaon, Nashiik, Kolhapur, MH	India
S3-206754499	12 Locksmith Hour	5703 Roosevelt Rd, Cicero, Illinois	US
S3-477817745	Pinnacle Mortgage	02397 Wilson Avenue, N/A, Columbus, Ohio	US
S3-672666048	Franklin Institute of		US
S3-809113811	Kara M Robertson, MD	12906 Transit Line Road, Springville, New York	US
S3-826549018	Obsidian	1159 Grassy Creek Cir, Franklin, Indiana	US
S3-229610972	barstowaltisource.com	901 2nd Avenue, Barstow, California	US
S3-807530245	Prairie Initiative	720 Franklin, Michigan City, Indiana	US
S3-151881951	Sentient (India) Forensic Private [Limited]		India
S3-177155261	ZEI Global	Office No. 10, Gandhidham, Kachchh, GJ	India
S3-970744474	लक्ष्मी कंस्ट्रक्शन प्राइवेट लिमिटेड	Village - Paraspur, Gonda, UP	India
S3-422002379	Rayshell's Deli Partners Corp	552. Ranger Drive, Malvern, Arkansas	US
S3-593688102	Shakir Dbbolie  LLC	4251 Stonehaven Rd, South Euclid, Ohio	US
S3-287419190	Midwest lrenic LLC	20 Chandler Place, Newton, Massachusetts	US
S3-352283602	Global Consumer Networks Co	992 Bumpass Rd, null, Louisa County, Virginia	US
S3-755984383	Shree Limited Private  Power	Bl-a, D B Nagar, North 24 Parganas, পশ্চিমবঙ্গ	India
S3-35908111	Smart Pharmaceuticals Midtown  Inc.	Warrenton, 224 Connell Road, North Carolina	US
S3-609598269	Lott Tax Sebrivec LLC	#2173 Cedarfield Lane, Henrico, Virginia	US
S3-929487580	Marketing Sharda Márketing Private Limited	Shaikpet, TG, Flat No. 3-101, Hyderabad	India
S3-416349186	Adams Verde  Holdings	Ohio, Middletown, 3215 Finley Street	US
S3-834681756	Smt raj ventures pvt ltd	3-Fr;Fl-3/1 136 Becharam Chatterjee Road Lp-52/53/0, Howrah, Kolkata, WB	India
S3-314368212	Internal	270 300, Provo, UT	US
S3-322740706	Turner  Kensington L.L.C.	108 Nob Hill Ln, # 12, Louisville, Kentucky	US
S3-686304111	Iriflux doing business as Value Neurosciences	670 Lee Drive, Sacramento, CA	US
S3-243145394	Ironclad  PC	14029 Sellers Rd, Houston, Texas	US
S3-83616705	Pune City Software Group Private [Ltd]	Pune, Patiltownship Balajinagar, महाराष्ट्र, Pune City, Flc103 Sno25 22Adhankawade	India
S3-426826515	Baramati Healthcare Córp	Shalon Niwas, Vasantnagar, Baramati, Pune, MH	India
S3-83646899	YL Communications	Gala No##2 Shri Sankul Apt, Opp.dr Thatte Clinic Br, Sangli, MH	India
S3-943582146	Private Gold Estate [Limited]	Sin Hasa Jawahar Tekri, Main Road Near Govt.school, Indore ., MP	India
S3-4227096	Corp Lake Jackson, Village Of	108 Flag Dr, Lake Jackson, Texas	US
S3-439312690	Pvt WYQ Sérvices Ltd	#380 Aswini Dutta Nagarhindmotor, Hugli, Hooghly, পশ্চিমবঙ্গ	India
S3-85653264	Caus PLLC	Mequon, 6030 W Woods Ct, Wisconsin	US
S3-515317456	Jin Nutraceuticals Limited	38-33-36, <NULL>, Visakhapatnam, Vishakhapatnam, ఆంధ్రప్రదేశ్	India
S3-367087127	Signature Analytics Dynámics LLC	255 Lawton Road, Riverside, Illinois	US
S3-199958770	Highland Cayson East Inc	06725 Marble Canyon Dr, City Of El Paso, Texas	US
S3-73147333	Caldan  Computing	#428 Mission Rd, Fl. 0, Wichita, Kansas	US
S3-542228067	Kittredge Agxe Inc	Gillespie Run Road, Petroleum, West Virginia	US
S3-857862742	Brennan Choice  Tax	20-C Cedar Ln, Fairview, North Carolina	US
S3-514031002	UX Global Private Ltd		India
S3-265306910	Pay Prakashan  Pvt Ltd	South Delhi, DL, L 1/1959 Sangam Vihar Nd 67 Near Ashtal Mandir, New Delhi	India
S3-186066121	Brixrizaarc a/k/a Dawa Bazaar R.N.T. Marg Project Private Limited	124, Third Floor, Dawa Bazaar R.N.T. Marg, Indore, Madhya Pradesh	India
S3-164110741	Oncology Féderal	001545 Woodhurst Avenue, Mayfield Heights, Ohio	US
S3-681510427	Smith Aria	##533 360, Vineyard, Utah	US
S3-822758304	Nexyumapyra formerly known as Sheelagh Wiser Hotels PC	2713 James Hamilton Road, Monroe, NC	US
S3-780715620	Express  Chimera Inc	1- Euston Rd, New York, Garden City	US
S3-431551410	Bates Services	11 Main St, East Hampton, Connecticut	US
S3-62126477	Kamat Solutions Limited Services		India
S3-963077023	Grove Stifel		US
S3-380899352	Guru Vision It Restaurant Private Ltd	133, Sector-1 Chiranjeev Vihar, Ghaziabad, UP	India
S3-12082260	5ervices Smsgahgl  Technology Private Limited	UP, Gautam Buddha Nagar, Flat No. 102	India
S3-966620506	Kochi Mills  Limited	Door No. Door No. 40/6354, Kochi, Ernakulam, KL	India
S3-593819471	Preferredbsp.Com - 7497588021	Indiana, Washington, 6717 Autumn Chsae Dr	US
S3-462483873	Unitex Brothers		India
S3-27113403	Ravue  Franklin (ID: 48881)	1609 White Birch Cir, Ankeny, Iowa	US
S3-318681632	>> Saint LLC Center	Natural Bridge Station, Virginia, 346 Cedar Bottom Rd	US
S3-538560254	Synnyla	No 03 Meridien Apts Bldg No1veera Desai Rd Andheri W, Mumbai, महाराष्ट्र	India
S3-439612999	Common International School LLP	Gobar Toli, Patna, BR	India
S3-213835616	Pune Private Limited Center	Office No. 39, Fourth Floor, Bandal Dhankude Plaza Right Bhusari Colony, Kothrud, Kothrud, MH	India
S3-265402651	LUCINA MICKLE INNOVATIVE ELM L.L.C.	5718 Webster Road, Cowen, West Virginia	US
S3-619771524	G X + M Fox	68 Adolph Dr, Sabattus, Maine	US
S3-968044034	Mr Shrim Clinic Limited Limited	#C-5 Bandapura, Bangalore North, Bangalore, KA	India
S3-734272775	East Perfect Systems Private Limited	D/46a, Block-e, Kanpur Nagar, Panki, UP	India
S3-822252151	Om Associates &	A-10, Choksi Apartment, Near Jain Temple, Vakola, Santacruz(east), Bombay, Mumbai City, MH	India
S3-514890065	Veracity Polytechnic Private Ltd	13, Ashok Nagar, Udaipur, RJ	India
S3-607261815	Kelonovidelta t/a Unified Business Worldwide LLC	2508 Crabbe Boulevard, Unit B, Steubenville, OH	US
S3-435893627	Ltd Purnia Travel	Lata Suman W/o- Shailesh Chandra Suman Baxhaghat Road, Purnia, BR	India
S3-707417360	Garza Grifols Llc	63 Backus Ln, Putnam Station, New York	US
S3-446993844	Fortune Impex Limited Services		India
S3-70934854	Shambhavi Educational  Society Ltd	No #735 Flat No. J/4, Pune, महाराष्ट्र	India
S3-335719013	Apex Inc	28 Bertha Allen Road, Westminster, South Carolina	US
S3-385935703	PC	Room No. 602, Thane, Maharashtra, 6Th Floor Gaikwad Heights, Beside Bhagirathi, Thane	India
S3-162353734	mcneillgenerating.com	100 Browning Street, PMB 9827, Stratford, Connecticut	US
S3-88273826	Chirag  Voeclme Pvt. Ltd.	Phanshul Homes, S. No. 22/10, A/16, Lane No. 4, Laxman Nagar Behind D Mart, Balewadi, Pune, null, MH	India
S3-278504638	Orbiecto doing business as 3055 Ocean Drive Holdings	968 Stuart Drive, Galax City, VA	US
S3-787646	SHYAM INFOTECH PRIVATE LIMITED	C-96 Radhey Shyam Park Extension, New Delhi, दिल्ली	India
S3-926286339	ZQT Adarsh-Limited	House Serial No. 1371, Bathinda, PB	India
S3-669834784	bangalore north mills private limited	Bangalore, No D/170 & 171, 6Th Cross, Bhuvaneshwari Nagar, KA, Bangalore North	India
S3-637968011	Harda Inleah Corporation	C/ovijay Tada Infront Of, Mayur Lodge Indore Road, Harda, मध्य प्रदेश	India
S3-504298489	Deep	A/21, Shivshakti Chs Ltd., Indira Nagar, Opp. Madhuvan Society, J.P. Road, Andher, I (West), Mumbai, Mumbai City, Maharashtra	India
S3-477246123	Ashirbad  Servicesprivate Private	S 307 Multilevel Shed Kan0riya Pl 3002 F 1 Anklesvar, Bharuch, GJ	India
S3-510108255	Ssv Co Services	Khasara No. 123/2 & 124, Rahimnagar, Lucknow, उत्तर प्रदेश	India
S3-964400451	Smt Bundelkhand LLP Center	B-18, Divreportingcircle, DL	India
S3-354675571	Downey  Commerce Group	20056 Bethel Road, Abinngdon, Virginia	US
S3-666154891	Crystal Mfa Incorporated	318 Stroud Drive, Lebanon, Tennessee	US
S3-158962846	Shri starsunindiapolymers.com	230 And 233, Flat No.601 Gowliguda, Troop Bazar, Karmanghat, 015-9-229, Hyderabad, Andhra Pradesh	India
S3-785378768	Physical Therapy CARE Associates, INC	2101 Kay Ln, Fl 1, Columbia, Missouri	US
S3-285974165	Finance Rosewood Bharat Private (Limited)	S 412, Laxmi Plaza, Office 217/218 2 Floor, Kasarwadi, Latur, Pune, महाराष्ट्र	India
S3-266005867	Urgent Care Specialists Of City Of Onalaska	918 Northern Sands Pl, Onalaska, Wisconsin	US
S3-657703832	Pj Brothers Private Limited Center	T.c.a-24/1606(a), Praveena Cottage Thycaud. P.o, Thiruvananthapuram, Trivandrum, KL	India
S3-240372487	JOYE GARZA TSAKOS	515 Massena Saint, Syracuse, New York	US
S3-955963853	Straight Edge  Tavem Eastgate Corp	50 Cleveland Avenue, Frnklin CDP, Massachusetts	US
S3-359772594	Fiis-L.L.C.		US
S3-676382185	frontiercommittee.com	4600 Alabama St, City Of El Paso, Texas	US
S3-59545780	heartlandministriesiv.com	05719 87th Ave, Maryvsille, Washington	US
S3-443144669	Oncology  Group Care Group	##744 Flynn Rd, Memphis, Tennessee	US
S3-447949190	Driect lii  LLC	19 Logan Street, # Apartment 1, Auburn, New York	US
S3-21641922	Sirius  Islands Co	214 N Grande View Lane, Maylee, Alabama	US
S3-872836122	Prime Virtus	05440 Atlantic Springs Rd, PO Box 333, Raleigh, North Carolina	US
S3-906407468	Veda's Great Marketing  Care	Great Kills Road, Staten Island, New York	US
S3-643607727	Morales, Therine Clear Foods (Inc)	326 5st St, Oswego, New York	US
S3-133062970	anchor chemical group	2 South St, Beacon CDP, New York	US
S3-598042361	Shri Mohit Enterprises Private Ltd	25, Amrasagun Bunglow, Opp Satellite Road B/h Fun Republic, Satellite, Ahmedabad, ગુજરાત	India
S3-287095900	Ctc & Partners Company	11/1 Hey Sham Road, Kolkata, Calcutta, WB	India
S3-3764948	fxtsolutions.com	396/3, Chennai, தமிழ்நாடு	India
S3-22591842	Sun व्हाइट Exports प्राइवेट लिमिटेड	Survey No. 706, Jalgaon, महाराष्ट्र	India
S3-795689669	Yuva	H. No 81J, Gopalapur Po - New Shivpuri Colony, Gorakhpur, Uttar Pradesh	India
S3-280818619	Ars College	M 154, Jalgaon, MH	India
S3-188570179	Services Dynamic Westin LLC	163 Old Highway Road, Charles City, Iowa	US
S3-692020656	Prantech Electronics	C/o Bindeshwari Pd. Y, Panch-bararivill-gopalpur, Bhagalpur, BR	India
S3-439803126	Baptist Svcs LLC	21 Greenspring Dr, Unit UNIT 103, Stafford County, Virginia	US
S3-370590468	રામ ફૂડ પ્રાઇવેટ લિમિટેડ	205/1, Sur No. 341/1/2, Plot, No. 55T, Shilp Arcade, Opp. Kailash Flat & Silver, Palace, Ahmedabad, GJ	India
S3-769956447	Nh Systems	MH, Akurli Road, Near 282 Last Bus Stop, Damu Nagar, Kandivali (East), Bombay, Mumbai City, Pandey Nivas	India
S3-200268227	Pvt Energy Wilson Services Overseas Limited	Shop No. 17-G, Zanzarda, Junagadh, GJ	India
S3-494215729	LLC BRIGHT CHEMICAL DIGITAL,	42 First Street, Hinsdale, Illinois	US
S3-595328090	Padilla Sports,	25178 186rd Lane, Fl. 1st Floor, Wittmann, Arizona	US
S3-18097250	Cheryl Eagles Green Natural LLC	018 Capitol Pl, Huntington, New York	US
S3-921434194	Dream Engineering Private Ltd	No.7, Ramakrishnapuram, Villiwakkam, Chennai-49., Perungudi, TN	India
S3-224592488	Samridhi Vikram Vikram Private	125-Sharda Vihar Colony, Gwalior, MP	India
S3-932948377	carterfourgroup.com	2210 Cattail Cir, null, Fayetteville CDP, North Carolina	US
S3-857115830	Custer Institute of Technology LLC	13814 Doubloon Ave, Galveston, Texas	US
S3-744781487	Maclaria Inc	142 Brush Alley, ELK Garden DP, West Virginia	US
S3-453405786	COMMISSION ON ENVIRONMENTAL PROTECTION	1102 Man St, Unit Lot 3, GROE, Oklahoma	US
S3-32631520	Ltd Pets Ácademy	Raj, Om Tirupati Balaji, Park, St No 4, Dheber Rod, Rajkot, GJ	India
S3-25581655	Shri 8aba Enterprises Private Ltd	C/o Ravji Mate S/o Shankar Mate, Nashik, महाराष्ट्र	India
S3-119898734	Smith Principal  Continental Co	5053 Walnut Ave, Sacramento, California	US
S3-744689034	Mp-Technologies Enterprises Pvt	Door No 7-47 E-246 Road No. 34, V. K. I. Area, Jaipur, RJ	India
S3-820111364	Premier Learning  Laboratories Group	9 Tallwood Trl, Palmyra, Virginia	US
S3-552211180	Drexfaye DBA: Harbor Integrated Tokyo	509 Tall Ship Drive, Unit 108, Salem, SC	US
S3-539544246	Metropolitan Metropolitan Ramaco	228 Gibbs Ct, Beaufot, North Carolina	US
S3-247429745	baney intelligence riverside	Houston, Texas, ##11311 Glenhollow Drive	US
S3-673192764	Shri Kakatiya Learning	30, Alkapuri, Udaipur, Sukher, राजस्थान	India
S3-942460482	Llc YWH Convertible	06220 Harvest Street, Springfield, Ohio	US
S3-876391220	The 3096 Center Plaza Management Group	2270 Darcy Ln, Billings, Montana	US
S3-5730591	Laskey Montessori School Center	901 Oro Valley St, Fort Worth, Texas	US
S3-289808160	Tech Properties Private	West Delhi, Puru Apartment Plot No 22, Sector 13, Rohini, DL, A-20/4, Delhi	India
S3-141695410	M/s Ciraxylo	House No. 100, Faridabad, Mujessar, HR	India
S3-166402364	Lans Conductors Pcrieae-Limited	Plot 884 C/o Sangameshwar Motiram Patil Mukhed Mukhed Tq. Mukhed Mukhed, Nanded, महाराष्ट्र	India
S3-463770974	Sri Black Public School	Shop Comp, Alaknanda, Tara Appt., New Delhi, DL, South Delhi, G T/f Ii	India
S3-984340352	UC	#24 Sy #139, Shop #3&4, Gear Schl Rd Doddakannahalli, Sarjapura Main Rd, Bengaluru, Bangalore Rural, Karnataka	India
S3-946443220	Tech Software Private Limited	No 05/11A, 1St Floor, Phase-ii, Ida, Cherlapally, Kapra Mandal, Medchal, Malka, Jgiri Dist, Hyderabad, Andhra Pradesh	India
S3-488927594	Physical Therapy Health Co	1647. Bay Ridge Road, Fl. 0, Edgewater, Maryland	US
S3-203199814	Rayshell's Deli	547 Ranger Drive, Malvern, Arkansas	US
S3-431865866	Jackson LLC Pangelinan Summit & &	1170 Church St, Ventura, California	US
S3-936751003	KS Enterprises Private	Plot 1412, Chanakyapuri, Sainik Colony Pushpa Raj Sumitra Sadan Gola Road, Patna, बिहार	India
S3-793044337	Smt Arka & Có	MH, Kanuprtya, Navi Mumbai, B Wing, 701, Sector 18, Plot No 32 And 33, Kamothe, Raigarh	India
S3-812301343	LEBLANC COMPANIES INC.	112 Woodford Street, # APT 5, Portland, Maine	US
S3-282444210	Audre Maashun Triton Inc	5530 Yaupon Dr, Arlington Township, Texas	US
S3-821442528	Diax Group	#11122 13, Watertown, Minnesota, PMB 7759	US
S3-951340375	Thompson Specialists	PO Box 7977, Hoffman Estates, 00725 Evanston Saint, Illinois	US
S3-784732395	Cascade Cóntrols	3007 1/2 Hidden Mist Ct, Pearland, Texas	US
S3-855730759	Sri Galaxy Services Private  Limited - 8706360139	C/o Sri. Rinku Kumar, 1709, New Dasratha, Patna Sadar, Patna, BR	India
S3-792143524	Elder & Htrnss-LLC	116 Foley Lane, Folsom, California	US
S3-388748264	Alverta's Biotechh	12308 Millstream Dribe, Bowie, Maryland	US
S3-684860511	Ínc Corporate Logistics Consultants	23806 17rd Ave, Bothell, Washington	US
S3-525263783	Urgent Care (Associates)		US
S3-670469055	SHOOK FRONTIER NEWHOLD INC	Maryland, 5707 Sora Lane, Riverdale	US
S3-556986578	... Axon Brothers Pvt  Ltd	162, Ghaziabad, UP	India
S3-337596102	Wu and Ziegler, Co	41 1000, Orem, Utah	US
S3-452070689	Tpheritage.Com	1. Church St, Ellenville, New York	US
S3-277500397	Behnam Air LLC	Mckinley Blvd, Mcdonald, Ohio	US
S3-201775848	Hindustan Memorial	#36 & 38, S/f, Nishant Park, Blk-c, New Delhi, South West Delhi, DL	India
S3-123927121	Metro  Society VI	614 High Ridge Ln, Alpine, Utah	US
S3-985535107	Pacific Pacific Biotechnology Llc	Alexander Street, # Unit 1, Rochester, New York	US
S3-30495256	Vision Bay Associates Federation	10- Columbia Cir, Plymouth, Massachusetts	US
S3-126508423	Gurugram Evdenots Holdings Pvt. Ltd.	Hd-41, Dlf Two Horizon Centre, 5Th Floor Dlf Phase 5, Sector 43, Golf Course Road, Coimbatore, Gurgaon, HR	India
S3-679851251	Click  Vceutres	#404 Rajwadi House, Opp. Boys Hostl, University Campus Road, Ahmadabad, GJ	India
S3-90556472	Williams Group	4657 Collins Rd, Marianna, Florida	US
S3-372827084	Mr Apex Vinimay (India) [Infratech]	#3-35 Near Kk Sales, Mahaveer Pura, Guna, MP	India
S3-69634054	Balaji Services-Private-Limited	DL, New Delhi, Y 74/1	India
S3-401967590	High Pvt Ltd Center	DL, South Delhi, Khera, Hn 0068 L.s Plot No-33 Kh No-308 Shivpuri Part-1 Village Dindarpur Najafgarh New Delhi New Delhi	India
S3-726903495	Clean Alliance Corp Services	Baseline Rd, # Apt 158, Little Rock, Arkansas	US
S3-121897790	Christina Coronado Bhav Llc	# 2310, Peoria, Arizona, 10950 Union Hills Dr	US
S3-73069804	LLC Cook & Mccarty,	Mineral Wells, 4050 Keller Road, Texas	US
S3-280745388	Reeves Farms Inc	##342 Hawthorne Boulevard, Glen Elyn, Illinois	US
S3-5435559	Surya Food Private	###126 Anupam Nagar Ext-1 City Centre, मध्य प्रदेश, Gwalior	India
S3-533206625	Kelly, Clark  & King Dome LLC	965 Florida Alenue, Unit 309, Washington, District of Columbia	US
S3-891458029	P 6 U Merger LLC	9303 Sentinel Ridge, Pennsylvania, Norristwn CDP, Bldg. Building 9	US
S3-657924861	kalanaylorlatin.com	630 Aztec St, Bouldeer, Utah	US
S3-802825010	*** Maid-Bistro! Maid-Bistro! [Inc.]	21307 48rd Ave, Unit C305, Mountlake Terrace, Washington	US
S3-460390217	Newdelhi Economy Private  Ltd	Newdelhi, North Delhi, DL, A-16 Mangolepuri Indl.areaph-ii	India
S3-10850244	Gonzalezrealty.Com	10518 Wihte Oak Rd, Dinwiddie County, Virginia	US
S3-999365039	स्काई Developers	Nilothi Road Nangloi, Delhi, DL, 31/16	India
S3-449317669	Multimax Brothers	B- 201, 202, 203, 204, 205, Second Floor, Montclaire Office Spaces, Haveli, Pune, Maharashtra	India
S3-751998906	Moriarty Phárma	10384 Chickahominy Falls Ln, Glen Allen, Virginia	US
S3-544960509	General Design ínnovations LLC	Mesa, #7241 Osage Ave, Arizona	US
S3-195827499	Ltd Modern Engineering	Door No 20/F1, Tsiic Automotive Park, Muppireddypalli Village, Medak, తెలంగాణ	India
S3-640278991	Highland Charities	77 Montauk Hwy, Brookhaven, New York	US
S3-231422148	Oncology Ace PLLC Center		US
S3-185368538	Rajkot Trading Private Limited	Gurudev Industrial Area Plot 1-2, Rajkot, GJ	India
S3-82832592	Mr Dovaveo	Door No 18/1, 8Th Cross, D T Road Malleshwaram, Bangalore, KA	India
S3-556422472	I & A Midland Partners Corporation	291 Green Glen Spur, Tallmadge, Ohio	US
S3-200319274	Swastik (India) Finlease	Plot No. 27, Udyog Vihar, Heerawala, Jaipur, RJ	India
S3-577394797	Pvt Nagendraer Care Ltd.	#207 Jessore Rod, Kolkata, South 24 Parganas, পশ্চিমবঙ্গ	India
S3-107188235	Dynamic & Có	H. No. 94, C/o Surendra Das, Near Sugar Factory Chhota Bariyarpur, Ward 37, Motihari Co, Urt, Chhautani, East Champaran, BR	India
S3-923557796	Redwood Tansaot	1315 Meadgreen Circle, Austin, Texas	US
S3-677044376	Rv Daddy Limited	18-7-20, Tirupati (Urban), Chittoor, AP	India
S3-614070722	L.L.C. United Llóyds	##625 Liberty St, California Borough, Pennsylvania	US
S3-491966248	Hnaocoick Sui LLC	113 Shore Acres Lane, Branson West, Missouri	US
S3-530776538	Metropolitan Marketing International Corp	Virginia, York County, 805 Hornsbyville Road	US
S3-503873727	White  Athene	50 Henry's Landing Ln, Dunn, North Carolina	US
S3-45333811	Portland,  Township Of	5805 Milwaukie Ave, Oregon, Portland	US
S3-615285354	Internalmedicinegreat.Com	3297 State Route W, Appleton CITY CITY, Missouri	US
S3-74173234	David Patriot Biotechnologies-Llc	1901 Golden Drive Wst, Unit UNIT G, Belgrade, Montana	US
S3-906593213	Bautista Chmapmionsgale-Pc	113. California Ave, Unit 203, Quincy, Massachusetts	US
S3-500083243	Barbee Oliver Pgim Inc.	2920 Gleason Terrace Ln, N/A, LA Marque CITY, Texas	US
S3-998317620	Clean Índia Private Limited	F3, 1St Floor, Shiv Complex, Village Vallabh Vidhyanagar(m), Taluka Anand, Dist. Anand, Anand, GJ	India
S3-529106265	Tamil Diam Care Company	##4 Ganesh Chandra Avenue, Kolkata, Calcutta, পশ্চিমবঙ্গ	India
S3-956822310	Family Care of Worcester Co	Worcester, Unit 505, 1054 Main St, Massachusetts	US
S3-888307500	dreamredinfotech.com	E- 00425, NULL, Bangalore, KA	India
S3-758341289	Prairie  Complete Services	829 Maple Avenue, Fairborn, Ohio	US
S3-961163041	Mumbai Herbal Pvt	Parksite Colony Road No 1, Mumbai City, Bombay, MH	India
S3-727709899	Uptown Diner	3977 Bradley Rd, NULL, Somis, California	US
S3-456307838	Gaps Educational Society Company		India
S3-175604630	Katy Nunez  LLC Center	Ohio, 723 120 St, Toledo	US
S3-37434270	Products Shivapriya  Products	Plot 214 D-44 Bapu Nagar Senthi, Chittorgarh, राजस्थान	India
S3-362180773	pivalley.com	2458-D Beacon Hill Drive, PO Box 392, Dubuque, Iowa	US
S3-527269911	clean trading consultants	3236 Heritage Cir, Hendersonville, North Carolina	US
S3-346555268	Carmine'S Advisors Corporation	Pleasant Valley Rd, Marion, Montana	US
S3-758178961	Daughtry, Alicea and Garibay Incorporated		US
S3-45845630	Chiropractic Center of Kansas City Valley	Kansas CITY, 7440 Sycamore Ave, Missouri	US
S3-887281213	Vijayawada Limited Private Network	40-9/1-30, Swetcha Plaza, Vasavya Nagar, Benz Circle, Vijayawada, N/A, AP	India
S3-500778763	Blue Limited Services	#A-555 Hiladn Woods, Maple, Flat No-11r, Rajarhat Action Area- Iic, Kolkata, Kolkata, Howrah, WB	India
S3-552482406	Mcdonald Better Fócus	16218 Mary Elaine Shouse Saint, Porter, Texas	US
S3-278990383	Turner Peak Osprey Osprey Llc	81 Friendship Road, Fl 0, Frienddship, Maryland	US
S3-224938812	AJ Treasury [LP]	13th Ave, Bessemer, Alabama	US
S3-105176398	Pacific Alliance	Beech St, Fayetteville, North Carolina	US
S3-815218903	Story Cldinic Ltd	63, Sardarpura, Udaipur, RJ	India
S3-963582616	Spencer  and-Smith	02 Canyon Creek Drive, Del Rio, Texas	US
S3-795284349	Winkle and-Johnston Midtown	623. Greene Drive, Lebanon, Tennessee	US
S3-595749651	Eastern International Constructions	Apartment No B6, Ernakulam, Keralam	India
S3-548463191	Eagan and Cerda  Partners Corp	3010 Hill Springs Drive, London, Kentucky	US
S3-912251707	Tr0pical Sangh Co	#C-47 Shardhanand Marg G B Road, Delhi, Central Delhi, DL	India
S3-207447074	Young (India) Constructions Pvhoe Limited	C-4526 Dlf Phase 4, Gurgaon, हरियाणा	India
S3-53518067	Mp Software	H.no 261, Main Road Brahampuri, Ghonda, Delhi, North East, DL	India
S3-55848313	@brightproperty	##102 Carol Ln, RED OAK CITY, Texas	US
S3-781216657	City Finance	Plot No. 219, Pocket -3, Kanjhawala, Delhi, DL	India
S3-167394513	First Defi Llc	8- Orchard Street, Clarkstown, New York	US
S3-435717151	The Metropolitan Federal Staking LLC	8211 Woodview Dr, # Unit B, Sherwood, Arkansas	US
S3-127370166	Sri Ram  Stts Private Limited	Plot No 797. And 798 Hotel Deccan Inn, Rangareddi, Shaikpet, Andhra Pradesh	India
S3-9566681	Levy & Crawford Supply	Mesquite, Unit 1053, Texas, 1164 Americana Ln	US
S3-665896175	Ferreon Graphics  Co	1009 Retriever Lane, Raleigh, North Carolina	US
S3-486828208	ତିରୁପତି ଫାଇନାନ୍ସ୍ ପ୍ରାଇଭେଟ୍ ଲିମିଟେଡ୍	Plot No-c/##57 Sahid Nagar, Bhubaneswar, Khordha, OD	India
S3-274160205	Agra Technologies Private	##6/81 Belanganj, Agra, UP	India
S3-6425571	branakellycascade.com	PO Box 6287, Colorado, 07215 Hyperion Way, The Pinery	US
S3-463607712	Harbor Harbor Storage L.L.C.	226 Post Oak Drive, Kingsport, Tennessee	US
S3-167024031	Donia K. Butler, Ph.D.  Co	3947 Fairfax Ave, <NULL>, Dallas, Texas	US
S3-663476050	Hagenbuch, Howard And Richardson Liquor, Inc	0369 624, Mentone, Alabama	US
S3-42648735	#techconsultancy	No 37, 2Nd Floor, 2Ndcross, Sri Krishna, Babusapalya, Bangalore North, Bangalore, KA	India
S3-486716648	Trust Piedmont Iii	433 Oakdale Ave, Glencoe, Illinois	US
S3-830908536	De-Realty Prsivaet Limited	4Th Flor, Flat-d-403, Suman Niketan, Smc Awas, Lalita Chowk, Surat, Surat City, GJ	India
S3-521520148	Ludhiana Estate Estate	228-B, Industrial Area A Near Suffian Chowk, Ludhiana, PB	India
S3-756186752	Pinnacle Berkley Group	972 530, Spanish Fork, Utah	US
S3-571037570	Rajnagar Fod	Panch - Simri, Vill- Simri, Rajnagar, Simri, Bhoot Nath Chowk, Rajnagar, Madhubani, बिहार	India
S3-819829791	ebt gulf tpg	##105 Oconnell Road, Moira, New York	US
S3-436821178	ब्लैक बिजनेस लिमिटेड	First Floor B-4 Hari Bhuvan, Mumbai City, Mumbai, MH	India
S3-608881727	HJ-Organics (Ltd)	Second Floor, 9-10 Dividing Road, Sector-10, J-47, Faridabad, HR, Faridabad	India
S3-788917349	Kamakhyanagar Taxation  Partners Enterprises	Plot No 39 Khata No 415/507, Kamakhyanagar, OD	India
S3-916705552	Apex óptimal lndustrial LLC	949 Roanoke Rd, Botetourt County, Virginia	US
S3-992071519	Gm Tráders Holdings Private Limited	4367, K.g.b. Ka Rasta Johari Bazar, Jaipur, RJ	India
S3-264788706	Gold  International Consulting Pvt Ltd	31/43A, Ganthi Nagar, Coimbatore North, Coimbatore, TN	India
S3-747415674	Devendra Sfotane LLP	46 C, Allahabad, Koraon, UP	India
S3-265573391	Bridge Realinfra-Bangalore (Llp)	# 14, null, Bangalore, Banerghatta, KA	India
S3-964781651	Jay Shiv Tráding	4084/1, Shivshakti Nagar, Washi Taluka Washi, Dharashiv, Osmanabad, MH	India
S3-923413622	Gager's Superior	208 1/2 Carrington Avenue, Brightoncity, Tennessee	US
S3-129500563	Andersen Enterprises	926 Grande Ave SE, Cedar Rapids, Iowa	US
S3-448637357	BELL & LOWE, PLLC	128 Fairmount St, Connersville, Indiana	US
S3-521667890	प्रीमियर अल्फा एनर्जी प्राइवेट लिमिटेड	321- Vyapar Bhavan49 Pd Mello Road Majid, Bombay, Mumbai, MH	India
S3-601059420	CREATIVE BRANDS INC	4028 Blackstone Drive, Unit 204, Raleigh CITY, North Carolina	US
S3-849620100	IAC Heartland Cbre Co	302 Ridgetop Lnae, Southeast, New York	US
S3-168843360	Rae Dominion Heritage Burman Inc	208 9rd St, Unit 313, North Wilkesboro, North Carolina	US
S3-606677586	Products Sir  Landscape Limited	No.3469/7, Mysuru, 7Th A Main, 4Th D Cross, I Block, Kanakadasa Nagara, Dattagalli 3Rd Satage, Mysore, KA	India
S3-191886085	Real Investments Private Ltd		India
S3-680821489	Tandon Ignsatcituge	3, Malbar Hills, MH	India
S3-385756953	8righteus Armada	#601 Pine Street, LAKE Village CITY, Arkansas	US
S3-763767798	सदर्न सॉल्यूशंस प्राइवेट लिमिटेड	RJ, Jaipur, Sanganer, Ga 403	India
S3-465321818	Sun Sree Developers Jewellers Pvt	1-65/20/9, Hyderabad, TG	India
S3-154475994	Gokul  Trust Enterprises	পশ্চিমবঙ্গ, G.t Road (S) 5Th Floor Room No-519, 550, Howrah	India
S3-156785651	Ectotavowex d/b/a Clyola Neuberger Group	21 Elm Lane, Westerlo, NY	US
S3-307749198	Best Energy Pvt	Plot No: 93, Road No: 12 Sri Krish Nagar, Patna, Satellite, बिहार	India
S3-439745267	Advanced  Sumitomo	2382c Colgate Ln, Tonao, Virginia	US
S3-938797512	Kelsey Valley	206 S Fork Circle, Pataskala, OH	US
S3-427613231	South Nasial Intercontinental Inc	6026-6030 68th St, PO Box 6299, Gig Harbor, Washington	US
S3-358091796	Choice Bíomedical Group	7227 Englehardt Drive, <NULL>, Raleigh, North Carolina	US
S3-574922744	यूनाइटेड लक्ष्मी मार्केटिंग प्राइवेट लिमिटेड	Begalow No. ##6, Kariappa Road, Cantt, Varanasi, UP	India
S3-945904719	Colonial Elite Saul Riverside Inc.	##33 Hearthstone Court, # A, Annapolis, Maryland	US
S3-210843237	Prem Electra  Center	Garmal Paschim Medinipur, Midnapore, West Midnapore, WB	India
S3-975930856	Dermato1ogy Value Health Llc	9910 Taconic State Parkway, Chatham, New York	US
S3-164678456	Llc O 5 Integrated Restaurant	733-A Truman Avenue, PO Box 9879, Grants, New Mexico	US
S3-136927085	Pacific Data  Consultants	765 Roosevelt Trl, # UNIT 1043, Windham, Maine	US
S3-30005277	ZKJ Merchants (Limited)	RJ, Hn 1-814 98, Tonk, Patel Nagar	India
S3-286366713	Machinists Union Local 202 No	123- Day Hill Rd, Windsor, Connecticut	US
S3-881280565	Prairie (Fbbdermtbon)	480 Crescent Rd, Murfreesboro, Tennessee	US
S3-939560890	International Pioneer Media	Qr A-1/3, Raghogi Nagar, Nagpur, MH	India
S3-969198022	The Womens Health Quality Group	80 Cay St, # 612, Quincy, Massachusetts	US
S3-408563210	Bennett & Hmárdnig	1339 Ashbourne Rd, Elkins Park, Pennsylvania	US
S3-800549082	Western Beacon Défense LLC	1519 32th Street, Fargo, North Dakota	US
S3-497572752	Regional Leasgue LLC	123 Colonial Avenue, Abington Township, Pennsylvania	US
S3-602673612	Blue Cnsturgton LLP	Hn 204 C-6/298, C Block Yamuna Vihar, North East, दिल्ली	India
S3-433049048	Safalya Brothers Private Limited (Services)	201/A, Andheri (East), महाराष्ट्र, Mumbai	India
S3-534691337	Sri Vastushilp Brothers Group Ltd.	52-A Second Floor Kalu Sarai, South West Delhi, New Delhi, DL	India
S3-459452609	Vantagefayenovi doing business as Indo Consultants Private Limited	16-1-28/47/A/3 Jaya Nagar, Saidabad, Asmangadh, Hyderabad, Rangareddy, Telangana	India
S3-113578777	Mr Supreme Foundation Limited (Services)	UP, Block C-233/8 S-1, Second Floor, Master Complex Sharma Market, Gautam Bodda Nagar, Sector-05	India
S3-40726845	valuesevasamiti.com	Block D-818 4/104, Panchsheel Colony, Garh Road, UP	India
S3-833582148	Kelonyla D.B.A. Anchor Tri-State Horse Clinic	35317 Cabernet Circle, Waukee, IA	US
S3-61286638	ಶಿವ್ ಇಂಡಸ್ಟ್ರೀಸ್ ಪ್ರೈವೇಟ್ ಲಿಮಿಟೆಡ್	#3, Bangalore, KA	India
S3-93460072	Arete Homes Parvtae Limited	Door No 17, Tilok Complex, Main Chauraha Madan Ganj, Kishan Garh, Ajmer, RJ	India
S3-256664217	QMT  Granite	No.19-30-420/1, Jahanuma, Charminar, Hyderabad, Andhra Pradesh	India
S3-72582098	Sanghvi and-Sons Overseas L.L.P.	Door No 5017 C Block, Thrishala Saffron Apt, Serilingampally, K.v.rangareddy, తెలంగాణ	India
S3-282461813	WM Elite Dil Holdings	010 Dogwood Ln, Orangetown, New York	US
S3-644580775	mumba healthcare group ltd	Kolkata, 2B Dr Sundari Mohan Ave, পশ্চিমবঙ্গ, Calcutta	India
S3-2939350	Geus  Services	200 Pebblecreek Parkway, Unit 2066, Goodyear, Arizona	US
S3-254400765	Custom Búrtech LLC	535 Colonial Ridge Ln, Farragut, Tennessee	US
S3-891360854	capitalguild.com	Madison, Connecticut, 9 Bassett Lane	US
S3-3526727	Green 5anayi LLC	16511 Wild Horse Creek Rd, Unit APT 459, Chesterfield, Missouri	US
S3-525656014	atlanticpreparatoryacademy.com	0756 Bonita Ct, Ontario, California	US
S3-686195919	Velasquez Blúe Inc	5244. Stumberg Ln, # STE A, Baton Rouge City, Louisiana	US
S3-825454785	Laborers Local 526 LLC	Brentwood Blvd, # APT 3A, Saint Louis, Missouri	US
S3-595434168	AJ (Treasury)	001413 13th Avenue, Bessemer, Alabama	US
S3-486482493	Commission On	14729 Fourth Street, # 317, Laurel, Maryland	US
S3-969850098	Premier Global प्रोविजन प्राइवेट लिमिटेड	Shop No. 13, Dda Market, Pocket A-1, Csc Kondli Gharoli, Mayur Vihar Phase 3, East Delhi, East, DL	India
S3-520193469	Psp Chem Limited  Service	C/o Jaishree Prasad Shah, Bilauji Mpeb Rod, Waidhan, Singrauli, MP	India
S3-855968480	Procare	F-36 & F-36(A), Kishangarh, Rajasthan, Industrial Area Madanganj, Ajmer	India
S3-211109629	Pvt Bharat Próperties Ltd	#971 Guamnottam, Lohagal Road, Lane No. 3, New Kayastha Colony, Manoharpura, राजस्थान	India
S3-24164531	Mann Ultra  Inc	210 7th St, PMB 8107, Alvin, Texas	US
S3-627120657	Mansarovar & Sons Infratech Private Ltd	H.no 788 6/23/A, GJ, Ahmadabad, Ahmedabad	India
S3-32691032	Keim Bread Inc	Kansas City, 119 93th St, Missouri	US
S3-823424316	Infraspace Frlers LLP	No 047 Serpur Bamunbar, Contai, Marishda, Purba Medinipur, Contai, WB	India
S3-152254157	HEDRICK, PFEIFER AND LECLAIR		US
S3-856494696	M/s Snow Solution Ltd	2166P, Gurgaon, HR, Gurugram	India
S3-276826701	Innovative Developers Limited	74, Thane West, Thane, MH	India
S3-638474188	Vaayuin Rani Private Limited	Door No 0713 C-57, Kamla Vihar Crystal Sukhadiya Stadium, Chittorgarh Road, Bhilwara, RJ	India
S3-902946857	Shri Roots  Securities Pvt Ltd	C-87, Goyal Park, Opp Goyal Plaza, Vastrapur, Ahmadabad City, GJ	India
S3-233843295	Clean Semiconductor	Baseline Rd, # Apt 158, Little Rock, Arkansas	US
S3-292819175	Myers Equity Partners Co  Center	##8006 Stutz Ct, Sacramnto, California	US
S3-331078749	#umpreferred	Oak Street, City Of Beloit, Wisconsin	US
S3-540273900	[Inc.] Montari Lohds	5107 Egham Ct, Virginia Beach, Virginia	US
S3-95295629	Verrufy Taxable	206 1/2 Rambleside Drive, Mansfield, Ohio	US
S3-437739624	United Center Commission	Belle Plaine, 1270 212st Blvd, Iowa	US
S3-818109556	Sri Padmaja Traders  Holdings Private	Plot No. 2709/3391, Khata No 672, Vill.- Sartha Thana- Chandi, Nalanda, BR	India
S3-839157723	CK Iheartmedia, L.L.C.	274 Main Street, # 6214, Norton, Massachusetts	US
S3-130476119	जय मार्केटिंग लिमिटेड	Plot F72 Flat B503 Sec 12, Panvel, महाराष्ट्र	India
S3-336179285	Continental Group  Services	2122 Spencer Lane, PO Box 3963, Middletown, Ohio	US
S3-788159926	stoddard, sargent & chandran inc	Knob Hill Estates Road, Sylva, North Carolina	US
S3-613825590	डिजिटल इम्पेक्स लिमिटेड	Plot 45 P No. 28, Nagpur, MH	India
S3-284716197	शिव प्रोजेक्ट्स प्रा. लि.	Jaipur, RJ, W/o Kamal Singh Pilania	India
S3-227647228	Yeager & Costantino LLC Service	# 2, Iowa City, 803 East College St, Iowa	US
S3-378676793	Private Mukti Drinks Exports Ltd	123/13North Civil Muzaffarnagar., Bulandshehar, Muzaffarnagar, UP	India
S3-706078991	East ínternational Private Limited	Mulshi, MH, 1301, Kohinoor Falcon, Sus-pashan Link Road, Next To Nissan Service Centre, Tal, Pune, #74 Room No.-01	India
S3-977666805	Star-Bright Premium (LLC)	114 Brennan St, # B, Watsonville, California	US
S3-726480709	Dr Bajrang  & Co	54C, Rajan Vihar Uttam Nagar, New Delhi, West Delhi, दिल्ली	India
S3-346582610	Marino	11922 Kensington Drive, Houston, TX	US
S3-401786320	ग्रेट सॉफ्टवेयर	Jansath (Bahar Hadood), Pargana-jauli, Muzaffarnagar, UP	India
S3-799988394	Allied Fudn	26 Remington Ln, Murphy, North Carolina	US
S3-52845818	Xyloumbra D.B.A. Environmental Mountain Society Inc	1764 Airport Road, Unit Lot 16, Oxford, AL	US
S3-454352686	Virat LLP-Center	No 468 Sixth Floor - 610, Ahmedabad, GJ	India
S3-872988289	Lahar Academia Ltd		India
S3-394997772	Ace Global Private-Limited	Cwts, 67B, Gopal Mansion, Gurunanak Road, Mumbai, MH	India
S3-282937735	Group American One	5910 Vincent Ave, Brooklyn Center, Minnesota	US
S3-306720202	Alpha कंसल्टिंग लिमिटेड	Door No 72 B-707, Anmol Plaza, Sector 8 Opp Hiranandani, Kharghar, Raigarh, MH	India
S3-353908263	Ambrocio Montessori School	4802 Tuscany Farm Drive, Katy, Texas	US
S3-666500569	Urban Solutions Ltd	उत्तर प्रदेश, Unit No. 714 7Th Floor Tower-4, Dadri, Gautam Buddha Nagar	India
S3-838273936	Physical Therapy Center Midtown Inc	Shelbville, 1113 Winners Cir, Tennessee	US
S3-846899091	Complete  Rivernorth PLLC	California, Ciitrus Heights, 6439 Wexford Cir	US
S3-920892404	लक्ष्मी कंसल्टेंट्स प्राइवेट लिमिटेड	A-301, New Sai Dham Chsl, Ramdev Park Road, Thane, MH	India
S3-902467978	Dr Gpr & Brothers Limited Center	Door No 950 1/3264, Delhi, <NULL>, दिल्ली	India
S3-835740450	Hickey Independence	Crosslake, 38102 3, Minnesota	US
S3-167032272	हाईटेक फूड गारमेंट्स	Pune, Office No. 1 To 10, Poona, 2Nd Floor A Wing, Sagar Complex, Kasarwadi, MH	India
S3-556314097	Gildorbi	36 River Ln, Wisconsin, City Of Clintonville	US
S3-692598374	King & Allen	003236 Pisano Ave, Round Rock, Texas	US
S3-432616613	Bit Stock	Floor, Kolkata, WB	India
S3-455820655	814-815  Owners South Corp	North Carolina, Forest City, Lovelace Rd	US
S3-344165303	Huebner Cannabis Summit,  LLC	1521c Main St, Jamesville, North Carolina	US
S3-556406287	Elkins's	337 Smoketree Lane, Lynchburg City, VA	US
S3-677248259	Meenan Fund Pvt	No 22 New Siyaganj, Indore, MP	India
S3-283202943	Az Trames Ltd	Plot 259 104/1, Pratap Nagar Sanganer, Jaipur, राजस्थान	India
S3-948349136	Superior Mobility  Alliance	1818 Lincoln St, Fredonia, Kansas	US
S3-253322281	One Digital Investment Private Límited		India
S3-607349400	Smart Great	75 Farmholme Rd, Stonington, Connecticut	US
S3-770522722	Subhasree Securities Holdings Private (Limited)	227, Surat, GJ	India
S3-635229608	Az (India) R&d Pvt Ltd	H.no 2904 E Wing, Thane, MH	India
S3-780846352	>> nayyar labs exports private limited	C #85-8 18, Nagesh Patil Wadi, Ghatla Village, Chembur, Mumbai City, Mumbai, MH	India
S3-745351507	Fluxkeloecto Sys F/K/A Supreme Producer Limited	56/8, Rajat Path, Madhyam Marg, Mansarovar, Jaipur, Rajasthan	India
S3-8037418	Indo Ishvcsmnt Private Limited	H.no 56, Front Portion, Ground Floor Block 7, South Patel Nagar, Delhi, West Delhi, DL	India
S3-345786965	Evans, Martinez and Benton Interprivate Summit (Inc)	116 Virginia Ln, Bangor, Maine	US
S3-820830441	North Crystal Rare Clínic	719- Westgate Avenue, Fl. 1, Saint Louis, Missouri	US
S3-7539744	Curated Solutions Public Limited	Door No 48-349 Ganesh Nagar Chint, Al Quthubullapur, Hyd, TG	India
S3-867479774	Zetagild trading as Cardiology Center LLC	230 Poplar Street, Fl 0, Greendale, IN	US
S3-943052173	DIGITAL BRIGHT PRODUCTS	2521 Cambridge Boulevard, Fort Wayne, Indiana	US
S3-785285082	Wexyuma One a/k/a Safalya & Brothers Private Limited	201/A, Vertex Vikas, Sir M. V. Road, Maharashtra, Mumbai, Andheri (East)	India
S3-220708398	National Federation Trading		US
S3-799846673	*** Gold-Logistics Private Limited	J-##5, Block -J T/f, Pandavnagar, Newdelhi, East Delhi, DL	India
S3-888209826	Clear Construction Union Inc.	##1665 North 2501st Rd, N/A, Ottawa, Illinois	US
S3-666633927	Matilda Cleveland Atlantic Packaging South Inc.	624 Meandering Ln, Frisco, Texas	US
S3-604575230	Panvel (ibdoiba) Private Limited	Lilac-702, Plot -270, Ros, Chs Panvel Raigad Khargha, Panvel, Raigarh(mh), महाराष्ट्र	India
S3-922634740	Whale Industries Group Private	Hno 2/1B Sno 9 Gujarwadi, Pune City, Pune, MH	India
S3-806990693	Ricciardi First Bdc Co	1054-A Kirkland Avenue, Renton, Washington	US
S3-107968680	Vaayuora Solutions Private Ltd	GJ, Shivalik, Shilp, Iscon Cross Road, 7Th Floor-719, Ahmadabad City	India
S3-226524657	सनराइज इन्वेस्टमेंट्स प्रा. लि.	House No ##308/9 1St Floor Shahzada Bagh Indus. Area Near Daya Basti Railway St., Delhi, North West, DL	India
S3-461265510	Loree  H. Park, DPM, DDS LLC	Phoenix, 4220d Hamblin Dr, Arizona	US
S3-700198293	Ptnet LLC	77 1, Walpolet Ownship, Massachusetts	US
S3-483520584	SMART DIGITAL ENTERPRISES	1061 Jefferson Street, Van Alstyne, Texas	US
S3-810974134	होटल मैनेजमेंट फार्मेसी प्राइवेट लिमिटेड	Pune, H No 269, NULL, MH	India
S3-402180228	ਮਾਈ ਫਾਈਨੈਂਸ ਪ੍ਰਾਈਵੇਟ ਲਿਮਟਿਡ	Leather Complex, Wariana, Jalandhar - I, Jalandhar, PB	India
S3-412642149	Phb Infracon Limited	1254, MP	India
S3-104003708	dioequitypartners.com	1726 Sixth St, Baldwin County, Alabama	US
S3-826098323	Urology Care Incorporated	83- Lake Street, PO Box 3192, Wakefield-Peace Dale, Rhode Island	US
S3-922733109	Urban-Services Private	A-28, DL, Loni Road, Delhi	India
S3-440415015	MONARCH IMPACT INC	0014 Haycamp Road, North Oaks, Minnesota	US
S3-278545899	Liberty College East	#1515 Native Dancer Ct, Columbia, Missouri	US
S3-414990761	General Data Notwrsk (LLC)	118 Jewel St, Rochester, New York	US
S3-221664304	Prime Equity Global	4646 Carmen Street, Houston CITY, Texas	US
S3-867234917	grace zion	Illinois, 400 328 Madison St, Springfield	US
S3-95927639	Griggs Total Neurosciences P.L.L.C.	375 Edgewater Drive, Fayetteville, Arkansas	US
S3-478029303	Shri GOLDEN PROJECTS PRIVATE LIMITED	P.h.road, Aminjikarai, Chennai, தமிழ்நாடு	India
S3-366481384	Veragild dba Dari Hopewell Harbors Inc	11497 Rainstone Court, South Jordan, UT	US
S3-383796548	Pavitra Solutions Private  Limited	S-2, 167, Ganesh Vatika, Vaid Ji Ka Choraha Niwaru Road, Jhotwara, Jaipur, RJ	India
S3-573553097	Superior Certified Copley (Inc)	7518 Celesta Ln, Olympia, Washington, Fl. 1	US
S3-827090629	The Coastal League of  Terrebonne	Terrebonne, Oregon, 9249 31st Street	US
S3-377868334	Twisted Yoga LP	10 Park Street, # C, N. Easotn, Massachusetts	US
S3-214159771	Pediatric Dental Choice  Care Associates Inc | www.pediatric.com	3227 Northwest Boulevard, Warren, Ohio	US
S3-674064220	Frontline Hotels-Pvt Ltd	MH, Bldg No.13, Plot No. Rh-1, Nisarg, Flat No. 1802, Thane, Kalyan	India
S3-339487287	Pediatric Dental Center (Services)	10717 Melbury Ct, Independence Ky, Kentucky	US
S3-169780853	Sands Kpet	220 8 & 63, Village Of Turtle Lake, Wisconsin	US
S3-772978028	Amethi Limited Services	C/o Narsingh Yadav Ramganj Ram Awadh Rampur Ramganj, Amethi, Sultanpur, UP	India
S3-923203881	Inc Unified Keystone Williams	Connecticut, 13 Litchfiedl Street, Hartford	US
S3-316161676	Totten, Pru, M.D.-Jefferson City Inc.	#1508 Main Street, Jefferson City, Missouri	US
S3-180057293	सन इंफ्रा प्राइवेट लिमिटेड	Plot No 5 17/1 B 20 Kothrud, Pune, महाराष्ट्र	India
S3-512353791	Foot & Ankle Fresh Partners Corp	3213 Calumet Dr, Unit A, Raleigh, North Carolina	US
S3-736855324	Balaji Business	Flat No: F404, Gillco Towers, Tower No. F Gillco Valley, Sector 127, Gmada, Kharar, Mohali, PB	India
S3-524484711	Sri Viswakarma (india) Private  Limited	H.no-22 A Palm House Unit-1 & 2, Civil Lines, Opp Jaipuriya Public School, New Delhi - 110, 054, Gurgaon, New Delhi, DL	India
S3-169905071	Gresh Cóllege	22 June Street Terrace, Worcester, Massachusetts	US
S3-834283518	Meor [LLC]	279 Devonshire Road, Vermilion, Ohio	US
S3-736061057	Little, Robbins and (Risner)	Peterson Road, Por Orchard, Washington	US
S3-663665396	ஸ்டார் இன்டர்நேஷனல் பிரைவேட் லிமிடெட்	Chennai, Senthil Andavar Street, Saligramam, TN, No.4, Chennai	India
S3-2864555	Knickerbocker Landscaping Partners	8530D Ramsey Rd, Grand Bay, Alabama	US
S3-15538015	Federal Glóbal LLC	22 Jackson St, Vernon, Indiana	US
S3-989652310	Integrated Planet Corp	12 Missihsippi Ave, Clarksville, Tennessee	US
S3-983057642	Ange  Morelos Figx Inc	5601 Gentry Dr, NE KENT, Virginia	US
S3-872907647	Halcola LLC (Social)	1303 Rouse Ave, Bozeman, Montana	US
S3-648841733	Ria Visa Private  Limited	Indore, MP, 30. Manavta Nagar	India
S3-109808789	Wiegel-& Jones	3749 1/2 Gentle Winds Ln, Round Rock, Texas	US
S3-383017797	N & Y Y Kensington Partners	Dale Street, # 27, Worcester, Massachusetts	US
S3-907002107	Inc Davis, Gomez ánd Lundy	17 Possum Trott Rd, Shelbyville, Tennessee	US
S3-158610662	Nylanylamira	H.no 369 C/o Renu Kumari Sinha, Arwal, Motipur, बिहार	India
S3-565151311	INC Rodriguez Apparel	140- Delaware Ave, Southern Pines, North Carolina	US
S3-402172522	North Indstres LLC		US
S3-341331536	Sphere Private Limited Service	C/o Chandan Kuamr, Ashok Ngr Rd11, Sampatchak, Patna, BR	India
S3-227670152	AW Consultancy	H.no 8-308, 3Rd Floor 25, Blackburn Lane, Kolkata, Kolkata, Howrah, WB	India
S3-697099534	KF ENDEAV0UR PVT LTD - 6780259651	H.no 38-B Gobind Nagar, Ambala, हरियाणा	India
S3-288486865	Stephine Jenkins Ameren Associates Inc.	3800 Truevine Road, Franklin County, Virginia	US
S3-178411970	Profit Thunder Center [Corporation] [Corporation]	102 Gary Pl, Tulsa, Oklahoma	US
S3-915067883	Kaps Diam0nds Pvt. (Ltd.)	Mumbai, Mayuri Apartments, R.h.b.road, Mulund (West)., #985 A/12, MH	India
S3-327229522	Solay Tax L.L.C.		US
S3-243785834	Quiroz [Yhn]	56 Belknap St, Westborough, Massachusetts	US
S3-373622964	Llc Total Custom Stonebridge	5292 Sunnyview Rd, Marion County, Oregon	US
S3-427380869	Lyrapyra F/K/A Beacon Clough, LLC	3409 Chihuahua Street, Dallas, TX	US
S3-828159988	*** Innovative Interstate Adr (LLC)	25 New St, # 2F, Meriden, Connecticut	US
S3-721989952	CEI Enterprise Private Ltd	46, 3Rd Floor, 4Th Cross, Hosa Road, Chennakeshava Nagara, Electronic City Po, St, Bangalore, KA	India
S3-901422830	Sri Nootan Fund Pvt Limited	Faridabad, HR, 3 D/12	India
S3-644604876	Vidya SAI Corporation	#18, Kolkata, Howrah, WB	India
S3-703087391	LLC Halceus Consumer	22 Shelbys Way Rd, Fairfiled CITY, Vermont	US
S3-98591883	HVX Nature Private [Ltd]	P. N. C-9- A, Jagatpura, Sanganer, Rfc Enclave, Villmaindla Urf Jhujharpura, Jaipur, RJ	India
S3-435788927	Bangal0re  North Home	0061 2001A, Ground Floor, Y @Whitefield, Bangalore North, Bangalore, KA	India
S3-680943533	Vayam [&]	10/288 Hawamanbunglow Rd, NULL, Kolhapur, Ichalkaranji, MH	India
S3-682563595	Wright Furniture Corporation	103 Roweland Ave, Bethlehem, New York	US
S3-614506103	Corporation Precision Business Worldwide	1213 Clarinet Rd, Elkhart, Indiana	US
S3-819754256	Inc Serrano Bt Circle	California, Barstow, 409 Sixth Avenue	US
S3-127954845	Belodrexsyn	D-34, Chandpur, Varanasi, UP	India
S3-701105935	Great Deep Industries	Cts 5743/12, Pune, महाराष्ट्र	India
S3-415626034	Guru Sree Business Private Ltd	#140 B-20, Plot No C-1/1, Basement Floor, Amber Tower, Commerical Complex, Delhi, North West Delhi, DL	India
S3-289349130	Ornate (India)	13/6 Nalalthambi Street, Triplicane, Chennai, TN	India
S3-864403455	YFA Joint Llc	915 Warbler Way, Aurora, Ohio	US
S3-162680556	Yumakoronyx	Doro 16/18, Arulambal St, Ground Floor, Tamilnadu, Chennai, TN	India
S3-791443504	mendozacustomtree.com	1017 Iroquois Lane, Crossville, Tennessee	US
S3-959546792	1498 Lincoln Way Realty L.L.C.		US
S3-330783305	Sanchit Management Private Ltd	123, Uday Park, New Delhi, DL	India
S3-678597151	Limited Supreme Ventures Private	202, Sakar 5, Behind Natraj Cinema, Ashram Road, Near Gandhigram Rlwy Statio, N, Ahmedabad, GJ	India
S3-660680386	Schmidt & Madden Crest [Inc.]	580 Baker Ridge Rd, Slade, Kentucky	US
S3-274394925	Heartland Center	704 Carolina Street, Walnut Ridge, Arkansas	US
S3-962482736	Thakkar (India) Services  Enterprises Private	16/13, New Delhi, North West, DL	India
S3-162653981	Ziran Global Ltd	H-wing, Mumbai, Mumbai City, MH	India
S3-951234454	Renaud Mayes And Buckley Tax Central Inc	1906 Eastbridge Ct, Louiville, Kentucky	US
S3-723290491	Incorporated Dental Care Eastgate	8945 Bear Park Court, Elk Grove, California	US
S3-399749405	Interstate Center	2620 Johnswood Village Drive, NULL, Bryant, Arkansas	US
S3-614517278	Premier फाइनेंस Private Limited	H No 139 Narale Wastti Malshiras, Ahmednagar, Solapur, MH	India
S3-178952318	4771  Ocean Place Holdings Ltd	211B 4, Walnut Township, Iowa	US
S3-514109725	*** 3784 WASHINGTON ST OWNERS CORP GROUP	8234 Purple Aster Pass, Marble Falls, Texas	US
S3-942233461	Pranathi Group	Plot 112 Krishna Reddy Indl Area, Bangalore, KA	India
S3-180215084	Campbell  Partners Fuels		US
S3-111623207	Sristi Natural Private Ltd	323/3/3, Narsinghpur, Gurgaon, HR	India
S3-118136860	Durvankur Public School Group	Bangalore North, Door No 33 Golden Square Business Centre, KA	India
S3-539491698	Diamond  Packaging	# 303, 3000 Tilden Saint, Washington, District of Columbia	US
S3-145876413	Indore Shipping Ventures Pvt. Ltd	Flat No.111, Indore, मध्य प्रदेश	India
S3-491162244	Terrill Utilities	909 Vine Street, Sheridan, AR	US
S3-906590523	Shri Pravara Technologies Public	S 2, Pitampura, North East, DL	India
S3-261103165	Equinox Counseling Prívate Limited	Door No 307 H No 3-2-851, Chitrakoot Apartments, Himayathnagar, Hyderabad, TG	India
S3-58751681	Apex Inc Partners	Victorville, 13195 Brant Rd, California	US
S3-60411957	Rodi's Partners	Ocotillo, 3947 Soho Lane, Floor 1, Arizona	US
S3-11922780	Dwyer Liberty Lloyds East	303 Melody Drive, null, Gilbert, Arizona	US
S3-902049188	Wealthy Solutions (Private)	Unit No. 703, 704, Amba Tower, Plot No.2, Community Centre, D.c Chowk, Sector-9, Delhi, North West Delhi, दिल्ली	India
S3-400442937	... Dorena'S LLC Service	16563 Cozart Ave, Pembroke, Illinois	US
S3-249347918	United Infrastructure Private [Limited]		India
S3-174802654	Dr Lake Services	H.no D/314 37, Sangam Complex Ii, 46, Wellesley Road, Near Sangam Bridge, Pune, MH	India
S3-346824940	mumbaisecuritygroupcom	Flat No #202 Plot No 55, Mumbai, MH	India
S3-999564092	SUPREME CHEMICAL CONCEPTS LLC	0103 Pecan Terrace, York County, Virginia	US
S3-234651332	cherrygoldenresearch.com	4600 Hillside Road, # 4, Washington, District of Columbia	US
S3-524940364	N 8  B Music LLC		US
S3-302176428	Montieon lnvestors Corp	District of Columbia, Unit 1009, 28 K St, Washington CITY	US
S3-294246906	One Engineering Private  Limited	5/67, Salem, TN	India
S3-822695534	llc baker, murray and lucero	Fairway Cir, Decatur, Alabama	US
S3-373544816	अरिहंत टेक्नोलॉजी प्राइवेट लिमिटेड	Sno-21/1, 21/3 Flat-c/22, Ganesh Garden, Dapodi, Pune, MH	India
S3-91796343	H S & D Cotsamaer LLC	143 Gallina Canyon Rd, NULL, Valdez, New Mexico	US
S3-47043354	Tapia Custom Odyssey Company	North Dakota, Bldg Building 1320, 4417-C 20, Devils Lake	US
S3-194556694	Eye American Partners, Llc	2897 Augusta Drve, Wadsworth, Illinois	US
S3-775670348	Kinesis (India)  Infraproperties Ltd	2/113 Raheja Crest, Oshiwara Off New Link Rd, Mumbai, MH	India
S3-923335152	Orbilyraaria t/a Physical Therapy Medicine	12 Eastern Avenue, Fl 0, Annapolis, MD	US
S3-939705099	सिटी कंसल्टेंट्स प्रा. लि.	Door No 924 Near Dukhharan Nath Temple Gonda, Gonda, UP	India
S3-37624395	Reilly Patriot Money Partners	21325 Old York Rd, Parkton, Maryland	US
S3-631918261	christinemdaguinaga.com	3132 Hood Avenue, Chicago, Illinois	US
S3-372117574	LLC Quex Highland	35784 Dan Dr, Kenai Peninsula Borough, Alaska	US
S3-247112599	Kolkata Ayurveda Ayurveda Pvt.	Plot 58 Ovation Wash Factory Private Limited Yani Sarani, Joka, Kolkata, Howrah, পশ্চিমবঙ্গ	India
S3-336127287	Howell Rlfgal Newbury	28311. Jake Frank Ln, Elberta, Alabama	US
S3-564407220	Kalyani Sand Co	No 50-13-25/54 Seethammapeta, Anand, Vishakhapatnam, AP	India
S3-858206566	The Dent Massage P.C.	2 Hidden Pines Dr, Schuyler Falls, New York	US
S3-360695819	Nodyne Center #17756	45 Ashington Lase, Brentwood, Tennessee	US
S3-917765046	Interstate  Kfak Group	15128- 52st Ave, Edmonds, Washington	US
S3-688285022	Zhu Safe  Drive L.L.C.		US
S3-939330558	Kelly Virginia  of Washington		US
S3-190455328	Ear Nose & Throat Fresh  Clinic	10378 Maimoth St, City Of Ventura, California	US
S3-178488075	Fluxkoryuma a/k/a Northern Range LLC	IA, 1106 Palmer Street, Emmetsburg	US
S3-276402649	Wofford Boutique LLC	513-C Paden Street, Endicott, New York	US
S3-651058943	Raviansh Bearings Private  Limited	Regus, 16Th Floor, Tower-b, World Trade Tower, Noida, Gautam Buddha Nagar, उत्तर प्रदेश	India
S3-863850182	Mah Enviro Private Ltd	Flat No C-1105, S No 69/1A/1A, Building No C2 Ganga Satellite Wanawadi, Pune, MH	India
S3-550210400	PVG Consultants Private	No.b3/6, Logaiah Colony 2 Nd Cross Street Salaigramam, Chennai, TN	India
S3-926590872	Co Sesaque Interests	1547 Fox Hollow Rd, Sequim, Washington	US
S3-74821306	Cadila Éducation Prívate Limited		India
S3-839747465	RAJ SOFTWARE PRIVATE LIMITED	Sf 100/14&15, Coimbatore, Coimbatore North, TN	India
S3-735766409	Shree Carriers (India) Private Limited	A2/74, Delhi, Rohini, दिल्ली	India
S3-543822170	Shri Powernet Trading Prívate Limited Limited		India
S3-75588929	SOLOMON ESTATE ÁSSOCIATES	5079 1/2 Yost Rd, Astoria, Illinois	US
S3-749037041	Orlando Liberty Opportunity  LLC	1509 Green Street, Frankfort, Indiana	US
S3-656466796	Indrika Naturecare Public  Ltd	H.no 509 A.p.m.c. Market Yard, Manchar, Tal: Ambegaon, Pune, MH	India
S3-353524462	भारत फूड प्राइवेट लिमिटेड	#G-701, Mulund (E), महाराष्ट्र	India
S3-449566562	Om Private Limited  Center #56065	Sno 73/6 Fno A-08, Pune City, Pune, महाराष्ट्र	India
S3-670897177	Mona Cecil Vanguard Nexera Corp	Texas, 311. Blue Ground, Horseshoe Bay	US
S3-114237120	Naum Service	Alaska, Anchorage, 1710 Ponds Circle	US
S3-979326327	20/20 Vision  Center LLC	1348 Heritage Hills Way, Wake Forest, North Carolina	US
S3-383030511	Ruhi Prakash Private  Ltd		India
S3-649908877	Vista Solutions Limited Private	B-88, Ghaziabad, UP	India
S3-415868240	Serpas and Simm0ns Garden Inc	6467 Denton & Leak Road, Dos Palos, California	US
S3-434940063	Complete Transit Enterprises	Heath, Ohio, 1174 Hebron Road	US
S3-393501437	Rieke Federal Idea Holdings	# 2, Massachusetts, 211 Canton St, Boston	US
S3-829364176	OQ Purpose	D-7, Phase Iii Garden Homes Alkapuri, Gwalior, MP	India
S3-252526966	Jaxxyl0	866 30th Avenue, Pleasure Point, California	US
S3-752472641	Sri Swastik International  Priivaee Limited	B-00101, Ridhi Sidhi Comple, M G Road, Borivali (East), Borivlai East, Mumbai, MH	India
S3-736117903	Secure Tlcmo	310 Calion Street, Unit Apt C, Jonesboro, Arkansas	US
S3-153091750	Larkins Réserve LLC	#203 Canal Street, Los Fresnos, Texas	US
S3-841876706	Pediatric Déntal Physícians	Deer Dr, Lavergne, Tennessee	US
S3-848854177	Ashtavinayak Of Delhi Center Center	J-6, Iind Floor, Reserve Bank Enclave Paschim Vihar, West Delhi, DL	India
S3-130683222	Va1ley Century (LLC)	550 Gaylord Mountain Road, Hamden, Connecticut	US
S3-834252487	Jc Trust (LLP)	<NULL>, MH, Plot 520 Nawab Well Line, Gokulpeth	India
S3-975045917	Evobelogild t/a Internal Medicine Care Inc	1713 28th Street, Van Buren, AR	US
S3-276156660	Ss Solutions Textiles (Limited)	No 45 Station Road, Parbhani, महाराष्ट्र, Parbhani	India
S3-982622635	greenretailsystems.com	8348 Road 5913-16, Cleveland, Texas	US
S3-345350625	reus idaho idaho company	31 Guillemette Street, Sanford, Maine	US
S3-901165148	The Ridaia  LLC	255 Chicago St, Salina, Kansas	US
S3-520633161	Apex Seva [Snaibti]	10/4, A R Street, Janaki Nagar Valasaravakkam, Chennai, TN	India
S3-767162281	Bapu Club Ventures Private Limited	H.no 9-456 36B/2, Visalakhi Nagar, Visakhapatnam (Rural), Vishakhapatnam, AP	India
S3-804323871	Sunrise Construction Private  Limited	4Th Flobr, C Wing, Trade World Kamala Mills Compound, S.b. Marg, Lower P, Arel, Mumbai, Mumbai City, MH	India
S3-212703725	Sumiran Cold  Group Ltd	Digiha Chittaura, 6 Virqazi Jarwal Kasba, UP, Bahraich	India
S3-541630272	Ridge Stemllar	4205 Autumn Wood Ct, Muncie, Indiana	US
S3-763427249	Gulf Tówer	1309 Third Avenue, Jacksonville, Alabama	US
S3-264267024	The Jenni Watkins Platinum Farms Group	520-B Violette Dr, Laredo, Texas	US
S3-10275677	Jazmin Lazar Frontier  Cslm LLC	30 Orange Avenue, Suffern, New York	US
S3-850833430	पायोनियर प्रॉपर्टीज प्राइवेट लिमिटेड	S-143/7, Lucknow, UP, Lucknow, 144, Sahara Shopping Centre Faizabad Road	India
S3-906176893	ALLMOST FÁRMER LLP	No.3d-1, Trichy, Annamalaipuram Tennur, TN	India
S3-912958329	Assam Infra Ventures	4, NULL, Musheerabad, Hyderabad, TG	India
S3-977964859	ಸನ್ ಇಂಜಿನಿಯರಿಂಗ್ ಪ್ರೈವೇಟ್ ಲಿಮಿಟೆಡ್	B-201, Bangalore South, Bangalore, KA	India
S3-12499308	Continental Fund-of Hillsdale Federation	700 Jackson St, Unit LOT 3, Hillsdale, Illinois	US
S3-66113735	ఫార్చూన్ పయనీర్ కన్‌స్ట్రక్షన్స్ ఎల్‌ఎల్‌పీ	#3-1-105/2 Mothinagar Erragadda, Hyderabad, TG	India
S3-706985317	Cochrane and Mashburn	New York, 15-19 Windmill Court, Stateni Sland CITY, NULL	US
S3-706156517	Real Properties Private Ltd	Flat No. 1, 2Nd Floor, 12 Upendra Nath Mitra Lane, Premises No.12, Ward 12, Salkia, Ps- Golabari, Howrah, Uluberia - I, WB	India
S3-294502783	Mcclendon And James Valuence Uptown Llc	525 Augustus St, Saint Marys, Ohio	US
S3-544236011	Urology Physicians-of Fairview  Corp	190 100, Fairview, Utah	US
S3-602865746	nexeusplutonian.com	Greenwich CDP, 61 Mead Ave(Byram), Connecticut	US
S3-136098961	Shri Gennxt Seva Samiti Private Limited	Door No 46, Dhar, MP	India
S3-629242721	Womens-Health	2480 Schillinger Rd, Semmes CIYT, Alabama	US
S3-857166084	Mr Mahashakti Enterprises Centre Medical	Door No #3 F.19a Ruby N Blk Olympia, Opaline Sequel, #33 Rajivgandhi Salai Navalur, Chennai, TN	India
S3-967686541	Le Chemica1s Enterprises Private Limited	Door No 81 Ranbir S/o Maha Singh Pelpa, Jhajjar, हरियाणा	India
S3-206436798	Efficient Welfare  Society	Rz-67 F, South West Delhi, Delhi, दिल्ली	India
S3-108068657	Rocky Cénter	7430 Williams Avenue, Floor 0, Saint Louis, Missouri	US
S3-409454029	Jeong Worldwide	623 Eastridge Dr, Lincoln, Nebraska	US
S3-330588113	Valley Phrfect	2617 Great Lkae View Drive, Gravois Mills, Missouri	US
S3-77470873	Buckley Metals L.L.C.	1315 Arroyo Hondo Street, Albuquerque, New Mexico	US
S3-487826712	American Counbcl PC	998C Lookout Mountain Road, # SITE A, Mcalester, Oklahoma	US
S3-429399547	SONATA CONSULTANCY	N.s. Road, Alipurduar, Darjeeling, WB	India
S3-444163609	Ujjaesh Ltd Service	248, Howrah, Kolkata, পশ্চিমবঙ্গ	India
S3-959057915	Hitech Sangh	E-g-807, South East, South Delhi, दिल्ली	India
S3-634098912	गुड ट्रेडिंग प्राइवेट लिमिटेड	#C-259 Post Dhannad Teh. Depalpur, Indore, मध्य प्रदेश	India
S3-372778420	Youngindiaconstructions.Com	Door No C-4526 Dlf Phase 4, Dlf Qe, Gurgaon, HR	India
S3-905944900	Maid-Hypnosis	3019 Gillespie St, Houston, Texas	US
S3-747629756	East Foundation Private  Limited	#1113/A, Bangalore, KA	India
S3-128067352	Querida K. Krawczyk, DO Corp	006523 Talman Avenue, Chicago, Illinois	US
S3-543764372	Matti Castro Center	70 Ferris Avenue, # Apartment 7L, White Plains, New York	US
S3-83537770	Ectolyrawexx F/K/A Rev It Up Diner Inc	13933 Brookgreen Drive, Dallas, TX	US
S3-875544751	Peak Tálent Dynamics LP	285 Clearview Dr, # UNIT B, Christiansburg Town, Virginia	US
S3-141309349	Attebery Arcelormittal	9404 Nicklaus Ln, Laurel, Maryland	US
S3-222983307	jay wor1d world private limited	B 65, Mumbai, Mumbai City, MH	India
S3-874472735	Mr Micro  Agro Pvt Ltd	Door No 130/D (1) Pandit Complex Near Hornbill Hotel, Kankavli Sindhudurg, Kankavli, Sindhudurg, MH	India
S3-196328358	Boothe and Goolsby	Missouri, Fl 0, Saiint Louis, 1095 Raritan Dr	US
S3-745626256	INDIA PASHUPATI UDYOG PRIVATE LIMITED	Plot/house No: 10, Govind Parivar, Nizamabad, TG	India
S3-403709069	Bombay Private Limited Services	Cst No 15F Hissa No 2 Chincholi Bundar Road Near Chandraraj Bldg Malad-west, Bombay, Mumbai City, MH	India
S3-33183688	Mountain Bay Construction Llc	15142 Bell Road, # 103, Surprise, Arizona	US
S3-569359561	L.L.C. Sanchez, Rodhrabbtgh and Martin Century	2550, Burnt Prairie, Illinois	US
S3-464443424	Smart Management Private [Limited]	H.no 201, D.no.562/2-12, H I G House, Bangalore North, Bangalore Urban, ಕರ್ನಾಟಕ	India
S3-201543070	Complete Refrasty Company	3902 Kennon Street, Hoouston, Texas	US
S3-278919424	Zetaavi aka Oncology Dynamic Care, LLC	220 71st Street, Tulsa, OK	US
S3-235349405	Ace Diagnostic  Labs Partners	1728 Bblt Line Rd, Coppell, Texas	US
S3-554296443	Dykstra and  Lino Australian	Texas, Stafford, 11422 Mulholland Drive	US
S3-84023392	Zephvioflux d/b/a Cardiology Clinic Inc.	WI, City Of Oshkosh, 2750 Havenwood Drive, Unit Unit B	US
S3-532460672	Bay Pioneer Fortress Llc	127-131 Indigo Way, Waxahachie, Texas	US
S3-282374096	Saai Mate Limited	Second Floor, Plot No. 661/3404 Jayadurga Nagar, Laxmisagar, Cuttack Road, Khordha, Bhubaneswar, Orissa	India
S3-292428937	Dynamic Mobility Partners LLC	711 8rd Street, Littlefield, Texas	US
S3-891386738	Lumaria a/k/a Hunger Center	3175 Arctic Tern Street, Kodiak Island Borough, AK	US
S3-272273399	Pathare-Consultants	Thrid Floor, D-70, Sector-80, Noida, Gautam Buddha Nagar, उत्तर प्रदेश	India
S3-713391404	Mr BANGALORE & BROTHERS PRIVATE LIMITED	KA, Doro No 361	India
S3-885204990	Mountain Value Produce Co.	25 Vershire St, West Roxbury, Massachusetts	US
S3-850721431	Cobalt	2501 Sunset Drive, City Of Beloit, Wisconsin	US
S3-25775467	private indian p0wer límited	No. 251/7 Csp House No946 32Nd Main 29Th Cross Tilaknagar Jayanagar 4 T Block, Bengaluru, Bangalore, KA	India
S3-618617083	Raj Consultancy	A-1115 S/f G D Colony, New Delhi, दिल्ली	India
S3-881497081	M 9 Certified Giant	4122 Scenic Dr, Dickinson, Texas	US
S3-625155920	Office of Prlbic Works LLC	##74 Briar Hollow Estates Court, Houston, Texas	US
S3-458396119	THX Investments Limited Center	Fl-14, I/161, Baishnabghata Patuli Tow, Kolkata, Howrah, Kolkata, WB	India
S3-273441183	Carter, P.C. DDS, Martelle,	1214 14st Avenue, Unit Apartment 4, Fargo, North Dakota	US
S3-597801641	लक्ष्मी बाबा इम्पेक्स प्रा. लि.	Shop No. #8 12Th Road Circle, Jodhpur, Jodhpur I, RJ	India
S3-638999637	The Lumola Spectral	4805 St Paul Boulevard, Rochester, New York	US
S3-578900462	Jain It Prsifgoaate  Limited	Tc #81/2439/15, Goodland Elegance, Thiruvananthapuram, KL, Trivandrum	India
S3-208295684	Jay (Management)	RJ, Jaisalmer, #2-243 Gandhi Chowk	India
S3-569030469	Children's Summit Alliance	15-17 Catalpa Ln, null, Valley Sstream, New York	US
S3-443593172	Coastal Project Downtown Inc Council	33 Yeagua, Groesbeck, Texas	US
S3-638872745	cp monte holdings | www.cpmonteh.com	82117 Black Marble Ln, Enterprise, Oregon	US
S3-242053090	Shri SILVASA WEB	No. 94, Bangalore, KA	India
S3-705020121	Fayequo doing business as Nipuna Amusement Pvt. Ltd.	Bangalore, Karnataka, Akshaya, Seegehalli, Hosakote Main Road Kadugodi, Bengaluru, Villa 77	India
S3-29076446	Ss Clinic Ventures LLP	33/5 Arun Park Arun Const, Office 1/1 Thergaon Pune, Pune, Pune City, MH	India
S3-688605054	Dermatology Cornerstone Center,	0023 Poplar Street, PO Box 5547, Ipswich, Massachusetts	US
S3-669428848	4149 PARK BLVD Properties LLC	631 County Rd 740, Riceville Township, Tennessee	US
S3-98376267	Deltabrix formerly known as Zephan Association	346 84 Street, New York, NY	US
S3-30848104	Green Clough	6 Halcomb Lane, Stafford, Virginia	US
S3-45742168	Red Tavern	High Peak Rd, Valdese, North Carolina	US
S3-140637158	Internal Medicine Specialists	7609 Merrimack Pl, Rancho Cucamonga, California	US
S3-393866691	Taylor Safe-Strategies	2442 Lance Street, Merced, California	US
S3-72351455	Dental Care Ce	1642 Bowman Street, South Bend, Indiana	US
S3-151418204	WESTON STARRY PC	140th Ave, Woodinville, Washington	US
S3-157449125	Bova LLC	16114 Ok Mill Rd, Snohomish, Washington	US
S3-68329107	Rocky Amnimal Hospital	158 Beaverfork Road, Conway, Arkansas	US
S3-465329438	Hall and Wilsn Co	5616 Newbury Street, Baltimore, Maryland	US
S3-612098144	DS Solution Private Ltd	MH, Pune, Arun Park	India
S3-291267603	City Products Private Limited	Bassein, MH, Gopal Chs Ltd, Opp, Union Bank, Ambadi Road, Thane, E/137	India
S3-927494509	Sri Shakti Impex LLP	C-607, Gandhi Nagar, GJ	India
S3-676350983	B1ue Fóundation (Private)	Visakhapatnam, AP, 39-33-79/1, Vishakhapatnam	India
S3-906727036	PRAYAGRAG CAREER PRIVATE LIMITED	C/o Sheo Shankar, Kaithi Chauraha Sonai Karchhana, Allahabad, Prayagrag, उत्तर प्रदेश	India
S3-134460602	Jai Healthcare Private Límited	133 Caninig Street Chopra House, Kolkata, Calcutta, WB	India
S3-476304505	Desert Program - 8403012783	4701-4705 Guinea Rd, Fairfax County, Virginia	US
S3-771980500	Mio	Raleiggh, 111 Friendly Drive, # 855, North Carolina	US
S3-612769579	Clarion Traders [Holdings]	DL, South Delhi, H-001/15 Malviya Nagar, Delhi	India
S3-314679872	Aditri Foundation Corporation	Fno 701, Building G2, Gangadham-ii Sno 612, 13, 15 Market Yard, Pune, MH	India
S3-703039293	Miles Bleichroeder LLC	Acorn Drive, Sugarcreek Twp, Ohio	US
S3-593487052	Secure Strategic Cleaning Service (Llc)	1009 Melvyn Ln, Eyria CITY, Ohio	US
S3-329776460	Grace-Chapel	22 Leiws Drive, Aberdeen, Maryland	US
S3-390419717	Selders, Lynch  + Aycock	North Wilkesboro, North Carolina, 311 1/2 Pj Dr	US
S3-505143773	Saint Services	113 B Ave, Whitney, Texas	US
S3-28842751	Rm India	35/1871 Sabari Lane South Janatha Road, Palarivattom, Ernakulam, Kerala	India
S3-19030194	Vioveo	Ohio, 3290 Vinson Dr, Lewis Center	US
S3-44558164	Heber Family Services Services	2125 3600, Heber City, Utah	US
S3-780198847	Trusted Freight Studios	2953-D Runner Hill, Willcox, Arizona	US
S3-335245478	Long  Soren Inc		US
S3-770175210	[Holdings] Emalee's Áuto Glass	2773 Us Route 2, Cabot, Vermont	US
S3-158047009	Allied Healthcare Corp	Plot 343 City Sr No 170 Word No 1, Plot 255-256/B, Bhavnagar, ગુજરાત	India
S3-356441967	Interstate Fund	216 Prentice St, # 114, Stevens Point, Wisconsin	US
S3-105522003	Lyde Nano Inc	Illinois, North Saint, Wyanet	US
S3-961065235	Morita Market LLC	627 Potomac Ave, Sacramento, California	US
S3-241048886	Highpoint Po1ytechnic		India
S3-887021852	Anand Producer Hotel Private Ltd	H.n. Sa 005/159-S-26 Ka, Araji No. Ramrepur Pahariya Near Sardar Sweet House, Varanasi, UP	India
S3-667165914	Danna Maloof Prime Oyster	6784 Hamilton Mason Rd, WEST Cheester, Ohio	US
S3-702219540	Mr Jain Edusystems Private  Limited		India
S3-173845704	Daus  Worldwide Holdings	199 Trailblazer Ln, Garner, North Carolina	US
S3-965631275	Nrk Hóspital Private Limited	Unit No 214 Manish Nagarshopping Centre J P Road Andheri (W), Mumbai, महाराष्ट्र	India
S3-493580428	Everest Co	4784 Fulton Ranch Blvd, # 1054, Chandler CITY, Arizona	US
S3-547920233	Blue  Aurora Inc	230 Winding Way, Merion Station, Pennsylvania	US
S3-705652011	NHSU Consultancy Limited	Old No 189/2A, New No 331-A/210 Sathiya Nagar, Ammapet, Salem, TN	India
S3-5949967	Elliott Associates-Interiors	25329 Cromwell Rd, null, Monroe, Washington	US
S3-742115624	Pansy Phelps Consumer Inc	101 Bethlehem Rd, Ohio, Winchester	US
S3-863995751	lb investments pvt. ltd.		India
S3-640829565	Matta Therapy Physical	14411 Pacific Avenue, Tacoma, Washington	US
S3-341089502	Yogya  Softtech Exports Private	505, Navarangpura, Ahmedabad, GJ	India
S3-778279212	The N Y Hyde Shreya Highland	1762 Turkey Highway, Clinton, North Carolina	US
S3-364124879	Eye Clear Inc Partners Partners	Tennessee, 2719 Highway 81, Jonesborough	US
S3-110234348	holmes apex fast	337 Maryland Avenue, Fl 0, Edgewater, Maryland	US
S3-382498021	Coor Spíre,	7311 Bob Carr Rd, Cross Plains, Tennessee	US
S3-378322769	Great Great Systems #1950		India
S3-304319650	Gomez Cóastal Grupo	166 5900, # B111, Murray, Utah	US
S3-68495751	Batala LLP Partners	Dhawan Complex, Baba Bhorola Shah Road, Opp Halwai Satpal, Umarpura, Gurdaspur, PB	India
S3-99639849	Creative Laxmi  Projects Garments Private Limited	No 7-66/2/321, Golconda, Hyderabad, TG	India
S3-710403122	tbiofuels.com	Jasola Vihar Thana Sarita Vihar, 92G Sector 7, DL, New Delhi	India
S3-935385177	Hilliard'S Couture Corp	518 Chesdale Court, Williamsburg, Virginia	US
S3-507377600	familyadvancedservices.com | www.familyadva.com	151 Tremont Street, Boston, Massachusetts	US
S3-771238860	Southern  Partners		US
S3-703747401	Lumdova doing business as Machinists Union Local No 202	123 Day Hill Road, Windsor, CT	US
S3-886215143	ஃபார்ச்சூன் சொல்யூஷன்ஸ் பிரைவேட் லிமிடெட்	Old No 98 New No 52 T Block 3Rd Floor, 3Rd Avenue Anna Nagar West, Egmore Nungambakkam, Chennai, TN	India
S3-587267918	Cm Imgpbrssion Private Limited	4077, Delhi, North East, DL	India
S3-141625110	Naval	C/O Phavadayya M. Mathad, Ho.No 150/B, Hallur, Gokak, Belgaum, Karnataka	India
S3-698959784	Quinn Vánce	6204 Field Dr, Mission, Texas	US
S3-626462744	Benko, Harrison and Reich	1324 Fenwick Drive, Lnychburg, Virginia	US
S3-627925354	Smith, Niblack Phillips LLC	#2858 87th Street, Illinois, Chicago	US
S3-772346234	Quadra-Techn0logies Overseas Pvt Ltd	C-555b, Ghaziabad, UP	India
S3-859373053	Big Yoga Corporation	4408 Hewitt Court, Acton, Texas	US
S3-917041444	Twohig Corporation Highland	4790 Greensboro Way, # #70, Beaevrton Township, Oregon	US
S3-288386231	Orthopedic Physicians Llc	7022 Plyler Mill Road, Monroe, North Carolina	US
S3-974289944	Dupre  Corp Center	Nashville, Tennessee, 20 Kent Rd	US
S3-874088453	Ujjwal  Tech Private Limited	Hub 7-3, Second Floor, Med Awas Road, Sector 66, Badshahpur, Gurgaon, HR	India
S3-941251931	Harbor Federation	511 Cedar Street, Ottawa, Kansas	US
S3-669307647	Clark  Otg	54- Plum St, Albany, New York	US
S3-959193613	Sds Limited Private Trading		India
S3-194011317	City Investment Private Ltd	Rupnagar, PB, No 367 Vill Bakarpur Teh & Distt Mohali, Mohali	India
S3-471599945	Patna Schodardsohip Private Limited	D - 221, Patna, बिहार	India
S3-62449215	Aurex World	3644 Courtney Lane, Hempstead, New York	US
S3-479225177	Private Kolhapur Merchants Limited	Hmuse No. 1080, Goa-panaji Region, Kolhapur, महाराष्ट्र	India
S3-413328037	puneproducts.com	Colori C-1004 S No 60/2/2, Near Atur Nagar, At Undri Tal.haveli, Pune, MH	India
S3-265861736	The Aamodt  and Cabrera PLLC	Rex Cruse Dr, Sherman CDP, Texas	US
S3-969402506	tous.com	4801 Grand Ave, Duluth, Minnesota	US
S3-732795140	Umbradelta trading as Allied Trust	Shenandoah County, 825 Deer Rapids Road, VA	US
S3-838844810	drdcollective.com	##12-2-37/1/A/147/1, Asifnagar, Hyderabad, TG	India
S3-300503215	Sourabh Pdreji Pvt Ltd	H.no 1-98/9/C5 . Plot No 1 . Near Image Garden Function Hall., Hyderabad, TG	India
S3-945230879	MQ Software Private		India
S3-912945648	Casner  Harvbard LLC		US
S3-186307794	Ciravantagevio One a/k/a Lantern Bridge Inc	341828 920 Road, Chandler, OK	US
S3-437825353	LLC Associated Industrial Products	703 Oakland Avenue, PMB 9618, Carbondale, Illinois	US
S3-134557927	Jai LLP Center	পশ্চিমবঙ্গ, Kolkata, Howrah, Unit 7B	India
S3-43867619	Simpson,  Boone And #9510	201 Highland Dr, Portland, Tennessee	US
S3-341693750	Bangalore Design Limited Center	#27, Bengaluru, Bangalore, KA	India
S3-348898481	Big Services	D.no 5- 6 2 11A Flat No 404 Harika Enclave 6 19Th Lane Brodipet, Guntur, ఆంధ్రప్రదేశ్	India
S3-716165354	*** qutubullapurconsultants.com	H.no. 6-9/7, Plot No.7, Pleasantville, Bachupally, Qutubullapur, K.v.rangareddy, తెలంగాణ	India
S3-840614728	Vas (india)private Private Ltd	Block G-49 Plot/house No. 18-19, Block A, Uniworld City Sector 106, Mohali, PB	India
S3-333739786	Elite Shipping Llc	Washington, 10808 Cole Point Drive, Anderson Island	US
S3-597563812	Cordial ((Sons)) &	C/o B. Venkataramana 13 -20, Chittoor, AP	India
S3-740826638	UNJ Model	Bhabhua Kudra, Divreportingcircle, Rohtas, बिहार	India
S3-443268316	QUE Farmer Private Ltd	Shop No L -027/ A Wing Lower Ground Express Zone Mall, Goregoan East, Goregaon East, Mumbai, MH	India
S3-872589250	Glaser And Hársh Corporation	4527 Riverside Dr, Chino, California	US
S3-960329453	Continental Irenic, [Inc]	3380 Navajo Dr, Presctt Valley, Arizona	US
S3-507105945	Preferred Global		US
S3-447059135	Bright  Hypnosis	5600 Neva Ave, Illinois, Chicago	US
S3-356291006	Gurugram Infrastructure Center	1758, Sector 23-23A, Gurugram, Gurgaon, हरियाणा	India
S3-160880949	TFO Private Energies Limited	Samir Complex, 1St Floorst Andrews Road Bandra West, Mumbai, महाराष्ट्र	India
S3-241703178	LLC Pediatric Dentistry Precision Care	1905 Brook Blvd, Warsaw, Indiana	US
S3-656647441	माँ मैनेजमेंट लिमिटेड	A-3/2, Mumbai City, महाराष्ट्र	India
S3-317152063	Good Impex Provision	14/5, Sanjay Colony Opp Sheetla Hospital, Gurugram, Gurgaon, HR	India
S3-274801066	National League Industries		US
S3-756203794	Sky Ventures Pbiove Limited	#480 Devi Mandir Khathriwara, Sikandrabad, Bulandshahr, UP	India
S3-118280684	Srb Medical Centre L.L.P.	C-345, New Delhi, South Delhi, दिल्ली	India
S3-403644134	Wexevo Formerly Blue Construction LLP	C-6/298, C Block Yamuna Vihar, Delhi, North East, Delhi	India
S3-383140095	Illumination Coastal L.L.C.	17531. Stockton Ln, Bainbridge Twp, Ohio	US
S3-827394484	desertholding.com	550- Bittersweet Trl, Crystal Lake, Illinois	US
S3-453592514	Pinnacle Cloud Labs	##1636 Battery Road, Essex County, Virginia	US
S3-784588095	Piedmont Desert Dáta	18516 De Arboles, Queen Creek, Arizona	US
S3-234977571	Vijay It Foods	Gat No: 1357 Wadaki, Wadaki, Pune, MH	India
S3-498412326	Keasler, Lu Partners Kkr [Innovative]	1817a Riverside Avenue, Perry Twp, Ohio	US
S3-698768729	Ewing Immunopharma Inc Partners	308-312 Dr Martin Luther King Jr Blvd, N/A, Baldwin County, Alabama	US
S3-626489960	Caldos Boston-of Elizabethtown Inc.	502. Richard Court, PMB 228, Elizabethtown, Kentucky	US
S3-986783599	Star Sree Products Pvt Ltd	A-510, Byculla Service Industries Dadaji Konddev Cross Road, Byculla (East, ), Mumbai, Mumbai City, MH	India
S3-801184026	Internal Medicine Health, Llc	10 Hartsdale Street, Smithtown, New York	US
S3-349838395	Miraecto	C/O Poonma Ram Dhora, Shivnathpura, Ward No. 19, Sanchore, Jalor, Rajasthan	India
S3-109091147	@-Style 1 All	##54 Division Street, Great Barrington, Massachusetts	US
S3-90402085	Fhankins.Com	07073 Firenza Place, Bldg 19154, Dublin, Ohio	US
S3-426126889	Division	Hondo, 1911 23rd Circle, TX	US
S3-792879238	Green Grand	1360 1/2 Robertson Road, Morgantown, Indiana	US
S3-947637879	New Delhi Leathers Limited Services	DL, New Delhi, 709/58, South Delhi	India
S3-128998741	Panache Ayush Limited	E2/303 Gangadham Phase-6 Bibvewadi, Pune, MH	India
S3-631706117	Fayewex formerly Legacy Peak Fitness	172 400, Kaysville, UT	US
S3-314080870	Rocky Slo of Medicine - 2043834649	302 Walnut St, Quasqueton, Iowa	US
S3-912597062	Lawson-Rockwool	1240 Mountainside Way, Albuquerque, New Mexico	US
S3-389026754	Dziuba Thérapeutics		US
S3-641257616	Bombay Hospitality Pvt  Ltd	#B3/115Xh-65Gali No-1moonga Nagar K Nagar, Delhi, Central Delhi, दिल्ली	India
S3-751644206	Dr Sepl Institute of Technology Co	B-#45 Haryhur Society Village Khambhat Taluka Khambhat District Anand, Khambhat, GJ, Anand	India
S3-385521857	Capitol Heighs, Township  Of	1012 Highview Drive, Capitol Heights, Maryland	US
S3-65691995	southinvestments.com	201 Sidco Industrial Estate Thirumudivakkam, Chennai, தமிழ்நாடு	India
S3-411197828	Greater Kailash-Ii Consultancy Private	S-565, New Delhi, Greater Kailash-ii, DL	India
S3-430156347	Community Association Holdings	3921 Ironwood Rd, Golden Valley, Arizona	US
S3-972239652	Spokane Valley Children'S National Corp West Association (ID: 46589)	11616 48th Ave, Spokane Valley, Washington	US
S3-358091562	Villarreal Medical Cetcer	5617 S, Oshkosh, Wisconsin	US
S3-768363324	Green Foundation Constructions Private Limited	Plot No Scr-106, Second Floor, Kharvela Nagar Unit-iii, Near Exhibition Ground, Bhubaneswar, Khordha, Orissa	India
S3-987543895	indian global provision private limited	Indore, मध्य प्रदेश, Block D-#923 C-26, Indore	India
S3-965459174	Shri Balaji Marketing Overseas Pvt Limited	16, Road No 1, Street No 5, New Green City, Rajendranagar, Hyderabad, TG	India
S3-788608326	firstgenomicbrands.com	3 Pine Woods Rd, Hyde Park, New York	US
S3-574562970	Avc Foods	C-17, Panchsheel Colony, Purani Chungi, Ajmer Road, Jaipur, Rajasthan	India
S3-442697748	solutionssaathibiodiesel.com	Rajendra Place, 05F, DL, New Delhi	India
S3-779451178	Shaan Ássociates Project	Flat No.105, Kukatpally Hyderabad, Hyderabad, తెలంగాణ	India
S3-891748473	Korsyn	F.no T 1 P.no 92, Jaipur, RJ	India
S3-999270903	Unified Digital LP	528 Perkins Ave, Unit 2, Perkins Twp, Ohio	US
S3-812594206	Bhajanpura Imprints Enterprises Có	B- 38 First Floor, Gali No. 17, East Delhi, Bhajanpura, DL	India
S3-785730826	Tovoum [PLLC]	Oak Park Ave, Illinois, Tinley Park	US
S3-350750531	Kolkata Logistics Private Limited	#1/9 Gr Foor, Howrah, WB	India
S3-124557977	Dermatology (Classic)	9065 Moro Bay Hwy, El Dorado, Arkansas	US
S3-938179165	Darpan Corporation Tours	No 00423 Plot No - 905, Khata No 55, Champapur, Darpan, Jajpur, OD	India
S3-411622412	Limited Gis Infratech Private Services	Fl 7 Aishwariya Heights Sno 25/4 Chintamani Soc Plot No 5/ Karwe Ngr, Pune, MH	India
S3-763231244	Mr Greenview Índia Có	Door No 123/C, NULL, Hosdurg, Kasargod, KL	India
S3-993757313	Co Golden Mustang	#9319 Whittemore Dr, Elk Grove, California	US
S3-439599247	TJI Pe Ltd	Sn 102, Prabhakar Park, Gopalpatti, Manjari Bk., Haveli, Pune, MH	India
S3-424398723	सुपर मीडिया प्राइवेट लिमिटेड	414, Main Market, Said Nagli Amoroha, Jyotiba Phule Nagar, Hasanpur, उत्तर प्रदेश	India
S3-950133923	Media Tirupati Stores	Dlf Galleria Block Bg-15., Action Area-1b, New Town Are, A, Kolkata, Kolkata, Howrah, WB	India
S3-115477799	Barb Fortson Select  Center	##1 Lauderback Rd, Rogersville, Tennessee	US
S3-370556534	Fluxnovi	RJ, 171, Jaipur	India
S3-956274248	Dyana's Center	110 Cherry Hills Drive, Houston, Texas	US
S3-661428531	Bruno Ópendoor LLC LLC	1832 Roxella Strete, Houston, Texas	US
S3-89928037	The Nova Associates Private Limited	H.no 507 Alaknanda Appt, Ghaziabad, UP	India
S3-867033647	Brand  & Associates	Door No 817, 7Th A Cross Road Hig, A Sector, Yelahanka New Town, Bangalore, KA	India
S3-89638034	Peacock Trust Ltd.	Andhra Pradesh, Hanamkonda, H.no 2-10-309/2/6 Prasanthinag, Warangal Urban	India
S3-349433429	Blue Áuto Body	40 Cemetery Ave, Unit B, Cambridge, Maryland	US
S3-686153130	Cardiology (Clinic)	6823 Cantrell Road, Little Rock, Arkansas	US
S3-147919834	proshares.com	721 Wisconsin Ave, N/A, Oak Park, Illinois	US
S3-97245878	Sri Balaji  H0spitality Limited	Vandana Co Op Hou Soc Ltdflatno 701 7Thj Floor Four Bunglows Andheri West, Mumbai, MH	India
S3-624122791	Straight Edge Tavern! Greater	956 1st St, Wasshington, District of Columbia	US
S3-285672427	Freitas's Seafood Inc	Texas, 303 Spanish Oak Trail, Bullard	US
S3-835120961	Royal  Quality Cms	00135 Sagewood Drive, Thibodaux, Louisiana	US
S3-597287444	... Womens Health	702 Orion Dr, Killeen, Texas	US
S3-134005778	Kadar Cléan ídea	4418 Deacons Lane, Virginia Beach City, Virginia	US
S3-728425436	ஹை டெவலப்பர்ஸ் பிரைவேட் லிமிடெட்	Chennai, H.no 5 2Nd Cross Street Sidco Industrial Estate Ambattur, TN, Chennai	India
S3-100278112	Keystone Capital Co	5423 Skyridge Drive, Indianapolis, Indiana	US
S3-911655769	Dividend Clean Stone	2303-2307 Oakcrest Drive, Garland, Texas	US
S3-590329775	Downtown Bike Sos	713 Spoonbill Ln, Palacios, Texas	US
S3-361833418	Silver Consulting Pvt (Ltd)	No 8-10/41-42 Elango Nagar 2Nd Street, Tiruppur, Coimbatore, TN	India
S3-883025244	Northern Áltenergy Co	128 Davis Avenue, Newton, North Carolina	US
S3-594639667	North Stardust LP	4608 Commodore Drive, Stoow, Ohio	US
S3-431681225	Keystone Automation Systems [Partners]	44 N6406, PO Box 3036, ST Johns, Arizona	US
S3-352168645	Private Krishna 6lobal Limited	Door No 14-6/1-13, Eluru, <NULL>, AP	India
S3-960020610	GCC  Theatre Limited	#60, 2Nd Floor, Pr Business Center, Above Croma, Kadubisanahalli, Marathahalli Outer Ring, Road, Bengaluru, Bangalore, KA	India
S3-574449603	ഈസ്റ്റേൺ ഇൻവെസ്റ്റ്മെന്റ് പ്രൈവറ്റ് ലിമിറ്റഡ്	1St Floor, Bismillah Shopping Complex Market Road, Ottupara, Wadakancherry, KL, Kumaranellur P O, Room No. 380, Thrissur	India
S3-238453868	foot & ankle partners | www.footank.com	258 Oakdale Avenue, Mineral Wells, West Virginia	US
S3-790682064	Mehta  Vee LLP	Block D-811 N.s Properties, Kolkata, Howrah, WB	India
S3-715432797	Iriflux formerly known as Behavioral Health Care Associates Center	1723 50, Pleasant Grove, UT	US
S3-986273161	Builders Subra Alpha	00211, Sector-24, Faridabad, HR	India
S3-747285164	IZ Pvt. Ltd. Partners	Sr. No. 111/1- Kuran Road, Sukewadi Tal. Sangamner, Ahmed Nagar, Sangamner, MH	India
S3-806476865	Laxmi  Media Private Motors Limited	H.no 38 Samyak Residency, Dwarika Nagar, Huzur, Rewa, MP	India
S3-993289796	Great  Builders Private	502, Manohar Complex Opp. Dabu Hospital, Surat, Navsari, GJ	India
S3-141657082	Brightance LLC Industries,	#7733 Asheville Highway, Knoxville, Tennessee	US
S3-439571005	Swarnalaxmi  Polytechnic Ltd	601, Kolkata Region, WB	India
S3-680689290	aggy trujillo royal sab	Pineville Rd, Statesville, North Carolina	US
S3-268789949	AM Allied Mercury  LLC	307. Levi Jackson Mill Road, PO Box 6687, London, Kentucky	US
S3-837548855	Piedmont Council LP	119 Mead Avenue, Smyrna, Tennessee	US
S3-303637740	Caloarc Sys	H. No-286, Ward No-7, Mubarakpur Po - Danapur, Ps - Shahpur, Patna, Bihar	India
S3-186753177	Curry Bíoworks Corp	1324-C Broadway Street, Peoria, Illinois	US
S3-47158151	Belosol aka Smart Express Ithax LLC	5322 2775, Roy City, UT	US
S3-267700914	Coastal	111 1st Avenue, Altura, MN	US
S3-993758659	PC Complete Trusted Marshall	968 Indigo Cove Way, Calabash, North Carolina	US
S3-262482921	Asset-Building	741 Third St, Wakeeney, Kansas	US
S3-470223766	Sandefur & Moss	8-12 Clintonville Street, Whitestone, New York	US
S3-805790598	Hammond Patton Harbor Inc Center	Louisvilel, Tennessee, 1572 Kristi Court	US
S3-952673781	Venuto Calssoc Hair Studio	1995 Frames Branch Rd, Clay City, Kentucky	US
S3-602834567	Indian Pr0seucr		India
S3-750052276	NEXEAN AMERICAN INC	8418 Oakgrove Court, Manassas City, Virginia	US
S3-598055611	Welch National Homes Ltd	1926 University Dr, Unit 221, Tempe, Arizona	US
S3-713202389	Dr Galaxy Ventures Provision Pvt  Ltd	266-A, TN, Ambattur, Tiruvallur	India
S3-819183462	Valley Allied Fisheries  Inc		US
S3-763174566	assetbuildingproject.com	1425 Walnut St, Unit APT 1, Bloomington, Indiana	US
S3-614757402	Platinum Superior All	##7765 River Rd, South Whitley, Indiana	US
S3-949560684	Keystone Genomic Holdings North	5410 Wesley Street, Greenville, Texas	US
S3-327260477	Keystone Crystál Bynordic Inc	2059 Larrabee Saint, Chicago, Illinois	US
S3-976815720	HUGO POLYTECHNIC	Nedeekunnath House Karthedam, Malipuram P.o., Ernakulam, കേരളം	India
S3-420381198	Guerrero Santander	7380 191st St, Tinley Park, Illinois	US
S3-574526259	Tirupati सिस्टम्स Enterprises Pvt Ltd	Shop No 0103, Prime Mall, Beverly Park, Near Pvr Theatre, Mira Road (E), Thane, Vasai, Thane, महाराष्ट्र	India
S3-111087522	Developers Mangalam Pvt Ltd Services	No 08 1St Main, Bangalore North, Bangalore, KA	India
S3-697369716	Taraksh Enginchreerng Pvt. Ltd.	No 409-410, Property J-9/36, Rajourigarden J-6, West Delhi, New Delhi, West Delhi, DL	India
S3-99060690	Bay Project LLC Authority	1404 Main St, Warsawcdp, Indiana	US
S3-536475049	Romisoft	3904 Lori Dr, # Apartment 28, Erlanger, Kentucky	US
S3-843758176	Family Direct Care Associates Llc	Texas, 57 Park Raod 2, Carrizo Springs, Fl 0	US
S3-415610415	pardicomputers.com	Pno 39, Vibrant Business Park, Vapi(ina), Vapi G.i.d.c., Pardi, Valsad, ગુજરાત	India
S3-776391028	M/s PRECON (INDIA) PURCHASE PRIVATE LÍMITED	Hn 00590 538K/720, Triveni Nagar-2 Sitapur Road, Allu Nagar Diguria, उत्तर प्रदेश	India
S3-294886213	Bingham, Lyons + Villa, (Inc) - 8820837300	#49 Tankeroosen Rd, Vernon, Connecticut	US
S3-749925350	One Center	1061, Mahatma Gandhi Road, Vill-mallickpur, Po- R.c. Thakurani, South 24 Parganas, NULL, WB	India
S3-287661031	Saint Zion Inc	126 Page Brook Rd, Whittney Point, New York	US
S3-695325971	Jarlyx [Ithax]	#100 Featherdown Way, Unit 2, Asehville, North Carolina	US
S3-978641501	Garofalo Integrated	522 Sycamore Street, Eureka, Kansas	US
S3-552934419	Summit Society LP	33 Casa Grande, Brownsville, Texas	US
S3-788033697	6reat Project Associates	17554 Waterman Lane, Marana, Arizona	US
S3-432908949	Carroll Miller &	E. Greenville, 721 Morris Road, Pennsylvania	US
S3-469240895	Federman Chimera Center	9214 Arbor Creek Dr, Charlotte, North Carolina	US
S3-9851430	Pataudi Pictures  Private	Block A-575 W.n-22, Pataudi, Hr, Ind, Gurgaon, HR	India
S3-599831148	Deltavera DBA: Schlosser Group	17256 Creekside Drive, Brandywine, MD	US
S3-720176260	*** Bay Uranium, Inc.	6800 Fleetwood Road, Unit CND 702, M Clean, Virginia	US
S3-109400882	G1obal Grlowth Plastics	Ward No. #14, Dhar, Rajgarh, MP	India
S3-49252256	Prime  Frontier Boa	7185 Cottesmore Lane, Solon, Ohio	US
S3-169357209	falintech generating metro llc	124 Morningside Dr, Durham, North Carolina	US
S3-797992142	Donnie Gabriel Fitness Corp	3531 Maris Way, Humble, Texas	US
S3-60124360	Marlee Sievert Center	##239 Tims Cove Rd, Willimantic, Maine	US
S3-631163048	Bies Horizon Tinto Incorporated	7500 Hunters Mill Rd, # APT J, Blacksburg CITY, Virginia	US
S3-720901503	Real Life Marketing-Private Limited	B-1-a-74-c, West Delhi, DL	India
S3-103619971	Public Arun Infrastructureprivate Limited	No 27/6 Sri Mugugan Complex, Trichy, Mainroad Palladam, Bharathipuram Balu, Tiruppur, TN	India
S3-502248324	Millet Security	Uttar Pradesh, Etah, Etah Chandra Pal, Patiali, Nehru Nagar Sidhpura	India
S3-668799784	velvuestanley.com	25777. Yellowstone Trl, Moran, Wyoming	US
S3-703745662	Ambica Services-Hisar	Door No 291, Sector-14, Hisar, HR	India
S3-566313066	Bright Consulting		India
S3-210497867	Cornerstone Learning Holdings [Ltd]	5835 Sunforest Dr, Houston CITY, Texas	US
S3-305370772	Zefis Altisource Inc	905 Denison St, St Francis, Kansas	US
S3-800211182	Gurgaon Salasar Limited Center	House No. 206, HR, Gurugram	India
S3-246423910	Virat Welfare-Society Infratech	UP, No 21 First Floor, Lucknow	India
S3-815414819	Creel, Oneill & Helmick Corp	1824 Cdar Point Road, Sandusky, Ohio	US
S3-133129129	Bay  Cardiology	Milton, Massachusetts, 600 Canton Ave, Unit 1215	US
S3-804943505	ब्राइट Services Private Limited	Gat No. ##17, Unit No. 14, Stone Ridge Vally, Trimbak, Nashik, MH	India
S3-66415003	India Ecstasy 5teel Ltd	21/73, Basement Old Rajendra Nagar, Rajendra Nagar, New Delhi, Delhi, DL	India
S3-822416158	Redwood LLC	7384 Stout Rd, Germantown, Tennessee	US
S3-329281687	PEDIATRIC DENTISTRY PHYSICIANS PHYSICIANS	006 Velie Dr, PO Box 3056, Moline, Illinois	US
S3-50602812	Heartland Bay Platforms, Incorporated	605 Washington Street, North Attleborough, Unit D, Massachusetts	US
S3-367640843	Veoectocalo trading as Solutions Tsm Mills Ltd	17/18, Suraj Apts, 71, Bhulabhai Desai Road, Breach Candy, Mumbai, Mumbai City, Maharashtra	India
S3-388585282	Red Hospitality Private	Door No 89-90 Khasra No.7487569486, Sadar Bazar, Gurgaon, HR	India
S3-249562950	Atulya Global (Limited)	A/310, Virwani Industrial Estate, A Wing, 3Rd Floor Off Western Express Highway, Goregaon Ea, St, Bombay, Mumbai City, MH	India
S3-400895668	Blanca'S Sciences	160 Augusta Ave, Spokane, Washington	US
S3-398363546	L+ Rate Inc	005164 Turkey Branch Rd, Madison, Indiana	US
S3-644124586	The Pediatric Dental Clinic LLC	755-759 Bodoit Rd, Hancock, New York	US
S3-227736330	Omega Holdings Industries	H.no 035 Sf36/1 36/2 Abhishek C, Gidc Makarpura, Vadodara, ગુજરાત	India
S3-347219009	Aurangabad Corporation Center	C/o Bhnaudas Gore, G No 6, Palkhed Tq. Vaijapur Dist A.bad Palkhed, Aurangabad, महाराष्ट्र	India
S3-105572451	Baia Cadenza	Illinois, Woodridge, # 611, 8128 Waterbury Court	US
S3-150344776	Coor  Fresh Bond, LLC	2136 603, Clyde, Texas	US
S3-209439301	New Estate-Private Limited	G-56 Fantasia Multiplex, & Intertainment Complex, Thane, MH	India
S3-524468401	Bay Program Corporation	7310 Gayglen Drive, Dallas, Texas	US
S3-85872072	Shri Cosmos Infranirman  Limited Services	Plot No. X-67, Zadgaon Midc, Zadgaon(ct), महाराष्ट्र, Ratnagiri, Door No 4181/A, Ratnagiri	India
S3-83286392	Onyxsol DBA: Eaves Federal of Niagara Falls	NY, Niagara Falls, 561 Tronolone Place	US
S3-858132616	बाबा फाइनेंस प्राइवेट लिमिटेड	Dhule, MH, Door No 81-Forest Colony, Dhule	India
S3-578657873	Swastik Baba Systems Private	Office No. 001, Reu Residency, Near Warje Charch Mumbai Bangalore Highway, Warje, Pune, Pune, MH	India
S3-729938302	RA	Khasra No. 458, 460, 461/2 Udvariya, Bhimana, Tehsil Pindwara, Sirohi, Rajasthan	India
S3-627720424	Cirariza	Coal Run Village, Unit Lot 18, KY, 620 Venters Lane	US
S3-333285947	X & Z Compouting Inc	719 Morgan Street, PO Box 5022, Denison, Texas	US
S3-52043845	Dr Artex (India) Investment Group Private Limited	503, Sai Deep, Village Jolva, Jolwa, Surat, Surat, GJ	India
S3-512505859	Veradelta f/k/a Corner Coffee	4 Eagle Street, Hanover, NY	US
S3-473792540	Evans [Group]	8216 71nd St, Tulsa, Oklahoma	US
S3-870289314	Ons International Scool	Kno-58/66/65, Hno-24-c, S/f, Gautam Ngr, Near Father Angel School, South Delhi, New Delhi, DL	India
S3-27142954	pinnacleheartlandcms.com	31510 139th St, Duvall, Washington	US
S3-251015818	Marine's Interiors	16632 Gray Fox Trl, Surprise, Arizona	US
S3-552802267	sibbie corrales signature real pc	76 Gilson Rd, Scituate, Massachusetts	US
S3-784799595	Elite-Properties	2437 Ferndown Drive, Miaimsburg, Ohio	US
S3-502938615	Deltayuma formerly known as AV Entertainment Inc	7431 Hampton Road, Lincoln, NE	US
S3-701467166	PC Urgent Care Quality Centre	2909 Easy Way, Carmichael, California	US
S3-788972920	Navyug Family Private Ltd	House No. ##16 Block-dp Pitampura, Delhi, North West, DL	India
S3-524010394	Atlantic Interests Ltd	9850. 40th Place, Saint Michael, Minnesota	US
S3-179178329	Britt Best Willow [Llc]	0016955 Toronto Avenue, # Apartment 115, Prior Lake, Minnesota	US
S3-926530083	Caloarc fka Golden Heritage Madison LLC	972 Spider Green Way, Unit 301, Saratoga Springs, UT	US
S3-438683742	Valor Retreats (India)	00382, 383, Padasalai Street Melayanambakkam, Chennai, N/A, TN	India
S3-287450847	Lauren's Cargo Corp	459-463 Terry Avenue, Billings, Montana	US
S3-750733161	Deacon Service Cleaning	1397 George Doutiht Drive, Jacksonville, Alabama	US
S3-206195129	Dental American Partners Ltd	622 Buena Ave, Midddletown, Ohio	US
S3-262859400	Seaview Farm Private Límited	Gurgaon, N 302, HR, Gurgaon	India
S3-486541480	Surya [Structures]	1437/4B/4, MH, Bhiwandi, Thane	India
S3-694044969	Redstone Traders		India
S3-232965838	Noviarc f/k/a Kelly Management Inc	102 Orinsekwa Road, Kinderhook, NY	US
S3-595465323	6opika Steels (India) Pvt	Ward No- 6, Belauna Mode, Belauna, Bihiya, Bhojpur, BR	India
S3-683645858	Palacio Delta Premier	201 Sunrise Avenue, Smithfiel Dtownship, North Carolina	US
S3-81732366	Orthopedic Center	4225 1/2 Alabama Street, Houston, Texas	US
S3-883444912	Clean Land	Franklin, West Virginia, 64 Dowdy Ln	US
S3-818950057	Khaitan Stores	Hajipur Pokhar P.o.- Pipra Dewas, Barauni, Begusarai, BR	India
S3-435104966	Machinists Ugon Local No 202	Windsor, Connecticut, 123- Day Hill Road	US
S3-324330832	Amend Partners Summit Summit Inc.	109 Trumpington Way, Pelham, Alabama	US
S3-714119124	Macs Consultlancy Limited	First Floor Hall, Sr No -80, Gupta Galaxy, Shillphata Road, Dawadi Dombivali, Thane, Dombivali East, MH	India
S3-159931024	IP	Plot No .05 In Front Of J.J. Convent Rto Road, Akola, Maharashtra	India
S3-51074701	Pioneer Apartment	Beechspring Farm Blvd, Louisvville CITY, Kentucky	US
S3-227598301	Quick Memorial Trust Group	Plot No. S10, Site Ii Loni Rd. Industrial Area, Mohan Nagar, Ghaziabad, UP	India
S3-218083408	Rdg  Net L.L.C.	1937 S 30th Saint, Kentucky, Lousiville	US
S3-293599267	Harbor  Ltd Cola	7779 Anglers Trl, Crossroads, Alabama	US
S3-257725917	Limited Anvira Private Services	GJ, Shyamal Complex, Nr. Kamdhenu Complex, Opp.polytechnic Ahmedabad, 0506, Ahmedabad, Ahmadabad City	India
S3-488080893	Technologies Corporation Solutionsprivate  Holdings Sports	No 71 C/o Sanjay Kumar Rexshawa Dala, Sonbhadra, UP	India
S3-436696479	Blue Coffee	49 Naushon Ave, Dartmouth, Massachusetts	US
S3-229976290	schulze rocky landscaping inc	##1414 Van Dyk Road, PMB 6761, Lynden, Washington	US
S3-922776332	Yumavera doing business as Mumbai Lifecare Pvt Ltd	570 Pandurangbudhkar Marg Worli, Mumbai, Maharashtra	India
S3-43900291	LLC Cardwell, Contreras and Herd	42-44 Symphony Rd, # B1, Boston, Massachusetts	US
S3-960742546	ఆల్ఫా టెక్ ప్రైవేట్ లిమిటెడ్	Sy No. 449/E, Dommara Pochampally Medchal-malkajgiri District, Hyderabad, TG	India
S3-499498767	Rapp  Spdr Ltd		US
S3-987033562	Arts Ministries	Hughes Road, Galena, Ohio	US
S3-477547776	Ambika Traders Llp	#46 Suraj Nagar U Like, Gwalior, Gird, MP	India
S3-774363673	Smt Prosperity (India) Digvijay Enterprises Private Limited	WB, H.no B3/474 South City Garden Tower 6 Flat 10H 66 B. L. Saha Road, Calcutta, Kolkata, Howrah	India
S3-79486964	Dynamic Trusted Trusted Software Incorporated	925 Broadmoor Drive, City Of El Paso, Texas	US
S3-66628951	Marketing Commmsbrade Private Limited	4-5/5, Paramadevar Annakodi Complex Annai Nagar, Parasurampati, Madurai, TN	India
S3-776356327	जय टेक प्रा. लि.	A-305 Derawala Nagar, New Delhi, DL	India
S3-440772334	Ems Plus Limited Center	Door No 356/A, Kesare, Naidu Nagar, 3Rd Stage, Mysore, KA	India
S3-870045151	Ps Private Limited Center	Door No 40, Lucknow, UP	India
S3-200099834	Cozy Cáfe	77 Locust St, Hartford, Vermont	US
S3-290829265	Hall Rithm	4929 Osuna Pl, PO Box 7354, Albuquerque, New Mexico	US
S3-614117397	Arihant Industries Garments Pvt	H.no 15 C/o- Alok Kumar, S/o- Mahavir Prasad, Abhiyanta Nagar, Danapur, Patna, Dinapur-cum-khagaul, Patna, बिहार	India
S3-130221344	হোটেল ক্রিয়েটিভ প্রডিউসার	No 32/4/1 Chandi Ghosh Road, Chhanda Apt Near Wireless Park, Ps/po Regent Park, Kolkata, Kolkata, Howrah, পশ্চিমবঙ্গ	India
S3-915377057	5t. Ministries	9107 1/2 Beach Rd, New York, Brewerton	US
S3-827545511	Evelina Evelina Arias, DMD, M.D., P.C. LLC	144 Carlisle Drive, Nixa, Missouri	US
S3-866149812	Godavari (india) Private	702 Shivala Mshant, Mirzapur, Putalighar, उत्तर प्रदेश	India
S3-988937290	ROSEMARIE'S AGRICULTURE	Connecticut, Colebrook, 26 Ruth Cross Rd	US
S3-593304694	Masters Clean Hub Llc	Manchester, Connecticut, 5 Botticello Drive	US
S3-997789709	Rampur Machinery  Limited		India
S3-792285358	Coa LLC	1702 Lgan Ave, PMB 4537, Superior, Wisconsin	US
S3-456578501	Marlo's Health-Inc	1330 Missouri Ave, # 406, Washington, District of Columbia	US
S3-514297986	Enterprises Alchemist Scienceprivate Private [Limited]	B/604 Rajshree Avenue Nrdinesh Hall Ashram Road, Ahmedabad, GJ	India
S3-273941177	Payton,, Druci D.D.S., M.D., P.C. Partners	13539 Maple Dr, Morning View Ky, Kentucky	US
S3-562249097	Fulvia Mddi, D.D.S.	1911 1/2 First Street, Kirkland, Washington	US
S3-99746792	Dv  College	Sfop No #408, Third Floor, Shopprix Mall, Sector 5, Ghaziabad, Kaushambi, UP	India
S3-678873530	Kaba Skills Pvt  Ltd (ID: 65694)	পশ্চিমবঙ্গ, North Bengal Region, Darjeeling, Office-##10	India
S3-656009570	LLC O & E Pdbcshing	4 Country Club Ct, Florissant, Missouri	US
S3-84842413	Wap Solutions	H 294 Plot 2A First Floor Kehar Singh Estate Saidulajab Lane No 2 Saket, New Delhi, South Delhi, Delhi	India
S3-775754214	Prairie Biologics Co	3013 Dogwood Trail, Spring Hill, Tennessee	US
S3-429078143	YV Precision Home Care Corp	5626 Chop Way, <NULL>, Wilmington, North Carolina	US
S3-456066254	OC Culture Private Limited	H.no 10, Lakshmi Amman Koil Street, Kodungaiyur, <NULL>, TN	India
S3-179466631	Arts Cóalition - 6950036910	10051 1/2 Merino Ave, Apple Valley, California	US
S3-36834067	Suazo, Little & Jameson Meshflow	118 Timberlodge Circle, Littleton, North Carolina	US
S3-40300820	Care Rtloay Limited	Office 1214, 12Th Floor, Sunshine Tower, S. B. Road, Dadar West, Vasai, Mumbai, महाराष्ट्र	India
S3-265226738	Moore Total Rain (Ltd)	3945b Octavia Avenue, Chicago, Illinois	US
S3-702940452	Meridian (LLC)	2016 Hudome Way, Virginia Beach City, Virginia	US
S3-276342263	Kishanganj Iniitativs Corp	C/o Ijar Ansari Nh327e, P.o. Churli Thakurganj, Kishanganj, BR	India
S3-656619113	Hoang, Best and  Bowen	47 Babbitt Ct, Greenburgh, New York	US
S3-165452142	ZKJ  Limited Center	RJ, Deoli, Hn 1-814 98, Tonk	India
S3-63736581	Brunson Chemical Llc	02227 Safford Avenue, Coolumbus, Ohio	US
S3-88537473	Star Clinic Limited Center	No 2 Sheetla Mata Marg Pwd Office Ke Saamne, Udaipur, Bhuwana, RJ	India
S3-841884228	Davenport Processing	Santa Fe Trl, # 2082, Irving, Texas	US
S3-46988397	Cozy Hair Studio Ltd	130th Avenue, Thompson, Iowa	US
S3-97943213	BZ Desert ápollo	08 8th St, Cincinnati, Ohio	US
S3-454921599	Sri Poonawalla & Brothers Prirhae Limited		India
S3-525883399	Back Álley Yoga LLC	01862 Chopsey Hill Road, Bridgeport, Connecticut	US
S3-472208507	Swanson, Meridith Energia	1302 Monocacy Crossing Pkwy, <NULL>, Brunswick, Maryland	US
S3-717996744	Johnson Apex Berkley	9612 Tenth Avenue, South Mountain, Arizona	US
S3-137986399	Secure Defense Inc	4 10st St, Atlantic Toownship, Iowa	US
S3-747398297	Ace  Intelligence Technologies Inc	919 Arkansas Ave, Earle, Arkansas	US
S3-84758919	North  Milestone	Kolkata, 14/2 Burdwan Road, Kolkata, WB, C-4 Siddharth Building, Kolkata	India
S3-381307460	*** Heart (Center) (Center)	#401 Dryden Road, Ithaca, New York	US
S3-597234068	Octavia Johnson  Allspring	8128 Fox Lane, Nineveh, Indiana	US
S3-26551753	Sri Lock Exports Services	K - 13, Lower Ground Floor Kailash Colony, South Delhi, DL, Delhi	India
S3-986110024	Clear Cónsumer Products, Inc	4055 Century Blvd, Hillsboro, Oregon	US
S3-298191876	Advanced Talent Worldwdie Corp	827 Mccammon Ave, Alcoa, Tennessee	US
S3-551441676	Espinoza, Salsberry and Harrell	125 Victoria Place, Rockwall, Texas	US
S3-915725003	Safe Dpc	1122 Briarwood Cir, Moody, Alabama	US
S3-621332247	Munoz and Kagouhman  Inc	Hancock St, Richmond City, Virginia	US
S3-784808121	Human	110 Carlisle Court, Cary, IL	US
S3-40650252	Hadley Pafhpr	3209 3nd Ave, Great Falls, Montana	US
S3-226221286	Drexevo	Door No 578 A, Road Number 7 Banjara Hills, Hyderabad, తెలంగాణ	India
S3-951897900	Lumdelta	502 Idaho St, Glidden, Iowa	US
S3-146362278	Bombay Ventures Motors Private  Limited	C56, East Delhi, DL	India
S3-142238950	Veokelo formerly: 3617 Main Road Apartments	396 Melba Street, Staten Island, NY	US
S3-86080483	Orthopedic  Associates Care	8793 1/2 67st Ave, Portland, Oregon	US
S3-802744894	Wade Marshall  Inc	7260 Parktree Lane, Keizer, Oregon	US
S3-651242371	விஷன் ஹாஸ்பிடாலிட்டி பிரைவேட் லிமிடெட்	2/5 S.k.s.nagar, Uthangudi, Madurai, TN	India
S3-473594433	গুরু ইনফ্রা লিমিটেড	8 B B D Bag (E), Calcutta, Kol, WB	India
S3-565371748	DT Launch	116 1st Street, Flaxton, North Dakota	US
S3-305355641	Tri-State Logistics Llc	6809 Mossvine Cir, Dallas, Texas	US
S3-281482098	Park Creations Private Ltd	C-105 B, Surat, ગુજરાત	India
S3-489330833	Ipcon Urja (India) Private	Srt Ltd., Ck-25/1, Chowk, Varanasi, UP	India
S3-925315481	Classic Electronics Technologies LP	1239 Tillerman Place, Fl 0, Curtis Bay, Maryland	US
S3-37005804	Smt Vtech Cónsultancy Pvt. Ltd.	3505 Kucha Lal Man Darya Ganj, Delhi, New Delhi, DL	India
S3-606573323	Garcia Global	NULL, 59 59, Ramapo, New York	US
S3-472806882	Prashant Ahmed	D-201 Mayfair Meridian Bldg-2, Off Sv Rd Amboli, Ceaser Road, Andheri West, Greater Bombay, Bombay, MH	India
S3-108453857	5hivangan Ev Private Limited	No 551V K Road Peelamedu, Coimbatore, TN	India
S3-157783596	Soversoft Summit Lakeshore	3316 Sweet Springs Dr, Memphis, Tennessee	US
S3-292713074	New Group of Comhpaines	No 257, Block -1, Sector - 3 Dsidc, Bawana, New Delhi, North West, DL	India
S3-275870797	Womack's Bright	10021 Normandie Court, Spokane, WA	US
S3-995182049	Urgent Care	146 Southride Dr, Nashville, Tennessee	US
S3-502078871	Global Guild Partners	10622-D Waller Road, null, Tacoma, Washington	US
S3-493472046	Vasquez, Cho and Moses	124 Nova Ct, Wheeling, Illinois	US
S3-921920361	Arihanth Trust	Near Sbbj Bank, Jodhpur, Bilara, RJ	India
S3-982486206	Wendy Bfaorker Managed LLC	14120-14122 Cedar Lane, Humble, Texas	US
S3-39101178	Veravio doing business as Physical Therapy Modern Center	111 Belle Street, Unit 208, Columbus, OH	US
S3-224405850	Jay Finance Pvt Limited	Sera, Ahmedabad, GJ	India
S3-181947547	Urgent Cáre Clinic	410 Beran Drive, Texas, Houston	US
S3-789532075	Rama W0rkstati0n Limited	S. No. 13 14, H No. B/1 2, 3 Kumar Kruti Blga1fl104, Pune, Pune City, MH	India
S3-524962071	Engineering Kedia International  Private Limited	#72, Pragathi Nagar, Hyderabad, Khairatabad, TG	India
S3-381106575	Choice Disciplined	1121 11 Ave, null, Saint Cloud, Minnesota	US
S3-166479017	ಸೌತ್ ಪ್ರೊಡಕ್ಟ್ಸ್ ಪ್ರೈವೇಟ್ ಲಿಮಿಟೆಡ್	Flat No. A-1011, 11Th Floor, Artisane Forest Breeze Apatment, Krishnaraju Layout, J P Nagar, Bangalore, Bangalore South, ಕರ್ನಾಟಕ	India
S3-838217563	american pooley mines center	Ohio, 7265 Columbiana Canfield Road, Unit A105, Canfield	US
S3-724850382	Technologies 5anjeevani Atelier Corp	No:412-a, N T. Complex Mundaganadar Street, Opp To State Bank C, Olony, Sivakasi, Virudhunagar, தமிழ்நாடு	India
S3-639445268	Gujarat आईटी Private Limited	Hn 899 D-27 Vivek Vihar, `, New Delhi, DL	India
S3-218494948	Private Premier Sunrise International Ltd	House, Ernakulam, Kerala, Keralam	India
S3-216175149	coatesmiltonemera.com	328 Court Street, NULL, Prestonsburg, Kentucky	US
S3-476010960	Skylark Sérvice	540, 2Nd Floor, Cmh Road, Bangalore North, Bangalore, KA	India
S3-119110495	temple ministries	2940 20th Street, Clarkstonc ITY, Washington	US
S3-365806139	dermatologyspecialists.com	Texas, 256 College Street, Jacksboro	US
S3-725568733	clinicch.com	No. D/415, Mysore, Mysuru, KA	India
S3-669756688	Mr golden producer private limited	DL, New Delhi, A-177, Devali Road Khanpur	India
S3-346140386	Mr Rajaram Support Péivtfe [Limited]	Salava Agwanpur, Moradabad, UP	India
S3-60530210	Ridge Díana LP	1725 Arlington Blvd, # 102, Greenville, North Carolina	US
S3-765522315	Pierce  Animal		US
S3-618482156	Anchor United Óneim Downtown Inc.	813 560, Tooele, Utah	US
S3-608855607	Mmdata.Com	Missouri, Kansas City, 14409 96st Ter	US
S3-554525225	Hill, Darryl, MD	102-104 Clarendon Dr, Nashville, North Carolina	US
S3-672131051	Davidson Alatic Alussa, LLC	446 Sail Walk, Patchoggue, New York	US
S3-569625706	Swastik Mánagement	Flat No. 1006, Delhi, DL	India
S3-688578211	Operating Engineers Uian Local No 152 LP	120 Farmwood Dr, # 90A, Kernersville, North Carolina	US
S3-195573955	Uniteddavis.Com	90 Gray Street, Lebanon, Kentucky	US
S3-121313897	Secure-Usa LLC	4163 1/2 Green Trail, Town Of Jackson, Wisconsin	US
S3-693943149	Patriot-Apex Patriot-Apex Abacus lnc.	166 Gus Ct, Bunnlevel, North Carolina	US
S3-22437747	Perfect  Brothers Private Limited	Khachraud, Indore Region, C/o Daudayal Ramchandra Rathi Buddha Marg, MP	India
S3-594590240	Morse, Berndt ánd Moore Big PC	4915 Rocky Fork Rd, Glenwood, West Virginia	US
S3-255066171	N B Wilde Communications (LP)	PMB 8124, Grove City, 2703 Southwest Blvd, Ohio	US
S3-433278967	Al Consultants Textiles Pvt	R-213, Ahmedabad, GJ	India
S3-815432139	Legacy Atlantic	711 Cockle St, HOLY Ridge CITY, North Carolina	US
S3-376278498	Seven Jain Marketing Private Ltd	Plot No. 10, Sector - B, Pocket 1 L.s.c. First Floor, Vasant Kunj, New Delhi, DL	India
S3-111380897	White & Lowe Institutions	106th Ln, Coon Rapids, Minnesota	US
S3-642164321	Private Essar Traders Limited	No 206/A/A. Hayath Nagar, Hyderabad, TG	India
S3-373736395	Shaw, Giovanna, Dds	570 Halsey Avenue, Buffaol, Minnesota	US
S3-169763846	Maeder Custom Arbor  Group	110 Main Saint, Laurel, Maryland	US
S3-879837569	Bureau of Motlor Vehicles	109 Nora Drive, Unit G, Frazeysburg, Ohio	US
S3-325132240	OX Kera Pvt	Ground Floor, Madurai North, Madurai, தமிழ்நாடு	India
S3-239233636	Cirazeph née Green Nutrition Technologies	354 Burlingate Drive, Unit B, Greensboro, NC	US
S3-115919205	Delta-Classic Open Ínc	2001 Plateau Vista Boulevard, # 5302, Round Rock, Texas	US
S3-579240292	Susanetta Goldman Goldman Sciences Llc	2335 Lansdowne Place, Valleejo, California	US
S3-458300314	Shree Private Limited Center	Shop No. 122, Plot No. 31, Vikas Tower Pitam Pura, Delhi, North West Delhi, DL	India
S3-409906692	Sambhavi Forex  LLP	Plot 895 C-21 16 Ali Pur Roadsham Nnth Marg, North Delhi, New Delhi, दिल्ली	India
S3-392935416	Trinity Catholic	31769 Rehobeth Rd, Westover, Maryland	US
S3-943348061	Neo Sticks  Private Limited	Block A-191 A-9, 1St Block, Sidharth Heights, No.55, Arcot Road Saligramam, Chennai, TN	India
S3-365553731	Consumer of Bureau East Partners	310 122 7th St, Bldg. Rainier Vista Apartments, Zillah, Washington	US
S3-99318454	Platinum Learning Enterprises	189 Parkstone Dr, Fraziers Bototm, West Virginia	US
S3-673923812	Empire Safe Méridian Inc	625 San Pedro Road, Golden Valley, Arizona	US
S3-560393874	Starwave.Com	10810 Checota Drive, Dallas, Texas	US
S3-835767106	Red-Auto Bofyn LLC LLC	12204 Tonsing Dr, Garfield Heights, Ohio	US
S3-966992925	Ulrikaumeko Beggs, [Services]	Cumberland Ave, NULL, Knoxxville, Tennessee	US
S3-435366928	physicaltherapy.com	Lexington, 04 Eastern Shores Dr, Tennessee	US
S3-772334133	Reavis Imveostsetns, Inc	Fern St, Manchester, Connecticut	US
S3-936145628	Dr Ldsnr  Group	AP, Krishna, Block C-44 2-1	India
S3-620022154	শ্যাম ফাইন্যান্স প্রাইভেট লিমিটেড	H.no 6-16 Pollock Street 2Nd Floer, Kolkata, Calcutta, পশ্চিমবঙ্গ	India
S3-157875502	Ariaaria d/b/a Generic & Sons Private Limited	2A, 9, Dhanammal Street Chetpet, Chennai, Tamil Nadu	India
S3-786475883	Phyllidakrachtvalley.Com	2415 Gaspee Poilt, Missouri City, Texas	US
S3-792939040	Nexdrex F/K/A Super Shiva Power Limited	26A Flr 1 Sans Souci Bldg, Bg Kher Marg Malabar Hill, Mumbai, Maharashtra	India
S3-330819499	Heritage Society Society	139 Fort Graham Rd, Whtiney, Texas	US
S3-694165296	Pruden, Litteral & Cárrillo State LLC	179 Boyds Corner Rd, null, Middletown, Delaware	US
S3-577359881	Tatum-Pifer Valley	10 Robert Bruce Road, Poquoson, Virginia	US
S3-912263475	vision care associates inc	#93 Major Avenue, New York, Staten Island	US
S3-712869593	Cao	42 Barrington Place, Bel Air, Maryland	US
S3-802510586	Pyraariaorbi	12401 Glengrove Cir, Louisville, Kentucky	US
S3-715061360	East Próperties Private Limited	428, Mumbai City, MH, Mumbai, Mastermind1, I.t Park, Royal Palms, Aarey Colony, Goregaon East	India
S3-647915925	PRIMARY CARE CLINIC LLC	130 Yaples Orchard Drive, PO Box 985, Chillicothe, Ohio	US
S3-906749921	Margeaux M. Revell, DPM	#701 Roanoake Court, Naperville, Illinois	US
S3-552628886	Kanth Clínic	Khasra No. 489/Gf, Delhi, North West Delhi, DL	India
S3-275151062	Modern Principal  [LLC] (ID: 8210)	9725 Summerwind Ct, Alexandria Ky, Kentucky	US
S3-513253227	cgveterinary.com	224 Temperance Valley Road, Gordonsville-Smith, Tennessee	US
S3-117131502	Halcyon LLC Partners	5314 Casa Grande Drive, Topock, Arizona	US
S3-581108700	Private AH Agro Limited	Site No. A-4, Coimbatore, TN	India
S3-925047149	Whitlock Interests	5808 Tosha Pl, Farmington, New Mexico	US
S3-577195301	Galaxy Fashion-Private Limited	Door No 71 5Th Main 2Nd A Cross Ag S Colony Anandanagar, Bangalore, KA	India
S3-920032449	Allied  Partners	Plot 343 City Sr No 170 Word No 1, Plot 255-256/B, Bhavnagar, GJ	India
S3-887582565	Evomira Labs d/b/a Anderson Floating	866 30th Avenue, Santa Cruz, CA	US
S3-140792363	schwabfinancial.com	3315 Oxford St, PMB 7297, Des Moines, Iowa	US
S3-729317914	Whaley  Optimal Newhold	Alabama, Unit Apartment 34B, 316 Elm St, Anniston	US
S3-362532700	मॉडर्न हेल्थकेयर प्रा. लि.	Hn 191 House No. 2094, 3Rd Floor, Blk-b, Kanhaiya Nagar, Trinagar, North West, Delhi, DL	India
S3-576246957	ridgeequitypartners.com	1297 Brentwood St, HIGH Poinnt, North Carolina	US
S3-335451398	Private Mumbai Technologies Limited	10/72 Parijat C H S Ltdgen A K Vaidya Marg Film City Road Malad (E), N/A, Mumbai, MH	India
S3-181379711	Ankur Trading Exports Company	WB, 164/A/65, Lake Gardens, Parganas South, Lake Gardens, Prince Anwar Shah Road	India
S3-688260510	Star Obic	1938-1940 Yakima Ave, Tacoma, Washington	US
S3-987200847	Gabriel Royal  Network	904 Paumanack Village Dr, Huntington, New York	US
S3-591165417	Delhi Growth  Ltd	269, F/f Hari Nagar Ashram Near Bajaj Auto Work Shop, Delhi, DL	India
S3-712882283	Empire Fellowship	1406 Court, Harrison, Arkansas	US
S3-363886325	Legacy Diamond Power	644-646 Owensville Road, Lucasville, Ohio	US
S3-828503598	ஸ்வஸ்திக் டிரேடிங் பிரைவேட் லிமிடெட்	3/122-C2, Pattavayal Po, Munnanad-2 Villege, Pandallur, Nilgiris, Gudalur, Nilgiris, TN	India
S3-12115447	Housing Direct Charities Corp	935 1/2 Timberlake Dr, Purcell, Oklahoma	US
S3-504205198	Brixumbranovi	F C1 803 8Flr Rainbow Gh1, Ahadeep Kingscourt Jirota, Jaipur, Rajasthan	India
S3-107588817	downtowntavern.com	175th St, # APT 3, Lansing, Illinois	US
S3-309139002	Green Planet	9520- Loomis St, Chicago, Illinois	US
S3-104038873	Clear Valley Petroleum Inc		US
S3-751866216	श्री टेक्नोलॉजी लिमिटेड	#105 Kalpataru Chambers Gr Floornanik Motwane Marg Fort, Mumbai, MH	India
S3-236497300	Pediatric Harbor  Physicians	1733 Pierce St, Indiana, Lafayette	US
S3-439968262	Education Clear-Society	Coralroot Drive, Townsend, Delaware	US
S3-617682117	Bombay  Investments	22, Majumdar Para, Dumdum, Airport Gate No-2, P.o. Italgacha, Kolkata, Kolkata, Howrah, WB	India
S3-764703247	Lumlum	150 Oak Lae, Tennessee, Blaine	US
S3-328431310	Chennai Estates  Private Limited	No 21/2, New No.2, 1St Street Viswanathapuram, Rangarajapuram, Kodamba, Kkam, Madras, Chennai, TN	India
S3-101538028	Intelligent [Investments]	Tc 9/1962/1(2), Thiruvananthapuram, Trivandrum, കേരളം	India
S3-209774796	quantaraer táble corp	28 Tenth Ave, Birmingham, Alabama	US
S3-905583106	shookfrontiernewhold.com	5707 Sora Ln, Riverdale, Maryland	US
S3-98303492	Aviavi Center	003343 Signal Peak Drive, # Rp223, Taylorsville City, Utah	US
S3-919248227	Slater & Crick	411 Avenue G, Roswell Township, New Mexico	US
S3-541980471	Indore Airtech Holdings Privtae Limited	Plot 177 15, Indore, MP	India
S3-437867787	Lopez Clear	120 Third Street, Newton, Kansas	US
S3-964956155	East LLC Endocrinology	12353 Tierra Bella Drive, City Of El Paso, Texas	US
S3-959903778	Isaacson  College Inc	8722 Pebble Creek Court, Wonder Lake, Illinois	US
S3-381563885	Yumatavo DBA: St. Israel	OK, Jay, Unit UNIT 42, 1226 Cherokee Street	US
S3-702497638	Faith  Valley	1312E, Greater Mumbai, MH	India
S3-64476580	oconnorindustries.com	9028 White Oak Rd, PO Box 6765, Kirtland, Ohio	US
S3-27858753	Heritage Fellowship Corporation	1114 Turnhaven Drive, Holly Springs, North Carolina	US
S3-165432605	Unique  Care Private Limited	#13/4 Pallivasal South Street, V.k Puram, Ambasamudram, Tirunelveli, தமிழ்நாடு	India
S3-983401122	Finley, Parks and (Mnuosseua)	10203 Chervil Ct, Manassas, Virginia	US
S3-280054985	Linette N. Fletcher, P.C. Clinic Sérvices	123 Melmore Saint, Tiffn, Ohio	US
S3-871719790	Heritage LP Cafe Modern	1853 Bruns Lane, Springfield, Illinois	US
S3-778787294	Az Shébblters Limited	No 18 C/o Shri Subhanji Dattatray Patil Mangale, Tal Shirala, Sangli, महाराष्ट्र	India
S3-685371982	Mr Need (India) Construction Limited Services	Door No ##5, Kushkumar Raod, Nungambakkam, Chennai, TN	India
S3-418166913	Sandoval Trust Corp	219 Twig Ter, Slver Spring, Maryland	US
S3-604379094	Imperii Swanson Swanson Creative	2 Pomona E, Unit Apartment 409, Pikesville, Maryland	US
S3-667053896	Signature Nutrition Group - 8090366936	1627 Presbury Street, Baltimore, Maryland	US
S3-995932709	Tirupati	29, Raj Laxmi Complex, Opp Samjuba Hospital Tolnaka, Bapunagar, Ahmedabad, Gujarat	India
S3-64405343	Uptown Deli (Inc.)	Mechanicsville, Virginia, 7231 Loralea Dr	US
S3-932446529	Trinity Methodist Church Summit Inc	3561d Olive Ave, Zachary City, Louisiana	US
S3-908686266	schoenelectronics.com	893 Madison 6270, Wesley, Arkansas	US
S3-485151156	Robecsi, Shalne Global Assets LLC	2233 Behrend Dr, Unit 207, Phoenix, Arizona	US
S3-100379917	Good Media	4101 Radiant Arcade Eaststreet, Pune, MH	India
S3-313047310	Physical Therapy Platinum Pgartnroetes  of Houston LLC	7216 1/2 Los Angeles Street, Houston, Texas	US
S3-845434594	Board of Aging Ltd. #24528	11266 Lantern Rd, # APT 411, Fishers, Indiana	US
S3-100275858	(PC) BANK5 MOUNTAIN COUTURE	56 Pfohl Plce, Williamsville, New York	US
S3-748392598	Wexpyra trading as Castaneda Modern Realty	616 State Street, Rush Twp, PA	US
S3-437107303	Raima  Memorial Trust	003-114 Pradhana Street, Kothavalasa, Vizianagaram, AP	India
S3-781017054	Miis Applied Ltd	PMB 9503, Citrus Heights, California, 6533- Greencreek Way	US
S3-950476804	Vega Highland  Manulife	1015 Omni Drive, Salt Lake City, Utah	US
S3-236554204	-- Fortune  Technologies Care	171 Iind Floor, Bhagi Rath Place, Delhi, DL	India
S3-88510523	Private Marshall Buildhome Infratech Ltd	026/23, Indore, MP	India
S3-537419557	pac essentials pvt. ltd.	C/o Ishwar Chand Jain Station Area Sw Mall Cs 3 2, Ganjbasoda, Vidisha, MP	India
S3-927509400	Teia LLC Service	#5570 B Peary Road, Theodore, Alabama	US
S3-402640127	-- Hutcherson Kytsone Uptown Inc	1014 Tunbridge Rd, Baltimore, Maryland	US
S3-870062377	Ramirezramirez Metropolitan	#12705 Red Canyon Road, Concord, Tennessee	US
S3-346703447	Carter, Ferguson & Michels LLC Center	G, Fl. 2152, Dodge, Wisconsin	US
S3-209121788	All Chemical Alliance Incorporated	1322 Cherry Saint, Wamac, Illinois	US
S3-923751719	M/s Deutsche Brothers Private Limited	14., Golilu Centre Near Dr Yesuff Hospital, Eluru, West Godavari, AP	India
S3-826209409	Klyara Education Inc.	341 Twin Bridges Road, Pennsylvania, Fallowfield Township	US
S3-939085116	Mendoza  Hub	#101 Canary Ct, Redlands, Colorado	US
S3-474896355	N 7-M Starling Partners	Glenarden Drive, Unit APT H, Rock Hill, South Carolina	US
S3-93941105	Jay Construction Private Ltd	Teh- Phagi, Jaipur, RJ, No 767 Renwal Manjhi Diggi Road	India
S3-880875775	ସିଲଭର୍ କନସଲଟିଂ ପ୍ରାଇଭେଟ୍ ଲିମିଟେଡ୍	Flat No. A-205, Sri Ram Vihar Apartment Nilakantha Nagar, Nayapalli, Bhubaneswar, Khordha, OD	India
S3-532304714	American Council Enterprises		US
S3-574346927	V & T Sports-Llc	3327. Cedarhurst Dr, Charlotte, North Carolina	US
S3-571899267	The Main Street Book-Store	4671 Pierson Drive, N/A, Collegedale, Tennessee	US
S3-457337971	Skd (India) Technologies Pvt. Ltd	New Town Para, Ward No. 19 P. O. & Dist Jalpaiguri, Jalpaiguri, WB	India
S3-432574139	Universal-Software #57316	#412 Top Floor Flat-4b, 184, Regent Estate, Lp-171/3/1, Kolkata, Kolkata, Howrah, WB	India
S3-531302210	Eastern Partners	47/7, Hisar, Hissar, HR	India
S3-772969034	Hernandez	3117 41st Court, Des Moines, IA	US
S3-994118635	Trim Management Limited		India
S3-372010271	Pediatric Precision Partners [Córp]	135 Center Tree Drive, Palacios, Texas	US
S3-546138393	Pamela H. Roth, D.O., M.D., Inc	7920 Alta Cuesta Drive, Rancho Cucamonga, California	US
S3-995558178	Lechuga Merger	107 Sycamore Street, Oxford, Ohio	US
S3-8348850	Harshdeep Harshdeep Mnmorial Trust Corporation	Off No- 302 A City Bay Sr No. 347- B A/3c/1a/1 348 A/1/1 F.p., Pune, MH	India
S3-289453473	Mr Shiv Consultancy Private [Limited]	City Avenue, NULL, Calicut, Kozhikode, കേരളം	India
S3-633472822	Ectotavo	Barnstable, Massachusetts, 2447 Main St	US
S3-548317717	ಸ್ಮಾರ್ಟ್ ಮ್ಯಾನೇಜ್‌ಮೆಂಟ್ ಪ್ರೈವೇಟ್ ಲಿಮಿಟೆಡ್	Flatno.201, Bangalore North, Bangalore Urban, KA	India
S3-258796424	China Webster, Incorporated	6852 Weeks Rd, Redding, California	US
S3-801405844	LLC Primary Care Ace Physician	8651-8653 Sr 368, PO Box 2025, Stokes Twp, Ohio	US
S3-870478620	Arihant Construction Private	Ba-14, First Floor, Sector-1 Salt Lake City, Sakltlake, North 24 Parganas, WB	India
S3-28815137	jost, lawrence & dunn		US
S3-876317807	Verile'S-Fresh Boutique  LLC		US
S3-787199044	शिवा फाउंडेशन लिमिटेड	UP, Meerut, R/o 56 Chanakya Puri, Meerut	India
S3-220285124	urgent care partners of mebane center	1036a Fairhaven Dr, Mebane, North Carolina	US
S3-61652137	Synvue Direct Inc Elm	3205 Yukon Drive, Arlington CIYT, Tennessee	US
S3-857237345	Dee Traders Ventures	Maza Navara G Wing 0116 Brijlal Nagar Jear Patoda, Kopergaon, Ahmednagar, MH	India
S3-164326945	Media Hotels Sharavathi	House No 182 Trivedi Building Agrasen Road, Giripeth, Nagpur, महाराष्ट्र, Nagpur, Plot No. 006/2	India
S3-449154622	Secure Télecom	Calion St, # Apt C, Jonesboro, Arkansas	US
S3-769775396	Cardiology Physicians	119 Congressional Drive, # APT B, Wilmington Ciity, Delaware	US
S3-672711052	Xylobrixdova d/b/a 4267 Madison Way Associates LLC	730 Pigeon Drive, Brownsburg, IN	US
S3-622579690	Hyderabad Development Pvt	Syno 96/P No B-302, N/A, Hyderabad, Rangareddy, TG	India
S3-303348181	KC LLP Industries Services	H.no A-18/6, Hyder Garden 2Nd Street Extn Perambur, Chennai, தமிழ்நாடு	India
S3-178351014	Off Private Limited Center	Door No 102 Malwa Enclave Plot No Bf 25 Scheme No 54 Vijay Nagar, Indore, MP	India
S3-623889679	Preferred Agcilctrual Networks	254 Kurtz Dr, Altoona Township, Pennsylvania	US
S3-643218783	Atlantic-Dental-Associates	6148 Needletail Road, Building 13, Columbus, Ohio	US
S3-492001286	-- Laxmi Fínance Private Limited	Survey No.60, 61 & 62 Gundlapochampally Village, Medchal Manda, L, Hyderabad, Rangareddy, TG	India
S3-79403614	Obrien Investments	408- Carry Back Drive, Pataskala, Ohio	US
S3-497227706	ZKJ Mseacsn Limited	Hn 1-814 98, Patel Nagar, Tonk, Deoli, RJ	India
S3-633135438	Clyio Center	6799 Nobles Rd, Grand Ridge, Florida	US
S3-365205312	Rangareddy Jéwels Limited	162 M K Nogar, B15 Mallikarjuna, Rangareddy, Hyderabad, తెలంగాణ	India
S3-871578194	আল লক্ষ্মী সফটওয়্যার প্রাইভেট লিমিটেড	8A, Alipore Road Jindal House, Calcutta, Howrah, WB	India
S3-422075640	Caa Global	4858 Wolf Moon Dr, Security-Widefield, Colorado	US
S3-473825137	First Singh Ltd	#404, Hyderabad, Miyapur, తెలంగాణ	India
S3-160266941	Rain Moore Total	3945b Octavia Ave, Illinois, Chicago	US
S3-216742503	Shirline Torres Metropolitan	130-D Applehead Island Drive, Hsb Llano Co, Texas	US
S3-328485349	Fluxsol+ t/a Bright Builders Private Limited	Flat No.203, Building No.5, New Start Crystal Chs Lt Beverly Park, Mira Road (East), Mumbai, Maharashtra	India
S3-125899383	Navi Mumbai  Mandal Pvt Ltd		India
S3-344299810	DN Fuse  Incorporated	2502 Main St, Flagstaff, Arizona	US
S3-493456559	Roberts Naegsdaq lnc	001415 Wimpole Street, Mundelein, Illinois	US
S3-900789819	Garcia Meshtlow Meshtlow	0595 Main St, Booneville, Arkansas	US
S3-279033849	>> First Industrial Industries Inc	252nd St, Illinois City, Illinois	US
S3-705717712	PLF Medicine  LLC		US
S3-400574851	federationatlantic.com	76 School Street, # Apartment 1, Mayfield, New York	US
S3-273209883	My Enterprises Limited Private	Diwan Bazar, Gorakhpur, N/A, UP	India
S3-671447335	Nion	17952 Shavers Lake Dr, Deephaven, Minnesota	US
S3-222585638	NATIONAL GUARANTY CO	2521. Guerrero Drive, Carrollton CPD, Texas, N/A	US
S3-168671974	Sauceda  & Seocis	Asheville, 145 River Birch Grove Rd, Unit 108, North Carolina	US
S3-800975026	Waters  Aria LLC	1295 Nm 511, Navajo Dam, New Mexico	US
S3-863773329	North Stardust Corp	Stoow, 4608 Commodore Dr, Ohio	US
S3-223764583	lee, stock & king mitsubishi inc	150 Old Liverpool Rd, Unit Apartment 403, Salina, New York	US
S3-165362667	Quantify Hóvnanian	Illinois, 742 2nd Street, West Brooklyn	US
S3-715574486	Merrielle Rens Dynamic Cloud Co	Hopewell City, Virginia, 1206 Tabb Ave	US
S3-61768926	fishbeinhealth.com	293 Carriage Hill Rd, Brattleboro, Vermont	US
S3-821314329	Bistro Nursing Home Prívate	174 A, 7Th Floor, Tower A, The Corenthum Sector 62, Noida, Gautam Buddha Nagar, Uttarakhand, UP	India
S3-111990269	Foot & Ankle Care Associates Westgate PC	805-807 North Dr, Seymour, Indiana	US
S3-391446599	Partners Grand Vance	5789 Glenstone Drive, Highlands Ranch, Colorado	US
S3-486753332	india jawala agrotech	Door No 68, Rohini, Delhi, DL	India
S3-174491994	Mastery  Marine (India) Private Limited	29/871 A, Kozhikode, KL	India
S3-199923174	Claytor, Amara R., P.A., (M.D.,)	18731-D Summercliff Ln, Tomball, Texas	US
S3-80998044	harbor initiative	0310 G P Murrell Dr, Cabot, Arkansas	US
S3-242611697	@ridgeequity	North Carolina, HIGH Poinnt, 1297 Brentwood Stroet	US
S3-510325141	Innovative Healthcare Private [Limited]	145, Gandhi Nagar, Agra, UP	India
S3-547383194	Delhi LLP Systems Systems	Huose No. 11, First Floor West Laxmi Nagar Market New Petrol Pump, West Delhi, Delhi, DL	India
S3-889432928	Community Coalition Inc	337 Collinsville Ave, E Saint Llouis, Illinois	US
S3-13535648	Pvt Intuitive Projects Ltd	J 12 Top Floor Laxmi Nagar, New Delhi, DL	India
S3-324706015	Bright  Tavern	12 Park Hill Drive, Selden, New York	US
S3-884965943	Pfe-Llc Center	Jacksonivlle, Texas, 10367. 110	US
S3-862221228	[LLC] 4763 Market St Associates	1805 B Shakespeare St, Missoula, Montana	US
S3-263494054	Ventures Deepak	Kochi Region, Ernakulam, H.no 3Rd Floor Swarna Bhavan, KL, I S Press Rd, Kacheripady	India
S3-955940430	Ss Techno1ogy [Limited]	Unit No 903/5, Tower A-3, K.l.j. Heights, Sec -15, Bahadurgarh, Jhajjar, हरियाणा	India
S3-451081914	Chandigarh & Private Limited Center	42, Vrindavan Enclave Sector-1, Shatabdi Nagar, Meerut, उत्तर प्रदेश	India
S3-704734795	M/W Inc. Services	8968- Quioccasin Road, Henrico County, Virginia	US
S3-102788938	Mount Baptist	9420 25nd St, Arizona, Cpu Karens Hallmark Cactus	US
S3-351152963	Space Ínfra Pvt Ltd	H.no 890 A-17, Mumbai, Mumbai City, MH	India
S3-305659084	स्काई सॉफ्टवेयर प्रा. लि.	485, Jai Prakash Nagar, Phulwari, Patna, BR	India
S3-287582952	Physical Therapy Care Ass0ciates Of Huntington, LLC	34 Frostfield Place, PO Box 8029, Huntington, New York	US
S3-922384432	infrastructure agencies ltd	Kh No 1632, Divreportingcircle, Jaipur, RJ	India
S3-654753179	Shivansh Star		India
S3-57205060	Pvt Ramkrishna Power [Ltd]	Shop No.519, 5Th Floor, Naroda Business Point, Ahmadabad City, Ahmedabad, GJ	India
S3-811413065	ಸನ್ ಇನ್‌ಫ್ರಾಸ್ಟ್ರಕ್ಚರ್ ಪ್ರೈವೇಟ್ ಲಿಮಿಟೆಡ್	No 53, Bangalore, KA	India
S3-508880827	Highland Public Inc	2324 Ashmore Ave, PMB 7066, Chattanooga, Tennessee	US
S3-494954357	SE	2664/3 First Floor, Beadon Pura Karol Bagh, New Delhi, Delhi	India
S3-951679223	Mr #urbanenergy	Plot No. D/27-33, Surat, GJ	India
S3-11137971	jpprojects.com	Hn G-7-18/25/27/201 Roadno9, Rangareddy, తెలంగాణ	India
S3-344996518	LLC Clear Realty Ássociates	419 1/2 Oak Street, Keyesport, Illinois	US
S3-212295443	Miramira DBA: Grace Chapel	22 Lewis Drive, City Of Aberdeen, MD	US
S3-243130061	NC Bny Inc	Larry Drive, null, Decatur Township, Illinois	US
S3-721506425	Foot & Ankle  Specialists Partners	89 Norma St, Rio Communities, New Mexico	US
S3-587048728	Bgn  Specialist Private Limited	Door No. 32-12-81, Sheela Nagar, Vishakhapatnam, AP	India
S3-892472978	P.C. Anchor Anlcayrtis Laboratories	008376 500, Franciscocity, Indiana	US
S3-699008691	Eye Sterling Physicians Llc	Iowa, Sibley, 19 9nd St	US
S3-879016224	VANGUARD GENOMIC ADVISORS	Lanterne Dr, Loves Park, Illinois	US
S3-608126725	Yumabelo DBA: Kessiah Allman Oncology	North Greenbush, NY, 12 Cardinal Court	US
S3-582476654	alinvestmentscom	C/o Vinod Kumar, Bakhtawar, Lal, Smk Samalkha, Panipat, Panipat, HR	India
S3-871794134	platinumanalyticsconcepts.com	860 1/2 Needmore Road, null, Clarksville, Tennessee	US
S3-810301327	Quocira Co DBA Page Independence	6216 Heather Glen Road, Chesterfield County, VA	US
S3-26783353	INC. FOOT & ANKLE MEDICINE	New York, 0404 26, Lowville, PO Box 6324	US
S3-50024313	Devendra Travels-Private Limited	J-3/31b, New Delhi, South Delhi, DL	India
S3-391921651	Clean Design Design Group [Inc]	#3154 Brushwood Ave, Springdaale, Arkansas	US
S3-402924568	Washington Animal Welfare LLC Center	#4500 Connecticut Avenue, Unit 808, Washington, District of Columbia	US
S3-312188602	సిటీ కన్‌స్ట్రక్షన్ ఎల్‌ఎల్‌పీ	Flat No.101, Surekha Chambers, TG, #D/7-1-58, Hyderabad	India
S3-619531009	Cox,-Alaniz & Brysoen LLC	928 B Calle Del Llano, Tos, New Mexico	US
S3-70375401	Roslyn's Green Diagnostics Corporation	740 Dakota St, Leavenworth, Kansas	US
S3-29633116	Maid  Aut0	416 Oklahoma Ave, Mattoon, Illinois	US
S3-266700017	Physical Therapy Great [Associates]	2790 Gerald Ave, North Saint Paul, Minnesota	US
S3-952061572	Frontier III Care Center	3405 Austinwood Dr, Memphis, Tennessee	US
S3-410716209	@Kightindustries	Massachusetts, Lowell, Pawtucket Boulevard, # B1	US
S3-685034417	Partners Oncology Group of Finland	Minnesota, Finland Township, 7227 1	US
S3-140736090	Leyva Center	Arizona, 7837-7841 Flossmoor Ave, Msa	US
S3-886802183	@pediatricdental | www.pediatric.com	451 Adams Avenue, Lebnaon, Tennessee	US
S3-598439627	Smt Nimble & Brothers Private Límited	Kurishinkal House, N/A, Alappuzha, Alleppey, KL	India
S3-558261193	Lotus Enterprises Pvt	Flat No. C 527, Pawar Enclave, S No. 86 / 3B Pune Solapur Road, Hadapsar, Poona, Pune, महाराष्ट्र	India
S3-16923308	LLC Redwood	Stout Road, PMB 3132, Germantown, Tennessee	US
S3-394392670	Ennis Law Group LLC	292 77, Sheldon, New York	US
S3-596348154	Shupe Fortress	13 Cooks Court, Halfmoon, New York	US
S3-50568600	8point.com	292 Ballard Way, Ellicott City, Maryland	US
S3-798491054	Dorelia Carlos Algonquin Partners Inc.	# Unit D, Fargo, 1440a 30th Ave, North Dakota	US
S3-44216527	Back Alley Coffee! Partners	582 Campground Road, Bell Buckle, Tennessee	US
S3-356989650	Services Integrated Technologies LLC	07273 Emerald Heath Road, Powell CITY, Tennessee	US
S3-95052450	FVF Éxpress Odyssey	18345 Salix Rdg, Beaverton, Oregon	US
S3-235448066	Silver  Tftbn Care	Unit 500, Charlotte, North Carolina, 301 Tryon Street	US
S3-820372265	Halimeda-Raines Royalty Holdings	1707-B 16th Saint, # 4, Washington, District of Columbia	US
S3-60886942	Herndon Co Center	375 Burritt Road, Hinesburg, Vermont	US
S3-641361340	Select Development	1104 Montana Avenue, Bozeman, Montana	US
S3-630429634	Msi Vidyalaya	14/23, Bosepukur Road, Gd Fl, Lp-116/10/10/0/4, Kolkata, WB, Kasba	India
S3-994471468	Blue  Trust Harbor Incorporated	18535 C Densmore Avenue, Shoreline, Washington	US
S3-400901023	Lyranovi Sys Formerly Quirino & Skidmore Mckinley	NY, Ridgewood, 1889 Hart Street	US
S3-309279333	#Zion Neuroscieces LLC	92 Bloomingdale Avenue, Saranac Lake, New York	US
S3-919850780	Alvarez, Sellers And Luber Roofing Llc	1912 Ada Hayden Rd, Ames, Iowa	US
S3-452732589	Moten, Everett  and Corey Center	00109 Date Street, Hartford, Illinois	US
S3-310916788	Lavallie, Wade and  Solorzano Inc	28 Bartles Landing, Rhinebeck, New York	US
S3-647546166	Industrial Equity Consultants	69 Middle Creek Ln, Wilson'S Mills, North Carolina	US
S3-303664809	The Schroeder Produce LLC	North Carolina, Peace Haven Road, Clemmons, N/A	US
S3-356448601	R0yal Sun Hospitality Private	02, Mumbai, MH	India
S3-686741457	Happy Tattoo! Holdings (Center)	4404 Ollies Trn, Hyattsville, Maryland	US
S3-847761929	குளோபல் லாஜிஸ்டிக்ஸ் பிரைவேட் லிமிடெட்	No 1922/6 Rani Managammal Salmi, Tirunelveli, Kavalkinaru, தமிழ்நாடு	India
S3-215028553	Drexevonex d/b/a Spaeth Gen	617 Timberoaks Drive, Azle, TX	US
S3-305870214	Sri Surya Enterprises  Private Limited	Dak. Kannada, One Cosmos Enclave Kadri Kambla, KA, Mangalore	India
S3-698311847	ಪ್ರೈಮ್ ಅಗ್ರೋ ಪ್ರೈವೇಟ್ ಲಿಮಿಟೆಡ್	No 7, Bangalore, KA	India
S3-125459695	Raj Private Limited Center	W/o Harish Chand Sharma G-42 Basement Shaheen Bagh Abul Fazal Enclave -2 Jamia Nagar Okhla, NULL, New Delhi, DL	India
S3-419962853	Nexonyx	House #4, Zeenia, Nectar Gardens, Madhapur, Shaikpet, Hyderabad, Telangana	India
S3-519642684	CREATIVE SUPPLY [COMPANY]	481 Maple Ridge Road, Watervville, Maine	US
S3-902123532	& Tripower Co	Sai Home House No 205. 2Nd, North Karnataka Region, Bellary, KA	India
S3-746766097	@1535jefferson	26482 Francisco Ln, Loma Linda, California	US
S3-750093551	New Delhi Pvt Ltd Services	Plot No-15, South West Delhi, New Delhi, DL	India
S3-630619906	LKU Green Company	Floor, Park Square, In Bearing Mch No 8-2-293/82/L/3-A, Plot No 3-A, Road No 12, Banjara Hills, TG	India
S3-438700279	hyderabad solutionsprivate private limited	Ws-30 F/f, Old No-b-12/17, Kh.no-152, Sudamapuri Delhi, Shahdara, DL	India
S3-792494207	Fresh Materials Digital Partners Corp	00402 11 St, Cisco, Texas	US
S3-861427238	Fusion Foundation Private (Limited)	A - 1103, <NULL>, Surat, GJ	India
S3-126758686	highland ministries	08042 76, Wisconsin, Town Of Clayton, # Unit C81	US
S3-436775114	Cd India Private	दिल्ली, Jhandewalan Road Nabi Karim, No 497- 10776, New Delhi	India
S3-786618059	prairie chemical inc.	Lakeshore Road, Chelan, Washington	US
S3-206631680	Guru Raj Logistics-Private Limited	#10/514 Swasraya Karshaka Samithi Kalliampara Parisakkal Po, Palakkad, Keralam	India
S3-830395600	Sri Lotus Finance  Private Limited	2Nd Floor, A-1 Sundarwan, Udaipur Main Road, Senthi, Chittorgarh, RJ	India
S3-384790974	Services South Limited	354, Ff Gali Chand Wali Mantola, Paharganj, New Delhi, DL	India
S3-363233475	Rosas's Great Engineering	003466 Mount Pleasant St, Washington, District of Columbia	US
S3-279550498	Fortune Private Limited Center	H.no 42 Devidas Mansion 3Rd Flrmereweather Road Colaba, Mumbai, महाराष्ट्र	India
S3-385201291	Summit Holdings Services	1011 Scotch Pine Way, Mebane, North Carolina	US
S3-417863204	Gross & Vargo Technologies	Warrington Place, Ft Worth, Texas	US
S3-817316647	Sidhimangal Creations Industries Ltd	No.9, V.g.p. Santhosam Nagar, Ponniammanmedu, Ambattur, Tiruvallur, TN	India
S3-59865190	Liberty  Pampa	Unit 19, Sacramento, 1431 3th Street, California	US
S3-196089204	ఏస్ ప్రొడక్ట్స్ ప్రైవేట్ లిమిటెడ్	#20/142/1-50, Pattikonda, Kurnool, AP	India
S3-999451322	Huff  H0lding Company	614 Washington Blvd, Camanche, Iowa	US
S3-843618513	OQ Purpose  Co	D-7, Gwalior, MP	India
S3-878738949	main street tattoo!	Malvern, 1212 Grayson Cir, Arkansas	US
S3-379521861	Miryalguda Reality Limited	No. 65 Sy No 627/10, Nalgonda, Miryalaguda, TG	India
S3-433375531	Foot & Ankle-Group  Co	7827 Marvin Hill Rd, New York, Springwater	US
S3-77651537	Glenview Sugiaml Partners	426 Greenwood Court, Gleniew, Illinois	US
S3-550644310	Maa Institute Of Service	C.t.s.no-3196, Anand Talkies Road, Gokak, Belgaum, ಕರ್ನಾಟಕ	India
S3-8266966	SHQ Grand Shlic PC	4586 Forsythia Way, PMB 6242, Collegedale, Tennessee	US
S3-834166845	Total Asset Laboratories Llc	New York, null, Buffalo, 0104 Maryland Street	US
S3-964184750	MOS LIABILITY) PRIVATE LIMITED		India
S3-852922179	South Of Institute Service	7156-7158 113nd Street, Bloomington, Minnesota	US
S3-684960507	Peak Marketing Wórks, Inc	34 Ellerman Street, Piqua, Ohio	US
S3-340995565	SMART SYSTEMS PRIVATE LIMITED	No 103/6, Jumma Masjid Road, Bangalore, Bangalore-560 002., KA	India
S3-896947963	Willis  Advanced Federal LLC	339-343 Delmar Avenue, Decatur, Illinois	US
S3-130832231	>> Bonnett Services INC	314 Business 190, Copperas Cove, Texas	US
S3-813435809	north chs inc	10605-10607 Inverness, Arkansas, Ft Smith	US
S3-955285081	बिग सॉफ्टवेयर प्राइवेट लिमिटेड	Gut No 191, MH, Aurangabad	India
S3-471896172	Delhisolutionsnew.Com	Kh. No. 22/25/2, Pehladpur Banger, दिल्ली, New Delhi	India
S3-835808078	Mayhew Drive of Ravenna  LLC	7384 State Rt 88, Ravenna, Ohio	US
S3-641113951	Mountain  Initiative	113 Friendship Rd, Elkton, Maryland	US
S3-736168255	Mr Alpha Engineering LLP	No 11/205 Medavakkam Main Road, Chennai, TN	India
S3-186654634	Private Wealthy Solutions Ltd	Unit No. 703, Delhi, North West Delhi, DL	India
S3-946217323	Advait-Yard Ltd	Raigad, Ris Rasayani, Bhatwadi, MH	India
S3-747068282	Nalanda Sons Private Limited Service	Hn 838 13, MH	India
S3-756718022	Shields-Vanguard	Wisconsin, N18933b Franks Road, Town Of Goodman	US
S3-892104032	Aadhar  Technologies Private Limited	H.no 821 C-107 Vini Heights-i, Vasai, Thane, MH	India
S3-409011228	N  5 + Q Eagle	613 Texas Drive, Oklahoma, Anadarko, # APT 601	US
S3-709350192	Límited Sparsha + Co	New No.25 (Old No.13) 2Nd Floor, Mookernalla Muthu Street, Parrys, Chennai, TN	India
S3-484994684	Ivenora LP Perimeter	PO Box 8958, Texas, Anahuuac, 407 Locke Road	US
S3-781499785	Super 61  Thven		US
S3-364382894	Co. Creative Creative Industries	1058 Tori Court, Virginia, N/A, Bedford County	US
S3-328628579	The Deht Deht Y0ga	294 Lincoln Street, Abington, Massachusetts	US
S3-901586764	Health Valley Chárities Inc Commission	#4 Hilltop Dr, Pittsford, New York	US
S3-398031045	bookgussisace.com	3117 Edgemont Rd, Wendell, North Carolina	US
S3-463631427	Cardiology Partners LLC	1603 Elliston St, Nashville, Tennessee	US
S3-719303312	Lee, Stock King Mitsubishi Inc Partners	Unit Apartment 403, Salina, New York, 150 Old Liverpool Rd	US
S3-90515555	Yamuva Software Pvt (Ltd)	Hn 216 Vill Kheri Jat, Jhajjar, हरियाणा	India
S3-205284229	UUE LLC Rmg	6626 Potomac Ave, Alexandria, Virginia	US
S3-734255766	Atlantic	556 Primrose Avenue, Rialto, CA	US
S3-320226641	Rn Botrhrs Ltd		India
S3-40884991	Pvt Jay Ínfosec [Ltd]	Kushinagar Fazilnagar, Kushinagar, UP	India
S3-395046732	PO India  Private	No 41 Asian Building17 Ramjibhai Kamani Marg Ballard Estate, Mumbai, Mumbai City, महाराष्ट्र	India
S3-82002407	paneify paneify colonial bain | www.paneifypa.com	149 Graham St, Austin, Minnesota	US
S3-774075093	Urgent Care Medicine Coastal Llc	13005 40nd Street, Unit Apartment 1210, Tulsa, Oklahoma	US
S3-806305714	ভারত ম্যানেজমেন্ট	##230/4, Santosh Roy Road Lp-41/4/6, South 24 Parganas, Kolkata, Parganas South, WB	India
S3-328050073	pediatricalliedpartners.com	161 Satgecoach Circle, New Waverly, Texas	US
S3-795349408	MOEHLE, MOEHLE, CASE AND VELASQUEZ INC	PMB 8920, Cary, 607- Norman Drive, Illinois	US
S3-161707974	shivabuilders.com	Parikshit Chamber, Village Kondala, Tal.wada, Thane, MH	India
S3-750750202	Villella and Li Oak Valley LP	12872-12876 Lebel Road, Knoxville, Tennessee	US
S3-67487713	... Nitin Tehcnogois Tehcnogois	Shop No.- 11, Maruti Towers, Plot No.- 35 Sector- 11, Cbd Belapur, Navi Mumbai, Mumbai City, महाराष्ट्र	India
S3-702955600	Lakshmi Pvt Ltd Services	No. 668 211, Daryaganj, New Delhi, DL	India
S3-137460392	Electricians Local Union 289 Inc	5532 Little Fawn Ct, Thousand Oaks, California	US
S3-814614175	Betul Private Limited Center	1-65/34/4, 4Th Floor, Sri Nivasam Apartments, Hyderabad, TG	India
S3-326116823	Dimeo, Wilson and Davis Soulpower LP	611 Rockies Court, Chesapeake City, Virginia	US
S3-619329645	Physical Threpy Threpy Physicians	#29 Lakeview Ave, New Canaan, Connecticut	US
S3-82400986	Smt Vpaestate.Com	TN, Sno 0130/6B 1A3, Tiruvallur, E G Nagar, Attanthangal Village, Ponneri	India
S3-431352357	Downtown Barbershop Service	529 Second Street, Fairport Harbor, Ohio	US
S3-505717938	Farm	C/O Sri Amarnath Banerjee56/A G C Avenue, Kolkata, Calcutta, West Bengal	India
S3-999579087	Robledo, Royer  and Mcgill Central PLLC	7460 Sycamore Park Boulevard, Tucson, Arizona	US
S3-917272773	Beloiri DBA Growth Buildtech	Pune, Office No 117, West Avenue, Sr No 02, Hissa No 2B, 3A, 3B, Maharashtra, Pune City	India
S3-454697448	Onaocsloggmy Group	Woodbridge, Virginia, Colonial Drive	US
S3-89091982	City Trading Restaurant Private [Limited]	C/o Rakesh Khetawat 33, Laxmi Market, Panch Batti, Beawar, Ajmer, RJ	India
S3-635642603	Reliable Energy Partners Corp	9415 Chambers Way, Louisvillle, Kentucky	US
S3-945892731	આદિત્ય બિઝનેસ પ્રાઇવેટ લિમિટેડ	S V Plaza, Shop 22, Nr Patan Highway, Deesa, Banaskantha, ગુજરાત	India
S3-695429849	The Strategic Equity Brands	4918 Tennessee Ave, # C, Chattanooga Township, Tennessee	US
S3-379781822	NF	New Delhi, C-50Gulmohar Park, Delhi, South Delhi	India
S3-319871154	Shatrunjay Products Pvt	H.no.2-3-131/12 Adarsh Nagar, NULL, Hyderabad, Secunderabad, TG	India
S3-161458538	Lyrara Co Partners	004870 Colony Drive, Camarillo, California	US
S3-544355927	Consultants Kb India Company	Flat No A10, Padmanbh Tower, University Road, Panchayat Nagar, Nr India Circle, Surat, Rajkot, GJ	India
S3-402510095	डिजिटल टेक प्राइवेट लिमिटेड	70, Greater Mumbai, MH	India
S3-349226668	W I & T Boiwagrask	320 Deer Run Ct, El Dorado, Kansas	US
S3-433755974	>> Northern  Custom East, LLC	132 Coontown Mountain Rd, Edmeston, New York	US
S3-903989034	Lenient &	Lucknow Hq Region, UP, Block A-481 Cs-1/106, Supertech Capetown	India
S3-803953697	Walker Patriot  Dopc, LLC	Springfield, 120- Clayton Street, Massachusetts	US
S3-936955843	C0lonial Manaregmgent [Group]	30 Clinton St, # Apartment 2, Saratoga Springs, New York	US
S3-44537046	ZS Supreme Telefonica, Llc	1300-1302 Commerce St, Tarrant, Alabama	US
S3-691308814	Montague Foot & Ankle Partners	Montague, Massachusetts, 42 A, N/A	US
S3-822977727	Lyryx Adr Inc	3494 Promenade Pl, # 207, Waldorf, Maryland	US
S3-968248876	પ્રીમિયર અરિહંત સોફ્ટવેર પ્રાઇવેટ લિમિટેડ	D/7/4824-a.office-632.6th Floor, Surat, GJ, Surat	India
S3-358134702	Lawler, Martina, CPA LP	1 New Pond Way, Easton, Massachusetts	US
S3-294839489	Dr Golden International Private [Limited]	Bldg G1 Flno 1103 Park Infinia Bhekrai Nagar Phursungi, Pune, MH	India
S3-871039323	BEST VENTURES PRIVATE LIMITED	F-206, 7-2-1800 &, East Vasavi Dreams Czech Colony, Sanathnagar, Hyderabad, TG	India
S3-244293380	GC	Bishanpura Bhimpura No-2, Nagra, Ballia, Uttar Pradesh	India
S3-841404206	Krishna Products (India)  Private Limited	4075/1A/13/A, Mahaveer Nagar Back Side Of State Bank, Pandharpur, MH	India
S3-902721998	Sbg Polyfils Pvt	C-1, Netaji Subhash Place, Pitampura, DL	India
S3-411371263	LIMITED AKN CREATIONS	Delhi, दिल्ली, Door No 344 K-54	India
S3-597268948	Sky Consultants Limited	No 23. S/o Uttam Deorao Tambde Gh.no Merkheda, Jalna, महाराष्ट्र	India
S3-467317449	Avj Farmers  Infratech Corp	DL, B-9/6, North Delhi, New Delhi, Ground Floor Sector-3, Rohini	India
S3-414380274	Secure Wealth Worldwide	1423d North Ave, Sacramento, California	US
S3-844509490	Sanchezwang.Com	760 Walnut Avenue, Bohemia, New York	US
S3-371835290	Private Delta Homes Límited	27, Mumbai, Bandra (W), MH	India
S3-224948564	Krishna (Ghida) Pvt Ltd	C/o Rekha Maiti, Raj Nagar, Jalpaips, Nandakumar, East Midnapore, পশ্চিমবঙ্গ	India
S3-809076307	Federal Asset Global Llc	332 Richbell Road, # Apartment A4, Mamaorneck, New York	US
S3-466403313	certified signature thunder corp	15922 86th Ave, Fl. 1, Yelm, Washington	US
S3-914449254	Patriot Co Paloma	1829 Mesa Dr, Vale, North Carolina	US
S3-175346647	Georgetown Regional Services	Stanfield Rd, Georgetown, Tennessee	US
S3-700364866	IYX GABELLI INC	##11509 B, Town Of Nashville, Wisconsin	US
S3-274156141	Limited Sarvagya Bróthers	##4, Noida, N/A, UP	India
S3-441971501	Delhi Mata Partners	H.no 1/100 G/f Old No.198/1 Gali No. 2 Shri Ram Nagar Near Water Tank, DL, Delhi, New Delhi	India
S3-817417031	Grp Holdings [Services]	#3Rd Floor, Flat 3B 72A, Ballygunge Place, Ballygunge, Kolkata, Kolkata, Howrah, WB	India
S3-174668019	Frontier Continental (Genesis)	813 Fairview Dr, Murfreesboro, North Carolina	US
S3-719017798	Essdee Ilnidai Private Limited	C/o Hari Singh, Chhota Belma, Post Samthar, Moth, Jhansi, UP	India
S3-41500263	Oxley Patriot of	Downs, 150, Illinois	US
S3-260526660	Annamarie Trautman, Esq., PC	1608-1612 Kansas Avenue, Roswell, New Mexico	US
S3-446376379	ZTZ-Arrived	2725b Grasmere St, Garland, Texas	US
S3-987327846	Private Rajshree Film Ltd	9, Ahmadabad City, Ahmedabad, GJ	India
S3-805601962	Sree Clínic	Delhi, DL, West Delhi, Door No 40 C-2/283 Second Floor Janakpuri	India
S3-799729676	constellation earthmovers limited	Vill- Mahua Singh Rae, Tola-mahua Singh Rae Post- Mahua, Ps-mahua, Mahua, BR	India
S3-234454681	Shivam Construction Limited Partners	Jaipur, RJ, #126	India
S3-887538132	Pvt Fair Vidyalaya Ltd	Gwalior, C/o Kishan Singh Bhadoriya Dabra Gaon, मध्य प्रदेश, N/A, Dabra	India
S3-563558978	Tirupati It Ltd	Building No- ##159/2, Flat No- 202 Second Floor, Sarai Jullena, South Delhi, DL	India
S3-986553575	Westendorf  Housing	W4946 Cottage Lane, Sherwood, Wisconsin	US
S3-235997177	BRIDGE CONSULTANCY PRIVATE LIMITED		India
S3-713556426	Meridian	#9 Pitts Street, Natick, Massachusetts	US
S3-540923868	Patriot Lebafeu Co	10 1/2 Freeman Avenue, Wellfleet, Massachusetts	US
S3-980991834	Complete Hospitality Concepts-Center	410 Melrse Street, Jonesboo, Arkansas	US
S3-645232518	(india) Advertising  Apartments Infratech Private	Bpl No 34227, Aurangabad, Bhokardan, MH	India
S3-198742165	Gujarat My It Medicals Private Limited	# 1588, Samhita, 13Th Main, 20Th Cross B-block, Sahakaranagara, Bangalore, KA	India
S3-943907543	-- Zediia Services	4217 Larkspur Street, Houston, Texas	US
S3-335228320	Gagliardi Sollr of Sistersville PLLC	Hill St Extension, Sistersville, West Virginia	US
S3-870561286	Children'S Children'S Summit Alliance Inc.	15-17 Catalpa Ln, null, Valley Sstream, New York	US
S3-292016655	Lavue Partners	1150 Nordyek Road, Cincinnati, Ohio	US
S3-571389852	fittradingprivate.com	No ##65, Kalyan, MH	India
S3-46780107	RAMONET MIDTOWN INC	Delmar, 14 Furman Pl, New York	US
S3-435061179	Adelaide Sprouse Precision Pharmaceuticals  LLC	11647 Sedona Avenue, Yuma Marine Corps Air Statn, Arizona	US
S3-831993506	Tacker, Julia, DMD,-P.C.	233 Shore Dr, Culver, Indiana	US
S3-771260029	New  Delhi India Pvt Ltd	Plot No-15, South West Delhi, New Delhi, DL	India
S3-261514236	Raso Vanderpoo1 & Fox	2215 San Juan Trail, Tucson, Arizona	US
S3-637675084	Yumaavimira	3511 Pinnacle Ridge Road, Roanoke City, Virginia	US
S3-49762990	Hyderabad Mobile  LLP - 5632362378	P No:37 B No.8b Iv-phase Lodha Bellezza Kphb Colony Kukatpally, Hyderabad, Andhra Pradesh	India
S3-798620851	Qulaa Auto Sales  Incorporated		US
S3-303880642	Divij Limited Service		India
S3-558779321	Ventura & Martinez Corp	3605-3609 Mcdowell Road, Mesa, Arizona	US
S3-611536095	Shyam  Consulting Textiles Private	21, Elliot Road, Park Street, Kolkata, Kolkata, Howrah, WB	India
S3-538952673	M/s Akshit Knowledge	C3, Shri Manglam Banglow, Kalika Park Untwadi, Nashik, MH	India
S3-322216688	Novay Industrials L.L.C.	301C Rowland Avenue, Leesburg, Indiana	US
S3-932454190	Clean Déutsche Center	1251 Hull Pl, N/A, Oxnard, California	US
S3-13102607	HZ Managment	H.no 370 Nh 5 Sikharpurnaikulasahi, Cuttack, OD	India
S3-62968423	Martinez + Nicholson Viking	591 Peaboy Rd, # APT 248, Vacville, California	US
S3-17495277	Fortune Finance Limited Services	MH, Rs No 226, Kolhapur	India
S3-120106975	क्लासिक सॉफ्टवेयर प्राइवेट लिमिटेड	Grandlay Electricals India Cinema, 2Nd Floor, Vide No. 36, The India Mall, New Friends, Colony, South Delhi, New Delhi, DL	India
S3-756520473	Helios LP	N3668 Military Road, Town Of Waupaca, Wisconsin	US
S3-965182369	Sri Advert Co Services	C-2, Bombay, MH	India
S3-99963717	glzvornado.com	##5 Lawrence Avenue, New York, Malone	US
S3-16008890	Raychel M0ntoya Joint [Inc]	1904 Birch Strert, PMB 5919, San Bernardino, California	US
S3-654501182	LEE ANALYTICS LP	Manasssas, Virginia, 11361c Golden Leaf Circle	US
S3-61700670	Zetadrexzetaio dba Ingaborg Zapata Rapid Energy Inc	3309 29th Street, Ankeny, IA	US
S3-948520214	रॉयल इंफ्रा प्राइवेट लिमिटेड	DL, West Delhi, Shop At G-1/115 Uttam Nagar, New Delhi	India
S3-619598692	Better Inc Partners	89152 4720 Road, Stilwell CITY, Oklahoma	US
S3-919203102	Malappuram Buildnecrs Private Private Limited	Tc 38 1134Chirackal N S S Building M G Road P O Poothoe, Malappuram, Thrissur, KL	India
S3-658372140	Family Program	Pp, Appleton, Wisconsin	US
S3-439632637	Jónes-Chase	Wake Forest, 1403 Crenshaw Point, North Carolina	US
S3-964708894	Department of Edacaribn Holdings	5615 Guida Dr, Greensboro CIY, North Carolina	US
S3-863600831	Sterling Inc Partners	7938 Pinehurst Drive, Highland, California	US
S3-907201458	Vanguard Mobility Studios Ltd	Oregon, # 5, Sallem, 647 Manbrin Drive	US
S3-972299282	Chennai  Developers	715A, 7Th Floor, Spencer Plaza, Suite #519, Mount Road, Anna Salai., Chennai, TN	India
S3-257996729	Peyton'S Mountain Hospitality	005401 Groveside Ln, Rolling Meadows, Illinois	US
S3-957776682	Mark LLC Acquisition	103 Carmel Dr, Farmington, New Mexico	US
S3-653006945	Tejendyx Developers	C- 186, Delhi, DL	India
S3-91068546	Center Wings Limited	No. 658 Southend Conclave, Kolkata, Howrah, WB	India
S3-104917047	Pinnacle Cloud Ventures PLLC	4151 South Better Dr, Dallas, Texas	US
S3-713317147	Serrano	20575 Melody Road, Grand Rapids, MN	US
S3-520606595	Avidelta Partners Inc.	Colorado, 3094 D Rd, Clifton	US
S3-406049366	Titan Exports Corp	Surat, 5/1160 To 63 Blue Diamond Office 430 Haripura, ગુજરાત, Surat	India
S3-572966455	Khairatabad  Chits	6-3-596/69, Hyderabad, Khairatabad, TG	India
S3-112746484	Healthcare Baramati Corp	Shalon Niwas, Vasantnagar, Pune, Baramati, MH	India
S3-990646376	North  Douglas	Kentucky Drive, Moses Lake, Washington	US
S3-330727290	Main Stfret Diner!	335 Augusta Rd, Topsham, Maine	US
S3-834268970	LOQUE	405 1st Ave, Montana, Moccasin	US
S3-677554199	Mirabrix	40 Carpenter Road, Snohomish, Washington	US
S3-457627767	Cantre1l Green Gabelli,	Alabama, Tarrant, PMB 2741, 1033 Forrst Street	US
S3-41109534	-- Nowak Boyne & Luera Series LLC	Goodlettsville, Tennessee, 1471 Williamson Rd	US
S3-121089463	Nenet.Com	11348 Sr 235, Unit 323, Lakeview, Ohio	US
S3-468668668	Krista Windom	Westinghouse Road, # 3211, Georgetown, Texas	US
S3-871488044	Federman Center Associates		US
S3-510015306	Gianina  Adeyemi Pearl Inc	3 Charles St, Maynard, Massachusetts	US
S3-521270562	Advanced Cohchie Evo Corp	2310 1/2 Cinco Park Pl, Katy, Texas	US
S3-767569169	DCE Genetics (Holdings)	100 Lawton Avenue, Sulphur, Oklahoma	US
S3-171097065	Bywater All Próducts LLC	Mirror Lakes Drive, Edina, Minnesota	US
S3-661578318	Capital Alliance	0149 Waltons Mountain, Rhodell, West Virginia	US
S3-569341847	lndustries Varetan Fresh Ltd	H.no 305 705, Ansal Vikas Deep Building Laxmi Nagar District Centre, Vikas Marg, Delhi, <NULL>, DL	India
S3-211586005	YN Partners Bay	163 1/2 Saxony Way, Gallatin, Tennessee	US
S3-943748227	Delacruz Keystone-Marshall Clinic	782 61 St, Brooklyn, New York	US
S3-127522198	Prejean, Kidzzmee J., P.A. Northside	3050 Vt Route 30, Dorset, Vermont	US
S3-656319339	Barnes, Sbnain and Nunez Federal Inc	1617 Flammarion Ct, Virginia Beach City, Virginia	US
S3-984234521	Premier Tinto Group	0215 29st Street, Tulsa, Oklahoma	US
S3-890454919	Guerrero, Mcwilliams and Keeton Jessamine	201 Canter Ln, Jessamine Co, Kentucky	US
S3-146113092	Lakshmi Investment Private	53, Howrah, Kolkata, WB	India
S3-824769904	Wales  Alto LLC	333 9th Street, San Bernardino, California	US
S3-514447013	Vionylax formerly known as Hall Brands Inc	7199 503, Little Sandy, KY	US
S3-106454164	YWH Convnrtisdle LLC LLC	06220 Harvest St, Ohio, Springfield	US
S3-712814373	Safloor-Neurosciences-Inc	124 Turnbridge Road, Charlotte, North Carolina	US
S3-875889178	Sterling Medical  Partners L.L.C.	Belcher, Kentucky, 15803 Ferrells Creek Road	US
S3-3336714	Dawa Bazaar R.N.T. Marg Project Private	124, Dawa Bazaar R.n.t. Marg, Indore, MP	India
S3-161083555	Juhl-Silicon	Cardinal Dr, Costa Mesa, California	US
S3-909248647	Celene Mccurdy  Green Magna Group	1840 Highland Ave, Floor 0, Grants Pass, Oregon	US
S3-209197328	Vetecex LLC	2761 Stockton Blvd, Unit APT 420, Sacramento, California	US
S3-735136410	Elbertina Smíth, CPA, PC		US
S3-24590085	NW Highland	2176 350, Bluffton, Indiana	US
S3-443772410	एसएस इंफ्रा ट्रेडिंग लिमिटेड	H. No. 959/21 Arya Nagar Rohtak, Rohtak, HR	India
S3-268542990	Rivkah's Biotech	Entwhistle Rd, Buckley, Washington	US
S3-567365661	Hertha Flores Fresh Integrated Inc	0023746 Emblem Ave, Tomah, Wisconsin	US
S3-799298997	Dermatology Precision Health Lakeside Llc	18712 W Center Road, Omaha, Nebraska	US
S3-330782354	Exports	C/O Md Tabrej Ansari, Plot No B-20 Additional M, Jalna, Maharashtra	India
S3-460389942	Hindavi C0ntainers Limited Center	At-radhadamodarpur Po-radhakishorepur, Via-khuntuni, Cuttack, OD	India
S3-813618521	allopportunity.com	03288 Huntsman Trace, Amelia, Ohio	US
S3-989292010	Technologies Eeuissox Infotech Ltd	Plot No. G-10/4, Bedeshwar, Nr. Sanjay Oil Mill, Opp, Police Chowki Str., Jamnagar, ગુજરાત	India
S3-975921478	Ak Cnosuhltat Private Limited	Sh.no-##01 Shivani Heights, Sn- 54/15/1/2 Kondhawa Bk, Badhe Ngr, Pune, महाराष्ट्र	India
S3-285051395	Amar Brothers Exports Private	H.no 82 C/o Somwati Devi Kulesra, Greaternoida, Gautam Buddha Nagar, UP	India
S3-309315952	wildlifenetwork.com	005587 Fox Chase Drive, Hokah, Minnesota	US
S3-326878364	Youth Bay LLC Program	Arizona, 20516 College Drive, Buckeye	US
S3-852285882	Durham Youth Services Group	# 9D, 1803 Williamsburg Road, North Carolina, Durhm	US
S3-65100486	BB Supreme Genesis Ltd	15086-C 673rd Street, Wabasha, Minnesota	US
S3-414335719	LT Consultants  Private Limited	Bangalore, ಕರ್ನಾಟಕ, Plot No.143 H Bomasandraindustrial Area Anekal Taluk, Bangalore District	India
S3-833795064	First Glass Private Limited	B-32, New Delhi, South West Delhi, DL	India
S3-72196176	Bureau of-Finance Partners	1907 Hicks Hollow Road, Floor 1, Westmoreland, Tennessee	US
S3-881173999	Lumriza Formerly Lupo Bleichroeder-Orient	504 Franklin Avenue, Fl 1, Orient, IL	US
S3-738674810	Sunrise (Construction)	Mumbai City, Mumbai, MH, 4Th Floor	India
S3-149006067	Highland Keystone Centurion L.L.C.	34 Marriner Brook Drive, Lincolnville, Maine	US
S3-296424044	Sun  Marketing	Shop No.264, North West, DL	India
S3-638498826	Plumbers Local 637 Inc.	2177 Us Highay 52, Calmar, Iowa	US
S3-796146509	LLC Northern School of Medicine	4 Curran Lane, Shelton, Connecticut	US
S3-206031335	I 8 R Pacfhi	Pacific, 393. White River Dr, Washington	US
S3-984357808	lee dome	Ontario CTY, N/A, Oregon, 787 Pioneer Rd	US
S3-792491090	Certified-Consumer	176 Summerhaven Dr, EAST Syracus ECDP, New York	US
S3-885898925	New Delhi Nidhi Exports L.L.P.	N-165 G/f Gautam Nagar, Near Green Park Metro Station Gate No. 02 New Delhi, New Delhi, South Delhi, DL	India
S3-78794978	South Diamond Science Llc	11 Quinebaug Rd, Norwich, Connecticut	US
S3-382412826	Thao Ifvetsmets-PLLC	10924 Pardee St, Portland, Oregon	US
S3-575897486	Trinity Ministries	9306 Atwood Ridge Ln, Richmond, Texas	US
S3-537404713	United League  of East Hampton IV	74 Tyrone Drnve, East Hampton, New York	US
S3-670785584	vishwakarma brothers private limited	H.no 50 / 1002 Panampilly Nagar, Ernakulam, കേരളം	India
S3-58649630	साईं डेवलपर्स प्राइवेट लिमिटेड	#905 2610, MH, Thane, 26Th Floor, Plan S Business Park, Shirawane, Opp Dy Patil Stadium, Nerul(e), Navi Mumbai	India
S3-611856162	Martin's Home Improvements Co	38 R-A Newfield Saint, Plyymouth, Massachusetts	US
S3-638199910	Pediatric Dental Health L.L.C.	#101 York Street, Elmhurst, Illinois	US
S3-403856384	Lumifya  Copley	919 43rd Ave, Saint Cloud, Minnesota	US
S3-180229037	Officepublicworks.Com	1204 Pecks Arch, Chesapeake City, Virginia	US
S3-516870250	Golden  Grill LLC	#W1721 B, Stone Lake Township, Wisconsin	US
S3-576444311	cosmosprivatesecurity.com	J-77/4, Taluka - Phalghar, Boisar, महाराष्ट्र	India
S3-695889604	Direct LLC  Grid	0194 Capistrano Shores Blvd, Lexington, North Carolina	US
S3-657590364	Orthopedic Fresh  Physicians	5804 Toscana Ave, Austin, Texas	US
S3-422723935	Ridge Indigo	003821 Fenner Rd, Troy, Ohio	US
S3-159504715	Keller Exploration South LLC	1629 Strange Road, Lenoir City, Tennessee	US
S3-633289007	Nishaventuresassociates.Com	##87-6/1, Guntur, AP	India
S3-378871910	Caldance Huntington	015302 Moneta Rd, Bedford County, Virginia	US
S3-595498904	Bridge	Madhya Pradesh, Chhindwara, 10/427 Station Road	India
S3-492426669	Western Gúlf Fashion, Ínc	19 Manomet Ave, Hull, Massachusetts	US
S3-402181702	Mr Kamla Public School Exports	#82, Sahid Khudiram Bose Sarani Santragachi, Howrah, পশ্চিমবঙ্গ	India
S3-161290069	డిజిటల్ ప్రొడక్ట్స్ ప్రైవేట్ లిమిటెడ్	Door No 301, H.no. 1-98/9/3, Plot No. 3, Jaihind Enclave, Madhapur Village, Serilingampal, Ly, Rangareddy, Hyderabad, TG	India
S3-812671546	Prívate Diligence Trading Limited	#45 Ranveer Nagar, Etawa, Etawah, उत्तर प्रदेश	India
S3-643725992	My Tech ఎల్‌ఎల్‌పీ	1-2-44/232, Flat No 108, Bhavyas Laxmi Nivas, Qutubullapur, Hyderabad, TG	India
S3-838237003	Novitas  Private Movers Limited	202 Vias Apt, 18 Andheri Chs, Opp.parl Prabhu, Juhu X Lane, Vp Rd, Andheri (West), Mumbai, Andheri West, MH	India
S3-263717993	Consultancy Varshney India L.L.P.	H-10 Street No- 30, Rajapuri Uttam Nagar, Ghaziabad, West Delhi, दिल्ली	India
S3-431720401	Shri Sar (India) Construction #6200	Shivaji University, Vidyanagar E Ward, Kolhapur, MH	India
S3-827825568	Hendrix,  Miller & Hamilton	2830 Maryland Ave, Ross, Iowa	US
S3-337541778	Collett  Etlde Investors LLC	11  Whiteface Street, South Burlington, Vermont	US
S3-786605790	Internal Medicine Health, LLC	10 Harstdale St, Smithtown, New York	US
S3-647267466	Main Street Book Store Corp	1713 Crockett St, Garland, Texas	US
S3-414307239	India Scholars Tradecom-Private Ltd	A-305, 3Rd Floor, Amc Avenue, Raheja Vistas Phase 3 Road, Pune City, Pune, MH	India
S3-991993487	Orbizeta F/K/A Ahmedabad Solutions Pvt Ltd	Tp 102 & 110, Fp 90 & 132, Blk-1G+4, -408, Ews -4, Ahmedabad, Gujarat	India
S3-688940254	River Anchor Peotone Midtown	29612 Ridgeland Avenue, Peotone, Illinois	US
S3-473596719	Near Raghbir Nagar Electricals Private [Limited]	Plot 432 Plot No-261a, New Delhi, Near Raghbir Nagar, DL	India
S3-413835820	Fayenex doing business as Mumbai Marketing Private Limited	A-906, Nirmal Galaxy, Nr Deepmandir Talkies, Lbs Road, Mulund West, Mumbai, Mumbai City, Maharashtra	India
S3-460725413	Safalya & Brothers	201/A, Vertex Vikas, Sir M. V. Road, Andheri (East), Mumbai, MH	India
S3-218414091	Baldree LLC Partners	16061 Old Arroyo Cir, Rio Hondo, Texas	US
S3-327152351	Surya Producer Private	C/o Nand Jee Dubry Vill, Buxar, Kesath, BR	India
S3-113974652	Ahmadabad City Paper Private	Ahmadabad City, G-2, GJ, Bijal Park Co Op H Soc, Nr Memnagar Gam Bhuyangde, Ahmedabad	India
S3-448891171	carolan frequency corp	233 Crappie Ln, Camdenton, Missouri	US
S3-382543214	Dental Rocky LLC	592 26th Avenue, South Mountain, Arizona	US
S3-624619501	Leshia	8029 Halls Palace Lane, Fl 0, Glen Burnie, MD	US
S3-632601932	Manot Synergy Private	F-13, First Floor, Gold Tamara, Vivekananda Nagar, Kota, RJ	India
S3-662142027	Secure Retail Integrated	102 Kalmia Court, Arlington, Texas	US
S3-454166236	M/s Krishna Traders Private	Saha Chowk, N.h. 6 P.o. Rakhajungle, Kharagpur, Midnapur, পশ্চিমবঙ্গ	India
S3-565574420	Co Crystal Mro Table	1038 Harlem Ave, # # 2SA, Oak Park, Illinois	US
S3-858380605	Strategic Sun	2699 Broadwing Lane, Liberty Lake, Washington	US
S3-690859584	LLC Prime Legacy Rolket	6 Terrace Ln, Meriden, Connecticut	US
S3-902787265	LLC Ohalloran Deiaa	##9511 Brook Forest Cir, Helena, Alabama	US
S3-440253966	Alysia's All	##3200 Secor Rd, Toledo, Ohio	US
S3-845429957	Urology Health, Group	3348 Boccacio Rd, Rio Rancho, New Mexico	US
S3-522107178	Ramaco Partners	2317 45th Ave, Seattle, Washington	US
S3-937051450	Zabinski Piedmont Inc Center	4319 Monitor, Springdale, Arkansas	US
S3-482931968	[Ltd] Crozier Teucrium	4627-B Malhuer Ave, Portland, Oregon	US
S3-863172260	Delly'S Data	316 Blackburn Bay Dr, Verona, Wisconsin	US
S3-444100423	Swastik Enterprises Private  Limited	Pldt No 97/8 3Rd Main Road, Vgp Selva Nagar Extn, Chennai City Corporation, Chennai, TN	India
S3-185709117	Om इंडस्ट्रीज Private Limited	Temple Bar Bldg70 Dr V B Gandhi Marg, Mumbai, महाराष्ट्र	India
S3-549057080	സൺറൈസ് എൻജിനീയറിംഗ് പ്രൈവറ്റ് ലിമിറ്റഡ്	55/10., Puthussery Arcade, Kadiyangad Junction Kadiyangad Post, Perambra Via, Calicut, Kozhikode, KL	India
S3-238930501	Wood Atlantic	00987 Lorraine Avenue, Millcreek, Utah	US
S3-738311205	Astra Polymer Pvt Ltd	Mumbai City, महाराष्ट्र, Mumbai, Plot 565, Krishna Building 18Th Road, Khar West, 606	India
S3-230234288	Pvt Digital Ag Ltd	Block D-840 Cts No. 41, Pune City, MH	India
S3-637521983	Limited Kolkata Private Center	Kolkata, P-16, Howrah, পশ্চিমবঙ্গ	India
S3-818432232	Behavioral Health Medicise LLC (ID: 29030)	Bentley Park Cir, Ofallon, Missouri	US
S3-919310915	VALERIE GOMEZ BETTER RED SOUTHSIDE INC	#1615 Gerald Ave, Albuquerque, New Mexico	US
S3-275234223	Kala  Welfare Society	Annapoorneshwarilayout, Door No A-1, Banglore, KA, Sy No.107/1a, 1St Cross, Ullal Mainrd Opp Mangalore Pu College	India
S3-846912110	Khairatabad Limited Center	6-3-596/69, Naveen Nagar, Khairatabad, Hyderabad, TG	India
S3-204190722	Piedmont Preferred Industries Llc	Albuquerque Township, 524 Live Oak Place, New Mexico	US
S3-975959607	M/s Pos Seva Samiti Holdings	Plot No. - E-206, PB, Mohali	India
S3-940133236	Unified Hospitality Innovations	006611 Airport Boulevard, Austin, Texas	US
S3-787497289	mava.com	#444 Brockwood Cove, Memphis, Tennessee	US
S3-164316147	LLC Lizotte Frontier Iris Westgate	3706 Gallimore Road, Indiana, Bloomfield	US
S3-719510322	Fredricksofs.Com	9322 Johnson Point Road, Olympia, Washington	US
S3-479182766	18/49 Ribbon-Cirlirc	5942 Lkae Rd, Starkey, New York	US
S3-353172101	UW Limited Private Life	Hn 963 A 114 Subhash Nagar Shopping Cetner, Banipark, Jaipur, RJ	India
S3-746831416	Nexvio Enclave-Inc	3012-3014 R Street, Washington, District of Columbia	US
S3-396282133	M/s jpengineers.com	Plot No. 70, G/f, Pkt-a, Sector-2, Landmark Near Canera Bank, Bawana, North West, दिल्ली	India
S3-853851099	emidwestcom	45 Smith Rd, Harpursville, New York	US
S3-689635019	Redwing Cotnre Private Limited	K 43 B Kalkaji, New Delhi, South Delhi, DL	India
S3-289347315	Sidiex LLC	708 Sunmeadow Dr, Greensboro, North Carolina	US
S3-584901477	My Deveeopers Enterprises	237, Bajrang Nagar, Kota, RJ	India
S3-695353769	Ferreon [Pembina]	52 Rivington Ave, Staten Island, New York	US
S3-68876167	Lakshmi Exports Bakery Private	Thane, Rabale, MH, T.t.c. Industrial, Midc, Ghansoli, Thane, Rabale, No. 639 R-82	India
S3-718003554	L0wer Trs-Stae Dpc LLC	208 Lee Ave, Dunn, North Carolina	US
S3-29681031	Viocalo doing business as Burns Select Senior Inc	12012 Portico Place, Oro Valley, AZ	US
S3-441892233	Dhanalakshmi Assam Public Limited	Surat, Shriji Awas Mangadh Chowk, Mini Bazar, GJ, 441/443	India
S3-33872407	Detaum LLC	10247 State Rt 43, Streetsboro, Ohio	US
S3-126144852	Bharat Fóod Private	No G-701, Mumbai, MH	India
S3-988072972	Jagriti Private Límited Center	77B, Mokama, Patna, BR	India
S3-93790360	ఏస్ ప్రాపర్టీస్ ప్రైవేట్ లిమిటెడ్	తెలంగాణ, Rangareddy, ###59, Hyderabad	India
S3-899607948	Deepak &  Co Enterprises Corporation #69054	Gatno509, 507 Plot No18, 19, Oppceatgodowngondedumala, Igatpuri, Nashik, महाराष्ट्र	India
S3-567490560	Pittman Jones Inc. Center	2335 Loussac Drive, Anchorage, Alaska	US
S3-742416681	Happy Auto Body PC Services	East Peoria, Illinois, 257- Washington Street	US
S3-637392346	Wood Amplify Corporation	3912 Tarrant Parkway, Keller, Texas	US
S3-243721076	India Newleaf Private Limited Services	MH, #0969 Office Gala No.1, Thane, Vasai, Ground Floor, Shubham Industrial Building No.2 Dhumal Nagar Vasai East	India
S3-465199416	జై మేనేజ్‌మెంట్ ఎల్‌ఎల్‌పీ	Hyderabad, #19 & 20, Rangareddy, TG	India
S3-240627968	Gomez and Armsmtrong Mission Corp	4417-4421 M St, Fort Smith, Arkansas	US
S3-464340748	Energy Chadha Mercantile Pvt	Office No-306, Magnum House No-11, Commercial Complex, Karampura, West Delhi, Ballabgarh, DL	India
S3-534111410	Maid Seafood Center	1065 Highland Dr, Village Of Twin Lakes, Wisconsin	US
S3-379480369	Mr Shiva Shiva Logistics	474 S. No. 582-A, North Delhi, Delhi, DL	India
S3-131189151	a cure all 6	14265 Holly View Lane, Damascsu, Oregon	US
S3-310770759	Smart Trading	165th Pl, Portlannd, Oregon	US
S3-200361251	Barnhill-Veterinary Clinic	210 Wset Street, Sioux City, Iowa	US
S3-583220223	Education Program  Partners	895 Deer Mountain Drive, PO Box 9410, Harpers Ferry, West Virginia	US
S3-111248602	Jain Próperties	No 4-171/41, 5Th Cross, 10Th B Main Road 1St Block, Jayanagar, Bangalore, Bengaluru, KA	India
S3-162984565	[Commission] Hunger-Program Corp	2197 Lakeview Trace, Trussville, Alabama	US
S3-744781811	Q/E Publishing Inc	58 Rd, PO Box 9207, Flushing, New York	US
S3-417338352	इंडो मार्केटिंग प्राइवेट लिमिटेड	17/B, Mumbai, MH	India
S3-404031208	Viopyra née Bastion Osprey LLC	6706 Kanawha Valley Road, Henderson, WV	US
S3-776439013	Data Infrastructure Center	Enola, 4475 Wild Orchid Ln, Pennsylvania	US
S3-917580337	eye associates greater inc	5352 Richmoor Rd, Springfield, Ohio	US
S3-27435667	Aarvita  Foods Private Ltd	Block G-8 408, Nav Vyapar Bhavan, 4Th Floor, 49, P.d Mello Road, Carnac Bunder, Masji, D (E), Mumbai, MH	India
S3-858881742	Sky Pogubcdtcts Private Limited		India
S3-274310645	Shri Aryan & Co (Ventures)	9/683, Ground Floor, Kishan Dutt Gali Gandhi Nagar, Delhi, Delhi, NULL, दिल्ली	India
S3-183987621	Pediatric Dentistry Physicians Ínc	0015010 59st Ave, Unit 101, Glendale, Arizona	US
S3-523734211	EVL Limited Private Shipping	C/o Om Prakash Malakar, Tola-kahara Panchdhabauli, Patarghat, Saharsa, BR	India
S3-960689948	LLC Cisler & Maqsez Peoples	8114 Diamond Valley Dive, PO Box 1643, Saint George, Utah	US
S3-842054289	फर्स्ट Great टेक्नोलॉजीज लिमिटेड	Bombay, Gala No-301, Basant Vihar, Nr Basant Theater, Chembur, Mumbai, महाराष्ट्र	India
S3-989670899	alvaradodohmentsosie.com	Talladega, Alabama, 2201 Ashland Hwy	US
S3-537579761	Ho and Griggs	145 Richmond St, South Saint Paul, Minnesota	US
S3-601699640	Hospitality Mountain Peyton'S	005401 Groveside Ln, Rolling Meadows, Illinois	US
S3-172378613	टेक कंसल्टिंग प्राइवेट लिमिटेड	C-309 3Rd Flr Dream Appt, Plot 14 Sec 22, Dwarka, South West Delhi Dist, South West Delhi, DL	India
S3-21011524	Star Impex Sweets Pvt Ltd	No 298 &295. Flat No.303 Sentan Nivas, Rajarajeswari Nag, Kondapu, R, Hyderabad, Andhra Pradesh	India
S3-910427608	INTEGRATED GRAND CHEMICAL CO (ID: 43983)	14614 Brumbelow Rd, Needville, Texas	US
S3-60044945	NE	3/1B Gour Sundar Sett Lan, Dumdum, Sinthee Police St, Kolkata, Kolkata, Howrah, West Bengal	India
S3-708884191	Dr Swastik Ltd Pvt Industries	No. 9, Thondaiman Nagar Orikkai, Kancheepuram, Pookadaichathram, TN	India
S3-743333234	Haloflux aka Meridian	9 Pitts Street, Natick, MA	US
S3-460400982	6aj Assurance	No 33/4, Kanchipuram, Saidapet, TN	India
S3-167803589	Dermatology Physicians Group		US
S3-696550663	Prabha Cloud Private Ltd	No 94 Sitabari, Tonk Road, Rameshwaram Colony, A-1, Sawai Madhopur, Jaipur, RJ	India
S3-400104248	Véovantagevantage	##5010 25th Terrace, Topeka, Kansas	US
S3-662705663	Flores's Cónsultants Cónsultants Inc.	Guilford, Connecticut, 00105 Dohm Avenue	US
S3-614360710	Kirbie's	17200 Bell Road, Unit 1701, Surprise, AZ	US
S3-364583605	Pediatric Dentistry Unified Care (Associates)	Lincoln, 1720-1724 Euclid Ave, Nebraska	US
S3-962950016	Shiv Enterprises Private	C/o.teja Seeds And Pesticides, Krishna, Guntur, ఆంధ్రప్రదేశ్	India
S3-452941833	Surgical Center	1011 52nd Dr, Marysville, Washington	US
S3-59131913	Dermat0logy Crtea LLC	5152 Columbus Ave, Minnesota, Minneapolis	US
S3-124035800	Maxwell Halth Center	5664 Lee Highway, Rockbridge County, Virginia	US
S3-576267101	Ear Nose & Throat Allied Partners West	New York, Utica, 409 Rutger Street	US
S3-523640876	richardsfloyddiana.com	925 Jester Blvd, Austin, Texas	US
S3-406403184	Eye Summit Specialists of Buchanan County Council	1244 Curve Hollow Road, null, Haysi, Virginia	US
S3-98562742	James College	2828. Rose Avenue, Halethorpe, Maryland	US
S3-552639311	Zetawexbelo	Arazi 960, Nr Chakarpanpur, Panchayat Bhawan, उत्तर प्रदेश, Varanasi	India
S3-382965034	Msmgmo,, Maryann MD	74 Bristol Street, Hartford, Connecticut	US
S3-191488700	Physical Tray Physicians	Iowa, Pilot Mound, 104 Pilot St	US
S3-666528741	Jobye Mack Genetics, Ínc	11625 Robinson Drive, # Apartment 309, Coon Rapids, Minnesota	US
S3-341944153	Silver Law Group	19406 Huckleberry Rd, Virginia, Eltkon	US
S3-447196481	નોર્થ હેલ્થકેર ઇન્ડસ્ટ્રીઝ પ્રાઇવેટ લિમિટેડ	No 510. 5Th Floor Shapath 1, Ahmedabad, GJ	India
S3-833117251	RAMIREZ CHENGHE	415 1st Street, Fl 0, Wichita, Kansas	US
S3-249175177	Leex [Corp]	1302 Kent St, Saint Paul, Minnesota	US
S3-616186385	Richardson &-Heines Roya1ty LLC - 4644880533	150 1/2 Ridge Crest Drive, Weatherford, Texas	US
S3-83850192	Technologies  Aprameya Foods Group		India
S3-817598540	Supreme Wireless [Global]	00514 Wolfe Saint, Fairmont, Oklahoma	US
S3-435171628	एसएस Technology Private Limited	Shop No. 1164, Central Delhi, Delhi, DL	India
S3-971376087	@americanguild	1376 Wood St, Dubuque, Iowa	US
S3-853300789	M/s Chiraag-India	Plot No 0041 Naosari Arun, N/A, Amravati, महाराष्ट्र	India
S3-880241712	Sanjay Medical	#16/17, 3Rd Floor, Shree Kamdhenu Estate, Cross Link Rd, Chincholi Bunder, Malad W, Est, Mumbai Region, Mumbai City, MH	India
S3-539190038	Bruner  Blue Consolidated	1213 Woodcreek Drive, La Grange, Kentucky	US
S3-892852155	Gomez Service	189 Craighead 7743 Road, Jonesboro, Arkansas	US
S3-264788430	Reliable Cbasnnde Brc LLC	9709 Sage Thrasher Cir, Elk Grove, California	US
S3-95657737	Haveli Devlopers Limited	H.no 194 S.no.188, Pune, Haveli, Navyug Colony, Bhekarai Nagar, MH	India
S3-970553703	Supreme  Projects	Plot 570 C/o Manish Kumar, Panch, Mandir Road, Teliyapatti, East Champaran, Motihari, BR	India
S3-779204702	Bharat Solutions  Private	Door No 21 Opposite Punjab Palace, Dera Bassi, Mohali, ਪੰਜਾਬ	India
S3-710950586	Cascade	2079 B 23 Street, Brooklyn, New York	US
S3-481602584	Vantagesyn One aka Fasten Advisors Private Limited	Mumbai, Maharashtra, 22, Floor- 2, Plot No 396, Kamat Industrial Estate, Swatantrya Veer Savarkar Marg	India
S3-222808281	Beckman, Levine & Escobar Services	Georgetown, 24156 Celtic Street, Delaware	US
S3-442297075	Samoix Global Inc	N 2nd St, Leclaire, Iowa	US
S3-219458736	Sri Amv (India)-Foundation Private Limited	House No-50 Vill Jamrudpurg.k-i, New Delhi, South Delhi, DL	India
S3-409603198	NOIDA INFRASPACE PRIVATE LIMITED	B-74, Sector - 80, Nepz Post Office, Noida, Gautam Buddha Nagar, उत्तर प्रदेश	India
S3-525565347	Lanni's Services	5506 Park Rd, Floor 0, Maryland, Broooklyn	US
S3-332746539	Elana's Diner Empire LLC	1085 Montreal Ave, # Apartment 201, Saint Paul, Minnesota	US
S3-809456175	>> Romisoft Ltd	3904 Lori Drive, Erlanger, Kentucky	US
S3-356160195	Black Technologies Prtvade Limited	B/10 Oliver Mansion Mogul Lane, Mahim (West), Mumbai City, Mumbai, MH	India
S3-835053798	Dr JAI SOLUTIONS	Plot No. 75, TG, Shaikpet, Hyderabad	India
S3-423845505	Deltaorbi	No 623, Tali Bhavan Palamukke, Kannanalloor P O, Kollam, Kerala	India
S3-767484042	Blair Stafford Karman LLC	New York, Fredonia, 4304 Osborne Road	US
S3-158077522	Elite Property Services	005 Gallaudet St, Washington, District of Columbia	US
S3-481151214	Richards0n Markets (LLC)	Saint Louis, Missouri, 7311 Amherst Avenue, Fl. 0	US
S3-147664693	Rasco Sterling	Hollis, 90-31 188 Street, New York	US
S3-107221991	JQ Pinnacle LLC 5ervice	420 West 6th St, Davenport, Iowa	US
S3-452127748	Tri-State Bold L.L.C.	6994 Road 5503, Cleveland, Texas	US
S3-422517615	Pediatric Dentistry Center [Group]		US
S3-444917012	Cascade Project	1619 University Ave, PO Box 447, Coolumbia CITY, Missouri	US
S3-650150631	Private Jay Techno (India) Ltd	Calcutta, Block-b, Lake Town, পশ্চিমবঙ্গ, P-a-2, North 24 Parganas	India
S3-429289871	Mills Complete Martin Incorporated	16510 Oak Hill Road, Silver Spring, Maryland	US
S3-886603461	Oncology Ridge Associates ínc.	Alabama, Barnwell, 10363 24	US
S3-169179842	Morales and Stgeinhoff-Sanayi Inc	1140 Oak Openings Rd, Avon, New York	US
S3-250080216	Gas PC	6706 Dycart Rd, Unit 154, Arizona, Glendale	US
S3-541130211	ಬ್ರೈಟ್ ಸಿಸ್ಟಮ್ಸ್ ಪ್ರೈವೇಟ್ ಲಿಮಿಟೆಡ್	1St Floor, Shree Krishna Akshaya Mansion Complex No.9, 27Th Main, Btm 1St Stage, Bangalore, Bengaluru, KA	India
S3-447149855	NJN Freight Private	D/71-a, Somerset House, Breach Candy, Sophia College Lane, Cumba, Lla Hill, Mumbai City, Mumbai, MH	India
S3-244733079	Ma  Maritime	97, Doctors, Co-op Society Vasundhra Enclave, Delhi, DL	India
S3-927465053	तिरुपति Healthcare Private Limited	Amit Complex, Office No.2, 474/1, Sadashiv Peth, Opp New English School, T, Ilak Road, Pune, Poona, महाराष्ट्र	India
S3-108916772	Deep Propmart Clinic	A/21, Shivshakti Chs Ltd., Indira Nagar, Opp. Madhuvan Society, J.p. Road, Andher, I (West), Mumbai, MH	India
S3-738660028	Thomas Southern Riverside LLC	86 Chipmunk Lane, Harpers Ferry, West Virginia	US
S3-207472608	Gapmnbhbi & Co	Pune, #546 Level 5, Dnyanvatsal Complex, Opp. Vandevi Mandir, Karve Nagar, Pune, MH	India
S3-127436985	Ain  (India) Buildtech Associates Ltd	A-2/23 Shanti Rakshak Societyairport Road, Pune, MH	India
S3-232094021	M/s Lansum Experts Experts (India) Pvt. Ltd	Hn 921- C-1003, Ahmedabad, ગુજરાત	India
S3-327741345	Shaping Nursing Home Exports Company	Gat No 56 Dehu Alandi, Pune City, Pune, MH	India
S3-506254376	Big 94 Déli Déli		US
S3-666693523	Angel Ellis, D.D.S. L.L.C.	747- Highway 316, Lexa, Arkansas	US
S3-465972250	wilkinsonmeshflow.com	Carpenter Road, Snohomish, Washington	US
S3-238713542	Systematic Enterprises Private  Ltd	Sr.no.11/5, Haveli, Pune, MH	India
S3-769321319	@perfectbest	Tc 15/1682(2) Vazuthacaud, Thiruvananthapuram, Trivandrum, കേരളം	India
S3-120585447	Earthmovers Constellation Limited	Vill- Mahua Snigh Rae, Tola-mahua Singh Rae Post- Mahua, Ps-mahua, Mahua, BR	India
S3-633810382	Sai Solution Pvt	C-88, Soubhagyanagar, ଓଡ଼ିଶା	India
S3-95631435	Baldwin, Rubio and Singleton Schwab Corp Corp	##174 Sweetwater Trail, PMB 1270, Linclonton, North Carolina	US
S3-590167657	Tirupati Business Private Limited	MH, No 74 Common, Mumbai	India
S3-104536432	Brixdrex a/k/a Apex Runway LP	3975 El Dorado Drive, City Of Holladay, UT	US
S3-946375079	Av Pvt Ltd Partners	B/41 1St Floor, Mumbai, MH	India
S3-588554016	Choice Creative International, Partners Ltd	4048 Chapel Hill Avenue, Napervlile CITY, Illinois	US
S3-741560270	Sarasiya Infraprojects Private Limited	# 12-10-587/2, Road No 4, Medibhavi, Seethafalmandi, Hyderabad, Andhra Pradesh	India
S3-846239374	Bliss Scientific Inc	1502 Parkridge Place, Ankeny, Iowa	US
S3-335255555	Natassia'S Ridge Publishing	106 1/2 11th Street, Glasgow, Montana	US
S3-446788851	Vision Infrastructure Private (Limited)	H.no 46-A Rani Jhansi Road, New Delhi, Central Delhi, DL	India
S3-742960553	Synnex	7380 191st St, Tinley Park, Illinois	US
S3-842541720	Sri kstores.com	No 2532, Sv. No. 172/4, 80 Feet, Kothanur Village To Kothanur Dinne, Bangalore South, Bangalore, KA	India
S3-499725817	GCN Services  Private Limited	4/117, Kangathody House Near Devi Nagar, Punkunnam, Thrissur, KL	India
S3-335818114	ಪ್ರೈಮ್ ಪವರ್ ಲಿಮಿಟೆಡ್	466/A, 1St Floor, Ast B Cross, 2Nd Main Behind Appolo Pharmacy, Mathikhere, Bangalore Urban, Bangalore, ಕರ್ನಾಟಕ	India
S3-999826182	gujarat red developers límited	No. 258 (Old No. 28), Aradhana, Ground Floor, 3Rd Cross, Maruthi Layout, Dasarahalli, Bangalore, KA	India
S3-638665912	Tirupati बिल्डर्स प्राइवेट लिमिटेड	Door No 672 F-7, null, South Delhi, दिल्ली	India
S3-904360126	>> Industries Rewari Line Pvt	Gate No-1115, Naksha No-3216, Pisawa Jattari Road, Pisawa, Tehsil-gabhana, Aligarh, उत्तर प्रदेश	India
S3-361475502	Ouk Preparatory Academy  LLC	378 Newport Rd, Utica, New York	US
S3-668897902	King & Allen	Pisano Ave, Round Rock, Texas	US
S3-221870645	Spak Brothers	304/A, Shyamal Kunj 2, B/h Arya Shri, Opp Pentagon Appartment, Rajkot, GJ	India
S3-543554442	Al Limited Private Tech	#76E 1St Floor A.j.c.bose Road, Howrah, WB	India
S3-385035945	Capital Harvard Harbor	0170 Parkway Dr, Commmack, New York	US
S3-880422295	Scott and Cox Aimei Clínic	614 River Gate Rd, Chesapeake City, Virginia	US
S3-295075293	Sri Siddhi Co Service	Moradabad, Om Bhavan Near Shiv Mandir Bank Colony Khushalpur, उत्तर प्रदेश, Bareilly Region	India
S3-244642149	QI-Elite Chiron [Partners]	2732. Broadmoor Blvd, Rio Rancho, New Mexico	US
S3-206078520	Global Jas-Technologies Private Ltd	A-#40, Krishna Nagar - Ii, Lal Kothi Tonk Road, Jaipur, राजस्थान	India
S3-952412839	Lumxylo Co D.B.A. Temple Lutheran Church Center	North Little Rock, 2200 Village Drive, AR	US
S3-744180029	Federal Textile Union L.L.C.	8702- Oakwood Lane, North Royalton, Ohio	US
S3-97838567	IMOJEAN BOYD SIGNATURE CHINA INC (ID: 93668)	29W 270 Forest Ave, null, West Chicago, Illinois	US
S3-575536882	Jyotiba Adhesives Private (Ltd)	Sriperumbudur, Kanchipuram, தமிழ்நாடு, Dhanalakshmi Nagar, Moulivakkam, Kundrathur, Plot No.2	India
S3-52298530	Khairatabad Chits Ltd	6-3-596/69, Naveen Nagar, Khairatabad, Hyderabad, TG	India
S3-51434313	Wendy Barker LLC (Service)	Texas, Humble, 14120-14122 Cedar Ln	US
S3-293270229	Cogh1an's  Diner		US
S3-3609160	लाइफ पावर Private Limited	2759/229 Zorawar Singh Marg, Mori Gate, Delhi, DL	India
S3-639795248	Dream Consultancy  Private Limited	Serve No 70, Near Drdo, Mumbai Agra Highway, Jaulake Dindori, Nashik, महाराष्ट्र	India
S3-282158615	Eastern Care Private Limited	Plot No.92, Shubhangi Nagar 1, Near Besa Square, Nagpur, MH	India
S3-167410172	Beckman Supreme Boa	Ohio, 4425 Alum Creek Drive, Columbus	US
S3-799349306	Systems Shelter Bahadur Private Limited	No B3/41 Vill- Dhunaki More, Patna, बिहार	India
S3-836599150	IX Innovative Abony	0040 Savage Lane, Hendersonville CITY, North Carolina	US
S3-870536312	Platinum Unified 0il	Nashville, 1704- Elm Run Way, Tennessee	US
S3-332519116	Modern Water Partners Llp	Tonk, No 73 Prabhu Lals/o Sh.badri Lal Mena, RJ, House No 139, Nh-12, Bypass Road, Opp.surbhi Hotel, Teh. Niwai, Tonk	India
S3-122249702	*** Charline  Blackwell, DO	186 Manomet St, Brockton CDP, Massachusetts	US
S3-708655126	Halosyn	Row House No. C/14 Gera, Enclave Soc Ganpati Chawk, Pune, Maharashtra	India
S3-495661913	LLC SET Stérling Abacus	779 Barnaby Rd, Fluvanna County, Virginia	US
S3-660611987	Gweneth Bebee Keystone Controls	217 Indianapolis Ave, Lebanon, Indiana	US
S3-328247626	M/s Techagro.Com	Bangalore, Bangalore North, Ground Floor, Mcechs Layout, H.no 0899/2, KA	India
S3-590625101	Kinsey, Kit T., DPM Holdings	425 Quincy Cir, London, Ohio	US
S3-235729452	VR Summit Amc	368 Batchelor St, Granby, Massachusetts	US
S3-294818637	Vijay Énergy LLP	Property No. C-38-b, New Delhi, DL	India
S3-30788490	Giles Machine Works Co	6 Spruce Street, Fl 6493, Osseo, Wisconsin	US
S3-195918970	Ltd Agro Gwalior Resorts	D.no 15-9-262, Gowliguda, Hyderabad, TG	India
S3-985151109	DANITA G. GARCIA, L.C.S.W.	Tennessee, # 106, Pulaski, ##101 Ivy Ln	US
S3-903685016	Shaw, Gi0vanna, DDS Corporation	679 Hhlsey Ave, Buffalo, Minnesota	US
S3-592390368	Dusky Management Piravte Limited	Flat No. 604, Garden Vi R P Marg, Hazratganj, Lucknow, UP	India
S3-749951584	Onyxwex a/k/a Soul India Private Limited	57A, Dr. Meghnad Saha Sarani, Kolkata, Kolkata, Howrah, West Bengal	India
S3-209110629	E+ Entertainment [Inc]	331 Capeside Ct, Williamsburg, Virginia	US
S3-169074849	CFT Arts  Inc.		US
S3-259229245	-- JARLANT LÁNE LLC	175 Twin Elm Ln, # Apartment B, Cherokee, Alabama	US
S3-774460594	Dynamic Prairie Photonics Corp	1619 Valley Rd, Sevierville, Tennessee	US
S3-981960957	Dr Jakson Nanotech Private [Limited]	Jalandhar - I, No B3/244 R New Jawahar Nagar, PB, Jalandhar	India
S3-43066912	Whitaker Western (Inc)	948 State Highway 125, Sparta, Missouri	US
S3-815974584	Thirumala Technologies  Company	H No 452 At Washi, Tal Washi, Vashi, Osmanabad, MH	India
S3-316562261	Human  Rights Association	928-932 Zobell Dr, Orem, Utah	US
S3-191942269	rootdoubleline.com	157 Thurber Avenue, Attlebro, Massachusetts	US
S3-698510269	Shree East	12 Hirabhai Marketdiwan Ballubhai Road, Ahmedabad, Gujarat	India
S3-640200882	क्रिएटिव फूड प्राइवेट लिमिटेड	Delhi, 139, North East, Third Floor, Vivekanand Puri Delhi, DL	India
S3-526576566	Avtar College Industries Private	MP, Bhopal, Duplex No. 9, Bhopal, Janki Residency Nayapura, Kolar Road	India
S3-132237161	WORTHLEY, ROMERO & GRIBBEN PENNYMAC PARTNERS	22 Church Road, Connecticut, Sherman	US
S3-703509482	TWISTED DINER! [EAST]	2817 Osage Drive, Hamilton, Ohio	US
S3-866382371	Redmond Baptist Center Cénter	4811 1/2 228th Avenue, Redmond, Washington	US
S3-184904861	Lyracalo t/a Nanet	1770 Arlin Place, Unit H, Fairborn, OH	US
S3-278811241	ഫസ്റ്റ് പവർ ഗാർമെന്റ്സ് പ്രൈവറ്റ് ലിമിറ്റഡ്	Room No: 011/342 F Kannamkulam, B.p. Angadi Po, Tirur, Malappuram, Malapuram, കേരളം	India
S3-709185163	ब्लू कंस्ट्रक्शन LLP	Hn 204 C-6/298, C Block Yamuna Vihar, Delhi, North East, दिल्ली	India
S3-335967923	Indraprastha Global	Chennai, TN, Madras, #477 714-A	India
S3-160066472	Consultants Indranil Services Ltd.	Plot No-3691/641, Prachi Vihar, Palasuni, Khordha, Bhubaneswar, OD	India
S3-191365070	Onyxzetalyraio t/a Soleon Hospital Inc	284 Old Hardwick Road, Barre, MA	US
S3-126586717	Golden Diner Eastgate Corp	015336 Patten Forest Dr, Cypress, Texas	US
S3-881571033	DESERT FUND (GROUP)	55 Eighth St, Edgartown, Massachusetts	US
S3-693886945	Dhaksha Pvt. Ltd. Sérvices	52 Vivekanand Ngr Wakhari, Taluka- Pandharpur, Pandharpur, Solapur, MH	India
S3-381212617	Pazos and Delk Osprey Ltd	05713 Chesapeake, Ft Worth, Texas	US
S3-463269374	Tomlinson Bmfrhndcell	Frankliin, 1000 Aspen Way, Tennessee, # 409	US
S3-744674422	Pvt Morning Traders Ltd	X-d/7 Loha Mandi, South West Delhi, Delhi, DL	India
S3-648908600	Mr Circuit 0rganic Private Limited	Shp No. 8, Mumbai, महाराष्ट्र, Mumbai City	India
S3-239476889	Cyndy's Summit Motors	5962-A Camelback Lane, Columbia, Maryland	US
S3-45990711	Pratham Fabricators (India) Private	D No 16-2-416, Nellore, AP	India
S3-867435666	सुपर Properties Private Limited	C-11, Rajouri Garden New Delhi, Delhi, North East, DL	India
S3-115915832	Exports-Saru Services-Limited	Hn 311- C/o Ombeer Singh, उत्तर प्रदेश, Noida	India
S3-974692977	Rs Enterprises Holdings Private  Limited	Ga-3, Chennai City Corporation, Kanchipuram, தமிழ்நாடு	India
S3-986622121	Rv Boating	Tc 10/1179/1 Charuvilaputhen Veedu House No. 8, Thiruvananthapuram, Trivandrum, KL	India
S3-193946989	శివం బిల్డర్స్	తెలంగాణ, Guntur, Hyderabad, Flat No. N1	India
S3-829661888	Pediatric Dental Signature Clinic Co	59 Fieldcrest Rd, Arden, North Carolina	US
S3-153726794	Jennifer Short Ftai Corporation	1600 Rainbow Drive, White Hall, Arkansas	US
S3-299911317	The Cornerstone Paloma LLC	4247 Elk Hair Drive, Royse City, Texas	US
S3-734691895	Ram School International	தமிழ்நாடு, No 237, Tambaram, Gandhi Road, West Tambaram, Chennai, Kanchipuram	India
S3-192539312	Red Pilates Inc Partners	217 Main Street, Unit 301, Salisbury, Maryland	US
S3-382247994	Visakhapatnam Construction LTD	Hig 5, E-403, Seethamadhara, Housing Scheme, Visakhapatnam, <NULL>, ఆంధ్రప్రదేశ్	India
S3-300099091	Rose Infocom Private Límited	Dhabai Ji Ka Nohara, Jaipur, RJ	India
S3-125396944	Inc Athens Youth Classic Society	3016 Canterbury Street, Athens, Tennessee	US
S3-364267324	Tanet Interests L.L.C.	526 Walnut Street, Decattur, Alabama	US
S3-662518335	Franklin, Verron LLC	0358 Falaise Drive, Floor 0, Saint Louis, Missouri	US
S3-807764965	Pinnacle Center	No 11 Rehab Commercial Bldg, Nr.ackruti Star, Andheri E, Mumbai, MH	India
S3-378871668	Century Classic Integrated	849 Ballantyne Lane, Spring Lake Park, Minnesota	US
S3-940518516	LZE Online-P.C.	26 Finch Avenue, Meriden Towsnhip, Connecticut	US
S3-285184450	DKI Vanugatd Preferred	120 Bean Pond Rd, Lyndon, Vermont	US
S3-638042550	L.L.C. 4174 Lake Way Apartments	7116 Villa Theresa Dr, Glendale, Arizona	US
S3-474677800	Vertex Providence  Care	North Carolina, Greensboro, # W, 5283 Hilltop Rd	US
S3-859540000	Orbisolaria formerly known as Royal Media Pvt Ltd	Shop No.-15, Pooja, Shoping Complex, Saharanpur, Uttar Pradesh	India
S3-909641394	Harbor Inc Nuclear Precision	Winston-Salem, North Carolina, 2912 Pioneer Trail	US
S3-260788285	Frontier Home Improvements	244 Briarpatch Ln, Frankfort, Kentucky	US
S3-739689314	miyasatomartinvesely.com	5670 New Harmony Road, Pikeville, Tennessee	US
S3-755699090	bright texas inc	72 Miry Creek Lane, PO Box 1394, Clinton, North Carolina	US
S3-847943998	chu allied california summit inc	9507 Oak Leaf Place, Clinton CITY, Maryland	US
S3-127092582	Tryon Pg1atinum Architecture LLC	1921 Oakley Road, Floor 0, Glen Burie, Maryland	US
S3-978436519	Cain's Restaurant LP	Water Maple Trl, Arlington, Texas	US
S3-222078698	... 5traight  Edge Tavern! Partners	323 Walnut Dr, Munster, Indiana	US
S3-65274148	Blue & Associates Pvt. Limited		India
S3-790949918	कृष्णा पायोनियर कंसल्टिंग ट्रेडिंग लिमिटेड	Jhansi, Shastri Nagar, Babina Rural, Jhansi, UP, 2296	India
S3-837655963	Main  Street Tavern Corp	2644-2646 Hunt St, Unit 13, Ames, Iowa	US
S3-44171274	AH Agro  Private Limited	Site No. A-4, Coimbatore, TN	India
S3-671813653	Nagaksh Limited Private Systems		India
S3-300662032	RMV Superior Wen Corp	174 Main St, Quincy, Massachusetts	US
S3-688822920	Fresh Cofefee	Houston, 9814 Sagelake Lane, Texas	US
S3-344762015	ksmpublicschool.com	#375 Plot No .13, Golconda, Hyderabad, తెలంగాణ	India
S3-230421305	Urban  Pizza	6959 Sandfield Dr, Montgomry, Alabama	US
S3-241142392	Services Kvb Arr Private Ltd	Unit No. 61-22 114, Avenue Sector 114, Palam Vihar, Palam Vihar, Gurgaon, HR	India
S3-775345503	Gardiner, Dixon &	01702 95th Ave, Crown Point, Indiana	US
S3-744338888	Brown Lionheart L.L.C.	314 Seventh Street, Wilmar, Arkansas	US
S3-56290155	Sedfood Corner Coastal	40 Aspinwall Rd, # 1, Dorcehster Center, Massachusetts	US
S3-486283136	Raleigh Direct Sunshine Corp.	119 59th Street, Seattle, Washington	US
S3-971927324	BAMAIFY CORP	Auburn, #1460 Ping Ct, Alabama	US
S3-139479601	Poise Training  Private	C/o Mohammad Zahid, Hapur, Bhagwatiganj, UP	India
S3-185836145	Natassia'S Cleaning Service	818B Sth 42, Town Of Liberty Grove, Wisconsin	US
S3-578036088	Oasis-Centre Center Partners Center	Shop No ##4 Anusaya Bhagat Building, Dombivali, Thane, MH	India
S3-784434508	Breland South	Alabama, Hoover, 307 Amherst Dr	US
S3-292688124	स्मार्ट फूड प्रा. लि.	Village Jagpal Khera Post Chinhat, Lucknow, उत्तर प्रदेश	India
S3-594124389	Veofaye formerly Dorena's Apparel, LLC	IL, 16563 Cozart Avenue, Pembroke Township	US
S3-383956389	TZO Complete Reserve	1054 Bennington Street, # 3, Boston, Massachusetts	US
S3-414406417	M/s Dnp Lífe (Corp)	Door No 742 K No 472/1 Ground Floor (Only) Floor Extended Lal Dora Village Burari, Delhi, null, DL	India
S3-783030738	Family Fflllohaohii	33 Meusel Rd, PINE Pplains, New York	US
S3-184038280	Avilyravio D.B.A. Garnet's Best Management	4820 Park Glen Road, Saint Louis Park, MN	US
S3-281472601	Smt Gangotri Limited Private [Infrastructure]		India
S3-695455660	Private Shiv Consultancy Limited	H.no 503 C/o Arun Kumar 6107, Ananda, Mohali, PB	India
S3-393036208	রয়্যাল ইনভেস্টমেন্টস এলএলপি	G-45, Arabinda Bose Nagar, Kolkata, Kolkata, WB	India
S3-835462857	Laxmi International Pvt	New Delhi, 1322/89 Hemkunt Chamber 13Th Floor Nehru Place, DL, Delhi	India
S3-343354692	Henderson Transport,	33 Saint John Dr, Hawthorn Woods, Illinois	US
S3-620942172	Jay Pv Ltd	MH, Mumbai, Mumbai City, First Floor, F Building, Ansa Industrial Estate, S V Road, Sakinaka, Andheri (Eas, T), Unit D/139	India
S3-747358048	Ziraori Construction Private Limited	No 38 Sant Namkin Bhandar Mirjapur Gadiyana, Gorakhpur, Civil Lines, UP	India
S3-263528154	Mishra-Services Public Limited	Office No.60, Ue, Pune, महाराष्ट्र, S.no.45/1 To 10/1, Pashankar Auto, Pune City	India
S3-576752118	गोल्ड शक्ति कंस्ट्रक्शंस प्राइवेट लिमिटेड	W-79, Ttc Industrial Area, Midc Thane - Belapur Road, Rabale, Navi Mumbai, Thane, MH	India
S3-435978194	Gujarat Limited Services	#14 202 Bell E Vista Complexrace Couese Baroda, Gujarat, Vadodara, GJ	India
S3-41310307	Miles Enterprises Incorporated	#1707 Elder Street, Wakuesha CDP, Wisconsin	US
S3-128173892	Frontier Services	821 Hickory St, NULL, Birmingham, Alabama	US
S3-845858787	Life Estate Private Límited	D-#5, null, Budh Vihar, North West, DL	India
S3-259096978	Optimal Creative LLC Partners		US
S3-3405207	institutetechnology.com	1337 Abbott Avenue, Toledo, Ohio	US
S3-924840262	Zetadelta  Inc. Alliance	North Carolina, 3361 93, Sparta	US
S3-568968515	Krish Property Private  Limited	No /12 Ahiripukar First Lane, WB, Calcutta	India
S3-361780861	City Réalty Private Limited	505, Bloom Fountain, Nirman Apartment 177, Faizabad Road, Lucknow, UP	India
S3-198458569	Ebony G. Pitts, CPÁ, P.C.	9895-D 172nd St, Chippewa Falls, Wisconsin	US
S3-552958634	Aayushmaan Tourism  Pvt		India
S3-602357537	Group Graham Lithium	26 Hampton Rd, Fl 0, Linthicum Heights, Maryland	US
S3-234832539	Sarvam Pvt Ltd  Services	H.no 68-69B Maharani Enclave Block B Hastsal Village Uttam Nagar, Delhi, Manesar, DL	India
S3-649177624	Sawant Designers-Limited Service	Flat No. A-102, La Regencia, Panipat, HR	India
S3-492013812	Trusted Platinum  Services	#1175 10, Arietta, New York	US
S3-729708332	Dynamic Genomic Advisors Ltd.	175 Leicester Road, Buffalo, New York	US
S3-261172222	सेवन गुजरात कंस्ट्रक्शन	Unit No.a-16, First Floor, Vipul Plaza, Sec - 81, Faridabad, HR	India
S3-723454452	KDZ PREFERRED APOGEE PARTNERS	District of Columbia, Unit 203, Washingtton, 1121 Eastern Ave	US
S3-933873747	Dermatology Bright Physicians Partners	Dallas, Texas, 2713 Indiana Street	US
S3-282337469	ब्राइट हेल्थकेयर प्राइवेट लिमिटेड	S-87, Jaipur, RJ	India
S3-743667155	கிளாசிக் ஸ்டார் கன்ஸ்ட்ரக்ஷன் பிரைவேட் லிமிடெட்	No.71, Dharmapuri, Krishnagiri, தமிழ்நாடு	India
S3-926444634	Jarlola Gold	0655 Cypress Cove Road, Fosters, Alabama	US
S3-827283741	Vii Ivenanke Astoicartes	50 Highwood Road, New York, EAST Norwich CDP	US
S3-11483799	Tropea, Corbitt and Fdmloadn Partners	106 Craigheads 7802 Road, Jonesboro, Arkansas	US
S3-910381537	Co & Cs	407/9, Pukhraj Corporate, Opp. Nawlakha Bus Stand Near Prashant Hotel, Indore, MP	India
S3-998222533	dilino	10551 Bonnie Brae Drive, Darien, New York	US
S3-894103431	Vibha Center	E-401, Faridabad, HR	India
S3-451824516	A Classic Classic Biotechnologies	El Tesoro Escondido, Albuquerque, New Mexico	US
S3-979222280	Yuvraj International School		India
S3-333067761	Limited VKL Power Service	3 Meridien Apts Bldg No 1Veera Desai Road Andheri (W), Mumbai, Mumbai (SUBURBAN), महाराष्ट्र	India
S3-14226318	Russel LLC (Center)	##373 Bay Street, # A203, Costa Mesa, California	US
S3-336766581	Bureau of Motor-Vehicles Co	1221 Adams St, Muncie, Indiana	US
S3-589342278	Behavioral Health Trústed Care Associates LLC	Clearview Dr, Vinton Town, Virginia	US
S3-98377200	Private Zeus & S0ns Limited	16-A, Ab Road, Indore, MP	India
S3-236520117	Límited Great Krishna Investments	New Delhi, B 1/10 Ashok Vihar, DL	India
S3-636374873	WHITE TALON HOLDINGS	2998 Meade Ave, Louisville, Kentucky	US
S3-17493899	Hari  Care		India
S3-772777193	T N & T Security [East]	Cleveland, Texas, ##114 County Road 3992	US
S3-332354751	Bangalore  Interiors Ltd	Door No 98, Bengaluru, KA	India
S3-340821	indianinfrastructure.com	#13Th Floor, Balanagar, Hyderabad, TG	India
S3-703197377	Vision Associates (Llc)	3180 129th Ln, <NULL>, Blaine, Minnesota	US
S3-409535966	Humphrey and Gehrke Center	5498-D 170th Pl, Bellevue, Washington	US
S3-613342865	Paramount Hóspitalities Ltd	702, 7Th Floor, Silicone Tower, Near Samartheshwar Mahadev Temple, Law Garden, Ellisbridge, Ahmedabad, Gujarat, India, Ahmadabad City, Ahmedabad, GJ	India
S3-704628631	Best  International	Door No 775 24-3-219/1, Hanamkonda, Warangal, Andhra Pradesh	India
S3-375778391	Cirariza D.B.A. Karthika Traders Private Limited	2Nd Floor, 232 Sri Mohan Paisar Zone 1. M.P. Nagar, Bhopal, Madhya Pradesh	India
S3-736646126	YASH BUILDERS PRIVATE LIMITED	904, 9Th Floor, R Building, Cosmos, Magarpatta City, Pune, MH	India
S3-360886683	Vantyn Dave-lnc	3800 Fallstaff Rd, <NULL>, Balttimore, Maryland	US
S3-122825569	Cosmic Vidyalaya Private-Limited	Milestone 18, Mohali, Derabassi, PB	India
S3-672484302	Golden Golden Massage	2104 Randolph Ave, Saint Paul, Minnesota	US
S3-557008477	Laureate Deolftcamde Private Limited	P No.66, East South Part, Christiyan Nagar, B Colony, Palayankottai, Tirunelveli, தமிழ்நாடு	India
S3-633571945	ജയ് ട്രേഡിംഗ് ലിമിറ്റഡ്	Xxi/152, Ernakulam, കേരളം	India
S3-379038393	West Mdigdl Cénter	1004. Wood Mesa Dr, Round Rock, Texas	US
S3-406679686	Gagne & Copeland Obic Coastal L.L.C.	258 Farmingdale Trace, Harpersville, Alabama	US
S3-389196434	Colonial Institute Clinic	14460- White Top View, Washington County, Virginia	US
S3-557234637	Thigpen Biologics Partners LLC	Mcalesetr, Oklahoma, 1215 West Street	US
S3-492021254	Srinika Brothers & Limited	Flat C403, Bangalore North, KA	India
S3-772330553	Mumbai (Aidln) Technologies Private Limited	176, Tirunelveli, TN	India
S3-389430304	Cardiology American Specialists Inc.	7-11 Meadow Lane, Searcy, Arkansas	US
S3-954621823	Peyton Prime Fargo Incorporated	545 Railroad Street, Winsslow, Arkansas	US
S3-888445191	Producer Preston Services Private Ltd	Jay Ambe Chs, Vijay Nagar, Ayre Gaon, Dombivli East, Dombivli, Thane, MH, Flat No. A/305	India
S3-589832210	Private India Nwleaf Energies Limited	#0969 Office Gala No.1, Ground Floor, Shubham Industrial Building No.2 Dhumal Nagar Vasai East, Thane, Vasai, MH	India
S3-930550638	Center Diamond Landscaping of Arlington Inc.	6015 Silkcrest Trl, Arlington, Texas	US
S3-758241684	JANHAVI TRADERS PRIVATE LIMITED	S-062, Dlf Qe, Gurgaon, HR	India
S3-487309237	Iricalo née Johnston, Hernandez & Sims	606 White Street, Unit 2, Springfield, MA	US
S3-292146905	Howarth Creative Financial LLC	15 John Court, New York, East Fishkill	US
S3-285813741	Leisure Services	S/o Sarvdev Pandey Reotipur, Ghazipur, UP	India
S3-612777720	Life Solutions Private Ltd	V/94, Kalpetta, Wayanad, കേരളം	India
S3-95105130	Finance Múni Research Private Ltd	The Metropolitian, Pune, MH	India
S3-464368280	Anne Evans Rogers Inc	4137 Polkville Rd, Shelyb, North Carolina	US
S3-819674960	Environmental Fcd VI LLC	423 Swan Saint, Dunkirk, New York	US
S3-151700698	frakesstonepartners.com	101 Woodbury Court, # D, CARY CCDP, North Carolina	US
S3-116965329	Meor LLC Partners	3107 Walnut Creek Drive, City Of Wilson, North Carolina	US
S3-375615635	Veodova	112 Park Street, Grayson, KY	US
S3-560883345	My lndia Exports Private Limited	H.no.33, Bhardwaj Colony, Sri Ganganagar, Sriganga Nagar, RJ	India
S3-352079777	Hankerson, Gipsy, MD Inc.	4008 Bristlecone Lane, Fort Worth, Texas	US
S3-630125731	@Newstarsahani	65/F/1, Howrah, Kolkata, WB	India
S3-105734734	Atlantic Committee Corporation	24 Park St, Binghamton, New York	US
S3-621640911	Lopez Institute of Technology Ínc	131 43rd Street, Omaha, Nebraska	US
S3-121370142	E+ Tree Corporation	21033 70th Dr, Glendale, Arizona	US
S3-382996520	Daddy Network Infratech Private Ltd	Thane, C B D, MH, Thane, No. #536 D-4/0:1 Sector-17 B	India
S3-819106114	Villalobos Minamgeent LLC	320 -302 Sandbridge Rd, Virginia Beach City, Virginia	US
S3-811106641	Tech Producer Private	Hn 00226 Sf-34, Z Crown Complex, Panpur Patiya, Savgadh, Himatnagar, Sabarkantha, GJ	India
S3-279037053	Twisted  Bistro	303 Pecan Street, # 6C, Bladenboro, North Carolina	US
S3-8237893	Ramirez Ramirez Center	Montana, Bililngs, 1102 Eighth Street	US
S3-125059118	Schutte Associated-Inc		US
S3-68953666	Katyayani (India) Foundation Overseas Private Limited	661, Mu. Po. Tambhol Tal- Akola, Ahmednagar, MH	India
S3-277133756	LLP Pathy Trfdaers	Mohili Village Kurla Andheriroad Saki Naka, Mumbai, MH	India
S3-774132357	Industries-Vardan Fresh Ltd	Door No 305 705, Ansal Vikas Deep Building Laxmi Nagar District Centre, Vikas Marg, Delhi, <NULL>, DL	India
S3-93468478	Vanguard  Appare1	200C Sinsinawa Avenue, East Dubuque, Illinois	US
S3-213030529	Galleria Dlf-Iv Gypsy Private [Limited]	1116, Galleria Dlf-iv, Gurgaon, HR	India
S3-118368016	Sierra	750, Bountiful, Utah	US
S3-647761803	Dr Aadhar Service Pvt. Ltd	14/247, Sankarankoil, Tirunelveli, TN	India
S3-266311852	Ziex Express Massage Corp	11920 De Palma Lane, Richmond, Texas	US
S3-36217463	Sydelle Kuba First Cayman  Partners	Mount Pleasant, 14850 Upper Birch Creek Dr, Utah	US
S3-411465788	Willis Health-Center Inc	208. Moore Avenue, Freeport CITY, New York	US
S3-678640136	Mumbai Consultancy Private-Limited	Flat No. 1202, Mumbai, Mumbai City, MH	India
S3-686743946	Schoen	1500 Terrace Drive, Unit APT 31, Brownwood, TX	US
S3-22575463	pérsontran.com	1251 Capitol Saddlery Trl, Austin, Texas	US
S3-851328079	Slate PLLC	735C Charlton Street, Southbridge, Massachusetts	US
S3-267675363	Holdings Cam Traders Pvt. Ltd.	#544 Falt No.lig-6-511, 5 Th Floor Chitrapuri Colony, Khajaguda, Hyderabad, TG	India
S3-523695038	Fresh Énergy Company P.C.	302 Mccoy Ln, Huttto, Texas	US
S3-569863137	బాలాజీ పయనీర్ కన్సల్టెన్సీ ప్రైవేట్ లిమిటెడ్	F 802, Seri Lingampally, K.v.rangareddy, TG	India
S3-127427751	Thomas Camrbindsge Camrbindsge	01155 Bear Hollow Road, Greeneville, Tennessee	US
S3-857742817	Anallise  Martinez Blue	203 Valencia Dr, # 201N, Jacksonvillec DP, North Carolina	US
S3-830139836	Crystal Arcelormittal	Buckboard Drive, Valley Falls, Rhode Island	US
S3-420377501	Quality Semiconductor Associates Lakeside, Inc	0028 Grant Dr, Cherokee, North Carolina	US
S3-684507838	ফার্স্ট সলিউশনস প্রাইভেট লিমিটেড	##17, Ganesh Chandra Avenue, 6Th Floor, Room No - 605, Dharmatala, Kolkata, Kolkata, Howrah, পশ্চিমবঙ্গ	India
S3-7847486	PINNACLE HOSPITALITY SOLUTIONS LLC	344 Prairieside Drive, Waukee, Iowa	US
S3-755731387	tdindia.com	WB, 1A, Kolkata, Howrah	India
S3-383310200	WZ Cbre Co	2011 Pecn St, San Marcos, Texas	US
S3-693232035	Intex India Public Limited	No 24- Centaur House, Ubi, MH	India
S3-967625594	Colonial ínstitute II LLC	Staten Island, 217 Yetman Ave, New York	US
S3-959662523	Private Clean India Ltd	F3, 1St Floor, Shiv Complex, Village Vallabh Vidhyanagar(m), Taluka Anand, Dist. Anand, Anand, GJ	India
S3-948142510	Tirupati इंटरनेशनल प्राइवेट लिमिटेड	#601/602/603, 6Th Floor, V Times Square Plot No. 3 Sector 15, Cbd Belapur, Navi Mumbai, MH	India
S3-317823394	CORNERSTONE EXPRESS BOX	4379 Summerhaven Dr, Indiana, New Palestine	US
S3-696894033	Redstone Limited Private Traders	Door No 4 Hari Nivas C Road Churchgate Mumbai, Mumbai, MH, Mumbai City	India
S3-719953598	Jewellers Properties Private [Limited]	157A, Howrah, Kolkata, WB	India
S3-977711128	Dionis Bhuiyan Global Inc. Service	Massachusetts, <NULL>, 06 Ellis Dr, Ashburnham	US
S3-708261179	Ace Intelligence Technologies Inc Inc	Arkansas Ave, Earle, Arkansas	US
S3-133135498	Services Piedmont Group Co	003620 2nd Pl, Rogers, Arkansas	US
S3-505201989	VKL Power Private  Limited	3 Meridien Apts Bldg No 1Veera Desai Road Andheri (W), Mumbai, Mumbai (SUBURBAN), MH	India
S3-853646858	Russell  Array	257 Rock City Road, Tennessee, Kingsport	US
S3-185929397	INTERNATIONAL STAFFING INNOVATIONS BILLINGS	Westchester Sq, <NULL>, Billings CITY, Montana	US
S3-171691497	Moore &  Jessop LLC	18406 Aberfeldy Ct, Rihmond, Texas	US
S3-887182403	hartschoolmedicine.com	2789 Alamance Road, Burlington, North Carolina	US
S3-806456072	West Charitable Trust Company	Hotel Anandvihar, No.39, K.r.road, Opp: Vanivilas Hospital, Bangalore, Bengaluru, KA	India
S3-544552581	Metro Biracilik	410 Pakr Ave, Waverly, New York	US
S3-707497754	Nataraj Seervemms Private Limited	2, Divreportingcircle, Bhopal, MP	India
S3-756422100	Platinum Network Enterprises Holdings	##5431 Third Street, # 2, Washington, District of Columbia	US
S3-828779260	Figueroa Pllcips & Deane Partners	51627 Annie Ave, Pleasant Valley, New York	US
S3-386578635	M/s Indo Limited Private Tech	H.no 97/55, 3Rd Floor (Shop No.5arcot Road Kodambakkam, Chennai-24, Chennai, தமிழ்நாடு	India
S3-266484179	Cradcna Adr Inc	8657-C 26 Avenue, Brooklyn, New York	US
S3-975397820	Fetech National Twín	19034 Woodburn Rd, Woodbuurn, Indiana	US
S3-199517079	pediatricdentistryclinic.com	1316 Elmer Hanson Dr, Mentor, Minnesota	US
S3-144179915	Custom Nutrition Nutrition LLC Services		US
S3-441939120	Prime Investments Pvt (Limited)	Indicon Viva, 3Rd Floor, Kolkata, Howrah, WB	India
S3-574151234	Construction Ana Path Ventures Private	5/273, Pullaloor-muttanchery Road Pullaloor, Parannoor (P.O), Narikkuni, Kozhikode, Keralam	India
S3-898935534	विजय मार्केटिंग एलएलपी	601, Mumbai City, MH	India
S3-421340635	Ruben Institute of Tehcnolobiy	81307 Ashbrooke Gardens Dr, Louisville, Kentucky	US
S3-775847130	Simon Nursing Home Private Ltd	Bangalore, No.l-157, Bangalore, KA	India
S3-718007291	Culvelr For Corp	279 Michigan Ave, # 815, Galesburg, Illinois	US
S3-488260388	Ciraecto	Satyaraj Aangan, Sno 36/5, Kalepadal, Hadapsar, Fl. No. D-102, Pune, Maharashtra	India
S3-146698027	Smt Ashok Infratech (India)-of Pathari	C/o. Bhagwat Tukaramji Dukare, Parbhani, Pathari, MH	India
S3-659900894	Castello Interiors Greater, LP	137 Merrywoods Dr, Berkeley Springs, West Virginia	US
S3-209069080	Garzonsfirstventures.Com	Arkansas, 206 Adams Street, Mena	US
S3-136146259	Mbs (india) Private		India
S3-337523703	Grace Zion	400 328 Madison St, Springfield, Illinois	US
S3-571130295	Vision Associates Ltd	012402 Buckland Ln, Houston, Texas	US
S3-668026593	UA Valley	543- Delaware Avenue, # Apartment 11, Bethlehem, New York	US
S3-541287505	Nexveron LLC Partners	501 100nd St, Seattle, Washington	US
S3-217533456	Silver Book  Store	#184 Old Hwy 19E, PMB 7943, Roan Mountain, Tennessee	US
S3-69515917	Halojax+ d/b/a Narsinghpur Sai Private Limited	L093 New Town Hights, Sector 90, Narsinghpur, Gurgaon, Haryana	India
S3-377174056	Jaxnex trading as Vani Xray LLP	Plot No.1-D (Part-1) K.I.A.D.B Industrial Area, Lokikere Road, Davanagere, Karnataka	India
S3-467323056	Montgomery, Caballero & Ware	4702 Salterforth Pl, Ellicott City, Maryland	US
S3-995603079	एस कंसल्टेंसी इंजीनियरिंग	UP, No #25 Manoh. Munnalal Behind Utsav Mandap, Meerut, Mawana	India
S3-13827469	Brightova Eureka LLC		US
S3-810850956	Westrick and Friedlander Esports Inc.	20711 High Dr, Leander, Texas	US
S3-849238004	Private Super Infra Limited	Door No D/2, महाराष्ट्र, Yadav Apartment Canal Road Jail Road, Nashik	India
S3-315697137	Pratt Kensington	2212 Twelfth Street, Terre Haute, Indiana	US
S3-583676975	Smith's Fitness Partners	Logan City, 720 1000, Utah	US
S3-842080279	Lakshmi Baba Impex Pvt Ltd.	Shop No. #8 12Th Road Circle, Jodhpur, Jodhpur I, राजस्थान	India
S3-312091339	GGX International  Limited Center	58/47, Coimbatore South, Coimbatore, TN	India
S3-999001990	Mr Rohit (India) Steels  Private Ltd	C/o Sandeep Sangwan, Village Garhi, Alwalpur, Kharkhara, Rewari, HR	India
S3-539213239	Baba Impex Private Ltd	<NULL>, MH, Ahmed Nagar, At Post 85 Shekewadi	India
S3-303094357	All Logistics Worldwide-of-Junction City	1404 Setgast Circle, Junction City, Kansas	US
S3-29020596	Mabel Gautam	#65/67Dontad Street 1 St Fl Majid Bunder, Mumbai, Mumabi, MH	India
S3-5585533	Holdings Hovis Liberty Costamare	528C Oak St, Davisville, West Virginia	US
S3-900603418	Holley Institute-of Technology, LLC	4641 Elm Point Dr, Balch Springs, Texas	US
S3-771878224	realtraders.com	A-140 1St Floor, Block A Nehru Nagar 3, Ghaziabad, Mathura, UP	India
S3-840812804	APEX FOUNDATION LIMITED	Door No 831 C-5, Amernath (West), Mumbai, MH	India
S3-941184954	Arbuckle  & Segal Group Co	82 4124, Canton, Texas	US
S3-391853318	Gold Properties  Limited	H.no 18/A-32, 3Rd Cross Road, Sipcot It Park, Siruseri, Chennai, Kancheepuram, TN	India
S3-448967467	Enterprises  Sterling Natural Pvt (Ltd)	198/36, Basement, Ramesh Market, Garhi East Of Kailash, New Delhi, null, DL	India
S3-437441608	Arlettegraydds.Com	8193 Landis Rd, Madison Twp, Ohio	US
S3-246972927	Orbiyuma	19513 Ellison Avenue, <NULL>, Douglas County, Nebraska	US
S3-679442316	dentalpartners.com	1266 Wilson Avenue, Havre, Montana	US
S3-398630095	dean, mandi jersey inc	892 100, Orem, Utah	US
S3-18182488	बालाजी टेक्नोलॉजीज प्रा. लि.	Plot No-26 Aggarsen Nagar, Road Mandkheri Ki Tapriya, Yamunanagar, Yamuna Nagar, HR	India
S3-478891175	Kennedy Malinowski & Parshall LLP	Iowa, 8th Street, Cedar Falls	US
S3-465151125	Eastern (India) India Private Limited #65188	Plot No. 214 Nandanvan Layout, F. No. G-f-4, MH, Nagpur	India
S3-320305639	Heritage Initiative	Toledo, 311 Westwood Ave, Ohio	US
S3-290926141	QNR Holdings Management Limited	Shop No. 9 Plot No. 4 Second Floor, Dda Building, Nehru Place, Vardhman Trade Centre, New Delhi, New Delhi, South Delhi, DL	India
S3-22720229	Cancer League	5303 Panther Lake Road, Snohomish, Washington	US
S3-881767864	Pec Enterprises Ltd	महाराष्ट्र, Andheri(east), Mumbai, 456. A-11	India
S3-813405622	NH Systems LLP | www.nhsystems.com	Pandey Nivas, Akurli Road, Near 282 Last Bus Stop, Damu Nagar, Kandivali (East), Bombay, Mumbai City, MH	India
S3-371674149	industrial medical services inc	463 Lantana Ln, St Peters, Missouri	US
S3-139413086	Grady Media P.C.	4389 1/2 Upper Ferry Road, Maryland, Eden	US
S3-223737329	Mccreary (First)		US
S3-548688959	સાઉથ સર્વિસીસ લિમિટેડ	No 1-53 5011, Ashoka Tower, Ring Road, Surat, ગુજરાત	India
S3-902734529	M/s Km Industries	Door No. 5/1 (29) Abiramapuram, Chennai, Alwarpet, தமிழ்நாடு	India
S3-980381852	One International-Private Limited	Dgor No 432, Secound Floor, 4Th Cross 2Nd Block, Hrbr Layout, Bangalore, KA	India
S3-724509730	Senesac Rre Rre	62 Rutland Square, Boston, Massachusetts	US
S3-341159746	Zetaecto Sys t/a Rebbecca's Family Practice	2514 Messick Drive, Goshen, IN	US
S3-596853461	A0ki  Consulting	1002 Farm Road 115, PMB 2048, Wilard Township, Missouri	US
S3-83822646	Spak Brothers Company	304/A, Rajkot, GJ	India
S3-647533317	Gujarat International	Godoun 20, Gujarat, Sabar Kantha, GJ	India
S3-385104748	Wexarc	G-2, Ashok Vihar Phase-I, Delhi	India
S3-644705535	Private Seven Systems Limited	Door No. 235, 2Nd Floor, Yellamma Devi Temple Street, Kodihalli, Hal 2Nd Stage, Bangalore, Bengaluru, KA	India
S3-92798094	First Tracding LLC	Iowa, 3519 29th Street, DES Moines Towsnhip	US
S3-761428961	Jennings Inc Management	21 Clark Road, Uxbridge Township, Massachusetts	US
S3-624497042	Cozy Díner	1400-C Polk Street, Bedford, Iowa	US
S3-683570413	New Agro Pvt Ltd.	No. N003, Bearing Door No. Xi/ 275-J43 Of Heavenly Plaza, Vazhakkala, Kakkanad, Ernakulam, KL	India
S3-551388423	smith national supply inc.	130 Hess Ln, Roseburg, Oregon	US
S3-927781066	JA Private Limited Services	H.no 385 Floor 4, Fl No. 13/B, Shree - 1, Riddhi Enclave, Viman Nagar, Pune, MH	India
S3-582970491	Grasso Rocky Cbre Corp	1219 Thirteenth St, Great Falls, Montana	US
S3-764570513	Ahuja Industries LLP	Kolkata, 11/A, Howrah, WB	India
S3-934378666	Prairie Allide Pizza South [LLC]	5402 Greenplain Rd, Nofrolk, Virginia	US
S3-557169529	Piedmont Tri-State Cargo  PC	Alice, 657-659 Racer Ranch Rd, Texas	US
S3-948710579	Limited Alang International Services	C-18 Pollock St, Kolkata, Calcutta, WB	India
S3-149879507	Reliable Reliable Medical Services Company	144 Mansfield Avenue, Ohio, Mt Vernon	US
S3-328568381	Dr Eastern  Investment Private Ltd	Room No. 380, Thrissur, Kumaranellur P O, കേരളം	India
S3-713961206	Literacy Charities Holdings	Texas, Garland, 702 Wakefield Dr	US
S3-150657366	ABN MEMORIAL TRUST EXPORTS	Door No 6 Plot A, Ala Indira Complex, No.2-7, Pillaiyar Koil Street, Nesapakkam, Chennai City Region, Chennai, தமிழ்நாடு	India
S3-688888076	Eway Advisors Infratech Private Ltd	1/453, Firozabad, उत्तर प्रदेश	India
S3-92362278	ఈస్ట్ ఆగ్రో ప్రైవేట్ లిమిటెడ్	K.v.rangareddy, TG, Rangareddy, H No. 11-243/14	India
S3-597566082	Walton Dynámic Catering Coastal LLC	Shinnston Citty, West Virginia, 26 Mudlick Road	US
S3-982202331	Heritage Society [Corporation]	4433 Don Pepe, Tucson, Arizona	US
S3-483762586	Silver Infotech	Sector 8, Kachchh, Plot No 10, ગુજરાત, Gandhidham	India
S3-959735414	Media (india) Ltd Pvt	A-38 U/g/f New Krishna Park, Vikas Puri, West Delhi, New Delhi, DL	India
S3-199973350	D0lley Strategic Bíomedical	1302 Faulkenberry Rd, Wilmnigton, North Carolina	US
S3-58847972	ಲಕ್ಷ್ಮಿ ಇನ್‌ಫ್ರಾಸ್ಟ್ರಕ್ಚರ್ ಪ್ರೈವೇಟ್ ಲಿಮಿಟೆಡ್	KA, Bangalore North, Flat No. B-2	India
S3-613784451	Dev (india) Pnote-Limited	Plot No-95, Jodhpur, RJ	India
S3-501612048	Sequoia,  Inc Services	3311 Parkway Court, Unit A, Greenville, North Carolina	US
S3-335172224	Loor L.L.C.	0047 Warren Ave, Unit 3, Boston, Massachusetts	US
S3-593253557	Beacon Software Consultants Partners	7N 121. Medinah Road, Medinah, Illinois	US
S3-541839002	Lumzeph D.B.A. #Zion Onfolio	17495 H, Lewistown, MO	US
S3-791098734	SF Próperty LLC	#221 Celia Avenue, Boulder Creek, California	US
S3-516776933	Adams, Leon & Moses	1951 Spinnaker Ct, Aurora, Illinois	US
S3-571531937	The West Harbor Southwest Inc	14136 Faulkner Court, Plainfield, Illinois	US
S3-299466903	LLC ROSA GREEN OPTICS	1 Madison St, Middleburg, Virginia	US
S3-913500691	RLS Solutions  Pbivte Limited	#19 Ganeswrpur Industrial Estate, Balasore Orissa, Orissa	India
S3-780395818	Irikor f/k/a Bogle Investments LLC	2209 Caronia Street, Unit D, Charlotte, NC	US
S3-85286041	kompassglobal.com	S P Ring Road Zundal, #00495 Shop 233 The Cbd, Gandhinagar, ગુજરાત, Gandhi Nagar	India
S3-912351493	Orthopedic Chare Associates [Co]	181 Amherst Cir, Oswego, Illinois	US
S3-470967888	Southern Balaji Private Limited Partners	303- Radha Krishna 10/1 Manoramaganj, Indore, MP	India
S3-510788470	Chiropractic Group	7811 Ardmore Ave, Parkvville, Maryland	US
S3-860606824	Digital Infranstrucne Private Limited	Mumbai, Gokul Building, 6Th Floor, 60 Ft Road, MH, 602, Mumbai Ii	India
S3-333113488	Vidales & Nichols	3802 303rd Ct, Auburn, Washington	US
S3-338151006	Royal Electronics Innovations ([LLC])	1328 Arrowhead Drive, Saint Louis, Missouri	US
S3-604993544	Royal Packaging Enterprises	00460 Intake Lane, Hendersno, North Carolina	US
S3-726245914	MIRANDA, KRISTIEN LEGACY RESTAURANT INC	Bergstrom Drive, Dallas, Texas	US
S3-95367158	Veravantage formerly: Mora's Frontier Specialists	4924 43rd Avenue, Unit APT A1, Anchorage, AK	US
S3-685129813	Falcon Services Private Limited Center	Block B-454 29/30, Dighe Nagar Chs, Fitwala Road, Elphistone Rly Stn (W), Mumbai City, Mumbai, MH	India
S3-156434768	ग्लोबल टेक्नोलॉजीज प्राइवेट लिमिटेड	South Delhi, Dlf Centre Mazzanine Floorsavitri Comm Complex G.k-11, दिल्ली, New Delhi	India
S3-600948825	Maisey  Holzhauer	Indiana, Anderson, 5612 Patterson Lane	US
S3-389786578	ZT Cómmerce LLC	4848 15nd Ave, Minneapolis, Minnesota	US
S3-210523099	अरिहंत इन्वेस्टमेंट्स	R-1, Second Floor, Backside, Gali No-07 Joga Bai Extn, Zakir Nagar, Jamia Nagar, Delhi, South Delhi, DL	India
S3-194410494	एपेक्स टेक प्राइवेट लिमिटेड	Cio Mantun S/o Late Bachapd, BR, Patna, Phulwari Sharif	India
S3-709750368	अल्फा वेंचर्स रेस्टोरेंट प्राइवेट लिमिटेड	C19/120-14, Varanasi, उत्तर प्रदेश	India
S3-77498314	Straight Edge 8istro  [Corp]	West Roxbury, Massachusetts, 60D Pheasant Street	US
S3-587787566	The Crissie Martinez Clearthink	Missouri, null, 1209 Vancouver Drive, Springfield	US
S3-804816546	Goley, Adams + Hammock	Puyallup, Washington, 010112 149nd St	US
S3-224494923	Womens Health Cáscade Center L.L.C.	1800 1/2 Dalhousie Court, Unit Apartment A1, Parkville, Maryland	US
S3-73882888	Sakya Group	130, Pataudi, Gurgaon, HR	India
S3-169137908	Morgan Advanced Bain L.L.C.	Courtesy Dr, Thomasville, North Carolina	US
S3-39781502	Ganpati Co  Center	H.no 546 Level 5, Pune, महाराष्ट्र	India
S3-128074554	Technovation Trading Preate Limited	Plot 371 A -203 Tulip Ivory, Gurgaon, हरियाणा	India
S3-11856261	Garcia Bright Biotech	22 Cleman Avenue, Yakima, Washington	US
S3-218326259	Blue Rgnamty Ventures Limited	Karnal, HR, Plot No. #26	India
S3-669140870	Eavestignerlife.Com	15 Philadelphia Street, Dayton, Ohio	US
S3-750701606	Anderson Floating	California, 866 30th Avenue, Pleasure Point	US
S3-695082707	P.C. BB Áirport	9 Spencer Ave, Cadnor CITY, New York	US
S3-184302399	harbor complete laboratories	121 Century Street, Sheppard Afb, Texas	US
S3-753093343	East	428, Mastermind1, I.T Park, Royal Palms, Aarey Colony, Goregaon East, Mumbai, Mumbai City, Maharashtra	India
S3-576180576	Ppg Pvt. Ltd. Service	Chennai, No. G-58 1, TN	India
S3-420429697	Software Amson Garments Private Limited	248- 261, Sadar Bazar, Gurgaon, HR	India
S3-324876809	Smt 5ky  Engineering Private Limited	H.no 62 Of Hanuman Socy Rupinagar, Tal Haveli Pune Bhosari, Haveli, Pune, MH	India
S3-86915556	Balaji Tech Private Límited	Hn 246 Kushalpura, Jaipur, Chanwaji, राजस्थान	India
S3-955509796	Reiser's	6998 Triplett Ridge Road, Clay, WV	US
S3-938626363	Pvt Vadodara Liability Ventures Ltd	Aditya Complex, B/h Arpan Complex, Nizampura, Office No ##306 A, GJ, Vadodara	India
S3-613814503	Nikita Farm Pvt Ltd.	Keralam, P.k.complex, Kozhikode	India
S3-769290472	Shaligram Technology Pvt Ltd	TG, Tirumalagiri, Plot No 5 And 10	India
S3-632353004	All Design  Technologies	230 1700, Salt Lake City, # 123, Utah	US
S3-465219070	Korquo a/k/a Bross Fresh Galaxy LLC	76 Parkway, Memphis, TN	US
S3-511828211	Smt Rana Chit	H No A-3 S/f, Jhilmil Colony, East Delhi, DL	India
S3-974126747	Celina's Foods [Classic]	136 Valleyview Dr, Bardstown, Kentucky	US
S3-703717036	M/s Surya Consulting Public Limited	No.47, Service Road Domlur Layout, Bengaluru, KA	India
S3-946742405	Natassia's Cleaning Service Inc	818B Sth 42, Town Of Liberty Grove, Wisconsin	US
S3-169591774	Heritage Medical  Enterprises L.L.C.	318 Scarlett Drive, Anderson, Indiana	US
S3-137090547	eos traders holdings private limited	Dda Shed Okhla Industrial Area Phase-i, H.no 271 B-121, DL, New Delhi	India
S3-504695304	Plumbers Lscool 350	515 Silver Lake Ave, Medical Lake, Washington	US
S3-663101017	Tium Municipal	146 Fairview Road, Louisa County, Virginia	US
S3-657527573	Sreebhumi Tech Enterprises Ltd	Canal Street, 3Rd Floor, Flat-3b, Sreebhumi, WB, 271, North 24 Parganas	India
S3-470212343	Hauk's Homecare Corp	277 Sattealee Hill Road, Almond, New York	US
S3-217244435	Mclean and Bateo Tree Holdings #58883	287 Glenmeade Dr, Maryland Heights, Missouri	US
S3-766919743	Jodhpur &-Sons Private Limited	C/o Bankarlal Badrilal, Nagra, Ratlam, MP	India
S3-516504423	Standard Safety	6201. Maushi Maa Sahi, Narayanpatna, OD	India
S3-509904021	आनंद इंफ्रा प्रा. लि.	No 702, Bldg. F, Swiss County, Survey No.37 Thergaon, Pune, Punawale, MH	India
S3-361224174	Wang Piedmont	37 Hill St, Center Point, West Virginia	US
S3-401362773	Blue Business Private		India
S3-896404476	#volkfirst	Tulsa, Oklahoma, 2610 29th Pl	US
S3-839534883	Wenona Gardner Eye Care Partners	6105 2, Two Habrors Township, Minnesota	US
S3-606917485	Beacon Supply	4157 Highlands Cir, Birmingham, Alabama	US
S3-151674270	Perfect Infra Private Ltd	4-1-971 To 974, Unit No.2-a, Iind Floor Block A, Triveni Complex, Palace Heights, Hyderabad, TG	India
S3-661642488	Saint Ministries Uptown	908 Mc Dermott Pond Creek Rd, Mc Dermott, Ohio	US
S3-402942394	Shree Softech  (India) Pvt Ltd	Flat 403, Thane, MH	India
S3-106148561	The Ardene Cairns Lincoln Partners | www.theardene.com	#1105 Rosewood St, City Of El Paso, Texas	US
S3-480040017	Seven Engineering Limited Service	Jiji House, Mumbai, Damodar Das Sukhadwala Marg, MH	India
S3-757621740	Private Bholanath Trading Ltd	C/o Aryan Dhakad, Sahrane Ke Paas Maniyar, Shivpuri, MP	India
S3-430529168	Quoonyx Clean Hghvíew Inc.	5320 Mccahill Road, Chattanooga, Tennessee	US
S3-299818067	Denim Trading Infratech Private  Limited	MH, ##25 Shri Krupa Apartment Katrap, Thane	India
S3-500803258	VE HIGHLAND WIRELESS LLC	117-119 Graves Ave, PMB 7679, Errlanger, Kentucky	US
S3-750792899	Trusted Heriage-Australian Central LLC	##15494 Founders Ln, Apple Valley, Minnesota	US
S3-710622639	Vijay Healhtce Limited	No 0011-10-268/6/A/1, Khammam, Andhra Pradesh, Shop Zone, Yellandu	India
S3-913132483	Applied Textile  International Ltd	#6233 Virk Lane, Citrus Heights, California	US
S3-60770004	ग्लोबल गोल्डन कंस्ट्रक्शंस प्राइवेट लिमिटेड	Plot 347 C - 72, Delhi, West Delhi, DL	India
S3-896803713	North  Constructions Private Ltd	Office No Bwa-9021, Bandra Suburban, MH	India
S3-975203617	Chiropractic Clinic Ltd	5318 Barton Vale Ct, Nashville, Tennessee	US
S3-983010097	Mohit Construction Construction Pvt	#656 First Floor, Chennai, TN	India
S3-492396473	Halcial Gss [L.L.C.]	520 Lsibon St, Carrollton, Ohio	US
S3-547477426	Paz C0mputing Llc	Sharon Lane, Dos Palos, California	US
S3-345577784	Urology-Health Ltd	Souderton, Pennsylvania, 686 Lower Rd	US
S3-870834106	Om Investments Private	Virudhunagar, TN, 175 Teppam North	India
S3-52905766	Fields Suisse Harbor LLC	2730 Twenty First Street, # Suite 310, Tulsa, Oklahoma	US
S3-418151077	Spencesoftware.Com	12 Hays Ave, Ada, Ohio	US
S3-989821180	Swastik International Limited Private	B-00101, Ridhi Sidhi Comple, M G Road, Borivali (East), Borivlai East, Mumbai, MH	India
S3-373138272	Madsen, Anita Esports Inc	1619 Kingen Dr, Greenfield, Indiana	US
S3-183943233	Somyaa Foundation (India) [Private-Limited]	Plot No B##13 (P), Epip Industrial Area, Raghopur, Vaishali, BR	India
S3-660024620	भारत कंस्ट्रक्शंस प्रा. लि.	Hn 156 302, Mumbai, Mumbai City, MH	India
S3-6109675	The Blue Pony Center		US
S3-681225217	Pbrttnvte Producer Yas Hóspitality Limited	M - 401, Marvel Fria Nagar Road Wagholi, Pune, महाराष्ट्र	India
S3-374081180	Melur Engineering Pvt	Door No 31, Domlur Layout, Bangalore, ಕರ್ನಾಟಕ	India
S3-716759999	Velex Gde LLC	774 Central Stret, Holliston, Massachusetts	US
S3-993180444	Badynor LLC	8700 University Drive, Arizona, Mesa	US
S3-832813727	Reed L.L.C. Partners	Lousiville, Kentucky, 1937 South 30th St	US
S3-172209815	Teampack Time Limited Center	A-1/4/2, Parth Indraprasth Tower, Nr Sarkari Vasahat Vastrapur, Ahmedabad, GJ	India
S3-234829632	Pvt. PRF Olinne Ltd.	Kh No 0176/2 S/f B/s Neb Sarai, New Delhi, South Delhi, DL	India
S3-237227119	Dental Care Associates [LLC]	Raeford, 80 Union Street, North Carolina	US
S3-260885589	Nephew Nephew Genesis Center	10720 Meadow Grove Court, Manassas, Virginia	US
S3-338705150	గ్లోబల్ ఇంజనీరింగ్ ప్రైవేట్ లిమిటెడ్	No -98/7/23, Plot No 6 & 7, Dwaraka One Vittalrao Nagar, Madhapur, Hyderabad, Rangareddy, Andhra Pradesh	India
S3-188764694	Orthopedic Gulf Partners [LLC]	1371 Crossland Avenue, Tennessee, Claksville	US
S3-394536657	Saldierna Harbor Pan	1786 Cincinnati Rd, Center, Missouri	US
S3-715799510	941mádis0ndrive.com	Maine, 31 Cornell Street, South Portland	US
S3-711252024	Metropolitan Charities II Corp	218 Sandra Road, Wilmington, Delaware	US
S3-62048899	Technologies Malanadu Farmers	Flat No.b1503towrb5godrej, Haveli, Pune, MH	India
S3-458262370	Delaine Choice  Quartzsea	Arizona, 2041 Supancheck Road, Show Low	US
S3-633158653	JAI Academy LLP	Unit 7B, 7Th Floor, 41 Shibtolla Street, Posta, Kolkata, Howrah, WB	India
S3-414520032	Sissy'S Supreme Wireless Inc.	# C113, 2605 Water Ridge Parkway, North Carolina, Charlotte	US
S3-191186464	Ciralyra née Elite Galaxyedge Corporation	379 Castlewood Lane, NC, Sylva	US
S3-576141511	urologyassociates.com	2760 24th Road, Worden, Montana	US
S3-723991522	Gonzales Globa	935 Moneta Avenue, Aurora, Ohio	US
S3-193154350	Straight EDGE AUTO BODY	515 Montgomery Ave, Unit Unit A, N. Wales, Pennsylvania	US
S3-892983076	Star Choice Ford	6- Soundview Rd, Glen Cove, New York	US
S3-907948230	சூப்பர் எக்ஸ்போர்ட்ஸ்	332-17, Salem Main Road, Tiruchengodu, Namakkal, TN	India
S3-905157191	Cascade Guild IV-LLC - 5394303203	48- Austin Street, Norwood, Massachusetts	US
S3-600392906	Muskaan Services Límited	পশ্চিমবঙ্গ, South 24 Parganas, Kolkata, P-203/b Block Lake Town	India
S3-479488494	Miss Construction Ltd	B-#102 Indira Vihar Underairoad Opp B T Compound Malad, Mumbai, MH	India
S3-497635031	Manz, Hobbs and Cmmare LLC	51 Ramblewood Terrace, Edmond, Oklahoma	US
S3-410505789	ಹರಿ ಇನ್ವೆಸ್ಟ್‌ಮೆಂಟ್ಸ್ ಪ್ರೈವೇಟ್ ಲಿಮಿಟೆಡ್	Plot 99 Vaishnavi Signature78/22, Outer Ring Road, Varthur Hobli, Bangalore, Bangalore South, KA	India
S3-876816930	Urology Ltd Center	Ohio, 175-177 Harris Avenue, Columbus	US
S3-872624603	Smt Manair Technobuild [Private]	House No-8-6 3Rd Floor, Model Town Noth Ex, Delhi, North West Delhi, DL	India
S3-769197229	Baba All Builders	#55, Dadri, Gautam Buddha Nagar, UP	India
S3-372769834	Sawant Designers Private Limited	La Regencia, हरियाणा, Flat No. A-102, Panipat	India
S3-410745716	Henderson, Ctsmee, DMD, DDS PC	N/A, Jamestown, 636 6th Street, New York	US
S3-135476579	>> Yellow Hr Private  Limited	54-A Andheri Kurla Roadandheri East, Mumbai, MH	India
S3-404472646	जय सॉल्यूशंस इंडस्ट्रीज प्रा. लि.	No 78 C/o Mukul Kumar Singh, Panch-mohammadpur Subey, Vill-bagahi, Block-marwan, Muzaffarpur, BR	India
S3-79279747	WQ Montage PC	Chicago, 670 Wayman Street, Bldg BLDG 2, Illinois	US
S3-240716193	Premier Coo Technologies LLC	1  Willow Lane, New York, Akron	US
S3-460434158	Bangalore Marketing Limited Services	156, 1St Floor, Malahalkshmipura, Near Mahalakshmipuram Police Station, Bangalore, KA	India
S3-783292436	Sky All Logistics Pvt Ltd	B1105, Bangalore South, Bangalore, KA	India
S3-158094907	Cyber &  Bmdtesr Private Limited	No 3-28 C/o Wakil Ji Sharma, Siwan, BR	India
S3-383776336	Gildbrixcira a/k/a Ashley Iii	14510 Union Avenue, Unit #3, Lakewood, WA	US
S3-624697545	रॉयल इंजीनियरिंग एलएलपी	H.no 451 Level - 2, New Delhi, DL	India
S3-6591758	Newton, Shin and Castillo Llc	3770 Clinton Street, Buffalo, New York	US
S3-999496150	Sunrise  India	Hno-3/4 Gf Gali-17c, Newdelhi, New Delhi, DL	India
S3-862338740	लक्ष्मी क्लासिक फाउंडेशन हार्डवेयर	88 C/o Sunaina Devi, Giant Buddha Road, Bodhgaya, Gaya, बिहार	India
S3-762773424	LLC Vanguard Unified Fidelity	001939 Augustine St, Covington Ky, Kentucky	US
S3-932332413	Digital [Mortgage]	2120-A 59th Street, NULL, Des Moines, Iowa	US
S3-433497811	best salon inc	47 Hudak Lane, Robinson Township, Pennsylvania	US
S3-581043212	Payton Ármada Inc.	13402 Mariposa Rd, Victorville, California	US
S3-578502027	Tech  Suvidha Techn0logy Private Limited	PB, Parkash Colony Barewal, 29, Civil Lines	India
S3-627273950	Hall, Aarika, P.A., [P.C.]	344 1st Street, Gadsden, Alabama	US
S3-361691738	मां एंटरप्राइजेज प्राइवेट लिमिटेड	South Delhi, B-404 C R Park, South East Delhi, DL	India
S3-942170158	Balaji Power Priate Limited	Flat No:802, Hyderabad, TG	India
S3-443786129	custom nutrition cóllective	New Mexico, 3580 Broadway Boulevard, Albuquerque	US
S3-127780535	Mohanlal & Private Limited Services	H/o Sri Shashi Prakash Alok, Navratanpur Postal Park, Dc, Karbigahiya, Patna, BR	India
S3-803702546	private modern technology limited	425 1212/6, Gurudwara Road, Near By Gurudwara, Gurgaon, HR	India
S3-672496136	The Bay Pioneer Developments	23 Victor Street, Haverhill, Massachusetts	US
S3-181462374	Shoreline Private Limited Partners	Bangalore, No 128 'House Of White', No. 75, 1St Floor, Hosur Road, Koramangala Industrial Area, 5Thblock, K, Oramangala, ಕರ್ನಾಟಕ, Bangalore	India
S3-531978429	Shri Icube Hboreltzon LLP		India
S3-207651173	Inc Trusted Mmst Valley	142 68th Place, Birmingham, Alabama	US
S3-500335288	Conner (Strategic)	3954 Katmai St, Maryland, White Plains	US
S3-885122530	HBCW Garments Private	0030, Saint Andrews Church, Complex, Shastri Chowk Townhall, Gorakhpur, UP	India
S3-461269482	vidalesnichols.com	3802 303rd Court, Auburn, Washington	US
S3-408555851	Gold Products [Limited]	M-4/32 Model Town-iii, New Delhi, North Delhi, DL	India
S3-230521027	Harsha Development LLC  Partners		US
S3-962839251	E & L Gorose PC	Hope Mills, North Carolina, 3925 1/2 Heidelberg Dr	US
S3-685863594	Dental American	223 Oak Ter, Lansdale, Pennsylvania	US
S3-33963904	Bright Cftfte	#1768 Seaton Ct, Aurora, Illinois	US
S3-769340752	Orthopedic LLC	Epes Street, # 103, Blackstone Town, Virginia	US
S3-608580236	International Ground Corporate Pvt. Limited	Blcok F-84 S.no. G57/g58, Venkatraman Arcade, Bhavanti Street, Mangalore, Dakshina Kannada, ಕರ್ನಾಟಕ	India
S3-956232615	ZCN Etailing Ltd	Room No G-105, Bombay, MH	India
S3-98162235	Jillson Family  Office (LLC)	255 72 Street, Brooklyn, New York	US
S3-309840169	Mr Mahavir Health Prívate Limited	N 63 Maya Indraprastha 70 Kanakpura Road, Bengaluru, Bangalore, ಕರ್ನಾಟಕ	India
S3-850337832	# 4 TH  Sherling	1402 Lwis Avenue, Des Moines, Iowa	US
S3-475279474	(Partners) Unique Limited	Garhi Harsaru, Khewat No. 348 390, Gurgaon, Mustil No.-21, Nearby Shri Shyam Vatika, Kankrola, HR	India
S3-450503965	Urology Group Holdings Service	128-B Wild Acres Ln, Salem, South Carolina	US
S3-196233562	Super Construction Private	#3-47/2, Chennai, TN	India
S3-333615469	ಸೌತ್ ಬ್ರೈಟ್ ಫುಡ್ಸ್ ಪ್ರೈವೇಟ್ ಲಿಮಿಟೆಡ್	#1986, 14Th A Cross, Sectore-1st, Hsr Layout, Bangalore South, Bangalore, KA	India
S3-474119884	International Estate Private  Ltd	Gala No. 12 Devidayal, Kalyan, Thane, MH	India
S3-400723525	gangika farmers private limited		India
S3-476847136	Invicta (India) Patient Private Ltd	4, Jehan Plaza, Nashik, New Gangapur Naka, MH	India
S3-596887558	Shivam Breimihght Impex Private Limited	No 809 330, Parganas North, WB	India
S3-36935994	Margel & Co	H.no A-491 5-4-83, Hyderabad, Second Floor, Tsk Chambers M.g. Road, Opp. Ranigunj Bus Depot, Secu, Nderabad, Hyderabad, Andhra Pradesh	India
S3-250501477	regional aerospace technologies	107 Eagle Ridge Drive, Floresville, Texas	US
S3-379495863	imojeansallservices.com	818 Jackson Street, Palestine, Texas	US
S3-905060032	Chiropractic Certified Prners Partners	2223 O Conner Ranch Way, Conroe, Texas	US
S3-855734594	Cornerstone Fást L.L.C.	7139 Belmont Drive, Trinity, North Carolina	US
S3-871660467	Red LLC Pub	5732 Hidcote Dr, Lincoln, Nebraska	US
S3-200064038	Bangalore North Finstock (Limited)	C/o B.s. Manjunath, Mahadeshwara Nagar, Bangalore, Bangalore North, KA	India
S3-878873060	Electronic Freight Solutions (LLC)	2808 Royerton Rd, Muncie, Indiana	US
S3-244407822	American  Cetl	15001 Howards Mill Road, Mulino, Oregon	US
S3-499436826	Indrraj Trading	Shop No. 218, Jamnagar, GJ	India
S3-853930535	Dynamic Great Ltd Pvt Exports		India
S3-685504436	M/s Aggarwal Private Manufacturers Manufacturers Limited	Plt 7-58 29, Gidc-2 Dediyasan Ta & Dist-mehsana, Mehsana, Mahesana, GJ	India
S3-719445262	G & E Pornce Ínc.	00113 Santa Fe Trail, Jacksonville, Arkansas	US
S3-230028062	Jaxbelo One dba Ridge Entergy, L.L.C.	3031 Rural Road, Unit 41, Tempe, AZ	US
S3-76193304	Spicy Trust Memorial Pártners	North Delhi, New Delhi, DL, Ii Nd Floor, Sector-11, Rohini, B-5/126	India
S3-817994088	Samarpan Engineering (India) Private	#33 Shafee Mohammed Road Greams Road Post, Chennai, TN	India
S3-784466371	Valley Plsu  LLC	1885 Wesbtreeze Dr, Oshkosh, Wisconsin	US
S3-732142636	AW LLC  Center	1013 Montreat Road, Black Mountain, North Carolina	US
S3-754043809	Smt Overgrow Consultants Ventures Limited	D A-156 Omicron 12A, Noida, Gautam Buddha Nagar, UP	India
S3-586179545	8hive Foundation	66, WB, Howrah, Kolkata	India
S3-17809944	Inc Urology Associates	5234c Madison 4448, NULL, Combs, Arkansas	US
S3-609294075	brothers & tirath associates	A-#10, Jalalpore, Navsari, GJ	India
S3-761303907	American Métro Blockchain L.L.C.	#3150 Glen Oaks Ave, Unit Unit 209, White Bear Lake, Minnesota	US
S3-37588737	Blose Williams & Range Inc	10508- Norman Ave, Fairfax City, Virginia	US
S3-418288204	Dr Go International School	No 968 Plot 3B3, Chinchwad, Pune, MH	India
S3-968703003	ਆਦਿਤਿਆ ਬਿਜ਼ਨਸ ਮੈਡੀਕਲਜ਼ ਪ੍ਰਾਈਵੇਟ ਲਿਮਟਿਡ	No. 456 C66, S.a.s.nagar (Mohali), Rupnagar, PB	India
S3-977268137	Better  Medical Works LLC	1150 Clarizz Boulevard, Unit APT 110, Bloomington, Indiana	US
S3-136232631	Swagath Processors Ltd	C-57 Saheednagar Bhubaneswar, Bhubaneswar-7, Puri, ଓଡ଼ିଶା	India
S3-457516895	Solar Devanth Private Limited	301, Ahmedabad, GJ	India
S3-802423857	Evans Prime Renewable Pgarters	1826 Fall Meadow Dr, Missouri City Township, Texas	US
S3-77153390	Schuster, Brantley Flores Holdings Services	7709-7711 Arrowhead Towne Center, Unit 1105, Glendale, Arizona	US
S3-926460268	S0nnie Fitzgerald, D.O. LLC	2394 Wavelyn Circle, Martinsville, Indiana	US
S3-103331717	Chiropractic Center	242 Godfreys Ln, Hertford, North Carolina	US
S3-264259224	Custom Tlem Labs, LLC		US
S3-312437685	Viix Gésher LLC	4317. 28th Pl, Maryland, Unit 1, Mount Rainier	US
S3-406447326	Kolkata Weaves	76 Sadar -Ud-Din Lanemunshi Chatta 1St Floor, Calcutta, WB	India
S3-536302798	Veokordrex DBA: Metro Logistics	191 Camp Avenue, Newington, CT	US
S3-6590826	New Life Minisgries	Grippen Avenue, N/A, Enddicott, New York	US
S3-152859228	Joyce Preferred Apple [PC]	82 Mrrill St, Rochester, New York	US
S3-247338194	PR Consultancy Private Ltd	B 301, Hyderabad, Andhra Pradesh	India
S3-380127054	Triratna	Bahadurgarh, Haryana, Jhajjar, H.No.-1845 Sector-6	India
S3-904931231	Kolkata Kolkata Hisptiry LLP	414 11, Kolkata, Howrah, WB	India
S3-555347217	Animal Welfare LLC Services	158 Bradely Branch Rd, Asheville, North Carolina	US
S3-924611187	Kacey Piercy Desert	220 12th St, Hamilton, Ohio	US
S3-12964700	Span Media	Door No 277 D- 298, DL, Basement Defence Colony, New Delhi	India
S3-433078940	Gabel Colonial Treasury	Payson, 2312 Scarlet Bugler Circle, Arizona	US
S3-522588809	Vantagerizaumbra	308B Lake View Boulevard, null, Winston-Salem, North Carolina	US
S3-38773045	Center Reasor Superior LLC	15 Starr Rd, New York, Schaghticoke	US
S3-569309125	Ss Aditya Global Private	No.##27, Madurai, TN	India
S3-562473151	Morgan's Care Pet East	#2768 Highgate Dr, Taylorsville, Utah	US
S3-471490543	digital packaging international, inc	32841 6, Cape Vincent, New York	US
S3-374091865	LLC Evans Safe Precious Downtown	440 Harrison Ave, Wausaukee CDP, Wisconsin	US
S3-125923048	यूनिक कंस्ट्रक्शन प्राइवेट लिमिटेड	503, Mumbai, MH	India
S3-19588732	liberty holdings	Broadview Ave, # 104, Columbus, Ohio	US
S3-831325015	Total Laboratories Environmental LLC	3019 Palmate Way, Sacramento, California	US
S3-26418286	Shree Traders Private	G-442 Karni Industrial Area, Bikanre, Bikaner, राजस्थान	India
S3-408868067	Noelyn Smart Wholesale  LLC	Bratton Lane, Austin, Texas	US
S3-349504758	Corp UX Special	1617- Hiawatha Dr, Virginia Beach City, Virginia	US
S3-262907381	Vision Products Public Limited	2-3-474/41/11/7/B, Akash Nagar, Boduppalap, Hyderabad, TG	India
S3-714005832	Eage Ai (Ajmer)		India
S3-584872965	Zpehymgr Net	Illinois, Elm Ave, Brookfield	US
S3-275903409	Milesinvestcom	Round Top, 5449 237, Texas, PO Box 481	US
S3-376016349	-- Evoaria	487 Locust St, Danvers, Massachusetts	US
S3-893005957	Complete	Heath, 1174 Hebron Road, OH	US
S3-249789920	Rhr Éngineering Limited	16Rd Floor Raut Industrial Estate Mogal Lane Maihm, Mumbai, महाराष्ट्र	India
S3-121586918	Empire Cahhiitcs, Inc	Oklahoma, Durant, 3318 1st Ave	US
S3-242679649	Rizazeta D.B.A. Yash For Pvt Ltd	Type Bs 72, Siddhivinayak Vihar, Handewadi Rd, Pune City, Pune, Maharashtra	India
S3-416046132	Federal Global-LLC	22 Jackson Street, Vernon, Indiana	US
S3-919997293	Big Service Cleaning	4602 Janet Ct, Rio Rancho, New Mexico	US
S3-943423689	Gerber Excavation Inc	7454 Willis Ave, Fort Worth, Texas	US
S3-598911579	BETH CHAPEL INC.	64 Sanchez Rd, Ribera, New Mexico	US
S3-56556978	Mcgaughy, Else Coastal Managed LLC	515 Tom Mann Rd, # 105, Newport, North Carolina	US
S3-871909385	Yogiraj Vidyalaya		India
S3-256202694	Frontier  Association Downtown	1126 Lakeview Pl, PMB 2040, Roanoke County, Virginia	US
S3-257834605	Mr Creative  Welfare Society	No.d/12 Mahalakshmi Garden Last Street 15-Velampalayam, Tirupur, Coimbatore, TN	India
S3-409803461	Lnterstate Rate L.L.C.	002511 Birch Dr, Round Lake, Illinois	US
S3-255726763	Heritage Society Llc	139 Fort Graham Rd, Whtiney, Texas	US
S3-382474657	Tommie Reider Twin Inc	4005 Holly Lane, Kansas, Topeka	US
S3-107197625	Tavokeloriza	Ff-430 Pearl Plaza, Nr Sandipni School, Ahmadabad City, Ahmedabad, Gujarat	India
S3-583018366	Vedyne Valley Center	1221 Onyx St, Crystal Lake, Illinois	US
S3-2261853	Westlake Yóuth Initiative	##29210 Schwartz Rd, Westlake ITY, Ohio	US
S3-902950455	Cathrine H. Rfsetain,o D.C. Holdings	Irving, #1384 Minnow Road, Texas	US
S3-971948820	Nylajaxiri formerly: Choice Biomedical Group	7227 Englehardt Drive, Raleigh, NC	US
S3-333203035	Gold Foundation Enterprises Private Limited	Flno A/603 Mont Vert Biarr Itz Ii, Haveli, Pune, महाराष्ट्र	India
S3-662987550	delhi communications pvt. ltd.	H.no 650 First Floor Phatak Dupty Sultan Churiwalan, Delhi, Central Delhi, DL	India
S3-260180299	Synariajax trading as Boley Resources, LLC	Dallas, 1328 Haymarket Road, TX	US
S3-149250588	यूनिवर्सल रियल मार्केटिंग प्राइवेट लिमिटेड	10 Maher Manzil, Thane, MH	India
S3-96660884	Jilly Herrera	319 Coleman St, Lewisburg, Tennessee	US
S3-658731440	leonore reyes rapid pampa	926 Livenshire Drive, Dallas, Texas	US
S3-870160908	Johnson Smart  of - 2728531019	11200 Tidewater Ln, Raleigh, North Carolina	US
S3-154144630	Wexecto	70 Barney Lane, Springfield, Massachusetts	US
S3-804689469	Red Systems Private		India
S3-439104549	शक्ति Infrastructure	#5 Niti Apartmentss No 84/2/7 Baner Road, Pune, MH	India
S3-469916613	avenuepark330.com	2150 San Luis Pass Road, Galveston, Texas	US
S3-976238022	Health  Fund	##1475 Green Acres Rd, # Space 159, Euegne, Oregon	US
S3-981746843	Mr himalaya public school	Door No 202, Bengaluru, Bangalore, KA	India
S3-53997183	C D-& M Skin Care	85 Park Avenue, # 7, Worcester, Massachusetts	US
S3-518913622	Fields DiodE DPM	462 Lee Avenue, Harrsionburg CITY, Virginia	US
S3-817026958	Halcos Cópley PLLC	Francis Lewis Blvd, Rsoedale, New York	US
S3-121092243	UPTOWN MASSAGE GROUP	6318 Spring Tide Court, Katy, Texas	US
S3-825836109	Lopez Lifeco LLC	55 Wall Street, Unit Apartment 1, Valhalla, New York	US
S3-524552567	Green Elite Tidewater Co	2031 11th Ave, Maywood, Illinois	US
S3-509457911	Vinci, Wagoner and	926 Water Oak Court, Knoxville, Tennessee	US
S3-12326674	Sai Solutions Corp	180/80-84, Trilok Puri, Delhi, DL	India
S3-738041960	Summit Charter School Ltd	5213 Cunningham Dr, Pearland, Texas	US
S3-283012664	টেক শক্তি এক্সপোর্টস প্রাইভেট লিমিটেড	21/2, Ballygunge Place Ballygunge, Garihat, Howrah, Kolkata, পশ্চিমবঙ্গ	India
S3-956188144	Metropolitan Capital Tankers	# 115, 14 Bloomingdale St, Chelsea, Massachusetts	US
S3-714153149	South  Services #68107	8103-A Bruce St, Charlotte, North Carolina	US
S3-81276242	Capital Foundation	8420 1/2 Wendell Drive, Fairfax County, Virginia	US
S3-877695330	Private Madhusudan (India) Teleservices Infratech (Limited)	WB, Kolkata, Room No. 621	India
S3-158692643	Albrecht's Logistics	415 Pool View Dr, Maiden, North Carolina	US
S3-103393475	Trafloa Worldwide Ltd	California, Victorville, 10409 War Eagle Street	US
S3-795383487	Keystone India Company	501 Imperial Heights, Nr Kalali Railway Crossing Akshar Chawk, Old Padra Road, Vadodara, GJ	India
S3-766019469	Dental Medicine  Inc	021276 140th Ave, Minnesota, Ulen	US
S3-698921924	vidales & nichols	3802 303rd Coutr, Auburn, Washington	US
S3-192725946	DELHI COMMUNICATIONS PVT. LTD. - 9979997195	Delhi, Central Delhi, 650 First Floor Phatak Dupty Sultan Churiwalan, DL	India
S3-169344040	Dexterous Suppliers Pvt. Limited	2/429-C, C.p. Garden Murugampalayam, Iduvampalayam, Tirupur, Coimbatore, தமிழ்நாடு	India
S3-957300057	Gróup Chemical Anchor	2 South St, Unit Apartment 3, Beacon CDP, New York	US
S3-366300702	Gildquo doing business as Wheeler's Therapy	180 Wallace Road, Unit 4, Nashville, TN	US
S3-354448880	Modern Law Group	225 Barnbridge Road, Floor 0, ST Louis, Missouri	US
S3-50214043	Services Flower-Fund Care	House No.3167, Sector C, Pocket 3, Vasant Kunj, South Delhi, DL	India
S3-879654926	Acevedo Fresh  Truist	103 Avery Hill Road, Ledyard, Connecticut	US
S3-315828861	Kestex Cleaning Service	00211 Keswick Pl, Smithfield Town, Virginia	US
S3-64510839	Naia Enmlfbire Angel Inc	1409 Cunningham Ct, Louisville, Kentucky	US
S3-380297749	Y 9 Diamond Próducts	800 Old Johnston Valley Road, Kingston, Tennessee	US
S3-678028691	Foot &-Ankle Peak Center Holdings	West Virginia, 786 Pike Street, Clarksburg	US
S3-114759156	Premier Heartland Rithm	105 Church St, Columbus Grove, Ohio	US
S3-304749447	Corp Integrated Mcedaf Cóncepts	390 Skyland Drive, Kingsport, Tennessee	US
S3-996103435	Smt Pioneer Healthcare	Plot C-571 5, Panchsheel Park, Near M4u.f.f.sbd Gzb, Ghaziabad, उत्तर प्रदेश	India
S3-576770338	Ectocira	Pune City, Sanjivani Apartment, Prabhat Road, Erandwane, F394, Maharashtra, Pune	India
S3-892138161	Innovative Riverside Corp Center	533 Rushing Drive, Herrin, Illinois	US
S3-50413176	Products Kay Enterprise Private	B-506, Paradise Raheja Vihar, Chandivali Farm Road, Near Chandivali Studio, Mumbai, MH	India
S3-794138835	Mr Red It	Bangalore, Door No 40 A, KA, Bangalore	India
S3-350085876	Straight Edge Diner  Corp	4784 Kimball St, PMB 4748, City Of Green Bay, Wisconsin	US
S3-695288670	Kurukshetra Bkfds Limited	No. 689 Nil, 100 Foota K.d.b. Road Mandi Gate No. 2, Kurukshetra, हरियाणा	India
S3-272930521	Nagiya Krishna Pvt  Limited	22/265 Talkus Building, Paravur, Ernakulam, Keralam	India
S3-184870962	Maldonado Inc Center Center	7352 Morningside Dr, Kingman, Arizona	US
S3-93203579	kritrajimpex.com	1/1, Bengaluru, Bangalore, KA	India
S3-687738424	Birch LLC	5414- Daffodil Avenue, PMB 5676, Mountain Iron, Minnesota	US
S3-628358979	लक्ष्मी फाउंडेशन प्राइवेट लिमिटेड	H.no 4B/12 1St Floor Tilak Nagar, Divreportingcircle, West Delhi, DL	India
S3-44390347	Myra-Mcdermott Highland Lnnovations PC	249 River St, Unit 522, Mattapan, Massachusetts	US
S3-970309014	Pacific Preferred Corp	213 Adams Avenue, Eveleeth, Minnesota	US
S3-46043796	Sequoia, LLC	Virginia, 456 Lineberry Rd, Virginia Beach City	US
S3-653857633	Garcia Edp L.L.C.	1144 Sabine Avenue, PMB 3054, Port Arthur, Texas	US
S3-907926023	ഹരി മൈ ഇന്റർനാഷണൽ എൽഎൽപി	Keralam, Peerumade, Door No: 2-663	India
S3-295912149	Interfaith Better ([Project])	755 Sharon Rd, New York, Babylon	US
S3-595121540	>> Ywpcrystalfinancial.Com	Oakview Creek Ln, Houston, Texas	US
S3-956978963	Scholarship  Project IV LP	706 Marlette Drive, Pennsylvania, Duncansville DCP	US
S3-965010941	balajipioneerconsultancy.com	F 802, K.v.rangareddy, TG	India
S3-225128055	Mountain  Society Corp	06490 19th Street, # #D, Tacoma CTY, Washington	US
S3-695919514	Pinnacle Advanced Financial Inc.	16 Captain Leach Drive, Mandan, North Dakota	US
S3-393585694	[Co] American Guild	112 Porter Avenue, Unit Suite 246, Buffalo, New York	US
S3-431919812	Eye Blúe Medicine LLC	##406 South 4nd Street, Shelbyville, Illinois	US
S3-793159452	Pioneer Shivam Investments Private [Limited]	Erumakattukudy Kanjirakad, Perumbavoor, Ernakulam, Keralam	India
S3-945984551	Aura  Plantation (India)	Hn #560 C/o Vikas Dugarwal Next To Dream Computrs Nanak Tower Sevoke Road, Siliguri, Darjeeling, WB	India
S3-938073414	Shri Today Advisory Ventures Pvt Ltd	MH, Nashik, G No. 336	India
S3-669600537	BEHAVIORAL HEALTH PHYSICIANS CARE	3-B Montrose St, Unit 2, Worcester, Massachusetts	US
S3-509191648	TENET RATE INC	26604 Sonesta Dr, Daphne, Alabama	US
S3-592296764	Private New Dehil Damodar Limited	301, New Delhi, DL	India
S3-624561519	PARTNERS AEON GLYPHENT	1058- Stillwater Road, Elgin, Illinois	US
S3-343158995	Painters Lmcll Union 375 Inc	156 Audubon Boulevard, Island Park, New York	US
S3-542584933	Center Shelton LLC	910. Haley Street, Athens, Tennessee	US
S3-811035959	Gomez,  Ingunna, L.C.S.W.	0012650 Pleasant Avenue, Unit Unit 320, Burnsville, Minnesota	US
S3-562339442	Aryan + Associatse Industries	Shed No.12, Pune, MH	India
S3-105673280	Lower Integrated-Limited	2607 Grapetree Dr, Spokane, Washington	US
S3-233408152	Gip Cool Pricchate Limited	1236/164, N/A, Mysore, H D Kote, KA	India
S3-128064051	Tejaksh Design Partners Company	Flat 07 Kamal Appt. D214 Bhasker Marg, Jaipur, RJ	India
S3-152628164	perfectit.com	Block A-773 B-282, S/f Na, Near Mother Dairy, South West Delhi, DL	India
S3-768889636	Surgical Clinic of  Mills Corp	4951 Lafyette Street, Casper, Wyoming	US
S3-161811747	Llc American Choice Oneim	15 T Pl, Monterey, Tennessee	US
S3-484965868	Lowe, Mccue & Cortes [Inc] Healthy	New York, Unit Apartment 223, 49 Clayton Blvd, Yorktown Heights	US
S3-263666393	तिरुपति इन्वेस्टमेंट प्राइवेट लिमिटेड	Flat No. 102, Sai Krupa, S . No. 77/2, Near Anandi Garden Solapur Road, Manjari, Pune, MH	India
S3-220857827	Reynolds Dental  Associates	816 17th Ave, Bldg. TRLR 23, Bozeman, Montana	US
S3-712667029	Franconia Society Human Rights Metro Township	0014 Chatham Court, Franconia Township, <NULL>, Pennsylvania	US
S3-766314654	Golden Agro-Private	703, Gurgaon, Industrial Estate, HR	India
S3-272395505	Wooten Continental Enterprises  Inc	469 Miracle Rider Rd, Prescott, Arizona	US
S3-768135027	Shree Structure Private	509B Gomathi Nagar Madurai Road, Tirunelvali, Tirunelveli, TN	India
S3-509552315	Naum Corp	9302- Springhill Dr, Collegedale, Tennessee	US
S3-407524730	CEI Offset Pvt Ltd.	Raaj Bazar, Opposite Petrol Pump Baily Road, Divreportingcircle, Patna, BR	India
S3-772825708	Rios Productions	3 1/2 Fair St, Oneonta, New York	US
S3-15626749	ଫାର୍ଷ୍ଟ୍ କନସଲଟାନ୍ସି ପ୍ରାଇଭେଟ୍ ଲିମିଟେଡ୍	#3056, House Name; Murali Bhawan, At/po;mohanty Patna, Mangalpur, Jajpur, OD	India
S3-863685005	Pentagon Institute Of Technology	206, Rohini, North West, दिल्ली	India
S3-700958179	Lans Conductors  Private Limited	Plot 884 C/o Sangameshwar Motiram Patil Mukhed Mukhed Tq. Mukhed Mukhed, Nanded, MH	India
S3-459979795	Timm Group A1tisource	3138 Stone Edge Dr, City Of El Paso, Texas	US
S3-774264294	New Delhi Corp Services	G - 53 Sarita Vihar, NULL, New Delhi, North Delhi, DL	India
S3-748252151	हरि Construction एलएलपी	East Delhi, New Delhi, DL, B-b3/294	India
S3-100529839	ohtaylor.com	2115 Fifteenth St, Minot, North Dakota	US
S3-24490949	Sterling Deutsche	Wildwood Park Ln, Mcewen, Tennessee	US
S3-893186371	6illiam Quantum Ltd	924 8nd Street, Rock Island, Illinois	US
S3-220209309	Trusted Innovations Service	Indiana, 35 Edmondson Avenue, Indianapolis	US
S3-673367226	Fluxnyladelta D.B.A. Bellerose Dental Associates	208 Rhubarb Street, Pacific, WA	US
S3-28688511	Sheba Pesticides	2/395-21, Kannappan Nagar, Kattiganpalli, Krishnagiri, Krishnagiri, Dharmapuri, தமிழ்நாடு	India
S3-536607843	Potens Book Corp		India
S3-525365114	Star Services (ID: 55899)	C-9 Maharani Bagh, Delhi, South East Delhi, DL	India
S3-640000439	Ppm & Co Care Company	119, Howrah, WB	India
S3-399516596	Frontline Finance Private	Masjid Tower, Opp. Jolly Hotel Building No. Ap 6/729-C, D, Main Road, Ar, Eekode, Calicut, Kozhikode, KL	India
S3-87343786	LE COlNSHARES	Minnesota, Golden Valley, 2422 Mendelssohn Ln	US
S3-262986755	floris's vanguard plumbing inc	610 1/2 Warsaw, Hitchcock, Texas	US
S3-780493868	Tech Uisnb Tech Private Limited	House No. 38/4 Landmark Pragati Apartments, Pitampura, New Delhi, DL	India
S3-132117910	Orbicira	#7/500 & 501 Paravath Building Kottakkal Road Padapparamba, Padapparamba, Malappuram, Malapuram, KL	India
S3-913986704	gésoftnano.com	01641 Virginia Rd, Edenton, North Carolina	US
S3-51165517	Radish Welfare Society Co	Room No-1 Mishra Niwas Mukund Main Gate Ishwar Na Thane Navi Mumbai (M.Corp), Thane, MH	India
S3-649197742	Castillo Certified Spark Llc	12203 Blaketon St, Upper Marlboro, Maryland	US
S3-230764897	U 7 Inovatve 5urgical PLLC	6375 Us Route 36, Long Creek, Illinois	US
S3-977567780	Silver (Bsi) Foods Pvt. Ltd.	1833, Block J, South Delhi, Cr Park Market One, DL	India
S3-531792619	frontierpatriotmolecular.com	240 Cedar Ln, Knoxivlle CITY, Arkansas	US
S3-239665893	Montoya, Stake & Douglass Partners	3021 Savia Drive, Tucson CDP, Arizona	US
S3-297140358	The Gavue Metro Talon Southside PC	# UNIT M1, Victorville, 15411 La Paz Dr, California	US
S3-647635673	Nexonyx Miluna	2817 Milton Pl, Utica, New York	US
S3-873207378	liberty association	207 1st St, Pulask ICDP, Tennessee	US
S3-876097943	Oncology Medicine	4 Collins Avenue, # B, Plymouth, Massachusetts	US
S3-642910425	Primary Care Crystal Associates LLC Society	1988 St Johns Xing, Arnold, Missouri	US
S3-866015034	Shivam & Brothers Private  Limited	Door No 41/5F, Nagercoil, Kanyakumari, தமிழ்நாடு	India
S3-488817360	The Corner Bistro	652 Green Jade Drive, # APT B, Fenton, Missouri	US
S3-398386668	Vijay Healthcare	#0011-10-268/6/A/1, Yellandu, Khammam, Andhra Pradesh	India
S3-18849472	Clear Technical Innovations Pc	2627 Rustin St, Sioux City, Iowa	US
S3-349657520	ड्रीम एक्सपोर्ट्स प्रा. लि.	Door No 10, Prasad Chsl, Hutatma Chaphekar Bandhu Road, Mulund (E), Mumbai City, महाराष्ट्र	India
S3-657367850	earnosethroat.com	3233 Sutherland Farm Rd, N/A, Prospect, Kentucky	US
S3-655099763	Federal LLC [Services]	Mowry Rd, Pleasant HILL CITY, Ohio	US
S3-777982435	Onyx Valley	Baton Rouge, Louisiana, 11937 Oak Hills Pariway	US
S3-518479504	एसएस कंस्ट्रक्शन प्राइवेट लिमिटेड	Flat No. 904, 'A' Wing, Pristine Fontana Building S. No. 22, Behind Maratha Mandir, Bavdha, N Khurd, Pune, MH	India
S3-67891124	Verrara Bíotechnology [LLC]	2724-2728 N Point Ter, NULL, Dundalk, Maryland	US
S3-209216078	Aurora Rain  Group	115-119 Darlington Drive, Kingsport, Tennessee	US
S3-430062430	Prairie Captail Downtown Inc	9400 4th St, Lake Elmo, Minnesota	US
S3-555504729	AJ LP-Treasury	001413 13th Avenue, Bessemer, Alabama	US
S3-32514527	Lila Satterlee Group Hovnanian | www.lilasatte.com	216 Lytle St, Fostoria, Ohio	US
S3-315623212	(LLC) Pena Grand 0ccupational Therapy Riverside	3016. Nutmeg Court, NULL, Harrisonburg, Virginia	US
S3-931760557	Amber Duke	##7634 Wild Oats Trl, Cherry Alley, Illinois	US
S3-850881816	Balaji Pvt Services Ltd	#130, Khairatabad, Hyderabad, TG	India
S3-325618117	Mumbai  C0nstruction Pbvaiet Limited	Office No 1016, 10Th Floor, Mastermind Royalpalms Estate, Array Colony, Goregao, Mumbai City, Mumbai, MH	India
S3-886481758	Safe Network Énterprises	5007 30rd Avenue, Portland, Oregon	US
S3-205357553	Lower Ridge-Wireless Íncorporated	625 Lafond Cir, Lisle, Illinois	US
S3-717044341	Digital Hospitality Limited	Goregaon East, Cama Estate, Ashok Nagar, MH, C-559, Mumbai	India
S3-279917847	Ca1lahan and  Black Management Inc	1003 12th Srteet, Nederland, Texas	US
S3-456151183	New Chapel Services		US
S3-454031260	pvt sai construction ltd	0489/22, Delhi, East Delhi, दिल्ली	India
S3-25792273	Uptown Hair Studio Services - 9163709921	160 Jernigan Lane, Gates, North Carolina	US
S3-577613866	LLC Nguyen, Conrad & Burgess Plain	255-259 Wax Myrtle Loop, Lincoln County, Oregon	US
S3-45671225	Umbraavi D.B.A. Cultural Charities LLC	26 Sherwood Street, Unit Apartment 1, Buffalo, NY	US
S3-739124653	Quoxylo DBA: Atlantic Academy York County	York County, 214 Murray Way, VA	US
S3-461376097	*** supremeinvestmentpartners.com	128 Newhaven Road, Oak Ridge, Tennessee	US
S3-719507685	kyliebowlandunited.com	20125 1/2 W Street, Douglas County, Nebraska	US
S3-816679250	@4302madison	4282 Swan Street, Silver City, New Mexico	US
S3-193764605	BQ Micro	149-153 Keller Lane, Marion Town, Virginia	US
S3-611414787	Sri NEW EDU LIMITED	Building No: 5/805- Wings, Feroke, Kozhikode, Keralam	India
S3-785873505	Interstate Hedrick (Montreal)	12 Richards Street, Danvers CITY, Massachusetts	US
S3-851444467	Cameron Atlantic Lákeshore, Inc	Ohio, 2038 Darnell Drvie, Akron	US
S3-892599765	Luman-Boutique	233 Bell Springs Road, Falkville, Alabama	US
S3-972484012	Total Retail	15588 116th St, Renton, Washington	US
S3-816791301	ZUX Constructions  Ventures	J-10 Kartar Nagar Shahdara, East Delhi, DL	India
S3-287163256	Markham  and Bacchus	181 Arnold Gamble Circle, Sacramento, California	US
S3-246000533	Lynx Llc	Morocco, Indiana, 5616 100	US
S3-273365121	Ironclad Ironclad Chemial	436-438 Burlington Avenue, Logansport, Indiana	US
S3-739514272	Mann  Ltd Scribe	C/o Munni Devi, At Lohiyanagar, Po- Suhird Nagar, Ps-muffasil Thana, Begusarai, बिहार	India
S3-835518712	Weston's Machine Works	88 Brookside Drive, Bufalo, New York	US
S3-966266456	Bakery Silver LLC	1728 Stonehouse Ln, Cincinnati CITY, Ohio	US
S3-332238282	Eye Best Group Corp	Kentucky, 432 Paisley Ct, Winchester	US
S3-605277364	Henrietta'S Elite Detailing	1159 Yonkers Ave, # Apartment 2D, Yonkers, New York	US
S3-345912159	frog india ltd	Plot No.176, Sector 52, Gutigau, Gurgaon, Gurugram, HR	India
S3-920748672	Soliq Transalta	Bunts Road, Lakewood, Ohio	US
S3-202773510	Sweet Yoga!	Portsmouth, Virginia, 1010-1014 Liston Ln	US
S3-416229334	mandie deberry scientific inc	1300 Chestnut Rd, Seven Hills, Ohio	US
S3-808748230	Stoner and Chrades Target LLC	##2607 Sunset Avenue, Utica, New York	US
S3-697693340	Saharsh Ventures Private Ltd	Ft No. 04 Classdc, Meadows Kondapur, Hyderabad, Rangareddy, Andhra Pradesh	India
S3-723109934	Sélect Patriot Center	Chicago, Illinois, 3352-3356 Sheffield Ave	US
S3-297806942	Jaworski Select	110 Glenross Drive, Texas, Beaumont	US
S3-85438084	Re1iable Dollar [LLC]	61653 150, Wirt, Minnesota	US
S3-342424390	LLC Midwest Western	1414 Mockingbird Lane, Olney, Texas	US
S3-671649349	LNQ Beverages	Ghaziabad, Plot No 12/4, Sf 8, 2Nd Flr, Vikram Enclave, UP, Ghaziabad	India
S3-206420327	Ortiz, Pruett and Turner Pgim Clinic Inc	184 Silver St, Florence, Arizona	US
S3-955664027	Smt Baba-Estate (LLP)	C/o Gopal Singh Shahpur, Cheria, Begusarai, Bariarpur, BR	India
S3-649462589	Shri Perfect Automobiles Private-Limited Services	75 Rishi-bankim Ch Roadroyed Park, Kolkata, Calcutta, WB	India
S3-166908310	Korlum Studios ínc	252 Schrock Road, Columbus, Ohio	US
S3-335924558	Tri-State Initiative of Little Rock Ltd	7014 Arch Street, Little Rock, Arkansas	US
S3-395206632	Centerburgcancerc0alition.Com	51 Rd 204, Centerburg, Ohio	US
S3-742117009	Ltd Import Services	Flat No:b3/102, Camlotlayout, Sai Villa Appartment, Serilingampally, Rangareddy, Andhra Pradesh	India
S3-296184510	Dupont & Wedan	Zionsville, 8297 Carnegie Ln, Indiana	US
S3-601721908	Crown  & Sons Ventures Limited	Hn D/218 4/470, 2Nd Floor, Suite 1439, Kakkanad, Ernakulam, Keralam	India
S3-332824886	jxwspade.com	3209c Eleventh Ave, Pine Bluff, Arkansas	US
S3-646557666	Soto, Dasi, P.C. Services	02900 Danzig Pl, Louisville, Kentucky	US
S3-93289923	goffice.com	15 Mt Zion Rd, Arkadelphia, Arkansas	US
S3-723868109	The 5traight Edge Yoga	Delphia, 955. Bark Camp Branch Road, Kentucky	US
S3-573712094	WXP Commercial [PC]	Kettles Ln, New York, Medford	US
S3-472466090	Legacy Associated [Llc]	0145 Faith Circle, null, Johnson City, Tennessee	US
S3-355030069	Nagraj Education Limited (ID: 36949)	#3/1B Gour Sundar Sett Lan, Dumdum, Sinthee Police St, Kolkata, Kolkata, Howrah, WB	India
S3-488938208	Shri Jay LLP Food	227, Nagpur, Ambajhari, MH	India
S3-210194252	M/s Paul Group Services	5/19, Netaji Nagar Ground Floor, Kolkata, Kolkata, Howrah, পশ্চিমবঙ্গ	India
S3-798078660	Holcld It	H.no ##214, PB, Ludhiana	India
S3-900851657	Private Hyderabad Cuisine Ltd	Hyderabad, TG, 26, Hyderabad	India
S3-501279927	Iriquo	8/1, 1St Floor 5Th Main, Kullappa Circle, Bengaluru Hq Region, Bangalore, KA	India
S3-104773719	Cross Endocrinology	17820 State Line Road, Illinois, Lansing	US
S3-338557996	Trust  Connect Private Limited	H.no 312 Ali Pur, North Delhi, Newdelhi, दिल्ली	India
S3-390924743	southernlogistics.com	Shop No. 101/102 Ff, Gujarat, Sr No. 4311, 4312 Shobha Chambers, Zaveriwad, GJ, Ahmedabad	India
S3-225520448	@o1ivasgrand	40 Folk Crest Ln, Dickinson, Texas	US
S3-499617132	यूनिवर्सल इंटरनेशनल	H/o- Kailash Pandey Cahnmari, Motihari, East Champaran, BR	India
S3-988327012	Gildzeph formerly known as Dental Clinic	528 Henderson Avenue, Staten Island, NY	US
S3-165414986	Limitless-Ltd Services	No.9., 2Nd Floor, 19Th Cross, 15Th Main Padmanabha Nagar, Bengaluru Urban, ಕರ್ನಾಟಕ	India
S3-827049792	Vijay Software	3, Mishra Compound, Opp: Ruby Hospital, Behind Taskand Hotel, S.v. Road, Jogeshw, Ari (West), Mumbai, MH	India
S3-104753061	AW-Software Incorporated	292 6th Ave, Gary, Indiana	US
S3-945092227	corporate electronics worldwide llc	324A University Drive, Walton, Kentucky	US
S3-627819151	Ambient Boutique Private Ltd	H.no 02, Vasai, Thane, MH	India
S3-739961021	Jay  Consultancy Pvt	Lucknow, UP, Aliganj Police Station, C 12 Sector B	India
S3-718706409	Green Quality Slitlocn Co	4827 Division St, PMB 5407, Lebanon, Tennessee	US
S3-470502822	klineridgepgim.com	Highland Ave, Rochester, New York	US
S3-419915593	blakeleybenfieldinsurance.com	2603 Eighth St, Anderon, Indiana	US
S3-789633012	Motley, Romo & Crnoss Lion Inc	45 La Granja Rd, San Benito, Texas	US
S3-155347752	medicineschoolendsley.com	007338 Hurtgen Forest Road, Houston, Texas	US
S3-499678012	CALDELLE DOGECOIN	435 Prak Ave, Loveland, Ohio	US
S3-51048340	Mr Energetic (India) Shipyard Private Limited	S No, 28 Pl No 76/77B, Cts No. 1156/12 B6, Siddheshwar Heights, Sanewadi, Iti R, Oad, Aundh, MH	India
S3-251508043	Nagy Keystone Recruiting LLC	1211 Waterside Dr, North Little Rock, Arkansas	US
S3-178257551	Tejun Healthcare Private Limited	#20, Bangalore, KA	India
S3-674605969	Goldenmetrohyperliquid.Com	20816 58 Ave, Oakland Gardens, New York	US
S3-982814950	Jaxaria dba Milligan Trusted Annaly LLC	88 Main Street, Orono, ME	US
S3-550038292	Baroda Power Group Private	Vadodara, Baroda, GJ, 217 R K Centrenear Indian Airlines Fatehgunj	India
S3-25246144	Chakan-Development Private-Limited	Thane, MH, Flat No. B-1402, Thane	India
S3-656819878	Anchor Fashion Star	Massachusetts, Boston, 36 Rockdale Street	US
S3-775937311	Redfox (India) Meotatlurgial Ltd	H.no 1 St Floor 4/271 Pari Salai Mogappair East, Chennai, தமிழ்நாடு	India
S3-970441939	toreexcreativeelite.com	106 Sharon Dr, Crescent, Iowa	US
S3-417150594	Continental Blue Spire	2271 Sunley Ln, Chesterfield, Missouri	US
S3-876553841	Supreme Infotech Infotech Hardware Private Limited	Todi Mansionp-36 India Exchange Place Extn, Kolkata, South 24 Parganas, WB	India
S3-499677400	Personal Pvt Ltd Center	H.no. 20, Ambala, HR	India
S3-218147806	Lakshmi Hospitality  Private Limited	C/o Sri. Vijay Kumar, S/o Late. Pannalal Yadav, Hn-32, Ka, Saharsa, BR	India
S3-234047326	Cardiology  Associates	3006 315, Breckenridge, Texas	US
S3-54340013	Community  Church	324- Bingham St, # C, Greensboro, North Carolina	US
S3-367654315	The Rice, Brady & Delarosa End LLC	1720. N Grandview Lane, # Apartment 305, Bismarck, North Dakota	US
S3-804997519	Tri-State-Allied California LLC	3700 Golding Road, N/A, Brownwwood CITY, Texas	US
S3-176359736	Sri Pradhan-Sfotwre	301, Jivdani Darshan, Radha Nagar, Patange Wadi, Vijay Nagar Road, Tulinj, Vasai, Thane, MH	India
S3-852500069	High Inffastrcutroder Private Limited	H.no 0542 A-6, Midc, Ambad, Nasik, महाराष्ट्र	India
S3-847302425	Optimal-Sctked Ínc	3 Saradale Ave, Colonie, New York	US
S3-715372863	Mai Midwest Apex Apex LLC	826 1/2 Main Street, # 3, Ravenna, Kentucky	US
S3-735994693	CFT Arts-Inc.	9763 North Freeway, Fort Worth, Texas	US
S3-492475789	SECURE TEXTILES PRIVATE LIMITED	Secunderabad, Road No.5, Maruthi Nagar, Venkatapuram, Hyderabad, 1-24-228/8, TG	India
S3-683596215	Paul Inc Accounting,	2111 Mountain Quail Dr, Redmond, Oregon	US
S3-304213036	Stapp, Roda Made,-PC	214 Warren Pl, Washington, North Carolina	US
S3-330699571	Ltd Dwarka Pétals	S/o Tila, Vill. Kheri Gujjar, Ganaur, Sonipat, HR	India
S3-777274835	@urologyclinic	1219 Mifflin Ave, Ashland, Ohio	US
S3-919460607	BEST CAN Midtown CO	7613 Pondlick Road, Seaman, Ohio	US
S3-778161739	Lutz Quality Greater Inc Partners	12107 Conrad Road, Austin, Texas	US
S3-894170406	thomasgarcia.com	1853B County Road 3341, Sulphur Springs, Texas	US
S3-548927714	MED Dynamic L.L.P.	A-110, Mumbai, Mumbai City, MH	India
S3-410885593	Gonzalez & Bull L.L.C.		US
S3-340988605	Smt Daulat Kripa	H.no ##50, Delhi, North West Delhi, DL	India
S3-89442356	Primary Care Health Of Glen Burnie Center East Co	249 Margate Drive, Glen Burnie, Maryland	US
S3-681683629	Primary Care Health Inc	2306 Oak Saint, N/A, Gray, Tennessee	US
S3-597019903	Physical Terpay Physicians	4725 Santala Dr, PMB 7461, Knoxville, Tennessee	US
S3-516491500	Technology Xcbt Sports Ltd	# 55, Bangalore, KA	India
S3-702462916	inc. ratliff, whitted & smith lakeside	Chino Hills, California, Unit UNIT 1802, 017892 Shady View Dr	US
S3-770313025	#energysuper	H.no 06 (Postal No. M-137), 6Th Cross, 4Th Main, L N Puram, Srirampura Post Office, Bangalore North, Bangalore, KA	India
S3-598720641	Smith Canary	4229 Agate Avenue, Buffalo, Minnesota	US
S3-537148487	Sai Maeketing (Limited)	No 1201 Bldg 58F Mass, Housing Projectiii, Malad West, Mumbai, महाराष्ट्र	India
S3-924238110	Blue LLC Tattoo		US
S3-340424975	நியூ கன்ஸ்ட்ரக்ஷன் பிரைவேட் லிமிடெட்	A K N Block, Iii Floornataraj Palace, No.22, Saravana Street, T.nagar, Chennai-600 017., Chennai, TN	India
S3-298191841	Westin [Associates]	235 Van Siclen Aveune, Brooklyn Township, New York	US
S3-308565750	Big Tattoo Southside PC	16083-A Gelding Dr, Surprise, Arizona	US
S3-523222062	Behavioral Health Aecin Specialists	#3940 Ridge Lea Road, # Apartment D, Amherst, New York	US
S3-208181737	3581 3581 washington boulevard associates	0139 Zeb Grindstaff Rd, Elizabethton, Tennessee	US
S3-54990457	Integrated  Security Consultants Central Inc.	902 Rural Rd, # 1083, Chandler, Arizona	US
S3-511523251	Rudloff's Crystal Metal Works Ltd	100 Paradise Dr, # 6, Nacogdoches, Texas	US
S3-299665150	Chiropractic Clínic	North Carolina, Greensboro, 0836 Neal Street	US
S3-406434899	Flint Inc 5ervice	611 Wilkshire Drive, Seneca, South Carolina	US
S3-716531055	Standard Insurance Enterprises LLC	271 Maxon Dr, Louisville, Kentucky	US
S3-26888164	Asia  Welfare	31, Gautam Bodda Nagar, North West, DL	India
S3-68282134	Thane (Staffing)	101, Thane, महाराष्ट्र	India
S3-77067318	Dodd Scientific	#5535 Benpatrick Court, Columbus, Ohio	US
S3-980161337	Budaun Abhinav Co	C/o Fateh Singh, NULL, Budaun, Badaun, UP	India
S3-191896718	MBQ Continental Stanley	563 Cole Dr, South Elgin, Illinois	US
S3-533826297	Emerald Inc	67 Sycamore Dr, New York, Middletown	US
S3-446552034	Services Gmr Services (Limited)	8St Floor, Asansol, Bardhaman, পশ্চিমবঙ্গ	India
S3-642004506	Rajmudra (India) LLP Center	Flat No A 403, Palghar, Mumbai City, महाराष्ट्र	India
S3-459613034	Red Hea1thcare Private-Limited	51-A Friends Colony, East Delhi, Delhi, दिल्ली	India
S3-281859031	Lopez + Karr Inc	597 Legends View Dr, Missouri, Eureka	US
S3-24062477	Bangalore North Healthcare Private	1263, Bangalore, Bangalore North, KA	India
S3-8632366	Industries Shiv Rasayan Private Limited	Block F-247 C/o Awadhesh Ray, Areraj, East Champaran, बिहार	India
S3-150171835	Front Ventures [Services]	Ground Floor, Delhi, New Delhi, DL	India
S3-836190004	Farah (Consultancy)	Door No 22B, H.no.8-2-293/82/a/22/b, Road No.2 Jubilee Hills, Hyderabad, Andhra Pradesh	India
S3-715263373	Pvt Life Mdaei Ltd	Wework India Management Private Limited, 43 Residency Rd Shanthala Nagar Ashok Nagar, Bangalore Rural, Bangalore, KA	India
S3-986828087	Mooney, Tolley and Huizar	12328-D Charlotte St, Kansas City, Missouri	US
S3-862309078	Dhanlaxmi Commodities	B3/186 Tumda, Paschim Bhag, Tumada, Bhopal, Fanda, MP	India
S3-1625193	Jagannath Brothers Pvt-Ltd	E-76sarita Vihar, New Delhi, South Delhi, DL	India
S3-788798267	Cardiology Clinic	2750 Havenwood Drive, PO Box 1158, City Of Oshkosh, Wisconsin	US
S3-285566119	Premier-Newtekone Group	36 1/2 Roy Branch, Branchland, West Virginia	US
S3-131579096	Whale Industries-Group Limited Service	Pune City, Hno 2/1B Sno 9 Guajrwadi, MH, Pune	India
S3-885399561	Gulf Fellowship Corp	104 Ed J L Green Drive, San Marcos, Texas	US
S3-163000717	RV Strátegic Ápplied LLC	296 Bethany Road, Franklin County, Virginia	US
S3-378298502	Chirag (India) Shipping Límited		India
S3-815419516	Tri-State Ínfrastructure Inc	##173 Hill Rd, Hartwick, New York	US
S3-350993826	Bmn Trading Associates	GJ, No. 907 B 705, Sun Westbank, Near Vallabh Sadan, Ashram Road, City Ahmedabad, Ahmedabad	India
S3-318165685	Signature Medical Medical Inc	42677 Horseshoe Ct, NULL, Leonadtown CDP, Maryland	US
S3-514462250	Interstate Corp Center	513 Clearwater Dr, <NULL>, Nashville, Tennessee	US
S3-599150484	Slow Trainings Private (Limited)		India
S3-868906460	[Llc] Phelps Áir	291 Laurens Spring Ct, Lake Saint Louis, Missouri	US
S3-653390834	khaitan global pvt ltd	Vellore, H.no 19D, 1St East Highway, Road, Katpadi, TN, Vellore	India
S3-435906091	The Vision Crystal Care	70 Windy Hill Ct, Bentovnille, Virginia	US
S3-380552852	lucky grill	Liberty Drive, Billerica, Massachusetts	US
S3-187799435	North Finance Private	New Delhi, DL, Door No A-1/33 4Th Floor, Old Raninder Nagar	India
S3-478929518	Deal Healthy PLLC (ID: 80605)	1100- Ottawa Dr, Austi NCDP, Texas	US
S3-916450762	Prairie Alliance Center	14 Meadow St, Clyde, New York	US
S3-387192517	Karna's  Desert Consulting Corp	12465 Timberland Blvd, Keller, Texas	US
S3-644454067	Haleyville City Economic Development Guild LP	189 Airport Rd, Haleyville City, Alabama	US
S3-411809830	i.com	F-##151-d, North Delhi, Delhi, DL	India
S3-293162909	Bright Mobility Concepts LLC	17 Hanford Street, Columbus, Ohio	US
S3-778128335	M/s Jay Ventures Limited-Center	TN, 014-1-173(5) 1St Street Surandai Po Vk Pudur Taluk, Tirunelveli	India
S3-944270061	Redwood Dnce (LP)	Fl 2, Oregon, 626 Adwbck Drive, Hillsboro	US
S3-395250899	>> 60/49 Vehicle  LLC	482 Glen Lily Road, Bowling Green, Kentucky	US
S3-57545462	72 Hour Fitness Partners  Partners	26301 Brush Trl, South Bend, Indiana	US
S3-85127694	Rea Saddler Trusted Huntington LLC	535 1/2 Brule Road, Unit Unit 43, City Of De Pere, Wisconsin	US
S3-782510413	Llc Clean Keystone Parts	801 Third Ave, Valley City, North Dakota	US
S3-938659687	Vanguard Véndome, LLC		US
S3-991162658	DS  Solution Private Ltd	Arun Park, Pune, महाराष्ट्र	India
S3-673342043	DS Solution Private (Limited)		India
S3-199142799	Sweet Cafe Harbor	2558 Shore Drive, Helena, Montana	US
S3-961047604	Savor  Proptech Holdings Private	H.no 719 536, Kapashera Village, New Delhi, Delhi, DL	India
S3-593845391	Transworld Dígital	ગુજરાત, Ranip, Ahmedabad, A - D/1	India
S3-609899474	Express LLC (Services)	Texas, Rockwall, 712 Sam Houston St	US
S3-84901325	Synkor a/k/a GB Strategic Internet Humble	Humble, 20022 Misty Pines Drive, TX	US
S3-371106461	राम टेक्नोलॉजी जनरल प्राइवेट लिमिटेड	H.no 33/8-14 Sec-76, Gurugram, Abheypur, HR	India
S3-116574315	Ambrosino Pineapple Inc.	11211 Hazen St, Houston, Texas	US
S3-287044940	Emgee Infotech (India) Private	Rz - B3/57b Tughlaka Ext., South Delhi, New Delhi, दिल्ली	India
S3-52863199	DI ONE LIMITED	111 Trapinex House Ist Floorsholapur St, Mumbai, महाराष्ट्र	India
S3-277206766	Sri marutinandanelectronics.com	No.25 Sarojini Street Mahalingapuram, Pollachi, Coimbatore, தமிழ்நாடு	India
S3-74485492	Glitters Infrastructure Private Limited	Offie No. 2076, 2Nd Floor, Oberoi Gardens Estates B Wing, Chandivali Farms Rd, Chandivali, Andheri(w), Mumbai, Mumbai City, MH	India
S3-212055297	YAB  LLP Service	C/o Shri V N Pandit, Opposite Kachipura Garden, New Ramdaspeth, Nagpur, Ambajhari, MH	India
S3-697270551	Shri Aspire & Brothers Industries Private Limited	B 11/8204 Vasant Kunj, South Delhi, New Delhi, दिल्ली	India
S3-940110775	Clear Currencyshares	2631 Holyoke St, Floor 0, Wichita, Kansas	US
S3-415533273	Stag LLC	589 Saratoga St, Cohoes, New York	US
S3-961941874	ಸದರ್ನ್ Engineering Private Limited	Hn 266 Office No 104, Bangalore South, KA	India
S3-893180377	Sri Blue Builders Ltd	C/o Jilewi Devi, Saran, BR	India
S3-47040882	unitedcoalition.com	1621 Deerfield Road, Mandan, North Dakota	US
S3-823604733	Arcdelta	Flat No 11 Tower-4 Bellevve Apartment Central Park-ii Sohna Road, Gurgaon, HR	India
S3-117524287	@prairieauto	16554 Brigadoon Trail, Gulf Shores, Alabama	US
S3-962370959	Harris Lending	10047 Ash Fork Drive, null, Houston, Texas	US
S3-9860318	Better Media	311 Bow Bend, Unit 406, Asheville, North Carolina	US
S3-523427506	chennai-94. india private limited	Chennai-94., No 54, Chennai, தமிழ்நாடு	India
S3-417634278	Carpenters Únion Local No 961	3620 Old Birds Creek Rd, Tennessee, PMB 4481, Sevierville	US
S3-52828214	W+ Arrived Holdings	1183 Coppersmith Rd, Elizabeth CITY CITY, North Carolina	US
S3-105887294	Green Private Limited Center	6 Queens Diamond New Queensroad M P Marg, Mumbai, MH	India
S3-870665933	Cornerstone Signs L.L.C.	##2 Sugarloaf Ct, Unit Apartment 201, Pikesville, Maryland	US
S3-543480591	Topeka  Interfaith Guild-Inc.	500 Chandelr Street, Topeka, Kansas	US
S3-980653264	National Investments L.L.C.	6641 Virginia Ln, PMB 4280, Bessemer CDP, Alabama	US
S3-402101530	Markham and Bacchus Service	30 Arnold Gamble Cir, Sacramento, California	US
S3-723579960	Tnc Finance Infratech Private Limited	17-Km Janta Roadsambhalka Junardar Saharanpur, Saharanpur, Uttar Pradesh, UP	India
S3-49258526	Dynamic Good It Private Ltd		India
S3-148703230	& Cooper Hatfied	Ontario St, Toledo, Ohio	US
S3-780414332	Lockner, G., Tommie Esq., M.D., P.C.	6405 Long Green St, Rowlett, Texas	US
S3-97392032	Guzman Preslar-& Nguyen	1102 Coalter Street, Staunton, Virginia	US
S3-370455395	Neavitt Womens Health  Care	Maryland, Neavitt, 405 Bozman Neavitt Rd	US
S3-293371164	Allied-Fheolowsibrp	003810 Beresford Road, Charlotte, North Carolina	US
S3-910091137	Bastion Corp	119 Smers St, Freeman Township, Iowa	US
S3-793775308	code trading private [limited]	Plot No.##10, Gali No.3, Tehsilpura, Amritsar, PB	India
S3-837682568	Kaye Bowman Pioneer Partners	Bowie St, Amarillo, Texas	US
S3-743550734	Glb Advisors-Co	3K, P.s.alankar, 857, Motilal Gupta Road, Kolkata, Howrah, WB	India
S3-854361896	EIC Production Pvt	No 172/1 G/f Pana Bhitrla Bijwasan, New Delhi, DL	India
S3-280066813	Berquist, Street & Concepcion 6alaxyedge	2602 6 5 3/4 Avenue, Town Of Dovre, Wisconsin	US
S3-378118225	Sri future trading pvt ltd		India
S3-942295519	Velleo  LLC	##635 Main St, Kalispell, Montana	US
S3-279598544	Amber C1inic Ltd	22B Anand Nagar Soin Trabayroad Chembur, महाराष्ट्र, Mumbai	India
S3-237216642	Cashion Blue Chile LLC	7441 78, Cordova, Alabama	US
S3-441084163	Reeva Group Industries	8-21-Ant-50, Narava Road, 8Th Ward Giddlur, Giddalur, Prakasam, AP	India
S3-701775854	Cardiology Health of Lake Havasu City Partners	922 Lake Side Rd, null, Lake Havasu City, Arizona	US
S3-858624489	Animal Welfare Horizon  Federation		US
S3-22045996	Youth [Fund]	2601 Callery Pl, # 202, Louisville, Kentucky	US
S3-470838240	private east properties limited	428, Mastermind1, I.t Park, Royal Palms, Aarey Colony, Goregaon East, Mumbai, Mumbai City, MH	India
S3-814897633	Sri Park Talent Private (Limited)	2-517 D4, Guntakal, Chittoor, AP	India
S3-570911639	WB Four Limited	B-812, Eden Atmos, Sarthana-jakatnaka, Surat City, Surat, GJ	India
S3-851097929	Pyraveo	New York, Groton, 858 Cobb Street	US
S3-277618667	होटल Constructions प्रा. लि.	Offie No. 1, Khewat No., 119//16, Vpo-sirsi, Bhiwani, Loharu, HR	India
S3-551528806	Howard Legacy Urban Westgate PC	5728- 166th Street, Chippewa Falls, Wisconsin	US
S3-420729052	strategic transition associates	79 Prospect Street, Mddletown, Connecticut	US
S3-461061343	Holt'S Liquor,	681 Cheryl Dr, Hiram ICTY, Ohio	US
S3-477570329	24 24 Hour	Illinois, 646 Laramie Ave, Chicago	US
S3-999189591	Atm Chemicals Private Ltd	A-085/9 Indira Nagar, Lucknow, UP	India
S3-429287026	Braden  and Pack		US
S3-190490376	Incorporated Zetavio Metropolitan Lightwave	2424 University Ave, null, Minneapolis, Minnesota	US
S3-222537562	-- Faulkner Faulkner Patriot	1003- Eason Avenue, Buckeye, Arizona	US
S3-358771226	Unified Mortgage Holdings of Burnsville	#660 Howell Branch Road, Burnsville, North Carolina	US
S3-748486101	DALEN NGL	#467 Cottage Ave, Kankakee CDP, Illinois	US
S3-480566123	Ear Nose & Throat Rócky Medicine Eastgate LLC	2429 Meadowview Lane, Appleton, Wisconsin	US
S3-569971862	Vijay Cnoseutnts Limited	Sr No. 38 /7A, Golden, Trelies Flat No. E - 1003, Haveli, Pune, MH	India
S3-299859755	Ion Metals Public Limited	No 2/39 Kalingarayanpalayam, Bhavani, Erode, தமிழ்நாடு	India
S3-54141264	WB Ssrubtoiis Pvt Ltd	Shop No. C-#25, H Gr Floor, International Trade Centre, Majura Gate, Ring Road, Surat, ગુજરાત	India
S3-509534497	Sterling Prime Taiwan LLC	M, Coleman, Wisconsin	US
S3-817196185	Ratan & Amsiortets LLP	Unlt Nos. 409-414, Mumbai Ii, Mumbai City, MH	India
S3-623694777	Karna's Elnccctic	R Street, # #103, Tacoma, Washington	US
S3-152654301	Lyreon Stllnig Inc.	560 Boeero Ave, Pueblo West, Colorado	US
S3-869115067	Perez Reit Of Láfayette LLC	66 Chapelhill Drive, Lafayette, Indiana	US
S3-321037673	Highland Charities District	Montauk Hwy, Blue Point, New York	US
S3-870925053	Synvera t/a Mumbai Herbal Pvt Ltd	Parksite Colony Road No 1, Lower Depot Pada Vikhroli (W), Mumbai, Mumbai City, Maharashtra	India
S3-420177316	Caldiumautoglass.Com	12218 Ambiance Way, Franklin, Tennessee	US
S3-267392929	Premier Learning Learning Laboratories	9 Tallwood Trail, Fluvanna County, Virginia	US
S3-550874191	Jyotiba Adhesives Private	Sriperumbudur, #2, Kanchipuram, TN	India
S3-247752040	Vishal Company Center	##1, River View Enclave, Teesta Street, 3Rd Main Rd, Sriperumbudur, Kanchipuram, TN	India
S3-771157597	North Painting (Inc)		US
S3-421147487	Professional Wholesale Products L.L.C.	410 192rd Saint, Edmonds, Washington	US
S3-632754086	Commission on Labor Corporation	170-174 Kyle Long Rd, NULL, Bean Station, Tennessee	US
S3-386481533	साउथ कंसल्टिंग फर्नीचर प्रा. लि.	911 E-3/11 (Lower Ground Floor) Malviya Nagar, New Delhi, South Delhi, DL	India
S3-409729748	Public Golden Supreme Food Limited	S No 239, Pune Region, Ahmednagar, MH	India
S3-514915137	Mandate Aprplicagmion (India) Corp	5-28, Chinna Malkapuram (Village), Dhone (Mandal), Nandyal (Dist), Kurnool, AP	India
S3-505032837	Syndrex	No 2019-2 Ghanchi Wad, Gandevi, Navsari, GJ	India
S3-153580305	Om Impex	D-c-303, Vvip Addresses Raj Nagar Extension, Ghaziabad, UP	India
S3-584650652	swastikatop.com	Door No 15, Shri Jai Hind Housing Society Prem Nagar, Nagpur, MH	India
S3-670595131	First Nevada Valley Ínc.	2763 Lomelina Ln, League City, Texas	US
S3-778552928	Yamuesh Limited Private  8uilders	Flat No. 4, Shastripuram Road, Agra, UP	India
S3-428359117	Select Defense LLC Innovations	New York, Troy, Jefferson Saint	US
S3-6512823	soniaepperlyoak.com	700, Selma, Indiana	US
S3-850319729	uniquesoftware.com	Block C-258 13, Howrah, Kolkata, WB	India
S3-218976195	Peria Arevalo Better Ltd	1701 Sulky Drive, # B, Lacey, Washington	US
S3-34941506	Mateo, Williams AND Hernandez XRP	105-109 Main Street, PMB 2307, Verona, Wisconsin	US
S3-598607643	India-Ram Foods Limited - 1039128011	Gorakhpur, H.no. S-0533, UP, Gorakhpur	India
S3-330542398	forwardbookscom	R-19 S/f, Shahdara, दिल्ली	India
S3-296178541	Nexecto DBA Ace Eastern Technologies	S No 174, Hissa No3/2/1, Mark I, Phase Ii F No B-503, Datta Mandir Road, Wakad, Pune, Maharashtra	India
S3-804275408	Interstate Unified Greenland [LLC]	Fuquay-Varina, North Carolina, 731 Apple Churn Drive	US
S3-840874881	Anand Products Prívate Limited	322, Delhi, DL	India
S3-803955479	Nav Meditech Pslváte Limited	ગુજરાત, Hn 780 12, Surat	India
S3-747804549	Coimbatore Works Ltd.	#108Shanmuga Theatre Road R S Puram, TN, Coimbatore	India
S3-560147867	Marja Dúnne Vanguard Platforms LLC	Branford, Connecticut, 0198 Clark Ave	US
S3-907084814	Jarlify Galata (Llc)	927 Norwood Rd, Huntington, West Virginia	US
S3-766974911	Shri Fortune Pvt Ltd Service	F - 14-15, Nakoda Textile Tower Gandhi Nagar, Udaipur, RJ	India
S3-121979776	Anne Évans Rogers LLP	4137 Polkville Road, Shelyb, North Carolina	US
S3-857020191	फ्यूचर इंजीनियरिंग प्राइवेट लिमिटेड	T-5/0603 Emaar Palm Gardens Sector 83 Gurgaon Haryana, Gurgaon, HR	India
S3-715951228	Mumbai Envirotech Ventures Private	#30/47 Grd Gokuldham Bldg, Kikastrt Mandvi Gulalwadi, Mumbai, MH	India
S3-975846848	Clemmons Harbor Capital Inc.	613 Clay Street, Unit APT 4, Blacksburg, Virginia	US
S3-679343134	heart trust	15918 Young St, Surprise, Arizona	US
S3-597503928	New De1hi Lifespaces	Unit 225- Vardhman Bahnhof Plaza, NULL, South West Delhi, New Delhi, DL	India
S3-232129366	Chiquia Turner L.L.C. Center	##120 Kimball Ave, South Burlington, Vermont	US
S3-567120870	Salina Community Church Holdings	121-C Whitmore Rd, Syracuse CDP, New York	US
S3-187184583	Blue Galata,	4123 Beland Ave, Wilson, North Carolina	US
S3-529166240	अरिहंत हॉस्पिटैलिटी प्राइवेट लिमिटेड	F No-d 13, Arya Shiwaji Complex Mankapur, Nagpur, MH	India
S3-399017245	Sfm Industries Group Ventures	5/78 Dda Flatsmadangir, New Delhi, South Delhi, DL	India
S3-341145792	Skywalk Impex	C/o Sh.veer Singh, Basai, Noida Sec-70, Near M-block, Gautam Buddha Nagar, Noida, UP	India
S3-924257814	Ortega Tge [Inc.]	Illinois, Hillside, 2237 High Ridge Parkway	US
S3-920851388	Precision Property Pondufets LLC	##1 Block 6th St, Richmond, Indiana	US
S3-175051672	Lewis's Auto Repair LLC	9889 Greenridge Dr, Decatur, Illinois	US
S3-314662267	Dental Colonial (Care)		US
S3-162843413	Shantaram Institute Of Technology	Block B-107 D-38/a, Ashok Marg C-scheme, Jaipur, Near Ahinsa Circle, राजस्थान	India
S3-411094241	Yamuavi Electro Pirogtae Limited	#81A East Mohan Nagar, Amritsar, PB, Amritsar	India
S3-436977034	Thoothukkudi-Trdx Co	H.no 26A/1A, Thoothukkudi, Tuticorin, TN	India
S3-975881907	Precision Whólesale Technologies	16420 Sexton Mountain Dr, Floor 1, Beaverton, Oregon	US
S3-242007570	Hake, Noll and Blanco Allspring [Inc.]	#11 Bell Oak Ln, Lemont Twp, Illinois	US
S3-670037219	merraleebarnesdc.com	Houston, 6201 Southwest Freeway, Texas	US
S3-59006821	Goodpoint (India) Old Private [Limited]	Hn 775 Plot No. E 279, Phase 8 A, Industrial Area, Sector 71, S.a.s.nagar (Mohali), Rupnagar, PB	India
S3-211748679	Johnston, Vinni, L.C.S.W. Corp	10 Franklin Street, null, Medford, Massachusetts	US
S3-373722521	Opel Limited Services	Sree Vihar, 17/54 Pulikode, Muttikulangara P.o, Palakkad, Keralam	India
S3-150772515	Private Vardhan Maharaj Limited	Jg-1/115-b Vikas Puri, West Delhi New Delhi, New Delhi, West Delhi, दिल्ली	India
S3-10788933	Green and  Feldman Multimedia Inc	2843-2845 Umiak Dr, Houston, Texas	US
S3-121366704	L.L.C. Shanks, Cooper & Kissane Biotherapeutics	540 Brier Hill Rd, Mammoth Cave, Kentucky	US
S3-89133955	Lacey Purecycle Llc		US
S3-547950464	Mcphee, Harris & Pool Flagstar Corporation	7907 Lassie Ln, Little Rock, Arkansas	US
S3-517825247	Sanguine Private Limited Center	Door No D/54 K B Dasan Roadsiet Admn Block Chennai, Madras, Chennai, தமிழ்நாடு	India
S3-422746341	OJE Technica1 Infratech Limited	Wz-d/59 Chaukhandi Extention, West Delhi, New Delhi, DL	India
S3-323147422	हरि कंसल्टिंग प्रा. लि.	57, Arunodya Appartment, Near Mamta Modern School, Vikas Puri, South, West Delhi, DL	India
S3-957242884	Matt Kestcne LLC	Kentucky, 422 Christy Ave, Louisville	US
S3-140146130	Jasper Financial ínc	161 Roma Pl, Fairdale, West Virginia	US
S3-293107281	sassgalethompson.com	#1409 Cobb Dr, Hobbs, New Mexico	US
S3-166943351	aesthetichighway.com	129/Ii, Edayattuparamba Nr. Ration Shop, Vengara Po, Malappuram, Calicut Region, null, KL	India
S3-342126472	Golden Esports Group	933 Hookers Mill Rd, Abingdon, Maryland	US
S3-47173868	Urology Cáre	505 Aragona Blvd, Virginia Beach City, Virginia	US
S3-861922066	Mava Trhuntfd Dte	2810 Liberty Rd, Greensboro, North Carolina	US
S3-264658244	Zetairijax aka Unity & Co	5-1-34, Mainroad, Suryaraopeta, Kakinada, East Godavari, Andhra Pradesh	India
S3-440061992	Banaskantha Holdings Shelters Limited	93 C/o Saleh Amaena Mujahid, 2, Grace Plaza, Phirozpura Road, Vill Chhapi, Vadgam, Banaskantha, N/A, GJ	India
S3-683556848	benoit's communications	227 Indian Summer Ct SW, Cedar Rapids, Iowa	US
S3-220212256	Cois-Inc	10 Ward Road Extension, Kennebunkport, Maine	US
S3-609258786	Smith Patriot Motor Downtown LLC	3310 Ensign Court, Bowie, Maryland	US
S3-133101147	డైనమిక్ ఇంటర్నేషనల్ ప్రైవేట్ లిమిటెడ్	H.no 204, N/A, Hyderabad, TG	India
S3-686718411	r0eentertainmentscom	Plot No-b3/24-b, Shahdara, DL	India
S3-45777130	MD MD Ltd Pvt-Authentic	Ug-5, Plot No.37 Shalimar Garden Extension-1, Pasonda Ghaziabad Up, UP	India
S3-131958995	Crosby Annusntiges LLC	1101 1/2 Bryan Rd, Evansville, Indiana	US
S3-629162614	Future Producer Steel Private	No 4 Gibsonlane, Kolkata, Calcutta, WB	India
S3-324065996	Interstate (Association)	1191. 16th St, # 63, Pela, Iowa	US
S3-598823337	India Srinivasa Tiles Pvt. Ltd (ID: 39272)	Bldg No. 5 Room No. 15, Bmc Colony, Shivaji Nagar, Kherwadi, Bandra (E), Mumbai, Mumbai City, MH	India
S3-387868794	श्याम कंसल्टेंट्स प्राइवेट लिमिटेड	Sno.152/1/1a Anand Rdd Cmap Deolali Camp, Nashik, महाराष्ट्र	India
S3-107614953	Limited Jagnath Mamatjln Group	14-1-377, Agapura, Nampally, Hyderabad, తెలంగాణ	India
S3-827930527	HYDERABAD SYSTEM PARTNERS	K-538., New Delhi, South West Delhi, DL	India
S3-711722036	Cano & Jóls Consultants PC	5062 1/2 Minda Court, Alexandria, Virginia	US
S3-719005903	Konark Alternate #78603	C/o Sita Srivastva, Gorakhpur, उत्तर प्रदेश	India
S3-598573425	-- Liberty Truslcd Republic LLC	22728 283st St, Maple Valley, Washington	US
S3-358409177	Straight Edge Auto 8oaedy	Montgomery Ave, Unit Unit A, N. Wales, Pennsylvania	US
S3-159311665	Indo  Business Private Limited	Ajmeri Manil, Third Floor, Shakurbhai Ni Chali, Ansar Nagar, Opp. Gauri Cinema, Ahmedabad, GJ	India
S3-535120533	Oncology Pinnacle Cabe Inc		US
S3-701814110	Susanetta Baca Creative Tbk  Partners	1265 Saint Rt 97, # 158, Bellville, Ohio	US
S3-215120097	Deltaumbra Sys d/b/a Tech Infotech Private Limited	8-6-375/3/8, Sri Siddi Vinayaka Apartm, Karimnagar, Karim Nagar, Telangana	India
S3-33108087	Llc Heritage Network	Gilbert Rd, Ocotillo, Arizona	US
S3-848627932	mumbai india	Plot 408 A-503, Re Rose Chs Oberoi Complex, Off New Link Near Sab Tv Lane, Andheri West, Mumbai, NULL, MH	India
S3-968433571	Services View Nirman [Limited]	No:9/26 C, Kolathara Srambia Po Kolathara, Near Masjid, Kozhikode, KL	India
S3-893705159	Eastern Éstate Limited (ID: 54751)		India
S3-231160208	Dominguez National Ínvestments, LLC	Bourbonnais, Illinois, 1317d Derby Drive	US
S3-58947576	Economic Development Council Llc	W26122 Doris Guza Rd, Floor 12932, Town Of Burnside, Wisconsin	US
S3-829146858	-- Taraendra Foundation Private Ltd	B/501 Charkop Veena Vihar, Chs Oceanic Tower Sector8, Kandivlai West, Mumbai, महाराष्ट्र	India
S3-262961101	Luke Cal Ltd	22041. Carissa Ave, Marion County, Oregon	US
S3-628797928	Puri Educare	House No 163/2 Diggi, Mohalla Kaseru Khera, Meerut, UP	India
S3-871526497	Jyoti & Sons Private	C-1111, Devatha Building M.g.road, Kolar, KA	India
S3-3197509	Producer Shree Alumni	Vallabh Soc, Pantnagar, Ghatkopar East, Mumbai Region, Mumbai, MH	India
S3-979488629	*** Lexine Toole Value Bridge Corp.	Chicago, Illinois, 1723 79rd Street	US
S3-288089998	Shri Nirvikar Advanced Care	Flat No ##8 Dwarka Society Tilakwadi, Nashik, महाराष्ट्र	India
S3-296026726	Supreme-Food Bakery Private Ltd	82 A/p. Redani, Tal. Indapur, Indapur, Pune, MH	India
S3-900110842	High-Shyam Builders Pvt Ltd	KL, 5-62/1963/B12, Kozikode, Kozhikode	India
S3-829371750	Drexveox	Cornelius, NC, 21451 Harken Drive	US
S3-892224292	Vega Manulife Highland Holdings		US
S3-454100096	Rodyne  Family Ofghfe LLC	5153 Hamlin Ave, Chicago, Illinois	US
S3-59461433	DVS Limited Partners	J-21, Pandav Nagar, New Delhi, DL	India
S3-674625612	Precision Packaging	326 Mattocks Rd, Maysville, North Carolina	US
S3-293168502	Commission Commission on	Cotton Trail Dr, <NULL>, Rossville, Tennessee	US
S3-755083683	Foot & Ankle Patnes Co	46376 58, Unit Space 28, Westfir, Oregon	US
S3-797239191	Sangrah Pvt. Ltd.  Partners	##58, Yogi Estate-2 Jitali, Ankleshwar, Ahmedabad, GJ	India
S3-656046610	m9certified.com	Texas, Dickinson, 4122 Scenic Drive	US
S3-204602296	Ma Computing Privtea Limited	Ag002, Thippasandra, KA	India
S3-511061141	Studios Asst Pinnacle	Humble, ##4834 Blue Spruce Hill St, Texas	US
S3-130229744	Flores'S Constdlnts Inc.	Dohm Avenue, Guilford, Connecticut	US
S3-603449565	Clear-Textile Consultants LLC	12111 Trinity Rd, Trinity, North Carolina	US
S3-925180963	Private Chintamani Technology Limited	Docr No #5, Chennai, TN, Old No.3, 6Th Cross Street Balaji Nagar, Ekkatuthangal	India
S3-710662213	Indore My Private  Ltd	M-6 Royal Platinum Pu-4 Scheme No. 54 Vijay Nagar, Indore, MP	India
S3-881324999	ஈஸ்டர்ன் கன்ஸ்ட்ரக்ஷன்ஸ் பிரைவேட் லிமிடெட்	Khan Palayam, 4Th Street, TN, Madurai, Madurai North, #36A/12	India
S3-554939010	VVS Services Private Ltd	H-4/13, 1St Floor, Block-h, Pkt-4 Sector-11, Rohini, New Delhi, Rohini, DL	India
S3-422414684	Energy Gron Agro Ventures Private Limited	#B3/682 D-207, New Delhi, South Delhi, DL	India
S3-361681686	Delta Payment Corporation	4230 Gun Club Rd, New Marshfield, Ohio	US
S3-29569789	Agro Wtave Finance Pvt Ltd	Plot 28/11, Dlf Industrial, Phase -2, Sector 32, Faridabad, हरियाणा	India
S3-658367585	Internal Medicine Healltl, LLC	10 Hartsdale Saint, New York, Smithtown	US
S3-687058021	Citadel  Partners	21 Seymour Street, Yonkers, New York	US
S3-281767157	CREATIVE BIOMEDICAL HOLDINGS LLC	New York, Benedict Rd, COLD Sprring	US
S3-643367320	Big	New Delhi, Delhi, Bl-25, South West Delhi, L Block, Jail Road Hari Nagar	India
S3-165039385	Carline Dee	14 1/2 Greene St, Walker, Iowa	US
S3-749818163	Infra Edutech Limited	S.n. #80/2, Flat 12/B/12/C, Vanshaj Apart Pingale Wasti, Mundhwa, Pune, MH	India
S3-465958718	Overseas College Sarvodaya	No 41 Village, Datawali Post Dadri Gautam Budh Nagar Dadri Gautam Buddha Nagar, Gautam Buddha Nagar, Dadri, UP	India
S3-234736926	QY Fsa Private (Limited)	Sy No. 12, Visakhapatnam, Vishakhapatnam, AP	India
S3-713814821	Yazzie  Runway	50 Church Avenue, Frecnhville CDP, Maine	US
S3-487051129	L.L.C. Keystone Technical Solutions,	914 Norbourne Avenue, Vinton Town, Virginia	US
S3-204818060	Eastern  Producer Private Limited	House No 248. 2Nd Floor Pkt 7 Millenium Appts, Sec 21 Rohini Landmark Near Ram Mandir, North West Delhi, Delhi, DL	India
S3-276412206	Dovacalo t/a Chamundeshwari & Sons Limited	Gurugram, Haryana, 2Nd Floor, Jagdamba Palace Near Gurgaon Dreamz Mall, Old Railway Ro, Ad, Gurgaon, Shop No. 2	India
S3-534549209	Metro Oil Summit LLC	9303 Thompson Peak Parkway, Scottsdale, Arizona	US
S3-308684541	Private Innovative Construction Limited	Sri. Dr Ratan Kr Arya, S/o D N Poddar, M G Nagar, Bahadurpur, Patna, BR	India
S3-376396472	Kottarakkara Farmer Private	Door No. Kp Vii/509 B, Madanthacode Nellimukku P.o., Kareepra, Kottarakkara, <NULL>, KL	India
S3-704840214	Sparks and Newland	9959 Old Wagon Trl, Eden Prairie, Minnesota	US
S3-542048883	Aurora Bunce, M.D.  Ltd	12550 Eagles Nest Road, Unit B10, Berlin, Maryland	US
S3-243602818	Youth-Society		US
S3-490852302	Federal Council-(Inc)	4494 Mary Lynn Ln, PMB 146, Carmichael, California	US
S3-762895097	apex cargo llc	614 Silver Grass Court, Wilmington CDP, North Carolina	US
S3-621496431	Ericson and Blackwell	1516 El Ramey Cir, Wilson, North Carolina	US
S3-192744866	XOV  Nidhi Limited	Door No 8/263 Narottam Niwasopp Gandhi Market Sion West, Mumbai, MH	India
S3-452382509	Management Urmi Tours  Private Limited	No. 54, 9Th B Main, 11Th Sectorjeevan Bhimanagar Lic Houseing Colony, Bangalore Rural, Bangalore, KA	India
S3-500827757	SULLIVAN VALUE SUISSE	35 Steinbeck Drive, Valparaiso, Indiana	US
S3-238046816	Oncology (Group)	1533 Colonial Drive, Woodbridge, Virginia	US
S3-461845328	SIGNATURE NUTRITION GROUP	1627 Presbury St, Baltimore, Maryland	US
S3-537020357	GB	1302 Wiley Oak Drive, Jarrettsville, MD	US
S3-508961898	Naus Rocky High Co	911 Bridge St, Victoria, Texas	US
S3-78380455	Khairatabad Collective	Door No 6-3-609/4Flat No.301, Hyderabad, Khairatabad, TG	India
S3-992500059	Golden Barbershop  Inc.	674 Maple Dr, Benner Twp, Pennsylvania	US
S3-275434419	Valley (Network)	341-A Reserve Avenue, Oberlin, Ohio	US
S3-725529660	Veoaria Co t/a Fisoft, Inc	Hanover Park, 1704 Howe Lane, IL	US
S3-852974207	Smt FINCAP HOLIDAYS LIMITED	C/o- Md. Mahbub Rahmani, Flat No-na Vill-mohar Rampur, Panch-baghely, Block-tribeniganj, Madhepura, BR	India
S3-347584652	Etah Services Pvt (Ltd)	Door No 300 Hn-537, Etah, UP	India
S3-609044830	Foot & Ankle Complete Group Holdings Society	20 Brampton Ct, Reisterstown, Maryland	US
S3-88690495	Bay Starling  Partners Ltd	Fayetteville, 318 Beaconfield Dr, North Carolina	US
S3-374698041	Citadel Corp		US
S3-909756335	മാ പ്രൊഡ്യൂസർ പ്രൈവറ്റ് ലിമിറ്റഡ്	D/76a, East Lane, Church Nagar, Ernakulam, KL	India
S3-541948596	Keystone Montreal LLC Center	1818 Heiman St, PO Box 413, Nashville Otwnship, Tennessee	US
S3-216085629	Resnick-Llc	5279 Education Dr, Greenville, Ohio	US
S3-628408994	Gamma & Sons  Pvt Ltd	Building No 660, NULL, Jabalpur, MP	India
S3-603007013	Pranendra-Tools Pvt Ltd	C/o Mohan, Dindigul, தமிழ்நாடு	India
S3-346840193	sew group of companies private limited	C-2-c Flat No.105, Karampura Complex, Karampura, Delhi, West Delhi, दिल्ली	India
S3-535535589	Longshoremen Union  Local No 643	Fm 800, San Benito, Texas	US
S3-707319758	A First Strategy, (ID: 29112)	682 King Philip Street, Fall River, Massachusetts	US
S3-48610260	Department of Building LLC	601 Gulf Shores Pkwy, Gulf Shores, Alabama	US
S3-470506052	Bright Cream Ice	352 Brown Road, East Durham, New York	US
S3-645716810	Arckelo dba Peoria Veterans Superior Council	8761 Manzanita Drive, Peoria, AZ	US
S3-556251618	Lynch, Soiisa, D.O. | www.lynchsoi.com	4874-4876 56th St, DES Moies, Iowa	US
S3-365631315	Crohs,, Elna M.D., P.C.	523 Mancos Drive, null, Colorado, Pueblo West	US
S3-881713120	*** Meredosia Autism Assistance Service	105 Locust St, Meredosia, Illinois	US
S3-404146441	Saksham  Vidyalaya		India
S3-618089151	Lower Ready  Inc	168 Cr 26, Helena, Ohio	US
S3-917370758	Sica Obcf LLC	3624d Grayston Ave, Fort Wayne, Indiana	US
S3-588822094	The Allied Dental Associates	002944 Lillian St, Birmingham, Alabama	US
S3-245442044	LLC Slate	24 Turning Mill Rd, Lexington, Massachusetts	US
S3-285388750	Thompson, Anderosn and Villarreal, [Inc]	7270 Fruitdale Rd, null, Skagit County, Washington	US
S3-446056606	Thomas, Ileana Culture Holdings	Texas, 11523d Main Maple Drive, Houston	US
S3-593982810	cotenexus.com	5rd Avenue, Montana, Great Falls	US
S3-945945786	Greatenterprises.Com	867/79, 5Th Main Road, Mrcr Layout, Vijayanagar, Bangalore North, Bangalore, ಕರ್ನಾಟಕ	India
S3-870310984	Pipefitters Union Local  No 724	6 Bicknell St, Kittery, Maine	US
S3-779602298	हाई इंजीनियरिंग प्रा. लि.	#322 Flat No - 101, Noida, Gautam Buddha Nagar, UP	India
S3-98690032	Operating Engineers Local Union (155)	9379 1rd St E, North Benton, Ohio	US
S3-952334990	Delta  Lloyds Southside Inc.	2002 Willow Creek Road, Paoli, Indiana	US
S3-44528784	Unique Alpha Finance Private Ltd	Singhi Vilas, 10/1, Race Course Road, Indore, MP	India
S3-653359024	Kershaw Manulife Custom LLC	325 Stillman Avenue, NULL, Upland Township, California	US
S3-398898051	EVL 5hipping Private  Limited		India
S3-401621724	ग्लोबल इम्पेक्स प्राइवेट लिमिटेड	198/55, G/f F, Garhi, New Delhi, South Delhi, DL	India
S3-113843354	Montay Shgohi, Inc.	128 Old Club House Ln, null, Southern Pines, North Carolina	US
S3-579611758	Venevue Johnson		US
S3-2388650	Nexevoecto	6565 19th Ave, Unit C18, Phoenix, Arizona	US
S3-721218343	>> Temple-Synagogue	0015 Cleone Drive, Waterbury, Connecticut	US
S3-744172035	Xylonex trading as Damini Educational Society Corporation	Bihar, Patna, C/O Suresh Nr. Singh, Patna, At- Jagat Narayan Road, Rajendra Nagar	India
S3-986434740	ZS Select Foods Partners	244 Box Ln, # APT 1116, Sacramento, California	US
S3-88214501	Bangalore Capital Private Limited Limited	Bangalore, KA, No. 89	India
S3-601941917	Caloumbra DBA Hurley, Cathee, DO	25 Cedar Circle, Stamford, CT	US
S3-36175800	Boost Pánel	405/6, L4, The Summit Business Bay, W.e. Highway, Vile Parle E, Mumbai City, Mumbai, MH	India
S3-163483850	Physical Therapy of Physicians [Romeoville]	84 Honeytree Drive, PMB 7540, Romeoville, Illinois	US
S3-886317108	Mandke Company Service	473, Flat No.101, Deepthi Sree Nagar Colony, Jawahar Colony, Miyapur, Serilingampally, Hyderabad, TG	India
S3-720872951	International Moment Estate	Hooghly, Block G-736 Bibir Ber, WB	India
S3-421800419	Impex Concepts Private #33840	Plot 147 H.30, 2 Fl, Manoj Complex, Central Bazar Rd, Nagpur, महाराष्ट्र	India
S3-16493307	Bharat Exoidifs LLP	Block E-206 A-73, Jj Colony G/f Sec 1 Pappan Kalan, Dwarka, Koch Bihar, South West Delhi, DL	India
S3-509812384	Letourneau Neurosciences	9993- Alleghany Rd, # Site 1067, Darien, New York	US
S3-807725149	FUTURE FOUNDATION PVT LTD	No.51., Bangalore, KA	India
S3-644391882	LEM Midwest PLLC Synchrony	2418 Heather Rd, Wilmington, Delaware	US
S3-85378750	அல் வென்ச்சர்ஸ் பிரைவேட் லிமிடெட்	Door No 116 West Bhasyakaralu Road R S Puram, Coimbatore, TN	India
S3-549714901	East  Haven Community Safe Center		US
S3-94785252	Galaxy  Global Private Limited	B-401, Archit Royal Apt, Mahatma Nagar, Nashik, MH	India
S3-50734640	Mareah Zweifel Trusted Titan-Llc	2018 Chase Ave, Chicago, Illinois	US
S3-526379426	Smart  Industrial Consultants PC	Enterprise, Bellwood Trl, Alabama	US
S3-944381405	Shana Menncodza, L.C.S.W., M.D., [P.C.]	11820 Catalpa Ln, Woodstock, Illinois	US
S3-476795733	Silver Nexpoint Corporation	141. Madison St, Marion, North Carolina	US
S3-660490585	Sr (India) Forex Pvt. [Ltd]	E-50, Anand Niketan, Delhi, दिल्ली	India
S3-689037685	Gulf Chase, Co	7506 Quinn Avenue, PO Box 4002, South Haven, Minnesota	US
S3-384406174	Sosonvue Care Corp	4922 Kelly Creek Rd, Odenville, Alabama	US
S3-174489848	Preferred Choice		US
S3-341995220	সিলভার ফাইন্যান্স প্রাইভেট লিমিটেড	Block E-940 Garden Reach Jetty-2 20 Garden Reach Road, Kolkata, Howrah, পশ্চিমবঙ্গ	India
S3-633882470	Real Limited Partners	TG, Hyderabad, D.no:12/7/134/277, Plot No:277, Jayam Nilayam G-1, G-2, F-1, F-2, Anjaneya Nagar Colony, M, Oosapet	India
S3-869467285	Meyer  Salon	Stallings, North Carolina, 909 Poppy Way	US
S3-909965785	ORTHOPEDIC HIGHLAND CÁRE ASSOCIATES GROUP	3378 E Street, Unit UNIT 9, San Bernardino, California	US
S3-390487584	SB Highland  Mines, LLC	25990 Cedar Valley Road, Natrona, Wyoming	US
S3-899414833	Ridge Project V	Magnolia, North Carolina, 743 Brooks Quinn Road	US
S3-964806615	Stepone (India)-Financial Limited	15-2-15/2, Visakhapatnam, <NULL>, AP	India
S3-716992242	Evolum f/k/a Crystal Chemical Digital LLC	9870 Us 281, Burnet, TX	US
S3-761737179	Atlante Kulinski Tri-State Technical	PO Box 6436, Indiana, Page Road, Grabill	US
S3-991863365	CANDY SCHRADER DESERT ENTERPRISE	Hutton Street, Albany CITY, New York	US
S3-782644843	Urology Group-Service	Fl. 0, 12513- Ridgepoint Circle, Kansas, Wichita	US
S3-784872698	Products Moradbad Parts	H.no #974 Pirojpur, Bangaon, North 24 Parganas, WB	India
S3-48573155	Rizazeph	H.no 17-2-995, Rain Bazar Yakutpura, Hyderabad, TG	India
S3-302516695	Rolston Blue Electric Corporation	0216 Hidden Hollow Ln, Otto, North Carolina	US
S3-187785405	Ceil Bingham Forefront LLC	81 Jayco Street, Andover, Ohio	US
S3-626634961	DAFFIE BOTELHO, D.O., P.C.	North Carolina, 480-482 Barber Loop, Mooresville	US
S3-558122737	Merralee Barnes D.C.	6201 Southwest Freeway, Houston, Texas	US
S3-855847124	#wheatonhunger	Hamilton Dr, Wheaton, Illinois	US
S3-551168660	BY Ace Merger Inc.	31 8nd Ave, North Tonawanda, New York	US
S3-860164513	Nagiya Krishna-Pvt Ltd	#22/265 Talkus Building, Paravur, Ernakulam, Keralam	India
S3-704392944	Louella Braswell Global Gold Corp	920 Big Spring, Missouri City, Texas	US
S3-471178365	Veterans Association LLC	493 Flat Creek Rd, <NULL>, Sprakers, New York	US
S3-45332546	Letta'S Ventures Partners	2036 Prato Court, Nixa, Missouri	US
S3-278403569	Houston Newhold P.L.L.C.	418B 18nd St, Houston, Texas	US
S3-65004334	Lanny N. Shubert, D.O., M.D., P.C. Co	535-537 Hillandale Rd, Seneca, South Carolina	US
S3-329896756	Arihant-Construction	C/o Anil Kumar Agarwal 122, J. N. Mukherjee Road, Howrah, Ghusuri, WB	India
S3-927307110	Sri Mahashakti  Medical Centre	F.16a Ruby N Blk Olympia, Opaline Sequel, #33 Rajivgandhi Salai Navalur, Chennai, TN	India
S3-61912482	6 4 Wheeler Southside LLC	Florissant, Missouri, 1500 Swallow Ln	US
S3-512059909	American Trusted Ássociates Ltd	329 3nd Street, N/A, Minot CDP, North Dakota	US
S3-188588715	Vaikunth Care-Products	Gf-3., New Delhi, Central Delhi, DL	India
S3-565672752	Little Nails Co	508 26th St, City Of Manitowoc, Wisconsin	US
S3-543949107	Direct Property	43 Barksdale Ct, Charles Town, West Virginia	US
S3-291921189	central property digital inc	96 Main St, Westfield, New York	US
S3-154968752	Galaxy Media Prgete Limited	KA, A-501, Bengaluru, Bangalore	India
S3-805664156	यूनिवर्सल श्याम एनर्जी	#62 Prem Nagar Z Block Paprawat Raod, Najafgarh, New Delhi, South West Delhi, DL	India
S3-689128904	(Center) Commercial Logistics LLC	Raleigh, North Carolina, 2416 Kilgore Ave	US
S3-977879512	Metro V Partners	90 Falls Branch Road, Lavalette, West Virginia	US
S3-362710636	Fulton Price Services	3711 125th Avenue East, Tulsa CITY, Oklahoma	US
S3-622206124	Ortega (Ventures)	201 1/2 Montana Wells Road, Rio Rancho, New Mexico	US
S3-928286759	Western  Quality	32 Park Avenue Court, Unit 8, West Springfield, Massachusetts	US
S3-41120314	Leahy, Wagner & Ramos	04423 Lawnwood Drive, Montgomery CITY, Alabama	US
S3-784301608	Tirupati Developers Pvt Ltd.	1288, Parshuram Taware Compound, Narpoli Village, Bhiwandi, Thane, महाराष्ट्र	India
S3-432637301	Halderman, Wgnr And Rocco Therapeutics LLC	1077 Rodman Street, # 101, Fall River, Massachusetts	US
S3-881427723	Pune Farmer Farmer Pvt Limited	Bramha Suncity Building C-1- Wadgaonsheri S 7/1-5 8/1/2, Pune, <NULL>, MH	India
S3-505038458	Shri Future Technology	Dohr No 07-93/306, Flat No.306, Dolphin Estates, Yamuna Saraswathy Blockkanur Panchayat, Penamalo, Oru Mandal, Vijayawada, AP	India
S3-402754837	Services Mills & Marks Inc.	104 Roanoak, Dripping Springs, Texas	US
S3-804233376	Vioflux	1017 Westgate Avenue, Durant, OK	US
S3-886772558	Nexflux D.B.A. Dido Johnson Affiliated LLC	MA, Scituate, Unit 204, 12 Meeting House Lane	US
S3-806781586	Thirumala Technologies Company	H.no 452 At Washi, Tal Washi, Vashi, Osmanabad, MH	India
S3-768838098	Polk Mcgee &	20 Zelkova Rd, Williamsburg, Virginia	US
S3-299850532	Brinson Mdantni Midwest Alliancebernstein LLC	59 Hound Road, Oklahoma, Stigler	US
S3-19144056	Pediatric Dental Health  LLC	Illinois, #101 York St, Elmhurst	US
S3-966715855	Keshan Udyog Pvt. Ltd.	H.no 572 D-42 Shiv Ram Park Nangloi, West Delhi, Tikri Kalan, DL	India
S3-704230224	Quirino and Skidmore Center	2544. Weddington Ave, Charlotte, North Carolina	US
S3-557118165	Regional  Council	22110 Laredo Trl, Adel, Iowa	US
S3-403541701	Seven Technologies Private Limited		India
S3-181828844	Long, Nelson And Villarreal Meridian Ltd	3117 Horsepen Branch, Faytteville, North Carolina	US
S3-900154374	lelawildermd.com	Louisiana, Baton Rouge, 725 Lakeview Dr	US
S3-18096391	Best-Frontier Obic	California, Dixon, 910 Newgate Way	US
S3-755925723	Total Summit  Resource LLC	417 Ridge Road, North Fairfield, Ohio	US
S3-819317697	Ravika Manufacturing	0025, Coimbotore, Coimbatore, TN	India
S3-377501756	Merced Platinum-Signs Inc.	10 Main Street, Merced, California	US
S3-180827457	Pvt. Vadapalani Association Ltd.	No 96, Natarajan Street, Dhanalakshmi Colony, Vadapalani, Chennai, TN	India
S3-775534207	Morelock Feahion	29652 Jeans Road, PO Box 3071, Veneta, Oregon	US
S3-973286895	Barber, Dinny Clear Snow Holdings	Minnesota, Shakopee, 1642 Deganey Ln	US
S3-546682161	Umang Motors Private Ltd	A/101, Pratik Arcade Old Pratap Press Lane, Bhagatalav, Surat, ગુજરાત	India
S3-251264764	Heath Housing Desert Program [PLLC]	Glenwood Dr, Heath, Ohio	US
S3-740473509	Pontious  Worldwide Inc	7- Hunters Creek Dr, Huntsville, Texas	US
S3-340825288	Credit Engineering Bránds, LLC	##7 La Pasada Ln, Pecos, New Mexico	US
S3-730384891	Pediatric Physicians Center Center	Lavergne, Tennessee, 189 Deer Drive	US
S3-602123673	Sri Jay Ventures Furniture Private Limited	49-C, <NULL>, Delhi, North West, DL	India
S3-594971383	Therine Morales Clear Foods	326 Fifth St, Oswego, New York	US
S3-810680795	Vibrique  LLC	3 Mary Esther Drive, Enfield, Connecticut	US
S3-800088744	Vioumbra a/k/a Liebig Harbor United	4 Fall Street, Wareham, MA	US
S3-254800941	Rodi Youngblood Advertising LP	201- Picea Dr, PMB 1625, Austin, Texas	US
S3-249659870	TEMPLE CHURCH	1702 Gallagher Rd, Plymouth Township, Pennsylvania	US
S3-445245176	Williams Vanguard Consumer LP	454 Golf View Dr, Crystal Lake, Illinois	US
S3-400716514	Wccigroup.Com	#10, Tor-31, Faridabad, HR	India
S3-95197055	शिवम Impex प्राइवेट लिमिटेड	C/o Ram Akshayvar Gupta, Gram Samantha Po-samar Singhpur, Tehsil Bhiti, Ambedkar Nagar, उत्तर प्रदेश	India
S3-401375874	@Townlakewood	Lakeowod, 18302 F, PO Box 5530, Wisconsin	US
S3-844891644	Mohit Pvt  Construction Ltd	#656 First Floor, Khivraj Complex Iii, 480, Anna Salai, Chennai, Chennai, TN	India
S3-120063707	NELSON, FISHER & HEADLEY	Unit Apartment B, 8941 Waltham Woods Rd, Pakville, Maryland	US
S3-604998008	Federal Floating Corporation	184 Terry Avenue, Springdale, Arkansas	US
S3-408392492	Rubia's Property Solutions LLC	18020-D Seco Creek Ln, null, Humble, Texas	US
S3-963459742	Alpha ડેવલપર્સ Private Limited	Ahmedabad, Hn 344 49-50, Annapurna Ind.estate, Inside Zaveri Estate, B/h C.l.high School, Singarva, Kathwada Road, ગુજરાત, Ahmedabad	India
S3-52494817	Case  and Knight Associates	6425 Scarff Road, New Carliisle, Ohio	US
S3-550632574	Parmarth Fashions		India
S3-838142812	Rhine  (India) Travels Private	No 51 Regus Gurgaon, Basai Road, HR	India
S3-301406271	Deaton and Mitchell Muzero	1328d Baldwin Road, Yorktown Heights, New York	US
S3-450705510	Samvardhana Brothers	Andhra Pradesh, No #47, Qutubullapur, Hyderabad	India
S3-728218223	Middle Petrochemicals Private [Ltd]	C/o Sarange R. Mankar, S/o Ramrao Mankar At Punoti Bk, Tq Barshitakli, Barshitakli, Akola, MH	India
S3-356819066	Elite Environmental  Indutstreis Group	34410 La Raye Drive, California, Yucaia	US
S3-674687775	Buvue Center	710 Governors Rd, Winnabow, North Carolina	US
S3-345039708	બિગ પ્રોડ્યુસર પ્રાઇવેટ લિમિટેડ	702.Pratik Mall Vill Kudasan, Tal Gandhinagar District Gandhinagar, Gandhinagar, Gandhi Nagar, ગુજરાત	India
S3-906871485	Palm Tradevin Pivrate Limited	TG, Plot No.39, Shine Industries, Tsiic, Medak, Plot 584 Sy.no.228/9	India
S3-482107933	AZP Prime National Incorporated		US
S3-919954258	Smt Frog India  Ltd		India
S3-826473952	BS PC Service (ID: 68790)	42 Arlicgton Road, NULL, Windsor Llocks, Connecticut	US
S3-517354126	King Spartacus	Ardden, 5 Henbit Way, North Carolina	US
S3-875269440	UNIQUE WELFARE SOCIETY	Block F-501 C/o Ram Kumar Gay No 166, Lucknow, UP	India
S3-761720297	Bidget Monroy Ace Ace Floating, Inc	1034 Pequawket Trl, Baldwin, Maine	US
S3-740918157	Express Dtesirn Dtesirn Works (Llc)	2741 Juniper Way, City Of Holladay, Utah	US
S3-628522621	hansen elite management clinic	3552- 186th Street, Lansing ICTY, Illinois	US
S3-770133094	Chiropractic  (Medicine)	242 Godfreys Ln, Hertford, North Carolina	US
S3-46982146	Lyranco Acadia	1537 25th Avenue, Texas City, Texas	US
S3-715651827	Andriette Raper Cornerstone Efes Holdings	2527 Frye Road, Chandler CITY, Arizona	US
S3-850741570	Green Construction Studios Corporation	Sudal Hill Rd, Boonville, New York	US
S3-971440210	Agrawal Polytechnic Ltd	#231 01St Floor Muthanallur Cross Dommasandra, Sarjapura Main Road Bangalore, Anekal, Bangalore, KA	India
S3-427636936	Little Seafood Center	Central Square, New York, 548 Main Street	US
S3-743560030	West Broadband	878 Bneninghaus Rd, Baltimore, Maryland	US
S3-722311611	>> Temple ((Synagogue))	0015 Cleone Dr, Waterbury, Connecticut	US
S3-859126994	@greatproperties	தமிழ்நாடு, No.1 Arakkampakkam Main Road Arakkampakkam, Chennai	India
S3-296196316	Kathi Johnson Chesapeake Partners	51 Doe Hill Dr, PMB 2364, Augusta County, Virginia	US
S3-552581065	Garcia Dental Associates Inc	288 Market Blvd, Collierville, Tennessee	US
S3-888305970	East Group Inc Center	Maryland, 7143 Pheasant Cross Dr, Pikesville	US
S3-162623206	3Pitn	2100 Unit#53 1/2 Blanco Blvd, New Mexico, Bloomfield Township	US
S3-698144986	lq andconstruction co	3-1208/6/2/C/1, Flat No. 603, Pinnacle Towers, Uma Nagar, Secunderabad, Hyderabad, TG	India
S3-277781150	Highlife Limited Center	4-24, Thimmapur, Karim Nagar, Thimmapur, తెలంగాణ	India
S3-764307029	Swati Polytechnic	C/o Sikhdev Govidrao Choudhary Padalsingi Tq Gavrai Dist Beed, Beed, Bid, महाराष्ट्र	India
S3-621619851	Dawson, MD Tíldi,	7906 Silent Shadow Ct, Floor 0, GLEN Burne, Maryland	US
S3-679184843	Family  Associates	05715 Hwy 196, Potwin, Kansas	US
S3-563778574	Zephfaye doing business as Dreamlight Solar Private Limited	C-101 Gali No-4, Ganga Vihar, Delhi, North East, Delhi	India
S3-760463639	Horizon Desert Metal LLC	11221 176th St, Collinsville, Oklahoma	US
S3-714076788	Colonial Capital		US
S3-971372809	Sosa's Healthcare	3476 Wilkinsville Rd, Drummonds, Tennessee	US
S3-980121678	Global-Investments-Private Limited	Plot 188 2/3, Guruwar Peth, Near Panch Houd, Pune City, Pune, MH	India
S3-617911770	Inc West Harbor Southwest	14136 Faulkner Ct, Plainfield, Illinois	US
S3-953565134	Unified Pcarining Worldwide LLC	1223 Raleigh Blvd, Raleigh, North Carolina	US
S3-967550560	Maharaj Limited Business	Unit No 0213 & 214, 2Nd Floor, Welldone Tech Park, Sec-48, Sohna Road, Gurgaon, HR	India
S3-694697675	Lolly Myint  Growth Coastal	374 Hudson Ave, Newark, Ohio	US
S3-101903094	कृष्ण सॉल्यूशंस प्राइवेट लिमिटेड	Shop No 107- 108 1 St Flr Aggarwal Plaza Sector 14 Rohini, Delhi, North Delhi, DL	India
S3-932939604	Urology Center,	151 Ellen Street, Oswego, New York	US
S3-773094369	Ltd Red Tavern	614 Hemlock St, Brookings, Oregon	US
S3-354285826	Arihant Investments [Pvt]	5 Clive Row 3Rd Floorr No 73 P S Burrah Bazar, Kolkata, Calcutta, পশ্চিমবঙ্গ	India
S3-165667453	6-corners	354 Dorchester Street, Unit 1, Massachusetts, Boston	US
S3-731929384	Verawexx Formerly Custom Metro	3209 Brett Jackso Drive, Crowley, TX	US
S3-161234533	Edwards Tpg Partners	2325 Davis St, Kannapolis, North Carolina	US
S3-515768130	Pune Consultancyprivate	B3/56/1/37 Kawde Nagar New Sangvi, Pune, MH	India
S3-19815285	Tully Taxable Corporation	Westgate Avenue, Durant, Oklahoma	US
S3-191244970	Cascade Résources	New York, 0621 Terrace Avenue, Mount Vernon	US
S3-229986380	जय Properties Pvt Ltd	Plot C-506 Plot No. D-11 30/12/3 And 30/12/4, D-ii Block, Midc Pimpri, Pune, Pune City, महाराष्ट्र	India
S3-46545161	Morgan, Yang-& Hll P.C.	15967 Modesto Dr, Eugene, Oregon	US
S3-390089619	Orthopedic Coastal LLC Services	3000 Kerry Circle, Achorage, Alaska	US
S3-272228314	Urban  Solutions	Plno-8/9, Chhatrapati Sambhaji Nagar, Ch.sambhaji Nagar, MH	India
S3-763745673	All Ace Aidvsory Inc.		US
S3-756488415	ইউনাইটেড ইন্ডাস্ট্রিজ প্রাইভেট লিমিটেড	188, Rabindra Sarani, 1St Floor, Room No. 47, Howrah, Calcutta, WB	India
S3-115311625	BREMERTON LEARNING CENTER	Bremerton, 6295 Juanita Cir, Washington	US
S3-920761724	Womens Health Care Co	151 1/2 S St, Washington, Unit A, District of Columbia	US
S3-31324294	Tex Rice Pvt Limited - 4042711576	Door No 1-59, Mayiladuthurai, Nagapattinam, TN	India
S3-283155068	Hernandez Valley Corp Services	322  Orange Ln, Port Isabel, Texas	US
S3-68085626	Choice Consumer Brands Westgate LLC	1115 Crestwood Dr, Beebe, Arkansas	US
S3-146605945	Ciratavo d/b/a Capital Charities	15276 Tyson Way, Frenchtown, MT	US
S3-124985388	Shree Limited Services	No. 13, Jagannath Nivas, Ground Floor, Avantikabai Gokhale Cross Road, Opera Ho, Use, Mumbai, Mumbai City, MH	India
S3-123168304	Alpha Services Private Limited	#228/1, Delhi, East Delhi, DL	India
S3-138759037	Taylor Breeze, LLC	00312 Alma School Road, Unit 14, Chandler, Arizona	US
S3-202621760	PHYSICAL THERAPY QUALITY CARE ASSOCIATES (ID: 17294)	Beckemeyer, Illinois, ##131 1rd Street	US
S3-981072274	Richardson Center	Round Lake Beach, Illinois, 1519 North Avenue	US
S3-912311069	Federal Cheter School	1105b Clifford St, Pulman, Washington	US
S3-655070981	ब्राइट टेक प्राइवेट लिमिटेड	S.c.o A-191, 3Rd Floor, Huda Ground, Jind City, Jind, HR	India
S3-630554385	Laughlin, Adrian A., L.C.S.W., DDS	724 Enzo Ct, Unit APT 208, Rock Hill, South Carolina	US
S3-187531425	Creative Platinum Exchange	Providence Avenue, Niskayuna, New York	US
S3-369673106	Twenty Realty Limited Limited Services	C/o Tarun Kumar Dey, Purnia, BR	India
S3-441793162	Southern Ltg Limited	D No 7-214, Hunasebettu, Nitte Village, Udupi, Karkala, KA	India
S3-723259108	3724 Jefferson Lane	77 North St, Unit 1, Somerset, Massachusetts	US
S3-612807069	*** Pediatric Dental Care  Keystone LLC	71 Natoma St, Folsom CDP, California	US
S3-329877531	It Limited Limited	C/o.mr.gopal, Vill&p O Puwari Kalan, Prem Ngr Crossing, Nr Puwari Kalan, Pan Bhawan, Varanasi, UP	India
S3-652403281	Paris Cascade	Paris, Texas, #775 42st	US
S3-226337568	Cascade-Health  Center LLC	313 Locke St, Woodsboro, Texas	US
S3-272084688	Service Roderick, Lang and Castillo LLC	1754 Otis Road, Otis, Massachusetts	US
S3-249758574	PDI Westin (Downtown)	00116 17st St, Wilmington, North Carolina	US
S3-104940328	Oncology Midwest-Associates	9300 Pinzon Pl, # 104, Columbus, Ohio	US
S3-968963399	Barnala Limited Private Learnings	C/o Lotus Global Enterprises Limited, Barnala, PB	India
S3-121936101	Advanced Talent Products Incorporated	15 Crystal Conrt, Greenwood Lake, New York	US
S3-431343807	Straight  Edge Bike Shop Group	203 Indian Woods Rd, Elizabeth City, North Carolina	US
S3-66968291	Francis Mtgo Douglas	572 Brandies Cir, Murfreesboro, Tennessee	US
S3-14934788	क्रिएटिव प्रोजेक्ट्स लिमिटेड	12Thfloor/1, Mumbai, Mumbai City, महाराष्ट्र	India
S3-551607344	Tirupati Power Limited	19, Ghaziabad, UP	India
S3-818627506	Synzeta	Plot 880 Flat No G-001, Gautam Buddha Nagar, G B Nagar Noida, UP	India
S3-487399824	westernanimalhospital.com	287-291 Forest Road 157, Ramah CITY, New Mexico	US
S3-654754586	गोल्डन एस्टेट प्रा. लि.	Office No. 205 R Cube, Nr. Atul Nagar Warje, Pune City, Pune, MH	India
S3-370122142	Arihant Raj Software Pvt Ltd	H.no 829 A-1/177 Swadeshi Compound, Sector-17, Kavi Nagar, Ghaziabad, UP	India
S3-728107861	Nls Caetls Pvt Ltd	K #206, Bengaluru, KA	India
S3-640302990	newjaifood.com	Ananddham Apt Tithal Road, Valsad, GJ	India
S3-112433266	Bangalore  North Weaving Private Limited	G-79, Uas Layout, Allalsandra, Yelahanka, Bangalore North, Bangalore, KA	India
S3-557248952	Grace Zion Corp	Madison St, Springfield, Illinois	US
S3-747876923	Billie  Beckerman Silver Armada, LLC	116 Syndi St, Hertford, North Carolina	US
S3-968408250	Ariella Cox Gróup Center	18500 Flamingo Avenue, Cleveland, Ohio	US
S3-836987351	K5P UNITED INC	##130 Queen St, # UNIT 4, Strasburg, Virginia	US
S3-802825293	Maurise Miller Bay (Axiom)	5705 Nijmegen Dr, Del Valle, Texas	US
S3-221080971	Hannie Spearman Diamond Electric East	3707 Seville Drive, Hermitage, Tennessee	US
S3-545995711	Sterling Superior Securitie LLC	Maine, 166 Marsh Rd, Sabattus	US
S3-222879441	Kozlowski Piedmont	Bremerton, Fox Run, Washington	US
S3-266026719	Dinny Lindsey-Media LLC	Wisconsin, Menomonee Falls, N82w13414 Fond Du Lac Ave	US
S3-657155837	2070 Park-Way Partners Partners	11 5th St, Marshalltown, Iowa	US
S3-151566480	foundationyogitaclinic.com	Door No 10, Borivlai East, Mumbai, MH	India
S3-286059717	Balaji Products Private Ltd	Door No 5-1, Rajendra 3Rd Street Melaponnagaram Main Road, Arasaradi, Madurai, TN	India
S3-19082444	Bison Insight L.L.C.	519 Massachusetts Street, Erie, Kansas	US
S3-924654800	Anchor Quality Ltd	211 Pratt Avenue, Unit 24, Lowell, Massachusetts	US
S3-862089762	भारत फाउंडेशन प्राइवेट लिमिटेड	E-1-1, Jaipur, NULL, RJ	India
S3-219944203	Choice All Heritage	1119 Walnut St, Plymouth, Indiana	US
S3-43097454	Zephcira	KL, Thottilpalam, #355 104A, Kozhikode	India
S3-322347143	Navkar (India) Media Ltd #41504	Sn.4/131 Wagdaon Bk, Amarjyot Chowk, Haveli, Pune, MH	India
S3-596819067	Basti-Club	01, Belgadi Mishroliya, Gandhi Nagar, Basti, UP	India
S3-236031788	Vansh  Institute	Pune, MH, Sr. No 1-53/1, Pune	India
S3-807906276	Buck of Stafford LLC Center	4 Topsy Dr, Stafford, Connecticut	US
S3-136800035	Morgan Bain LLC Services	21A Courtesy Dr, Thomasville, North Carolina	US
S3-56826168	Anchor Global	95 Grover Pl, West Terre Haute, Indiana	US
S3-889873031	International Infra Enterprises Private (Limited)	T008/409, Tower - 8, Paras Seasons, Sector - 168, Noida, Gautam Buddha Nagar, UP	India
S3-299290019	TR F0undations  Private	Bungalow No. 9/3, Golden Beach Co - Op Housing Society Limited, Ruia Park, J M Marg, Juhu, Mumbai, MH	India
S3-154028432	Anand Foods Private (Limited)	Door No 1St Floor, Bangalore, ಕರ್ನಾಟಕ	India
S3-956975734	Swastik Good Próducer Private	No 222 Kmc Xvii/130 Balavilas Bldgsreenivasa Iyer Road, Kottayam, Kollam, KL	India
S3-11638162	Smt Sakthi  (India) Estates Private	Flate No - 082-B, Delhi, North Delhi, दिल्ली	India
S3-866200589	Star Energy Garments Private Limited	No 402Mayfair Greens 2.Block, Darjeeling, WB	India
S3-161526895	Hari Energy Limited	0608, Anand Vrindrawan, Sanjay Place, Agra, Opp. Shahid Smarak, Dayalbagh, उत्तर प्रदेश	India
S3-840703614	internationalstaffinginnovations.com	357 Westchester Square, <NULL>, Billings CITY, Montana	US
S3-703942540	Sanjeev & Brothers-Private Ltd	#287 C/o Patbl Dargabhai Ratanshibhai, At- Tithgam, Village- Tithgam, Vav, Banaskantha, Banas Kantha, GJ	India
S3-874271852	Ajinkya & Co (Infratech)	UP, No 18, Indirapuram, Ghaziabad	India
S3-396814159	Bs & Co Overseas Ltd	Door No 90-31-53, Rk Warehousing Society, Nr. Alfa Hotel, Nh No.8, Aslali, Taluka: Daskoi, Ahmedabad, GJ	India
S3-568683455	Mahalia's Beent Marketing Partners	Massachusetts, 9 Circuit Rocd, Braintree	US
S3-955309392	साउथ एंटरप्राइजेज प्राइवेट लिमिटेड	No 037 C/o Biram Singh, Near Gov Hospital, Vaina, Aligarh, Aligarh, Vaina, UP	India
S3-868649926	Physical Therapy Platinum of Houston LLC Center	7216 1/2 Los Angeles Street, Houston, Texas	US
S3-938990963	Shiv C0nsultancy Private Limited	Door No #901 Sapphire Nr Cargo Motors, City Ahmedabad, Ahmedabad, GJ	India
S3-763611571	Neksari Athene LLC	#3401 6 Castlevale Road, Yakima, Washington	US
S3-801248360	SB Highland  Mines, LLC	25990 Cedar Valley Rd, Natrona, Wyoming	US
S3-609296352	WE Business Ltd	H.no 2/26 D, Udumalaipettai, Coimbatore, TN	India
S3-924363985	Quality-Biomedical Global	Chicago, 421 Laramie Avenue, Illinois	US
S3-30996145	Apex-Apparel Services Inc.	215 Broad St, Building A, Bremerton, Washington	US
S3-422849308	Lavue Group Services	1724-C Rupert St, MC ELAN, Virginia	US
S3-195586335	Stag South	14860 Admission Way, # 133 A, LAKE Havaus CITY Township, Arizona	US
S3-819797468	Trinidad 8etter Pony-Llc		US
S3-409566858	Juliette Campos Mines West [Pllc]	8032 Trousdale Dr, # 1306, Charlotte, North Carolina	US
S3-989537691	Holdings First Cage	14734 Alger Rd, Cleveland, Ohio	US
S3-177762151	Ridge Committee	Texas, Coppell, 110-B Sandy Lake Road, # 122	US
S3-521290915	Continental Accounting	137 Lower Ridge Road, Conway, Arkansas	US
S3-147955460	maid hypn0sis westgate	327 Hyland Dr, Clay, New York	US
S3-103006214	Veosynx aka Novara Galaxy LLC	8800 Crandon Avenue, Chicago, IL	US
S3-707224676	அரிஹந்த் ஃபுட் லிமிடெட்	No 15, 2Nd Floor Plot D, Jai Nagar, 22Nd Street, Arumbakkam, Maduravoyal, Chennai, TN	India
S3-627977391	GROUP A ACE FARMERS	145 Industrial Dr, Elizabethton, Tennessee	US
S3-674457726	Beacon Wireless	400 Mcchesney Ave, Troy, New York	US
S3-831581600	Tinsley Golden Home Care	Jeremy Hill Road, North Stonington, Connecticut	US
S3-236500109	Express Atlantic Downtown Center	6253 Eagles Roost Dr, Tucson, Arizona	US
S3-287262831	Private Sunrise Infrastructure Ltd	946-B, Near Jain Sthanak, Gyan Nagar, Vidhya Nagar, Girwa, Udaipur, RJ	India
S3-950784236	Llc Atlas Bond	18209 44nd Way, Vancouver, Washington	US
S3-757225757	Bangalore Services Limited Partners	ಕರ್ನಾಟಕ, Bangalore, No.a-183 Tavarakere, Bangalore, Madiwala	India
S3-170549682	Innovative  Constructions Pvt Ltd	A 203, Pune, MH	India
S3-987032498	Heart-Initiative IUII LLC	120 Skyway, Vallejo, California	US
S3-796311177	Vision Coastal PC Services	1347 7nd Avenue, Watervliet CIY, New York	US
S3-737433595	Sugam Traders of Lucknow Private #69056	Plot 929 C/o Ram Prasad Kakraha Purwa, Baghamau Chinhat, Jabalpur, Lucknow, UP	India
S3-887579763	Angelita-Fickle Bright Venture LLC	8460 Liekiln Pike, # Unit 1227, Cheltenham Township, Pennsylvania	US
S3-40308927	ശക്തി ഇന്റർനാഷണൽ പ്രൈവറ്റ് ലിമിറ്റഡ്	Kannur, കേരളം, Door No 14/430 F, Tenco Centre, Chirakkal P.o Puthiyatheru, Valapattanam	India
S3-374363503	Fortune Finance	Rs No 226, Flat No C-808 Anantpuram Appart Bapat Camp, Kolhapur, Maharashtra	India
S3-417029585	Krishna Networks	DL, Shop In Plot No.-03/5 In Kh No. 52/18/2, South Delhi, G/f, Bhwani Kunj, Kishan Garh, Anand Morden, Store, New Delhi	India
S3-408222660	Rocky  Health Centre LLC	##1408 Kiamichi Street, Hugo, Oklahoma	US
S3-761267408	royal consulting	100 Amber Woods Drive, Fort Mill, South Carolina	US
S3-671684390	Saint Catholic Church Summit	3931 Bridgeview Rd, Sarcoxie, Missouri	US
S3-608853062	Pvt. Frugal Tsogch Infratech Ltd.	13/4, Sant Nagar, Part Of 2Nd Floor, New Delhi, Sant Nagar, DL	India
S3-641192140	Electricians Union Local  No 762	210 Plank Road, Unit STE 6, Altoona, Pennsylvania	US
S3-638732165	Silverlakeshore.Com - 3878287168	138th Street Court, Puyallup, Washington	US
S3-996794702	Abha Lubricants Limited Private	Flat No 104 P C Colony, Patna, बिहार	India
S3-908850900	Sai यूनिक Consultancy इलेक्ट्रॉनिक्स Private Limited	B-701 7Th Floor C/12 Mansara Apartments Vasundhra Enclave, East Delhi, DL	India
S3-442377727	A Cure 2 You Inc.	Summit Street, Toledo, Ohio	US
S3-380018128	Liberty Inc Council	630 Cartwright Ct, Manassas, Virginia	US
S3-226691300	Sorcha Chester Desert Adr, Incorporated	Oregon, 17771 Beaver Ct, Beaaverton Township	US
S3-947621347	Dovanex	Washington, Federal Way, 30445 1st Pl	US
S3-253496399	Hymel Service	342 International Way, Alpine, Utah	US
S3-211210772	the dent pub!	4846 Waveland Ave, Chicago, Illinois	US
S3-293473678	Oncology  Center	# Apartment 2, 610-614 Canary St, Dunkirk, New York	US
S3-272575	Onida Jaramillo Superior Business L.L.C.	1450, Fl. 0, Chico, Texas	US
S3-329450357	GT Abony, Llc	35 Marshall Blvd, San Bernardino, California	US
S3-710744575	Ridge Immunopharma  P.C.	6212 Elati Ct, Fairfax County, Virginia	US
S3-679552690	अरिहंत कंसल्टेंट्स प्राइवेट लिमिटेड	Chaudhary Auto Traders Kuchaman City, RJ, Kuchaman City, Nagaur	India
S3-207397232	Literacy Project	120 El Mundo Rd, Rio Communities, New Mexico	US
S3-241913599	Kalburgi Azad Enterprises Pvt Ltd	Mira Road East, महाराष्ट्र, Pvr Realty Private Limited Shop No.14	India
S3-219012639	Vakratund  Center	Hr-7-6, New Delhi, DL	India
S3-395016531	Mr Falak Gas		India
S3-727677120	Winner Best	Sub Plot No. 6 60/61 Lati Bazar Gita Mandir Road, Ahmedabad, GJ	India
S3-190297280	WEST Jordan CITY BHAV INC.	#6709 Interlochen Ln, WEST Joordan, Utah	US
S3-197968601	Howard Holdings	6318 1/2 Raven Street, Chicago, Illinois	US
S3-323766665	Quoquo Emlging	1907 Montana Ave, <NULL>, Helena, Montana	US
S3-616190842	Oncology [Physicians]	Osage County, 21332 Stubbs Rd, Kansas	US
S3-659000539	Knight, Rodriguez & Osborne Energetics	Ohio, Akron, 1091 Ericsson Ave	US
S3-231932455	Roberts Custom Lincoln	50 11th Street, # Apartment 1711, Covington, Kentucky	US
S3-287635056	ബോംബെ കൺസൾട്ടന്റ്സ് പ്രൈവറ്റ് ലിമിറ്റഡ്	Door No.vii/620-f12, Vii/620-f13, Second Floor Kolanchery Towers, M. C Road, Angamaly, Ernakulam, കേരളം	India
S3-640612462	Solola Guardian [Corp]		US
S3-564450110	Arihant Business Private Ltd	84 Vinobha Vihar Model Town Vaishaly Nagar, Jaipur, RJ	India
S3-922768829	Integrated  Robotics Associates Inc	##5336 Hunt Master Dr, Unit APT A, Chesterfield County, Virginia	US
S3-324399990	DT	15 Blue Point Road, Islip, NY	US
S3-498566103	LLC Como, Jnohncn & Thompson Axiom	103 1/2 Hyde Park Ct, Unit X, Cary, North Carolina	US
S3-618911704	Chennai Dealcom	Indian Chmber Building1 Floor 6 Esplanade Chennai, Chennai, தமிழ்நாடு	India
S3-395905888	हरि Investments स्टोर्स Private Limited	Jaipur, राजस्थान, P. No. 112 S/11 Shri Ram, Jaipur, Nagar Ext. Kalwar Road	India
S3-36558216	Holdings Capital Trust	14927. Edgewater Drive, Lakewood, Ohio	US
S3-895955823	Cuttack Pharma Private Ltd	OD, Cuttack, C/o Dandapati Santosh Ku Dora	India
S3-280697868	Sri Sln Traders LLP	No ##69 Saianugraha, Crossroad, Northcarstreet, Nagercoil, TN	India
S3-972515417	LLC Alioto Alchemy	5 Court Pl, Cromwell, Connecticut	US
S3-770516723	Sard Realtors (India) Private		India
S3-421845319	Flint Inc.	3123 1/2 Broad St, Richmond, Virginia	US
S3-168334619	Luu Luu Best		US
S3-730950753	ujjawal polytechnic	16, Ashiana Road, Patna, P.o.- B.v. College, BR	India
S3-509503903	NATIONAL CENTER HOLDINGS	6554 Dobson Sq, Columbus, Ohio	US
S3-437433082	Mumbai Limited Prívate It	No 6 Ravi Kiran Estatemongins Lane New Link Road Andheri (W), Mumbai, महाराष्ट्र	India
S3-761480389	Mahananda & C0  Corp	Plot 783. A 10, Plot No. 88, Pharma Cghs Indraprastha Extn., East Delhi, New Delhi, DL	India
S3-409039597	Regional Center Corp	204-208 Rutledge Rd, West Virginia, Princewick	US
S3-626122918	New Delhi Ventures Private	Rz-56a, Upper G/f, Gali No. 1 Raj Nagar-1, Palam Colony, New Delhi, South West Delhi, DL	India
S3-401193882	Forbis, Hill & Farrar Corp	7232 Princeton Ave, Chicago, Illinois	US
S3-185757970	अर्बन केयर एलएलपी	Door No 25-26 Fatehpura, Near Chungi Naka, Udaipur, RJ	India
S3-610385758	Clark Stores LLC Services	821 Chadwick Cir, Frederick, Maryland	US
S3-365687999	Shyam Estate Private Ltd	C A-1069 Sushant Lok 2, Gururam, Gurgaon, HR	India
S3-294926565	Tavoavi	0800 Grant Street, Durham CITY, North Carolina	US
S3-222146334	Indriya Industries  Limited	53-16-64/2, Vizag, Seethammadhara, AP	India
S3-943888857	granite corp	28888 Canal Rd, Orange Beach, Alabama	US
S3-986333700	Santacruz East Development Private Ltd	Hn 874 802-B, 8Th Floor, B-wing, Grande Palladium, Metro Estate, 175 Cst Road, Kalina, Mumbai City, Santacruz East, MH	India
S3-967119886	Golden Book Book Sroe	Champlain, New York, 1535 Ridge Road	US
S3-160286745	Mira Martinez Aspac Center Corp	51604 Oakwood Dr, Bay Minette, Alabama	US
S3-641393656	Espinoza 8iopharmaceuticals PC	2D Franklin Street, Norwich, Connecticut	US
S3-620856171	BIG COFFEE INC	570 Grace Stone Dr, PMB 8213, Clarksville, Virginia	US
S3-805470021	itconvention.com	Kadir Lodge, Sathyamangalam, Erode, தமிழ்நாடு	India
S3-824363958	Indraprastha Kosh Private Límited	MH, Sr. No. 55/1, 56/1, 57/1, Akshar Elementa, Fl No1006, Pune, Pune City	India
S3-474329282	Daisie Craig Frontier 0rion	00385 Hazelbrook Dr, Keizer, Oregon	US
S3-410673454	LLC Signature First Paitnum	326-328 Sunflower Dr, Vinton, Virginia	US
S3-373390022	Silver Bancorp-LLC	714 Lee St, Alexandria City, Virginia	US
S3-464194280	Beyond Súgar Limited - 5086029713	No B3/487/77b G/f, Delhi, West Delhi, DL	India
S3-580564620	সুপ্রিম ভেঞ্চারস প্রাইভেট লিমিটেড	Flat-0506, 21, Ballygunge Park Road, Kolkata, Kolkata, Howrah, WB	India
S3-139997234	Invicta  (India) Patient Private		India
S3-829615929	Orion & Co Group	No 53 Swathi, Nmc 5/567 Maruthoor, Neyyattinkara P O, Trivandrum, KL	India
S3-199613310	Madison Private Limited Services	1St Bye Lane 7, Jalia Para, Howrah, WB	India
S3-910481787	Sangameshwar Brothers Center	Prestige Trade Towerno.##46, 23Rd Floor Palace Road, Bengaluru, Bangalore, KA	India
S3-542690141	India Singh (india) Private	C/o Shukram Pal, Meerut, UP	India
S3-279413423	Little Coffee	1 Basin Trl, Grapevvine, Texas	US
S3-827676518	PHX Best Meshflow	Robinhood Ave, PMB 4935, Kansas City, Missouri	US
S3-521901012	XI MÉDIA LLP	B12., Biscoman Colony Gulzarbagh, Patna, BR	India
S3-477550587	Mele, Oleary And Welch ((Holdings))	0815 Delta Street, Birmingham, Alabama	US
S3-918136619	FUS OPPORTUNITY LLP	Shgp No 3 & 10, Meerut, UP	India
S3-560711125	माँ कंस्ट्रक्शंस प्राइवेट लिमिटेड	C/o Raj Kishore Raju, East Balia, Deoria, Muzaffarpur, BR	India
S3-199400594	*** Maum  Resources LLC	Westerville, 816 1/2 Keyham Terrace Dr, Ohio	US
S3-412507701	Peacock Trust	Door No 2-10-309/2/6 Prasanthinag, Hanamkonda, Warangal Urban, Andhra Pradesh	India
S3-352235547	Rj Properties  Limited		India
S3-498999912	Punjab Private  Limited Service	C O Radisson Windsor Hotel6th- Floor G T Road Jalandhar, Punjab, PB	India
S3-193367074	Industries Boom Info Private Private	#-B/9 Piramal Nagar Goregaon (W), Mumbai, Mumbai City, MH	India
S3-260311321	Developers Real Fashions Private Limited	##5 No 25 Vantage Shorepaari Street Kalakshetra Colony, Besant Nagar Chennai, Chennai, TN	India
S3-452897549	Rapid Infrastructure Global	6338 Leclaire Avenue, Chicago, Illinois	US
S3-122111135	Flint LLC	416-420 Country Creek Way, Paalmyra CDP, Virginia	US
S3-121023703	Aubrette Noriega	1546 Walters Road, Tacoma, Washington	US
S3-178727963	Verile's Fresh	9496 Chesapeake Dr, North Royalton, Ohio	US
S3-962453888	Annie Bernard	1004 Dolan Avenue, Waunakee, Wisconsin	US
S3-149918214	Prívate White Systems Limited	B - 701, महाराष्ट्र, <NULL>, Rabale	India
S3-156099313	sierra,, yolanthe o.d., p.c.	# 202, North Carolina, 3230 Moyock Trail, Raleigh	US
S3-889485115	Steele Shipp	7209 Manning Ave, Grant, Minnesota	US
S3-772807144	Jainex  Enterprises	Pune City, 4Th Floor, Riverside Business Bay, Office No. 401 To 406, MH	India
S3-249620518	Secure PLLC Neurosciences	1551 Sh 75, Willis, Texas	US
S3-771973073	Liberty Liidoef Inc.	55640c Nursery Ave, Mishawaka, Indiana	US
S3-607287651	Solux Forum  Pvt.	007-A, 232 239, Radhika Bunglows Co. Ho. Soc. Ltd., Opp. Cadila Lab, Ghodasar, Ahmedabad, ગુજરાત	India
S3-901324655	Regional Pasrot Center Inc	2622 Garrett Lane, Baldwin County, Alabama	US
S3-425990451	Royal Telecom	180 Park Avenue, Buffalo, New York	US
S3-89412708	supreme logistics private limited	G-1003 Prateek Laurel Sector-20, Gautam Buddha Nagar, Noida, UP	India
S3-650449100	Coastal Ace (Madison)	3389 Simeon Bunker Street, <NULL>, St Charles, Missouri	US
S3-713162836	Precision Trust	4527 18th Ave, Rock Island, Illinois	US
S3-457757410	पायोनियर डेवलपर्स मोटर्स प्राइवेट लिमिटेड	46, Mumbai, Bhilwara, RJ, Kamla Enclave, Chittorgarh Road, Bhilwara	India
S3-40051641	Jackson,, Karla MD	##13518 Fremont St, Fontana, California	US
S3-971867946	Surgical Group Southside	Texas, 1313 Winding Willow Dr, Pinehurst	US
S3-937631770	Finvest Private Limited Services	A-425/7 M, Gurugram, Shivaji Nagar, Gurgaon, HR	India
S3-803188338	H0listic Agency Limited	Surat, GJ, Sh-g-3 Guabbhai Com, Surat	India
S3-422878005	Frank Center	372 Ernest Rice Ln, PMB 8436, Franklin, Tennessee	US
S3-776441597	Bhopal Consultancy	39, Old Ashoka Garden, Near Church, Raisen Road, Bhopal, MP	India
S3-307443730	Zora T. Petnonk, DPM		US
S3-839006980	Frontier Metro Future, LLC	1107 181st Ave, Lowell CITY, Indiana	US
S3-906679660	United Isntimtute	Flat No. C-b3/808, R.n.s. Shanthinivas # 2275, Tumkur Road, Bangalore, Yashwanthpur, KA	India
S3-602303164	Ear Nose & Throat Clinic Group Council	216 Arbor Cir, Dwoners Grove, Illinois	US
S3-31889424	Ivenusa C0tsrmatfre Inc	2080-B Sherwin Ave, Illinois, Des Plaines	US
S3-121536610	Ambur Trust Center	Bhopal, House No B3/7, Bhopal, MP, Amritpuri Jagdamba Arcade Khajuri Kala	India
S3-24940906	Federal  Payment Labs, LLC	8853 Ahmed Ave, Elk Grove, California	US
S3-268627040	Public Red Projects Limited	#200, Delhi, दिल्ली, Rohini	India
S3-247453497	Vidarbha Institute Límited	Door No 570 S No 4/2 Flat No A-202, Rudra Residency Haveli, Haveli, <NULL>, MH	India
S3-90384215	Advanced Glabmal Spa Holdings	8336 Dove Creek Trl, Hesperia, California	US
S3-715702479	Com	Sno. 2, Hno. 4C56, Karve Nagar, Near Chandralok Garden, Pune, Maharashtra	India
S3-558359381	Hotel Food Private | www.hotelfood.com	34 A 5Th Street, Chennai, TN	India
S3-33398322	Pvt National Clinic [Ltd]	#1-4-29/3-3 Burnpet, Guntur, Narasaraopet, AP	India
S3-673496956	M/s SARASWATI ECOMMERCE PRIVATE LIMITED	##2 Trimurti Sadan Punch Kutir, Pawar Wadi I It Powai, Mumbai, <NULL>, MH	India
S3-186126739	Samruddhi [Solutions] [Solutions]	T-4-15/ph-b, N/A, Gurugram, Gurgaon, HR	India
S3-334157524	Indiano Constructions Group (Ltd)	115, 2-A/3, Front Side, Kundan Mansion, Asaf Road, New Delhi, Central Delhi, DL	India
S3-161569967	Synsyn+ DBA: Economic Development Ministries	Unit Apartment 5L, 711 Shore Road, Long Beach, NY	US
S3-134864723	Acquire Printographics Private Limited	No 68 Firnowsh Resorts Llp, Thondernad, Keralam	India
S3-960639433	Castillo Standard LLC	1564 Glf St, Uniontown, Ohio	US
S3-651504280	General Súpply Concepts	PO Box 8443, Town Of Garfield, Wisconsin, N12417- Ff	US
S3-915375737	Bombay Ventures Limited Services	East Delhi, दिल्ली, C4-9, C50 Flat No S3, 2 Floor, Gali 5 Ganesh Nagar	India
S3-817282596	Private Black Énterprises Limited	#536, Bangalore, KA	India
S3-28163356	Carma T0dd Rapid  Health		US
S3-799639878	optimal automation partners group	229 Naranjal Dr, Brownsville, Texas	US
S3-120974616	Apex LLC Center	265 Packard Dr, Elgin, Illinois	US
S3-950384603	ஈஸ்டர்ன் கன்ஸ்ட்ரக்ஷன்ஸ் பிரைவேட் லிமிடெட்	#36A/12, Madurai North, Madurai, TN	India
S3-714847380	C D & M Skin Care	85 Park Avenue, Unit 7, Worcester, Massachusetts	US
S3-756412201	Campbell, Ibarra and Mccloskey Corporation	5875 Glacier Hwy, Unit 21, Juneau, Alaska	US
S3-746203051	[(Center)] Health Western	Arizona, 8500-A Southern Ave, Mesa	US
S3-555587439	Walters & Keaveny	108 Main St, Seiling, Oklahoma	US
S3-622551073	Rose Infocom Private Ltd	Dhabai Ji Ka Nohara, RJ, Jaipur	India
S3-69262483	Purvanchal + Co  Holdings	Hn 111 Dr.no.9&14, Visakhapatnam, Vishakhapatnam, AP	India
S3-480820844	Langley Sterling-Roofing Corp	1515 P St, California, Unit 22, Sacramento	US
S3-276524914	Fesoft	1217 Huntington Ln, Louisville CITY, Kentucky	US
S3-907347094	Stag Seurtmies	138 Manor Lane, Fort Thomas Ky, Kentucky	US
S3-746562682	Pediatric Modern  Associates Inc	Massachusetts, 243 Newton St, Boston, Unit 2	US
S3-723284570	AE-Stone Innovative	274 140, Utah, Lindon CITY	US
