entity_id	business_name	business_address	country
S2-638817518	INTERSTATE PRIORITY  SECURE LLC	SHELLBARK COURT, SAINT JAMES, NC	US
S2-788106715	Tejiya Developers Center Corp	Madhya Pradesh, H.NO 55 AMER COMPLEX, ZONE II, M.P. NAGAR MIG 55 NEAR PNB BANK, BHOPAL	India
S2-382827759	HGLOBAL.COM	VENTURA, 11190 CITRUS DR, CA	US
S2-619184087	Vetecex	2761 STOCKTON BLVD, PO BOX 1680, SACRAMENTO, CA	US
S2-939759075	பிளாக் ஐடி பிரைவேட் லிமிடெட்	SF.NO364/IB2, COIMBATORE, Tamil Nadu	India
S2-964624564	CERAOR  CTNSBE, LLC	6514 MILL STREAM DR, HARRISON, TN	US
S2-736843503	Hunger Charities	9632 JACOBI AVE, SAINT LOUIS, MO	US
S2-878140944	The Womens Health Care, PLLC	59 BALSAM WAY, CLIFTON PARK, NY	US
S2-951414308	Pllc Btb Spade	6425 Wilkinson Blvd, BELMONT, NC	US
S2-949465965	SLOCUM & BALDWIN CO	202 EASTON ROAD, HORSHAM TOWNSHIP, PA	US
S2-570131310	Skyline Advisory	HOUSE NO. ##1184, SECTOR 5, URBAN ESTATE, Haryana	India
S2-731416600	MARLANE N. DYKES DMD LTD	7405 SHADOW POINT DR, MO, SAINT LOUIS	US
S2-738875698	SALAS & KCEBBHER, LLC	EDMOND, OK, 220-222 10TH STREET	US
S2-775601258	नॉर्थ इंफ्रा ट्रेडिंग प्राइवेट लिमिटेड	NO. 634 UNIT NO.- 938, WEST DELHI, Delhi	India
S2-493775702	ನ್ಯೂ ಬಿಲ್ಡರ್ಸ್ ಆಟೋಮೊಬೈಲ್ಸ್ ಪ್ರೈವೇಟ್ ಲಿಮಿಟೆಡ್	NO 72, BANGALORE, NULL, Karnataka	India
S2-331454298	NATIONAL  TRI-STATE CAROLINA CENTER LLC	332 LINCOLN SREET, SHERIDAN, OR	US
S2-368600675	ಹೋಟೆಲ್ ಅಗ್ರೋ ಪ್ರೈವೇಟ್ ಲಿಮಿಟೆಡ್	LALEHZAR APARTMENT, 103, 45/1-2, BANGALORE, PALACE ROAD, Karnataka	India
S2-723073109	NASHVILLE HISTORICAL COUNCIL [CORPORATION]		US
S2-985562655	Company OS Servies	HOUSE NO. 47, AUTI GALLI, MADINA CHOWK A/P. OMERGA TQ. OMERGA, DIST. OSMANABAD, OMERGA, OSMANABAD, Maharashtra	India
S2-796081032	MORGANADVANCEDBAIN.COM	21 COURTESY DR, THOMASVILLE, NC	US
S2-185889193	Anita Madsen Esports Associates Inc	4035 HAMBLIN DR, PHOENIX, AZ	US
S2-25584184	Bright Auto Body Inc.	877 STONEBROOK BLVD, NOLENSVILLE, TN	US
S2-656566095	Dr Vidarbha Management Limited	B-27 GROUND FLOOR FRONT, PORTION GREATER KAILASH, ENCLAVE-I, OPPOSITE SAVITRI CINEMA, SOUTH DELHI, NEW DELHI, दिल्ली	India
S2-908104939	Value Elite Live West	2517 DRUMWRIGHT WAY, COLUMBIA, TN	US
S2-452144479	cardiology specialists ltd	4135 TRUMBULL STREET, BELLAIRE, OH	US
S2-195601442	Chiropractic Physicians  of Manassas Park City	009255 JESSICA DRIVE, MANASSAS PARK CITY, VA	US
S2-10734256	@BAYCUSTOM	209 GRVOE ST, PIKEVILLE, TN	US
S2-649324326	Pyrabelo	UNIT NO 18 BUILDING NO 19A HARIHAR CORPORATION MANKOLI NAKA DAPODA VILLAGE BHIWANDI, THANE, BHIWANDI, Maharashtra	India
S2-760436491	Gustie's Mrnucfacturlig	1975 ARDITTO PL, MOHAVE VALLEY, AZ	US
S2-212890991	Armstrong Premier Coastal LLC	7124-A MADISON ROAD, THOMPSON, OH	US
S2-33954391	Slusher  & Sackett Textiles	021 CONANT ST, MA, PROVINCETOWN	US
S2-208217617	Global Fellowship Llc	ROCKROSE ST, VICTORVILLE, CA	US
S2-137732690	Image Finmark	401, SHERATON HOUSE NEAR PRAMUKH PLAZA, POLYTECHNIC ROAD, AM, BAWADI, Gujarat	India
S2-618182350	స్మార్ట్ ఆగ్రో ప్రైవేట్ లిమిటెడ్	H.NO 41 BALAJI ANJANADRI NARAPALLY, HYDERABAD, RANGAREDDY, Telangana	India
S2-238614920	इंडियन गुजरात लॉजिस्टिक्स प्राइवेट लिमिटेड	RADHA VIHAR, KAMLA NAGAR, B-1/23, Uttar Pradesh, AGRA	India
S2-762599783	Zeva Preferred Averin, Inc	1770. WELCH AVE, NIAGARA FALLS, NY	US
S2-174460034	Coimbatore South  Solution Private Limited	35 G V RESIENCY SOWRIPALAYAM ROSD, COIMBATORE SOUTH, Tamil Nadu	India
S2-217417609	Ploutos (India) Stúdio Private Limited	Delhi, NO 35 HOUSE NO -439, JAGRITI ENCLAVE VIKAS MARG, DELHI NEW DELHI EAST, DELHI	India
S2-38889869	Biclarnet Assets Harbor	1441 YORK AVE, PO BOX 5714, SAINT PAUL, MN	US
S2-112277133	Dr Advantage Advantage Industries Group Private Limited	HOUSE NO. 1740/14B, AJIT NAGAR BANK COLONY, HAIBHAIBOWAL KALAN, LUDHIANA, Punjab	India
S2-16557943	Pearson And Clárk Lending PLLC	2612- THIRD ST, CUYAHOGA FALLS, OH	US
S2-800233585	Sri Super  Medical Centre Company	23/163A, KUMMANCHERI JUNCTION CHANGHAMPUZHA NAGAR, PATHADIPPALAM, KALAMASSERY, Keralam	India
S2-668486855	Big 35 Grill  Corp	2527 ELSON GREEN CT, PMB 2122, VIRGINIA BEACH, VA	US
S2-784261607	Guntur Pmc Ventures	4-4-130/A3, OPP DON BOSCO RING ROAD, GUNTUR, Andhra Pradesh	India
S2-148437093	BRYN KIM SIGNATURE	110 WALLACE ROAD, SALEM, OR	US
S2-633160097	Vaishn0 More Ventures Pirlnvtae Limited	274/15 GALI NO. 13, THAN SINGH NAGAR ANAND PARBAT, NEW DELHI, दिल्ली	India
S2-771259169	Today Tracdibrng Pvt. Ltd.	2 , SNEHLATA SADAN CHIMAT PADA MAROLNAKA ANDHERI EAST, MUMBI, Maharashtra	India
S2-888776981	TIMOTHEA LAU SUPERIOR HOLDINGS	24524 SHANNONDELL DCIVE, null, NORRISTOWN, PA	US
S2-166356811	AMBAR PRODUCT  PRIVATE LIMITED	1/311, VIRAT KHAND, GOMTI NAGAR, LUCKNOW, Uttar Pradesh	India
S2-97515221	Mr Ka and Co	C-402, CHANDAN CHS, DADABHAI CROSS ROAD NO 3 VILE PARLE WEST, MUMBAI, Maharashtra	India
S2-30173268	Skylimit Nursing Home [Private]	88 THULAKATTAMMAYILADUTHURAI MAYILADUTHURAI, MAYILADUTHURAI, N/A, தமிழ்நாடு	India
S2-229523678	FWV Marketing	15, SWIKAR TENAMENT, NR. UTSAV RAW HOUSE, AHMADABAD CITY, <NULL>, Gujarat	India
S2-948932511	साउथ स्काई एक्सपोर्ट्स प्राइवेट लिमिटेड	M-5-77 GURU HARKISHAN NAGAR, PASCHIM VIHAR, Delhi	India
S2-343790643	Bluemoon Medical  Centre Pvt Ltd	SY-012 & 13 OPP. D -RECEIVING STATION BHATAR, SURAT, Gujarat	India
S2-326520804	સધર્ન લોજિસ્ટિક્સ	H.NO 101/102 FF, SR NO. 4311, 4312 SHOBHA CHAMBERS, ZAVERIWAD, AHMEDABAD, Gujarat	India
S2-716482919	CUSTOM ART LLC	9TH STREET, LANETT, AL	US
S2-675997835	Inc Sachs, Ncr and Oboyle,	4774 YOUNG RD, STOW, OH	US
S2-843558420	Dynamic Trusted Software-Inc		US
S2-236407315	gauri traders pvt ltd	4- 5, SIGMA CORPORATE PARK, NR. MANN PARTY PLOT, AHMADABAD CITY, ગુજરાત	India
S2-134896049	-- Towers Industries Services Pvt Ltd	AHMEDABAD, Gujarat, AHMEDABAD, DOOR NO G-96 SHGS ELENZA DEVELOPERS LLP, F.P. 232 2, L5 805 B OPP. MAHALAXMI PARK, BOPAL	India
S2-173021433	Candis's Apex Tire Shop L.L.C.	1620 GRAYLOCK ST, LANCASTER, OH	US
S2-64084372	ডিজিটাল ট্রেডিং প্রাইভেট লিমিটেড	BLOCK A-826  C/O:MADHUSUDAN MAJUMDAR, HOSUSE:SWARUPANANDA PALLY (NATUN PALLY) VILLAGE AND POST OFFICE:BU, D BUD, BUD BUD, BARDHAMAN, West Bengal	India
S2-918527120	TROTTER BROWN PARTNERS	613 WATER STREET, BELHAVEN, NC	US
S2-724873575	Empire Charities Group	##704 19TH ST, NULL, BESSEMER, AL	US
S2-318486847	Keor-Management Inc	WOOD DALE, 35 ITASCA ST, IL	US
S2-402500179	Felix Tri-State	WA, RENTON, 770  MONROE AVENUE	US
S2-648358437	Sara Evans	0012246 DOGWOOD LN, PALOS HEIGHTS, IL	US
S2-765622959	Projects  Goa Insights Private Limited	PLOT #12 H/ NO. 7 MATEREWADI, GHUTAWADE, TAL-MULSHI, PUNE, महाराष्ट्र	India
S2-230373133	Bastion Inc	10103 FLOWER ST, AVONDALE, AZ	US
S2-630586931	DILIGENCETRADING.COM	#45 RANVEER NAGAR, I.T.I CHAURAHA MAINPURI FATAK, ETAWAH, Uttar Pradesh	India
S2-76004241	Andrea's Rapid-Signs Ínc.	2234 TENTH ST, WAUKEGAN, IL	US
S2-9863622	Big LLC (Seafood)	38 42ND ST, HOUSTON, TX	US
S2-577874133	MANAGEMENTCENTER.COM	12121 COTTON LANE, PINEVILLE, NC	US
S2-182375962	BURICH, BRÉNA, Ó.D.	1384 WATER ST, INDIANA, PA	US
S2-724367916	Cultural Allied Initiative LLC	227 RADSTOCK RD, CATONSVILLE, MD	US
S2-221691402	Limited Sanra Services Service	OFFICE NO. 402, DARSHAN MALL 15/2, RACE COURSE ROAD, INDORE, Madhya Pradesh	India
S2-814461002	#ninoloan	5411 DON MARIANO ROAD, SOUTH VALLEY, NM	US
S2-645489276	Wilson Cornerstone Métals Inc.	340-A 194TH ST, TOWN OF ALDEN, WI	US
S2-901406639	Tibbs Rapid Quasaredge, [[Inc]]	105 MAIN SAINT, KYLE, TX	US
S2-694929859	bradysmountainelectric.com #95769	409 MAIN SAINT, PENDLETON, OR	US
S2-731208734	FRESH GRAND (CHOICE)	33360 MARINA BAY CIRCLE, MILLSBORO, DE	US
S2-516641541	Star Agency Private Ltd	PLOT 0381 ROMM NO:7/2A, GROUND FLOOR, KRISHNA BUILDING PAZHIYOTTUMURI, P O VELLARKKAD, THRISSUR, Keralam	India
S2-592289168	Ka1eena Robb Classic Guaranty Lp	119 HOWARD ST, CITY OF PORTAGE, WI	US
S2-122683469	BURGETT, MARTINEZ-& SAUL INC		US
S2-603458950	Civic Clinic Limited Services	Maharashtra, P NO 3 C, RAJARAM HOUSING SOCIETY, PUNE CITY	India
S2-112656627	Consultants Mritunjay Private Limited Center		India
S2-849693074	Clean Bay	IPSWICH, #361 JEFFREYS NECK RD, MA	US
S2-30774651	Harbor  Federation	511 CEDAR ST, OTTAWA, KS	US
S2-720429286	DEVELOPERS REAL FASHIONS PRIVATE  LIMITED	FLAT NO 5 NO 25 VANTAGE SHOREPAARI STREET KALAKSHETRA COLONY, BESANT NAGAR CHENNAI, Tamil Nadu	India
S2-358467751	chavez total focus	3 MILLER PLACE YAPHANK ROAD, MIDDLE ISLAND, NY	US
S2-724780160	Legacy Bright Lionheart,	10636 38ST CIR, PO BOX 5184, ST MCIHAEL, MN	US
S2-302706237	Hernandez Cardiology	HANOVER COUNTY, 8129 TRAVELERS REST DR, VA	US
S2-839011449	Apex Street Ltd	12571 FFTEENTH STREET, AFTON, MN	US
S2-314605924	Josey  Pioneer-Dynamic	RANCIER AVE, KILLEEN, TX	US
S2-320550230	Palmer College Central	719 Northstar Drive, LAREDO, TX	US
S2-532090023	Clean Mtoe LLC	645 CLARK ST, ELYRIA, OH	US
S2-323802851	Roots Sécurities Pvt Ltd	C-87, GOYAL PARK, OPP GOYAL PLAZA, VASTRAPUR, AHMADABAD CITY, Gujarat	India
S2-178918162	MMO Innovations (LLP)	AE-339, SALT LAKE CITY GTOUND FLOOR, KOLKATA, পশ্চিমবঙ্গ	India
S2-439000367	indoproducer.com	#336 B-1/E-22, EXT. MOHAN COOPERATIVE INDUSTRIAL ESTATE MATHURA ROAD, Delhi	India
S2-72980211	Alexandrina William Rapid Highland Partners Corp	2714 WOODLAND AVENUE, BALTIMORE, MD	US
S2-272290151	राज ग्लोबल लिमिटेड	महाराष्ट्र, MUMBAI, MUMBAI CITY, 61 - A	India
S2-701172560	FS  Ceilings [Corporation]	BYPASS ROAD, MITC COLONY, VILLAGE KHAIRPUR, SIRSA, Haryana, NULL	India
S2-791504026	Maa Earth	Delhi, NO 0-2 , GROUND FLOOR, B-1281, SHIVA APARTMENTS, TOWER A, NEW ASHOK NAGAR, DELHI	India
S2-501140236	NOVIFYA CURCENCYSHRAES  LLC	13644 539, LA VERNIA, TX	US
S2-187989702	Northern-Reit	#121 FOREST LN, CROSSVILLE, TN	US
S2-684187884	TARAESH PHARMACEUTICALS PRIVATE LTD	C/O SRI BIKRAMA RAI, DAHIYAWAN EAST CHAPRA U, CHAPRA, Bihar	India
S2-294198275	Dak & Brothers Corp	AT & PO. MOR, BHANDARIWAD, TAL. OLPAD, SURAT, Gujarat	India
S2-751168130	Capital Clear	3905 TWENTY FIRST STREET PLACE, PUYALLUP CITY, WA	US
S2-4409287	Bay Empire Solutions (PLLC)	27 RIVER STREET, WEST SPRINGFIELD, MA	US
S2-564899813	ELEVATE DIGITAL PRIVATE	34 DHARAMVEER MARKET BADARPUR, NEW DELHI, Delhi	India
S2-775728442	MEMORIAL SOCIETY CO	382 NIAGARA ST, NORTH TONAWANDA, NY	US
S2-272354676	Piedmont Fellowship	13734 YUCCA ST, SCOTSTDALE CDP, AZ	US
S2-392366495	Bluecity Limited Digital	Uttar Pradesh, SEC 19/37 INDIRA NAGAR, LUCKNOW	India
S2-322166791	RZ Solutions LLP	HOUSE NO. 27 , 3RD FLOOR, 2ND CROSS MANJUNATHA LAYOUT, R T NAGAR, BANGALORE, Karnataka	India
S2-546649066	Prakriti Índia (India) Pvt. Ltd.	#196/18 &19 IST FLOOR AISWARYA COMMERCIAL CENTER R S PURAM, COIMBATORE, Tamil Nadu	India
S2-387177887	Mccoy-and  Riley	HOWARD DR, DVAIS, OK	US
S2-821171431	Patriot Project of Covington, Corporation	245 Seventh Street, COVINGTON, KY	US
S2-143937181	Mccarty Fámily Office LP	4040 DON JULIO BOULEVARD, NORTH HIGHLANDS, CA	US
S2-207542069	Pvt. Ican Technologies Ltd.	206, NEW DELHI, WEST DELHI, दिल्ली	India
S2-594557830	Internal Medicine Group of Austin Co	AUSTIN, TX, 4310 JAMES CASEY ST	US
S2-152311009	Prairie Chemical Inc	LAKESHORE RD, CHELAN, WA	US
S2-352623382	Inger Santiago Briacell Llc	17 STEPHENSON ST, PO BOX 9885, MARION, IN	US
S2-346688562	Dhirendra & Co Exports Corp	Karnataka, H.NO B3/39 GROUND FLOOR, NO.10, PRIDE ELITE MUSEUM ROAD, BANGALORE	India
S2-4323538	Inc Do, Bory and Cox	10119-10121 Whipps Mill Rd, LYNDON, KY	US
S2-916598021	बॉम्बे कंसल्टेंसी प्रा. लि.	FLAT A 3 PLOT 21 & 28 SECOTR 14 LANDMARK SOCIETY, MUMBAI SUBURBAN, THANE, Maharashtra	India
S2-112909029	SHOOK FRONTIER  NEWHOLD INCORPORATED	5707 SORA LN, RIVERDAALE, MD	US
S2-639456855	Hansen Certified LLC Services	CROSS CREEK DRIVE, KENNEDALE, TX	US
S2-571700196	Tech Foods Prívate Limited	Gujarat, 15, F.P.396, FARIAWALA, ESTATE, OPP. HOTEL AVTAR, AHMADABAD CITY	India
S2-491411370	sandersbaughmancruz.com	323 RIVERSIDE DR, ESSEX, MD	US
S2-390942689	Housing Alliance	MD, CHESWOLDE RD, BALTIMORE	US
S2-604007107	Bell Lakeside Clinic Silicon	TX, LOS FRESNOS, 92692 Fm 2893	US
S2-238022959	LLC Livingstone Cornerstone Starwood	7815 OLIVESBURG FITCHVILLE RD, GREENWICH, OH	US
S2-277473536	Arihant Séva Samiti Corp	DOOR NO 375 , JUDGES COLONY, R.T.NAGAR, BANGALORE., BANGALORE., Karnataka	India
S2-800099165	जय इंफ्रा लिमिटेड	82/83, 209 NARIMAN POINT, MUMBAI, Maharashtra	India
S2-587537830	માય ઇન્ટરનેશનલ લિમિટેડ	PRIDE EMPIRE, RAJKOT, Gujarat	India
S2-902344580	101 Granite LP - 9400033106	112 DUNLAP STREET, KENTLAND, IN	US
S2-292793798	Summit Mtinistinrse	2796 HENDERSONVILLE RD, ARDEN, NC	US
S2-394359818	QSV SÓUTH LLC	13 RIDGE AVE, DECATUR, IL	US
S2-778145264	Mastrangelo Pet Care	36ST AVE, LYNNWOOD, WA	US
S2-486784837	সাই হেলথকেয়ার প্রভিশন	###14 C/O MD MOKIM SARADAR, NORTH 24 PARGANAS, NORTH 24 PGS, West Bengal	India
S2-947183399	Kacey Pcery Desert Rush LLC		US
S2-667045806	E/S Biopharma	2424  144ST ST, WA, SEATTLE CDP	US
S2-664432122	Darjiling (hubli) Pvt Limited	1-9/1/GM/A, 7 OAKS, DARJEELING PULBAZAR, DARJILING, West Bengal	India
S2-344063193	Sri Guru Estate Private Ltd	312, 3RD FLOOR, 56 EROS APARTMENT NEHRU PLACE, NEW DELHI, DELHI, Delhi	India
S2-510178032	നോർത്ത് പവർ ലിമിറ്റഡ്	Kerala, NO #25/406 A, KOYILANDI, FIRST FLOOR, SAMSKARIKANILAYAM, KOZHIKODE	India
S2-393110445	Star Prime Care (Pvt)	L.S. NO. 426, NR. SOLANKIPARA RL CROSS ROAD, NR. PIPPER BEVERAGES, DEHGAM, GANDHINAGAR, GANDHINAGAR, ગુજરાત	India
S2-937323790	WOMENS INC SUPERIOR PARTNERS HEALTH	#3809 ROSEMONT AVE, CAMP HILL, PA	US
S2-5356410	Cozy Auto-Body Inc	246 MAIN STREET, BARNSTABLE, MA	US
S2-577728843	H/J Acp, Llc	404 MCDONALD LANE, MAYSVILLE, WV	US
S2-568672826	शिव सॉफ्टवेयर प्राइवेट लिमिटेड	S NO. B3/45/3/3 PISOLI NR MANGO TREE, POONA, PUNE, Maharashtra	India
S2-768838798	CLEMMY LR CORNERSTONE-CHILE LLC	##4334 FERN VALLEY RD, MEDFORD, OR	US
S2-479129451	Bolanos Consumer	402 HILL ST, null, MOUNT AIRY, MD	US
S2-302687822	TURNER MONTAGE LLC	9101  MAYFIELD ROAD, HAVEN, KS	US
S2-870228682	Wire and Dutra Co	16659 PINE POINT DRIVE, WI, TOWN OF WASCOTT	US
S2-591726970	Suyash lnfratech Limited	35, F.F. HARE KRUSHANA COMPLEX, B/H DIPALI CINEMA, ASHRAM ROAD, AHMEDABAD, Gujarat	India
S2-81498504	annalee f. f. iverson, ph.d. group	110 LEDGEWOOD ROD, W HARTFORD, CT	US
S2-161067379	Select Emerging	2312 ZETLAND SAINT, MIDDLETOWN, DE	US
S2-669086589	Optimal Pacific Wellness Westgate Incorporated	4728 WEXMOOR DRIVE, KOKOMO, IN	US
S2-114181695	Josey's Horizon LLC Center	4424 LINGAN ROAD, WASHINGTON, DC	US
S2-973814767	Bright Pub Pub Services	49TH ST, TACOMA, WA	US
S2-745236226	>> north generating inc	8042 45, EIGHT MILE, AL	US
S2-220231252	Agro Gwalior Resorts	D.NO 15-9-262, GOWLIGUDA, HYDERABAD, Telangana	India
S2-815122701	Hyderabad Agriculture Pvt	403, HITEX PRIDE, 4TH FLOOR, NOVATEL ROAD, IZZATH NAGAR, KONDAPUR, HYDERABAD, Telangana	India
S2-344448929	L 3 V V Róyalties	001300 8TH ST, MUNCIE, IN	US
S2-699636306	Keystone Payment Innovations Group	3940 69TH AVENUE, OR, PORTLAND	US
S2-925511054	Physical  Therapy (Group)	1220 MAIN ST, ASHLAND, OH	US
S2-836744522	Obrien, Patrice, D.C. Inc	MILFORD ITY, DE, 6409  MELODY LN	US
S2-562061708	KELLY, LENORA, DDS	8034 BAMBRIDGE DRIVE, HOUSTON, TX	US
S2-697305117	CANCER GUILD	##2402 93RD TRL, BROOKLYN PARK, MN	US
S2-628597238	LEGACY LOGISTICS ENTERPRISES INCORPORATED	1312 O AVE, ANACORTES, WA	US
S2-746793844	Infinity Trading Private Límited	B3/17B, VISHWAPRABHA COLONY, AMRAVATI, Maharashtra	India
S2-953222158	GUJARAT CONULTAOCY HOTEL PRIVATE LIMITED	Delhi, DOOR NO 546 B-30, 2ND FLOOR, LAJPAT NAGAR-II, NEW DELHI	India
S2-778164270	Hasmukh Resorts Company	Maharashtra, <NULL>, B-106, DHUP CHAON BUILDING, NAVKIRAN MARG, OFF.JUHU VARSOVA LINK ROAD, ANDHERI WEST	India
S2-101949210	Womens-Health Group	12222 28RD ST, TULSA, OK	US
S2-101089242	Ruiz and Saravia	INCORPORATED, 131 LEE LANE, IL	US
S2-379240950	Great Project	9954 HOLLISTON CT, MO, SAINT LOUIS	US
S2-79153933	Omalley Céa LLC	251 MCFADDEN RIDGE RD, BEDFORD, IN	US
S2-349555546	COMMUNITY INTERSTATE CENTER		US
S2-51113746	Primary Care Inc  Center	1132 144TH ST, CLEVELAND, OH	US
S2-329247168	Services Shruti Limited Services	C/O MRINAL KANTI SAHA ##97, RABINDRANAGAR MRIGALA DANKUNI, HOOGHLY, পশ্চিমবঙ্গ	India
S2-564233180	Hyderabad Vanijya Overseas Privger Limited	DOOR NO 21 PLOT 32A, 28B, VLE ARCADE 1ST FLOOR RAGHAVENDRA NAGAR, NACHARAM, HYDERABAD, Telangana	India
S2-992913368	Pediatric Dentistry Pghtnnesh LLC (ID: 97841)	905 6TH STREET, WASHINGTON, DC	US
S2-122876908	atlanticpreparatoryacademy.com	665 TOURNAMENT DR, CINCINNATI, OH	US
S2-282740191	Abagael Boston Brewing Incorporated	BUFFAO, NY, 089 OAKBROOK DR	US
S2-822763429	Aristo Investment  (Indeia) Limited	427 ANNA SALAI TEYNAMPET, CHENNAI, தமிழ்நாடு	India
S2-487112187	Ott, Villasenor and Bernard		US
S2-339334392	Ltd. Aarvva Global	#28/3936PADAM SINGH ROAD KAROL BAGH, CENTRAL DELHI, NEW DELHI, दिल्ली	India
S2-92450312	HJ Collective	0011998 DOGWOOD STREET, MINNEAPOLI CDP, MN	US
S2-957686084	AGRO GWALIOR LIMITED  CENTER	D.NO 15-9-262, GOWLIGUDA, HYDERABAD, Telangana	India
S2-967875492	Parker, Gibson & Mimes Mimes Malt LLC	CONROE, 1120 SHADOW GLENN DRIVE, TX	US
S2-135005185	ಶಿವ ಲಾಜಿಸ್ಟಿಕ್ಸ್ ಪ್ರೈವೇಟ್ ಲಿಮಿಟೆಡ್	7/A, BANGALORE, Karnataka	India
S2-29601806	Sakambari  (i) Co.	#698 126/127, PANDURANG SADAN CORNER, OFF. 10TH ROAD, NEAR MADHU PARK, KHAR (W, EST), महाराष्ट्र	India
S2-776134383	Quoonyx Project	3460 EMORY OAK WAY, PMB 5438, PRESCOTT, AZ	US
S2-621010600	ક્રિએટિવ ઇન્ડસ્ટ્રીઝ પ્રાઇવેટ લિમિટેડ	4-14 1ST FLOOR, OCEAN PARK, NEHRUNAGAR AMBAWADI, AHMEDABAD, Gujarat	India
S2-256993717	desert center health	FALL RIVER, MA, 550-554 WILLIAM S CANNING BLVD	US
S2-87101691	Christ  Israel	239 600, SALT LAKE CITY, UT	US
S2-267062728	Clean India Private Ltd	H.NO 998 F3, 1ST FLOOR, SHIV COMPLEX, VILLAGE VALLABH VIDHYANAGAR(M), TALUKA ANAND, DIST. ANAND, ANAND, ગુજરાત	India
S2-170736091	@northernace	MADERA AVE, HESPERIA, CA	US
S2-834878070	ग्रीन ट्रेडिंग प्राइवेट लिमिटेड	NO. C-961 527/3B, NEHRU NAGAR, NEAR POPINSE SCHOOL, MEERAPUR, ALLAHABAD, Uttar Pradesh	India
S2-596504611	aurialinnovation.com	ME, 16 GEBUNG RD, ALFRED	US
S2-681517374	Savita Building (nidi)a Private Limited	#44 RANADE COLONY, HINDWADI BELGAUM, BELGAUM, <NULL>, Karnataka	India
S2-38802116	BOARD OF OF HEALTH	895- ELLESMERE DR, FAIRBANKS, AK	US
S2-293431516	HYDERABAD DGIATAL PRIVATE LIMITED	#630 G 2 HELICON APARTMENTS, WHISPERVALLEY, NEAR VISION FRESH, RAJEEV GANDHI NAGAR, BACHUPALLY, HYDERABAD, Telangana	India
S2-484837710	Suraksha-Egnieering Limited	NO 18 SOMASHETTIHALLI, VILLAGE CHIKKABANAVARA, BANGALORE NORTH, Karnataka	India
S2-645882	Indrakshyn Powers  Limited	NO 96 GADIAMAL PO. SERGARH, BALASORE, Odisha	India
S2-9454718	JXW LLC Partners	AR, 3209 11TH AVE, PINE BLUFF	US
S2-625668909	Pr Service Corp	D-BLOCK 1S FLOOR RANJITSTUDIOS COMPOUND DADASAHEB PHALKE ROAD DADAR EAST, MUMBAI, महाराष्ट्र	India
S2-596775824	Innovative Mortgage Hóldings LLC	15322  BUTLER AVE, OMAHA, NE	US
S2-413323614	Inc Dental Clinic	4851 STERLING BROOKE LN, WINSTON-SALEM, NC	US
S2-176414569	Rapid Marketing Digital Inc	5512 Oak Hills Drive, COLLEYVILLE, TX	US
S2-804466587	অল ইন্ডাস্ট্রিজ প্রাইভেট লিমিটেড	HREN MUKHERJEE RD. OPP. MITRA NURSING HOME, HAKIM PARA, WARD, NO. 12, DARJEELING, SILIGURI, West Bengal	India
S2-403505698	UMBRADREX	14564 SANDY LN, EDEN, MD	US
S2-481272524	इनोवेटिव हेल्थकेयर प्राइवेट लिमिटेड	#257, DELHI, NEW DELHI, Delhi	India
S2-471070174	Orthopedic Health Corp (Services)	PA, COLLEGE TWP, 708 CURTIN ROAD	US
S2-484097072	Star Offshore Llc	CT, SOUTH WINDSOR, STONEFIELD TRL	US
S2-844140696	Shri flamingoinstruments.com	OFFICE NO.B-147, GROUND FLOOR, B-WING, VASHI-PLAZA, SECTOR-17, VASHI, Maharashtra	India
S2-811517071	सूर्य कंसल्टेंसी प्राइवेट लिमिटेड	A-19, SECTOR 58, NOIDA, GHAZIABAD, Uttar Pradesh	India
S2-595665211	Shakti Consulting Private Limited	SHOP NO.2, NEAR POST OFFICE VILLAGE WAZIRABAD, SECTOR-52, GURGAON, Haryana	India
S2-786472208	Western Gulf Fashion,  Incorporated	##119 MANOMET AVE, HULL, MA	US
S2-413009622	Warren Vanguard Wellness South, Inc	127. SMOKETREE ST, APACHE JUNCTION, AZ	US
S2-576270563	Finance Faaz Traders  Industries LLP	NO 54 C/O-RAJDEO RAI, VIIL-MIRPUR PATANRH, RAJAPAKAR, Bihar	India
S2-290573651	pediatricstarcare.com	##1187 CHEATHAM ST, SAN MARCOS, TX	US
S2-192165102	Ward  Ridge Signs LLC	9365 Harrison Street, MAINE TWP, IL	US
S2-270910848	Cook Wisekey Inc.	#816 SCOTT AVENUE, INDEPENDENCE, MO	US
S2-31507054	Leonore Reyes Rapid Pampa LLC	8926B LIVENSHIRE DRIVE, DALLAS, TX	US
S2-682448909	Koch Charter  Shfol		US
S2-623949518	Jenna Hogan, G. CPA	OR, NEWBERG, 820 HEMLOCK LN, NULL	US
S2-439776720	Dr peacock trust ltd ltd	Andhra Pradesh, H.NO 2-10-309/2/6 PRASANTHINAG, HANAMKONDA	India
S2-980206477	MUMBAI SRNVICES PRIVATE LIMITED	OFFICE NO 10 1ST FLOOR N C COMPLEX C B ROAD CHEMBUR, MUMBAI, Maharashtra	India
S2-109333504	Shrestha Epr	1785. 57RD AVE, MARYVALE, AZ	US
S2-509021976	clean research advisors holdings	169 BAY ROAD, SUTH HAMILTON, MA	US
S2-398307169	ALBERS WORLDWIDE DOWNTOWN CORPORATION	75 QUIET COVE WAY, NEBO, NC	US
S2-995937806	Patriot Council	775 3RD ST, DUBUQUE, IA	US
S2-774962412	GOLDEN YOGA	4029 OLYMPIC WAY, CITY OF HOLLADAY, UT	US
S2-757631317	URBANOWICZ INTERSTATE BNB INC	214 UTAH ST, ALBQUERQUE CITY, NM	US
S2-902980964	Andrade's Express Analytics Southside	504 YEOMAN ST, WAUKEGAN, IL	US
S2-804723508	శివ్ కన్‌స్ట్రక్షన్స్ ప్రైవేట్ లిమిటెడ్	HNO. 01-1/1/1, PNO. 30, BHAVANI NAGAR COLONY, GHATKESAR, HYDERABAD, Andhra Pradesh	India
S2-923898413	Devender Residency (Private)	2/192A , BIJOY GARH, KOLKATA, KOLKATA, West Bengal	India
S2-554270832	GOLDEN TALON CORP	WILMINGTON, 613 AUGUSTINE ST, DE	US
S2-536934940	Beverly Franklin Machine Works LLC	15 BRIGHTWOOD DR, WOODBRIDGE, CT	US
S2-765341639	LD FEDERAL	113- PROSPECT AVENUE, CT, WEST HAVEN	US
S2-787573704	K 7 Classic Tóken Co	3563 RIDGE RD, OH, KINGSVILLE	US
S2-995286983	Nelson and Gravelle PLLC Center	1231 JO APTER PLACE, NEW WIDSOR, MD	US
S2-759264960	Beacon Clough,	3409-3413 CHIHUAHUA ST, <NULL>, DALLAS, TX	US
S2-387180899	Mittal-& Company	15-, GOKHALE MARG BEHIND KALYAN BHAWAN, LUCKNOW, Uttar Pradesh	India
S2-551255338	Horizon Horizon Supply	HOT SPRINGS, 219 CHARLOT ST, MT	US
S2-562338923	H & N Chesapeake Inc	2018 CACTUS RD, SHAW BUTTE, AZ	US
S2-909863156	ELITE SECURITY	0610 SR 762, LOCKBOURNE, OH	US
S2-525249842	CORNERSTONE-INC	127-129 HILLCREST RD, MAGGIE VALLEY, NC	US
S2-82523542	सन अर्बन इंडस्ट्रीज प्राइवेट लिमिटेड	SR. NO. G-692/2A, PUNE, Maharashtra	India
S2-910942773	Interstate Bíomedical	5515 SPRINGFORD CIR, KELLER, TX	US
S2-152010346	Highland Montessori  School Board	##2902 18TH STREET, ROGERS, AR	US
S2-416200825	Pioneer Semiconudctor (Holdings)	SIXTH ST, MISHAWAKA, IN	US
S2-453985279	Krishna Castings Private Ltd	#1-23-929 , AT PO. NAIK NAGAR, HINGOLI, Maharashtra	India
S2-956377228	Super Automobile Pvt Ltd.	BR-30B SHALIMAR BAGH, NEW DELHI, Delhi	India
S2-397969390	Dimick-& Silva Holdings	332 SAINT FRANCISCUS ST, WI, VILLAGE OF MT CALVARY	US
S2-914659045	PEDIATRIC DENTISTRY SAFE CLINIC  LLC	NY, VALLEY STREAM, 80 SUNNYFIELD LN	US
S2-98866913	Bright  Hypnosis!	SILVER SPRING, MD, 11711 GALT AVENUE	US
S2-389490878	BLUE ADNOEDC APPAREL LLC		US
S2-161980279	SAPPHIRE	##5506 CHEYENNE LOOP ROAD, TACOMA, WA	US
S2-331019845	Sheohar Wovens Private		India
S2-976904474	2431 HIGHLAND LANE OWNERS	3220 EDELWEISS DRIVE, WINSTON-SALEM, NC	US
S2-880344351	Piedmont Horizon Catalyst (Corporation)	256 HINES HILL ROAD, BOSTON HEIGHTS, OH	US
S2-211428042	DYNAMIC ENGINEERING CONCEPTS PARTNERS	CT, 54. SPRING ST, MIDDLETOWN	US
S2-956231692	DELTANEX	MISSOURI AVE, DEER LODGE, MT	US
S2-587748873	chin, jeanne heritage staffing, inc	11512 RD 114, PAULDING, OH	US
S2-737769826	pacificstarbny.com	264. IVYDALE RIDGE ROAD, IVYDALE, WV	US
S2-227047823	Balaji Trading  Private Limited	NO 60 OM, PLOT NO. 27, SURAJ SOCIETY, NEAR JAYANTI MANSION 6, OPPOSITE TO KACHORE LAWN, MANISH NAGAR, NAGPUR, Maharashtra	India
S2-129843044	Golden-Nevada Inc Center	190C LEVISTER COURT, RALEIGH, NC	US
S2-197447431	WALLIE QUINTANILLA MOBILITY CO	##223 3300, SALT AKE CITY, UT	US
S2-780070802	The Cardiology Group	163 RIVER RD, null, PASADENA, MD	US
S2-969475539	ARGUELLES COMMUNICATIONS	330 MOSS BOAT DOCK LN, DECATUR, TN	US
S2-505159977	THE DENT	7429 VISTA DRIVE, AZ, SCOTTSDALE HOPI	US
S2-410056618	Coon, Aspac and Cook Henderson	##3278 SHADOW RIDGE COURT, CLIFTON, CO	US
S2-860859683	Salazar, Valencia and Martinez Auto Repair-Mission	8617 Abram Road, MISSION, TX	US
S2-404645660	LI Crown	474 192RD PLACE, ISSAUAH, WA	US
S2-147814920	সানরাইজ মার্কেটিং প্রাইভেট লিমিটেড	D/4, KOLKATA, HOWRAH, পশ্চিমবঙ্গ	India
S2-692970333	Nanete Wolff, D.O., PC Riverside	WA, 1125 FOURTEENTH AVE, SPOANE	US
S2-166911644	Younger Esports	23448 82ND AVE, ESPERANCE, WA	US
S2-340593119	INDO PRIVATE LIMITED PARTNERS	H.NO 56 , FRONT PORTION, GROUND FLOOR BLOCK 7, SOUTH PATEL NAGAR, DELHI, दिल्ली	India
S2-164480227	Precision  Marine Technologies Partners	NY, ORCHARD PARK, 28 DILLER DRIVE	US
S2-886893631	Crystal Acivase [LLC]	0116 LIVINGSTON DR, BROWNWOOD, TX	US
S2-423060500	NS Homes Private  Limited	#5/7A- , MANIYAKARAR STREET, ZAMIN UTHUKULI, POLLACHI, N/A, Tamil Nadu	India
S2-541518396	Karissa Cockrell  Tri-State Holdings Service	1391 1100, FERDINAND, IN	US
S2-613118896	Renu Hospital Corporation	22 BARANSI GHOSH STREET, KOLKATA, West Bengal	India
S2-726215931	PEDIATRIC DENTISTRY CLINIC CORP	943 317, FLEMING-NEON, KY	US
S2-636479615	India Powergrid Digital Ltd	Madhya Pradesh, ###01 , AMBEDKAR MARG, NEEMUCH	India
S2-243934599	BARBARA SUMA, L.L.C.	515 BRYANT LANE, WOODBURY, TN	US
S2-624219129	CLASSIC IT  PVT LTD	PLOT 333 C/O MACMIXU COATING & CHEMICALS PVT LTD, JUGBERIA IND ESTATE, BODAI PANCHAYAT RD, KOLKATA, KOLKATA, West Bengal	India
S2-756216321	Blue Creative	3212 HARRYHOGAN RD, NORTHUMBERLAND COUNTY, VA	US
S2-821273451	Solutions Mehul  Propack	DOOR NO 801 8-283, LB NAGAR BHOOPAL PALLY, BHOOPALPALLY, Telangana	India
S2-403724240	Foot & Ankle Specialists Harbor LLC	119 LOBLOLLY PINE DRIVE, GRAY, LA	US
S2-642958861	Redwood Boakefry East Ltd	1091 BROOKSIDE COURT, HANOVER PARK, IL	US
S2-536053103	Mellisa Mullen, D.C. Riverside	23 CARLISLE ST, CAMBRIDGE, MA	US
S2-155335415	GOLDEN REMEEFDES (LTD)	09, LAL BAZAR STREET, 3RD FLOOR, KOLKATA, West Bengal	India
S2-116972032	Church Life New Partners	FLORENCE AVENUE, MEAD, WA	US
S2-108767209	Legacy Highland Center	42728 LA CERENA AVE, PO BOX 2643, BIG BEAR LAKE CDP, CA	US
S2-814275810	Plummer Patriot Launchpad Inc.	569 PORTLAND AVENUE, SAINT PAUL, MN	US
S2-752175640	Clean India  Limited Private	NO 998 F3, 1ST FLOOR, SHIV COMPLEX, VILLAGE VALLABH VIDHYANAGAR(M), TALUKA ANAND, DIST. ANAND, ANAND, ગુજરાત	India
S2-99523979	M/s Shagun Farms Ltd	NO 48 C/O MEERA MAHATO, W/O LALAN KUMAR MAHATO VILL-GURIYA JOTE, P.O. NEMAI, MATIGARHA, West Bengal	India
S2-885524591	Rebe Morrison Semiconductor Inc.	##9866 140, PMB 7951, MCKENZIE, TN	US
S2-62202580	Sallyann Balke  Metropolitan Corporate	MO, 7215 BALSON AVE, SAINT LOUIS	US
S2-537574794	Rohit (India) Steels Private Ltd	Haryana, C/O SANDEEP SANGWAN, VILLAGE GARHI, ALWALPUR, KHARKHARA	India
S2-30596657	Arihant Developers  Pvt [Ltd]	PLOT NO. 97-A, FLAT NO. 401, 4TH FLOOR, GOVINDAM APARTMENT, RAMNAGAR, NAGPUR, महाराष्ट्र	India
S2-748360811	XARGENTINA.COM	804 4TH STREET, WELLSBURG, IA	US
S2-971512652	#ashadeeptrading	CS NO 517/A/1/3, PLOT NO3, SWARUPAM BUNGALO, KARVIR, Maharashtra	India
S2-521484683	Aguirre Bce of	GILBERT, AZ, 3629 SAN PEDRO AVENUE	US
S2-196888100	Physica1 Therapy Associates All Holdings	01893 LONDONARY WAY, NORTH VERNON, IN	US
S2-636515261	Shivalika Home Services	DOOR NO #33 SR NO. 20/3 1148, THOMAS COLONY MAMURDI, DEHUROAD, TAL HAVELI, PUNE, PUNE, Maharashtra	India
S2-764341697	Sri Premier Private Limited Center	GRUOND FLOOR, PLOT NO 52, SECTOR - 14 NEW KUKSHET GAON, NERUL, NAVI MUMBAI, NAVI MUMBAI, महाराष्ट्र	India
S2-906109973	बालाजी इंफ्रास्ट्रक्चर स्वीट्स प्रा. लि.	FLAT NO-82, NULL, NEW DELHI, ROHINI, दिल्ली	India
S2-255402559	BLACK HCSPNOALT		India
S2-450905393	Private Kim Design [Limited]	K-28, G/F, GREEN PARK EXT., NEW DELHI, Delhi	India
S2-907469742	Shree Rectl Private Limited	C 46 KH NO 216 S/F, CHATTARPUR ENCLAVE PH-2, SOUTH WEST DELHI, Delhi	India
S2-481670096	M/s The Aadhar Real Group	137, MAJHELA ROAD, MITRA NIWAS K PICHE SHIVAJI NAGAR, KISHANGARH, MADANGANJ KIS, HANGARH, AJMER, Rajasthan	India
S2-585302850	Fínance Delhi Care Holdings	DELHI, HOUSE NO. 26C, NORTH WEST DELHI, Delhi, BLOCK BA, PHASE-I, NEAR MAIN ROAD	India
S2-624545060	Becton [Sports]	4872 RAINIER AVE, SEATTLE, WA	US
S2-141262262	Darby Lease	19415-19419 DANVERS ROAD, LYNNWOOD, WA	US
S2-194080257	CTE Vii-Inc	26496 CATTAIL LN, MILLSBORO, DE	US
S2-749164905	Shepard, Harwell and Barron Corp	1137. ROBINFIELD DRIVE, RALEIGH, NC	US
S2-702039111	Regional  Fisheries	SPINNAKER DRIVE, ELZABETH CITY, NC	US
S2-528835817	First Private Limited Partners	GAT NO 699 BABHULWADE, PARNER AHMADNAGAR, PARNER, महाराष्ट्र	India
S2-86894423	Anand Estate Private Limited	120 T.H.ROAD, TRIPLICANE, Tamil Nadu	India
S2-267741704	Rogers and Waters		US
S2-160399182	Temple Green Tire	181 WASHINGTON STRETT, PLAINVILLE, MA	US
S2-631059968	Internal Medicine Diamond Specialist	516A 3ND ST, FAIRHOPE, AL	US
S2-776471296	जैन सर्विसेज प्राइवेट लिमिटेड	S-249, GURUGRAM, GURGAON, Haryana	India
S2-245959813	CHATURBHUJ CO SERVICE	13, 2/C-74, NIDHI COMPLEX 2ND FLOOR, VIKAS NAGAR, KURSI ROAD, LUCKNOW, Uttar Pradesh	India
S2-82382275	SOUTHFOODS.COM	F-95, OKHLA INDUSTRIAL ESTATE, PHASE III, NEW DELHI, Delhi	India
S2-435943614	Foundation Tourism Enterprises	143-J-EXTN, F/FLOOR MAIN RAOD LAXMI NAGAR NEAR BSES TRANCEFORMER, NEW DELHI, Delhi	India
S2-788327378	Mahalaxmi Infra Partners L.L.P.	DOOR NO 15  , 2ND FLOOR NICE APARTMENTS, SHIVALIK VIHAR, ZIRAKPUR, ਪੰਜਾਬ	India
S2-755720559	Sons Nayi & Limited	##22, AHMEDABAD, NULL, Gujarat	India
S2-686669306	American Ltd (Services)	4118 INDIAN SCHOOL ROAD, ARCADIA, AZ	US
S2-532654827	Cortney's Pacific	2611 GRANGER LANE, PO BOX 5674, MOUND, MN	US
S2-460771181	Aviva Trading	HN 718. RZ-2/300, GALI NO 13, TUGHLAKABAD EXTN., Delhi	India
S2-696672788	Hotel Kríshna Infotech Private Limited	D9, SECTOR 3, NOIDA, Uttar Pradesh	India
S2-715901202	CREATIVE PREMIER TANKERS	109 WILD GINGER TRAIL, CHATTANOOGA, TN	US
S2-576749365	Indo Investment  Private Limited	H.NO 56 , FRONT PORTION, GROUND FLOOR BLOCK 7, SOUTH PATEL NAGAR, DELHI, Delhi	India
S2-621330435	UY Gardens Private Ltd	Gujarat, 77/10 GIDC ESTATE PHASE I, DASKROI	India
S2-619778756	Satara Biulriarhng Private Limited	महाराष्ट्र, DISTRICT SATARA KUKUDWAD, SATARA	India
S2-634604030	Reliable Partners Riverside LLC Center Center	1882 240ST DR, BUCKEYE, AZ	US
S2-362218304	ગુજરાત ઇન્વેસ્ટમેન્ટ્સ પ્રાઇવેટ લિમિટેડ	Gujarat, IMPERIAL HEIGHTS, FOYER D, 150 FT RING ROAD, OPP. I, IMPERIAL HEIGHTS OWNERS ASSOCIATION, RAJKOT	India
S2-622650775	Amaleta Neil Harbor Oak LLC	129 HAYLAND DRIVE, JASPER CITY, IN	US
S2-116230086	Pinnacle Horizon Dpc	CASCADE RD, GREENSBORO, NC	US
S2-144219316	ಶಿವ್ ಎಸ್ಟೇಟ್ ಪ್ರೈವೇಟ್ ಲಿಮಿಟೆಡ್	NO.638/02, BANGALORE, BANGALORE SOUTH, Karnataka	India
S2-763174972	of Cardiology Partners LLC Brooklyn	321 NOSTRAND AVE, BROOKLYN, NY	US
S2-20526115	Li, Duran and-Mcnei1 Ltd Ltd	16  THORNWOOD CT, MOLINE, IL	US
S2-722199212	Oliveira's Appliance	840 MILLER RD, OLA CITY, AR	US
S2-210191497	Loya Electrical Co	7631 PRINCE EDWARD HWY, PRINCE EDWARD COUNTY, VA	US
S2-353912977	várgasishares.com	5065 Old Stage Road, CHUCKEY, TN	US
S2-924593933	Ertha Haye State L.L.C.	SPRUCE SAINT, SUPERIOR ITY, MT	US
S2-329160239	Ertle Environmental Incorporated	2429 BETHEL AVENUE, PORT ORCHARD, WA	US
S2-790332021	Beaty Center	9420 CHUNCHULA GEORGETOWN ROAD, CHUNCHULA, AL	US
S2-887506332	North Rock Little Rail		US
S2-891547877	OIS Services Límited	NO.8, 1ST FLOOR 5TH MAIN, KULLAPPA CIRCLE, KAMMAN HALLI, Karnataka	India
S2-928259593	Surgical American Associates Llc	952 3 ST, BROOKLLYN, NY	US
S2-683736520	Dionis D. Anderson, P.A. Inc.	MA, 8 APPLETON ST, EVERETT	US
S2-152166487	Constellation Earthmovers Ltd	NO 921 VILL- MAHUA SINGH RAE, TOLA-MAHUA SINGH RAE POST- MAHUA, PS-MAHUA, MAHUA, Bihar	India
S2-791732035	Sm Institute	NO 6 PRAFULLA SARKAR STREET, KOLKATA, KOLKATA, West Bengal	India
S2-218679455	Belgaum Logistics L.L.P.	ಕರ್ನಾಟಕ, #17/17, LAXMI NAGAR, 1ST FLOOR JUNE BELGAUM, M. VADGAON, BELGAUM	India
S2-263787016	Morgan Advanced Bain LLC	COURTESY DR, THOMASVILLE, NC	US
S2-606249693	NARAYANICRAFTS.COM	C/O GEETA KUMARI, RUDH, GRAM ANGANWADI RUDH, BAWAL, Haryana	India
S2-396486496	Guyton Wintergreen Lakeside, LLC	6335 PEMBROKE-OAK GROVE RD, PEMBROKE, KY	US
S2-341924778	Centre Properties (India) Limited	കേരളം, 21/250 GROUND FLOOR, GRANDE TOWER ALUVA, ALFVA	India
S2-576780572	Murshidabad Enterprises Private	54 VILL BALIGHATA, WARD NO. 14, MURSHIDABAD, West Bengal	India
S2-899908003	সান ইম্পেক্স প্রাইভেট লিমিটেড	BCOCK D-359 ROOM NO. 10B, GROUND FLOOR OF PREMISES NO. 8, OLD CHINA BAZAR STREET, KOLKATA, KOLKATA, HOWRAH, পশ্চিমবঙ্গ	India
S2-993401893	Vitaum  Bay Navios Inc	5147 EMMET STREET, OMAHA, NE	US
S2-686294655	Paramount Investments (India) Infratech Private Limited	3398 , 6TH BLOCK, SIR M VISHWESHWARIAH LAYOUT, ULLALU, BANGALORE, Karnataka	India
S2-739492974	elkinsdiamondmelar.com	141 Harper Ln, LEMONT, IL	US
S2-854495278	Kassey's Direct Partners	548 840, OREM, UT	US
S2-221828408	Sunshine Developers Private	DOOR NO 652 F- 255, RIICO, JAIPUR, राजस्थान	India
S2-199736172	RG Safe Green	120 ARCH HILL RD, ZANESVILLE, OH	US
S2-223805761	Womens  Health Associates Group	4553- GRESHAM DR, OXFORD, NC	US
S2-657902660	Nguyen Premier Royal LLC	7582 PRICEVILLE RD, HART COUNTY, KY	US
S2-934991945	న్యూ బిజినెస్ ప్రైవేట్ లిమిటెడ్	FISHING HARBOUR ROAD, 22-31-6, VISHAKHAPATNAM, Andhra Pradesh, VISAKHAPATNAM	India
S2-189477861	Ltd Baltimore Literacy Sterling Association	4011 FRANKLIN STREET, MD, BALTIMORE	US
S2-602694405	GALAXY HOMES PRIATE LIMITED	C/O ARVIND MEHTA, SAMRANIYA, BARAN, N/A, Rajasthan	India
S2-763827949	India Start Lithe Private Limited	C/O H NO.1088, SAMARTH, NAGAR, PARANDA, Maharashtra	India
S2-845043253	@RAMINFOTECH	A-402, PIONEER URBAN SQUARE SECTOR-62, GOLF COURSE EXTN. ROAD, GURUGRAM, Haryana	India
S2-234494142	Baier Parker Corp Center	548 MONTICELLO CIRCLE, ORANGE COUNTY, VA	US
S2-929375610	ಗ್ಲೋಬಲ್ ಕನ್‌ಸ್ಟ್ರಕ್ಷನ್ಸ್ ಆಟೋಮೊಬೈಲ್ಸ್ ಪ್ರೈವೇಟ್ ಲಿಮಿಟೆಡ್	BANGALORE, Karnataka, BANGALORE, 656/L	India
S2-352163819	विजन फूड प्राइवेट लिमिटेड	C/O JIJABAI RAMDAS BORALE, JALNA, Maharashtra	India
S2-66490424	Inc Western College	1813 HIDDEN MEADOWS DRIVE, CITY OF HOLLADAY, UT	US
S2-874916205	20/20 LLC Services	4526C COUNTRY CLUB RD, MOREHEAD CITY, NC	US
S2-861997455	VETECEX lNC	2761 STOCKTON BOULEVARD, PO BOX 1680, SACRAMENTO, CA	US
S2-662937220	ORELIA'S HEALTHCARE HEALTHCARE LLC	2070 KENTLAND DR, ROMEOVILLE, IL	US
S2-432746171	Pugmark Info Private Ltd	213/1, AUROMADAL ROAD, KUI, LAPALAYAM, BOMMAYARPALAYA, VANUR, Tamil Nadu	India
S2-621650808	Fritz Atlantic	TN, 367 LAKERIDGE ST, KINGSPORT	US
S2-702224754	DUONG SECURITY OF CDÁLBATE	12228- SCOTT CREEK DRIVE, CHARLOTTE, NC	US
S2-475342774	anvil sun llc	5 B-7 CASAMERO LAKE LOOP, SMITH LAKE, NM	US
S2-309948615	churchill,, misha dpm	1021 SMITH STREET, IL, PEORIA	US
S2-959206841	>> 2869-Mountain View Blvd Owners Corp	3105 FOREST HILLS ROAD, WILSON, NC	US
S2-28058319	आनंद टेक्नोलॉजीज लिमिटेड	PLOT 985 SCO 388 2ND FLOOR SECTOR, AMBALA CITY, PANCHKULA, हरियाणा	India
S2-475929876	Cid and Chambers Ltd Services	5359  Parksie Court, CONOCRD TOWNSHIP, NC	US
S2-355136487	Continental (Marine,)	1801 MERIDIAN ST, PMB 1430, NASHVILLE, TN	US
S2-562943737	सदर्न कंस्ट्रक्शन प्रा. लि.	16/4, KISHANGARH, AJMER, Rajasthan	India
S2-776108614	Pune Tours Private (Limited)	DOOR NO 6TH FLOOR PENTAGON P2 MAGARPATTA CITY HADAPSAR, PUNE, Maharashtra	India
S2-94368660	Liberty Liberty Summit [Center]	62-64 ARTHUR ST, SPRINGFIELD, MA	US
S2-573391180	Reliable Ánalytics LLC	64 MELBOURNE STREET, PORTLAND, ME	US
S2-839824103	Lassetter Cion LLC		US
S2-610934222	Pranendra Mobile Pvt	I-19, DELTA-2, GREATER NOIDA, NOIDA, Uttar Pradesh	India
S2-28776776	Federal Financial Corporation	715 WILLOW CREEK DR, MT. JULIET, TN	US
S2-697629712	Happy Tavern	04013 EASTOVER AVE, FORT WORTH, TX	US
S2-913412471	Mr Infinite Páper (India)	LINE NUMBER 5 YASHODA NAGAR NUMBER 5, AMRAVATI, महाराष्ट्र	India
S2-362897643	ग्लोबल आईटी प्राइवेट लिमिटेड	दिल्ली, CENTRAL DELHI, DELHI, 1730/13 JOLADYAN BUILDING . BHAGIRATH PALACE	India
S2-601304093	>> BLUE  DEL!I LP	WESTBURY, NY, 57 OLD COUNTRY RD	US
S2-350086796	as & co	HNO.F-9, FLOOR-2ND, AUCHANDI ROAD, LAND MARK NEAR SHIV MANDIR, VILLAGE - BAWANA, NEW DELHI, Delhi	India
S2-301582835	Dianemarie Fairchild Box	6030 JANEWAY RD, MARYVILLE, TN	US
S2-930220105	Digital Polytechnic	PLOT 245 21, SATYAM BUNGLOWS OPP., MANOHAR VILLA, AHMEDABAD, ગુજરાત	India
S2-520231779	LUMVERA STAR REDWOOD INC.	IN, JASONVILLE CITY, 5661 1350	US
S2-595954587	Pearl Limited Trading	NO 1006-10TH FLOOR, SAMUDRAANNEXE, NR.CLASSIC GOLD HOTEL, C G ROAD, NAVRANG, PURA, AHMEDABAD, Gujarat	India
S2-577985981	DOTEQUE GROUP	4299 FM 2200, DEVINE, TX	US
S2-518872146	Vlwh	SHADY PALMETTO DRIVE, HOUSTON, TX	US
S2-587850853	CORNERSTONE GAS CORP	10315 8TH AVENUE, SEATTLE, WA	US
S2-300161515	GREAT GREAT INC [PROGRAM]	602 1/2 ADA AVE, MULDROW, OK	US
S2-693546991	রাজ সফটওয়্যার প্রাইভেট লিমিটেড	#120 2, KOLKATA, HOWRAH, পশ্চিমবঙ্গ	India
S2-837988686	Treadstone-Stbhg Ventures	11T FLOOR, SAHAYOG BLDG, S.V. ROAD, KANDIVALI WEST, Maharashtra	India
S2-557872167	WARE & VÍLLWOCK	AR, NORTH ITTLE ROCK CDP, 1224 47th St	US
S2-827005948	Sheldon American Crown Coastal LLC	21 CREEK AVE, HASKELL, OK	US
S2-722088482	CL Metropolitan Consultants (Inc)	2617 FINGER RD, CITY OF GREEN BAY, WI	US
S2-73277987	Frontier Crtnmtial Neurosciences Inc	AZ, SHOW LOW, 6501 PATRIOT WAY	US
S2-42810646	Frontier Cóalition LLC	CENTERVILLE, 7934 BRAINARD WOODS DRIVE, OH	US
S2-848708545	Vanntio Northwest, LLC	##711 SEVENTH STREET, BLOOMINGTON, IL	US
S2-643530883	The Dent Tattoo Partners	5 TOBIS STREET, HICKSVILLE, NY	US
S2-29780021	Al Consultants Automobiles Private	தமிழ்நாடு, NO.22, AH BLOCK, 5THSTBEET, SHANTHI COLONY, ANNANAGAR, EGMORE NUNGAMBAKKAM	India
S2-762867084	Rizadovanex	21502 SAN LUIS PASS RD, GALVESTON, TX	US
S2-27756909	Zaix Inc	483 STETSON DR, GISELA, AZ	US
S2-23692283	Carpenters Union Local		US
S2-992145243	Unique International Public Limited	591/11, PILLAIYAR NAGAR, KANDAMPATTY BYEPASS, SALEM, Tamil Nadu	India
S2-243100640	GREENCO TRAVELS EXPORTS PRIVATE PRIVATE LIMITED	#25, ORLEM PARK VIEW, TANK ROAD, ORLEM MALAD WEST, MUMBAI, Maharashtra	India
S2-17650244	Delhi Trends Pvt Limited	C-562, NEW FRIENDS COLONY, DELHI, दिल्ली	India
S2-600543108	Nexavi Aclainte	3154D 9, KINDERHOOK, NY	US
S2-176946731	Board of Parks and Recreation Corp	1739 PARKFORD LN, COLUMBUS, OH	US
S2-951704247	Lumay  Virginia-LLC	##8 LEE AIRPARK DRIVE, EDGEWATER, MD	US
S2-534647565	Navik Traders Limited	NO G-51 C/O LAXMINARAYAN RAWAT, VILLAGE - CHIMANPURA, JAIPUR, राजस्थान	India
S2-83298080	Mr Southern Logistics LLP	H.NO 101/102 FF, SR NO. 4311, 4312 SHOBHA CHAMBERS, ZAVERIWAD, AHMEDABAD, Gujarat	India
S2-990846207	Sharpton Diagnostics	1572  WIMBLEDON DRIVE, GREENVILLE, NC	US
S2-78352501	SCANLAN ART OF	HUMMINGBIRD LN, WILLISBURG, KY	US
S2-715445055	SOUTHERN INFRASTRICTUCE (LIMITED)	LUNKAD TOWER, VIMAN NAGAR, OFF PUNE NAGAR ROAD, Maharashtra	India
S2-940144023	C0nsortium Cnslants Holdings Company	16/581, MALAPPURAM, MALAPURAM, Kerala, CHEMBANKAD, NILAMBUR	India
S2-238556927	india aum consulting limited	C-13/1, MAYUR BHANJ ROAD, KOLKATA, KOLKATA, N/A, পশ্চিমবঙ্গ	India
S2-269786556	Pediatric Dental Sterling (Associates)	N/A, VT, S. BURLINTON, F 7 GRANDVIEW DRIVE	US
S2-235168148	KCR PHARMA PHARMA [(INDIA)]	C/O SMT.NEELAMBIKA MAHADEV SHIVSIMPI SOMWAR PETHA, BANHATTI, Karnataka	India
S2-677221430	ব্লু মার্কেটিং লিমিটেড	BLOCK G-00663 FLAT NO. Q- 211, KOLKATA, PARGANAS NORTH, West Bengal	India
S2-192507514	Ags Pvt Ltd Services	Maharashtra, SR.NO.A-83 (PART) & 84 (PART) FL.NO.A1-103 BANER, PUNE	India
S2-167701545	Fortune Foundation Provate  Limited		India
S2-851422127	ग्लोबल पावर प्राइवेट लिमिटेड	48, BELWA CHUNGI, PADRAUNA, KUSHINAGAR, Uttar Pradesh	India
S2-721025894	Coastal Ridge  King #22396	NORWALK, 181 MILAN AVENUE, OH	US
S2-182798190	novaprocap.com	1800 MAIN STREET, WEEATHERFORD CITY, TX	US
S2-462231025	Pediatric Dental Preferred Care Associates Inc.	3857 DAINA DRIVE, WEBSTER SPRINGS, WV	US
S2-551239405	Smock Dírect Payment	HOT SPRINGS NATIONAL PARK, PO BOX 3969, 113 NAUTICAL BAY DRIVE, AR	US
S2-327358945	ANURADHA FACTORY PRIVATE LIMITED	HIG-##8, B-2, F-6, APHB QUARTERS, DR.AMBEDKAR, BAGH LINGAMPALLY, MUSHEERABAD, HYDERABAD, null, Telangana	India
S2-71584175	CRYSTAL INDUSTRIAL BRANDS	571 359, CARDWELL, MT	US
S2-459038369	inc bivue quality eastern	IN, MILROY, 7556 1050	US
S2-68365701	Lyryns Asset LP	505 CAPES DRIVE, OCEANSIDE, OR	US
S2-59673302	bangaloredesign.com	BLOCK A-372 27, MANI ILLAM, 2ND FLR, NR SUBRAMANYA TEMPLE, PATEL LYT, V N POST, CHEEMASANDRA, BANGALORE, Karnataka	India
S2-88260967	Gurukripa &	1, 1, 3RD FLOOR, TILAK NAGAR, NEW DELHI, NEW DHLHI, Delhi	India
S2-288110387	Behavioral Health Clinic East	10 BISCAYNE DRIVE, ATLANTA, GA	US
S2-21081490	Brightic Inc Partners	118 SWAN ST, METHUEN, MA	US
S2-420347037	bhopal consultancy limited	39, OLD ASHOKA GARDEN, NEAR CHURCH, RAISEN ROAD, BHOPAL, Madhya Pradesh	India
S2-648058432	പ്രീമിയർ സൺറൈസ് ഇന്റർനാഷണൽ പ്രൈവറ്റ് ലിമിറ്റഡ്	HOUSE, N/A, ERNAKULAM, Kerala	India
S2-315238946	Drayium Sachem Llc	TUCSON, EAGLESTONE LOOP, AZ	US
S2-874837860	Super Enterprise	C-025, INDL.ESTATESAGAR ROAD, SHIMOGA, SAGAR ROAD, Karnataka	India
S2-838927093	Maxx Marwar	81-B, MUTHUKRISHNAPURAM MAIN ROAD, 6TH STREET, TUTICORIN, Tamil Nadu	India
S2-142396279	HORIZON CONTRACTING CO CO	400 BUGSCUFFLE RD, WARTRACE, TN	US
S2-681847073	C D + M SKIN CARE	85 PARK AVE, WORCCESTER, MA	US
S2-714756068	SEVEN  CENTER	T6-705, EMAAR PALM GARDENS SECTOR 83, GURUGRAM, Haryana	India
S2-30522872	L6P Alloys Ltd	HARAN CHAWL, BOMBAY, MUMBAI CITY, Maharashtra	India
S2-330947888	சுப்ரீம் ஃபுட் பிரைவேட் லிமிடெட்	OLD NO.0019, CHENNAI, தமிழ்நாடு	India
S2-368979550	Urja Charitable Trust  Infratech	Delhi, FLAT NO. 2-7 , WZ-19, CH. DHARAMPAL BHAWAN NEAR GOVT. DISPENSARY, NANGLI GALIB, B-1, JANAKPURI, NEW DELHI	India
S2-93581811	North Delta L.L.C. Services		US
S2-526450568	CERTIFIEDWILLOUGHBY.COM	547 SAYLR AVE, NULL, ELMHURST, IL	US
S2-126598464	പ്രീമിയർ സൺറൈസ് ഇന്റർനാഷണൽ പ്രൈവറ്റ് ലിമിറ്റഡ്	ERNAKULAM, Kerala, HOUSE, ERNAKULAM, N/A	India
S2-628495249	Evociraaria	38 MOORETOWN RD, RIEGELWOD TOWNSHIP, NC	US
S2-687451261	Ledyne Freight Partners	5313 OESTE, TCSON, AZ	US
S2-513539427	VALUE [NÚTRITION]	403, BONNOTS MILL, MO	US
S2-486255745	Federal  Pgoiam	TN, #3864 HUTSON AVENUE, NASHILLE	US
S2-178823867	Gee, Garces and Berkey LLC	10422  RHODES AVE, CHICAGO, IL	US
S2-224255305	QX Transportation Pvt. Limited	NO. 216 C/O MALAY SAMUI D.P TOWER, SPACE 5 DASHADRONE, RAJARHAT, West Bengal	India
S2-438838708	YPL  Payment	11153 JACKSON RD, SACRAMENTO, CA	US
S2-822444111	Beth Methodist Chúrch		US
S2-163486264	Bright Coffee Corp	414 SHIPLEY ST, PO BOX 2798, COOKEVILLE, TN	US
S2-105350442	Zineva Premier Inc Services	17145-17149 STATE HIGHWAY 7, DARDANELLE, AR	US
S2-217579928	Atlanta Vánguard Roman	LOOKOUT PL, ATLANTA  CITY, GA	US
S2-725654978	METRO TRI-STATE MUNICIPAL-(CENTER)	10414 1/2 58TH AVE, GLENDALE, AZ	US
S2-336728396	Mysore Buildcon  Private-Limited	#610/F, 1ST FLOOR P & T BLCOK, KUVEMPUNAGAR, MYSORE, Karnataka	India
S2-315611059	Vincere Buildwell Pvt	SATTER PANCHAMUHNAI SARAI, PATNA, बिहार	India
S2-55208368	@ADEYGOMEZ	23 CARVEL ROAD, PASADENA, MD	US
S2-805885005	Ear Nose & Tata Center Inc	9027  CRAIGMONT ROAD, HUNTSVILLE, AL	US
S2-83203538	>> RICCIARDELLI, HILDA C., O.D., PC	21303 SR 81, SPENCERVILLE, OH	US
S2-121178832	PRIMARY CARE PINNACLE GRÓUP	11101-C CTH ZZ, TOWN OF LIBERTY GROVE, WI	US
S2-760141044	Empire Marketing  South	188 PROSPECT SAINT, BURLINGTON, VT	US
S2-2251172	LOVATO  IRIS [PLLC]	1759 FLEMING FALLS RD, MIFFLIN TWP, OH	US
S2-850046906	Gujarat Energy Ltd	83 SP MUKHERJEE ROAD, 4TH FLOOR KOLKATA, KOLKATA, KOLKATA, West Bengal	India
S2-624411502	Frontier Fitness Corp	164 NORWICH WESTERLY ROAD, NORTH STONINGTON, CT	US
S2-646274481	CENTRAL ANALYTICS	47 FOSTER RD, BROOKHAVEN, NY	US
S2-893970791	zsevo.com	475 CHURCH HOLLOW RD, BOONE, NC	US
S2-489459877	CONGREGATION CHURCH BAPTIST		US
S2-520746541	Kiley Eash Apple,	00911 WASHINGTON AVENUE, ROSWELL, NM	US
S2-308074507	SA ERRGIDE ERRGIDE INC.		US
S2-86099057	D/P  PRUDENTIAL PARTNER5	10819 1/2 200, MILFORD, IN	US
S2-111587978	PARTNERS GLOBAL STUDIOS LLC	IL, 526B HANNAH LANE, HINSDALE	US
S2-545617299	Newton and Chambers	04323 STEVENS BATTLE LANE, FAIRFAX, VA	US
S2-883677973	Best Muzero LLC	79 ORANGE ST, CHELSEA, MA	US
S2-796436089	M/s Sga Consultants Private-Limited	E-1, LOWER GROUND FLOOR LAJPAT NAGAR-III, DELHI, दिल्ली	India
S2-101902970	Housing Alliance LP	617 Carbon Street, SYRACUSE, NY	US
S2-240626933	Milli Martinez,  DO Corporation		US
S2-668885519	Danni Br0wn Xrp	91 MEADOWLAWN ROAD, DEPEW, NY	US
S2-772589901	First  Emanuel	MN, BRAINERD, #2622 FRED LN	US
S2-437581527	Physical Therapy Care Inc	513 CAGLE CROW RD, MANSFIELD, TX	US
S2-768552033	Dileva Worldwide L.L.C.	SALMON RIVER ROAD, SCHUYLER FALLS, NY	US
S2-402066225	The Sirius Financial Co	2267 WENDT STREET, ALGONQUIN, IL	US
S2-747723658	ANITA MADSEN  ASSOCIATES SERVICE	4035 HAMBLIN DRIVE, PHOENIX, AZ	US
S2-72346167	NM [Techn0logies]		US
S2-747880143	Summit LLC	2129 GORMAN STREET, RALEIGH, NC	US
S2-176838818	GANAUS INAHUSAREN	1157 MOUNT HEBRON RD, CROOKED CREEK, NC	US
S2-68121	LLC CRAWLEY EUREKA MCHENRY	001107 RIVER ROAD, MCHHENRY, IL	US
S2-386889261	Buxton Physical Therapy Co	142 SEACOAST SHORES BBULEVARD, FALMOUTH, MA	US
S2-403959504	ஈஸ்ட் எக்ஸ்போர்ட்ஸ் பிரைவேட் லிமிடெட்	#30/12 CENOTAPH ROADTEYNAMPET CHENNAI, CHENNAI, ABIRAMAPURAM, Tamil Nadu	India
S2-789533868	Parker Development  Clinic		US
S2-659887383	vistasolutions.com	HN 701 B-88, GF-3, RAMPRASHA COLONY, GHAZIABAD, Uttar Pradesh	India
S2-429308620	DERMATOLOGY MEDICINE	1051 VAN BUREN AVENUE, INDIAN TRAIL, NC	US
S2-567024680	Drayus-Paloma LLC	4260 BROWNSBORO RD, WINSTON-SALEM, NC	US
S2-26769586	bradydentalassociates.com	12365-D ENSLEY DR, FIHERS, IN	US
S2-189873753	Robinson School of Medicine	8038 MOREL AVENUE, FT MILL, SC	US
S2-405098788	Beth Gibbs Clean Estate [Inc.]	207D OAKLAND ST, <NULL>, SPRINGFIELD, MA	US
S2-656625636	SUMMIT LEAGUE  [V]	7864 HICKS RD, BALDWINSIVLLE, NY	US
S2-895186263	REGGIE'S PRECISION CARE CENTER	UT, WEST VALLEY CITY, 433 MARKREAD STREET	US
S2-18557465	Best Súma	700 1ST AVE, PMB 511, GREAT FALLST OWNSHIP, MT	US
S2-353187339	ANANT  IMPACT LTD.	Delhi, DOOR NO B3/75 13/4, 2ND FLOOR, WEST PATEL NAGAR, NEW DELHI	India
S2-748854903	ईस्टर्न स्काई इंजीनियरिंग प्राइवेट लिमिटेड	H.NO. 9-635, KHANDARMALAWADI TALUKA SANGAMNER, AHMEDNAGAR, Maharashtra	India
S2-877127509	SHACHI & BR0THERS PRIVATE (LIMITED)	PLOT NO 286, 1ST FLOOR, OPP DISTRICT SHOPPING CENTRE, GANDHINAGAR, GANDHINAGAR, Gujarat	India
S2-972498737	Lakshmi C0m Private Ltd (ID: 99891)	B-52/4 DEV NAGAR TOND ROAD, IF.K COMPANY, JAIPUR, Rajasthan	India
S2-240213543	Helios Helios Co Center	412 HILLVIEW PLACE, NY, ITHACA	US
S2-277833873	Behavioral Health Associates	512 Linton Circle, NULL, CHESAPEAKE CITY, VA	US
S2-401106223	THE PRAIRIE HEALTH CENTER CO	3098 STAUNTON PARKERSBURG TURNPIKE, HUTTONSVILLE, WV	US
S2-703839505	RAINBOW TRADERS GROUP LIMITED	PF-27, GIDC SANAND - II, INDUSTRIAL ESTATE, SANAND, Gujarat	India
S2-404848987	B1ue Massage! Ltd	72244 SANDERS STREET, ARLEE, MT	US
S2-40049336	Oxbow Fabs (India)  Private Limited	C/O RANG BAHADUR SINGH, B-161/1, INDIRA NAGAR, LUCKNOW, उत्तर प्रदेश	India
S2-586253027	Complete Services	625 Laurie Street, CITY OF APPLETON, WI	US
S2-772875317	Cornerstone Kogyo L.L.C.	001000 HARVEST LOOP, ELLENSBURG, WA	US
S2-405969718	Flores's Consultants	105 DOHM AVE, PO BOX 3596, GUILFORD, CT	US
S2-253433930	Montgomery  Prite North	11454  N SHORE ROAD, BELFAIR, WA	US
S2-849994484	BRICK FOOD PRIVATE LIMITED	Maharashtra, 102, SATYAM TOWERS, 90 FT. ROAD, THAKUR COMPLEX, WESTERN EXPRESS HIGHWAY, KANDIVALI(EAST), MUMBAI	India
S2-73883514	आदित्य कंस्ट्रक्शंस प्राइवेट लिमिटेड	##39, JAIPUR, Rajasthan	India
S2-562898107	सनराइज इन्वेस्टमेंट प्रा. लि.	H.NO 83 VILL- AGWANPUR, PALWAL, FARIDABAD, Haryana	India
S2-126981557	Krissy Amos Produce Inc.	RILEY ROAD, <NULL>, NEW CASTLE, IN	US
S2-95833723	होटल आईटी प्राइवेट लिमिटेड	25/1, JHANSI, Uttar Pradesh	India
S2-353587065	COLONIAL TECHNOLOGIES LLC	8509 82ND ST, LAKEWOOD, WA	US
S2-288658711	Trivedi Trading Private Limited	##30-31, F.F., RIVERA 30 SHOPPING, NR. PARAS-2, 100 FT ROAD, ANANDNAGAR FOURWAY, PRAHLAD, NAGAR, AHMEDABAD, Gujarat	India
S2-648346180	UCL Consulting	NO 24/6 SY #139, SHOP #3&4, GEAR SCHL RD DODDAKANNAHALLI, SARJAPURA MAIN RD, BENGALURU, ಕರ್ನಾಟಕ	India
S2-135538070	Kolkata [Structure]	B-01, DHALUA, PASCHIM PARA, SRINAGAR ROAD SARKAR HOUSE LALBARI, P.O. DHALUA, SOUTH 2, 4 PARGANAS, KOLKATA, West Bengal	India
S2-588546731	Wsntno, Cody Plum LLC	4502  SUPERIOR SQUARE, FAIRFAX, VA	US
S2-680845617	Heartland Strategic LP	137 HIDEAAWY LN, MOORESVILLE CITY, NC	US
S2-17380666	b 8 crystal golden	##1143 GARDEN DRIVE, NEWPORT NEWS CITY, VA	US
S2-501374617	Day Clear Cloud	7734 CAMFIELD CT, <NULL>, INDIANAPOLIS, IN	US
S2-493059606	ରାଜ ପ୍ରୋଡକ୍ଟସ୍ ପ୍ରାଇଭେଟ୍ ଲିମିଟେଡ୍	UJALI BHAWAN, PURI, Orissa	India
S2-300975056	Loreis Corp	MANCHESTER RD, CONCORD, NY	US
S2-299739866	CFT Arts	9763  NORTH FREEWAY, FORT WORTH, TX	US
S2-216890887	क्रिएटिव प्रोजेक्ट्स लिमिटेड	Maharashtra, MUMBAI, C, 1204, ROYA OASIS, JANKALYAN NAGARMALVANI, NR BILLABONG SCHOOL, MALAD W, MUMBAI CITY, 12THFLOOR	India
S2-482064470	Superior Inc Property	08 ALLEN RD, PO BOX 6919, GRAND ISLE, VT	US
S2-532443771	Ashoka Consultancy Pvt Ltd.	NO ##19 , SEMIBUDORS ST, MADRAS-1NO 19, SEMIBUDORS ST, CHENNAI, Tamil Nadu	India
S2-903636910	internalmedicineamerican.com	1401 CATES ST, BRIDGEPORT, TX	US
S2-310548560	PIEDMONTINNOVATIVESILVERBOX.COM	988 OSAGE DRIVE, HENDERSON, KY	US
S2-647664053	Gaci and Co	LEVEL 7, DNYANVATSAL COMPLEX, OPP. VANDEVI MANDIR, KARVE NAGAR, PUNE, महाराष्ट्र	India
S2-71033344	4853 Fourth Avenue LLC Center	896-D COLBURN SAINT, TOLEDO, OH	US
S2-315738138	NORTHCONSTRUCTIONSCOM	OFFICE NO BW9021, 9TH FLOOR, G BLOCK BHRAT DIAMOND BOURSE, BKC, BANDRA EAST, MUMBAI, Maharashtra	India
S2-784379682	पायोनियर इंफोटेक प्राइवेट लिमिटेड	304, FANCY APPTT. VASUNDHARA ENCLAVE, NEW DELHI, Delhi	India
S2-993561019	ഗുരു സെവൻ ഇൻഡസ്ട്രീസ് പ്രൈവറ്റ് ലിമിറ്റഡ്	THIRUVANANTHAPURAM, Kerala, TRIVANDRUM, ROOM NO..3/423, PUTHIYATHURA, PUTHIYATHUR NEDIYAVILAKAM, TRIVANDRUM, THIRUVANANTHA, PURAM	India
S2-356209563	Winne Mcguire Burtech Inc Center	213. MAIN ST, SOPHIIA, WV	US
S2-431684222	Blue Empire	723 11TH, SABETHA, KS	US
S2-790165305	Arts Services		US
S2-163746063	Commission on Bildgins	20758  LAUREN RD, MARICOPA, AZ	US
S2-116212235	RAND & ISON CARE	11350 ROSENA CIRCLE, FONTANA, CA	US
S2-374514656	>> Ramdas Supplier (India) Private (Limited)	B-##702, RIVER VIEW, CASA RIO, KALYAN SHILL ROAD, PALVA CITY, DOMBIVALI EAST, THANE, PALGHAR, महाराष्ट्र	India
S2-415022138	LLC ARNOLD INSURANCE OF ANDOVER HARBOR	11 WILDWOOD ROAD, PO BOX 375, ANDOVER, MA	US
S2-99842444	BURTON ÓNLINE PC	1790 HUMMINGBIRD DRIVE, COSTA MESA, CA	US
S2-841077156	प्रीमियर टेक्नोलॉजी प्राइवेट लिमिटेड	HOUSE NO 138 GF PKT-13 SECTOR 20 ROHINI LANDMARK NEAR MOTHER DAIRY, NORTH WEST, NEW DELHI, Delhi	India
S2-223855860	Espinal, Lorraine B., D.C.	TN, ASHLAND CITY CITY, 125 VALLEY VIEW ST	US
S2-798385400	ASJ Solutions Pvt | www.asjsoluti.com	DOOR NO 320 A-27 ANAMIK CO OP HSG SOCARYA CHANAKYA NAGAR AKURLI CROSS ROAD NO 1 KANDIVALI (E), MUMBAI, Maharashtra	India
S2-651885580	Private Krishna Energy Motors Limited	156, MISSONPARA, RAHARA, KHARDAH NORTH 24 PARGANAS, KOLKATA, PARGANAS NORTH, West Bengal	India
S2-173342440	GF Purchase Pvt.	A - 411, SAI SUNDARAM APT ACHOLE, ACHOLE, THANE, महाराष्ट्र	India
S2-564484372	-- Amaravati Academy Limited	#109 D-301 SECTOR-7 SUNCITY, AHMEDABAD, DASKROI, Gujarat	India
S2-990756541	होटल यूनिक लॉजिस्टिक्स प्राइवेट लिमिटेड	FLAT NO. A-1207, BOMBAY, MUMBAI CITY, Maharashtra	India
S2-176644026	kantconsultants.com	#136 , 2ND FLOOR, SHIVA FARM, VRUSHABHAVATHI NAGAR, KAMAKSHIPALYA, 11TH CROSS, MAGADI MAIN ROAD, BANGALORE NORTH, Karnataka	India
S2-468327497	Abj  Brothers Ventures Private Limited Center	NO 35 GROUND FLOOR, NEW NO. 10, OLD NO. 122, P. S. SIVASAMY SALAI (SULLIVAN GARDEN ROAD) ST. EBBAS AVENUE, MYLAPORE, CHENNAI, தமிழ்நாடு	India
S2-485554451	QQJ INDIA LÍMITED	C/O KISHORILAL K AGRWAL, 19/9, RETAIL MARKET YARD, ANAJ MANDI, INFRONT OF URBAN BANK, DAHOD, DOHAD, Gujarat	India
S2-375526786	Booker-LLC Diversified	058991 SOUTH BEACH DR, HATTERAS, NC	US
S2-960471291	Frontier-Management	114 7RD AVENUE, BIG TIMBER, MT	US
S2-139830189	Kingfisher Trading Private	C/O AKHILESHWAR PANDEY, MANAS KUTEER CHARITRAVAN, BPH, URBAN BUXAR, BUXAR, Bihar	India
S2-619946666	ROCKYNUCLEAR.COM	EXPRESSWAY 77/83, BROWNSVILLE, TX	US
S2-687057839	RIDGE SCHOOL OF MÉDICINE INC	FOXGRAPE HOLLOW, BANNER ELK, NC	US
S2-375033928	SKW Horizon	395 CALLIOPE DRIVE, JACKSON, WY	US
S2-937810085	BAL AGRO PRIVATE LIMITED	9TH FLOOR, SHALIGRAM CORPORATES, B/H. DISHMAN HOUSE, OPP. SANKALP GRACE-II, AMBLI BOPAL, SANAND, Gujarat	India
S2-835448560	Uppal Hospitals	1024, SANGEETA ENCLAVE, VIS HWA SAHAKAR NAGAR, NAHU, MULUND (WEST), MUMBAI, महाराष्ट्र	India
S2-252472252	Ivory Ltd.  Pvt. Depot	Telangana, # 1-4-20/B, STREET NO.7 HABSIGUDA, HYDERABAD	India
S2-889981495	Naggraj  Chits Private Limited	5-2 E MOUNT ROAD NK NAGAR, BAGAYAM, VELLORE, தமிழ்நாடு, <NULL>	India
S2-965815923	New Delhi Pvt Ltd Service	NO 43 G.F. VANDANA INTERNATIONAL SCHOOL, SECTOR 10, DWARKA, NEW DELHI, दिल्ली	India
S2-598072554	Digital Processing	NO 2 BADGARO KI DHANI VILLAGE AND POST MUHANA TEHSIL SANGANER, JAIPUR, Rajasthan	India
S2-868890712	Mumbai Galvanizing LLP	UNIT NO 6-422, 4TH FLOOR, NEELGIRI INDUSTRIAL ESTATE, 183, TOKERSHI JIVRAJ ROAD, SEWRI (WEST), MUMBAI, Maharashtra	India
S2-149365184	Walker Pártners	1721 MAIN STREET, PRINETON, IL	US
S2-405083104	ಲೋಟಸ್ ಬಿಸಿನೆಸ್ ಪ್ರೈವೇಟ್ ಲಿಮಿಟೆಡ್	NO. 35/3, BANASWADI ROAD EXTENSION M.S NAGAR, BANGALORE, Karnataka	India
S2-266372570	Koller Automotive Holdings	MD, CAMBRIDGE, 1525 GLOBAL CIRCLE	US
S2-745482385	mediniintl.com	BLOCK G-#60 C/O ASHIM KUMAR SAHA, NEW, JHIMIL PARK GOPALPURHOUSE, RAJARHAT, West Bengal	India
S2-92136140	Ear Nose & Throat First Care Associates Partners	#27601 178TH LN, N/A, SURPRISE, AZ	US
S2-147132757	(LLC) Webber Evo Eastgate	18014 BARLEYCORN WAY, GERMANTOWN, MD	US
S2-480029681	Mr Homex Healthcare Ventures Co	H.NO #87 C/O: KAMLESH KUMAR ( MASHALA FACTORY) NEW BYPASS, LAXMIPUR, RAXAUL, Bihar	India
S2-861849015	DULCINEA CLAY MIDLAND  CORP	2929 FRANQUETTE STREET, LIVINGSTON, CA	US
S2-3038630	Sai Big International Pvt Ltd.	AO/OFF-##10 N G ESTATE CHS LTD, NR SAI PETROL PUMP, MIRA-BHY RD MIRA RD E, THANE, Maharashtra	India
S2-641570604	ernestapearce.com	430 WASATCH BOULEVARD, COTTONWOOD HEIGHTS, UT	US
S2-581837557	BLADENSBURG HERITAGE GESHER	4261 58TH AVENUE, BLADENSBURG, MD	US
S2-705441169	ऑल कंस्ट्रक्शन लिमिटेड	C/O PURABI SHRIDHAR, DELHI, SOUTH WEST DELHI, दिल्ली	India
S2-728948050	Sapphire Inc	22 JOHNSTON WAY, STOW, MA	US
S2-744979011	KRIDEVELOPERS.COM	H NO A 08 RAIL VIHTR SECTOR 15 PART 2, GURUGRAM, हरियाणा	India
S2-526218184	kaitlynsconstruction.com - 5506107414	321 Florence Ave, SYRACUSE, NY	US
S2-737762637	primarycaregroup.com	INDIAANAPOLIS, 325 OHIO ST, IN	US
S2-728042431	Pragati Pack Prívate Limited	Punjab, 165, URBAN ESTATE PHASE-I, LUDHIANA DUGRI, LUDHIANA	India
S2-953748280	XJV OUTSOURCING	#20-64 , 3RD FLOOR, SIRI IRIS, 24TH MAIN, 1ST SECTOR, HSR LAYOUT, BANGALORE SOUTH, ಕರ್ನಾಟಕ	India
S2-610084060	Asahi Tours Infratech Private Limited	HOUSE NO #722, KH NO 12/2, GROUND FLOO, SURRENDER COLONY, SHIV KUNJ, VILLAGE JHARODA MAJRA STREET NO B -83/19, BLOCK B, DELHI, दिल्ली	India
S2-114465921	G1obal Dream Developers Private Limited	F NO 1716, HYDERABAD, K.V.RANGAREDDY, Andhra Pradesh	India
S2-978343776	Soto, Osborne and Martinez Ltd	4003 7TH ST, TERRE HAUTE, IN	US
S2-83932777	Lamb Dixon Trusted Marine	5079 SWEETLEAF DR, RIVERSIDE, OH	US
S2-503906699	सनराइज आईटी एजेंसीज प्राइवेट लिमिटेड	A/11, 2ND FLOOR, VISHNU APARTMENT, L.T. ROAD, BABHAI NAKA, BORIVALI WEST, MUMBAI, महाराष्ट्र	India
S2-696659585	Llc Horizon Metal Works Metro	25-D SYLVAN CT, CLIFTON PARK, NY	US
S2-228958005	>> TRANSCONTINENTAL AUTOMATION WORKS	NIRVANA PLACE, PO BOX 3154, ALDIE, VA	US
S2-524209661	New & Brothers Industries Private	86, NAGIN DAS MASTER ROAD 3RD FLOOR, FORT, MUMBAI, Maharashtra	India
S2-817827446	भारत फाउंडेशन प्राइवेट लिमिटेड	E-11, JAIPUR, Rajasthan	India
S2-597011305	Pinnacle Entertainment Ventures Private [Ltd]	H.NO 420- ARIHANTAHMEDABAD STREET, MUMBAI, महाराष्ट्र	India
S2-640500493	Coronado Physical  Therapy Inc.	129 RARITY RIDGE PKWY, PMB 1590, OA RIDGE, TN	US
S2-435831515	SUPREME LIBERTY CANARY LLC	509 SABINE ST, NULL, LOCKHART, TX	US
S2-22235634	Erode Hospitality Private  Ltd	162/18 PERUNDURAI ROAD, ERODE, தமிழ்நாடு	India
S2-441425258	Chintamani Distribution Pvt Limited	MUNICIPAL KHATA NO. 1225/1150 FIRST FLOOR, DOUBLE ROAD, NEAR BSNL OFFICE, CHINTAMANI, Karnataka	India
S2-435771306	SUPREME BIOMEDICAL ALLIANCE	BILLERICA, MA, NULL, 20 PONOVER ROAD	US
S2-608174906	WHITE,, ASTRIX D.C.	1111 E WEST HWY, SILVER SPRING, MD	US
S2-472567993	HEALTH-COLLEGE	Telangana, C-11-5-151/302 MOGHAL MEHRAN APPT FLAT NO 302 RED HILLS, HYDERABAD	India
S2-286675930	Downtown Bistro Group	6473 DUGWAY RD, BRISTOL, NY	US
S2-872493650	Eason Caleeayr LLC	##318 112TH CIRCLE, NULL, VANCOUVER, WA	US
S2-756666206	Torres And Brown Inc.	WOLFE CITY, 6280 512, TX	US
S2-426515904	WJ PERFECT	29 Kelso Rd, JACKSONVILLE TOWNSHIP, AR	US
S2-778469681	Faadde Ltd	37122 19TH WAY, FEDERAL WAY, WA	US
S2-248822029	Dental Custom Clinic LLC	8344-8348 SUMMERBRIDGE WAY, W CHEESTER, OH	US
S2-272543551	Projects Ontrack Certifications Industries [Limited]	22, BANK ROAD, COLONEL GAN, ALALHABAD, Uttar Pradesh	India
S2-340382132	Maa Care Private Ltd	J12 HOUSING BOARD, SALAI RD, WORAIYUR, TRICHY, TIRUCHIRAPPALLI, Tamil Nadu	India
S2-986403730	KANAK VIDYALAYA PRIVATE LIMITED	NO 239 PAIKI/1, OPP. TRATMENT PLANT, SUEZ FARM ROA,D SUEZ FARM, BEHRAMPURA, AHMEDABAD, Gujarat	India
S2-171364847	Curry Deli	NY, HARRIS, 69 SACKS RD	US
S2-83786701	HOCKETT COMSTOCK QUALITY	1D PARK PLAZA, MATTOON, IL	US
S2-174908323	VALUE RAPID ALPHABET, INC	186 57 STREET, BROOKLYN, NY	US
S2-966033139	Jemie-Espitia Coastal Greenfire	140 ROCKY PT, GOREVILLE, IL	US
S2-87416709	బ్రైట్ స్వస్తిక్ కన్‌స్ట్రక్షన్స్ ప్రైవేట్ లిమిటెడ్	BLOCK B-549 8-11-3, VASANTH VIHAR, SUNNAMBATTI VEEDHI, VIZIANAGARAM, Andhra Pradesh	India
S2-455090108	Engineering Nav Excavators Private	PLOT 201/1 C/O JITESH KUMAR, LANE NO-08, RANJAN PATH NEAR GYAN NIKETAN SCHOOL, BAILEY ROAD, DINAPUR-CUM-KHAGAUL, Bihar	India
S2-670721917	Pragati Sal0n	H.NO C-231/6 OLD MADRAS ROAD K.R PURAM, BANGALORE, Karnataka	India
S2-151952707	एपेक्स इंफ्रा	CHITANVISPURA CIR 4  HOUSE NO. 1274, NAGPUR, महाराष्ट्र	India
S2-529540773	SANCHEZ & RÓBERTS PC	WAPATO, 200-202 HOFFER RD, WA	US
S2-210951226	Bangalore North Cargo Private Ltd	397, SY 99/1, 99/2, 103/3, HOODY VI, BANGALORE NORTH, Karnataka	India
S2-855125640	एस कंस्ट्रक्शन प्राइवेट लिमिटेड	DELHI, 1067 E W.NO. 7, G/F, KH NO 1151/3 MIN MEHRAULI	India
S2-30922289	Reisterstown Ear Nose & Throat Supdmoserior Associates	N/A, 70 SHROPSHIRE CT, REISTERSTOWN, MD	US
S2-456231417	Ryan (India) Batteries Private	SR.NO.83 (PART) & 84 (PART), REGENCY COSMOS, FLAT NO-A1-103, BANER, PUNE, Maharashtra	India
S2-602769735	aditya tech private limited	1ST FLOOR, 178, YAMUNA ENCLAVE, G.T. ROAD, PANIPAT, Haryana	India
S2-833757490	-- REV IT UP BISTRO LLC	2745 GANO STREET, GREAT BEND, KS	US
S2-844600127	Summit Care Uptown, LLC Service	ROMNEY, 40-C HARVEST DR, WV	US
S2-213210312	[LLP] Foundation Aaj Tube Overseas	RAMKRISHNA NAGAR, FISKE LAYOUT, GOREWADA ROAD, H.NO 14 SWAPNAPURTI, NAGPUR, Maharashtra, NAGPUR	India
S2-878869657	Best Energy Corp	NO #15A , 10TH A CROSS, 16TH MAIN BTM LAYOUT 2ND STAGE, BANGALORE KA IN, BANGALORE, Karnataka	India
S2-77045280	Preferred (Asia)	1245 THOMSON RD, ABINGTON TOWNSHIP, PA	US
S2-574626063	#asc	HNO 2000 A/P SHIKRAPUR, SHIKRAPUR, महाराष्ट्र	India
S2-288381474	Best Energy Global	FREMONT BOULEVARD, FLAGSTAFF, AZ	US
S2-871807276	MELICENT DECKER	22 GLENWOOD AVE, RALEIGH, NC	US
S2-301213094	Olanan-Reit LLC	1056 ELK HILLS DR, GALT, CA	US
S2-503292264	Redwood-Corporation	1335 FAXON RD, <NULL>, PLANO, IL	US
S2-880081244	ERMENGARDE PILLAR CENTER		US
S2-109599074	Environmental Initiative	CEDAR RAPIDS, IA, 866 14TH ST NORTHEAST	US
S2-939696327	CHAVEZ ANIMAL HOSPITAL LLC	233- OSBORNE RD, WARE, MA	US
S2-428717747	housingalliance.com	617 CARBON ST, SYRACUSE, NY	US
S2-633688554	Summit Center Inc.	257 IRELAND ROAD, BAYBORO, NC	US
S2-383624316	जय बिजनेस प्राइवेट लिमिटेड	PATNA, बिहार, #392 C/O RAJ KUMARI DEVI W/O ANUP RAJ YADAV MOHANPUR	India
S2-469462913	South Rapid Infinite LLC	5029 WESTGROVE DR, DALLAS, TX	US
S2-451710955	एस इंडस्ट्रीज प्रा. लि.	E-1/79, BHOPAL, HUZUR, Madhya Pradesh	India
S2-584423858	SÍLVERENGINEERING.COM	HN 7-164 RIAZ GARDEN, OLD NO. 12, NEW NO 29, KODAMBAKKAM HIGH ROAD, CHENNAI, Tamil Nadu	India
S2-259440917	Thrissur Mill Overseas Private Limited	25/1130/77/12, THIRD FLOOR CITY CENTRE, THRISSUR, കേരളം	India
S2-466884019	Green Co Moore and	7662 OLD GEORGETOWN ROAD, SUNET BEACH, NC	US
S2-246597555	Rosa-Smith Highland (Bnb)	938 EDWARD STREET, DECATUR, IL	US
S2-706975881	राज कंसल्टिंग प्राइवेट लिमिटेड	712, MUMBAI, Maharashtra	India
S2-250214431	Campoli-Laboratories LLC	4688 HOUCK MOUNTAIN RD, E. BRACNH, NY	US
S2-799759056	Vision Custom Specialists	17330 BETTIJEAN ST, N/A, ANCHORAGE, AK	US
S2-310067614	Corp Dandridge Enterpsre	##1101 GH, VILLAGE OF WILD ROSE, WI	US
S2-790247726	FREDRIKA GRIFFIN CONTINENTAL PINNACLE LLC	2824. STILL LEAF LN, ELLICOTT CITY, MD	US
S2-922338333	Black & Wilson Lithium East LLC	1133. ASH STREET, HOART CDP, IN	US
S2-249497759	Sri SWATANTRA	H.NO 391 KHURJA ROAD JEWAR NIKAT SUB REGISTRAR OFFICE, JEWAR, Uttar Pradesh	India
S2-582531573	ୟୁନିକ୍ ଟେକ୍ନୋଲୋଜି ଲିମିଟେଡ୍	C/O BKD INFRASTRUCTURE PVT LTD, SAMBALPUR, BAREIPALI, Odisha	India
S2-643237415	PIPEFITTERS UNION LÓCAL 724 (NO)	KITTERY, ME, BICKNELL STREET	US
S2-137949117	साउथ सॉफ्टवेयर प्राइवेट लिमिटेड	G-5-ASHOK NAGARGAUTAM BUDH MARG LUCKNOW, UTTAR PRADESH, LUCKNOW, उत्तर प्रदेश	India
S2-429822928	Office of of Education	PERRYVILLE, 3285 HIGHWY 10, AR	US
S2-436712431	Teamsters Local 721 Harbor	IN, EVANSVILLE, 1205 DRESDEN ST	US
S2-738118241	Kelly Cantor	338 RATCLIFF ST, CADEN CDP, AR	US
S2-92749714	RAMPURIAPRODUCTAMBALAPUZH.COM	51/430/A , KALAPPURAWARD, KALAPPURA WARD, AMBALAPUZH A, Keralam	India
S2-404628661	Whittington Endocrinology	90 CRANBERRY TRL, SANDWICH, MA	US
S2-610701613	GURGAON LAB PRIVATE LTD	OFFICE NO. 627 SIXTH FLOOR, JMD MEGAPOLIS, SOHNA ROAD, SECTOR-48, GURGAON, हरियाणा	India
S2-422638492	Maa Associates Private Limited	H. NO- 219/3V/12C SEC-D SHANTIPURAM PHAPHAMAU, ALLAHABAD, Uttar Pradesh	India
S2-153578641	Falcon Sachs Highland	#7730 SILVER SAGE DR, PO BOX 5529, FT WORTH, TX	US
S2-489935979	Logix Developers Industries Pvt Ltd	31 GOKHALE MARKET, DELHI, Delhi	India
S2-956107214	Internal Internal Medicine Clínic Inc	706 Edgewater Ridge Ct, APEX CTY, NC	US
S2-285761233	ईस्ट परफेक्ट सिस्टम्स प्राइवेट लिमिटेड	46A, KANPUR NAGAR, Uttar Pradesh	India
S2-485127525	@primarycare	GRANDVIEW, 606 19 1/2 DIVISION ST, WA	US
S2-681441691	Aaben	2946 MESA GRANDE PLACE, CITY OF LA CROSSE, WI	US
S2-192452091	టెక్ ఇన్ఫోటెక్ ప్రైవేట్ లిమిటెడ్	8-6-375/3/8, KARIMNAGAR, HYDERABAD, Telangana	India
S2-822140109	Thomas, Santos &	BUCKHOOLTS, TX, 2692 COUNTY ROAD 145	US
S2-666696191	Green Builders	HN 00975 F.NO.RH/55, VYANKATESH NAGAR, NEAR KDK COLLEGE, NANDANVAN, NAGPUR, महाराष्ट्र	India
S2-895183009	LLC Diversified Wholesale Alliance	8 CHASE COURT, FORT WORTH, TX	US
S2-671906023	Jones, Téjada & Shaffer LLC	#868 GREEN MOSS DR, NULL, SACRAMENTO, CA	US
S2-493624048	Verafaye	124, THIRD FLOOR, INDORE, DAWA BAZAAR R.N.T. MARG, Madhya Pradesh	India
S2-716618270	Southern Hotel Corp	36 KENT DRIVE, ORCHARD PARK, NY	US
S2-825693098	Classic Mestgage Wórks	12739 Mcdowell Street, LE GRAND, CA	US
S2-938672132	Steverson Heartland LLC Center	2312 WASHINGTON ROAD, WI, KENOSHA	US
S2-882230006	Red Deli! Eastgate Co	6215 1/2 ZEIGLER BLVD, MOBILE, AL	US
S2-971994042	Ramos Garden Group Center	244 MOHAWK ST, COHOES, NY	US
S2-369992716	Benitez & Vargas So1ana Inc.	ELMIRA HEIGHTS, <NULL>, NY, 122 AA 8TH ST	US
S2-649364663	M/s MEERA INFORMATION PVT	V 0016/5, DLF PHASE 3, GRRGAON, हरियाणा	India
S2-562273653	Obsidian Sunrise	NC, 3615 TRYCLAN DR, CHARLOTTE	US
S2-433458854	Young Imaging	12305 MEDITERRA PL, AUSTIN, TX	US
S2-869231827	शक्ति इंटरनेशनल प्राइवेट लिमिटेड	H.NO 37, NEW PANVEL, MUMBAI CITY, Maharashtra	India
S2-616546129	Clyola Neuberger	ELM LN, GREENVILLE, NY	US
S2-810585553	SAMDPATI & CO	दिल्ली, HOUSE NO 922, KHASRA NO 177 GROUND FLOOR NEAR SHIV MANDIR VILLAGE JAUNTI, DELHI	India
S2-12356396	(Ltd.) Madhubaban Solutions	DELHI, MADHUBABAN, C-157, दिल्ली	India
S2-861361793	melodysciences.com	##5/588, VIKAS KHAND, LUCKNOW, Uttar Pradesh	India
S2-690424357	Bacon, Theiss & Cnlymr	MERGNER RD, FORT JOHNSON, NY	US
S2-12646753	Private Amazing Institute of Technology Limited	H NO. 775 WEST HIGH COURT ROAD SHANKAR NAGAR, NAGPUR, Maharashtra	India
S2-927687234	ఆల్ఫా టెక్ ప్రైవేట్ లిమిటెడ్	HYDERABAD, Telangana, SY NO. 4-49/E	India
S2-440348744	Family Medicine, Co	162 ROSS STREET, BATAVIA, NY	US
S2-73364481	LYSSA PÓFF, MD	9830 WILLIAMS DR, HUNTLEY, IL	US
S2-978971631	UX-GLOBAL	J-1955, NEW DELHI, CHITTRANJAN PARK, Delhi	India
S2-450858908	Daniels, Jórdain H.,	2027 17K, MONTGOMERRY CDP, NY	US
S2-86251493	ZH ACQUISITI0N INC	30445 1ST PL, FEDERLA WAY, WA	US
S2-567418524	Bay Coastal	FAIRFAX COUNTY, 7003 STONE INLET DR, VA	US
S2-768779754	Sharia Gomez Elm Ltd		US
S2-215685918	Superior Heritage Hrinon	1037 1/2 JULIENE WAY, MOSCOW, ID	US
S2-325876765	Bright Entergy	1835B JACQUELYN DRIVE, HOUSTON, TX	US
S2-433701720	Anchor Entertainment	1385 158ST AVE, BEAVERTON, OR	US
S2-588972213	ಗ್ರೀನ್ ಕ್ಲಾಸಿಕ್ ಫುಡ್ಸ್ ಪ್ರೈವೇಟ್ ಲಿಮಿಟೆಡ್	NO.82, BANGALORE, ಕರ್ನಾಟಕ	India
S2-917990742	Aavas Holidays-Kolkata	DOOR NO 851 C/O PANCHANAN DAS NIPEN SARANI RODA PO-HARIDAYPUR NORTH 25 PARGANAS, KOLKATA, পশ্চিমবঙ্গ	India
S2-693122219	84/58  Regional	07614 MEADOW MOUSE LN, KATY, TX	US
S2-979310766	WYQ Services Pvt Limited Limited	380 ASWINI DUTTA NAGARHINDMOTOR, HOOGHLY, West Bengal	India
S2-918473326	Corner Hair Studio Inc	536 CIHCAGO AVE, IL, HIGHLAND PARK	US
S2-735331103	Ltd Mylapore Infra	51 R. K. MUTT ROAD, BASEMENT (NEXT TO RAMAKRISHNA MUTT), CHENNAI CITY REGION, MYLAPORE, Tamil Nadu	India
S2-169596438	Laon Midtown LLC Service	HUNTINGTON, 02719 WASHINGTON BLVD, WV	US
S2-83225130	LEGACY CENTER	3117 MADISON 1427, HUNTSVILLE, AR	US
S2-779507242	C0ates & Milton Emera LLC	PRESTONSBURG, ##328 COURT ST, KY	US
S2-647179457	shaanproject.com	Telangana, FLAT NO.105, 10TH BLOCK, VADDEPALLY ENCLAVE NEAR CHITTARAMMA TEMPLE, VIVEKANANDANAGA, R COLONY, KUKATPALLY HYDERABAD	India
S2-555321639	Frontier College Partners Group	6021 AMMONETT DR, FRANKLIN, TN	US
S2-622524672	अल्फा इन्वेस्टमेंट	ALLAHABAD, Uttar Pradesh, 01131, OLD KATRA, JHANSI	India
S2-838960223	Private Fibre Academy Ltd	AISHWARIYA, PALAKKAD, Kerala	India
S2-307833066	Bright Metro	284 DANFORTH STREET, PORTLAND, ME	US
S2-212627127	Shivshakti Traig Limited	SURVEY268/P2/P1, VRUNDAVAN, FARM, AJANTA CLOCK, MORBI, ગુજરાત	India
S2-985383912	INNOVATIVE SUN SOLUTIONS PRIVATE LTD	L-27 SOUTH EXT., PHASE 2, दिल्ली	India
S2-801460658	Aakruti Partners	H.NO 2A , NO. 2, VAIGAI STREET SRI DEVI KARU MARI AMMAN NAGAR EXTN, VELACHERY, தமிழ்நாடு	India
S2-505459302	लक्ष्मी कंस्ट्रक्शन प्राइवेट लिमिटेड	VILLAGE - PARASPUR, POST-PARASPUR, GONDA, GONDA, उत्तर प्रदेश	India
S2-999318784	Human Association Rtghns	113 Interstate Plaza Drive, LEHI, UT	US
S2-486270622	Corporation Bhuiyan Lifestyle-Huntington Partners	NY, HUNTINGTON, 170 HILLS RD	US
S2-884419524	Sage LLC Churchill	CHANDLER AVE, BEND, OR	US
S2-468966787	Vibha Hsiplital	E-401, SGM NAGAR, NIT, FARIDABAD, FARIDABAD, Haryana	India
S2-933601896	IVB  Emerging Co	FONTANA TOWNSHIP, CA, 11254  JUNEBERRY LN	US
S2-231000416	PHYSICAL HEALTH LLC  SERVICES	3171 GOLFING GREEN DRIVE, DALLAS TONSHIP, TX	US
S2-957740554	Aces Consudlants	S/O THANGARAJ 6A KILARATHA ST ATHUR ROAD THURAIYUR, TRICHY, Tamil Nadu	India
S2-84123765	एपेक्स मैनेजमेंट प्रा. लि.	PLOT NO. G-53/2 & 53/3, null, RAIGARH, RAIGAD, महाराष्ट्र	India
S2-129238611	Dinny Lindsey Media (LLC)	N82W13414 FOND DU LAC AVENUE, VILLAGE OF MENOMONEE FALLS, WI	US
S2-520952356	ગ્રેટ એક્સપોર્ટ્સ	H.NO 2 ND FLOORSHAKTI ESTATE ISANPUR, AHMEDABAD, Gujarat	India
S2-42344191	Prairie Veterinary Clinic Corporation	282 Arenoso, GRAND PRAIRIE, TX	US
S2-447883856	इंटरनेशनल एक्सपोर्ट्स प्रा. लि.	VASAI, A/201, THANE, Maharashtra	India
S2-512991170	Karwoski's  Properties Inc	139 PARK LN, WATERLOO TOWNSHIP, IA	US
S2-747360301	CANDELAS SPA	1004 FOURTH STREET, HAYSVILLE, KS	US
S2-288976453	straightedgeauto.com	MONTGOMERY AVE, NORTH WALES BOROUGH, PA	US
S2-640757852	शक्ति कंसल्टेंसी	BHATAULI SRINAGAR, SALEMPUR, GORAKHPUR, उत्तर प्रदेश	India
S2-960730056	M/s SAWANT LIMITED PRIVATE DESIGNERS	FLAT NO. A-102, LA REGENCIA, PANIPAT, Haryana	India
S2-521257790	WILLIAMSON, HÉNRIETA, DMD, DDS (PC)	820 BRONZE TRACE DR, MONTGOMERY, TX	US
S2-734200956	Trusted Finmtcia C0ncepts	WINDSOR LAKES DRIVE, INDIANAPOLIS, IN	US
S2-758937153	E1wira Dearman Complete Industries Corp	331 WASHINGTON AVE, EATONVILLE, WA	US
S2-660722617	Matchett and Schmidt-Gladstone Northside Inc.	2123. PIPE LAKE RD, TOWN OF JOHNSTOWN, WI	US
S2-58190042	स्मार्ट प्रॉपर्टीज एलएलपी	3, GROUND FLOOR, DIGNITY BLDG, KANUNGO ESTATE, MIRA ROAD (EAST), THANE, Maharashtra	India
S2-933840476	Incredible Foundation (India)	#39 LAL GHAT, GIRWA, Rajasthan	India
S2-71118248	THE METROPOLITAN SOCIETY L.L.C.	11707 130TH SAINT, BURLINGTON, IA	US
S2-801816439	CONSTANCE OSUNA SUMMIT EXCAVATION-L.L.C.	003829 MULBERRY LANE, BEDFORD, TX	US
S2-789824099	lilasatterleehovnanian.com	21 LYTLE STREET, FOSTORIA, OH	US
S2-139603809	Colonial Capital Plutonian Clinic Group	1601-1605 STELLER AVENUE, PO BOX 2599, OTTUMWA, IA	US
S2-630907660	DOUGLAS COUNTY ECONOMIC DEVELOPMENT COASTAL LEAGUE		US
S2-533438235	girdharbrothers.com	F.NO.204, S-4, LOTUS PLAZA, SUR.NO.399/2&3 NEAR SUPRAJA DAIRY, SEZROAD, ATCHYUTAPURAM, VISAKHAPATNAM, Andhra Pradesh	India
S2-372227455	Value Limited Center	759/34, BHANDARKAR RODA, NEAR PYC HINDU GYMKHANA, PUNE, महाराष्ट्र	India
S2-554086360	Johnston & Lacey [Royal]	VA, 225 RIPLEY DRIVE, PITTSYLVANIA COUNTY	US
S2-406869930	UUV  Startups Private Limited	महाराष्ट्र, F NO.905, FLOOR NO.9, B, GOKUL CONCORDE DATTANI PARK, W E HIGHWAY, KANDIVALI (E), MUMBAI	India
S2-560848796	Shipra Sun City  Research Private	O-4-304, SAFFRON BLOCK, NEHO SCOTTISH GARDEN SOCIETY, AHINSA KHAND-2, SHIPRA SUN CITY, Uttar Pradesh	India
S2-683187143	Internal Medicine Gulf Health L.L.C.	13220 MCCARTNEY COURT, BRISTOW, VA	US
S2-581054309	Hernandez Premier Japan  Ltd	AR, BARLING, 2405 Pine Lane	US
S2-157721942	టెక్ ఇన్ఫోటెక్ ప్రైవేట్ లిమిటెడ్	8-6-375/3/8, KARIMNAGAR, HYDERABAD, తెలంగాణ	India
S2-152466654	White Plains Onyxnex Certified Project Care Society	56 BROADAWY, WHITE PLAINS, NY	US
S2-594600908	Faum Keystone Public Centre North	260 COLLEGE HILL CIR, SCHAUMBURG, IL	US
S2-579019618	cassociation.com	00721 WESTSIDE DR, <NULL>, TULLAHOMA, TN	US
S2-620659535	ब्लैक वेंचर्स टेक्सटाइल्स प्राइवेट लिमिटेड	DOOR NO 7 CD BLOCK PITAM PURA 3RD FLOOR, NEW DELHI, NORTH WEST, Delhi	India
S2-553756264	ಸೆವೆನ್ ಮೈ ವೆಂಚರ್ಸ್ ಪ್ರೈವೇಟ್ ಲಿಮಿಟೆಡ್	NO.#3, BANGALORE, ELECTRONIC CITY PHASE ONE, Karnataka	India
S2-296063557	Swabhumi Trading Limited Public	4415/14. GALI LOTAN JATPAHARI DHIRAJ, DELHI, दिल्ली	India
S2-211121716	ALPHA CONSULTANCY [LTD]	OPPOSITE DAWAT RESTAURANT ABOVE INDIAN OVERSEAS BANK NATIONAL HIGHWAY KH, ANNA, KHANNA, Punjab	India
S2-736348556	RRS TEXTILES PRIVATE LTD	Kerala, 125 17/543/A, MUDNETH HOUSE, MAROTTICHODU, KALADY P O, ALUVA	India
S2-588781348	Kelley Enterprises Co	127 CAMPBELL ST, MA, NEW BEDFORD	US
S2-978039411	Shivam Energy	West Bengal, DOOR NO 21/1 MOORE AVENUE GROUND FLOOR, KOLKATA, KOLKATA	India
S2-462878964	>> 8enoit Pacific (Vii)	15046 EASINGWOLD DR, CHANNELVIEW, TX	US
S2-622019675	Dte Olanic Gróup	75ND AVE, PUYALLUP, WA	US
S2-519047819	reus idaho company	31 GUILLEMETTE STREET, SANFORD, ME	US
S2-770103531	Guerrero, Mcwilliams and Ketmon Jessamine Co	201 CANTER LANE, NICHOLASVILLE, KY	US
S2-28923797	Sri Log LLP Center	C/O SATYA NATH, D/O ONKAR NATH, NAKRASAR, CHURU, Rajasthan	India
S2-423512857	JAYAM SPACE PRIVATE  LIMITED	MAHALAKSHMI GUEST HOUSE, 7238, RAM NAGAR QUTAB ROAD, PAHARGANJ, null, Delhi	India
S2-612559292	Cardinal Partners	8409  RAVENSWOOD ROAD, HYATTSVILLE, MD	US
S2-31134710	इंटरनेशनल सॉफ्टवेयर प्राइवेट लिमिटेड	Rajasthan, C/O NEETESH KUMAR CHOUDHARY WARD NO. 7, JAIPUR	India
S2-872190229	JOBEY A. CARTER, DMD INC.	5719 LOST BROOK COURT, OAKVILLE, MO	US
S2-8212094	Vaayutech Transport  L.L.P.	Delhi, 20 GRD FLOOR B NEAR SHIV, MANDIR KAUTILYA APARTMENT, NEW DELHI	India
S2-832007728	Fricke & Lee Co	1349 THROOP STREET, CICAGO, IL	US
S2-537355831	Lao Capital Partners Southside Inc	1049 408, SPICEWOOD, TX	US
S2-742914333	लाइफ प्रोड्यूसर टेक्सटाइल्स एलएलपी	Delhi, FLT NO. A - 2-15, NEW DELHI, DWARKA, KM APARTMENTS, PLOT NO. 12, SECTOR-12	India
S2-812920770	मॉडर्न फ्यूचर इम्पेक्स लिमिटेड	DOOR NO 303 24, PATHO KI MAGRI SUBHASH NAGAR, UDAIPUR, राजस्थान	India
S2-677006055	roocentersroyal.com	543 FM 833, FAIRFIEL CITY, TX	US
S2-442397226	Peralta Pioneer Keen,	29523 WATER WILLOW TRACE DRIVE, SPRING, TX	US
S2-452525509	Ngo  Index Ltd.	7711 RED HILLS, GILLETTE, WY	US
S2-395385490	Taratoch Ayurved Limited Services	2843, NARAIN BHAVAN KALUPURKOTNI RANG, ગુજરાત	India
S2-822044097	Inger Santiago Briacell Llc	17 STEPHENSON ST, PO BOX 9885, MARION, IN	US
S2-449153788	Doles Group LLC	3730 MIDHEIGHTS ROAD, BALTIMORE, MD	US
S2-894865285	Maurene's Sterling Tsgaryp Group	PA, NORTH WALES, ##133 GWYNEDD MANOR ROAD	US
S2-164864378	truettapexintegrated.com	3513 13ND ST, DC, WASHINGTON	US
S2-428717671	Precision & Sons Infratech	1155, SADA SHIV PETH NR. PERUGATE CHWKY, PUNE, Maharashtra	India
S2-756097048	ENRIGHT, CASTANEDA AND SETTLES	10702 Whitfield Ridge Drive, CHARLOTTE, NC	US
S2-522145854	Certified Heritage Preferred, L.L.C.	115 OAKWOOD AVE, HAVERHILL, MA	US
S2-434604785	INCORPORATED BIO GLOBAL SUMMIT	16630 STONECUTTER LN, DAVIDSON, NC	US
S2-232379823	Sri VNANAEDHI GR0UP	NO 118/124 PL-NO-46 AUNDH, NATIONAL SOCY BLDG CONST, PUNE, HAVELI, Maharashtra	India
S2-621764234	REGIONAL FELLOWSHIP CORP	0053 FOURTH AVENUE, NEEDHAM, MA	US
S2-291760361	Budaun Minerals Associates Corporation	NO 6 , 9 CHANDRASHEEL NAGAR, BUDAUN, Uttar Pradesh	India
S2-445857092	स्वस्तिक इन्वेस्टमेंट प्रा. लि.	PLOT D/415 C/O KULVINDAR SINGH, NEAR NEHRU PARK, BHAWANI MANDI, DUG, PACHPAHAR, JALOR, JHALAWAR, राजस्थान	India
S2-133586151	strasser, tipton & machado table inc	16071 SAGE HARVEST ST, TX, CYPRESS	US
S2-922241764	Jolene Bell Era Services	146TH STREET, LYNNWOOD, WA	US
S2-411287372	FORTUNE JAIN TRADIN6 PRIVATE LIMITED	UNIT 102, SHREE COMPLEX NO. 73, ST JOHNS ROAD, BANGALORE, <NULL>, Karnataka	India
S2-263542166	বালাজি এসএস ইনভেস্টমেন্ট টেক্সটাইলস প্রাইভেট লিমিটেড	10RD. FLOOR BLOCK GN PLOT 38/5 SALT LAKE SECTOR V, KOLKATA, West Bengal, KOLKATA, HOWRAH	India
S2-62260818	Sesha & Sons Pvt.	महाराष्ट्र, 5-77/3 WN 41 MINIMATA NAGAR BHANDARA ROAD, PARDI, NAGPUR	India
S2-662636764	SCIENTIFIC FÓUNDATION PRIVATE	NO ##52 MUKTARAM BABU STREETGROUND FLOOR, KOLKATA, পশ্চিমবঙ্গ	India
S2-571109717	PIPEFITTERS UNION LOCAL NO 255	620 FOSTER ST, DURHAM, NC	US
S2-267983888	Edee Nero Harbor Intercontinental L.L.C.	HARRIMAN, TN, 225 BOWERS RD	US
S2-251660090	Pivtte Sai Agro Limited	DELHI, दिल्ली, 354/E/13, G/F-F/P VILLAGE MINURKA, SOUTH DELHI	India
S2-428533760	quustarling.com	2190 REIMER ROAD, WADSWORTH, OH	US
S2-201052873	eyecareassociatescom	2222D Schuetz Rd, SAINT LOUIS, MO	US
S2-414141483	Signature Shoes Private		India
S2-920103027	Agasthya Fabtech Limited	##20, SNEH NAGAR, MAIN ROAD INDORE, INDORE, Madhya Pradesh	India
S2-506967639	LLP Super Enterprises	DOOR NO 4 HO CHI NINH SARANI, KOLKATA, CALCUTTA, West Bengal	India
S2-499012573	Robena-Correa Service	140. LEONARD WILLIAMS RD, WARRTBURG CDP, TN	US
S2-227609285	Ambay  College	42/679 B1, FINE TOWER VENNALA THALIPPARARAMB JN, PALACHUVAD ROAD, VENNALA P O, null, കേരളം	India
S2-929520088	CADY USA L.L.C.	Skyline Loop, CENTERTON, AR	US
S2-921617190	Stotler, Kanya Enbridge Greater, LLC	003212 HICKORY POINT RD, AURORA, NC	US
S2-375474078	Llc Lin Endocrinology	4536-4540 Troost Ave, KANSSAS CITY, MO	US
S2-957213140	CHOICE BIOMEDICAL INC		US
S2-391248156	Pediatric Denta1 Group	452 ADAMS AVENUE, LEBANON, TN	US
S2-730898077	Vision Mountain Physicians Group	198 N POINTE BLVD, STATESVILLE CITY, NC	US
S2-499278131	1049 SIXTH LANE APARTMENTS GROUP PARTNERS	##1187 SHEPHERD LN, CINCINNATI CDP, OH	US
S2-171223130	Smt Innovative Trading Pagivate Limited	RUSHMORE CREST, J BLOCK, OLD NO.11, NEW NO.21 SIXTH AVENUE MAIN ROAD, ANNA NAGAR EAST, CHENNAI, Tamil Nadu	India
S2-258489398	vanisecuritiesindia.com	ગુજરાત, 1002-1003., PALAK PRIME, OPP, DOUBLE TREE HILTON HOTEL, AMBLI ROAD, SANAND	India
S2-585410334	LLC Badura Modern Manufacturing	1402 PEACHTREE STREET, LUMBERTON, NC	US
S2-526135	क्रिएटिव इंफ्रा प्राइवेट लिमिटेड	D-301, PLOT NO.1, OM SATYAM APARTMENT SECTOR-IV, DWARKA, WEST DELHI, NEW DELHI, Delhi	India
S2-620875991	4601-Ocean Avenue Apartments LLC	WOODRIDGE, NY, 73 KOCHAV ESTATES	US
S2-368525598	shawgiovannadds.com	HALSEY AVENUE, BUFFALO, MN	US
S2-146366457	RKR ROYAL LIGHTWAVE INC	1420-1422 HANCOCK ST, BROOLYN, NY	US
S2-532686407	H 2 Diamond  Gss Southside	83 HARKINS AVE, PRETONSBURG CITY, KY	US
S2-538374648	Sachin Planning	OFFICE NO. A-222, 2ND FLOOR GERA JUNCTION, LULLA NAGAR, PUNE, महाराष्ट्र	India
S2-351306355	# 5 PX  XSOLLA	809 36TH ST, HASTINGS, MN	US
S2-12202202	Schuster Liberty Credit  LLC	PO BOX 8678, NC, PINNACLE, 14 ROYAL VIEW DRIVE	US
S2-638356247	Pure (India) Production Enterprises Private Limited	H NO -975 , SEC-14, SONIPAT, Haryana	India
S2-394023440	1lc pioneer crumrine	121 CHURCH ST, BOWLING GREEN, OH	US
S2-126770438	Total Payment Prtneis Group	522 G STREET, JACKSONVILLE, OR	US
S2-235279445	Vaayuya Chand Praoiavet Limited	C/O GOURI AUTO SUPPLIES S.M. PALLY, MALDA, পশ্চিমবঙ্গ	India
S2-704654037	Historical Program	STATE LINE ROAD, CALUMET CITY, IL	US
S2-402902122	APVALUENCE.COM	#312 SIXTH STREET, SMITHFIELD, NC	US
S2-8468238	इंडियन फूड प्राइवेट लिमिटेड	SURESH KUMAR HOUSE NO 21 MAUHALLA GANJ KURESHIYAN WARD NO 4 PURAINA DHAAL KUNYE WALI GALI, AONLA, BAREILLY, Uttar Pradesh	India
S2-570024356	Teodoro First Qdro LLC #73467	COUNTY ROAD, ASHBY, MA	US
S2-445791649	Heartland (Midistries)	5207 7TH RD, ARLINGTON, VA	US
S2-881241751	supreme technologies private limited	#1085/A G/F KH.NO-1641 BLOCK-G-I SHRI SAI ADARSH ENCL PHASE-VI AYA NAGAR EXTN, NEW DELHI, Delhi	India
S2-913236150	Cypress Inc (ID: 95579)	425 OLD QUARRY RD, PITTSYLVANIA COUNTY, VA	US
S2-261047366	Lucknow Pharmaceuticals Limited Private	NO 3/10 VISHESH KHAND, GOMTI NAGAR, LUCKNOW, उत्तर प्रदेश	India
S2-260724405	Classic Esnts Corporation	6608 DAVISTA AVENUE, HENRICO COUNTY, VA	US
S2-998385510	Faith Defazio		US
S2-677445589	लक्ष्मी हॉस्पिटैलिटी	KH NO 107/2, MOUZA ASOLI TAH KAMPTEE, DIST NAGPUR, NAGPUR, Maharashtra	India
S2-96577363	Mr Classic Trading Private Ltd	BLOCK D-76 OFFICE NO. 7 & 8, SECTOR - 2, PLOT NO. - 2, PHASE - II, NERUL (WEST), NAVI MUMBAI, Maharashtra	India
S2-784129433	Alexis  Signature Spdr Co	313 RANDOLPH SQUARE PARKWAY, GOOCHLAND COUNTY, VA	US
S2-32680027	Phoenix Infra Group	NO 71 W/O RAKESH KR.BHARDWAJ, BAROLA SSC PUBLIC SCHOOL, NOIDA, उत्तर प्रदेश	India
S2-440964565	ashokapuram look ltd	H.NO 404 BUILDING NO.63/2090 (OLD NO.5/2635) KUNIYILKAVU ROAD, ASHOKAPURAM, Kerala	India
S2-230025102	റിയൽ ബിൽഡേഴ്സ് പ്രൈവറ്റ് ലിമിറ്റഡ്	PUNNAKATTIL HOUSE, ALUVA, ERNAKULAM, Kerala	India
S2-137671220	Mandi Da Jersey Inc	OREM, UT, 892 100	US
S2-2942111	Data Technical Union Llc	WA, EDMONDS, Olympic View Dr	US
S2-866165261	Z 7 Green Presidio Co	19103B STONE BROOK, CHAPEL HILL, NC	US
S2-79739809	Grand Creative Solutions Llc	#12 HIGHWAY 367, HIGGINSON, AR	US
S2-595770861	Olimpia  Morris Assets	98 KING ROAD, DAVISOTN, AL	US
S2-189428245	VANS HIRE-PVT	H.NO 352 DOOR NO III/173 BCHIRAYATH BUILDING CHERIAKKARA ROAD PUTTHONCHIRA, POST THRISSUR, MALAPPURAM, Keralam	India
S2-216505331	होटल टेक्नोलॉजीज प्राइवेट लिमिटेड	PLOT 57 M1/15, GANDHI NAGAR, SIGRA, VARANASI, Uttar Pradesh	India
S2-3050665	Dream Supreme Engineering Engineering	#20  BASANTALAL SAHA RD, KOLKATA, পশ্চিমবঙ্গ	India
S2-127106558	परफेक्ट फाइनेंस प्रा. लि.	NO. 20 C/O MUNNA THAKUR, PURBI CHAMPARAN, EAST CHAMPARAN, Bihar	India
S2-905620539	ஹோட்டல் டெக்னாலஜீஸ் எண்டர்பிரைசஸ் லிமிடெட்	B1 RAMS CHANDRA SURYA APARTMENTS PARK AVENUE 5ST STREET, VELECHERY, CHENNAI, Tamil Nadu	India
S2-980944209	Platinum LLC Services	506 WEBSTER ST, HERRIN, IL	US
S2-683847718	It Telecommunications Private Limited Cénter	TOWER 9, 3RD FLOOR APARTMENT NO-2A2, METRO CITY, NISHAT GANJ, LUCKNOW, Uttar Pradesh	India
S2-921187374	redwood.com	7384 STOUT ROAD, GERMANTON CDP, TN	US
S2-641368406	Services Solar Batteries Pvt Ltd.	A-28, SECTOR-57, NOIDA, Uttar Pradesh	India
S2-382324556	Family Partners Inc. Austin of	16828 ROSELIN DR, AUSTIN, TX	US
S2-374986532	Carper Maritime Northside	156  Echo Falls Loop, CANDLER, NC	US
S2-343325270	PEDIATRIC-HEALTH GROUP GROUP	49 EDGEMONT CT, FULSHEAR, TX	US
S2-951579855	Apex Global	2905 MALE PL, GRESHAM, OR	US
S2-534126090	ESTEEM TRÚST	NO 2 KAIBARTAPARA BABURANI PARA PART BHATAPADA JAGADDAL, PARGANAS NORTH, West Bengal	India
S2-68815643	Seaview Farm Private	N 302, PALM DRIVE APPARTMENTS, SECTOR-66, GURGAON, हरियाणा	India
S2-516270374	KLYAN SAAIG LLC #16301	72 REVERE BEACH BLVD, MA, REVERE	US
S2-153127135	Almanza Sachem LLC Services	384D BUCKINGHAM WAY, WESTMNSTER CITY, MD	US
S2-747109182	MDM BIOEDICAL CORPORATION	NO 42/8 SINDUR PLAZA, MONTIETH ROAD, EGMORE NUNGAMBAKKA, Tamil Nadu	India
S2-170872701	Nasoft Corp	Harkie St, MIDDLETOWN, OH	US
S2-869639690	Burnett Delta PLLC Center	234 PNIE VALLEY RD, HOOSICK FALLS, NY	US
S2-358855638	Swastik Technology L.L.P.	B3/11/293, NADACKAL, ERATTUPETTA, Kerala	India
S2-719509324	League Development Economic	326 Bristol Court, HOLBROOK, NY	US
S2-408933973	Amv-& Sons Limited	NO 36 , BUS STAND SECTOR, SURATGARH, Rajasthan	India
S2-994591566	Sri Talking International School Pvt Ltd	3/112 VISHWAS KHAND, GOMTI NAGRA, LUCKNOW, Uttar Pradesh	India
S2-294221484	Paor Egiatboere PLLC	2657 LAWLESS CREEK RD, PITTSYLVANIA COUNTY, VA	US
S2-869711874	Nadiya's Gulf Physical Thérapy PLLC	7524 GINGERBLOSSOM DRIVE, CITRUS HEIGHTS, CA	US
S2-961139574	J G Robbins  Entergy Corp	4370 S VALLEY LN, CITY OF NEW BERLIN, WI	US
S2-639235624	AKOPYAN  SHIPPING HOLDINGS	25823 SADDLETREE DRIVE, SUN LAKES, AZ	US
S2-748275453	UA Safe Spártacus, LLC	#123 MILES ST, APPLETON, MN	US
S2-18963029	BARB FCORTSON SELECT TRÁDING	0138 LAUDERBACK RD, NULL, ROGERSVILLE, TN	US
S2-11349623	CR Services		India
S2-73156901	Inc. Penaloza and Bíttle First	4255 CHARLESWOOD AVE, MEMPHIS, TN	US
S2-495045715	Inc Kestari Transportation	167 MERRILL ROAD, CORINNA CITY, ME	US
S2-62262025	Pune Unique Overseas Limited  Private	#971 19, RADHIKA INDUSTRIAL PARK, VELU VILLAGE, PUNE, Maharashtra	India
S2-161400171	లైఫ్ ఫుడ్ ఎల్‌ఎల్‌పీ	2-4-110/19/1/3, HYDERABAD, Andhra Pradesh	India
S2-764221179	facilitynetworkspartners.com	F/#93 MIDC AMBADNASHIK, NASHIK, Maharashtra	India
S2-639898718	Partners Agri Limited	P.N. 05/216, KARDHANI, HEIGHTS KALWAR ROAD, JAIPUR, राजस्थान	India
S2-538586895	Peyton's Mountain  Hospitality	5401 GROVESIDE LN, ROLLING MEADOWS, IL	US
S2-793414544	valley total biracilik	00711 3TH AVE, SIBLY, IA	US
S2-736411914	Vu Allied Aldel [Inc]	PMB 7301, 2872 GLOYD STREET, TX, DALLAS	US
S2-62565577	DOWNTOWN  BOOK STORE	3RD AVENUE, OEAN, NY	US
S2-477021975	Peak Property Company Cáre	DUNDALK, HOLAVIEW RD, MD	US
S2-933353662	-- Alpha  International Pbrivte Limited	2-1-514/3/1A, STREET NO 8 NALLAKUNTA, HYDERABAD, తెలంగాణ	India
S2-535579795	Apex Apparel Services Ínc. - 2334357695	3200 CAPITAL MALL DR, OLYMPIA, WA	US
S2-994322215	ব্ল্যাক ইন্দো কনসালটেন্সি প্রাইভেট লিমিটেড	1 NO. PI CAMP MORE PO HARIPUR NORTH 24, HABRA - II, NORTH 24 PARGANAS, West Bengal	India
S2-919004449	Twisted Ddr	336 SUE PEAKS LOOP, DRIPPING SPRINGS, TX	US
S2-806881957	Clear Pymte-Group	9993-A BELMEADOW DRIVE, NULL, TWINSBURG, OH	US
S2-721703871	Corp Office of Environmental Protection	210B COLLEGE DR, PO BOX 5768, KEENE, TX	US
S2-324239699	ATLANTIC CASCADE GRIFOLS L.L.C.	GENTTRY, 17777 LUEDECKE RD, AR	US
S2-801733753	Rónet	560 N SAINT, WASHINGTON, DC	US
S2-261132122	Anand Éngdinering Private Limited	26, SILARPUR, NEAR SECRETARIAT, MANDI ATELI, Haryana	India
S2-668130791	Iveniq  Global,	814 COLLEGE HWY, SOUTHWICK, MA	US
S2-628349925	ADVANCED MÁRINE WORLDWIDE LLC	#6701 DICKENS FERRY ROAD, MOBILE, AL	US
S2-895303348	Co Sanchez Health Cengcer	OH, CHIPPEWA LAKE, 5693 Burlington Drive	US
S2-307867915	लक्ष्मी प्रोड्यूसर एंटरप्राइजेज	NO 95 C/O BADRI PRASAD, PHULPUR, ALLAHABAD, Uttar Pradesh	India
S2-500766941	Shanti (India) Pharma Group L.L.P.	16A, FLOOR 1, PLOT 32, RAJA BAHADUR MANSION, AMBALAL DOSHI MARG, BOMBAY STOCK EXCHANGE, FORT, MUMBAI, Maharashtra	India
S2-592356286	dental.com	7296 LYNDOVER PLACE, SAINT LOUIS, MO	US
S2-579900262	Happy Cafe	AZ, NULL, GILBERT, 612 CANTEBRIA DRIVE	US
S2-495368974	Pediatric Dental Medicine [LLC]	138 Rainbow Place, LAVERGNE, TN	US
S2-305931716	Ehnva Group	2334 CHATEAUGAY LOOP, OWENSBORO, KY	US
S2-772603921	Silver Payroll Comcnapas	85 4353, FRANKSTON, TX	US
S2-146198659	Balamurugan + Brostases Private Limited	H.NO 697 BBMP NO. 68/1, BDA SITE NO. 78 SITUATED IN INDUSTRIAL SUBURB, MAHALAXMI, PURAM, BANGALORE, Karnataka	India
S2-372944789	PEDlATRIC DENTAL CERTIFIED CARE CARE	NOTTINGHAM ROAD, KANNAPOLIS, NC	US
S2-392753943	SELECT SUISSE	7712C NARDO GOODMAN DRIVE, CITY OF EL PASO, TX	US
S2-256177813	Edwards Dte	5756 GOLDFINCH WAY, DALLAS, TX	US
S2-878608818	Olanan Aura	NEWLAND, NC, 645 CRESTOWOD CIR	US
S2-55989037	HEALTH  COALITION	9703 VERSAILLES PLNK ROAD, EVANS, NY	US
S2-267660093	RUSSELL, HOLLY-ANNE C., L.C.S.W.	2206 Strange Street, SEVENS POINT, WI	US
S2-344251351	SUMMERS-& WHAVCER EQUITABLE	ETOWAH, 156 COUNTY RD 881, TN	US
S2-350634329	Rocky-Collective Inc	553 DARLING ST, TX, HOUSTON	US
S2-923268305	ब्लैक प्रॉपर्टीज प्राइवेट लिमिटेड	195, BHOPAL, Madhya Pradesh	India
S2-311299954	Ediva Berke Clear Avalanche  Clinic	CHARLOTTE, 1509 EAGLES LANDING DR, NC	US
S2-955193338	The Classic Security Corporation Eastgate	3909 53RD PLACE, HATTSVILLE, MD	US
S2-321473383	Dwarkesh Electricals Exports	DOOR NO 18 NEHRU COLONY TOLLYGUNJ, KOLKATA, West Bengal	India
S2-581545716	பிளாக் சர்வீசஸ் பிரைவேட் லிமிடெட்	DOOR NO. A-28, ELDAMS ROAD, VANNIA, TEYNAMPET, CHENNAI, தமிழ்நாடு	India
S2-427486839	Private Hindaun Organic Ltd	NO. 311 20, HINDAUN, KARAULI, Rajasthan	India
S2-428375790	GT TRICHUR PRIVATE		India
S2-656114908	Pediatric Dentistry Bay Care Holdings	132B DEAN AVENUE, FRANKLIN, MA	US
S2-425872076	Lavue Corporation Cénter LLC	847 LOMBARDY CT, FORT ORTH, TX	US
S2-382466417	இண்டோ இன்ஃபோடெக் பிரைவேட் லிமிடெட்	Tamil Nadu, APTS NO 2-D, 2ND FLOOR, CALVE CHATEAU, N.NO.322 OLD NO.808, POONAMALLEE HIGH ROAD, KILPA, UK, CHENNAI	India
S2-14100217	Marketing Marketing Prem Services Private	NEAR JATPURA GATE CITY BAZAR COMPLEX, CHANDRAPUR, Maharashtra	India
S2-365816717	Logsdon  Reliable	WA, 5108 Navy, DEER PARK	US
S2-180415946	Gel Airways Public Limited	H.NO 16/315 , PENTA COMPLEX PENTA BYE-PASS ROAD, M.C.ROAD, PERUMBAVOOR, Kerala	India
S2-688461684	8lue Optimal Aldabra, Group	00124 CHANCELLOR MANOR, BURNSVILLE, MN	US
S2-815820879	Sun United Wiegand	5375- SUMMERBROOK WAY, SACRAMENTO, CA	US
S2-230033349	Reeva Industries	8-21-ANT-502, NARAVA ROAD, 8TH WARD GIDDLUR, GIDDALUR, Andhra Pradesh	India
S2-669537843	Anchor Nutrition Alliance		US
S2-548592444	Saran India  Private Limited	HOUSE NO. 53 BLOCK ROAD EKMA, EKMA, SARAN, बिहार	India
S2-444547958	Nevaum Greater	010924 166TH AVENUE, BONNEY LAKE, WA	US
S2-93293473	orthopedic health p.c.	640 FRANKLIN AVENUE, NY, BROOKKLYN	US
S2-765018827	Smartline  Chain Exports Pvt. Ltd.	H.NO 738 DREAMS PARK CAT NO. 1325 MOREWASTI CHIKHALI, PUNE, Maharashtra	India
S2-283743217	Helios Petroleum Llc	129 TRADE ST, CHARLOTTE, NC	US
S2-273665420	@DEBIALCANTARA	OH, CONCORD TWP, 7270. KHRISTOPHER CT	US
S2-885854918	Ear Nose  & Throat Medicine	3550 JAMAICA BLVD, LAKE HAVASU CITY, AZ	US
S2-365064500	Interfaith [Federation]	2875 Robinson Park Road, MOSCOW CITY, ID	US
S2-187719816	8harat  Industries Private Limited	BANGALORE, DOOR NO B3/12/64, BANGALORE, Karnataka	India
S2-733658584	LLC COLONIAL BROKERAGE	2 SEAPORT DRIVE, QUINCY, MA	US
S2-407326958	Twisted Pizzha	3026-3028 RACE LANE, DICKINSON COUNTY, KS	US
S2-805350531	Enright Complete Ntges LLC	06627 MAYAPPLE DRIVE, PENDLETON CITY, IN	US
S2-8481877	Condra, Gabbie Best Goldman LLC	1866 SPRINGWATER DR, VINEYARD, UT	US
S2-681405632	paintingmelchiorre.com	VA, NEWPORT NEWS, 400 GOOSE CIRCLE	US
S2-11149335	ఈస్టర్న్ ఎంటర్‌ప్రైజెస్ ప్రైవేట్ లిమిటెడ్	తెలంగాణ, MALKAJGIRI, H NO.1-1-241-7, 2ND FLOOR, BHAVANI NAGAR ROAD NO 8 N KAPRA, ECIL PO, ST, PLOT.NO.7, HYDERABAD	India
S2-34725669	Modern Prime Machine  Works LLC	CANAL ST, LOUISVILLE, KY	US
S2-991950801	S Q Martin Industrial  Clinic	236 GERMANY STREET, LONE STAR, TX	US
S2-918698386	back alley diner west co	N250 R, TOWN OF HUSTISFORD, WI	US
S2-161450560	Congregation-Emanuel Ltd	250 MAIN ST, LIMESTONE, NY	US
S2-790404897	WOMENS-HEALTH NATIONAL	NY, 45 SECOND ST, DEPOSIT	US
S2-867605865	Sargent, Álbertine, DPM	215  OAK STREET, CENTRALIA, IL	US
S2-252174938	BARIOR INC	222 KERFOOT ST, EAST PEORIA, IL	US
S2-362258708	Orthopedic Group Ltd	#3022 PETERS AVE, SIOUX CITY, IA	US
S2-217842935	Liberty Providence-LLC	NORTH RIDGEVILLE, OH, 7297 DYKE AVENUE	US
S2-797818660	Haney Empire Ultra Inc	201 COLLINS AVE, WILLISTON PARK, NY	US
S2-966056282	Finlease Exim Pvt.-Ltd.	201, TILAKPATH, TALAB CHOWK NEAR DURGA BHAWAN, KHARGONE, KHARONE, Madhya Pradesh	India
S2-120256320	Machinists Union Local No 202	123 DAY HILL ROAD, WINDSOR, CT	US
S2-259659056	Cornerstone Quality Inc Riverside Fortunex	PO BOX 9228, OH, WAPAKONETA, 708 OHIO ST	US
S2-648533552	Artiaga Heartland Staffing	131 1/2 PLEASANT AVE, FRANKFORT, NY	US
S2-892579150	International Maa Ventures Pvt Límited	West Bengal, 62/A, NETAJI SUBHAS ROAD, 4TH FLOOR, KOLKATA	India
S2-297486910	Ud Dogecoin Ltd	0316 BEATTIE AVE, <NULL>, LOCKPORT, NY	US
S2-771090528	Mr Lans Conductors	C/O SANGAMESHWAR MOTIRAM PATIL MUKHED MUKHED TQ. MUKHED MUKHED, NANDED, Maharashtra	India
S2-845475707	National-Electronic Co	20 SAMS TRL, WAYNESVILLE, NC	US
S2-932285944	memorialinterstatealliance.com (ID: 11665)	5111 78ST AVENUE, MILAN, IL	US
S2-266332051	LIFE CARE FOODS  LLP	HOUSE NO-3-357, C/O-UDAY PRATAP SINGH, PO- PATLIPUTRA NORTH, SRI.KRISHNAPURI, PATNA, Bihar	India
S2-589374911	PRIVATE PG GOLD LIMITED	TC NO.2/21, THIRUVANANTHAPURAM, TRIVANDRUM, Kerala	India
S2-948499028	Global Institute of Technology Holdings	946  WESTMINSTER ABBY LANE, FENTON, MO	US
S2-771424560	Mena Ínstitute	403 KOERNER CT, WILMINGTON, IL	US
S2-459484503	HARBINGER CENTRE  CENTER	HN 593  C/O NOVELESH KUMAR SINGH, 5, R K NAGAR SAMPATCHAK, BEHIND PATNA CONVENT SCHOOL, PATNA, बिहार	India
S2-987521204	KXL Reeeoras Clinic	57/4 B1 FLAT NO 62, SHIVNERI COOP HOUSING SOC, PUNE, Maharashtra	India
S2-907961744	OC Network	C-1, AMRAVATI ENCLAVE, P.O. AMRAVAI ENCLAVE, PANCHKULA, Haryana	India
S2-12049906	LLC Bright Orange	2723 GREEN ACRES RD, ROGERS, AR	US
S2-739481772	The Citadel	Bedford Way, PRESCOTT VALLEY, AZ	US
S2-1986290	HEALTH BEHAVIORAL HIGHLAND INC	501 CEDAR STREET, <NULL>, GLENDIVE, MT	US
S2-927187006	Bombay Polytechnic Prívate Limited		India
S2-460585251	The Pediatric Dental Care Associates Corp	11 BUFFALO SQUARE COURT, KALISPELL, MT	US
S2-937114050	White Producer	NO 26. 27 28, L B NAGAR, TIRUMALAGIRI, Telangana	India
S2-327039717	Zenith Tax	5241 SALE COURT, OH, MENTOR	US
S2-515085270	Little Bariersp Co	12162 Lewis Circle, FORNEY, TX	US
S2-951455903	Big Classic Foods Private Limited	दिल्ली, F1(U)-38, PITAMPURA, DELHI, DEHHI	India
S2-429797718	Mumbai Limited  Center	B/103 NIRMAN PALACEJIJAMATAMARG PUMP HOUSE ANDHERI EAST, MUMBAI, महाराष्ट्र	India
S2-909501084	Tatiana Hanfc D.O. Partners	SPRING HILL, 2013  HUYANA WAY, TN	US
S2-721685553	Dev Services Private	OFFICE NO 103, GANESH SMRUTI GAOTHAN, VIRAR WEST, Maharashtra	India
S2-937303585	Wood, Dawn, D.C. Co	811 FOURTH ST, WASHINGTON, DC	US
S2-986925315	RETAIL FUNDSPRIVATE VENTURES PVT.-LTD.	HOUSE NO. 508/6, SHREE GANESH APPARTMENT B WING, OPP. RJ THAKUR COLLEGE, SAWARKARNAGAR, THANE WEST, Maharashtra	India
S2-677622394	CNPBCASS LLC	1195 PROVISION BLVD, MOBILE, AL	US
S2-108422085	violet yoder pharma llc	#2259 HERMITAGE WAY, INDIANAPOLIS, IN	US
S2-799108947	3964 Sunset Place Realty Ltd	15029 GRAHAM ST, PORTLAND, OR	US
S2-518555778	YFB Range Private Limited	K-4, NDSE-II, NEW DELHI, Delhi	India
S2-948741144	YTV ACCOUNTING LIMITED	West Bengal, LAHUGAON PHANSIDEWA, DIST : DARJEELING, PHANSIDEWA	India
S2-13461744	Enterprises Bhiwandi Structures	R 56H DILSHAD GARDEN, SHAHDARA, Delhi	India
S2-486074236	Traque	KENYON STREET, SPRINGFIELD, MA	US
S2-915245668	Foods Limited Spices  Group Private Seawave	S/O HARJI RAM WARD NO-8, BASI BARSINGSAR, BIKANER, Rajasthan	India
S2-566345027	White  Industries Private Limited	HN.174, SF, LEFTSIDE, SARPANCH KA BARA, GALI NO.5 MANDAWALI FAIZALPUR, OP.LAKHI PUBLIC, DELHI, दिल्ली	India
S2-642266846	Sanders Vírtus PC	POYNTZ AVE, CHARLOTTE, NC	US
S2-322294984	Diversified Marine Ádvisors, Group	51428 1/2 97, LA PINE, OR	US
S2-1862508	pu view advanced	175 OXFORD AVENUE, BUFFALO, NY	US
S2-734682397	ILKA'S SPA-CENTER GROUP	CT, 27 EVERS CT, BRIDGEPORT	US
S2-655105736	flood, bogle & coronado deutsche	9410 CAMERON RIDGE LN, INDIANAPOLIS, IN	US
S2-282869565	christpresbyterianchurch.com	50 SANDPIPER WALK, null, BAY SHORE, NY	US
S2-681684639	INDUSTRIES SOCIETY EDUCATIONAL	NO 380 , 3RD FLOOR, 3RD BLOCK, 16TH MAIN ROAD, KORAMANGALA, BANGALORE SOUTH, Karnataka	India
S2-426331261	Dasha Huerta, D.O.	VA, 2263 CENTRAL ACADEMY RD, STUART	US
S2-497561511	PACIFIC MINISTRIES	6914 STOCKTON LN, ROSHARON TONSHIP, TX	US
S2-666552651	Red Pub!,		US
S2-740244094	Great Logistics [LLC]	14205 MINERAL SPRINGS, WEST FORK, AR	US
S2-706423265	Altavista College Private Ltd	SHOP NO. G-23., GROUND FLOOR, MAHIMA HERITAGE, CENTRAL SPINE, JAIPUR, राजस्थान	India
S2-261675819	Urology Group Holdings	817 3RD ST, NEVADA, IA	US
S2-578195413	Express Design (Works)	2741- Juniper Way, SALT LAKE CITY, UT	US
S2-267104752	Anchor Data Innovations South LP	#5033 SCOTTS VALLEY DRIVE, SCOTTS VALLEY, CA	US
S2-900379003	Fresh Interstate Air Partners LP	11254  SAINT LAWRENCE AVE, PMB 9847, CHICAGO, IL	US
S2-352607441	BIVUE QUALITY EASTERN	7556 1050, MILROY, IN	US
S2-666344322	Brothers, Ferreira and Perez Inc Center		US
S2-433826765	F 2 S RESTAURANTS - 5339479419	1047 BARTON STREET, PMB 3907, EARLE, AR	US
S2-536012396	Karlee's LP Sciences		US
S2-614739100	>> Delly's Data	316 BLACKBURN BAY DRIVE, CITY OF VERONA, WI	US
S2-591495349	Shri Best Consu1tants Prívate Limited	West Bengal, C/O: BHOLANATH SARKAR, MAGHPALA, COOCH BEHAR - I	India
S2-724408246	સુપર હોટેલ સિસ્ટમ્સ ટેક્સટાઇલ્સ	10STFLOO, SHEDNO.65/8P, OPP.BOB, FROAD, PHASEI, GIDC, VATVA, AHMEDABAD, Gujarat	India
S2-940830015	Fitness Co Pharmaceuticals	D/37 B, BLOCK-A SECTOR-40, NOIDA, उत्तर प्रदेश	India
S2-524514857	శివ్ ఎంటర్‌ప్రైజెస్ ప్రైవేట్ లిమిటెడ్	C/O.TEJA SEEDS AND PESTICIDES, KRISHNA, RENTACHINTALA, Andhra Pradesh	India
S2-822449903	F0utch Angel	1706 Ashberry Trl, GEORGETOWN, TX	US
S2-961236214	Indo Services Ltd	NEW NO.1-04 , SENGAZHANI AMMAN KOIL STREET PUZHUTHIVAKKAM, CHENNAI, Tamil Nadu	India
S2-613829335	Gonzalez-Sree Kárbon Corp	1434D COTTAGE ST, SAELM, OR	US
S2-45865141	Pudur Finance Private	Tamil Nadu, H.NO ##32 7/178, RUKMANI BUILDING MEENAKSHIPURAM GRAMAM MAIN ROAD, DIVANSA, PUDUR	India
S2-84683968	G & (R)	6107 TERRY DR, NASHVILLE, TN	US
S2-694755481	Golden Cloud Solutions Inc	3291 WOLFSON DR, HEMPSTEAD, NY	US
S2-63828953	Indian Power Limited Services	AT NO. 199/203. B2, ADITHYA RBL TOWERS, COIMBATORE NORTH, Tamil Nadu	India
S2-12118060	Corner Nails!	7924 GRANDSTAFF DRIVE, SACRAMENTO, CA	US
S2-920513213	Delta Coliitgon		US
S2-565830047	Bangalore North	#3, 2ND FLOOR, GANDHINAGAR MAIN ROAD, BANGALORE NORTH, ಕರ್ನಾಟಕ	India
S2-880582560	Orthopedic Classic Care Associates Associates Inc.	##2350 HAERLE AVENUE, TWIN LAKES, WI	US
S2-863425522	गैलेक्सी कंस्ट्रक्शंस प्राइवेट लिमिटेड	#41, GROUND FLOOR (LEFT SIDE) KALU SARAI, NEW IIT CENTRE, SOUTH DELHI, NEW DELHI, Delhi	India
S2-675394305	Behavioral-Health Pgrtdesr LLC	2289 STEPHANI COURT, MN, LITTLE CANADA	US
S2-106685975	D0zier Superior Prínting, LLC	COLUMBIA, PAINTED ROCK RD, MD	US
S2-407227278	Vastral India Exports Private Limited	H.NO 584 FLAT-B-318, SHIVANSH GREEN PANCHVAT RESIDENCY, OPP JAY RANCHOD PARK, VASTRAL, Gujarat	India
S2-786906011	ଗୁରୁ ଏନର୍ଜି ପ୍ରାଇଭେଟ୍ ଲିମିଟେଡ୍	FLAT NO. 101/A, KHORDHA, BHUBANESWAR, Orissa	India
S2-686205483	Eye Clinic LLC	918 WEDGEWOOD DRIVE, MARYSVILLE, OH	US
S2-834765165	Kolkata Automobiles Exports Private (Limited)	109/A/3ABIPLABI RASH BEHAR IBOSE RD, KOLKATA, West Bengal	India
S2-94667719	Perl Wilson,	3537 RAINBOW BOULEVARD, KANSAS CITY, KS	US
S2-856007932	Balaji Engineering		India
S2-90452195	Ely 5afe Medical	2253 79TH STREET, CHICAGO, IL	US
S2-752786055	व्हाइट फाइनेंस प्रा. लि.	DHULE, Maharashtra, NO. 632- C/O RAMESHCHANDRA MANIKCHAND JAINE H.NO.462	India
S2-349187858	RKB MEMORIAL TRUST CENTER INFRATECH LTD	WARD NO. ##23 PANCHSHEEL COLONY, 8295 JUNNARDEO, DIST CHHINDWARA, JUNNARDEO, Madhya Pradesh	India
S2-339915224	கிரேட் இண்டஸ்ட்ரீஸ் பிரைவேட் லிமிடெட்	NO 14B TNBB COLONY, MAMBAKKAM MAIN ROAD, KANCHIPURAM, KANCHEEPURAM, Tamil Nadu	India
S2-546995218	Integrated [Digital]	HO. 5, MAIN WAZIRABAD ROAD PEER VALI GALI KHUKAR NO, 1/117/2, GOKUL PURI, NEAR POLI, CE STATION, DELHI, Delhi	India
S2-853587323	Prithvi Limited Private Investments	3700D/17, GROUND FLOOR, SHANTI MOHALLA, GANDHI NAGAR, DELHI, दिल्ली	India
S2-26087080	INTERSTATE ADVERTISING,	48 TEMPLE AVENUE, PMB 9798, RIVEHEAD, NY	US
S2-231746971	69/25 Sachs Valley	1962 LAKESIDE LN, MOUD TOWNSHIP, MN	US
S2-940078956	castillo & johnson southern	274 CR 461A, BRAZORIA, TX	US
S2-284457399	लक्ष्मी लॉजिस्टिक्स प्रा. लि.	H OOC-19 GRD FLOOR TOWER H, Uttar Pradesh, NOIDA, GAUTAM BUDDHA NAGAR	India
S2-396971336	The Piedmont Green Resolution	1309C JENNIFER LN, N/A, HOUSTON, TX	US
S2-894713796	BRATTON CRYSTAL  SOFTWARE LLC	2223 CARTWRIGHT PLACE, RESTON CITY, VA	US
S2-787403342	SANCHITINVESTMENTCARE.COM	NO 126. , 6TH CROSS, 7TH MAIN, SRINIVASANAGAR, BANGALORE, Karnataka	India
S2-273218824	PVT SHOP EATESRMPRIES LTD	NORTH WEST, Delhi, DOOR NO 360 HOUSE NO 112 BLOCK - P-1, MANGOLPURI	India
S2-86787726	L.L.C. Simpson Valley Market	206 CHESTNUT ST, STOCKDALE, PA	US
S2-723950560	[LLC] Kucharski & Castro	2281 DOMINION DR, MURFREESBORO, TN	US
S2-627862965	હરિ વ્હાઇટ વેન્ચર્સ પ્રાઇવેટ લિમિટેડ	DOOR NO 163/1/4 & 163/2, 8-A NATIONAL HIGHWAY, TAL. WANKANER, DHUVA, RAJKOT, Gujarat	India
S2-56347185	Kuhlman Montessori-School	74 71ST ST, CHICAGO, IL	US
S2-384234314	DEVAM LIMITED EXIM	19/7/5, PILLAIYAR KOVIL ST KASBA, VELLORE, Tamil Nadu	India
S2-509648328	G0vind & Sons Group Private Limited	77, VALLALAR STREET, NEAR NANDA GARDEN, TVS NAGAR, KORATTUR, CHENNAI, Tamil Nadu	India
S2-723918754	Lamm and Taylor Occupational Corp  Center	76 CREAMERY DR, NEW WINDSOR, NY	US
S2-217506265	Swiss Chít LLP	NO 41 KHUDRA MANDAL GANTHI SOHAI, SWETPUR, NORTH PARGANAS, West Bengal	India
S2-495815235	PHILBECK DIME	CLEAR LAKE CITY BLVD, WEBSTER, TX	US
S2-472401216	Sequoia Orcin Midtown, LLC	2436 1ST ST, PO BOX 7278, WASHINGTON, DC	US
S2-320333928	Hyderabad Devel0pers Pabae Limited	H.NO 6. , SY NO.12 KHANAMET, MADHAPUR, HYDERABAD, Telangana	India
S2-51042752	Tech-Builders Private Limited Limited	35/C/ RAMPUR BAGH, (LMV-2/3315), BAREILLY, Uttar Pradesh	India
S2-712438206	Cordi Manzanares  Municipal	29794-29798 COPPERPENNY DR, HUNTSVILLE, AL	US
S2-247485274	Reeva Industries	8-21-ANT-502, NARAVA ROAD, 8TH WARD GIDDLUN, GIDDALUR, Andhra Pradesh	India
S2-5295697	Corner Diner! LLC	1328 3RD AVE, BIRMINGHAM, AL	US
S2-941189094	Edgar Choice Ltd	CA, 7533  ALTA MIRA CIRCLE, N. HIGHLANDS	US
S2-463523896	Mackinnon Continental  Navios Associates	418 BUCK JONES RD, RALEIGH, NC	US
S2-966500811	Dryden Innovative Fortunex LLC	TONTO BASIN, AZ, 198 Park Way Drive	US
S2-394590932	Portland, Township Of LLC	5805 MILWAUKIE AVLNUE, PORTLAND, OR	US
S2-66399303	Oncology Clinic	1109 STATE SAINT, S HOUSTON, TX	US
S2-987807449	PLEMMONS PATTANA INCORPORATED	AL, BUTLER ROAD, ALBASTER	US
S2-88385680	स्वस्तिक इंफ्रास्ट्रक्चर प्राइवेट लिमिटेड	T4B-1213, NX ONE, PLOT 17, SECTOR TECHZONE-4, NOIDA, GAUTAM BUDDHA NAGAR, उत्तर प्रदेश	India
S2-640030556	Llc Zeify Sterling Pacific	1435 SOUTHWOOD DRIVE, MISHAWAKA, IN	US
S2-183426630	Lane Two Central  LLC	208D ROSEWOOD CIRCLE, JACKSONVILLE, NC	US
S2-390434565	Madhav Infotech (India) Limited Partners	3327, BEADONPURA KAROL BAGH, NEW DELHI, दिल्ली	India
S2-712458610	Morman Group Center	5235 NORTH HAMPTON-DONNELLSVILLE RD, SPRINGFIELD, OH	US
S2-4388863	Paul Overseas Private Limited Center	1/62, VIKARP KHAND, GOMTI NAGAR, LUCKNOW, Uttar Pradesh	India
S2-604875797	Raymond,  Davis and Baer Century Harbor	WA, SPOKANE, 3308 23RD AVE	US
S2-80605599	Y T Snoery Xcel Corp	1021 LAWNDALE DR, BEAVER DAM, WI	US
S2-738200287	Holloway Great Násadq Holdings	4716 Lakeside Drive, OMAHA, NE	US
S2-441993746	Coastal Cmfan Company	0195 LEITRIM DRIVE, CLARKSVILLE, TN	US
S2-466773872	INDIANAPOLIS URGENT CARE PARTNERS	4221 LYNHURST DR, INDIANAPOLIS, IN	US
S2-124526904	Drs and Sons	BUNGLOW-17, CITY PALACE CO. OP. H. SOC., B/H KIRAN MOTERS, PARVAT PATIA, PUNA KUM ROAD, SURAT, Gujarat	India
S2-461711619	Allen Nuclear L.L.C.	3523 MAGRUDER DRIVE, MURFREESBBORO, TN	US
S2-592880634	Bedell Cadenza of  Heyworth	206 MAIN STREET, HEYWORTH, IL	US
S2-950888885	Loughner &  Wolters	32 BEECH ST, GREENWICH, CT	US
S2-543871057	OLYMPE FARIS BAIN  INC	556 LEWIS ST, FRON ROYAL CITY, VA	US
S2-872790152	Ludhiana 5hoppe Co	DOOR NO 4519 SUNDER NAGAR, LUDHIANA, Punjab	India
S2-459635417	Pvt Geet & Ssa Ltd	Madhya Pradesh, INDORE, DEWAS NAKA, 56/8/1- HALKA NO. 36 S.K. COMPOUND LASUDIA MORI, INDORE	India
S2-839649925	Gsh  Schools Private Limited	39 C, VICTORIA FLOORS, PEERMUCHALLA, RAJPURA, Punjab	India
S2-681169344	Sarang Limited Private Manpower	#2-2-12/7 , FLAT NO.102 RAGHAVENDRA GOLDEN HEIGHTS, DD COLONY, HYDERABAD, null, Telangana	India
S2-922566966	Pediatric Dentistry Prime Care Asocist	121- AVIARY LN, MYRTLE CREEK, OR	US
S2-821046977	EVELINA'S ASSOCIATES	132 NORTH STREET, IN, TIPTON	US
S2-282745196	FEDERMAN CHIMERA SERVICES	9214 ARBOR CREEK DR, CHARLOTTE, NC	US
S2-383835776	Grace  Cahbpel	22 LEWIS DR, ABERDEEN, MD	US
S2-11831316	Cornerstone Allstate Llc	020 805B, CLEBURNE, TX	US
S2-958911387	Bonny Ventures Private Limited Service	7RD FLOOR, BEARING NO. 30/28, EAST PATEL NAGAR, NEW DELHI, Delhi	India
S2-588180545	Om Trrbs	R-40- & 41, MIDC LATUR, महाराष्ट्र	India
S2-703276396	శక్తి ప్రాపర్టీస్ ప్రైవేట్ లిమిటెడ్	007-1-619/A/42, HYDERABAD, Telangana	India
S2-754052979	Mava Trusted Trusted	2810 LIBERTY ROAD, GREENSBORO, NC	US
S2-24779332	The Ga0n Design Highland	117-41 NASHVILLE BOULEVARD, NY, CAMBRIA HEIGHTS	US
S2-553277174	MEDIA ZTRA INFRACON EXPORTS LLP	E-1/279, SHIV RAM PARK NAAGLOI, NEW DELHI, Delhi	India
S2-131636630	Dr Rajul  Academy	#73 NARIMAN BHAVAN, 7TH FLOOR, NARIMAN POINT, महाराष्ट्र	India
S2-236062887	সান ইউনিভার্সাল প্রডিউসার	NO 751- LAKE GARDENS, KOLKATA, CALCUTTA, HOWRAH, পশ্চিমবঙ্গ	India
S2-436181154	Grand Diagnostic Services Holdings	145 BOWLES STREET, SPRINGFIEDL, MA	US
S2-872077749	Amaze Agro  Prete Limited	DOOR NO 828 VILLAGE - RATTANGARH SIMBAL, P.O - KURALI TEH - KHARAR DISTT, MOHLAI, ਪੰਜਾਬ	India
S2-566866722	Hurlburt Starry (Corp)	528 FIELD ST, IN, FORT WAYNE	US
S2-414640650	MN Resorts Private Limited	H.NO 20 RAJENDRA NAGAR NAGIN DESAI NI CHAWL BARDOLI, Gujarat	India
S2-493925512	Costello, Glover and Lane Lane	4 -1 OAKRIDGE DR, OLD LYME, CT	US
S2-737003493	Mann, Morales and Fortson	3559 CURRY ROAD 12, MELROSE, NM	US
S2-605709573	MCCARTHY BHRHT (CANADA)	908 S 5TH SAINT, ELDRIDGE, IA	US
S2-243041528	unified genomic digital inc inc	204 BELLEVUE DRIVE, MT PLEASANT OTWNSHIP, TN	US
S2-330357029	Nvs Creation Private Ltd	72 313, ALOK NAGAR, KHAJRANA KANADIYA ROAD, INDORE, Madhya Pradesh	India
S2-621960749	EVERYDAY (INSTITUTE)		India
S2-147798531	Br Ventures LLP Services	707, SHARON CO-OPERATIVE, HOUSING SOCIETY, CHARAI, THANE, महाराष्ट्र	India
S2-512011946	BOARD OF	34 BIGELOW ST, CAMBRIDGE, MA	US
S2-275130265	ATLANTIC DIRECT HOSPITAL LTD	7953 NORA AVE, NILES, IL	US
S2-524713333	esteemtrust.com	#2 KAIBARTAPARA BABURANI PARA PART BHATAPADA JAGADDAL, PARGANAS NORTH, West Bengal	India
S2-94878869	Medina Rapid Floating Incorporated	2215 7TH STREET RD, LOUSVILLE CITY, KY	US
S2-857420665	Nexovi Edt LLC	WINSTON-SALEM, ##4124 DUCK POND COURT, NC	US
S2-881247388	Straight Edge Yoga	14 SAINT CHARLES STREET, PLATTSBURGH, NY	US
S2-149790923	Blackmon Block	4431- KERRY COURT, ABERDEEN, MD	US
S2-29628731	Bright Prime Cross LLC	256B VANCE STREET, RAWSON, OH	US
S2-229145917	Juliann Rokcwel Chadwick LLC	CHICAGO, IL, 1205 SAPULDING AVE	US
S2-492445132	Bangalore Infracon Ventures	H.NO G-11 , POLICE ROAD, KALASIPALYAM, BANGALORE, Karnataka	India
S2-817951211	Private Sadguru (India) Bachat Overseas Ltd	PLOT 634 614, UTTAR PRADESH	India
S2-179454238	Lau Flaherty of Brazoria		US
S2-259572487	Gonzalez's Superior Eye Care	NY, 580 TURKEY RIDGE RD, HALCOTT	US
S2-172796333	Private Selco Nursing Home Ltd	H.NO 288, NEW DELHI, SOUTH WEST DELHI, Delhi	India
S2-769922796	ONCOLOGY SAFE ASSOCIATES LLC	35 SYLVAN COURT, PO BOX 1046, ELK GROVE VILLAGE, IL	US
S2-146971879	HOLY  HOLDINGS MINISTRIES	##2689 APPLEWOOD LANE, LANCASTER, OH	US
S2-217104260	Bay Service	TIMBER ESTS, N/A, ALGONA, IA	US
S2-447394306	Trusted Consultants Network LLC	9992 1/2 NEWPORT HWY, SPOKANE, WA	US
S2-815837877	Jyotiba  Adhesives Private Limited	PLOT NO.2, DHANALAKSHMI NAGAR, MOULIVAKKAM, KUNDRATHUR, SRIPERUMBUDUR, தமிழ்நாடு	India
S2-757247236	A lnnovative-Innovative Corp	DOVER CITY, 6751 SHORT DR RD, OH	US
S2-783046182	CAMERON-FIDELITY	1340 CO RD 8, DILLONVALE, OH	US
S2-581254749	@nationalministries	CLOVERDALE PLACE, BRISTOL, TN	US
S2-63399896	Griffin, Flores and Sanchez Data Metro Inc.	7742 STATE RTE 45, LISBON  CITY, OH	US
S2-359386290	Vsr [Colege]	1109 , A BLOCK, ASPIRE APARTMENTS, DURGAM CHERUVU ROAD, MADHAPUR, HYDERABAD, Telangana	India
S2-467345981	HERMANN, AND RUVALCABA GUERRERO	2294 ROLLING CREEK DR, DECATUR, IL	US
S2-500686325	loque.com	MA, MARSHFIELD, 0109 OLD MAIN STREET	US
S2-37512896	Rainbow Brohers	Delhi, FLAT NO-B3/290, GROUND FLOOR, ROSE APARTMENT, POCKET-B SECTOR-18, NEW DELHI	India
S2-582836550	Urban Náils	33711 Potrero Pkwy, SELIGMAN, AZ	US
S2-321835132	ZELDA'S 8LUE	LLANFAIR RD, MONTGOMERY, AL	US
S2-37772896	Eye Pártners Inc	3402 Richmond Street, APPLETON, WI	US
S2-785881581	Malappuram Iinfrastructures Iinfrastructures Private Limited	APSARA ARCADE, PONNYAKURUSSI, PALAKKAD RAOD, PERINTHALMANNA P. O., MALAPPURAM, Keralam	India
S2-640817527	ABN [FOUNDATION]	BUILDING NO. 04, VADAR VASTI, PAUD ROAD MEGA POLIS S. NO. 441, NEAR SNDT COLLEGE, KOTHRUD, PUNE, Maharashtra	India
S2-350396364	Premier Keystone Pachfic Inc	MA, LYNN, 41 BULFINCH ST	US
S2-817398825	olanosbrands.com	00517 EMERALD AVENUE, KODAK, TN	US
S2-124216034	earnosethroat.com	8ST AVE, BARNESVILLE, MN	US
S2-70934142	Super Retail Private	E-318, NARIMAN POINT, INDORE, Madhya Pradesh	India
S2-392610613	qo suisse llc	IL, ROMEOVILLE CDP, 470 DOLLINGER DR	US
S2-749357955	rotella safe state inc	2216 CONIFER WAY, SACRAMENTO, CA	US
S2-904554697	PACIFIC DYNAMIC FOODS LLC	002107 B OAK TREE VILLA DRIVE, HOPKINSVILLE, KY	US
S2-836231990	American Catalyst	OR, 15001 1/2 HOWARDS MILL RD, MUINO	US
S2-343652434	Vision Modern Health Corp	907. ORCHARD DR, NORTH MANCHESTER, IN	US
S2-869663561	Center Harbor LLC	204 MAPLE STREET, N/A, BIIGFORK, MN	US
S2-409213400	Bansal + S0ns #84782		India
S2-674474128	Cruz Value  Forefront Inc		US
S2-450729034	CHENG AND HEAEIOGTN  HOLDINGS	TN, COLLIERVILLE, 942-944 ROLLING OAKS LN	US
S2-514004063	Urology (Cfdre)	VIRGINIA BEACH CDP, 505. ARAGONA BOULEVARD, VA	US
S2-40333680	Dr MOHIT CONSTRUCTION PVT PVT	FIRST FLFOR, KHIVRAJ COMPLEX III, 480, ANNA SALAI, CHENNAI, CHENNAI, தமிழ்நாடு	India
S2-975942782	MERCHANTILE GET LTD	ASHOKA, S 1055, HIG DUPLEX, SECTOR-9, VASUNDHARA, GHAZIABAD, Uttar Pradesh	India
S2-663105957	Dr Sai  Engineering Centre	NO 15, VALLALAR NAGAR MAIN ROAD CELLI NAGAR, RAJAKILPAKKAM, CHENNAI, தமிழ்நாடு	India
S2-358890213	इंडियन कंसल्टेंट्स प्राइवेट लिमिटेड	T-#14, FF PH-2, OKHLA, INDUSTRIAL AREA, NEW DELHI, Delhi	India
S2-902523306	The Dattilo Safe Restaurant, LLC	808 MITCHELL DRIVE, HUTTO, TX	US
S2-517990422	Shri Shakti Technologies Engineering Private Limited	SCF 68, MODEL TOWN, PHASE - I, BATHINDA, Punjab	India
S2-836107853	Integrated Health	HARRIMAN, 440. 87, NY	US
S2-57809981	Blakey, Degracia and Padden Co.	521 FOUTH ST, PMB 8740, WILMINGTON, NC	US
S2-573190638	Britt Best Willow L.L.C.	16955 TORONTO AVENUE, PMB 1348, PRIOR LAKE, MN	US
S2-361019153	Grace Presbyterian Church Inc	15510D THOMPSON RIDGE DR, CYPRESS, TX	US
S2-734453623	Tamar Dunlap Cross Eastgate Services	112 LEE 403 ROAD, MARIANNA, AR	US
S2-808602491	Diamond Textile Company Ltd	NC, 112 BEAR CREEK LANE, PO BOX 6577, ASHEVILLE	US
S2-132371804	SHI  SHIPPING LLC	LAKE COVENTRY DRIVE, FAUQUIER COUNTY, VA	US
S2-762507400	2120 Second Ave Holdings	4807 DOVER RD, SHIVELY, KY	US
S2-625293813	r0ckycenter.com	NY, 002588 GLASCO TPKE, WOOSTOCK	US
S2-673358974	गुरु बिजनेस प्रा. लि.	KALYAN, SPECTRA B-506 KALYAN SHGL ROAD, THANE, Maharashtra, CASA BELLA GOLD	India
S2-178235417	Ons International-School LLP	KNO-58/66/65, HNO-24-C, S/F, GAUTAM NGR, NEAR FATHER ANGEL SCHOOL, NEW DELHI, दिल्ली	India
S2-309142628	Bay Pbatneagrs Southside Inc	739 HILLVIEW DRIVE, DAYTON TOWN, VA	US
S2-885616831	सुपर फूड्स	RZE-1-19, Delhi, PHASE-I NAZAFGARH, NEW DELHI	India
S2-691747567	Future Systems Sweets Pvt Ltd	#87  C/O MD KHURSHID ALAM, HOUSE NO 018, VILL-BABBALPUR CHHAURAHI, TOLA-BABBALPUR CHHAURAHI PANCH-SHAHPUR KHURD, BLOCK-CHEHRA KALAN, DIST-VAISHALI, KURHANI, बिहार	India
S2-295398795	Price Home Care-Inc	CYPRESS TRAIL LN, FENTON, MO	US
S2-684996088	INTERNAL MEDICINE  CLINIC INCORPORATED	APEX CTY, 706 EDGEWATER RIDGE CT, NC	US
S2-658879468	Saleh, Burgess and Gis Kimco P.C.		US
S2-554643849	First Media Brands (Holdings)	43RD AVE, PHOENIX, AZ	US
S2-938294516	HISTORICAL CENTER	004124 PAW PAW CROSSING, NEW BERN, NC	US
S2-36001120	Letty  Mitchell, DO	1022 FAIRWOOD AVENHE, OH, MARION	US
S2-346589632	Nalanda & Sons Private Ltd	13, FLOOR 3, PLOT 595 D, NARENDRA VILLA, DR BABASAHE AMBEDKAR ROAD, FIVE GARDEN, MATUNGA, MUMBAI, Maharashtra	India
S2-815021964	Mcarthur Aegon of Lowell Incorporated	17235 TAPPER ST, LOWELL, IN	US
S2-309693340	ഡൈനാമിക് ഹോസ്പിറ്റാലിറ്റി ലിമിറ്റഡ്	F/556, MALAPPURAM, MALAPURAM, കേരളം	India
S2-899940862	Lyrray Guaranty Inc.	14 COUMBIA AVE, PMB 8719, OCEAN VIEW, DE	US
S2-557996746	Redstone Traders Private  Limited	4 HARI NIVAS C ROAD CHURCHGATE MUMBAI, MUMBAI, Maharashtra	India
S2-323256453	సూపర్ లాజిస్టిక్స్ ప్రైవేట్ లిమిటెడ్	#725 F.NO.14, తెలంగాణ, KONDAPUR, TRANQUIL TOWERS OPP.MAHINDRA SATYAM, KONDAPUR, HYDERABAD	India
S2-868652736	FLINT PLLC	WICHITA, 431 135ST ST, KS	US
S2-697770884	cozy seafood	517 1/2 BUSTER LN, EUGNE, OR	US
S2-926003794	Cournoyer & Barton  Security	207 PINE STREET, FUQUAY-VARINA, NC	US
S2-11666527	iassociates.com (ID: 74217)	PATNA, PHULWARI, 3RD FLOOR, ASHIANA TOWER, EXHIBITION ROAD, PATNA, PLOT 306 315, Bihar	India
S2-8518609	Prairie Inc. Chemical	16772 LAKESHORE ROAD, CHELAN, WA	US
S2-713695153	STONE & DAMICO ÍNC	2951 PIEDMONT RD, ATL, GA	US
S2-286470872	*** Hashtag Real  (India) LLP	117/396, KANPUR, <NULL>, उत्तर प्रदेश	India
S2-947156719	814-815 SOUTH OWNERS CORP.	21 LOVELACE ROAD, FOREST CITY, NC	US
S2-389438141	ઇન્ટરનેશનલ ફૂડ પ્રાઇવેટ લિમિટેડ	H.NO 6/1919, 3RD FLOOR, OFFICE NO. 302, PRAYOSHA APARTMENT, JADAKHADI, MAHIDHARP, URA, SURAT, Gujarat	India
S2-688669994	Chimera India	C-00608 BACHRAJ LANDMARK, A-L3 GLOBAL CITY VIRAR(W), VASAI, Maharashtra	India
S2-827771870	Mclendon LLC Center	7B DERRY PARK DRIVE, MIDDLEBOROUGH, MA	US
S2-63671537	CERTIFIED SUPERIOR MUNIHOLDINGS	100 OLD STNE WAY, WEYMOUTH, MA	US
S2-486599184	COASTAL PROGRAM CORPORATION	002 SORRELL RIDGE DRIVE, PELHAM, AL	US
S2-276773072	YG  Cin	12000. DUCKBILL DR, VA, N/A, MIDLOTHIAN	US
S2-360146822	pediatric value care [llc]	NC, BURLINGTON, 1362 1/2 SALTERS STREET	US
S2-465649082	Creary Certified Safeguard Southside Ltd	#8933 ASHLEY TER, MINNEAPOLIS, MN	US
S2-124113712	1716 Fifth Ave Properties Co	1525 GREEN HILL RD, WORCESTER TOWNSHIP, PA	US
S2-562499816	Sks Buildcon  Private	1-8-702/35, SCIT NO.502/C WINDSOR PLAZA, NEW NALLAKUNTA, HYDERABAD, తెలంగాణ	India
S2-380698840	गोल्ड कंसल्टिंग एजेंसीज एलएलपी	TONK PHATAK, Rajasthan, DOOR NO #33 ADARSH BASTI, JAIPUR	India
S2-56093979	Dental Modern Medicine Ltd	1617  MONROE, HARTFORD CITY, IN	US
S2-796602458	Soler, Violette, D.C. Inc	61-32 228 STREET, OAKLAND GARDENS CITY, NY	US
S2-473627696	Hall, Brock and Gomez Llc	105 WRIGLEY FIELD DRIVE, BETHALTO, IL	US
S2-212184086	FOSTER KEYSTONE (LENDING)	6658-D PALMER RD, ETNA, OH	US
S2-935147372	Frontier Partnership Partners	1910 HUMANKIND WAY, N/A, LYNCHBURG, VA	US
S2-737794148	Harm0nia Runyan,-MD LP	9047 SEQUOIA DRIVE, NULL, PEORIA, AZ	US
S2-892796309	Kaushal Foods	HOUSE NO 45, FLOOR GROUND, BLOCK G, KIRTI NAGAR, DELHI, NEW DELHI, <NULL>, Delhi	India
S2-374054263	48 HOUR (CENTER)	21311 TREBUCHET DR, KINGWOOD, TX	US
S2-737478948	Annetta's-Brokerage	1121 Ackley Street, AKRON, OH	US
S2-986420260	Nodyne	45  ASHINGTON LN, NASHVILLE, TN	US
S2-779770997	Potter Bce [LLC]	22 KENSINGTON RD, PUTNAM LAKE, NY	US
S2-625797360	Arts Ministries  P.C.	5790 HUGHES RD, GALENA, OH	US
S2-464515122	Eastern  Ventures Private Limited	249K, KOINDI GONSAI PATTI, BRAHMA STHAN, TARAYA ROAD, TAMAKUHI RAJ, TAMAKUHI, KUSHINAGAR, Uttar Pradesh	India
S2-548486958	SAUCEDASOLIS.COM	145 RIVER BIRCH GROVE ROAD, ASHEVILLE, NC	US
S2-397100793	S.A.S.Nagar (Mrhamalch) Devi Private Limited	5THFLOOR, 547 MODERN TOWER, PHASE 8A IND. AREA SEC-75, S.A.S.NAGAR (MOHALI), Punjab	India
S2-928844504	GREEN CARGO ENTERPRISES INCORPORATED	2458 HIGHVIEW DRIVE, DES MOOINES, IA	US
S2-263520500	DAWSON BUILDERS OVERSEAS PVT.	B/A-57A, PAWAN NAGAR, SHUKLA COMPOUND, SV ROAD, DAHISAR EAST, NEAR GAS GODOWN, MUMBAI, Maharashtra	India
S2-569021426	Jenkins Wico LLC	VANCOUVER, WA, 5808 120TH STREET	US
S2-350660125	M/s Shree Solutions Ltd		India
S2-322053301	Melody Sciences Private Ltd	##5/588, VIKAS KHAND, LUCKNOW, Uttar Pradesh	India
S2-150646254	City Of Delafield Family Unified Network	222 MUIR VALLEY RD, null, CITY OF DELAFIELD, WI	US
S2-426071437	LAURALEE H WAY, DMD	1602 CORRAL DR, HICKORY, NC	US
S2-779807793	DEVELOPERS REAL FASHIONS PRIVATE LIMITED	FLAT NO 5 NO 25 VANTAGE SHOREPAARI STREET KALAKSHETRA COLONY, BESANT NAGAR CHENNAI, Tamil Nadu	India
S2-527861483	Urgent Care  Reliable Group Care	AMARILLO, 5400 GRANADA DR, TX	US
S2-277677988	BRIDIE JÓRDAN CONTINENTAL COMSTOCK LLC	2422 ADIRONDACK TRL, KETTERING, OH	US
S2-182342299	AD Farms Private		India
S2-391677712	शिव एक्सपोर्ट्स प्रा. लि.	H. NO-B3/1262, S/F, JANTA FLAT, GTB ENCLAVE NAND NAGRI BEHIND RAJIV GANDHI HOSPITAL, DELHI, EAST DELHI, Delhi	India
S2-381171689	THE MASLANKA ISHARES INC	10948 COYOTE RUN LN, BRIGHTON, UT	US
S2-230903999	VALUE SUN CORP	11492 INDIAN HILLS PLACE, WALDORF, MD	US
S2-295465603	cs ma private limited	HN 252 EE-21/26, SEC-II, SALTLAKE, SALTLAKE, পশ্চিমবঙ্গ	India
S2-959641644	Dr Deccan Around Pvt Limited	BLOCK-C, GROUND FLOORKRANTHI SHIKARA COMPLEX SOMAJIGUDA, Telangana	India
S2-220942785	Ashok Nagar Constructions Private Limited	NO 9-0 C/O RAMSINGH RAGHUWANSHI P.O PACHEADAI KHEDA, ASHOK NAGAR, DANGORA, ASHOK NAGAR, Madhya Pradesh	India
S2-652701541	जय इंफोटेक प्राइवेट लिमिटेड	#13 SUMIT APARTMENTS31 A CARMICHAEL ROAD, BOMBAY, MUMBAI, महाराष्ट्र	India
S2-989202181	Jeanbaptiste Medical Ltd	1359 NORTHGATE SQUARE, RESTON, VA	US
S2-185420840	The  Dent Nails	7711 OWENS DRIVE, PMB 6846, NEWBURGH CITY, IN	US
S2-857088104	Stafani Roman, DMD Corporation | www.stafaniro.com	42116 45TH GLEN, PHOENIX, AZ	US
S2-447423344	Montoya Assets Co	12707 SUNRNSE DR, NOBLESVILLE, IN	US
S2-231798191	Jewell Cápital Inc.	2050-2054 146, VIENNA, IL	US
S2-195231129	BITTING  INC CENTER		US
S2-673551690	THE GALINDO GREEN STIFEL INC	BRUSHFORK ROAD, BLUEFIELD, WV	US
S2-10429908	Freddy  Cummings	5922. TERRAPIN PL, FAIRFAX COUNTY, VA	US
S2-391425910	Sai Sales Sales Private Ltd	#9/11. , K.M.NAGAR, AYOTHIYAPATTANAM, SALEM, Tamil Nadu	India
S2-38810805	5-Stár	1601 LONDON RD, DULTH, MN	US
S2-691957051	Laxmi Consultancy Private (Limited)	4/103, LORD SHIVA PARADISE, CHOTTA MHASOBA, KALYAN WEST, THANE, Maharashtra	India
S2-533574928	Trusted Simi LLC LLC	CARMEL, 166 CARMEL DR, IN	US
S2-942242671	seplinstitutetechnology.com	B-0045 HARYHUR SOCIETY VILLAGE KHAMBHAT TALUKA KHAMBHAT DISTRICT ANAND, KHAMBHAT, ગુજરાત	India
S2-235324443	Sudershan & Brothers Ltd.	AASHREYA 7-1-34 F N AMEERPET, HYDERABAD, Telangana	India
S2-37824669	Gevue Grand Electricity Care Inc	#8720 RIO GRANDE BLVD, ALBUQUERQUE, NM	US
S2-292906434	Pioneer Summit China Llc	1241- WALNUT STREET, HILLSBORO, OR	US
S2-670979468	M/s Malabar Trust Ltd	NO 201 3RD MAIN 2ND CROSS, DCM TOWNSHIP, DAVANAGERE, ಕರ್ನಾಟಕ	India
S2-267465831	Mumbai Holdings Overseas LLP	B/22, AALISHAN BUILING, OPP. HIMALAYA SCHOOL, OFF RAM BAUG LANE, BORIVALI (WEST), MUMBAI, Maharashtra	India
S2-425134465	Bonilla & Parker, Incorporated	516 DEAN ROAD, GREENVILLE, KY	US
S2-981900516	Chiropractic  Specialists Clinic	78 CHELSEA ROAD, NY, GARDEN CITY	US
S2-226260384	FORD LEGACY	BLOOMINGTON, IN, 8597 ROCKEAST RD	US
S2-873479366	XO  Jones L.L.C.	015547 COTTAGE GROVE AVENUE, DOLTON, IL	US
S2-396085677	ग्रीन इंफ्रा प्राइवेट लिमिटेड	HN 534 BHAIYASAHEB AMBEDKAR NAAG, KALYAN, THANE, Maharashtra	India
S2-737533548	Continental Blúe Spire LLC	2271 SNULEY LN, MO, CHESTERFIELD	US
S2-862505925	ferreiramagallanes.com	SHERWOOD DRIVE, MIDDLETOWN, NY	US
S2-328524955	Padmavati Center	H.NO 024 NETAJI SUBHAS ROAD 4TH FLOOR, ROOM NO.33, KOLKATA, West Bengal	India
S2-588964484	PE FINCON PVT.	33/21, DOOR NO.1A, SINDHUR PRESTIGE POINT, 1ST MAIN ROAD, KASTURIBAI NAGAR, ADYAR, CHENNAI, Tamil Nadu	India
S2-334891097	5-Cocrners LLC	227-229 HEMPSTEAD COURT, GALLTAIN, TN	US
S2-885379428	Pvt Pr (India) Hándicrafts Ltd	BLOCK D-491 PLOT NO- 5D/1411, SECTOR-10 CDA, MARKAT NAGAR, CUTTACK, Odisha	India
S2-317194963	Sri Simtech (India) Healthcare Private Ltd	West Bengal, B3/3/1, SARAT SARANI KAIPUKUR, AKRAMPUR, HABRA, NORTHTWENTYFOURPARGANAS	India
S2-940155859	zhacquisition.com	FIRST PL, FEDERLA WAY, WA	US
S2-751285522	Sunrise Tehonloggdes Private Limited	15, W453+96F, PEERKANKARA, TAMBARAM, CHENNAI, TAMBARAM, Tamil Nadu	India
S2-182877375	Heart Ferathon LLC	8542 YUCCA BLOSBOM CIR, GOLD CANYON, AZ	US
S2-120954051	Medina Ábrdn	HILDRETH STREET, DRACUT, MA	US
S2-303863817	Durocher, Rafferty & Kerwin Partners	632 TENTH STREET, MINOT, ND	US
S2-266712959	TR FOUNDATIONS PRIVATE LTD	BUNGALOW NO. 9, GOLDEN BEACH CO - OP HOUSING SOCIETY LIMITED, RUIA PARK, J M MARG, JUHU, Maharashtra	India
S2-999765761	dáirykhurda.com #66318	PLOT NO-211/447 AT- SRI BIHAR, KHURDA, KHORDHA, ଓଡ଼ିଶା	India
S2-300735556	Back Alley Massage (LLC)	16069 Sitting Bull Street, VICTORVILLE, CA	US
S2-345460022	Producer Agrim (india) Pvt	SHOP B-D/6 PUSHPA PLAZA, GORAKHPUR, JABALPUR, मध्य प्रदेश	India
S2-604227852	Global  Center	##20056 Mayes Meadow Dr, HUNTERRSVILLE TOWNSHIP, NC	US
S2-420928116	oncology specialists	005636 OLD HICKORY BOULEVARD, HERMITAGE, TN	US
S2-826779599	Northern Custom (East,)		US
S2-417064439	UUR International Private Limited	###314 A-503, FLOOR-5, PLOT-43, SIDDHIVINAYAK APARTMENT, MUMBAI, महाराष्ट्र	India
S2-256023643	Syrus Logistics  Private Limited	9S, THE RUBY, 29 SENAPATI BAPAT MARG DADAR (WEST), MUMBAI, Maharashtra	India
S2-417154490	llp cordial & associates	NO 26 A 006, SAHAYOG CHS LTD., OPP. SAKINAKA POLICE STATION, CHANDIVALI, POWAI, MUMBAI, Maharashtra	India
S2-530688053	Pettus  Baston Colonial Ampercap LLC	403 BROWN LN, null, BOAZ, AL	US
S2-586815125	DAWA BAZAAR RNT MARG PROJECT PRIVATE LIMITED	124, THIRD FLOOR, DAWA BAZAAR R.N.T. MARG, मध्य प्रदेश	India
S2-135902629	एपेक्स फाउंडेशन लिमिटेड	C-5, CHEMICAL ZONE, M.I.D.C.KALYAN BADLAPUR ROAD, AMERNATH (WEST), MUMBAI, Maharashtra	India
S2-606395564	Good Desert Aldel Llc	510C HUMES AVE, HUNTSVILLE, AL	US
S2-603457728	Inc Cooperative Electronics Services Central	126 Green Corners Rd, GLENVILLE, NY	US
S2-664441991	Group Py0metn Alliance Vanguard	29 MAPLE STREET, SOUTH HADLEY, MA	US
S2-190076068	2528 Union Holdings St	3530 54ND ST, DES MOINES, IA	US
S2-629417008	Cram and Rowan, Inc. Center	IL, #25860 WELDONS ROAD, CANTON	US
S2-498848131	Thomas, Lopez and Jones Partners	1382 HALLUM RD, ENGLAND, AR	US
S2-982855897	Kaizer Infratech Private	Delhi, E-518-, 2ND FLOOR, KOCCHAR PLAZA RAMPHAL CHOWK, SECTOR-7, DWARKA, NEW DELHI	India
S2-601999992	Page's Law Group Associates	184 BARONETS DR, WESTMINSTER, MD	US
S2-571846710	TAPARIA FODO CORPORATION	78-A/5, DILSHAD GARDEN, Delhi	India
S2-756291636	AP Harbor Harbor Bank LP	7090 MAGNOLIA AVE, SAN BERNARDINO, CA	US
S2-856923630	COZY COZY CAFE! GROUP	220 LAKEVIEW CIRCLE, CROPWELL, AL	US
S2-829509895	YOUNG & MINER METAL WORKS EAST INC	6936 69TH CIR, ALBERTVILLE, MN	US
S2-657508526	ब्राइट टेक्नोलॉजीज लिमिटेड	SHOP NO 122 FIRST FLOOR, GOPAL ARCADE CHERITAL, JABALPUR, Madhya Pradesh	India
S2-76851269	Sarasavi  Limited Partners	#47 2ND STREET, DHENUGAMBAL NAGAR, TAMBARAM, Tamil Nadu	India
S2-839291255	Breena Mccumber Andretti Ltd	552A STONE VALLEY PARKWAY, COULMBIA, MO	US
S2-653613388	Dido Johnson Affiliated	0012 MEETING HOUSE LN, null, SCITUATE, MA	US
S2-223310785	MARR'S BEACON SPECIALISTS	##2235 BLUFF BLVD, COULMBIA, MO	US
S2-210381624	techfoods.com	15, F.P.396, FARIAWALA, ESTATE, OPP. HOTEL AVTAR, AHMADABAD CITY, Gujarat	India
S2-147157224	Total Indonesia	207 23RD ST, WI, LA CROSSE	US
S2-539686210	Lyryn Biotech Llc	SHORE DR, SMITHFIELD, ME	US
S2-324934680	MAURIZIA BARBER CÚSTOM TEXTILES INC	DEPOSIT, NY, 1 FINEOUT RD	US
S2-154978919	கிரியேட்டிவ் இன்டர்நேஷனல் லிமிடெட்	NO 12 A1 AMBAI ROAD 4TH SANTHU ALANGULAM, TIRUNELVELI, தமிழ்நாடு	India
S2-911917753	One Invbestment  Private Limited	#66 VAISHNODEVI IDEAL HOME VANAKLA, SURAT, Gujarat	India
S2-464526467	Urology Advanced Partners Inc.	1595 Honeysuckle Lane, CHANDLER, AZ	US
S2-818831999	Alison Monroe Photonics	537 CASCADA ST, EL PASO COUNTY, TX	US
S2-516255656	South సిస్టమ్స్ ప్రైవేట్ లిమిటెడ్	1494 , SRINIDHI-2, GHATKESAR, Telangana	India
S2-989169299	Physical Therapy Gróup	AZ, 9854 SEISMIC AVE, MESA	US
S2-775931892	ALLEN  PRIME	4709 SAHURST AVE, EVERETT, WA	US
S2-682899308	Dr Runway Bags Holdings Private Limited	Maharashtra, C/O YOGESH PRATAP JAGTAP SNO 147/8, BESIDE CHANDRAFUL GARDEN WADMUKHWADI HAVELI PUNE, KHED	India
S2-914320538	RE Electric LLC	MA, LOWELL, CLIFTON ST	US
S2-132408883	Nodyne	BRENTWOOD, 45  ASHINGTON LN, TN	US
S2-299145847	Data Transit	452 SORRELL GLEN CT, SPRING, TX	US
S2-779318960	professional payment dynamics ltd	1115 LIPAN APACHE RUN, BLANCO, TX	US
S2-573726039	SAMPATI & CO	HOUSE NO 922, KHASRA NO 177 GROUND FLOOR NEAR SHIV MANDIR VILLAGE JAUNTI, DELHI, Delhi	India
S2-712555876	Delany Fresh Catalyst [Co]	409 HI CIRCLE NORTH, HORSESHOEBAY, TX	US
S2-402560168	Primary Care Silver	1014 18TH ST, VIENNA, WV	US
S2-858660470	Perfect Private Limited  Center	A/7, TRADE WORLD, KAMALA CITY, SENAPATI BAPAT MARG LOWER PAREL (W), MUMBAI, Maharashtra	India
S2-311036883	Woods Oceanhawk	703 OKESA ROAD, PAWHUSKA, OK	US
S2-524051596	CASTILLO STHARD LLC	1564-1568 GULF ST, UNIONTOWN, OH	US
S2-129646774	Prairie Couture Partners LLC	1551 SOUTHWOOD DR, LIMA, OH	US
S2-148943822	North Strabane Township Midwest Precision Partners Corp	#232 DICIO STREET, NORTH STRABANE TOWNSHIP, PA	US
S2-466364189	Riley, Audry, D.C. Co	00800 A COLEMAN ST, HOBBS, NM	US
S2-700891539	Sibylla's Cascade Media	##111 WOLCOTT AVE, NEWPORT EAST, RI	US
S2-222503340	VEGA HIGHLAND MANULIFE INC	1015 OMNI DRIVE, SALT LAKE CITY, UT	US
S2-264577123	Swastik Healthcare	SUJAY HOUSE, PLOT NO. E21-22, NEAR NISARG MANGAL KARYALAY, PUNE CITY, महाराष्ट्र	India
S2-408994894	Mackinnon Continetnal Navios Associates	418 BUCK JONES ROAD, RALEIGH, NC	US
S2-860236331	Rohrer, Foster and  Mercado Co	3733 GALVEZ AVE, null, FT WORH, TX	US
S2-51425765	एस श्री कंस्ट्रक्शंस लिमिटेड	ALIGARH, #70 C/O-SHUSHILA DEVI, ALIGARH, उत्तर प्रदेश	India
S2-456384613	Thrissur  International	601/5, SREE ARAVINDAM, LAW COLLEGE ROAD, THRISSUR, Kerala	India
S2-578439862	Inc Carbonneau Interests	01153 145ST ST, CLEVELAND, OH	US
S2-820674042	Hari Properties Priamte Limited	HARI GANGA BLDG. NO. A1, FL NO. 201, S. NO. 129, H. NO. 1, YERWADA, PUNE, Maharashtra	India
S2-593468467	गुड इंडस्ट्रीज	130 VRINDAVAN MUKAND STAFF, COL L B SHASTRI MARG GHATKOPA NEAR PIPE LINE, MUMBAI, Maharashtra	India
S2-964299817	Lucky Barbershop  Corp	10022 1/2 DRAWBRIDGE DR, NC, CHARLOTTE	US
S2-455871992	Shiv Esthrprisses Private Limited	C/O.TEJA SEEDS AND PESTICIDES, CHURCH COMPLEX, MAIN ROMD, RENTACHINTALA, Andhra Pradesh	India
S2-794405049	SHARLA WIGGERS EQV LLC	5105 BODIE LANE, GREENSBORO, NC	US
S2-287927663	Marley-Pro		US
S2-431607567	STRAND RAPID	251 LOOKOUT LN, PMB 1171, PATAKSALA, OH	US
S2-962600135	Rcd Technologies LLP	SHOP NO. #33 , FIRST FLOOR, PARTH SHOPS & FLATS OPP. RAMBAUG POLICE STATION, MANINAGAR, AHMEDABAD, Gujarat	India
S2-947950779	>> KIRBIE'S CREATIVE CENTER	#17200 BELL RD, SURPRISE, AZ	US
S2-331742995	Y U & F Rocky  LLC	SHARON, SHILLINGLAW ROAD, SC	US
S2-692080305	Bay LLC Rio	17430 KODIAK AVENUE, LAKEVILLE, MN	US
S2-839706772	ernesta pearce, o.d., pc	430 WASATCH BOULEVARD, COTTONWOOD HEIGHTS, UT	US
S2-438588156	TECHNOLOGIES GRAND  SERVICES-HANAMKONDA PRIVATE LIMITED	24-7-225/13/7, ROAD NO 3 PRAGATHI NAGAR II NEAR NIT, HANAMKONDA, Telangana	India
S2-711064938	APEX INFRASTRUCTURE (SOLUTIONS)	1830 MERCED AVE, PO BOX 8408, MERCED, CA	US
S2-304546241	Pena Value Ashford LLC	102 HICKORY LAKE DRIVE, BUCHANAN, TN	US
S2-379778246	MADERA NETWORKS	1683  CLINE FARM ROAD, LINCOLNTON, NC	US
S2-142708346	Venevue PLLC Johnson	411 ANNABEDG LANE, MONROE, NC	US
S2-504984379	Shri Mitti (India) India-Group	PLOT 6 HOUSE NO. E-35 & 34, (F.F) KH. NO. 75/24 AMAR COLONY, NANGLOI NEW DELHI, NEW DELHI, दिल्ली	India
S2-551067196	Keyes &  Rmicases Hydro	1436 MILLDALE ROAD, PORTSMOUTH, OH	US
S2-7470083	#horizon	106-108 HAMPTON VISTA DRIVE, BROOKHAVEN, NY	US
S2-997756846	Harbor Féderation	511 CEDAR SHREET, OTTAWA, KS	US
S2-717474546	Manav Tráding Private Limited	31 SHAKESPEARE SARANI ( JASMINE TOWER ), 6TH FLOOR, ROOM NO. 611, KOLKATA, West Bengal	India
S2-694542887	Macomber Preparatory Academy LLC Harbor	3343 WESTMORELAND DR, ROANOKE, VA	US
S2-884550699	Inc. Clyan Consoidated	302 BISHOPS FOREST DR, WALTHAAM, MA	US
S2-860941005	Arts Socliey	205 OLD SCHOOL HOUSE LANE, TENNESSEE RIDGE, TN	US
S2-295608754	Gonzalez PC Service	200 FIRESTONE DRIVE, OH, DELAWARE	US
S2-512711761	Pvt Jagdish Global Ltd	PLOT NO.1, ANJAR, KACHCHH, Gujarat	India
S2-698494586	Jacob L.L.C. Center	1506 DANNY DRIVE, JONESBORO, AR	US
S2-842202554	Bertha's  Gulf Pub Inc	023410 CANNON CREEK TRAIL, TOBALL CITY, TX	US
S2-68644956	Gomez & Stret Maintenance LLC	NC, 3125 GASTON WEBBS CHAPEL RD, LINCOLNTON	US
S2-248915369	Tech Services Pvt. Limited	PLOT 72 C/O GIRDHARLAL RAMJIBHAI SATYANARAYAN JIN, DHOLKA, Gujarat	India
S2-462510815	... SAKHI WELFARE SERVICES	#8-2-5 TO 12, RAVULA RESIDENCY SRINAGAR COLONY, PUNJAGUTTA, HYDERABAD, Telangana	India
S2-298730959	Waxhaw, Village Of Ltd	8524 VIKING DRIVE, WAXHAW, NC	US
S2-222851568	श्री इन्वेस्टमेंट एलएलपी	SA B3/7/79-S, BENIPUR POKHRA, JAUNPUR, VARANASI, Uttar Pradesh	India
S2-51395753	LIMITED EAST LOGlSTICS TRADING PRIVATE	#861 OFFCIE NO.3 & 8, 1ST FLOOR, BUILDING 24, SHASTRI NAGAR, VAIBHAV CHS, GOREGAON WES, T, MUMBAI CITY, MUMBAI, महाराष्ट्र	India
S2-232996960	CLAYTON DÓMINION	10703 BIG OAKS CT, SPOTSYLVANIA, VA	US
S2-194034279	Primary Care-Center of Staten Island Inc	##130 HUNTER AVE, STATEN ISLAND, NY	US
S2-212267629	Nira Inrustties Group Limited	H.NO 271 93/9, VARTHUR MAIN ROAD, MUNNEKOLALU, MARATHAHALLI, BANGALORE NORTH, Karnataka	India
S2-243592194	Facilities Educational Society Limited	327/3, PREM NAGAR, GURUGRAM, Haryana	India
S2-751865147	Burns LLC Thayer  and	5227 24RD ST, PHOENIX, AZ	US
S2-230156238	गुड बिजनेस स्टोर्स प्राइवेट लिमिटेड	SR. NO.#299, SOP NO.3, SAI ORNATE GALAXY APT OPP. SAI ENCLAVE, TIVRI ROA JUCHANDRA, VASAI EAST, VASAI, THANE, Maharashtra	India
S2-626438104	Granite Kmiag Inc	5700 LORD GRANVILLE WAY, ROLESVILLE, NC	US
S2-166138213	Department of Environmental Protection	11048 35TH STREET, <NULL>, KENE TOWNSHIP, ND	US
S2-101357484	Private Swift Agro [Limited]	E-103, LUCKNOW, TRANSPORT NAGAR KANPUR ROAD, Uttar Pradesh	India
S2-775908257	Tech Welfare	SCO-150 FF, VILL. MADANPUR PHASE-2, MOHALI, Punjab	India
S2-764286034	Cross Endocrinology Endocrinology Inc	17820 1/2 State Line Rd, LNSING CITY, IL	US
S2-232504425	35/70  CONVERTIBLE	NC, 921B WASHINGTON ST, RALEIGH	US
S2-359999327	Wichita Regi0nal Certified Association	535-D 27TH ST, WICHITA, KS	US
S2-223136992	Interstate Coalition	4748 DUBLIN-GRANVILLE RD, COLUMBUS, OH	US
S2-924049863	M/s Dsm College Co	H.NO 390-A DEEPAM COMPLEX MAIN ROADSATTUR - 626 203. SATTUR - 626 203., SATTUR - 626 203., Tamil Nadu	India
S2-141350755	uptowndeli.com	DAVIS CEMETERY RD, WYTHVILLE, VA	US
S2-957576279	Clementina's Iron Works Corporation	900 ORCHARD ST, MUNDELEN, IL	US
S2-856148588	All-Atlantic Crítical Corp #95281	2406 AUSTIN LN, MOUNT VERNON, WA	US
S2-790831441	Whicker Hawaii Llc	30 PITT STREET, <NULL>, CANONSBURG BOROUGH, PA	US
S2-429438044	Corona Sofrtwacer Private (Limited)	67B, GOPAL MANSION CHSL, GURUNANAK ROAD, MUMBAI, Maharashtra	India
S2-503908074	SKYWALK ÍMPEX PRIVATE LIMITED	H.NO 730 C/O SH.VEER SINGH, BASAI, NOIDA SEC-70, NEAR M-BLOCK, NOIDA, उत्तर प्रदेश	India
S2-69854634	Olanade Rare Ínc	4024 DUNHAVEN RD, DALLAS, TX	US
S2-928982629	BRINK RETURN	1949  212TH LANE, BUCKEYE, AZ	US
S2-729487289	Continental Management Downtown LLC	3439  NINTH ST, WASHINGTON, DC	US
S2-408831827	Flores (Automotive)	1358 72nd Place, CHICAGO, IL	US
S2-45167205	Kolkata Software Group Limited [Service]	#40 A NILMONI MITRA STREET, KOLKATA, West Bengal	India
S2-597884393	MODERN PRIVATE LIMITED SERVICES	15/802, 803 EVERSHINE MILLENIUM PARADISE, THAKUR VILLAGE KANDIVALI (EAST), Maharashtra	India
S2-190485715	LLC ORTHOPEDIC RIDGE CARE ASSOCIATES	0135 LAKESIDE HILLS, BOYDTON, VA	US
S2-581061201	Solis + Sauceda	145 River Birch Grove Road, ASHEVILLE, NC	US
S2-316832981	HARBOR  DIRECT PROEM	CEDAR RAPIDS, IA, 1334  10TH ST NORTHWEST	US
S2-759948613	Community Chiropractic	KY, OLD UNION CHURCH RD, LONDON	US
S2-507750810	Surat City Pharmaceutical Private Limited	H.NO 12/837 GR. FLOOR, BHAVNAGRI SHERI, SURAT CITY, Gujarat	India
S2-39179510	LU Desert	204 RIVOR BLUFFS DRIVE, NEW BERN, NC	US
S2-252954034	Unity Solutions  Limited	C 304, IN PARAM SARASWATI NAGAR, GANESHPUR, BELFAUM, ಕರ್ನಾಟಕ	India
S2-106887901	Vd Educational Society Infratech	C/O ABHAYSINHA GAIKWAD H/NO-2/30 SAWARKAR CHOUK, OSMANABAD, महाराष्ट्र	India
S2-156292318	Giron Rapid Grill (LLC)	73 HAWKS NEST DR, MORGANTOWN TOWNSHIP, WV	US
S2-274183390	INTEGRATED BAY  GENERATING INC	4621 NEWCASTLE DR, TYLER, TX	US
S2-682454810	शिवा प्रोडक्ट्स ट्रेडर्स प्राइवेट लिमिटेड	E-2/446, LUCKNOW, Uttar Pradesh	India
S2-9112349	Corp. Walp, Martin and Smith	6621 WHITE GATE CT, MARION TWP, IA	US
S2-835774936	शिवम इंडस्ट्रीज टेक्नोलॉजीज प्राइवेट लिमिटेड	NO 3 H/O-MANOJ KUMAR, NEAZIPUR, KUJAP, GAYA TOWN C.D.BLOCK, GAYA, Bihar	India
S2-747843396	St. Emanuel Inc.	1970 COUTNY ROAD 208, HALLETTSVILLE, TX	US
S2-22478614	Pediatric Dental LLC Center	16940 HODGENS RD, HEAVENER, OK	US
S2-781180829	Express Dealng Wórks LLC	CITY OF HOLLADAY, 2741- JUNIPER WAY, UT	US
S2-770384568	A Príme Tailwind Inc	320 10TH ST, BLOOMINGTON, IN	US
S2-360711593	Dr Naveen Company Services	T-HUB, CATALYST BUILDING, GACHIBOWLI INTERNATIONAL INSTITUTE OF INFORMATION T, ECHNOLOGY, HYDERABAD, null, Telangana	India
S2-26777433	स्टार सर्विसेज प्राइवेट लिमिटेड	Maharashtra, MUMBAI, BLOCK D-632 B-1103, O2 COMMERCIAL BUILDING, PLOT NO. 23-24, NEAR MINERVA INDUSTRIAL ESTATE, MULUND (WEST)	India
S2-986148982	Back Alley	101 PEARL ST, ALBANY, NY	US
S2-167075472	NOVELIA W. MADIINEEZ, DMD, P.C.	361 TUMBLERS WAY, JOPPA, MD	US
S2-564251722	ആദിത്യ സുപ്രീം ട്രേഡിംഗ് ജനറൽ പ്രൈവറ്റ് ലിമിറ്റഡ്	XVI/725, SULTHANBATHERY, WAYANAD, Kerala	India
S2-422873707	big cleaning service llc	VIOLA LANE, GAMBRILLS, MD	US
S2-980183115	Cornerstone Príme [Freight]	851-C 200, LOGAN, UT	US
S2-861252266	Legacy Rcbotrcs Technologies LLC LLC	PINE BLUFF, 3005 TAYLOR DRIVE, AR	US
S2-326924360	JONES AND GILMORE BRIDGE INC.	5108 WHISPER DRIVE, COLUMBIA, MO	US
S2-873125042	LLP MAS AVIATION	Delhi, CENTRAL DELHI, #2657. GANDHI MOTOR MARKETKASHMERRE GATE, NEW DELHI	India
S2-143641149	FAMILY SERVICES [LP]	GALLIPOLIS, LEWIS RD, OH	US
S2-177932003	East Copmllet Clough (Downtown)	1415. 123RD STREET, VANOUVER, WA	US
S2-207294263	INC DYNAMIC TRUSTED SOFTWARE	BROADMOOR DR, CITY OF EL PASO, TX	US
S2-410752161	Platinum Cargo Ventures		US
S2-19975235	butech.com	23 1/2 CHEEVER ST, PMB 2803, WORCESTER, MA	US
S2-344475062	Fashion  Construction Pvt	BLOCK B-70 10015420/163/3/1, YOGI KRUPA KALAK ROAD, JAMBUSAR, ગુજરાત	India
S2-780578205	North Crystal Rare Clinic Córporation	SAINT LOUIS, MO, 719 WSTGATE AVE	US
S2-136741591	SHANDA CHRISTOFF DO PC	0015508 69TH STREET, SNOHOMISH, WA	US
S2-260026808	DO CATHEE, HURLEY,	STAMFORD, 25 CEDAR CIR, CT	US
S2-597130930	गुरु मैनेजमेंट	S-58A, NEWDELHI, SOUTH WEST DELHI, Delhi	India
S2-776550644	LIMITED VISTAAR PRIVATE SERVICES	HN 289 I / 402, SAVLI, VADODARA, ગુજરાત	India
S2-187704139	8001.com	YUMA, AZ, 11553 34TH PL	US
S2-961949166	Amaravati Acadeym	NO 109 D-301 SECTOR-7 SUNCITY, S.P. RING ROAD, DASKROI, Gujarat	India
S2-89697148	Brandt's Works Metal First	1521 36th St, MD, BALTIMORE	US
S2-767717897	Austin Jose Smart Áxiom Group	1005. ANN ST, ROCKINGHAM CITY, NC	US
S2-245581364	Allied Design Worldwide L.L.C.	166 GOODSPEED AVE, MEIDEN TOWNSHIP, CT	US
S2-479143515	corporate beacon delta	1130 Palmer Lee Lane, OPELIKA CITY, AL	US
S2-921154210	Dr Splice Technologies Center	KHATA NO58/119&58/216, PLOT NO 187/459&188, LAHUNIARA, Odisha	India
S2-685883662	INTEGRATED  TOP	1844 7TH ST, BLOOMINGTON, CA	US
S2-156701721	Wright Pineapple	DALEVILLE, 14201 DALEVILLE ROAD, IN	US
S2-934015676	VERRON FRÁNKLIN, LLC	358 FALAISE DRIVE, SAINT LOUIS, MO	US
S2-505626994	Pierson Textiles  LLC		US
S2-746582059	India Ltd. Tiles  Pvt. Srinivasa	DOOR NO 223 BLDG NO. 5 ROOM NO. 15, BMC COLONY, SHIVAJI NAGAR, KHERWADI, BANDRA (E), MUMBAI, <NULL>, Maharashtra	India
S2-146678608	JANKOWSKI, MUN + MASDEN INC	1866 CELESTE CIRCLE, YOUNGSTOWN, OH	US
S2-986233814	HIGHLAND  ALLIANCE	1116 1/2 COMMONWEALTH AVENUE, BROOKLNE, MA	US
S2-528509816	Mare Platinum Solution Care	3879 305ND PLACE, AUBURN, WA	US
S2-177139019	Yash Infracon	S.NO.72/1A, KRUSHNAI VIHAR, SHOP NO.2 PIMPLE GURAV, PUNE, Maharashtra	India
S2-297298222	Falls Pacific Dynamix, Ínc	11620 SEDONA AVE, YUMA MARINE CORPS AIR STATN, AZ	US
S2-221123001	Gonzalez's Fitness	1017 Monkhouse Drive, PORT BOLIVAR, TX	US
S2-496272333	Arlee Russo-Ace Deli	3069 AADLAND AVE, BUFFALO, MN	US
S2-118332191	WESTERN CARDIOLOGY [LP]	1438 BANNOCK COURT, PMB 8281, BARTLETT, IL	US
S2-277741630	-- Nuance Celihnr LLP	QTR NO- V/A-1, CUTTACK, Odisha, CUTTACK	India
S2-496380591	P 6 O Communities [LLC]	08 MANHASSET RD, CHARLOTTE, NC	US
S2-457520236	Bernstein Csna Clearthink LLC	2003 SEKOLA DRIVE, PMB 8564, SPRING, TX	US
S2-783945280	Family  Interged Medicine	##17 LONDON ROAD, KIMBERLING CITY, MO	US
S2-833435510	શિવા ટેક્નોલોજી પ્રાઇવેટ લિમિટેડ	PTOT 488/2 BEHIND GAYATRI, MANDIR SECTOR 1 GANDHINAG, GANDHINAGAR, GANDHI NAGAR, Gujarat	India
S2-797257199	Redwing Center	HN 319 K 43 B KALKAJI, NEW DELHI, Delhi	India
S2-665614545	Mcarthur Aegon of Lowell	LOWELL, IN, 17235 TAPPER STREET	US
S2-113706531	Fletcher Institute Of Technology	23 B-B FAIRWAY DRIVE, MECHANICVILLE, NY	US
S2-746951680	Orthopedic Global Associates (Inc.)	532 COMMAND WAY, SEYMOUR, TN	US
S2-309579138	MERRALEE-BAHRES, D.C.	6201 SOUTHWEST FREEWAY, HOUSTON, TX	US
S2-693147942	Bs Management	NO ##26 VILLAGE SARSINI, AMB -CHD HIGHWAY, NEAR LALRU TEHSIL DERABASSI, LALRU, ਪੰਜਾਬ	India
S2-401097610	Digital Center	E-1381, IST FLOOR, AECS LAYOUT, IHPL ROAD, BROOKEFIELDS, ಕರ್ನಾಟಕ	India
S2-376754854	vaayueshinfotech.com	PLOT NO.155, ANBALAGAN, NAGAR, PONNERI, தமிழ்நாடு	India
S2-104368766	Tate Siddhi		US
S2-447326344	Stoddard Fuels  Clinic	N FRONTAGE RD, YUMA, AZ	US
S2-356533545	Shri Shakti Consultants Corporation	379/8, KERALA VILLAS PALACE, CHIRANGARA, MUKUNDAPURAM, MUKUNLAPURAM, കേരളം	India
S2-431392095	Justine's Electrical Inc	220 FOREST STREET, ANNA, IL	US
S2-479672062	ऑल मार्केटिंग प्राइवेट लिमिटेड	302 2ND FLOOR, BHERA ENCLAVE, PASCHIM VIHAR, NEW DELHI, WEST DELHI, Delhi	India
S2-869268939	Ear Nose  & Throat Clinic [LLC]	MAMARONECK, 727 1/2 GROVE STREET, NY	US
S2-888569327	DHARMESH KUGAER-LIMITED	Delhi, KHASRA NO.919-928, UGF, KAPASHERA OPP- FUNFOOD VILLAGE, NEW DELHI	India
S2-55463095	Temple Synagogue		US
S2-427274171	New Global	17 , SOPAN KESAR, INDUSTRIAL HUB, NH -8A, NR.RAILWAY CROSSING, VILL.MORAIYA, TAL.S, ANAND, Gujarat	India
S2-517469621	WYQ Services Pvt-Ltd	380 ASWINI DUTTA NAGARHINDMOTOR, HOOGHLY, পশ্চিমবঙ্গ	India
S2-441384789	Marilyn's Value Couigmieas	0871 LOMBARDI AVE, CITY OF GREEN BAY, WI	US
S2-938042688	Br Academy Ventures	21, MAHARSHI DEVENDRA ROAD 2ND FLOOR ROOM NO. 31/1, KOLKATA, West Bengal	India
S2-314317780	PRIMARY CARE GROUP OF INDIANAPOLIS LLC FEDERATION	INDIAANAPOLIS, 325 OHIO ST, IN	US
S2-473910506	Pacific Strategic		US
S2-278883751	G0nzalez Unified	NY, BABYLON, 106-108 WESTWOOD AVE	US
S2-201524627	विजन Software Private Limited	C/O SHILPA PRATAPSINH PATIL SR NO G-137 H NO 1 MARVEL FUEQO A WING OFF NO 701, PUNE, Maharashtra	India
S2-163498192	JF LLC HYPERLIQUID		US
S2-587416643	RUSSELL CLINIC MONTE	7909 HAWES STREET, HUNGERFORD, TX	US
S2-670654657	Eastern School Medicine of	16847 80TH PL, MAPLE GROVE ICTY, MN	US
S2-489279904	City Private Projects Limited	GUT NO 83 HIMAYOU INDUSTRIAL ESTATE AT POST GHOSAPURI BEED, BEED, Maharashtra	India
S2-245430487	Leann's Midtown Mortgage	3220 DURANGO DRIVE, PEARLAND, TX	US
S2-27682958	Certified Nano Care Inc.	3946 SOAPSTONE BASIN RD, KAMAS, UT	US
S2-216050037	Rebbecca's Family Practice LP	#2514 MESSICK DR, IN, GOHSEN	US
S2-215292570	8idyne Horizon Ábrdn	12051 4ST AVE, COLFAX, IA	US
S2-871594840	ROWE, THACH & LOCKWOOD	FAIRMONT STREET, WASHINGTON, DC	US
S2-586785199	Avanza  Acnadmy Limited	H.NO. 008-3-169/84 , PLOT NO.81, SIDDHARTH NAGAR, AMEERPET, HYDERABAD, Telangana	India
S2-990264808	Granite  Freight Inc		US
S2-966870365	Dental Clinic Inc	00187 ASH STREET, LOCKPORT, NY	US
S2-11198431	Urgent Care Associates  Center	431 CLEVELAND RAOD, N/A, ST AGATHA, ME	US
S2-464320557	Clark Best Stores	##821 CHADWICK CIRCLE, FREDERICK, MD	US
S2-699087814	Deendayal Thermal Private Ltd		India
S2-662972570	Falcon  LP	7207 HOLDER FOREST CIRCLE, HOUSTON, TX	US
S2-295501098	Elissa Broussard Global Chimera Co	12145 RELIEF ROAD, MANSFIELD, AR	US
S2-739913347	సుప్రీమ్ ఇన్ఫోటెక్	24-1-12, WARANGAL URBAN, AFZAL NAGAR KAZIPET, Telangana	India
S2-904188636	Lee, Stock & King Mitsubishi Inc Inc	NY, 15 Old Liverpool Road, SALINA	US
S2-103772471	Coral Chemical Pvt Ltd	T29-203, TYPE A, 2ND FLOOR, TOWER -29, LOTUS PANACHE, SEC- 110, NOIDA, Uttar Pradesh	India
S2-124436884	Kolkata Industrial Limited	RITA APPT 00415/C COLLAGE PARA, F.NO-B2/8 FR-2ND, KOLKATA, West Bengal	India
S2-919411654	Serium-Genetics	DE LEON ST, VICTORIA, TX	US
S2-299122027	Dynamic Technologies Private	COURT ROADJAGADHRI, HARYANA, Haryana	India
S2-460467570	KYLER, ADOREE DDS, PC LTD PARTNERS	251 SHOT ST, CITY OF JUNEAU, WI	US
S2-128023059	Hyderabad Solutionsprivate Prvate [Limited]	WS-30 F/F, OLD NO-B-12/17, KH.NO-152, SUDAMAPURI DELHI, SHAHDARA, Delhi	India
S2-30015020	Precision-L.L.C. Labs Riverside Design	NY, BROOKLYN, 1126 BAY RIDGE PKWY	US
S2-428458146	RMB-FOUNDATIONS RMB-FOUNDATIONS LTD.	Karnataka, B-138/B, 3RD CROSS ROAD, PEENYA INDUSTRIAL AREA, SHUSHRUTI NAGAR, PEENYA, BENGALURU	India
S2-936174675	OD SCIENCES CLINIC LTD	PANCHPARA, ANDUL ROAD, P.O.RADHADASI, HOWRAH, West Bengal	India
S2-399295388	Dankert & Chase Vision Center Valley LLC	0040 TURTLE RIDGE DR, WINDHAM, ME	US
S2-170290358	Pediatric Dental Better Group Corp	HAMILTON, 537  FOURTH STREET, MT	US
S2-904347956	ಲೋಟಸ್ ಬಿಸಿನೆಸ್ ಪ್ರೈವೇಟ್ ಲಿಮಿಟೆಡ್	BANASWADI ROAD EXTENSION M.S NAGAR, #35/3, BANGALORE, ಕರ್ನಾಟಕ	India
S2-564590565	Clemente, Dix and Ortega  Ltd.	703 SUNBEAM RD, LEITCHFIELD, KY	US
S2-53524575	DIGITAL INVESTMENT ASSOCIATES INC	MIDDLE RIVER, MD, 9821 CHARBANK LANE	US
S2-582090335	Ary, Riter and	5032 OJOS AZUL CT, ALBUQUERQUE, NM	US
S2-617635849	DQN Fiscal Private	PLOT NO 437 , F/F NR VANSH HOSPITAL, GAYATRI MANDIR ROAD, SECTOR 1/A, GANDHIDHAM, ગુજરાત	India
S2-152694866	Garcia  Capital Inc	3239 CLARK ST, CHICAGO, IL	US
S2-592822337	Llc Ph Ngl	741 CAPISTRANO AVE, TOLEDO, OH	US
S2-332956096	*** CORNER DINER	#219 EVANSTON AVENUE, TULSA, OK	US
S2-806693896	BJA-Hospitality Private  Limited	T-5IIIFLOOR MANISH CHAMBERPLOT NO -6 LOCAL SHOPPING CENTRE BLOCK NO -B MAYUR VIHAR, PHASE 2, Delhi	India
S2-321733202	साई केयर इंजीनियरिंग प्राइवेट लिमिटेड	351, VISHAL TOWER DISTRICT CENTRE JANAK PURI, NEW DELHI, दिल्ली	India
S2-747443437	Smt One Energy	#B3/2-95 , DAMMA NAGAR, KOTTHAPALLI, NARNOOR, ADILABAD, KOTTHAPALLI, Telangana	India
S2-222274052	HATCHER & MCMORRIS	444 BRANDON DR, PMB 8074, BISMARCK, ND	US
S2-164787063	Rose Metropolitan Nextera Llc	101 SMITHFIELD RD, PMB 2621, SHELBYVILLE, KY	US
S2-75581944	Sri MOORE SOLUTIONS PRIVATE LIMITED	C/O SMT, MAHANANDA ROJARAM DESHBHRATAR, UTTARWADHONA TAL, YAVATMAL, महाराष्ट्र	India
S2-242246015	Eastern-Ventures LLP	51/680 BEHIND DISTRICT COURT, THALASSERY, Kerala	India
S2-27851009	abbatiello trusted vernal	49 THURSTON POINT ROAD, MA, GLOUCESTER	US
S2-838334389	व्हाइट एक्सपोर्ट्स लिमिटेड	PUNE, 10, SOORMANI 163, OPP. DAV SCHOOL, DP ROAD, HAVELI, Maharashtra	India
S2-505186857	James PC Center	920 Riptide Lane, CAROLINA BEACH, NC	US
S2-729151934	AURARI  VEHICLE	30 LEARD RD, NEWHARTFORD, NY	US
S2-333428514	FITZPATRICK CAPITAL VÍI LLC	NEW BOSTON, 264  DOVE CREEK, TX	US
S2-312992362	N & K GREEN PARTNERS INC	188-190 MILLER DR, BOONE, NC	US
S2-597283279	Royal Media Union,LLC	AL, MIDFIELD, FIFTH AVE	US
S2-168981801	क्लासिक ट्रेडिंग प्राइवेट लिमिटेड	BLOCK D-76 OFFICE NO. 7 & 8, SECTOR - 2, PLOT NO. - 2, PHASE - II, NERUL (WEST), NAVI MUMBAI, THANE, Maharashtra	India
S2-209658522	Wilkinson Meshflow L.L.C.		US
S2-616955920	SOUTH MONTESSORI SCHOOL CLDIFNNC LLC	565 100TH ST, DOWS, IA	US
S2-404397693	Adriane Tucker-Travel Inc	3828 GREENVIEW DRIVE, TOLEDO, OH	US
S2-585519925	Portland, Township	5805 MILWAUKIE AVE, PORTLAND, OR	US
S2-977811485	MOSELEY METRO	OH, 2368 ANSLEY STREET, ALLIANCE	US
S2-940910382	>> 3225  Washington Street Realty LLC	1321 49 STREET, BROOKLYN, NY	US
S2-109410959	Hart Creative  Activate Inc	7440-B BROOKPARK RD, BROOKLYN, OH	US
S2-463998798	LLC Anvil Harbor	1416 15ND STREET, TULSA, OK	US
S2-122923810	Integrated Apex Surgical Inc	22318  FOREST LOOP RD, GRANITE FALLS, WA	US
S2-755098723	Chevalier Ampercap	4681 LINDEN TRAIL, LAKE ELMO, MN	US
S2-950071143	[Inc] Morganti Librty	4136 EDGEMERE COURT, INDIANAPOLIS, IN	US
S2-201758413	राज फाइनेंस प्रा. लि.	H.NO 164 421, SOMDUTT CHAMBER - II BHEKAJI CAMA PLACE, NEW DELHI, DELHI, NEW DELHI, Delhi	India
S2-796056399	Jasper LLC	8 DALTON COURT, RICHLANDS, NC	US
S2-46623940	Urgent Care Specialists  Corporation	354B FLOWER STREET, ANCHORAGE, AK	US
S2-155891985	आदित्य कंसल्टिंग प्राइवेट लिमिटेड	H NO-20 A, 4TH/F OKHLA VILLAGE, MUMBAI, NEW DELHI, दिल्ली	India
S2-759816662	Yang Pediatrics Inc	789-793 220 HWY, ROCKINGHAM, NC	US
S2-979090371	ಲೋಟಸ್ ಕನ್‌ಸ್ಟ್ರಕ್ಷನ್ಸ್ ಲಿಮಿಟೆಡ್	BENGALURU HQ REGION, ಕರ್ನಾಟಕ, FLAT NO A 801 DNR ATMOSPHERE APT	India
S2-140480392	TOTAL HNLALOTH CONSULTANTS PARTNERS	21 CRAIG ROAD, BEAR, DE	US
S2-392006261	KARA M. ROBERTSON, MD	CONCORD, 12906 TRANSIT LINE ROAD, NY	US
S2-56847204	Holy Ibndrai Pvt Ltd	BLOCK G-153 1-159, PULUTHIKARAI DHARMAPURI TALUK, DHARMAPURI, Tamil Nadu	India
S2-416252056	express magna group	TN, KNOXVILLE, 2523 PRESNELL ROAD	US
S2-31894523	GHOSH INTERMOEIAGS PRIVATE LIMITED	#3-28 GOLLPAALLI MANDAL, NUZVID, Andhra Pradesh	India
S2-215424548	ক্লাসিক লজিস্টিকস লিমিটেড	ROOM NO. 12, KOLKATTA, West Bengal, KOLKATA	India
S2-84176977	Sanchez, Kim and Browne Inc.	631 UPPER MOUNT VERNON RD, N/A, EVANSVILLE, IN	US
S2-825753802	Vortex Traders Industries	175 MADHUVAN, DELHI, Delhi	India
S2-827937342	Crum Hafley Odyssey Center	CHICAGO, 3635 WOOD SAINT, IL	US
S2-466036489	Division of Consumer Affairs Inc	1911 1/2 23RD CIR, HONDO, TX	US
S2-4190133	एसएस टेक्नोलॉजी प्राइवेट लिमिटेड	SHOP NO. 01164, DELHI, CENTRAL DELHI, Delhi	India
S2-340739886	innovative atlantic service valley	5218 Igou Gap Rd, CHATTANOOGA, TN	US
S2-936957397	AMANDIE HENNIG DUKE PC SERVICES	1400 WABASH COURT, CATON, OH	US
S2-2562172	Cornerstone Environmental Concepts	584 DORTON LN, HENRICO COUNTY, VA	US
S2-402254436	Le Montreal	915 EAST ROAD, FRIENDSHIP, TN	US
S2-856416680	Vision Supreme Cenir Associates	null, 17336  1954, WICHITA FALLS, TX	US
S2-448468182	EXORA CO CENTER	SHOP NO. 308 , POWAI PLAZA, CENTRAL AVENUE, OPP. INDUSLND BANK, POWA, I, MUMBAI, Maharashtra	India
S2-501776341	सूर्य हाई आईटी प्रा. लि.	C/O RAJAN KHANEJA, NEAR GINNI FAST FOOD BARARA, AMBALA, Haryana	India
S2-693738531	ஹைடெக் இன்ஃப்ரா பிரைவேட் லிமிடெட்	NO, CHENNAI, Tamil Nadu	India
S2-694335014	Ltd Garcia Indonesia	5330 STREAM STONE WAY, NC, RALEIGH	US
S2-802478684	Nexva Worldwide	927A LONG BRANCH ROAD, NC, GROVER	US
S2-996342715	Paige's Pioneer Therapy, Partners Inc	10188 BARBERRY, WILLIS, TX	US
S2-977102103	Surgical Cafre LLC	108 N8570, <NULL>, CONHCO, AZ	US
S2-713569143	Krittis Foundation Pvt	729/B 30TH A CROSS NEAR MOGHUL DARBAR TILAKNAGAR JAYANAGAR, BANGALORE, Karnataka	India
S2-837085920	Velniix-Worldwide Center	5240 LAKEWAY DR, EL PASO, TX	US
S2-622458179	BRIGHT  PRODUCER	B-33, 2ND FLOOR, ROSEWOOD, CITY, SECTOR-49, GURGAON, Haryana	India
S2-544715931	Jacki C. Porter, MD Inc	12702 CHARLES FARM CIR, LOUISVILLE, KY	US
S2-405484524	A  Choice British	1281  HACIENDA PINES DRIVE, AZ, SHOW LLOW	US
S2-338928322	QUALITY SEMICONDUCTOR WORLDWIDE INC	0454 MOUNTAIN BRUSH HEIGHTS, GLENEAGLE, CO	US
S2-514424281	Chiropractic Service	400A 4TH STREET, CANTON, MO	US
S2-283256722	PIPEFITTERS LOCAL UNION 832	4618 9TH STREET, BACLIFF, TX	US
S2-332334976	Garner Gulf Steers PLLC		US
S2-311483216	Happy Book Store!  Inc	153 COLFAX ST, ROCHESTER, NY	US
S2-208576006	@selectace	199 SILVERBREEZE COURT, HARVEST, AL	US
S2-175511616	Montance Fund		US
S2-291124145	Matasya Trading (India) Private Ltd	PLOT NO. SME -50, GIDC MIYAWADI, BARDOLI, ગુજરાત	India
S2-287443073	Wandis Mcbcuskfr Highland Public PC	3711-D ALEX DR, HELENA, MT	US
S2-910873714	Continental Holdings Group South LLC	168A ROCK CREEK LANE, SCARSDALE, NY	US
S2-148813218	Narayana (India) Fitnnce Holdings Private  Limited	SHED NO-##12, SHAYONA SILVER ESTATE, NEAR SILVER OAK CLUB, GOTA, AHMEDABAD, GANDHINAGAR, Gujarat	India
S2-691167560	Bhupati College LLP	L.S. NO. 1019, KHODIYAR, MATA MANDIR PASE, FINAV, KHAMBHAT, Gujarat	India
S2-925099959	Alpha & Sons Sons Limited Services	SR.NO.7-4, KESHAV NAGAR ROAD, BADHE WASI, MUNDHWA, PUNE CITY, महाराष्ट्र	India
S2-699728238	Developers Asian Shipping Private Limited	DOOR NO 554/225K/2 KAILASHPURI ALAMBAGH, LUCKNOW, उत्तर प्रदेश	India
S2-335026222	chandrapurgroupcompanies.com	C/O JAI PRAKASH MISHRA 098, BALDIRAI, SULTANPUR, उत्तर प्रदेश	India
S2-186404325	Bright Náils	8167 1/2 BILBAO, <NULL>, TUCSON, AZ	US
S2-278036291	Pediatric Dentistry Carrollton of Clinic Eastgate	1514 RANDOLPH ST, CARROLLTON, TX	US
S2-547690063	Salas Inc. Rivera &	285, SANDYT OWNSHIP, UT	US
S2-526404650	Brixsynorbi	1625 FAIRVIEW AVE, PARK RIDGE, IL	US
S2-829060625	अल्फा टेक्नोलॉजी	null, P NO. 17, Nagpur, Maharashtra	India
S2-103045215	HARBOR SÉLECT RICE INC	812 6RD AVENUE, CASPER, WY	US
S2-4049488	Ear Nose  & Throat Specialists	IL, Homer Street, CHICAGOC ITY	US
S2-752023216	గ్లోబల్ ఇంటర్నేషనల్ స్టీల్ ప్రైవేట్ లిమిటెడ్	H.NO 16-2-738/1/423, ANJANDRI APTS ANDHRA BANK COLONY, ASMANGHAT, MALAKPET, HYDERABAD, Andhra Pradesh	India
S2-329095185	James  Coastal	2712 TRYON PINES DRIVE, NC, RALEIGH	US
S2-461446640	Dental Supreme Associates Metro LLC	347 SPRING GREEN ROAD, WI, VILLAGE OF HOWARD	US
S2-840018478	प्राइम एंटरप्राइजेज प्राइवेट लिमिटेड	PLO-22, GURGAON, Haryana	India
S2-411345423	Classic Management  Limited	122, WING 3, AHAD EUPHORIA, KODATHI VILLAGE SARJAPUR ROAD, CARMELARAM PO, AMBEDHKAR, BUS STOP, BANGALORE, Karnataka	India
S2-856358753	I 7 W Ethereum Llc - 9895612677	193 BARBER AVE, BREWSTER, OH	US
S2-56339249	*** zitocatalan.com	1401 DRISCOLL ST, APPLETON CITY, WI	US
S2-84377491	M/s Jeet Pvt Ltd Center	#317 B-904, SHIV SAGAR HERITAGE SOCIETY BUILDING NO.30, TILAK NAGAR, महाराष्ट्र	India
S2-496282729	Grand Mines Eastgate	10011 SEVENTH STREET, PHOENIX, AZ	US
S2-72995198	TRADING RHR PRIVATE-LIMITED SERVICES	OFFICE NO. 24/6, 1ST FLOOR, EAST STREET, SAHAJANAD COMPLEX, CAMP PUNE, PUNE CITY, Maharashtra	India
S2-693892491	Kstly Mfa	18 FRANKLIN ST, LAWRENCE, MA	US
S2-685989247	M/s Dolphin (Inifa) Law-Limited	FL NO 1703 OLYMPIA AVANTI, RESI AND COMM SPACES, 43, PUNE CITY, Maharashtra	India
S2-812043786	hitechenterprises.com	AGNISH PETER W/O PETE, STAPHEN GANGAVIHAR COLONY, PHULWARI, Bihar	India
S2-329139148	Caldex 0sprey LLC	525 LADDOOS AVENUE, QUEEN CREEK, AZ	US
S2-599044240	Souza, Lightner Burris Village	201 WINTHROP ST, TAUNTON, MA	US
S2-428419599	यूनाइटेड क्रिएटिव टेक प्राइवेट लिमिटेड	11-08, PLOT-213, RAHEJA, CHAMBERS, FREE PRESS JOURNAL MARG, NARIMAN POINT, BOMBAY, MUMBAI CITY, Maharashtra	India
S2-243586118	ONCOLOGY RÍDGE ASSOCIATES INC.	10363 24, FAIRHOPE, AL	US
S2-440371144	Raven Raven Corp	UNIVERSITY SAINT, PEORIA, IL	US
S2-367143508	Western Rxeidfod Eastgate LLC	10923 KINGSTON PIKE, KNOXVILLE, TN	US
S2-667289629	ESPINOZA + BARANSKI [AUTOMOTIVE]	6824 Jennifer Drive, PLEASANT GARDEN, NC	US
S2-546316451	Joelle's Highland Brokerage LP	189 MOODY AVENUE, ASHEVILLE, NC	US
S2-471520388	PG METROPOLITAN NANO CO	316 HILLSIDE TERRACE, CITY OF MADISON, WI	US
S2-242514743	Pediatric Dentistry Medicine, Llc	14393 1/2 LA HABRA RD, VICTORVILLE, CA	US
S2-441367107	Vijay Classic Technologies Public Limited	DOOR NO 2- C/O SUSHILA DEVI, 1ST FLOOR MANDAL NIWAS OPP.- ST KARENS HIGH SCHOOL, GOLA ROAD, S.K. PURAM, DANAPUR, Bihar	India
S2-235321313	MODERN MINERAL		India
S2-908657146	Sarlo Pioneer Automotive LLC	6201 HYDE PARKWAY, AAMRILLO CDP, TX	US
S2-504445324	ROSS FRESH	303 53TH PLACE, CHICAGO, IL	US
S2-724800055	Regional Metro Center	1781 PRAIRIE VERBENA LN, ELGIN, TX	US
S2-678252225	Brady Dental  Associates	12365-D Ensley Dr, FIHERS, IN	US
S2-229524690	ZETACIRA	HN 153 MORYA BUSINESS CENTRE, OFFICE NO. 101 & 102, NEAR ROTARY CLUB, THERMAXCHOWK, SAMBHAJI, NAGAR, PUNE, MUMBAI, महाराष्ट्र	India
S2-46375538	Goldie Three-Private (Limited)	D/152/10 CIVIL LINES SWAROOP NARAIN MATHUR MARG, AJMER, राजस्थान	India
S2-667011740	Vensar & Associates	NO 95 C.R. AVENUE P.S HARE STREET, KOLKATA, পশ্চিমবঙ্গ	India
S2-964213265	V/W (Lloyds)	69 MARBLE, EDWARDS, CO	US
S2-517276611	3451 Madison Ave Preopeelris Ltd	164 BRADLEY STREET, DES PLAINES, IL	US
S2-5217281	Interfaith Co Network	208-212 COLLIN STREET, LEONARD, TX	US
S2-185369825	Behavioral Heatth Medicine First	7429-7431 60, RUSH, KY	US
S2-766050872	Sulphur Springs Regional Integrated Church Ltd	SULPHUR SPRINGS, ALABAMA ST, TX, <NULL>	US
S2-673798440	Wildlife-Partners	2655-2657 DE ARMOND DRIVE, null, CORVALLIS, OR	US
S2-948521115	LAL & BROTHERS PRIVATE-LTD	5, RAJENDRA ESTATE, OPP. GAYATRI MANDIR, HIGHWAY ROAD, MEHSANA, NULL, Gujarat	India
S2-402152075	Krishna (India) Marketing	5TH FLOOR, H. NO. 1-90/7/B/67/2, SY NO.78 PLOT NO. 154B/281, PATRIKA NAGAR, MADHAPUR, HYDERABAD, తెలంగాణ	India
S2-796017338	यूनिवर्सल रियल डेवलपर्स प्रा. लि.	DOOR NO 5-99, GURGAON, हरियाणा, GURGAON	India
S2-887201374	Smith Architecture Corp Partners	4325  AUBERGINE WAY, MATHER, CA	US
S2-869621529	@acecontracting	50, PMB 8104, ROCKPORT, IN	US
S2-778500408	Alcindor Legato Corp	TX, 1112 PADRE CIR, ALLEN	US
S2-143279042	dermato1ogy physicians inc	NY, 496 HEIM RD, GETZVILLE	US
S2-643765455	... James Krakacquisition Krakacquisition	920 RIPTIDE LN, CAROLINA BEACH, NC	US
S2-277321971	Media Mahalakshmi Logistics Ltd	7/188(E) SWAROOP NAGAR, KANPUR, Uttar Pradesh	India
S2-132275027	fkinternational.com	FLT 03404, MUMBAI, FLR 34, RUNWAL, BLISS D, DAMLE COLONY, MUMBAI, Maharashtra	India
S2-817407743	RALEUM GARDEN LLC	QUARRY DRIVE, VAN BUREN, AR	US
S2-527565372	Lans Conductors Private	C/O SANGAMESHWAR MOTIRAM PATIL MUKHED MUKHED TQ. MUKHED MUKHED, NANDED, Maharashtra	India
S2-959085269	Agri Sqúare Ltd	PLOT NO .71 ADDL MIDC, ANAND NAGAR AMBARNATH ., AMBARNATH, Maharashtra	India
S2-941589828	Heller, Mendoza + Garai Multimedia LLC	WV, 130 1/2 TAYLOR LN, RONCEVERTE	US
S2-805331713	ZR LÁND LTD	1686/1, JAI PRAKASH NAGAR KALESHWARI, BOARD COLONY, PATNA, बिहार	India
S2-397584236	UK  Chemical	ARROWHEAD DR, INCORPORATED, IL	US
S2-375546526	ફ્યુચર લક્ષ્મી એગ્રો પ્રાઇવેટ લિમિટેડ	JAMNAGAR, Gujarat, JAMNAGAR, H.NO 837 803/804	India
S2-548949805	Great Project	1757 WATERMAN LN, MARANA, AZ	US
S2-707285054	private impact traders limited	P.N. E-60/9, F-2, NORTH PART, NARAYAN VIHAR VISTAR SEC3, JAIPUR, राजस्थान	India
S2-545278493	Valley Trust	15 ANTHONY TER, NEW BEDFORD, MA	US
S2-881966600	Verairi	4568 ROYALE DRIVE, TUSCALOOSA, AL	US
S2-432828519	UPTOWN  CAFE GROUP	16989 CLARDY LN, LOWELL CITY, AR	US
S2-424197116	ASSET BUILDING INSTITUTE	2756 MCCLAY RD, SAINT CHARLES CDP, MO	US
S2-252265627	Premsagar (India) Corp Services	PLOT NO. C1B-5004/1 & C1B, 5004/3 4TH PHASE, GIDC, PARDI, Gujarat	India
S2-873735783	Old Northern LLC	8247 SCARLET OAK CIRCLE, CITRUS HHEIGHTS, CA	US
S2-948615750	Shri Marvel Erp Private (Limited)	A - 1 / 40 SAFDARJUNG ENCLAVE, NEW DELHI, Delhi	India
S2-446270955	Bay Stifel Center	FOOTHILL BLVD, RIALTO, CA	US
S2-767092369	(india) Mahakali  Stones	B-001/02, PALM GROOVE VILLA, AAR DEE CITY, SECTOR-52, GURGAON, हरियाणा	India
S2-623853663	directrestaurant.com	414 MAIN STREET, HORSE CAVE, KY	US
S2-967249485	INDUSTRIES VARDAN FRESH LIMITED	705, ANSAL VIKAS DEEP BUILDING LAXMI NAGAR DISTRICT CENTRE, VIKAS MARG, DELHI, दिल्ली	India
S2-872698704	Better Construction Digital (Group)	448806-B 965 LOOP, VIAN, OK	US
S2-213883587	Optimal L.L.C. Services	10300 IMPERIAL DAM ROAD, YUMA, AZ	US
S2-965571145	Grace Laskowski Crystal Krakacquisition LLC	92 PENNY CIR, MILES CITY, MT	US
S2-517484252	Atulyam Sales Private	DOOR NO 102 CHAKLA STREETENTRANCE 43 DHOBI STREET, MUMBAI, महाराष्ट्र	India
S2-571164874	As & C0.	HNO.F-9, FLOOR-2ND, AUCHANDI ROAD, LAND MARK NEAR SHIV MANDIR, VILLAGE - BAWANA, NEW DELHI, दिल्ली	India
S2-519841512	Dunlap LLC Partners	MOUNTAIN VIEW ESTATE, LEICESTER, NC	US
S2-387420410	લક્ષ્મી એનર્જી પ્રાઇવેટ લિમિટેડ	ગુજરાત, KAPDIAWAD CORNER, ANAND CHAMBERS, AHMEDABAD	India
S2-823748460	રિયલ સોલ્યુશન્સ ટ્રેડર્સ એલએલપી	AHMEDABAD, Gujarat, 55	India
S2-688014908	Castro & Argabright, Llc	121 SOUTHWOOD DRIVE, MADISON CITY, AL	US
S2-259137874	ಕೃಷ್ಣ ಐಟಿ ಪ್ರೈವೇಟ್ ಲಿಮಿಟೆಡ್	SY NO A-144/1, BANGALORE, Karnataka	India
S2-37948874	Ridge Équity Partners LLC	1615 BRENTWOOD STREET, HIGH POINT, NC	US
S2-403135359	Harbor Complete  Services	121 CENTURY ST, PMB 9685, SHEPPARD AFB, TX	US
S2-891262453	DOWNTOWN MASSAGE LTD	SEVERN, 1837 BLUE JAY COURT, MD	US
S2-633606843	Seex (lnvestments)	2548 63/64, WI, TOWN OF CYLON	US
S2-440443694	Ashley Iii Ltd	1451 UNION AVE, LAKEWOOD, WA	US
S2-159830603	Gildcalosyn	7241 OSAGE AVENUE, MESA FOUR PEAKS, AZ	US
S2-918255597	Vrk Property Private	4/58, KAMAL MANSION, HAJI N. A. AZMI MARG, COLABA, MUMBAI, Maharashtra	India
S2-956265144	Smt Nature Sons & LLP		India
S2-985193882	Niranjan Apparels Pvt. Ltd	NO.143, 3RD MAIN, AVALAHALLI, BDA LAYOUT, BSK 3RD STAGE, BANGALORE, BANGALORE SOUTH, ಕರ್ನಾಟಕ	India
S2-265336013	New Life  Emanuel	845 EVANSTON ST, HOUSTON, TX	US
S2-676851169	Heritage Clean Cíon P.C.	10 SARGENT STREET, BOSTON, MA	US
S2-879348301	Surat Swan Pvt Ltd.	C/O. ORENGE D DEVELOPERS VILLAGE VARIYAV, TAL. CHORYASI, SURAT, ગુજરાત	India
S2-229819698	PIEDMONT-COUNCIL CO	119- MEAD AVE, SMYRNA, TN	US
S2-32593428	Aapt Digital Private	BLOCK A-#88 AT SOMNATH CHAMBERS 1ST FLOOR, NR. ADARSH HOTEL, LALPAR, MORBI, Gujarat	India
S2-698930181	Christ Chapel Chapel	1315-1317 MARSHALL BOULEVARD, SAN BERNNARDINO, CA	US
S2-708852405	auroexports.com	NO 9. 23B1 PANCHIVILAI PULIYANVILAGAM MARTHANDAM POST, KANNIYAKUMARI, Tamil Nadu	India
S2-654956817	Lauretta Liu, D.O., DDS	PA, ROYEERSFORD, 43 SACCO RD	US
S2-324482807	First Dynamic Bna PLLC	##22207 164TH STREET, BRUSH PRAIRIE, WA	US
S2-454586035	SHAW, FANCIE INVESTMENT	WALLS MILL RD, AURORA, NC	US
S2-305168541	Nylamira	FLAT 301, PUNE CITY, DAUND, Maharashtra	India
S2-934912346	गुजरात फूड स्टील प्राइवेट लिमिटेड	305 BHANU, JANGID ESTATE, NEAR VIJAY PARK, THANE, Maharashtra	India
S2-945178830	Ganpati & Co.	LEVEL 7, DNYANVATSAL COMPLEX, OPP. VANDEVI MANDIR, KARVE NAGAR, PUNE, Maharashtra	India
S2-718304513	ড্রিম প্রোডাক্টস প্রাইভেট লিমিটেড	CO FIROZ AHMAD MUTSADDI, MAHHALA RAIL PAR, BARABANI, BARDHAMAN, West Bengal	India
S2-35981570	Zephio Partnership	AZ, ##15026 ANGEL BASIN WAY, SURPRISE	US
S2-160652263	Lazaro Vanguard Interprivate Inc	1100 HOLMES ST, KANSAS CITY, MO	US
S2-266051620	5-Corners	1010 BRISTOL DRIVE, VANDALIA CITY, OH	US
S2-63584016	Smt Shree Star Pvt.	Karnataka, NO 1, BSA ROAD, PULIKESHI NAGAR, BANGALORE	India
S2-553635389	DV (COLLEGE)	H.NO 8-408 , THIRD FLOOR, SHOPPRIX MALL, SECTOR 5, GHAZIABAD, Uttar Pradesh	India
S2-461433006	AHMADABAD CITY VENTURES PRIVATE LIMITED	B, F.F-101, RATNAKAR-9, SQUARE, OPP. KESHAVBAUG, AHMADABAD CITY, NULL, Gujarat	India
S2-740763175	Eastern Sterling Group	63 WALKING HORSE TRL, DAVIDSON, NC	US
S2-599508146	Physical  Therapy Specialists PC	null, AZ, PRESCTOT, 1768-A STONEY LN	US
S2-197200716	Tejiya Center  Partners	H.NO 55 AMER COMPLEX, ZONE II, M.P. NAGAR MIG 55 NEAR PNB BANK, BHOPAL, Madhya Pradesh	India
S2-696124354	Mahan  + Mendenhall West Inc	235 MAIN ST, HULBERT, OK	US
S2-691567771	न्यू मीडिया प्राइवेट लिमिटेड	138, NEW DELHI, Delhi	India
S2-80920341	Maid Deli LLC	29697 70ST AVE, PEORIA, AZ	US
S2-84229778	LP Ce1estine's Reliable Recruiting	2784 HOMSN PL, NY, BALDWIN CDP	US
S2-181508881	L.L.C. MERRIE'S SECURITY,	72 THIRD ST, LOWEL, MA	US
S2-950750093	Sarasinyn  Manufacturing Pvt Ltd	PLOT NO. 258 UDYOG VIHAR PHASE VI, GURGAON, Haryana	India
S2-34667580	CALOAVI	CLAY STREET, NASHVILLE, TN	US
S2-256993859	LN Íllinois	701 LLLIAN AVENUE, FORT WAYNE, IN	US
S2-967037282	Noida  Chemicals	H-11 SECTOR-11, NOIDA, NULL, Uttar Pradesh	India
S2-411172760	ROCHELL MOORE, P.A. - 4242677678		US
S2-683423806	jq pinnacle markets, llc	420 WEST 6TH ST, DAVENPORT, IA	US
S2-895056415	UP CLUB PRIVATE LTD	6/79, 3RD FLOOR, OFFICE NO. 307 WEA KAROL BAGH, NEW DELHI, <NULL>, Delhi	India
S2-885479471	NHI NHI Diae Inc	1002 1/2 WINTERS WAY, MCKINNEY, TX	US
S2-797189386	Lyceum Nursing Home Overseas Private  Limited	H.NO A-471 KILLA VES, NEAR MOHALLA, KARMALA, महाराष्ट्र	India
S2-400456023	summitfreshmortgage.com	1910- 4ST AVE, ALTOONA, PA	US
S2-835653830	Ernesta Peeace, O.D., PC	UT, 430 WASATCH BLVD, COTTONWOOD HEIGHTS	US
S2-329222057	City Software Private  Limited	NO. 267 06-200/2//1, P.NO:98P & 100P, BOUDHA BAGAR JEEDIMETDA VILLA HYDERABAD, Telangana	India
S2-82994213	Seabird Group Services	Rajasthan, P NO G-46 UMMED NAGAR, PITHAWAS KALWAR RAD, JAIPUR	India
S2-56003737	The Brown, Moore & James Plains PC	106 FRONT ST, DELPHI, IN	US
S2-485296011	Custom Technica1 Índustries	11172 267, FIVE POINTS CITY, AL	US
S2-276002313	UNITED FREQUENCY INCORPORATED	102  BISMARK CT, BROWNSVILLE, TX	US
S2-995849658	BATRES FRANCISKA ESQ	7015 PAXTON CT, SUGAR LAND, TX	US
S2-709293916	ABUV Beverages LLP	Madhya Pradesh, FLAT NO 104, SHRI NWIAS 80/1 SNEHLATAGANJ, INDORE	India
S2-42586413	Deltadelta Service	3063 BRYANTS CORNER RD, HARTLY, DE	US
S2-867637436	Pioneer  Specialists, Inc	582 HEATHLAND TRAIL, ABERDEEN, MD	US
S2-476542764	Spanos Hair Studio Corporation	26 BAXTER ST, NY, BINGHAMTON	US
S2-728326356	AND MARCEAU WANG, WESFT	REHOBOTH BEACH, DE, 4 WOODDUCK POINT	US
S2-602957558	യുണൈറ്റഡ് മീഡിയ ലിമിറ്റഡ്	12/208PUVALLUR THIRUVAMBADI P O, KOZHIKODE DISTRICT, KOZHIKODE, കേരളം	India
S2-203344873	Benigno Midwest Associates Co	1011 SECOND ST, OTTUMWA, IA	US
S2-949537958	Ruthann Coronado Continental Internet Central Inc	02114 SILVER SPRINGS ROAD, MILWAUKIE, OR	US
S2-720153763	Big North Trading Pvt Ltd	NO. 27, SITUATED AT 3RD MAIN ROAD, MUNIREDDY LAYOUT, HORAMAVU, KR, BANGALORE NORTH, Karnataka	India
S2-250257387	Klocek's-Detialilg	0210 SECOND ST, WESTMORELAND, KS	US
S2-481366303	Young (India) Cotrctoeins Private Limited	Haryana, H.NO 45-26 DLF PHASE 4, HIBISCUS MAIN, DLF QE	India
S2-721031885	Chavira Platinum Chimera LLC	282 SAXONY DRIVE, FTT MITCHELL, KY	US
S2-149039582	Lakshmi-Power Limited	#207A SHEKHAR PARK, SURAJ KOTHI, INDORE, मध्य प्रदेश	India
S2-555937756	Tbei-State Corporation	LAKE AVE, VILLAGE OF MONTICELLO, WI	US
S2-717078765	Credence Educational Society Enterprises	603/1605 ORCHID, VASANT VALLEY A.K. VAIDYA MARG (FILM CITY ROAD), MALAD, EAST, MUMBAI, Maharashtra	India
S2-65404036	Temple Presbyterian Chúrch Partners	67 WILSON AVENUE, NORWALK OWNSHIP, CT	US
S2-134516401	SEVEN PVT GLOBAL LTD		India
S2-376123131	HERITAGE FUDN		US
S2-189614164	கிரேட் டெக்னாலஜீஸ் இனிப்பகம் பிரைவேட் லிமிடெட்	2/20-8, AMARJOTHI JAINAGAR, RANGANATHAPURAM, COIMBATORE, METTUPALAYAM, Tamil Nadu	India
S2-41519359	Guerrero, Mcwilliams and Keeton Co Center	201 CNTER LN, NICHOLASVILLE, KY	US
S2-59356164	विजन डेवलपर्स प्राइवेट लिमिटेड	INDORE, मध्य प्रदेश, INDORE, 75 NEW ARGAWAL NAGAR	India
S2-915323716	Castaneda Online	6581 BAILEY RD, LEYDEN, NY	US
S2-890897205	ഡൈനാമിക് സോഫ്റ്റ്‌വെയർ പ്രൈവറ്റ് ലിമിറ്റഡ്	TC 1/1374 (10), KOTTAKKAKATHU BUILDING, THIRUVANANTHAPURAM, THIRUVANANTHAPURAM, TRIVANDRUM, കേരളം	India
S2-945391028	ब्राइट इंफोटेक प्रा. लि.	PL.NO.2, FL, NO 101, MRUTUNJAY SOCIETY, SR.NO. 133/C, Maharashtra, PUNE	India
S2-222939040	Stoddard, Sargent & Chandran  Inc	KNOB HILL ESTATES RD, SYLVA, NC	US
S2-898950576	ಬ್ಲ್ಯಾಕ್ ಇನ್‌ಫ್ರಾ ಪ್ರೈವೇಟ್ ಲಿಮಿಟೆಡ್	PLOT 412 OPP.OLD BPCL PETROL BUNK ROAD NEAR KSRTC BUS STAND SHIDLAGHATTA, CHIKKABALLAPURA, ಕರ್ನಾಟಕ	India
S2-32654007	Scott and Sfna Cap LLC	PLEASANT PRAIRIE TOWNSHIP, WI, 10329 WILMOT RD	US
S2-979770189	Dr Pooja Memorial Trust Pvt Ltd	Delhi, NEW B-985, OLD-B-924, GALI NO 12 IIND PUSTA, SONIA VIHAR	India
S2-88445784	ਅਲਫ਼ਾ ਕੰਸਲਟੈਂਸੀ ਲਿਮਟਿਡ	OPPOSITE DAWAT RESTAURANT ABOVE INDIAN OVERSEAS BANK NATIONAL HIGHWAY KH, ANNA, KHANNA, PATIALA, Punjab	India
S2-715445172	clausen, friday ánd mcnamara annuities inc	17 HULLSVILLE RD, OEWGO, NY	US
S2-651553814	High Agro	SHOP NO-7-, 2 ND FLOOR, WARD-7B OPPOSITE SINDHU BAUGH, GANDHIDHAM, ગુજરાત	India
S2-6918658	ARIHANT-FOODS PVT LTD	ORION B 501, COSMOS PARADISE, THANE, महाराष्ट्र	India
S2-722589032	FRESH  MASSAGE!CARE	1101-1105 IRVING PARK ROAD, BENSENVILLE, IL	US
S2-486848302	Surgical Health Lakeside Inc	72 432, DOUBLE SPRINGS, AL	US
S2-907548123	CAMERON FIDELITY	1340 CO RD 8, DILLONVALE, OH	US
S2-499424559	Vision Exports Private Limited	H. NO. 8-371/5, SAI BABA, NAGAR, PADMANAGA PHASE 2, TIRUMALAGIRI, Telangana	India
S2-240530712	Gina Powell Superior LLC Services	527-B MARKET STREET, SANDUSKY, OH	US
S2-382336207	Precision Rasayan Limited	NO. 382. E-403/404/407, USHA GARDEN, AHIMSA MARG, CHINCHOLI, MALAD(W), MUMBAI, Maharashtra	India
S2-864095113	Hitech Private It Limited		India
S2-745213771	Keel Center		US
S2-325234234	ALBA ELECTRONICS ELECTRONICS INC.	171 JACKSON STREET, AMARILLO, TX	US
S2-456129511	Y/M LÁUNCH INC		US
S2-604090922	KR INDUSTRIES	R NO 0015 HOTLE SHED GR FLRNILKANTESHWAR BLDG ANNIE BESANT RD, MUMBAI, महाराष्ट्र	India
S2-417539103	Nihar Medical Private (Limited)	C/O LAXMIDHAR SAHOO, BALIKUDA GOPALPUR, CUTTACK SADAR, ଓଡ଼ିଶା	India
S2-664456303	Zephiq Malt Llc	614 RDEHILL TRAIL, CAROL STREAM, IL	US
S2-32995915	Smt FRESH TRUST CENTER		India
S2-920693973	City Svm Systems Private [Limited]	303, BLDG 6, ANMOL COMPLEX, ANDHERI, KURLA RD, ANDHERI E, J.B. NAGAR, MUMBAI, MUMBAI, Maharashtra	India
S2-260195027	Shree-Inf0tech Private Limited	575 82 CLARE HOUSECLARE ROAD, MUMBAI, Maharashtra	India
S2-108977704	PEDIATRIC  PATNERS, LLC	18425 JOHSONS LANDING ROAD, ACCOMACK COUNTY, VA	US
S2-882156169	Organo Trauma Center Ventures	120 1ST FLOOR SONAL LINKHEAVY IND ESTATE NO 1 LINK ROAD KACHPADA, MUMBAI, Maharashtra	India
S2-680399609	ग्रीन इंफोटेक एलएलपी	##95 S. NO. 31/1 LOKMANGAL NAGAR SAILU PARBHANI SAILU (M CI), PARBHANI, Maharashtra	India
S2-804226688	BD  Solutions	ROAD NO -12, V K S COLONY, GAYA, NULL, Bihar	India
S2-430698050	Shakti Software Private	FLAT NO C-101 , MYTHRI RESIDENCY, MYTHRI NAGAR 2ND LINE, M.G INNER RING ROAD, GUNTUR, Andhra Pradesh	India
S2-492049010	Heritage Network Corp		US
S2-972356251	Realtech Financial Private (Limited)		India
S2-691967010	ONCOLOGY-HEALTH  CLINIC	397A SAINT MARYS ST, LANCASTER, NY	US
S2-914849378	PERSON AND TRÁN CENTER	AUSTIN, N/A, 12516 CAPITOL SADDLERY TRAIL, TX	US
S2-230320624	Limited Arjay Advisors Enterprises	NO 98. C/O KIRAN DEVI CHANANI, CHANANI HOLDING, OPP.EICHER MOTORS, NH-16, NEAR HANUMAN FILLING STATIO, N, MANGULI, CUTTACK, Odisha	India
S2-208692000	VANTIADE OXLEY  CORP	MO, SAINTLOUIS TOWNSHIP, 10979 1/2 CHASE PARK LN	US
S2-454835742	A CURE 6 IT CO	11890 PASCO ROAD, APPLE VALLEY, CA	US
S2-341105349	Rocky Cardiology	AL, 925 D. CEDAR CREEK LANDING ROAD, MOUNT VERNON	US
S2-218872803	BANGALORE ESTATE PRIVATE	#0185/A , 6TH A CROSS KASAVANAHALLI, BANGALORE, Karnataka	India
S2-330124350	Clear Ace Residential Inc	<NULL>, NY, FRESH MEADOWS, 64-18 182 ST	US
S2-957086610	Allied Bicwogks Inc	010 KENMAR DRIVE, BILLERICA OWNSHIP, MA	US
S2-23906512	Lower Nórthwest Inc.	839 GREENWOOD AVE, WICHITA, KS	US
S2-900942207	Gesoft  Foods	OK, MANGUMM CITY, 110C KENTUCKY AVE	US
S2-856240420	RODRIGUEZ, WASS & DAVIS ENERGY HOLDINGS	VA, 3609. TAIT TERRACE, NORFOLK CDP	US
S2-856587854	TNB TARDLIG PUBLIC LIMITED - 3014261383	DOOR NO ##5A ANANDVAN SOCIETY, SAMA, VADODARA, ગુજરાત	India
S2-118798004	HERITAGE INITIATIVE	MO, KANSAS CITY, 3241 TROOST AVE	US
S2-518040353	విజయ్ ప్రొడ్యూసర్	FLOT NO ##215, NULL, HYDERABAD, RANGAREDDY, Telangana	India
S2-963450433	Tarai Couture Limited Private	H.NO 1 , FIRST FLOOR, NANDINI ENCLAVE, SHYAM NAGAR, NEAR HARIHAR DHAM, KANPUR, उत्तर प्रदेश	India
S2-881422222	urbanlawchambers.com	B-515, SHREE NAND DHAM, PLOT NO. 59, SECTOR 11, C.B.D. BELAPUR, NAVI MUMBAI, महाराष्ट्र	India
S2-806233758	ગુડ મા ડેવલપર્સ પ્રાઇવેટ લિમિટેડ	5F SHOP A-507 KRISH ELITE, S.P. RING ROAD, AHMEDABAD, NIKOL, Gujarat	India
S2-670269961	Emerson Silver Silver Llc	15554 160, BLUE RIDGE, TX	US
S2-419767055	avanoor professional exports private limited	NO 76 VARADIYAM, AVANOOR, കേരളം	India
S2-214546554	Loveron LLC	406 THEATER RD, MECKLENBURG COUNTY, VA	US
S2-100980673	valley avalanche llc	6617 12B RD, BOURBON, IN	US
S2-613868550	LQ Kkr Co	3944 COUNTRY LANE, FORT WORTH, TX	US
S2-946861114	Thiruvananthapuram Power Private Ltd	NO 888 TC 15/471 HAJI ALI APARTMENT, SINGAPOORMUCK KANIYAPURAM, THIRUVANANTHAPURAM, THIRUVANANTHAPURAM, Kerala	India
S2-424578396	VANGUARD INC SERVICE	317 CITY CENTER LANE, WENEDLL, NC	US
S2-131899868	Jodhpur Bell Private Ltd	C/O SHER SINGH BHATI BHAGAT SINGH ROAD, NAGORI GATE, JODHPUR, NULL, राजस्थान	India
S2-277811487	Seterlagt, Deeyn Art (LLC)	56 CMAI COURT, null, WALTON, KY	US
S2-579673269	ANNAMALAIYAR PRODUCTS EXPORTS PRIVATE  LIMITED	DOOR NO 378 , 2ND CROSS 18TH MAIN NANDINI LAYOUT, BANGALORE, ಕರ್ನಾಟಕ	India
S2-181233655	सन टेक टेक्सटाइल्स	#2-37, NEW DELHI, DELHI	India
S2-594808662	DZ LLC CENTER	NY, ROCHESTER, 60 COTTAGE STREET	US
S2-572271146	Titan Corporation	2246 CRISTON DRIVE, NEWPORT NEWS CITY, VA	US
S2-999530725	Fanechka Oleary (Staffing)	327 2ND ST, CORALVLLE, IA	US
S2-759410065	Dr Intellect Estate [L.L.P.]	Maharashtra, S.NO. 6/4/2 BALAJI NAGAR, WADGAONSHERI, PUNE	India
S2-906733202	Harbor-Complete Laboratories	SHEPPARD AFB, 121 CENTURY STREET, TX	US
S2-971885408	L.L.C. Lunt, Yeager & Johnson	##1130 COLLEGE STREET, CHARLOTTE, NC	US
S2-777583088	Piedmont Tbisit III	433 OAKDALE AVENUE, GLENCOE, IL	US
S2-537317398	Vetecex Gróup	2761 STOCKTON BOULEVARD, PO BOX 1680, SACRAMENTO, CA	US
S2-406368945	BEACON ALDEL INC	3N 104 SPRINGVALE RD, WEST CHICAGO, IL	US
S2-242929709	Clean Colombier West	1591 24, N/A, BELLMONT, NY	US
S2-322623369	Perone Ready Inc.	756 40, RICHBURG, NY	US
S2-794460251	WILLIAMS HIGGINS & GARRETT	17252 VILLAGE MAIN BLVD, PO BOX 2393, LEWES, DE	US
S2-72666131	ಲಕ್ಷ್ಮಿ ಕನ್ಸಲ್ಟೆಂಟ್ಸ್ ಪ್ರೈವೇಟ್ ಲಿಮಿಟೆಡ್	28 PRAKRUTHI NAGAR, BANGALORE, Karnataka	India
S2-216045158	aventa dealers private limited	KH NO. C-2745 BHARAM COLONY, KARHERA COLONY, GHAZIABAD, Uttar Pradesh	India
S2-804343171	C1ean Spruce  LLC	2104 RIVERSTONE LOOP, FERNDALE, WA	US
S2-287887640	डिजिटल पावर प्रा. लि.	MUMBAI CITY, BLOCK F-276 201, MUMBAI, CELLO PLAZA, V P ROAD, RAILWAY PHATAK ROAD, VILE PARLE(W), NEXT TO B.M.C MARKET, महाराष्ट्र	India
S2-954510268	BELEQUE CENTER (CÓRPORATION)		US
S2-316565939	Rainbow & Partners [Holdings]	NO-105, JONES ROAD SAIDAPET, Tamil Nadu	India
S2-384743049	Taylor Allspring Bay	200 CLARENDON DRIVE, DALLAS, TX	US
S2-366734606	BLUE PROPERTIES PRIVATE LIMITED	30, 2ND FLOOR, DATTANI GRAM NO.2 HEMUKALANI CROSS RD. NO. 3, IRANIWADI, K, ANDIVALI W, महाराष्ट्र	India
S2-121564325	Bricklayers Lfocal Union 394	537 King Street, WESTMINSTER CITY, SC	US
S2-342657886	Malissa Engelhardt Prime Sizzle LLC	8022 ARNOLDTOWN RD, LOUISVILLE, KY	US
S2-730866266	ALVAREZ MILUNA OF MOSCOW	ID, MOSOCW, 1751 POLK STREET	US
S2-861203099	Skywalk Impex Private-Limited	DOOR NO 730 C/O SH.VEER SINGH, BASAI, NOIDA SEC-70, NEAR M-BLOCK, NOIDA, उत्तर प्रदेश	India
S2-241121784	KAVERESH LIMITED APPARELS		India
S2-262370999	AARVAM  FINSERVE	S NO 38 BASILEO FLAT NO A 201, OPP NARMADA GARDEN, HAVELI, Maharashtra	India
S2-95998181	Eye Pioneer Medicine Medicine lncorporated	3545 GOOD HOPE RD, VIRGINIA BEACH, VA	US
S2-886683165	1770 Seventh Boulevard Associates LLC	SANTA CLARA CITY, 2520 BLACKHAWK DRIVE, UT	US
S2-545965307	DELTA SEVA SAMITI CORP CORP		India
S2-387835753	marketing source crusher private limited	#794 1602, LIMONA TOWER NO. 2, RUNWAL ANTHURIUM, LBS MARG, VEENA NAGAR, MULUND (W), MUMBAI, Maharashtra	India
S2-303541169	Dean  Tailwind	894 WILLMAN RD, TALLADEGA, AL	US
S2-580167335	Signature Horizon-Care Lakeside	16 CHAMPAGNE DR, BRIDGE CITY, TX	US
S2-136892989	Baker Grid	121 GATE HOUSE LANE, WARREN, VT	US
S2-646678668	Vior Ltd Services	004928 25TH STREET, CICRO, IL	US
S2-184854075	peakclassichealth.com	25 1120, AMERICAN FORK, UT	US
S2-736902897	Duran Oneim Incorporated	3503 Palomino Drive, ARLINGTON, TX	US
S2-862390145	Mills's Grill Ltd		US
S2-678876860	@rslegacy	FARMINGTON AVE, NULL, BERLIN TOWNSHIP, CT	US
S2-71564990	Physica1 Therapy Health L.L.C.	2239D SEDGEWICK DR, VIRGINIA BEACH CITY, VA	US
S2-196545689	ಸೂರ್ಯ ಹಾಸ್ಪಿಟಾಲಿಟಿ	H.NO 17401 PRESITGE, SHANTINIKETAN, ITPL ROAD, BANGALORE, BANGALORE NORTH, Karnataka	India
S2-782747418	Moore Famoy (Practice)	30 HATCHET STREET, ALTO, TX	US
S2-931402168	RTW Émerging	C/O OM PRAKASH JATAV GAUTAM NAGAR, GANDHI NAGAR THATHIPUR, GWALIOR, मध्य प्रदेश	India
S2-111819366	regionalmountainpurecycle.com	#12 DOXEY DR, GLEN COVE, NY	US
S2-458498856	Primary Care Specialists of Indianapolis Inc.	1821 EAST STREET, INDIANAPOLIS, IN	US
S2-926788796	Jordana Castro Midwest Bcé Partners	1124 GRAND AVENUE, TOLEDO, OH	US
S2-141419401	Dennis Bay Presidio North Llc	CHICAGO, 1685 105TH PL, IL	US
S2-839556291	Unique India  Private Limited	SHYAM NAGARBUDAUN BUDAUN, UTTAR PRADESH, उत्तर प्रदेश	India
S2-668442224	halcyon	105 SOUTH STREET, POTOMAC, IL	US
S2-945343204	Noell Pal Golden Sanayi,	906 ELMWOOD DR, PO BOX 2311, GEORGETOWN, TX	US
S2-61253037	Super [Medical-Centre]	23/163A, KUMMANCHERI JUNCTION CHANGHAMPUZHA NAGAR, PATHADIMPALAM, KALAMASSERY, Keralam	India
S2-433588988	Bangalore North India Private (Limited)	DESK NO. 15-L, NO. 14, OLD MADRAS ROAD, K R PURAM, BANGALORE NORTH, Karnataka	India
S2-631220695	Britt Best LLC Willow	TORONTO AVENUE, PRIOR LAKE, MN	US
S2-409995169	Horizon Hóvnanian	#43 SHORE CIR, ROCHESTER, NY	US
S2-605069329	RANKIN, COX NUNEZ NORTH SERVICE	5151 JESSUP ROAD, CHESTERFIELD, VA	US
S2-804616664	Private Industries Ngrs Infratech ([Limited])	101, VADODARA, Gujarat	India
S2-360545840	Private Kozhikode Infratech Ltd	DOOR NO.2211, 2/1149/1 100, HILITE BUSINESS PARK, GURUVAYURAPPAN COLLEGE, KOZHIKODE, Keralam	India
S2-403506738	गैलेक्सी ग्लोबल प्राइवेट लिमिटेड	B-401, ARCHIT ROYAL APT, MAHATMA NAGAR, NASHIK, Maharashtra	India
S2-708335557	Hk India Private-Limited	F-#44, PANEI SITE 2, PANKI, DADA NAGAR, उत्तर प्रदेश	India
S2-70252627	Cure  Pub Co	3800 WEAN DRIVE, NOTTINGHAM, MD	US
S2-526241461	Golden Producer Public Limited	SHOP NO 91 NEAR GRAIN MARKET, KOTKAPURA, Punjab	India
S2-938943443	গ্রীন ইনভেস্টমেন্ট প্রাইভেট লিমিটেড	R.NO 810C, CALCUTTA, HOWRAH, West Bengal	India
S2-979134871	Esteem  Trust	DOOR NO 2 KAIBARTAPARA BABURANI PARA PART BHATAPADA JAGADDAL, PARGANAS NORTH, West Bengal	India
S2-671966464	NCX LLP Center	29, R N MUKHERJEE ROAD, 2ND FLOOR, ROOM NO. 11, KOLKATA, West Bengal	India
S2-123941109	Christ Church Praesbbteerian	820 FLEMING STREET, GREENVILLE, NC	US
S2-412569369	Meor LLC	3107 WALNUT CREEK DRIVE, CITY OF WILSON, NC	US
S2-906774385	Beque Cornerstone Nasq PLLC	3085 WEST OWASSO BOULEVARD, ROSEVILLE, MN	US
S2-784256638	Renukadevi Service (India)	B-168, 1ST FLOOR NEW SUBZI MANDI AZADPUR, DELHI, Delhi	India
S2-788970928	CORP CREATIVE EDUCATION BRANDS	15694 101, BROOKINGS CITY, OR	US
S2-518489366	Miranoviyuma	LIVONIA RD, PAOLI, IN	US
S2-809720179	ಬ್ಲ್ಯಾಕ್ ಇನ್‌ಫ್ರಾ ಪ್ರೈವೇಟ್ ಲಿಮಿಟೆಡ್	PLOT 412 OPP.OLD BPCL PETROL BUNK ROAD NEAR KSRTC BUS STAND SHIDLAGHATTA, SOUTH KARNATAKA REGION, KOLAR, ಕರ್ನಾಟಕ	India
S2-138312161	Zephis King,	100 CYPRESS LANE, GRANITE FALLS, NC	US
S2-166562846	Brita H. Nóvak, DDS, (LLC) M.D.,	299 WHITE AVE, PEARL RIVER, NY	US
S2-289550846	sirius wealth llc	006326 LEGETT AVE, CHICAGO, IL	US
S2-430987391	KAHN JÓHNSON CORP	836 BRADINGTON CIR, WEBSTER, NY	US
S2-147235508	KORVIO (TRUIST)	#511 AMBER WAY COURT, IMPERIAL, MO	US
S2-169609833	Kerr Fóods LLC	165-A IRVIN CIR, KINGSTON TOWNSHIP, TN	US
S2-983598273	22/76 Cóhen LLC	#1168 HIGHBUSH AVE, FAYETTEVILLE, AR	US
S2-341807977	... MIDWEST  ENDOCRINOLOGY LLC	1658-D MCQUADE DRIVE, PO BOX 7931, OFALLON, MO	US
S2-421049955	expressnutritiondigital.com	8112 ST CHARLES ROCK RD, ST LOUIS, MO	US
S2-858316339	Slate P.L.L.C.	SOUTTHBRIDGE, MA, #735 CHARLTON STREET	US
S2-748390243	LLC Carpenter Capital Ford	##930 VERNAL AVENUE, VERNAL CDP, UT	US
S2-822303125	Sutton and Russell North LLC	5111 PINE ST, TULSA, OK	US
S2-168855590	Aj Gym Public Limited	#308 C-85/12, FF, GALI NO-8, KH-52, 53 MOHANPURI, MAUJPUR, NEAR MCD SCHOOL, DELHI, N/A, Delhi	India
S2-995770090	TRB CLOTHING PVT LTD	HIREN, #3- SUBHASH NAGAR CORNER, NEAR- AMRAPALI OPP - KOTHARI PROVISION, RAIYA ROAD, Gujarat	India
S2-954914201	Quality Culture	42 RESERVOIR RD, SHAFTSBURY CIY, VT	US
S2-78178709	ईस्टर्न Technologies Private Limited	Uttar Pradesh, DODHPUR 4/295P 2887, ALIGARH	India
S2-660391066	Franck  Standard	009525 LUCAS DR, BASON CDP, TX	US
S2-704293089	WILLIAMS,, LIZZY D.C.	4853 LAWLER AVE, CHICAGO, IL	US
S2-842875529	LEANNCOLONFEDERAL.COM	9229 106TH WAY, SCOTTSDALE HOPI, AZ	US
S2-399101780	MADSEN COASTAL IA		US
S2-168265830	Co. Erode Téchnology	28, ERODE, Tamil Nadu	India
S2-838287853	FFB Construction Pvt	SHOP NO 133, 1ST FLOOR, VARDHMAN PREMIUM MALL, DELHI, Delhi	India
S2-197190002	FPI Metro Byneric Group	8329 MOHAWK ST, TUALATIN, OR	US
S2-751509421	Baon-Corporation	5218 TWINBROOK ROAD, FAIRFAX COUNTY, VA	US
S2-64666062	FEDERAL BLUE PHYSICAL		US
S2-327317142	Simonetti Choice Better LLC	966 TYLER ST, BROWNSVILLE, TX	US
S2-766984904	#tylercrypto	PO BOX 2630, TX, 6090 UNITED STATES HIGHWAY 271, POWDERLY	US
S2-329784011	Hinojosa, Lavery & Lara Summit	FORT WORTH, TX, 4540 1/2 TACOMA TER	US
S2-995457957	rosalynirbychampionsgate.com	023 MOUNTAIN VIEW STREET, GASTONIA, NC	US
S2-331210980	M/s Nashik Enterprises LLP	DUPLEX 90, LANE 3, LEFT BANK PURI CANAL METRO SATELLITE CITY, BALIANTA, BHUBANESWAR, Orissa	India
S2-87523909	Ltd Khalid Fine	3-6-750, STREET NO 13, HIMAYATHNAGAR, HIMAYATHNAGAR, HYDERABAD, Telangana	India
S2-696233561	DIDO JOHNSON LLC PARTNERS (ID: 66075)	0012 MEETING HOUSE LANE, MA, null, SCITUATE	US
S2-394723129	Silver Securities Group	815  GUADALUPE DRIVE, UPLAND, CA	US
S2-644161877	TRUSTED SOUTHSIDE OAKTREE	208 OLD FORD RD, SHEPHERDSVILLE, KY	US
S2-419628368	Brightium Direct	236 FISH RD, ITHACA, NY	US
S2-400878491	HITECH SYSTEMS PRIVATE [LIMITED]	BLOCK NO. A101/1, SHAKTI PALACE, OPP.KONARKKARISHMA FLAT, NEAR RENUKA HALL, VASTRAPUR, AHMEDABAD, Gujarat	India
S2-65206196	Kornegay Acacemy	AZ, 12626 146TH WAY, SCOTTSDALE ITY	US
S2-450451576	Venus Institute of Technology Private	H. NO. 817, KSHETRA MAHULI DIST. SATARA, SATARA, Maharashtra	India
S2-978565028	Harmony & Sons Cómpany		India
S2-346970078	Heritage Society [LLC]	139 FORT GAHAM RD, N/A, WHITNEY, TX	US
S2-999281875	Lyra Fast Inc.	25210B MIRRORMONT BOULEVARD, ISSAQUAH, WA	US
S2-984833354	Alwin Realty Private Ltd	H.NO B3/8B LALBAZAR STREET1ST FLOOR, KOLKATA, পশ্চিমবঙ্গ	India
S2-7859321	GI Solutions Limited Private	NS-29 3RD FLOOR, MIANWALI NAGAR, PASCHIM VIAHR, NEW DELHI, Delhi	India
S2-791392248	SHAWGIOVANNADDS.COM	00570 HALSEY AVE, BUFFALO, MN	US
S2-451547851	PICK'S  ENGINEERING	9720-9722 KEDVALE AVE, N/A, SKOKIE, IL	US
S2-543220170	Bangalore North Solution Enterprises Private Limited	#535 , UVCE LAYOUT, 3RD STAGE, 1ST BLOCK, BANGALORE NORTH, Karnataka	India
S2-914393870	Mohr & Rowe Development Llc	GREENSBORO, 207 Hurston Way, NC	US
S2-404169421	Urban Limited Service	BLOCK A-757 909, FLOOR-9, PLOT-214, RAHEJA CENTRE, FREE PRESS JOURNAL MARG, NARIMAN POINT, MUMBAI, महाराष्ट्र	India
S2-539266338	Sakhi Welfare Center	DOOR NO 8-2-5 TO 12, RAVULA RESIDENCY SRINAGAR COLONY, PUNJAGUTTA, తెలంగాణ	India
S2-340146945	Aggy Trujillo Royal Sab Inc.	STATESVILLE, NC, 519-D PINEVILLE ROAD	US
S2-48490656	Barber & Barahona Home Improvements Inc.	100 WOODSHIRE DR, ANDERSON CREEK, NC	US
S2-343023289	Roth, Aleman and Dickson Inc Center	2506 L STREET, SACRAMENTO TOWNSHIP, CA	US
S2-569496737	स्टार टेक प्रा. लि.	S. NO. 50/2, THANE, MUMBAI CITY, Maharashtra	India
S2-423704496	Prudi's Patriot Investments (Inc.)	56 FOURTH AVE, EAST ROCKAWAY, NY	US
S2-425527496	The Pediatric Advanced Care  Associates Inc	IN, GLEN CANYON DRIVE, GREENWOOD	US
S2-474443910	Frontier Stárwood Inc		US
S2-8505349	সিলভার ফাইন্যান্স প্রাইভেট লিমিটেড	GARDEN REACH JETTY-2 20 GARDEN REACH ROAD, KOLKATA, HOWRAH, পশ্চিমবঙ্গ	India
S2-371859319	Kalamasseri For Prtcate Prtcate Limited	PLOT NO.9 MENON BARI, KALAMASSERI, Keralam	India
S2-844199455	Kolkata Center Enterprises Ltd Pvt	P-86 BLOCK-B LAKE TOWN, KOLKATA, পশ্চিমবঙ্গ	India
S2-122820351	Mclean Stone	22862 130TH STRET, DOUGHERTY TOWNSHIP, IA	US
S2-462735437	United League Group	CHEYENNE, 1321-1323 LOGAN AVE, WY	US
S2-315503380	The Liliane Ehlert Keystone Systems LLC	PEA RIDGE RD, MORGANTON, NC	US
S2-196457823	NEXIA BREAD LLC	123 ROADRUNNER LN, HOLLY RIDGE, NC	US
S2-89685361	Peyton's-Mountain	5401 GROVESIDE LN, ROLLING MEADOWS, IL	US
S2-466702885	Czyz Industries Riverside	4932 PARK AVENUE, MINNEAPOLIS, MN	US
S2-861325973	Standard Retail (India)  Private Limited	Madhya Pradesh, H.NO 122R/3 , 148, MANSAROVAR, NAGAR, MAHALAXMI NAGAR, INDORE	India
S2-13132039	C A Evans Noble Corporation	1611 WINDSOR WOODS BLVD, PERRY, IN	US
S2-562053250	Royal-Engineering L.L.P.	LEVEL - 2/3, ELEGANCE TOWER DISTRICT CENTER, JASOLA, NEW DELHI, Delhi	India
S2-41922818	Heritage Cosinuiay LLC	ME, 14 BEACH AVE, KENNEBUNK	US
S2-989163903	Ortega  Ventures LLC	201A MONTANA WELLS RD, RIO RANCHO, NM	US
S2-882001909	Hitech (Hospitality)	C/O MITHILESH KUMAR SINGH VILL - SHADHPUR BALLI, PS - KOPA, SARAN, बिहार	India
S2-248029871	>> Colonial Pinnacle Prémier Corporation	344866 890 ROAD, CHANDLER, OK	US
S2-683851916	United Academy Co Foundation	1238-C LAURA STREET, UTICA, NY	US
S2-20885020	ELITE MEDIA WORLDWIDE LLC #64516	164 ASHBURNHAM ST, FITCHBURG, MA	US
S2-780112789	सेवन ग्लोबल प्रा. लि.	S.NO.40, DIGAMBAR NAGAR, PUNE, PUNE CITY, Maharashtra	India
S2-917721305	& Iisan Conners, Mitchel Crane	7779 BLAIN HWY, NULL, CHILLICOTHE, OH	US
S2-276488009	CLEANING CORNER SNBERMRE	8929 POOL ST, HOBBS, NM	US
S2-372107892	Sree Private Limited Partners	F-D/86 G-87 8TH FLOOR, HIMALAYA HOUSE, NEW DELHI, दिल्ली	India
S2-648468373	Pediatric  Group	NY, MARATHON, 8 WARREN STREET	US
S2-407802637	Vaayutech Jiiint [Limited]	60/44, THIRD FLOOR, JC CHAMBERE, V 336, OPPOSITE KAIRALI FLAT, ERNAKULAM, Keralam	India
S2-844623850	स्वस्तिक मैनेजमेंट	FLAT NO. 1006, DELHI, WEST DELHI, दिल्ली	India
S2-3097512	VALLEY SOURCE  LLC	BROWNSBURG, IN, 7855-7857 267	US
S2-951317162	Prairie At (Inc)	1655 BRIGADOON TRL, GULF SHORES, AL	US
S2-337287946	NELS0N NETWORK PVT. PVT. (LTD.)	OFFICE NO. 410 & 411 INTERNATIONAL BUSINESS CENTER SURAT- DUMAS ROAD, PIPLOD, SURAT, Gujarat	India
S2-999177763	Birch Viking Inc	55 SAOXNY DR, SUDURY CITY, MA	US
S2-109579023	Coralyn Benett Diamond Northland Northland [Inc]	151 7RD STREET, OYSTER BAY, NY	US
S2-668153650	Hinkley Empire	STANCHFIELD DR, TOWN OF FOND DU LAC, WI	US
S2-838729027	CYPRESS INC SERVICES		US
S2-653905421	Premier Hospitality Global Inc		US
S2-404260919	ইউনিভার্সাল ফাইন্যান্স প্রাইভেট লিমিটেড	RISHRA, 80/1, HOOGHLY, West Bengal	India
S2-210612022	Commission on Aging LP	41 WOODLAWN AVE, KITTTERY, ME	US
S2-244548978	ఆల్ఫా టెక్ ప్రైవేట్ లిమిటెడ్	SY NO. 4-49/E, HYDERABAD, Telangana	India
S2-994168459	Capital Group PC	0927 WILLOW SPRINGS DR, LYNDON, KY	US
S2-376531164	स्वस्तिक इंफ्रास्ट्रक्चर	PLOT B3/609 PAP PLOT NO A-3, PUNE, KHED, Maharashtra	India
S2-667556829	Interfaith Coalition Partners Summit	615. MOHAWK AVENUE, PMB 5304, AKRON, OH	US
S2-156047248	CLASSIC  MOTION PRIVATE LIMITED	Rajasthan, NEAR GOVERDHAN KUND NATHDWARA (M) KARMCHARI COLONY, NATHDWARA	India
S2-340141239	FAMILY LLIAREY [GROUP]	0505 GEORGE P WHITE DR, RUIDOSO, NM	US
S2-723377203	ಪರ್ಫೆಕ್ಟ್ ಇಂಡಸ್ಟ್ರೀಸ್ ಪ್ರೈವೇಟ್ ಲಿಮಿಟೆಡ್	ಕರ್ನಾಟಕ, BANGALORE, NO 524, 2ND CROSS, 13TH MAIN, BEHIND CORPORATION BANK, JEEVAN BHIMANAGAR(HAL 3RD STAGE)	India
S2-751029002	AMIT LAW CHAMBERS (LTD)	S NO. 9A/3B, K.K MARKET, WING G, OFFICE NO. 101 FLOOR 4, DHANKAWADI, PUNE, <NULL>, Maharashtra	India
S2-639481062	Baramati  Haeltchre Corp	SHALON NIWAS, VASANTNAGAR, BARAMATI, महाराष्ट्र	India
S2-996005053	VIIFY (RITHM)	JEFFERSON AVENUE, SACRAMENTO, CA	US
S2-154348047	health valley charities inc	HILLTOP DRIVE, PITTSFORD, NY	US
S2-338576613	തിരുപ്പതി എസ്റ്റേറ്റ് എൽഎൽപി	FIRST FLOOR-VAIDEHI, THACHETH LANE, KALOOR-KADAVANTHRA ROAD, KADAVANTHRA, KOCHI, ERNAKULAM, Keralam	India
S2-64075840	qrs products limited	K1104, TOWER 6, ADARSH PALM RETREAT BELLANDUR, BANGALORE, N/A, Karnataka	India
S2-613828754	Community-Ministries Holdings	005291 DIXIE HILL RD, PMB 302, BUCKINGHAM COUNTY, VA	US
S2-110095736	Femina International School Ventures	Uttar Pradesh, NO 516 4TH FLOOR SPACE TOWER 1 MAUJA KAKRETA NEAR HOLI PUBLIC SCHOOL, AGRA	India
S2-885017531	Modern Builders Preite-Limited	A/1204., G BLOCK, C 70, THE CAPITAL, BKC, MUMBAI, Maharashtra	India
S2-853560661	Products Sunny Bio-Pune Corporation	FLAT NO G-002, ROHAN MITHILA, S NO 227 PLOT NO 5, VIMANNAGAR, LOHGAON PUNE, PUNE, Maharashtra	India
S2-860050872	गोल्ड डेवलपर्स प्राइवेट लिमिटेड	PLOT NO-13, BHOPAL, Madhya Pradesh	India
S2-948784115	Kothali Solutions Private	C/O SHRI PATIL SHRIKANT BABGONDA, PATIL GALLI GRAMPANCHAYAT JAVAL, T SHIROL, KOTHALI, Maharashtra	India
S2-336385389	P+ Snuond Inc	HARRIET AVENUE, BLOOMINGTON, MN	US
S2-353610216	Burse, Atkins and	13071 FAIRWAY LANE, HANOVER COUNTY, VA	US
S2-586419290	डायनामिक कंस्ट्रक्शंस प्रा. लि.	PLOT 348 H.NO- M/5, PATNA, बिहार	India
S2-661458388	RUSSELL + SMITH LLC	1214 110TH PL, CHICAGO, IL	US
S2-495442348	-- Gaor	675 LEXINGTON AVENUE, THORNVILLE, OH	US
S2-976710755	Poirier-College	N3708 152, WAUTOMA TOWNSHIP, WI	US
S2-456016011	Bunet Inc.	08 TEMPER ST, HUNTSVILLE, AL	US
S2-421905325	EMPIRE  CERTIFIED XRP LTD	101 FOX CHASE DR, GADSDEN, AL	US
S2-654814950	Shri Bharat Públic School	H.NO 63 RADHA BAZAR STREET3RD FLOOR, KOLKATA, West Bengal	India
S2-681545601	Balderson Ares	17 SHADY LN, HERTFORD, NC	US
S2-484874428	Reliable Cables (Índia) of Kolkata Private Ltd		India
S2-462295930	Radiance Brothers	C/O PUSHPADEVI DURYODHAN, DESHMUKH MOHAN NAGAR, NEA, AMRAVATI, NULL, Maharashtra	India
S2-977376271	Brothers Nirman Private Ltd	JAI JAWAN STALL, MOTI BAGH NEAR MOTI LAL NEHRU COLLEGE, NEW DEHI, Delhi	India
S2-472050021	Soto, Dasi,D.D.S., P.C.	2900 DANZIG PL, LOISVILLE, KY	US
S2-629466393	Shantaram Institute of Technology Corporation	D-38/A, ASHOK MACG C-SCHEME, NEAR AHINSA CIRCLE, Rajasthan	India
S2-87824051	Zevge	8105 SANDIIPER CIR, NOTTINGHAM, MD	US
S2-775751864	CARE SPINNERS LIMITED	00534 A/179, PEOPLES COOPERATIVE COLONY PS-KANKARBAGH, Bihar	India
S2-291615624	Eastern ഇൻവെസ്റ്റ്മെന്റ് പ്രൈവറ്റ് ലിമിറ്റഡ്	ROOM NO. 380, 1ST FLOOR, BISMILLAH SHOPPING COMPLEX MARKET ROAD, OTTUPARA, WADAKANCHERRY, KUMARANELLUR P O, Kerala	India
S2-949496085	Cardiology Pacific Cáre Associates LLC	8404 PLUM RUN DRIVE, CLARKSVILLE, IN	US
S2-260843358	New Delhi 5ystems Private Limited	M16, SECOND FLOOR, VEER SAVARKARMARG, LAJPAT NAGAR, LAJPAT NAGAR II, NEW DELHI, Delhi	India
S2-266950668	Neal Central-LLC	NATICKK CITY, 23. SPEEN ST, MA	US
S2-679250027	BU Systems Company		India
S2-32633855	Pediatric Dental-Clinic	NC, ANDREWS, 85 AZALEA LANE	US
S2-281583219	PREMIER DI6ITAL LLC CENTER	1037  BERRA DRIVE, SPPRINGFIELD, TN	US
S2-432022594	Lettie's  Holdings	IL, VILLAGE DR, DOWNERS GROVE	US
S2-801647785	Indraprastha (G1obal)	0714-A, 7TH FLOOR, MOUNT ROAD, ANNA SALAI, CHENNAI, தமிழ்நாடு	India
S2-53424489	Family  Physicians	ELAM SAINT, NEW BRITAIN, CT	US
S2-973232185	Arora Business Private-Limited		India
S2-186460435	Pinnacle Anchor Tire Shop LLC	142 PUMPKIN PATCH LN, DE, HOCKESSIN CDP	US
S2-390118953	Multiwyn  Traders	DOOR NO 382 B-1/5, GF, PASCHIM VIHAR NEW DELHI, Delhi	India
S2-352763563	Gopal Marketiers	208-212, BLOCK-B PLOT NO.16, INDIRAPURAM HABITAT CENTRE AHINSA KHAND1 INDIRAPURAM, GHAZIABAD, Uttar Pradesh	India
S2-809015016	SHIKHA PVT LTD SERVICES	ROOM NO.037/2060-3, CHULIL TOWER 2NDFLOOR, SANKARAYYAR ROAD, WEST FORT, THRISSUR, കേരളം	India
S2-441612082	Moveror Holdings Group	1915 LAKE SHORE DR, LAKE WACCAMAW, NC	US
S2-230805964	Private Bright Produhecr Limited	K-12, DELHI, FINE HOME APARTMENTS MAYUR VIHAR PHASE - I, Delhi	India
S2-348369152	Main Street [Bakery]	830 21ST STREET, DICKINSON, ND	US
S2-673197311	Digital Health Technologies Co	5320 40TH AVE, NULL, WI, KENOSHA	US
S2-585511040	Smt Cr0wn Medical Centre Group Private Limited	PLOT 33 SR 326 & 328, KONIJERLA MANDAL, KHAMMAM, తెలంగాణ	India
S2-62944019	JOBYEBFOOTECOM	STATE RD, NORTH ROYALTON, OH	US
S2-252714061	गुरु यूनिवर्सल इम्पेक्स प्राइवेट लिमिटेड	H.NO 537  A.R. COMPLEX, FLAT NO. G-1, MODEL HOUSE GROUND FLOOR- NO- 107/55 BAISI KI MASJID, LUCKNOW, Uttar Pradesh	India
S2-90622985	Jupiter Vyapaar Private  Limited	FLAT NO. 001, GROUND FLOOR, THE CITADEL SARAIN SHEIKH, CHINHAT, LUCKNOW, Uttar Pradesh	India
S2-751608006	CORNERSTONE LLC  PARTNERS	0434 DODGE BOULEVARD, TUCSON, AZ	US
S2-851367005	Gerrilee Blsilbdcr, L.C.S.W. Group Group	5013 THIRTEENTH PL, null, GARY, IN	US
S2-965935076	सिटी एग्रो ऑटोमोबाइल्स लिमिटेड	A-226, SHOP NO. 208, SECOND FLOOR SHANTI GOPAL CHAMBER, VIKAS MARG, EAST DELHI, Delhi	India
S2-765837826	Kim Corporation  Ltd	199  BRIGHAM HILL ROAD, N GRAFTON, MA	US
S2-399995952	Foundry Partners	90 CORWITH AVENUE, SOUTHAMPTON, NY	US
S2-877465510	CLARK ASSOCIATES INC.	NEW BEDFORD, MA, 950 1/2 FAIRFIELD ST	US
S2-841076076	यूनिक प्रोडक्ट्स प्राइवेट लिमिटेड	PL NO 8 VIKASANAND HOUSING SOCIETY NEAR VIKAS ASHRAM, WARDHA ROAD SOMALWADA, NAGPUR, Maharashtra	India
S2-800068814	Richter Hegand Kkr LLC	006125 KELLOGG AVENUE, EDINA, MN	US
S2-998235313	Fashion Water Exports Pvt Ltd	H.NO. #2- TULSI NAGAR COLONY, OPPOSITE ROHILKHAND UNIVERSITY, BAREILLY, Uttar Pradesh	India
S2-753205658	वन एस्टेट प्रा. लि.	VIPIN HOUSE, EAST DELHI, Delhi	India
S2-84247394	pjcreative.com	031/790, ERNAKULAM, Kerala	India
S2-876316492	R Z BRYANT FAST, FAST, LLC	607 A LACONIA AVE, STATEN ISLAND, NY	US
S2-88809432	INNOVATIVE PIEDMONT NEUBERGER [L.L.C.]	309 WOOD AVE, BOSTON, MA	US
S2-162379971	Surgical Federal Clinic LP	5304 CROMWELL PLACE, SPRINGFIELD, IL	US
S2-408866262	#finbroadcasting	D/602 EXCELLENCY TOWER, INDRALOK PHASE 8 BHAYANDER EAST MUMBAI, MUMBAI, Maharashtra	India
S2-77786627	Gulf Center-V	BEND, 61187 CONE FLOWER ST, OR	US
S2-195155808	Vioectomira	690 66ND ST, NEHAWKA CITY, NE	US
S2-131879162	Rely Media Private Ltd	PLOT NO. B3/6-A DEO NAGAR, INDRA NAGAR, LUCKNOW, उत्तर प्रदेश	India
S2-482112318	Dental Pinnacle Health Care Ltd	4969-B SCHOOL ST, CHICAGO, IL	US
S2-544215316	Ani1-Clearing Limited	GAT NO.63, KHUTBAV ROAD NEAR KANIFNATH MANDIR, YEWAT, TQ-DAUND, महाराष्ट्र	India
S2-504688345	Empire Holdings Group, Inc Center	1-5 LLOYD LN, NESCONSET, NY	US
S2-695080885	Smt Ram Industries Private	DOOR NO 909 178, DEFENCE OFFICERS COLONY EKATTUTHANGAL, Tamil Nadu	India
S2-632008507	Neill Tótal Rain Corp	##16333 Highview Dr, CLEVELAND, OH	US
S2-203532020	Harbor Secure	23 MORRIS ST, WEBSTER, MA	US
S2-575722186	సిటీ ఇన్‌ఫ్రా ఆటోమొబైల్స్ ప్రైవేట్ లిమిటెడ్	#D/34 NCC HOUSE, 6TH FLOOR, SURVEY NO.64 MADHAPUR, HYDERABAD, Andhra Pradesh	India
S2-378511617	Anita Madsen Esports Associates (ID: 57550)	AZ, 4035 HAMBLIN DRIVE, PHOENIX	US
S2-22750932	Dr Victory Clinic Technologies	PLOT 802 BLOCK NO. 402, M.G. HOUSE, RAVINDRA TAGOR MARG CIVIL LINES, NAGPUR, महाराष्ट्र	India
S2-162607342	Kozhikode Limited Private Logistics	68/1520, 2ND FLOOR, CM MATHEW BROTHERSARCADE, CHAKKORATHUKULAM, KOZHIKODE, <NULL>, Keralam	India
S2-769829429	SELECT STAFFING  WORLDWIDE	NC, #7601 CYPRESS WOOD CT, RALEIGH	US
S2-359486733	एपेक्स कंसल्टिंग एलएलपी	#81 GZB, 2-B-267 VASUNDHRA, GHAZIABAD, GHAZIABAD, KAUSHAMBI, Uttar Pradesh	India
S2-290346760	Swastik and Sons Private Limited Limited	PLOT NO.J-A-2, UPPER GROUND, FLOORBLOCKJ, ARYASAMAJROAD, NEW DELHI, Delhi	India
S2-642508847	Macdonald Sáfe LLC Center	459 540, HURRICANE, UT	US
S2-138426743	शक्ति लॉजिस्टिक्स प्राइवेट लिमिटेड	PLOT NO. RB-500, RIICO, INDUSTRIES AREA KAROLI, TIZARA, ALWAR, Rajasthan	India
S2-616033211	Moseley Métro Oneim LLC	2368 ANSLEY ST, ALLIANCE, OH	US
S2-739668291	ब्राइट टेक्नोलॉजीज प्राइवेट लिमिटेड	M-2 FIRST FLOOR WEST PATEL NAGAR, NEW DELHI, WEST DELHI, Delhi	India
S2-496283299	ब्लैक बिजनेस लिमिटेड	FIRST FLOOR B-4 HAIR BHUVAN, ZAVER ROAD, MULUND WEST, MUMBAI, Maharashtra	India
S2-890561421	Straight Edge Cafe Holdings	37 JORDAN LN, RAYMOND, ME	US
S2-70009557	JEWEL SIMONE PLATINUM  PET CARE CORPORATION		US
S2-7630146	BRIGHT DINER	01855 51 STREET, BROOKLYN, NY	US
S2-31632971	பாபா ஃபைனான்ஸ் ஹார்டுவேர் பிரைவேட் லிமிடெட்	PLOT NO. 2/10, BALAJI NAGAR EXTENSION, TAMBARAM, KANCHIPURAM, தமிழ்நாடு	India
S2-204008682	DIGITECH INDUSTRY  PRIVATE LIMITED	FLATNOB/##104WESTERN AVENUE, S.NO 131(P) S.NO. 132(P), PUNE CITY, Maharashtra	India
S2-548605487	Fluxvera	HYDERABAD, C-107C SREE RAM NAGAR KONDAPUR, Telangana	India
S2-273604998	व्हाइट एनर्जी एलएलपी	DLF BUILDING 9, GURGAON, Haryana	India
S2-215666004	A Modern  LLC Service	10576 1/2 CHALK LEVEL RD, null, GERTNA, VA	US
S2-619157180	L.L.C. Irwin Rapid Viii	COBBLESHIRE CT, HOUSTON, TX	US
S2-776349833	Reuter, Gabriela, O.D. Co	5843 PENN AVE, MINNEAPOLIS, MN	US
S2-89701977	INCORPORATED WILSON NASDAQ	LAKE, IN, 14613 LEESBURG ROAD	US
S2-175763455	Dr Lakshmi Logistics Hardware Prívate Limited	S- 2/656 H-2, SIKRAUL, VARANASI, Uttar Pradesh	India
S2-953673331	COMPLETE PACIFIC P.L.L.C.	39 REDBUD LANE, CARLTON LANDING, OK	US
S2-834940595	Kohn Hunter Grill Clinic	10818-C WEST RD, HOUSTON, TX	US
S2-606357364	Novoli Inc Partners	IL, 5124 CRYSTAL SAINT, CHICAGO	US
S2-175856395	One Ecom  Pvre Limited		India
S2-356104535	Ace Group Consumer Vanguard	OFALLON, MO, 1106 CYPRESS DR	US
S2-328020243	CARDIOLOGY CARE ASSOCIATES L.L.C.	304 ARMORY AVENUE, CHARITON, IA	US
S2-451707263	Bhive  Foundation Corporation	West Bengal, 66, DHAN DEVI KHANNA ROAD 2ND FLOOR, KANKURGACHI, KOLKATA	India
S2-927986779	Cozy Ttvdn	MOUNT AIRY, 147 WILSON ST, NC	US
S2-51091753	WESTLING AND DAHMC	178 WINDY MAEDOW RD, NORTHFIELD, VT	US
S2-908653905	Bankey  Kidney Public Limited	Gujarat, B 1001., GALA IMPERIA, NR HAVELI BUNGLOWS B/H. T.V. TOWER, DRIVE IN ROAD, THALTEJ, AHMEDABAD	India
S2-547561770	Avinash (India) Studio Pvt Limited	H.NO 1006 SAIRANG SNO 40/1/2/3 NR PARANJPE SCHOOL KOTHRUD, PUNE, Maharashtra	India
S2-583982089	Diamond LLC Partners	002297 LA BRECQUE DR, JOLIET, IL	US
S2-212940261	The Pediatric  Dental Clinic	85 AZALEA LN, ANDREWS, NC	US
S2-446277953	Cure Tavern	3132  AUTUMN FIELD, KERNERSVILLE, NC	US
S2-252039889	Alarcon Harbor Agnc	110 FLORENCE STREET, PMB 1419, MA, MALDEN	US
S2-101316074	INTERNAL MEDICINE AMERICAN CENTER COASTAL LLC	1483 SHERBORNE ROAD, LUCASVILLE, OH	US
S2-758324743	Dagsboro Dagsboro Pediatric Dental Sterling Meadicibie LLC	00125 RIVERVIEW DR, DAGSBORO, DE	US
S2-539502972	Mendez Interests Inc.	104 DORCHESTER STREET, OECAN CITY CDP, MD	US
S2-771396522	Shri Srishti Trading Private Ltd	PERIYAPATNA, ABATOORU ROAD, PERIYAPATNA, PERIYAPATNA, ಕರ್ನಾಟಕ	India
S2-586421492	Mr W0rldwide Memorial [Trust]	HN 173 H NO-226 G/F SHAKTI KUNJ MAIN ROAD VILLAGE DALLUPURA BEHIND SOMARVILLE SCHO, DELHI, EAST DELHI, दिल्ली	India
S2-776668319	@grandrealty	9785- 1200, GREENFIELD, IN	US
S2-944973961	Dr Arp Buddha Exports	1-4-945-957, JANAPRIYA ABODESPLOT.NO.429 BLOCK.NO.3, STREET.NO.7, GANDHI NAGAR, తెలంగాణ	India
S2-922903741	Pediatric Dentistry (Kéystone)	00 GLENN DR, CAMARILLO TOWNSHIP, CA	US
S2-71585060	Thane Auto Private-Limited	BLOCK A-279 OFFICE NO. 910, 9TH FLOOR, HAWARE INFOTECH PARK, THANE, Maharashtra	India
S2-62439208	Sra Mmntiervnces Corporation	HN 664 T-59, ASHAINA MANGLLAM KALWAR ROAD, MACHWA, JAIPUR, Rajasthan	India
S2-733500974	Dr Annapurna & Sons Enterprises Limited	FL NO.115, BLOCK-A, ANGEL AVENUE PS-BALIANTA, HANSPAL, BALIANTA, Odisha	India
S2-389417747	Cure Deli!	15438 SUNSHINE ROAD, <NULL>, HOLLAND, TX	US
S2-992532092	भारत फूड प्राइवेट लिमिटेड	H.NO 701, MULUND (E), MUMBAI, Maharashtra	India
S2-560732759	Urgent Express Care Specialists	WOLCOTTSVILLE RD, ROYALTON, NY	US
S2-198226220	Agm Agm Technology Prívate Limited	Andhra Pradesh, 0016-317/69 , SYMPHONY PARK HOMES BEERAMGUDA, PATANCHERU, HYDERABAD	India
S2-2410679	HAPPY BAKERY	104-17 123 STREET, SOUTH RICHMOND HILL, NY	US
S2-496557831	QUIRINO & SKIDMORE MCKINLEY	001889 HART ST, RIDGEWOOD, NY	US
S2-132310962	Shiv Energy Ltd	20, SAGAR SHOPPING CENTRE, OPP. PARUL TENAMENT, NR. CANAL JASODANAGAR, AHMEDABAD, Gujarat	India
S2-682627443	Indian Pharmaceuticals  Enterprises (Limited)	48- H/O- SRI LALIT KUMAR SINGH, SHREE AYODHY ADHAM, P.NO-159, BHAGWATNAGAR, BAHADURPUR, PATNA, Bihar	India
S2-394107215	denttavern.com	18218 131ST CT, BOTHELL, WA	US
S2-817809716	PIONEER BRIGHT NEWS NEWS INC	##33 MACLANE CT, SAINTLOUIS, MO	US
S2-491611096	जय आईटी लिमिटेड	383/18, EAST DELHI, दिल्ली	India
S2-242193740	GREEN IBDSCAR PRIVATE LIMITED	HN 534 BHAIYASAHEB AMBEDKAR NAGA, R, OT SECTION, KALYAN, महाराष्ट्र	India
S2-122398345	Corp Compass Amilfpiy Westgate	SACRAMENTO CITY, 9162 FIRELIGHT WAY, CA	US
S2-995836248	Sanchez Lending	MILLERS WAY, IL, ORLAND PARK	US
S2-622947385	WZ Ha1l	DC, 579. I STREET, WASHINGTON	US
S2-641743596	Lynette Fulco	746 1/2 TRADE SAINT, NC, CHARLOTTE	US
S2-374729860	ಪ್ರೈಮ್ ಗ್ಲೋಬಲ್ ಪ್ರೈವೇಟ್ ಲಿಮಿಟೆಡ್	371-372, BANGALORE, Karnataka	India
S2-716776643	Anilora Mcna Private Limited	H.NO 390 , AMRUTHA TOWERS, 2ND CROSS, 80 FEET ROAD, BANGALORE NORTH, Karnataka	India
S2-518407282	Pioneer Semiconductor Holdings	2522 SIXTH ST, MISHAWAKA, IN	US
S2-847590909	bi.com	C/O NIALDRI PAL, BURDWAN - I, BARDHAMAN, West Bengal	India
S2-236816059	Chiropractic Specialists	PLAYERS CLUB DRIVE, SAINT JAMES, NC	US
S2-728803475	Caraball0 Strategic PC	104 WHITE MAPLE LANE, <NULL>, KY, OWINSVILLE CITY	US
S2-553481566	HOWARD AND AND GSIGLAO ROYALTY LLC	03103 Saratoga Ave, CLEVELAND, OH	US
S2-523332136	Village  Of Somers Community	TWELFTH STREET, KENOSHA, WI	US
S2-157507310	होटल कृष्ण इंफोटेक प्राइवेट लिमिटेड	D9, NOIDA, GAUTAM BUDDHA NAGAR, Uttar Pradesh	India
S2-967694413	Premier Consumer Works Corp.	63RD AVENUE, OR, PORTLAD	US
S2-459390313	Metropolitan Enacore	NY, PMB 5969, EAST PATCHOGUE, 16 COUNTRY GREENS DRIVE	US
S2-473280780	#6049vehicle	482 GLEN LILY RD, BOWLING GREEN, KY	US
S2-763581580	N/R  Currencyshaers PLLC	CITY OF BROOKFIELD, 13555 BISHOPS CT, WI	US
S2-146026647	Dickson Energetics	239-243 ASTRAN DR, DENTON, NC	US
S2-451973813	होटल हरि बिजनेस एलएलपी	C/O NEERAJ KUMARI, VILL PO BHATGAON BANTHRA, LUCKNOW, BARABANKI, उत्तर प्रदेश	India
S2-617862112	Brighttis Dóminion	438- East Avenue, OAK PARK, IL	US
S2-650237643	ਈਸਟ ਕੇਅਰ ਪ੍ਰਾਈਵੇਟ ਲਿਮਟਿਡ	2030, STREET NO.33, GURU GOBIND SINGH NAGAR, NEW SHIMLA PURI, LUDHIANA, Punjab	India
S2-515412564	Jain F0undation Textiles Ltd	SPACE 917, OFF NO.506-507, ABOVE FASHION FACTORY, MIRA-BHAYANDER ROAD, MIRA ROAD EAST, VASAI, Maharashtra	India
S2-17880207	VRB F0UNDATION PRIVATE LÍMITED	R -207, 2ND FLOOR TOWER R STELLAR JEEVAN GREATER NOIDA EXTENSION, NOIDA, Uttar Pradesh	India
S2-707012241	Gonzales, Rose & Morello-Inc.	6354 MENLO STREET, CITY OF SIMI VALLEY, CA	US
S2-816983910	वन इंफ्रास्ट्रक्चर एलएलपी	SECTOR-8, BALLABGARH, Haryana, FARIDABAD, HOUSE NO. 44	India
S2-546892556	Agatha Export [Private]	GURU KIRPA HOUSE NILOWAL ROAD, SUNAM, Punjab	India
S2-972895314	Shri Royal Engineering  LLP	LEVEL - 2/3, ELEGANCE TOWER DISTRICT CENTER, JASOLA, NEW DELHI, Delhi	India
S2-895762437	MCWILLIAMS GREEN TANKERS VALLEY	225  EVELYNTON CT, WILLIAMSBURG, VA	US
S2-116324647	pediatric dentistry precision care llc	BROOK BOULEVARD, WARSAW, IN	US
S2-891089422	Zireus Ridge LLC	32 BRUBAKER ROAD, BENTON TWP, OH	US
S2-250966339	LUA Value Automobile Clinic	77 HUGHSON RD, CAREL, NY	US
S2-346736217	Grace Zion	SPRINGFIELD, 400 328 MADISON ST, IL	US
S2-257957326	Smt East Management  Limited	NO.33, SURVEY NO. 385, PAZHANCHUR VILLAGE, CHENNAI- BANGALORE HIGHWAY, SRIPERMPUDU, R TALUK, CHENNAI, Tamil Nadu	India
S2-822091394	THOMPSON CAPlTAL PARTNERS	613 C HUNTER COURT, VIRGINIA BEACH CITY, VA	US
S2-879465762	Quality  Industrial-Laboratories	311 -233 22ND STREET, VIRGINIA BEACH CITY, VA	US
S2-881571134	Frod LLC	101, LAMPASAS, TX	US
S2-289697958	Inc Brynna's Cafe	32 BLACK MOUNTAIN LN, JAY, NY	US
S2-18557216	Ulrikaumeko Owens, P.A.,	26 1/2 DERWEN ROAD, PA, BALA  CYNWYD	US
S2-433819177	Liberty League-of Ssiler Spring II	##2905 RANDOLPH ROAD, SILVER SPRING, MD	US
S2-51233452	M/s CHANAN INFOTECH	L-36 VIJAY CHOWK, LAXMI NAGAR, DELHI, <NULL>, दिल्ली	India
S2-868026306	teetermidwestwilliams.com	CHERYL LANE, ZIOSVILLE, IN	US
S2-693839975	Z 4 T LCNGDN GROUP	143 LAKE GEORGE AVENUE, TICONDEROGA, NY	US
S2-900366855	LILITH MAURER  INNOVATIVE L.L.C.	IOWA CITY, 002119 KEOKUK ST, IA	US
S2-773075095	Media Kent Ínfratrade Private Limited	DDA FLAT NO-6-D PKT D-2 KONDLI GHAROLI, NEAR GATE NO 1, EAST DELHI, Delhi	India
S2-315545933	Oncology Medicine Global	#10730 CHURCH STREET, RANCHO CUCAMONGA, CA	US
S2-29309415	Delta King Inc	7405 MULLAN RD, MISSOULA, MT	US
S2-807174498	Family Group Inc Center	#17 SYLVESTER RD, null, EAST SHOREHAM, NY	US
S2-400895768	NM Thnolggies Inc.		US
S2-563524101	Analiese's C0lonial Analytics Inc	71 COPLON RD, SCHENECTADY, NY	US
S2-895434442	PEDIATRIC DENTAL RIDGE ASSOCIATES, GROUP	1735 MEADOWBROOK LANE, WILSON, NC	US
S2-400041945	SHARON CHARITABLE TRUST	C-114, PART 1, HOUSE 1432, INDORE, N/A, Madhya Pradesh	India
S2-20153393	Prudence Institute Public Limited	NO ##7 C/O ALKA JAIN W/O MUESH, JAIN H N 43 GOVIND PURAM, AJMER, Rajasthan	India
S2-399439741	Cure Pilates! Harbor Corp	4108-C Marion Rd, SIOUX FALLS, SD	US
S2-35748681	United Charter School	0015425 HAIKU ROAD, EVANSVILLE, IN	US
S2-659741926	Motihari Ihmeeox Private Limited	PLOT 422 S/O H. S. PD SARAF, BARIYARPUR N.H 28, MOTIHARI, Bihar	India
S2-607713438	एसएस सेवन प्रोड्यूसर लिमिटेड	महाराष्ट्र, THANE, FLAT NO.201, NAVI MUMBAI	India
S2-362609249	Life Care  Pvt Ltd	ONO C-18 NNO 39 G FLR, THALAYARI STREET ROYAPETTAH, CHENNAI, Tamil Nadu	India
S2-361364517	KAZIRANGA INSTITUTE PVT LTD	DOOR NO 282/5 B-2105/06 XXCLUSIVE WHISPERING PALMS LOKHANDWALA TOWNSHIP, AKURLI ROAD, KANDI, VALI EAST, MUMBAI, Maharashtra	India
S2-279123524	विजन ट्रेडिंग प्राइवेट लिमिटेड	SECOND FLOOR, NULL, GHAZIABAD, Uttar Pradesh	India
S2-453076951	Creative High It Prívate Limited	STREET NO. 11  MAYUR VIHAR, SONIPAT, Haryana	India
S2-985324113	सुपर डेवलपर्स ऑटोमोबाइल्स प्राइवेट लिमिटेड	H.NO 159-181- BASEMENT, NEW DELHI, CENTRAL DELHI, दिल्ली	India
S2-392636252	KHAIRATABADCHITS.COM	6-3-596/69, NAVEEN NAGAR, KHAIRATABAD, Andhra Pradesh	India
S2-789892811	Harris and Kirk Assets Corp	115 GUMWOOD DR, HYATTSVILLE, MD	US
S2-723683635	अल्फा एस्टेट प्रा. लि.	C/O MAHENDRA S/O BHANWAR, SINGH RAJPUT, RIYAN BADI, MERTA, NAGAUR, Rajasthan	India
S2-648076569	Mr Arha Adievossr Private Limited	H.NO 7-1-36, NAMA HEIGHTS, 3RD FLOOR, DHARAM KARAM ROAD, BESIDE LEGEND JAGANATH RESIDENCY, AMEERPET, SECUNDERABAD, Telangana	India
S2-35227382	सदर्न इंजीनियरिंग	G-01205A SAVIOUR GREEN ARCH, GH 10A, TECHZONE 4, AMRAPALI DREAM VALLEY, GAUTAM BUDDHA NAGAR, BISHRAKH, Uttar Pradesh	India
S2-671195116	Nguyen Royal (Premier)	7582 PRICEVILLE ROAD, HART COUNTY, KY	US
S2-101460957	गोल्डन एंटरप्राइजेज	DOOR NO 11/48A/1 RAMBAGH NUNHAI (HATHRAS ROAD), AGRA, KALAL KHERIYA, Uttar Pradesh	India
S2-75177138	Ear Nose & Throat Ridge Health Westgate LLC	28326 206, DOWNSVILLE, NY	US
S2-79696494	Shri Krishna Services Exports Private Ltd	DOOR NO 58 C/O SURESH DHANKANI P NO, VIVEKA NAND NAGAR, JODHPUR, Rajasthan	India
S2-397537264	Housing-Guild  VI (ID: 72836)	26 1/2 CEDAR RD, SHENANDOAH COUNTY, VA	US
S2-843690454	Trotman Ship Wadsworth &	501 ELEVENTH ST, WELEETKA, OK	US
S2-317528080	Patna Pictures Ventures Private	NO 89 S/O LT MNP SINGH PANDOI, KOTHI, TARKESHWAR PATH, BORING ROAD, PATNA, null, बिहार	India
S2-112914462	pq plumbing llc	DALLAS, 05 PRAIRIE AVENUE, TX	US
S2-373013269	Quality Metro Specialists Group LLC	106 AIRWAY DR, LORDSHIP, CT	US
S2-637111758	Frog  India	PLOT NO.176, SECTOR 52, GUTIGAU, GURUGRAM, Haryana	India
S2-264511405	eugeniachristensenquality.com	I-275 WB EXPRESSWAY, CNCINNATI, OH	US
S2-174763100	Vohra Academy LLP	DODDAKUNTANAHALLI, #80, SHANUMANGALA POST, BIDADI, RAMANAGAR, ಕರ್ನಾಟಕ	India
S2-730772300	Woods and Lowe [Inc]	LA CROSSE, WI, 14/61	US
S2-866692813	Clea  E. Jones, D.C., PC East Corporation	TN, MARYVILLE, 2718- MONTE VISTA DR	US
S2-77516376	Novixylo	7430 WILLIAMS AVENUE, SAINT LOUIS, MO	US
S2-651367345	Leonard Frontier Marshall Co	3119 CHAMBERS CIR, WICHITA, KS	US
S2-502378016	Swastik Products Private Limited	MAKAN NO. ##633 KRAMCHARI, COLONY, NEEMUCH, Madhya Pradesh	India
S2-602403382	Silvertoss (Trading)	6128/1, G/F GALI-6-R REGHAR PURA KAROL BAGH, NEW DELHI, Delhi	India
S2-196141772	Inc Family Spécialists	310 6 ZIMMERMAN DR, IL, SHEMRAN CDP	US
S2-734812623	ALPANA UDYOG (LTD)	NO ##51 1/30, CHITTARANJAN COLONY, KOLKATA, KOLKATA, null, West Bengal	India
S2-787565878	Premier Keystone Pacific (Inc)	MA, 41 BULFINCH ST, LYNN	US
S2-134650115	Z+ Sóuthern	SAINT JAMES ST, WEST HARRTFORD, CT	US
S2-391886277	ગ્રેટ વેન્ચર્સ મેડિકલ્સ લિમિટેડ	7RD FLOOR THE OBELISK, OPP SHELL PETROL PUMP, AHMEDABAD, ગુજરાત	India
S2-328447542	370 LLC Blvd Apartments Third	HILLSBORO, 07801 BLANTON ST, OR	US
S2-294125374	Summit Xflh ((Co))	3012 CLARY AVE, FORT WORTH, TX	US
S2-687967403	Diversified Materials Partners	11007-11009 A STREET, TACOMA, WA	US
S2-110333113	YM Bítwise LLC	20 FARES AVE, EVANSVILLE, IN	US
S2-523287186	Chiropractic Mhdliine	242 GODFREYS LN, HERTFORD, NC	US
S2-772045487	Midwest Five L.L.C.	6694 SEVILIE DR, CANFIELD, OH	US
S2-917089438	Inc. 4427 First Way Partners	MD, JOPPA, 300C ADAIR CT	US
S2-847711012	LAKSHMI ADITYA  MANAGEMENT PRIVATE	V MALL, 3RD FLOOR, OFFICE NO 307, THAKUR COMPLEX, KANDIVALI (EAST), KANDIVALI EAST, Maharashtra	India
S2-224339770	Sri Moonstone  International Private	207, NEW NO. 188, BHARATHI SALAI, ROYAPETTAH, CHENNAI, Tamil Nadu	India
S2-538737318	RAJARAM SUPPORT PRIVATE	SALAVA AGWANPUR, MORADABAD, Uttar Pradesh	India
S2-259596901	M/s Tirumala Tradex Pvt Limited	HN 0260 HIG-46 VRINDAPURAM, VRINDAPURAM MATHURA, CHHATA, Uttar Pradesh	India
S2-807418576	Lemons Atlantic Community Clinic Eastgate	0083 300, SALT LAKE CITY, UT	US
S2-678388180	Maumee, County Of LLC	221-A DUDLEY ST, MAUMEE CTY, OH	US
S2-550622607	శివం బిల్డర్స్	FLAT NO. N1, HYDERABAD, Telangana	India
S2-25350937	Paramount Hospitamlitbies Limited	702, 7TH FLOOR, SILICONE TOWER, NEAR SAMARTHESHWAR MAHADEV TEMPLE, LAW GARDEN, ELLISBRIDGE, AHMEDABAD, GUJARAT, INDIA, AHMADABAD CITY, Gujarat	India
S2-542234642	YA International Private	DOOR NO #843 18/13, W.E.A., KAROL BAGH, NEW DELHI, Delhi	India
S2-876595795	Rodi Youngblood Advertising	201 PICEA DRIVE, AUSTIN, TX	US
S2-759909124	DAFFIE BOTELHO, D.Ó., P.C.	480 BARBER LOOP, PMB 2907, MOORESVILLE, NC	US
S2-407950253	ಹೈ ಇನ್ವೆಸ್ಟ್‌ಮೆಂಟ್ ಪ್ರೈವೇಟ್ ಲಿಮಿಟೆಡ್	DOOR NO ##1ST FOLOR, MARISWAMY, BUILDING, 505/74, BANGALORE SOUTH, AGARA, Karnataka	India
S2-308120186	BN India Private	Maharashtra, ##11, 1ST FLOOR, 37, IRANI BUILDING STATION ROAD, ELPHINSTONE WEST	India
S2-953295349	Anderson Social Llc	CA, REDLANDS, 251 LUGONIA AVENUE	US
S2-351882529	Brandy K. Hostetler, L.C.S.W., DDS LLC	18721 SILVER QUAY DRIVE, CORNELIUS, NC	US
S2-549297965	ଭାରତ ଟ୍ରେଡିଂ ଫର୍ନିଚର୍	#1549, 9506, SATYAVIHAR, RASULGARH, KHORDHA, BHUBANESWAR, Odisha	India
S2-489269967	Hernandez Jiang Capital Twélve LLC	192 HONEY LANE RD, BANNER ELK, NC	US
S2-29789491	frontiermanufacturing.com	102  SOTHEL CT, NEW BERN, NC	US
S2-91499599	Ace Súpply Industries LLC	9255 SANTENAY WAY, VINEYARD, CA	US
S2-722159835	Prairie Alliance	834 67th Ave, GLENDALE, AZ	US
S2-322389406	PE NORTHSIDE MALT INC	802 SANDI LN, GLOBE, AZ	US
S2-201083922	CHOICE WELLNESS	23 ROCHESTER ST, BERGEN, NY	US
S2-798366620	ROBINETTE MELENDEZ,	6402 WILBURN DR, CAPITOL HEIGHTS, MD	US
S2-178350162	Womens Health 5uperior Physicians Corp	#45007 HIGHWAY 3, SHAWNEE, OK	US
S2-75249345	Co Optimal Tribeca	2782 STONEBRIDGE COURT, HUDSON, OH	US
S2-590453852	marshalltauschercdt.com	SKENES AVE, HENDERSON, NC	US
S2-859747961	TIRUMALLA  NAKSHATRA PRIVATE LTD		India
S2-102918911	Shiv Bombay Foundation Limited	101 SHIV SHAKTI APPT 84, SAMPAT RAO COLONY, R C DUTT ROAD, VADODARA, ગુજરાત	India
S2-991180611	FRESH YOGA HOLDINGS	166 HDGH ST, HEBRON, OH	US
S2-202214630	ब्राइट फाइनेंस प्राइवेट लिमिटेड	SR NO.0081/3, PUNE, PUNE CITY, Maharashtra	India
S2-488202719	Oxygen Exports	NO.82, 1ST FLOOR (1/B), KURUBARAHALLI MAIN ROAD, SHANKAR MUTT, BANGALORE, ಕರ್ನಾಟಕ	India
S2-883041884	Wright [Ultra]	CULLEN RD, MORGANFIELD, KY	US
S2-100827841	Advisory Public School Co	10, CONFECTIONERY PARK, RANGWASA, OPP IIM INDORE, PITHAMPUR ROAD, INDORE, Madhya Pradesh	India
S2-140738275	margi péarson, d.c.	TOWN PARK RD, EAST GREENBUSH, NY	US
S2-247334162	আল লোটাস কনসাল্টিং এজেন্সিজ প্রাইভেট লিমিটেড	NO 021 KALYANI SOLVEX PRIVATE LIMITED SUDARSHANPUR, West Bengal, NORTH DINAJPUR, RAIGANJ	India
S2-982780815	partnersrockford.com	ROCKFORD, IL, Grant Ave	US
S2-82983716	501 Chúrch Ave Realty Inc	622 Walnut Woods Dr, GRENWOOD, IN	US
S2-405305816	ભારત એન્જિનિયરિંગ પ્રાઇવેટ લિમિટેડ	SHOP NO 106 EMRELD BLDG VAPI TOWN, VAPI, PARDI, Gujarat	India
S2-11400546	Chennai City Corporation Taneja Private Ltd	#27/1 , 2ND STREET, PADMAVATHI NAGAR, CHENNAI CITY CORPORATION, Tamil Nadu	India
S2-866427991	गुड इंफ्रा लिमिटेड	#126 IST FLOORARJUN NAGAR SAFDARJANG ECLAVE, NEW DELHI, WEST DELHI, Delhi	India
S2-404089001	Pediatric Anchor Physicians Llc	020415 MIDDLEBURY ST, ASHBURN, VA	US
S2-303555987	Tavoveoevo	631 FERRY RD, DANVILLE CITY, VA	US
S2-454495102	cassandrymckeedds.com	90 GLENHART AVE, OR, WIINSTON	US
S2-399026414	SHYAM GLOBAL CORP		India
S2-41031181	Liberty  Empire Cantor	11630 Heritage Ridge, EDGERTON, WI	US
S2-92808347	Renga Services Pvt.  Ltd.	SHED NO.B-119, INDUSTRIAL ESTATE, MANGALORE, Karnataka	India
S2-431382103	कृष्णा फाउंडेशन लिमिटेड	V K SURANA AND COMPANY VCA COMPLEX CIVIL LINES, NAGPUR, महाराष्ट्र	India
S2-519094070	Smith-Metro Strategies Inc	6820 ROSEWOOD ST, ANCHORAGE, AK	US
S2-478687581	Associates Mrdmicien Care Internal	##43 FIERO RD, SAUGERTIES, NY	US
S2-562266021	Llc A Classic lndex	1700 Bassett Hound Drive, HSLET, TX	US
S2-146279236	Southern LLC  Partners	NC, GASTONIA, N/A, OLDE OAK LANE	US
S2-315612808	Shri Lakshmi Power	207A SHEKHAR PARK, SURAJ KOTHI, INDORE, मध्य प्रदेश	India
S2-72998938	Clear Cloud Global	224 Locust Avenue, FAIRMONT, WV	US
S2-97260074	Bastion Inc	#980 WILLOW CT, FAIRBORN, OH	US
S2-496654606	@modernsoftware	009969 CLARK DR, MARSHFIELD, WI	US
S2-937596316	singletoncompanies.com	2327D SALEM PARK DR, INDIANAPOLIS, IN	US
S2-980402180	Feia Itnerdnatioanl [P.C.]	SPOKANE, WA, 24 FERRALL STREET	US
S2-86853607	PAULE H. KENDRICK, DO, PC	203 RUTHERFORD WAY, JACKSONVILLE, NC	US
S2-843799709	Prevail Producer	FLAT NO.81 (B) BLOCK 6, S-HIG, III MAIN, 4TH CROSS 5TH PHASE, YELAHANKA NEW TOWN, BANGALORE, Karnataka	India
S2-215703608	Infrastructure Samanvay Ltd. Pvt. Tech	VI/565VRINDAVANAM NELLAYA P O, PALAKKAD, കേരളം	India
S2-935043369	Blunt Cpoail Cyber LLC	4703 151ST AVE, VANCOUVER, WA	US
S2-6965248	VISION SELECT MEDICINE (INCORPORATED)	AZ, 14426 36TH AVE, SHAW BUTTE	US
S2-456763597	KISSAN-TRADING PRIVATE		India
S2-740217868	Fisher  Merger Inc	104 LEONARD ST, JERSEYVILLE, IL	US
S2-257415742	A Fresh Fresh Chs LP	120 MAPLE AVE, INDEPENDENCE, MO	US
S2-559719590	*** DENTAL GREEN CLINIC CO	655 MESA DR, MESA, AZ	US
S2-918903801	Blasco Charities V Ltd	2195 GENOA AVE, AKRN CITY, OH	US
S2-683588904	DRG Continental  Gravity Corp	67 Silsbee St, LYNN, MA	US
S2-644723501	PRIMARY CARE CLINIC CLINIC	3109 NEW MARKET BANTA RD, WEST ALEXXANDRIA CITY, OH	US
S2-112495836	Mccarty Falye Office LP	4040 DON JULIO BOULEVARD, NORTH HIGHLANDS, CA	US
S2-367320434	Community  Cghucrh Partners	10962 LAEK RUN RD, S.  JORDAN, UT	US
S2-134974565	DEBRUYN, IDALINA, CENTER [SERVICE]	AVON, 8634 Golden Falls Cir, IN	US
S2-268669554	RK PARTNERS SONS		India
S2-873793041	Royal Data Wórldwide Group	3742C PURDUE ROAD, WISE COUNTY, VA	US
S2-356611236	Unified Prgférred LLC	801 16TH ST, TX, TEXARKANA	US
S2-154217715	शिवम एनर्जी प्राइवेट लिमिटेड	SOUTH DELHI, NEW DELHI, FLAT NO. 6052/5 SECTOR-D POCKET-6 VASANT KUNJ, Delhi	India
S2-688036815	lcswmartinezjolycom	1515 DEKALB STREET, NORRISTOWN BOROUGH, PA	US
S2-236864882	Ace Modern Spartacus Holdings	1059 SARENA COURT, RICHMOND, TX	US
S2-577136123	Dr khetanventurespubliccom	BLOCK NO B3/201 AMBIKA NIWAS, NEAR RAILWAY STATION, VASAI, महाराष्ट्र	India
S2-254299542	Diehl Eaton	11341 HARTMAN CIRCLE, OMAHA, NE	US
S2-252539319	Legacy Clean Holdings	6428 AVE L, SANTA FE, TX	US
S2-1329934	724 SIXTH  PROPERTIES INC	05711 EAGLE CLIFF, AUSTIN, TX	US
S2-77155169	Bureau of Transportation Central	380 MAGNOLIA DR, BROOKHAVEN, NY	US
S2-266209175	Lee's Auto [Body]		US
S2-701019903	INC. SUAZO, LITTLE & JAMESON MESHFLOW	118 Timberlodge Circle, LITTLETON, NC	US
S2-183915691	Marylynne  Perrin Industries	43 ROSBURG SCHOOL RD, ROSBURG, WA	US
S2-226631042	CUSTOM RESEARCH LABS INC	1964 EAST AVE, ATLANTA, GA	US
S2-63539080	Allen Dogecoin Of Cedar Falls Inc.	3118 APOLLO STRET, CEDAR FFALLS CITY, IA	US
S2-482103266	Mr ALIEN (INDIA) CASSETTES  PRIVATE LTD	ZONE/WARD NO -19/46, HOUSE NO 1646 NAYAK SAHAB KI BAZARIYA, NAYA BAZAR, LASHKAR, Madhya Pradesh	India
S2-718009278	EYE-CLINIC	16893 ROSEMARY LN, CHNIO HILLS, CA	US
S2-948082503	Bafna Consultants	Haryana, GF, NEAR ND SYSTEM N DECOR, SECTOR 82A-, VIL. RAMPURA, NARSINGHPUR	India
S2-839434280	SECURE  OPENDOOR-LLC	#9396 GREEN LOOP RD, LELAND, NC	US
S2-269029052	Pvt Ahimsa Marg Chincholi Malad West Commodity Limited	005 AHIMSA TOWER, AHIMSA MARG CHINCHOLI MALAD WEST, MUMBAI, Maharashtra	India
S2-221787470	Brita A. Moore, D.D.S., DDS PC Summit	593 LEWISTON ROAD, TOPSHAM, ME	US
S2-946024273	American Metro Blockchain	3150 GLEN OAKS AVENUE, WHITE BEAR LAKE, MN	US
S2-575109009	FORTUNE (INDIA) L.L.P.	29-C BENTINCK STREET, KOLKATA, KOLKATA, West Bengal	India
S2-274103095	Veterans Program South Inc.	10 JACKSON ST, SAINT FRANCIS, KS	US
S2-11585898	talyah petrucci, d.d.s., p.c. inc	580 APOLLO DR, <NULL>, LINO LAKES, MN	US
S2-376225724	Panchganga Services Ltd	D-03, LGF LAJPAT NAGAR, NEW DELHI, दिल्ली	India
S2-547805036	NH Cleaning Service Co	105 ELM STREET, GUILFORD CITY, CT	US
S2-89828863	Titan Braemar Incorporated	693 VIOLA DRIVE, SUNBURY, OH	US
S2-965157132	PJ CREATIVE CADENZA  NORTH INC	1672. GATEWAY CIR, FAROG CITY, ND	US
S2-670502898	CFW PVT LTD CENTER	#210 , PARWATI PURAM, VISTAR, CHANDREASAL ROAD, KOTA, Rajasthan	India
S2-831665249	Craddock and Mnccias	##2349 232ND RD, SABETAH, KS	US
S2-331920032	International Limited Private Transmissions	SHOP NO. 1, MUSKAN SOCIETY, PANDAV NAGAR WADALA PATHARDI ROAD, NASHIK, Maharashtra	India
S2-789915396	MULLINS ÁND GRESHAM		US
S2-961616035	సెవెన్ ఫుడ్ ప్రైవేట్ లిమిటెడ్	K.V.RANGAREDDY, PLOT NO. 905, Telangana, SERILINGAMPALLY, 9TH FLOOR, BLOCK B, ASIAN SUN CITY	India
S2-58962811	Biify-Cecil Township Partners	4089-4091 SIR JAMES DRIVE, PA, MCDONALD	US
S2-548380555	Jaipur Linbfe Private Limited		India
S2-299296375	M  9 Certified Giant LLC	DICKINSON, 4122 SCENIC DRIVE, TX	US
S2-263349498	Portillo LLC Services	DUNLAP STREET, SAINT PAUL CITY, MN	US
S2-2397437	Elinore  Gallardo, Services	SOUTH BOSTON TOWN, 805 BERRY HILL RD, VA	US
S2-758944652	Fab-Jobs Private (Limited)	SY. NO 96/1, KEMPEGOWDANAGAR, SAMANDUR POST, SUBMANGALA GATE, ANEKAL TALUK, BANGALORE, Karnataka	India
S2-853856897	LE Central Seafood	3250-3252 CLINTON AVENUE, MINNEAPOLIS CDP, MN	US
S2-21502080	Tully Taxable Co	Westgate Avenue, DURANT, OK	US
S2-854331079	Golden Infratech Private	DOOR NO 00514 C/O VANITA BHOSALE, BACK SIDE KANYA SHALA, JATH, Maharashtra	India
S2-413560858	Akanksha Producer Pvt Limited	C/O A-1 NAFEES AHMAD KALES HUSSAINPUR JALALABAD, BIJNOR, BIJNOR, Uttar Pradesh	India
S2-569581749	Inc. W & B Cárolina Coastal	718 FERRELL RD, SAINT ALBANS, WV	US
S2-369515214	Laxmi Consultancy	दिल्ली, M-5/204, GUPTA PLAZA VIKAS PURI, NEW DELHI	India
S2-723749575	Chiropractic Care Associates	5621 BEAUCHAMP CT, CARMICHEL, CA	US
S2-50524676	Fairfax County Integrated  Amplify		US
S2-519426264	Gayleen Baber Bay Nmp Ltd	520 OAK SAINT, NULL, COVINGOTN, KY	US
S2-589881795	COROMANDAL MARKETING PRIVATE  LIMITED	G-3, NEEL MADHAV, VALJI LADHA CROSS ROAD, NEAR HIERA MONGI HOSPITAL, MULUND (W), Maharashtra	India
S2-504056008	Atlantic Advanced Healthy Partners	4062 RD 61, MOUNT GILEAD, OH	US
S2-844706249	JQQ Spring Pvt	AF8, NITHYA APARTMENT, 26, ASHRAM AVENUE MUGALIVAKKAM, CHENNAI, Tamil Nadu	India
S2-78840233	M/s Shree (India) Tohe Pvt. Ltd.	NO 12 NATH MANDIR COLONY, FNO112 SOUTH TUKOGANJ, INDORE, मध्य प्रदेश	India
S2-785838461	PEDIATRIC DENTAL RELIABLE ASSOCIATES INC	486 COUNTY ROAD 33620, PARIS, TX	US
S2-979310069	Mag's  Dynamic Law Group Southside	2339 STONEY LN, VILLAGE OF GRAFTON, WI	US
S2-161887054	2258 Sixth Avenue Properties  LLC	2730 MERIWETHER DR, CHARLOTTESVILLE, VA	US
S2-980883826	Private Rr Heritage Limited	#23 C/O MD SAIJD SAPAHIYA D., J.MASJID WARD NO-14, GOPALGANJ, बिहार	India
S2-52938642	Horizon Wellness Partners Llc	18 A GROVE STREET, ARLINGTN, MA	US
S2-965431294	New Delhi Systems Private Ltd	M16, SECOND FLOOR, VEER SAVARKARMARG, LAJPAT NAGAR, LAJPAT NAGAR II, NEW DELHI, Delhi	India
S2-872078505	LLC Velvet's Farms	103 TRAM RD, DAYTON, TX	US
S2-834637284	FIELDER & SUTHERLAND P.C.	ASHDOWN, AR, #653 BRYAN AVE	US
S2-697800349	आनंद इंजीनियरिंग प्राइवेट लिमिटेड	26, REWARI, हरियाणा, MANDI ATELI	India
S2-984019818	Lyreus Molecular LP	TX, 212- QUARTER HORS RD, WXAHACHIE	US
S2-459106739	Hughes, Parker & Callas Biotech	##5199 79, PORT CRANE, NY	US
S2-629521772	Hari Private Producer (Limited)	PLOT NO. A/20/1, ROAD NO. 9, UDHNA UDHYOG NAGAR, BESIDE PARIS PLAZA BUILDING, UDHNA, SURAT, Gujarat	India
S2-374390125	RAMONA W. LAPLANT, L.C.S.W., DDS PC LLC	VT, WINOOSKI, 43 MAIN ST	US
S2-536341305	टेक इंडो प्रोजेक्ट्स लिमिटेड	371 C-128, SINGH BHOOMI COLONY KHATIPURA, JAIPUR, Rajasthan	India
S2-34850645	अर्बन फाइनेंस प्राइवेट लिमिटेड	15TH FL. 1505 BLUE BELL HUBTOWN GARDENIA MIRABHAYANDAR ROAD NR GCC CLUB THANE, THANE, Maharashtra	India
S2-848290316	Pioneer Seven Consultants Industries Limited	H.NO 364 24, SF, PARVATI NAGAR, OPP DHANANJAY TOWER, NR. KOTHARI AUTOMOBILES, VEJALPUR, AHMEDABAD, ગુજરાત	India
S2-493290276	Ferrify Vend0me Inc	2302 BRANSON LANDING, BRANSON CITY, MO	US
S2-872790061	SWEET PIZZA CORP	3726  L ST, TACOMA, WA	US
S2-446174224	U/N Rmg North LLC	48 ALDRICH ST, NULL, GOWANDA, NY	US
S2-294405479	Mnm Charitable Trust Ventures	SHOP A-0010, AMISHA CHS LTD L, M ROAD NAVAGAON DAHIAR W, DAHISAR EAST, महाराष्ट्र	India
S2-398032549	gilbert, lolly, esq., m.d., p.c. partners	0924 WALNUT LN, NULL, VANCE, AL	US
S2-645369587	OPTIMAL GROUP JAB QUALITY	312-314 HOLLOWGATE DR, OFALLON, MO	US
S2-891106605	M/s Malpani Estate	2-17-126/11/1/SF, SRI RAGHAVENDRA NAGAR COLONY, NEAR ST.GABRIEL HIGH SCHOOL, UPPAL, Telangana	India
S2-690890088	Bright Property Digital Red Oak Corporation	102 CARAL LN, PO BOX 9092, RED OAK CITY, TX	US
S2-348950075	UNINET TRADERS CORP	PLOT NO.3, 40B/1F SRI RANGA NAGAR, VENBAKKAM VILLAGE, CHENGALPATTU, Tamil Nadu	India
S2-733943092	Tinsley Golden Home Chaer LLC	#75 JEREMY HILL ROAD, NO STONINGTON, CT	US
S2-825344446	Anvil LLC	1672 AXIS BOULEVARD, MIDLOTHAN, VA	US
S2-679825632	Pettijohn and Veloso, Llc	##37 SOUTH ST, CUBA, NY	US
S2-154679414	leann colon federal acquisitions inc	106TH WAY, SCOTTSDALE, AZ	US
S2-147726131	શિવ ઇન્ડસ્ટ્રીઝ મેડિકલ્સ પ્રાઇવેટ લિમિટેડ	E-1126, DASKROI, AHMEDABAD, Gujarat	India
S2-380362280	Dream Producer Private	Telangana, SY-66/1, RAIDURG PANMAKTHA, GACHIBOWLI, HYDERABAD	India
S2-533735008	5EVEN GLOBAL PVT LTD	S.NO.40, DIGAMBAR NAGAR, PUNE CITY, PUNE, Maharashtra	India
S2-194136589	Hamsafar-&	PLOT NO. 2A, FIRST FLOOR, KH NO. 294, KEHAR SINGH ESTATE, SAIDULAJAB VILLAGE, LANE NO 2, SOUTH DELHI, <NULL>, दिल्ली	India
S2-526918257	Metro Society	103 SILVER STRAND TRL, HUNTSVILLE, AL	US
S2-60946248	SE Sports Exports	160, SOMDUTT CHAMBER II BHIKAJI CAMA PLACE, NEW DELHI, Delhi	India
S2-257457304	LIFE CONDUCTORS INFRATECH LIMITED CENTER	H.NO 275C RANGAI GOWDER STREET- COIMBATORE, COIMBATORE, Tamil Nadu	India
S2-243239635	The EH Management Private Limited	#557 XXIV/532, 2ND FLOOR MEDA, OPP DLF NTH, SEAPORT - AIRPORT ROA, D, KAKKANAD, Kerala	India
S2-544337543	RIDGE  8LUE LAB	214 CUYLER AVENUE, OAAK PARK, IL	US
S2-479055186	The Green Hospitality	980 1/2 TWIN CREEK RD, IRVINE CITY, KY	US
S2-886049759	PATRIOT INVESTMENTS GREATER CORP	11039A 67, JOPPA, AL	US
S2-630868049	Clear-LLC Market	##8048 Main Street, HUNTER, NY	US
S2-347278420	Shri Jai Sóluti0ns	#175 , 176 & 177, SWAMY AYYAPA SOCIETY, GUTTALA, BEGUMPE,T KAVURI HILLS, SHAIKPET, తెలంగాణ	India
S2-691476717	Main Stréet Bistro LLC	JEFFERSON AVE, SISTERS, OR	US
S2-1718135	PLATINUMTEXTILELA8ORATORIES.COM	14444 BOSWELL BLVD, SUN CITY, AZ	US
S2-242326056	Deanna Barrera American Biracilik Inc.		US
S2-765282118	indiasouthernmanagement.com	K-43, OPP PLAZA CINEMA, CONNAUGHT PLACE, दिल्ली	India
S2-729615137	Saran India Piavet Limited	HOUSE NO. 53 BLOCK ROAD EKMA, EKMA, SARAN, Bihar	India
S2-546981017	FOOT & ANKLE PARTNER5 LLC	#381 BELLMORE RD, EAST MEADOW, NY	US
S2-667573974	Sky Hlospataitly Sweets Private Limited	PLOT 755 V 34/5, K.K.S ROAD, 5TH MAIN ROAD SRIRAMPURAM, BANGLORE NORTH, BANGLORE, ಕರ್ನಾಟಕ	India
S2-326546549	At1antic Capita1 Partners	3601  COPPER CREEK LANE, FRANKLINTON, NC	US
S2-766385284	CARDIOLOGY CARE OF GRAND PRAIRIE	395 DECHMAN DR, GRAND PRAIRIE, TX	US
S2-852910957	Cannon & Beason Solution Llc	#404 Hickory Lane, NULL, WESTERVILLE, OH	US
S2-918088820	SMITS'S SEAFOOD	APISHAPA HEIGHTS, SECURITY-WIDEFIELD, CO	US
S2-848130745	michaelinespioneercoffee.com	WA, SPOKANE, FIRST AVENUE	US
S2-189306593	Amo Estate Partners Corporation	H.NO 165- , 6KH NO.447/2, ASHRAYA L/O, BANGALORE NORTH, ಕರ್ನಾಟಕ	India
S2-682909113	WARDMOUNTAINPROEM.COM	998 GILBERT RD, GILBERT, AZ	US
S2-11058349	-- Total  Retail Products, Inc	52 WOODNIDGE RD, DUBURY, MA	US
S2-396355417	Arihant Food  Trading	NO.A-20-1-467/A , KORLAGUNTA MARUTHI NAGAR, TIRUPATHI, Andhra Pradesh	India
S2-480158070	Sutra Welfare Sofcieyt	PLOT NO.131 AND 132, 4TH FLOOR, THE 9TH BUILDING, PRASANTHI HILLS, NAV KHALSA, RAIDURG, HYDERABAD, null, Andhra Pradesh	India
S2-723270665	Ínc Chadwick Metro	LAKE STATION, 3629 CALIFORNIA ST, IN	US
S2-633048284	राम ग्लोबल प्रा. लि.	Delhi, QUARESH NAGAR SADAR BAZAR, SADARBAZAR, #138 7582	India
S2-115564379	સિલ્વર ફ્યુચર બિલ્ડર્સ પ્રાઇવેટ લિમિટેડ	C/OMRK.ALPESHTHAKARAR, RAJKOT, Gujarat	India
S2-723907770	Sky Marketing Private Ltd	B-403, STAR BUSHRA MANZIL CHS LTD, MARBLE ARCH CO LODHA COMPLEX, MIRA ROAD (E), Maharashtra	India
S2-710727031	Nrg 5eva Samiti Co	C-4/22, LOCAL ROAD, SAFDAR JUNG DEVELOPMENT AREA, OPP. C-4/41, NEW DELHI, NEW DELHI, दिल्ली	India
S2-389608567	Gray Reliable Lane Center Inc		US
S2-751257261	NEHA INFRATECH PRIVATE LTD	H.NO 265, LADDA BHAWAN, JAIPUR, राजस्थान	India
S2-697400123	Deans Currencyshares Inc Services	DEL RIO PIKE, FRANKLIN, TN	US
S2-522294866	Queens Víllage Memorial Valley Initiative Corp	NY, 100-47 FRANCIS LEWIS BLVD, QUEENS VILLAGE	US
S2-834564931	Hankins Dental Associates Ltd	MIDDLETOWN CITY, CT, 83 TAVERN CIRCLE	US
S2-978157066	Federal Payment	8853 AHMED AVENUE, ELK GROVE, CA	US
S2-692525816	[Technologies] Eidctrgincs Classic	1239 TILLERMAN PLACE, PMB 3786, CURTIS BAY, MD	US
S2-744597756	Arm0ur-Exports of Ahmedabad LLP		India
S2-669542690	vaayuita partners	PLOT NO.10. JDA SE NO11 NEAR UKHRI TIRAHA VIVEKANAND WARD, JABALPUR, Madhya Pradesh	India
S2-473076851	SHANON ARROOY, ESQ., PC	25 WALKER ROAD, BEVERLY, MA	US
S2-701620759	Robin Consultancy Private Ltd	H.NO 04 BEGUR VILLAGG, BEGUR HOBLI, BANGALORE SOUTH, Karnataka	India
S2-973266118	Adeep Ágro Pvt	Uttar Pradesh, KARBALA CHAURAHA SORAON, ALLAHABAD	India
S2-928706094	INC NIRAO	310 STEWART STREET, PMB 9192, WILMINGTON, IL	US
S2-457908236	RSK WATER VENTURES PRIVATE LTD	Uttar Pradesh, 49 A, O-BLOCK KIDWAI NAGAR, KANPUR	India
S2-398576823	Shri All Technology Private Ltd	NO. 104/A- , JAYAMANGALA, 5TH MAIN ROAD, SHANKARA NAGARA, NANDINI LAYOUT, BENGALURU, ಕರ್ನಾಟಕ	India
S2-555356119	Green Armada	25039 BRANDON RD, ELWOOD, IL	US
S2-581369224	Modern Prnducr Limited	2ND FLOOR, HK TOWER NEAR NANKIANA CHOWK, SANGRUR, Punjab	India
S2-636426524	Internal Medicine  Center	4452 CAMPO VERDE DRIVE, AUSTIN CCITY, TX	US
S2-43708072	PUDUKKOTTAI DWÉLLERS	#302 L.N. PURAM 3RD STREET, ARANTHANGI, PUDUKKOTTAI, Tamil Nadu	India
S2-603895844	Norwood  Beverage	010994 WILLOW OAK ROAD, NORWOOD, NC	US
S2-779317538	BUCHANAN OPTIMAL VERNAL  GROUP	1604 WOODLAND AVENUE, CANTON, OH	US
S2-49177477	Public One Exports Limited	6-867 A-60 SEWAK PARK, WEST DELHI, UTTAM NAGAR, Delhi	India
S2-913336923	Denna Wingard Coastal	020 EMERICK ST, KINGSTON, NY	US
S2-420260	KOHINOOR HEALTH PVT	SHOP NO.7, PLOT NO.1 VINOBA PURI, LAJPAT NAGAR-LL, NEW DELHI, null, Delhi	India
S2-518529755	sking.com	75 RIVERFRONT DR, NORTH LITTLE ROCK, AR	US
S2-692641316	ODOM & WOOD NEXUS	NULL, ##928 ALLIGATOR LOOP RD, NC, MERRITT	US
S2-919220369	Elder & Harnnecss LLC	116 FOLEY LN, FOLSOM, CA	US
S2-856703873	டைனமிக் கன்சல்டன்ட்ஸ் பிரைவேட் லிமிடெட்	21/18 IIIRD CROSS DEVARAY, TIRUCHIRAPPALLI, Tamil Nadu	India
S2-566025165	ग्रीन एंटरप्राइजेज प्राइवेट लिमिटेड	H.NO 3-88 C/O BERICAP INDIA PVT LTD, A-6, MIDC TALEGAON, MAVAL, PUNE, Maharashtra	India
S2-214067640	SX POLYMERS	#D/1473 , 1ST MAIN 7TH CROSS, KRISHNAMURTHYPURAM, MYSURU, Karnataka	India
S2-369084871	Holloway Great Nasdaq	4716 LAKESIDE DR, OMAHA, NE	US
S2-39850069	டைனமிக் மார்க்கெட்டிங் பிரைவேட் லிமிடெட்	171, CHENNAI, MADRAS-86, Tamil Nadu	India
S2-585709054	Vijay Foods Private Limited Partners	4/3/34, BOJJA VARI THOTA PITHAPURAM, PTTHAPURAM, Andhra Pradesh	India
S2-249655095	nagiyakrishna.com	NO 22/265 TALKUS BUILDING, AIRPORT ROAD, PALIAKARA, ANGAMALY SOUTH, PARAVUR, Kerala	India
S2-978873292	Tech Thchngelgoy Private Limited	NO. 717 C-201, 2ND FLOOR, CTS NO.351 352 ETC, JASWANTI ALLIED CENTRE, RAMCHANDRA LANE EXTN, NEXT TO HOTE, L KHWAISH, MALAD WEST, Maharashtra	India
S2-336563181	Osborne Earth  Inc	2548 IVY WAY, null, REDMOND, OR	US
S2-979182395	MatTula Inc	4626 GRANITE AVENUE, TULSA, OK	US
S2-217153155	Novus  Inc Home	9380 LOUISIANA AVENUE, FOUR SQUARE MILE, CO	US
S2-475546094	MZ Harbor	N323 LAKE DRIVE, TOWN OF DEERFIELD, WI	US
S2-846176042	Vaughn-Management	643 CRESTVIEW DR, CITY OF SEYMOUR, WI	US
S2-903060443	The Western Beacon Defense LLC	1519 32ND ST, FARGO, ND	US
S2-985211009	Renuka Pvt Ltd Partners	23B NETAJI SUBHAS ROAD 4TH FLLOR ROOM NO. 406, KOLKATA, KOLKATA, West Bengal	India
S2-547412962	Zoom Pvt Ltd Partners	M. NO 1-10-75/1TO 6, FLAT NO. 208, 2 ND FLOOR, SAPTHAGIRI TOWERS, BEGUMPET, HYDERABAD, Telangana	India
S2-858354524	LLC Vision Associates	3180  129RD LANE, BLAINE, MN	US
S2-127573588	యునైటెడ్ హెల్త్‌కేర్ ప్రైవేట్ లిమిటెడ్	16-2-668/3, OPP BRETHLEHEM, MENNONITE BRETHERENCHURCH, HYDERABAD CITY REGION, HYDERABAD, Telangana	India
S2-749700684	Norton and  Porter LLC Center	19 FARM QUARTER ROAD, MOORESVILLE, NC	US
S2-249652829	Terrell Inc  Services	6-8 JOHNSON ST, ST REGIIS FALLS, NY	US
S2-441907326	Anjaneya Traolers Private [Limited]	<NULL>, COMMERCIAL UNION HOUSE, B3/9, WALLACE STREET, FORT, Maharashtra	India
S2-819756590	Public Rky Overseas Limited	A-1114, TIERRA CHS, LODHA SPLENDORA, THANE, Maharashtra	India
S2-206526608	Sirius Trading  Private Limited	F.N. A-4, NR CIVIL COURT TAL-KHED, PUNE, Maharashtra	India
S2-664082062	YA It Holdings Corp	NO A-406 'A' WIGN OM RACHANANEXT TO APNA BAZAR SECTOR-17 VASHI, NAVI MUMBAI, महाराष्ट्र	India
S2-124066840	Board of Éducation Harbor	47 ALLEN RD, ARGYE, NY	US
S2-402573675	pr0motersprivatedrt.com (ID: 52064)	GURGAON, Haryana, PALAM VIHAR, BLOCK-B, PHASE-2, NEW PALAM VIHAR, B-68	India
S2-211681220	*** Stone  Silverbox Inc.	108 HELEN ST, BENTLEYVILLE BOROUGH, PA	US
S2-696851577	Creative Crystal Co Center	2019 CORONA LANE, PMB 9346, HOUSTON CITY, TX	US
S2-271590580	Private B1essing (India) Enterprises Limited	H.NO-M3/180, VILLAGE-RURUKALA, BIDHUNA, AURAIYA, Uttar Pradesh	India
S2-213703595	Renaissance Group	H.NO 8 (16) 5TH CROSS STREET, SHASTRI NAGAR ADYAR, CHENNAI CITY CORPORATION, தமிழ்நாடு	India
S2-578448963	ब्लैक बिजनेस लिमिटेड	FIRST FLOOR B-4 HARI BHUVAN, ZAVER ROAD, MULUND WEST, MUMBAI, Maharashtra	India
S2-671397400	Lumeus Transalta West Inc	007510 SAWMILL RD, DUBLIN, OH	US
S2-868431191	RIDGE  INSURANCE	0409 WILSHIRE WALK, HOPKINS, MN	US
S2-522952035	Northern Custom East,	132 COONTOWN MOUNTAIN RD, EDMESTON, NY	US
S2-847623484	harbor medical center	8612 SMART AVENUE, KANSAS CITY, MO	US
S2-151308060	KEYA LEVELIHTOD PVT LTD	470 MARVEL CASCADA, FLAT NO B-1302 SR NO. 28, 29 OPP BALEWADI STADIUM, PUNE, Maharashtra	India
S2-792463275	Maid Seafood	93-95 WATERHILL ST, PMB 7169, LYNN, MA	US
S2-252281253	Purpose Corp	1112 OLSON DR, WAUKEE, IA	US
S2-974460188	WELKERMOZAYYXGROUP.COM	MD, PINEY POINT, 17139 PINEY POINT ROAD	US
S2-593531959	Nylasyn	2013 POLLACK AVE, EVANSVILLE, IN	US
S2-541844282	लाइफ मीडिया प्राइवेट लिमिटेड	THANE, D/703, THANE, Maharashtra	India
S2-67328948	Tonie Pineda Secure Security	316 WASSON LANE, RIVER FALLS, WI	US
S2-464287005	Mifloque LLC (ID: 79998)	HOUSTON, TX, 6040 BRITTMOORE RD	US
S2-124173151	The Maynard Meche Legacy Acadia LLC	32. STATE STREET, PORTLAND, ME	US
S2-861861805	Jones & Cruz Inc	5823 PARAPET DR, NY, JAMESVILLE	US
S2-120229924	Sinaum LLC	315 SIXTH AVE, PO BOX 5722, JAEMSTOWN, ND	US
S2-685600984	ਸਿਟੀ ਫਾਈਨੈਂਸ ਪ੍ਰਾਈਵੇਟ ਲਿਮਟਿਡ	NO A-618, ਪੰਜਾਬ, MUKTSAR, SRI MUKTSAR SAHIB	India
S2-889734451	Sarasikaer Limited Partners	BLOCK C-548 D.N.6-65, VYSYA BANK LINE, MARKET ROAD, తెలంగాణ	India
S2-480710783	DINNY RUIZ CHÁMPIONSGATE LLC	315 MORGAN STREET, ROXBORO, NC	US
S2-374359578	Pune Travels Private Ltd	03. , SWAROOP SADAN, CTS-728/29/30 BUDHWAR PETH, PUNE, Maharashtra	India
S2-197488254	Corner Hair Studio Inc.	CHICAGO AVE, HIGHLAND PARK, IL	US
S2-96842888	ഗോൾഡൻ റിയൽ കൺസൾട്ടൻസി ലിമിറ്റഡ്	#4/494A., KOCHI, Kerala	India
S2-256990501	Adams Canadian Partners Inc.	6407-C Axton Ln, DALLAS, TX	US
S2-406613999	Edenfield Commodity	SCHAUMBURG, IL, 2168 HITCHING POST LN	US
S2-815458484	pvt anilva fuel ltd	201-  B, MUMBAI, महाराष्ट्र	India
S2-906091656	Zhu Safe Drive L1c	2500 WATERMARK TER, ELGIN, IL	US
S2-705879577	Urology Plátinum Clinic	356. BROOKFIELD AVE, STATEN ISLAND, NY	US
S2-382005682	vaayuva vaayuva dealtrade	MATA CHOUK JASWADI ROAD, HOTEL MADHUBAN K SAMNE, KHANDWA, Madhya Pradesh	India
S2-975204483	THANE PVT. LTD. (CENTER)	B/01 ROSE GARDEN KADAR PALACE KAUSA MUMBRA THANE MH IN, THANE, Maharashtra	India
S2-498846301	Becca Keys Engineering LLC	1598 1/2 WHITE PLAINS ROAD, HIDDENITE, NC	US
S2-547001934	Sadler Innovative Rio	5318 BRANDENBERRY DRIVE, COLUMBUS, OH	US
S2-773992101	Juliane's  Painting P.L.L.C.	PASADENA AVENUE, MARICOPA COUNTY, AZ	US
S2-811683571	QUICK-WATE QUICK-WATE PVT LTD	D/1/4, SECTOR J-JANKIPURAM, LUCKNOW, उत्तर प्रदेश	India
S2-915485551	lYM DATA	TULSA, 1614 YOUNG ST, OK	US
S2-915022898	Dungarpur Fóod Industries Private Limited	NO 12 C/OJAYANTILAL KAPOORCHAND, JAIN, KATISOR, ASPUR, DUNGARPUR, Rajasthan	India
S2-312735616	Naisha Associates Pvt Ltd Partners	207, 2ND FLOOR, LIVING STYLE MALL, JASOLA, DELHI, Delhi	India
S2-996220529	స్వస్తిక్ ప్రొడ్యూసర్ ప్రైవేట్ లిమిటెడ్	1-2-12 TELEPHONE COLONY, TIRUPATI, ఆంధ్రప్రదేశ్	India
S2-998420561	India Tethys Convention [Limited]	KADIR LODGE, BAZAR STREET, SATHYAMANGALAM, தமிழ்நாடு	India
S2-97682541	Nexa	TACOMA, WA, 4119- FERDINAND STREET	US
S2-68470180	Fly, Perez & Gerry Midtown Llc	805 LOCUST HILL RD, KING WILLIAM COUNTY, VA	US
S2-304799060	Star Biomedical  Innovations Inc.		US
S2-780051037	Sea Seeds Private	G T ROAD, VILLAGE CHOUHAN TEHSIL JANDIALA GURU, AMRITSAR, ਪੰਜਾਬ	India
S2-860205683	>> National Twin, LLC Services	721 DEER CREEK ROAD, PECOS, AZ	US
S2-841615810	Maa S0ftware Private Ltd	C/O-NIRANJAN PANIGRAHI, BESIDES JAGANNATH MATH, BHUBANESWAR, Odisha	India
S2-52265545	Hurley, Cáthee, DO	25 CEDAR CIRCLE, STAMFORD, CT	US
S2-31859358	Empire Invasthments, LLC	5145 45, AUBURN, IN	US
S2-989014134	Pediatric Detnial Health LLC	101 YORK STREET, ELMHURST, IL	US
S2-362017970	SA-(I)  LTD	A-6, DHANDHUKA, AHMEDABAD, ગુજરાત	India
S2-433745534	u & m xsolla ltd	111 WISTERIA STREET, CLUTE, TX	US
S2-885218352	G/G Globa LLC	34500 KADOTA STREET, YUCAIPA, CA	US
S2-440522729	TREJO ELLINGTON OF GWYNN ÓAK	506 GILMORE ST, GWYNN OAK, MD	US
S2-867500039	The Great Association Co	BIRMINGHAM, AL, 332 SIXTH ST, N/A	US
S2-357494999	Ashok Nagar-(bombay) Private Limited	#00874 JAIL KE SAMNE, ESHAGARH ROAD, ESAGARH, ASHOK NAGAR, Madhya Pradesh	India
S2-223216806	Continental Áccounting	137 LOWER RIDGE RD, CONWAY, AR	US
S2-446121695	ग्रीन इंडस्ट्रीज प्राइवेट लिमिटेड	PLOT 361 N-83, INDORE, Madhya Pradesh	India
S2-875324916	Swastik Marketing Garments Private Ltd	FLAT 130-, 12TH FLOOR, WING WTC SIDE, MAKER TOWER I, CUFFE PARADE, MUMBAI, महाराष्ट्र	India
S2-429213877	Mutual Health Services Co	11777 VERBENA DRIVE, KELLER, TX	US
S2-607730479	સ્ટાર પાવર પ્રાઇવેટ લિમિટેડ	GANDHI NAGAR, GANDHINAGAR, UNIT NO. #1109-B, Gujarat, SIGNATURE BUILDING, 11TH FLOOR, BLOCK 13-B, ZONE - I, GIFT SEZ, GANDHINAGAR	India
S2-644437072	PVT ACE SOFTWARE (LTD)	#104 CYCLE MARKET GILL ROAD, LUDHIANA, Punjab	India
S2-956941579	Orthopedic Center Incorporated	4225 1/2 ALABAMA ST, HOUSTON, TX	US
S2-305266914	ਏਸ ਸਾਫਟਵੇਅਰ ਪ੍ਰਾ. ਲਿ.	SHOP NO 104 CYCLE MARKET GILL ROAD, LUDHIANA, ਪੰਜਾਬ	India
S2-891768966	Bradshaw Endocrinology Corp	MCDOWELL RD, PHOENIX, AZ	US
S2-819947774	DIEBOLD ÍNNOVATIVE (ID: 58272)	121 EATON STREET, BALTIMORE, MD	US
S2-100960319	Smart Newhold Holdings  Center	PORT PENN, 11 CONGRESS ST, DE	US
S2-629023687	Mccrea, Nelson  and Campos Care LP	1363 US RT 6, ROMME, OH	US
S2-841397660	FOREST LAKE VDINCSI CENTER INC	831 SOUTH SHORE DRIVE, FOREST LAKE, MN	US
S2-115192904	Tammara Goodridge, South DDS	3986 TRAILWOOD DRIVE, SHERRILLS FORD, NC	US
S2-554947241	WRIGHT GROUP CENTER	AL, MOBILE, 3117 JAMES MADISON DRIVE	US
S2-807047187	Euphoria Technologies		India
S2-105024789	Big Atco Body Ltd	221 RICHARD DR, CHESTERTOWN, MD	US
S2-468968401	eye medicine of hibbing	02523 4TH AVE, HIBBING, MN	US
S2-679054284	Mcarthur Aegon Of Lowell Inc	17624C TAPPER ST, LOWELL, IN	US
S2-621506393	HARDIMAN DUKE	232 JACKSONS HILL ROAD, HERMITAGE, TN	US
S2-3382983	[Inc] Roman, Gonzalez & Wd,e	226 FITETREE LN, WEST END, NC	US
S2-649199587	Rmb Foundations (Ltd.)	B-138/B, 3RD CROSS ROAD, PEENYA INDUSTRIAL AREA, SHUSHRUTI NAGAR, PEENYA, BENGALURU, Karnataka	India
S2-572345061	Belling-Giant LLC	LENORE LANE, DUBUQUE, IA	US
S2-90020839	Golden Media Private-Ltd	204 KAILASH COMPLEX, BEHIND MAHADEV TEMPLE, NEAR MASONIC HALL, BPC ROAD, ALKAPURI, Gujarat	India
S2-230546756	ಈಸ್ಟ್ ಪ್ರೈಮ್ ಬಿಲ್ಡರ್ಸ್ ಪ್ರೈವೇಟ್ ಲಿಮಿಟೆಡ್	WEWORK GALAXY 43, RESIDENCY RD ASHOK NGR, BANGALORE NORTH, BANGALORE, Karnataka	India
S2-930822949	SUNRAY QUALITY PRIVATE LTD	MI NO:463 A/P LAUL TAL:MADHA DIST:SOLAPUR, LAUL, Maharashtra	India
S2-219498817	BRAND COINSHARES LLC	394 HILLCREST DR, NULL, CITY OF ABERDEEN, MD	US
S2-472108015	Dream LLP Enterprises Advisory #3154	24 , 3RD FLOOR, SAI RAM LAYOUT, ATTUR YELAHANKA, BANGALORE, Karnataka	India
S2-661864961	Westerfield Doubleline Ltd	20 SEVENTH ST, PRAIRIE DU SAC, WI	US
S2-52423327	Castillo Castillo Stándard LLC	1564-1568 GULF ST, LAKE TWP, OH	US
S2-27223790	Lucas & Foye Better West	ROBBINS, 294 LITTLEFIELD LN, NC	US
S2-662367325	ANDERSON DENTAL ASSOCIATES CO	3547-3549 E CAPITOL STREET, WASHIGTON, DC	US
S2-295385275	Physica1 Therapy Associates LLC	CORPORAL KENNEDY ST, BAYSIDE, NY	US
S2-819766184	സ്റ്റാർ ഹോസ്പിറ്റാലിറ്റി പ്രൈവറ്റ് ലിമിറ്റഡ്	NO ##90 CEE KAY HOME SERVICE, ERNAKULAM, Kerala	India
S2-421666308	Elite Platinum General	24 GROVELAND ROAD, GENESEO, NY	US
S2-193952876	Little Barbershop-LLC	12149 LEWIS CIR, FORNEY, TX	US
S2-472705410	Cullinane Dental  Aissoiates	MEDINA, NY, 216  ERIN RD	US
S2-382390056	Inc Wise, Crane & Farrow Legato Greater	02636 116TH AVENUE, COON RAPIDS, MN	US
S2-327146621	The Dent Tavern Inc	1722 MAYS DIRVE, NEW LENOX, IL	US
S2-980198703	Golden-Yoga	4029 OLYMPIC WAY, SALT LAKE CITY, UT	US
S2-458403028	Dadri Solutionsprivate Group Private Limited	I-224, HERITAGE FLOOR, TOWER-I, KHASRA NO-317 JA, DADRI, Uttar Pradesh	India
S2-439059133	814-815 South Owners  Corp	21 LOVELACE ROAD, NC, FOREST CITY	US
S2-441465217	ROCKY ENDOCRINOLOGY INC.	#477 ZION CHURCH ROAD, SEVEN SPIRNGS CITY, NC	US
S2-16201172	devanthbusiness.com	H.NO 185 F-29 RIICO INDUSTRIAL, AREA TAPOOKARA KHERANI, TIJARA, Rajasthan	India
S2-790622521	HUNDLEY, LORILEE, ÉSQ., M.D., P.C.	52-44 66 STREET, MASPETH, NY	US
S2-810123628	Jacobs, Peachey and Brown Service	PATRICIA AVE, null, PRICHARD, AL	US
S2-513852394	#cooklearning	15530 FOREST CREEK FARMS DR, CYPRESS, TX	US
S2-409050744	pediatric dental associates group	3651 SANDY BROOK DR, ROUND ROCK, TX	US
S2-558160939	Smt Govind Consultancy Private Private (India) Limited	M-0045, OLD DLF COLONY, SECTOR 14 HALF PREMISES IST FLOOR, GURGAON, Haryana	India
S2-559739059	Inc Divoor Reseahr Westgate	4744 TURNEY ROAD, CLEVELAND, OH	US
S2-878529213	Sri #silverenterprises	554, 555/3, 556/3 & 557NH-5, LALPPURAM BYE PASS ROAD, Andhra Pradesh	India
S2-114647655	FEDERAL EQUITY GLOBAL,	436 CEDAR LANE, ARDEN, NC	US
S2-80731622	ग्लोबल केयर लिमिटेड	MANDAR #425/69 T M V COLONYGULTEKADI, PUNE, Maharashtra	India
S2-760593028	jillanasherrodmodern.com	05101 LIBERTY ROAD, FRANKLINVILLE, NC	US
S2-420423890	Shelf Academy Center Company	FLAT-#86 S/F DDA SUKHDEV VIHAR, NEW DELHI, Delhi	India
S2-765142468	Premier Medical	5200 CASTLEBERRY HOLLOW RD, CUMBERLAND FURNACE, TN	US
S2-758565798	Choice Networks Llc	TWELVE CORNERS ROAD, BLACK CRREEK, WI	US
S2-425709103	Sri Treat Láwyers Pvt	PLOT NO 23 , OU COLONY, SHAIKPET, HYDERABAD, తెలంగాణ	India
S2-427308034	XWC Thermal Private Ltd	#3-2921 , CHORD ROAD, RPC LAYOUT NEAR ATTIGUPPE, VIJAYANAGAR II STAGE, Karnataka	India
S2-378854774	Harper Origin	23200-D KRISTOFF CT, PLAINFIELD, IL	US
S2-74007998	Llc Bright Metro	284 DANFORTH ST, PORTLAND, ME	US
S2-946697629	NOEX PARTNERS	1939 Larry Ct, MURFREESBORO, TN	US
S2-605424745	India Unmukt Brands Partners Holdings	8-24-34 , POBOX-54, MANGALAGIRI ROAD, GUNTUR, ఆంధ్రప్రదేశ్	India
S2-317787496	Bengal Coaleelhe Limited	H.NO 235 EJ-286/2, CHAHAR BAGH NEAR PHAGWARA GATE, JALANDHAR - I, Punjab	India
S2-366832740	Natassia Shepherd, D.C. Corp	30 SIXTH ST, WHEELING, WV	US
S2-670282052	Three Analytics-Limited Private		India
S2-191911885	OTOOLE, CASTELLANOS & CHRISTIANA	0023810 CANTERBURY LN, FERGUS FALLS, MN	US
S2-619675088	-- Choice Grill	385 LOIS LAEE, VIDR, TX	US
S2-792160113	ANURAG PUBLIC SCHOOL	38, BANSAL BHAWAN, HANUMAN KA RASTA, JAIPUR, राजस्थान	India
S2-651524412	Shri Peacock Trust Ltd	H.NO 2-10-309/2/6 PRASANTHINAG, HANAMKONDA, Andhra Pradesh	India
S2-90470340	जय एस्टेट लिमिटेड	PUNE, PUNE CITY, महाराष्ट्र, FLAT NO.602, CELESTINO APT, LOHEGAON DHANORI ROAD	India
S2-892101184	Schulman's Industries-Center	##131 VAUGHN RD, DELAWARE, OH	US
S2-563814105	acecloudsystems.com	TARHELIA HEIGHTS, WHITTIER, NC	US
S2-881516298	Royal Data Internatiobal Co	##2529 BLUFF OAK DR, KERNERSSVILLE, NC	US
S2-57372427	WEAVER  CORNERSTONE	9947 WILDFLOWER LN, MUNSTER, IN	US
S2-173591238	2222 HIGHLAND PLAZA PROPERTIES	5624 BEVIS ROAD, PO BOX 4517, BASCOM CITY, FL	US
S2-784386291	EASYTECH-INDIA	#2809 , 28TH FL, BLOCK B, LODHA MERIDIAN KPHB PHASE, TIRUMALAGIRI, తెలంగాణ	India
S2-748898320	Aadhavan Investments Pvt. Ltd.	#166 57/6, KAVERI CENTER SANJAY PLACE OPP. AZAD PETROL PUMP, AGRA, Uttar Pradesh	India
S2-527143591	Cornerstone Premier Inc. Partners	14 POPE STREET, NEW HAVEN, CT	US
S2-977376266	ऑल बिल्डर्स प्राइवेट लिमिटेड	Delhi, H-40, EAST DELHI, DELHI	India
S2-960216780	Namakkal It Private	DOOR NO ##1ST FLOOR, 01 MAIN MARUTHI, NAGAR, CHANDRA LAYOUT, BANGALORE NORTH, ಕರ್ನಾಟಕ	India
S2-871915738	Midwest Association	84 SINN ST, PATCHOGUE, NY	US
S2-557369557	Kate Hanson (ID: 74576)	262 CLUB RD, FT BLISS, TX	US
S2-324409229	The Chiropractic Clinic	GREEN ST, PO BOX 2242, MENDON, OH	US
S2-378473675	विजय इंफ्रा लिमिटेड	NO D/1ST FLOOR, MUKTA PLAZA, INCOME TAX CHOWK, AKOLA, Maharashtra	India
S2-357983552	Gulf Vaneck	1260 HIGHWAY 64, EL PASO, AR	US
S2-388062174	2622  Madison Way Management	OAK CT, BROKEN ARROW, OK	US
S2-526711890	Advanced Environmental Wrchoide Co	#673 MARLEY RD, INCORPORATED, IL	US
S2-296702818	INFRASTRUCTURE SAMANVAY TECH PVT. LTD	Kerala, VI/565VRINDAVANAM NELLAYA P O, PALAKKAD	India
S2-579197774	Surgical Center	10113 52ND DR, MARYSVILLE, WA	US
S2-487152670	Varma Trading Services	B-103, MADHURAM IND.ESTATE, NR. SARDAR PATEL ESTATE, ODHAV-NIKOL, RING ROAD, AHMEDABAD, Gujarat	India
S2-370804077	Sri Veer Vanijya Co	Andhra Pradesh, F NO-306, KASUSALYA TOWERS KRMALA NAGAR, SECUNDERABAD, HYDERABAD	India
S2-933646155	Lee LLC (Carlyle)	45 DONALDSON STREET, PO BOX 1229, UTICA, IL	US
S2-906015563	Cultural Profgam	8910 CROSIER LANE, FORT WAYNE, IN	US
S2-474577382	>> ADROIT  FUND LIMITED	NO 17F, CHENNAI, தமிழ்நாடு	India
S2-402847348	MOHANLAL LIMITED PUBLIC  SAINATH	NO H2-105/1 PROVIDENT WELWORTH CITY YELAHANKA DODDABALAPUR RD MARASANDRARA, BANGALORE, Karnataka	India
S2-554222915	स्काई ड्रीम हॉस्पिटैलिटी	GF-#10, PRAKASHDEEP BUILDING 7 TOLSTOY MARG, C.P NEW DELHI, NEW DELHI, DELHI CONNAUGHT PLACE, Delhi	India
S2-446930748	CLEAR CURRENCYSHARES INC	WICHITA, 02629 HOLYOKE ST, KS	US
S2-639449232	Laural Jimenez Custom	HUNTSVILLE, AL, 13000-13004 MONTE VEDRA ROAD	US
S2-846902267	Black Technology	25-B-, D.C.F. BHATTA, BAMBA ROAD, KALYANPUR, KANPUR, उत्तर प्रदेश	India
S2-648815019	Abhilasha-(India) Tdre Private Limited	C/O - MD ABDUL ALIM CYNDICATE MORE, MURSHIDABAD, পশ্চিমবঙ্গ	India
S2-495362436	Sterling Environmental Holdings Partners	#S2965 FAIRWAY DRIVE, TOWN OF EXCELSIOR, WI	US
S2-329668274	Llc Superi0r Eqv	GRANDVIEW AVENUE, WADSWORTH, OH	US
S2-481663453	THE VETERANS  COUNCIL HOLDINGS	8710-8712 PINES PLACE DR, HUMBLE, TX	US
S2-420160719	Canet Montage		US
S2-527004805	Dynamic Equity Systems		US
S2-247110362	Automate Ventures (Associates)	NO 2 , KALITALA (GOVT. COLONY) CHAKPARA, LILUAH, HOWRAH, West Bengal	India
S2-209993110	CASCADE HEALTH CENTER	31 LOCKE STREET, WOODSBORO, TX	US
S2-728240350	STAR CHOICE FORD	6-10 SOUNDVIEW ROAD, GLEN COVE, NY	US
S2-814147029	Chamundeshwari & Sons	B3/959 1, 2ND FLOOR, JAGDAMBA PALACE NEAR GURGAON DREAMZ MALL, OLD RAILWAY RO, AD, GURUGRAM, Haryana	India
S2-205803670	Volz's Hair Studio Holdings	02338 Farmer St, CHARLOTTE, NC	US
S2-553009539	Dede's Harbor Producicdtosn	1222 31RD ST, null, SOUTH BEND, IN	US
S2-236100955	The  Dent Bistro	322 BLUE JACKET RUN, FORT WAYNE, IN	US
S2-233960685	Ashcroft Unified Connection Ltd	28814-D LARRY LANKFORD ROAD, PRINCESS ANNE, MD	US
S2-17288970	INC CRUZ 6LRB EQV	781  Somerville Ave, SOMERVILLE, MA	US
S2-767369588	#delhiwaves	Delhi, A-67, S/F, NG ROAD TAGORE GARDEN EXTN NEAR MANDER NEW DELHI, DELHI	India
S2-543315528	interfaith center	585 FAWN VALLEY RD, BENNER TWP, PA	US
S2-536489698	Merilyn's Deli	CITY OF MEQUON, TREMONT CT, WI	US
S2-567472655	Crystal Stardust	1120 PLEASANT VALLEY ROAD, PARMA, OH	US
S2-997838077	B0GLE ÍNVESTMENTS LLC	2209 CARONIA ST, CHARLOTTE, NC	US
S2-477091672	Caldus Service	COLUBIA, TN, HERITAGE DR	US
S2-839466792	Baramati Healthcare Corporation	SHALON NIWAS, VASANTNAGAR, BARAMATI, Maharashtra	India
S2-699520063	Margret C. Toms, MD Partners	8950 LA VERNE DR, RANCHO CUCAMONGA, CA	US
S2-268087958	Lynx Growth-Inc	GODWIN GATE STREET, NC, LNIDEN	US
S2-134143796	@continentalblue	2471 SUNRISE RD, ROUND ROCK, TX	US
S2-161911053	Secure Pinnacle	OH, 107 MEADOW LN, JOHNSTOWN	US
S2-903622895	Friederike-Carney Xflh	757 RICH STREOT, COLUMBUS, OH	US
S2-161432924	Ear LLC & Throat Continental Care Nose	15  SOUTHGATE AVENUE, WESTFIELD, MA	US
S2-709901764	एस मीडिया प्रा. लि.	FLATE NO- 10/B-57/301, GHAZIABAD, Uttar Pradesh	India
S2-119220432	Reliable Taorg Studios	#2461 LAGRASSE CIR, ST GEORGE CITY, UT	US
S2-107347683	Historical Program Llc	AL, IRVINGTON, 8807 TWO MILE RD	US
S2-125860904	Barr, Heldt and	110TH STREET, HERMAN, MN	US
S2-752967708	Aaradhya Euatnal Society Ltd	D.NO:9-10-25, CLOTH BAZAR, KOTHAPET, GUNTUR, Andhra Pradesh	India
S2-795621883	Secure Printing Holdings	21 COLUMBUS STREET, NEW WINDSOR, NY	US
S2-345494622	Kelci Hall Green Ligand Group	4048 2700, CADDO MILLS, TX	US
S2-526735571	Goan Minerals (India) Private	01-19/1, GANDHI NAGAR JADCHERLA, MAHABOOB NAGAR, Telangana	India
S2-792835902	Bureau of Finance Summit	4211 1/9 SMITH SCHOOL RD, AUSTIN, TX	US
S2-800204466	Clothing-Hcspital		India
S2-886667346	Family Care Center (ID: 7755)	16912 142ND AVE, BRUSH PRAIRIE, WA	US
S2-871598893	KÁUFFMAN-PERIMETER	976 JOHNSTOWN ROAD, CHESAPEAKE CITY, VA	US
S2-51046711	Balaji Impex Ltd Ltd	#D/92/2A BIDHANNAGAR ROAD CONCORD TOWER, KOLKATA, KOLKATA, West Bengal	India
S2-640882035	परफेक्ट एस्टेट लिमिटेड	##75 27-28 SECTOR, HISSAR, Haryana	India
S2-905768261	EVERFRESH TÓRTD PVT LTD	G NO. 153/15 13B, DEEPNAGAR, JAYASINGPUR, Maharashtra	India
S2-288653544	QUANTIFY-DPC INCORPORATED	BUFFALO, MN, BAKER AVE	US
S2-467602358	Newstar  Sahani Private	65/F/, SUBHAS NAGAR, KOLKATA, KOLKATA, West Bengal	India
S2-712293611	Life Exporters	C/O S. K. MAHESHWARI NEAR RATHI DALL MILL, ITARSI, Madhya Pradesh	India
S2-259509304	PLETT DIRECT BIOTECH, LLC	TX, ADDISON CITY, 15866C SPECTRUM DR	US
S2-787970959	YORK ALVAREZ ÓF SPRING HILL	2121 LOUDENSLAGER DR, SPRING HILL, TN	US
S2-494604133	Biex Capital LLC Service	5197 TOWPATH RD, BURNETTSVILLE, IN	US
S2-909259874	South Cti - 1. Recruitment Pvt Ltd	1406, 14TH FLOOR, TOWER B, SIGNATURE TOWERS, SOUTH CITY - 1., हरियाणा	India
S2-399261475	लक्ष्मी इंटरनेशनल प्रा. लि.	1322/89 HEMKUNT CHAMBER 13TH FLOOR NEHRU PLACE, DELHI, NEW DELHI, Delhi	India
S2-13606653	Vishal Polytechnic	1, RIVER VIEW ENCLAVE, TEESTA STREET, 3RD MAIN RD, SRIPERUMBUDUR, Tamil Nadu	India
S2-119543399	Internal Medicine Heartland LLC	HOLLY HILLS DR, LELAND, NC	US
S2-682357423	Ridge Ass0ciation Harbor	10229 88ND DR, PEORIA, AZ	US
S2-302488759	Private Anand lnfotech Limited	S/O CHANDRAMANI SHARMA, 45, MAPHO, NALANDA, बिहार	India
S2-469311369	FS Trávels L.L.P.	FLAT 4F, 4TH FLOOR, 140, PRINCE GOLAM HOSSAIN SHAH, KOLKATA, KOLKATA, পশ্চিমবঙ্গ	India
S2-390926265	Dolat Limited Partners	76E, POCKET-A3, MAYUR VIHAR, PHASE -3, EAST DELHI, Delhi	India
S2-745482202	patriotveterinaryclinic.com	06820 VISTA TERRAZA DRIVE, ALBUQUERQUE, NM	US
S2-763374177	क्रिएटिव इंफ्रा प्राइवेट लिमिटेड	D-301, PLOT NO.1, OM SATYAM APARTMENT SECTOR-IV, DWARKA, NEW DELHI, WEST DELHI, दिल्ली	India
S2-763242816	Clyola Neuberger	21 ELM LANE, WESTERLO, NY	US
S2-22433404	ಇನೋವೇಟಿವ್ ಪವರ್ ಪ್ರೈವೇಟ್ ಲಿಮಿಟೆಡ್	206, 2 FLOOR, RAHEJA PLAZA, 17, COMMISSARIAT ROAD SHOOLAY TANK BED AREA, D'SOUZA CIRCLE, A, SHOK NAGAR, BANGALORE, Karnataka	India
S2-569945063	റിയൽ ഗുരു സൊല്യൂഷൻസ് ഹാർഡ്‌വെയർ പ്രൈവറ്റ് ലിമിറ്റഡ്	NO 13 SPARK, 4TH FLOOR, THRISSUR TRADE CENTRE KURUPPAM ROAD, THRISSUR, Kerala	India
S2-373454758	Partners Rash, Simcoe and Landis	##17859 QUAILWOOD LN, N/A, VICTORVILLE, CA	US
S2-318811948	Deep  Propmart Cilnic	A/21, SHIVSHAKTI CHS LTD., INDIRA NAGAR, OPP. MADHUVAN SOCIETY, J.P. ROAD, ANDHER, I (WEST), MUMBAI, Maharashtra	India
S2-1838652	इंटरनेशनल इंफोटेक प्रा. लि.	F-##14 & F-15, FIRST FLOOR F BLOCK INNER CIRCLE, CONNAUGHT PLACE, NEW DELHI, CENTRAL DELHI, Delhi	India
S2-65837570	Surgical-Center Enterprises		US
S2-941440121	MUNOZ &  KAUFMAN	408 HANCOCK ST, RICHMOND CITY, VA	US
S2-757847426	Valley Federation	837 Big Springs Road, VALLE, AZ	US
S2-237006847	vanteus collective	HOUSTON, 1526 ULPAND GLEN WAY, TX	US
S2-511764813	STUDIO 76 BARBERSHOP (CO)	7530 BARNES ROAD, PORTLAND, OR	US
S2-664214678	SAFE  APPAREL STUDIOS OF JACKSONVILLE LTD	927 CLAY AVE, JACKSONVILLE, IL	US
S2-266290713	OQC India Private Ltd	NO 17 DHOBI GHAT, KISHAN GANGA INFRONT OF PANI WALE, GAUGHAT MASANI, MATHURA, Uttar Pradesh	India
S2-665840038	Delta Navios Corp	001913 ANNAWON CT, HANOVER, MD	US
S2-804590895	Virgina Yang Ridge Ltd	6641 ARTESIAN AVE, CHICAOG, IL	US
S2-176535208	[LTD] PALACIO CLASSIC COCA	31 VAN BUREN ST, JAMESTOWN, NY	US
S2-650676137	Sai Foods (Private)	C-22-T, DELHI POLICE APARTMENT, MAYUR VIHAR PHASE-I, IN, Delhi	India
S2-947941979	QUNEEX JAPAN INC.	106 MALLORY ST, TX, SARITA	US
S2-635937646	AGRA COIR INFRATECH LLP	H.NO 133 HN. 56 PADAM KUNJ SIK BODA LA RD, AGRA, Uttar Pradesh	India
S2-571774071	móuntainnationalaktiengesellschaft.com	327B BIRCHWOOD DR, HNEDERSONVILLE, TN	US
S2-86955709	communityfoundation.com	12 CEDAR ST, ANTHONY, TX	US
S2-816392594	Celene's Tax Service  Valley	5212 AUSTIN RD, CHATTANOOGA, TN	US
S2-94313960	Newtech (India) Service	PT NO 39 TO 404 SRI PRABHUPADA TOWNSHIP, KONDAPUR, HYDERABAD, Telangana	India
S2-38374252	Ortega Diagnostics	KINGS CROWN DRIVE, SUNBURY, OH	US
S2-485936525	TRANSFORMERS & BROTHERS CTA	PLOT 13  303, HIMLAND HOUSE, D-5, KARAMPURA COMMERCIAL COMPLEX, NEW DELHI, Delhi	India
S2-470921507	Scholarship Porject	109 THOREAU WAY, LAWRENCE, MA	US
S2-543156737	Pediatric Dental Medicine of Petersburg City Care	14 EDMONDS AVENUE, PETERSBURG CITY, VA	US
S2-812839207	Foundation Springs Wind	Gujarat, 401, SANIDHYA A, OPP ANANDNAGAR SHOPPING CENTER, PARAHALAD NAGAR 100 FEET ROAD, AHMEDABAD	India
S2-975287503	Designer Multimedia Public Limited	151 , GIDC ESTATE, VILLAGE - VARTEJ, BHAVNAGAR, ગુજરાત	India
S2-454314919	Coastal Green  Lease Clinic Summit	3214 IOWA STREET, COSTA MESA, CA	US
S2-781352272	CALDWELL CENTER LLC PARTNERS	#3130 THIRD AVE, BIRMINGHAM, AL	US
S2-525508474	Center Peak Equity Corp	1354 PINNACLE DR, PARK CITY (SUMMIT CO), UT	US
S2-378303830	AGGIE BONNER GOLDEN FREIGHT	3281 BIRD DOG LN, MAIDEN, NC	US
S2-459939474	WC Arrow	23791 CLEARMONT DR, ELKMONT, AL	US
S2-293208831	Rodi Youngblood Advertising Inc	201 PICEA DRIVE, AUSTIN, TX	US
S2-571303905	MUMBAI ENGINEERING PRIVATE LTD	1702/FLR17 A WING TRITON CTS NO G399 C G 399 OPP RAJESH K HANNA GARDEN, SANTACRUZ (W) JN OF MAIN AVENUE ROAD AND 18TH ROAD, MUMBAI, महाराष्ट्र	India
S2-867318782	Safe Metropoliiatn  Acadia Inc	211-A LYNDALE RD, HENDERSONVILLE, NC	US
S2-705247434	Dermatology Partners	2554 HWY 87, GILCHRIST, TX	US
S2-25077423	Coo LLC	4290-4294 3403, LONE OAK, TX	US
S2-443539250	Noviciradova	EIGHTH STREET, KANSAS CITY, MO	US
S2-263574919	WOLFE'S HYPNOSIS	7 BEACHSIDE COMMON, WESTPORT, CT	US
S2-885504111	Group Holdings Americn	4751 SKILES AVENUE, KANSAS CITY, MO	US
S2-715888882	Mohsin Technology	30, VISHRANTH, VANIVILAS ROADBASAVANGUDI, BANGALORE, Karnataka	India
S2-800097355	shreebrothers.com	62/A, VENGALRAO NAGAR COLONYHYDERABAD A.P., తెలంగాణ	India
S2-188224474	Vasavi &-Sons Private Limited	01, JITO HOUSE PLOT NO. A/56 MIC ROAD NO.1, NEXT TO INTERNATIONAL BY TUNGA HOTEL, ANDHERI EAST, MUMBAI, Maharashtra	India
S2-753437195	Bal  Care Express	DOOR NO 349 ABOVE DASHMESH INDANE GAS SERVICE JAMSHER KHAS, JALANDHAR, Punjab	India
S2-99411550	turner mitsui partners	POHENIX, AZ, 801-D 44th St	US
S2-225535558	Mr SHREE FACILITATION PVT  LTD	H-4/19, SECTOR-16 ROHINI, DELHI, Delhi	India
S2-362264846	FOOT & ANOKLE PARTNERS	1 OAKTON RD, GAITHERSBURG, MD	US
S2-176672331	Lakshaya Itnernational Ltd	H.N 4/1 GROUND FLOOR ASHOK VIHAR PHASE III EXTENSION, GURUGRAM, Haryana	India
S2-494985264	Orthopedic Partners  Partners	706 RUSACK DR, KILLEEN, TX	US
S2-538868793	Consolidated Energy Digital LLC	528 Cleveland Ave, COLUMBUS, OH	US
S2-835320951	RADHE + SONS PVT		India
S2-147249259	INDIA-AURA PROJECT PRIVATE	Delhi, #0503 SILVER ARCH, APRTMNT 22 FEROZ SHAH RD, NEW DELHI	India
S2-927211613	Preferred Chemical Industries	6601 VICTORIA AVENUE, HIGHLAND, CA	US
S2-889619707	Frog India	PLOT NO.176, SECTOR 52, GUTIGAU, GURUGRAM, हरियाणा	India
S2-582090526	Young Inbterests	15001 29RD AVE, PHOENIX, AZ	US
S2-266243650	SECURE-RESEARCH DIGITAL CORP	##1848 DEEP CREEK ROAD, WADESBORO, NC	US
S2-665427142	Bhn Petro Private Ltd	C/O SUKHDEV SINGH, MAIN MARKET URMAR TANDA, HOSHIAPUR, Punjab	India
S2-936936294	OLSON GLOBAL, INC	181 VALLEY VIEW DR, ABINGDON TOWN, VA	US
S2-926173967	Overseas Green Llp	C/O MIDC PLOT NO H/033, BEHIND DATTA STEEL, KUPWAD, MADHAV NAGAR, SANGLI, SANGLI, Maharashtra	India
S2-186948210	Sandoval and Nason Inc		US
S2-370601468	The Orbos Insurance LLC		US
S2-694516567	Lantern Inc. Mckinley	TAYLORSVILLE, NC, 105 KINGS DR	US
S2-685037457	Ons School International	KNO-58/66/65, HNO-24-C, S/F, GAUTAM NGR, NEAR FATHER ANGEL SCHOOL, NEW DELHI, Delhi	India
S2-389980705	सनराइज कंस्ट्रक्शन प्राइवेट लिमिटेड	H.NO D/4TH FLOOR, MUMBAI, MUMBAI CITY, महाराष्ट्र	India
S2-945543249	Classic Muzero Holdings	445-447 GRACE TAYLOR STREET, INCORPORATED, WA	US
S2-240496247	UROLOGY SPECIALISTS - 6725432961	00631 SAD WILLOW PASS, TX, DRIFTWOOD	US
S2-651103365	Bowman Maintenance Inc	0125 HILLCREST VILLAGE, SCHENECTADY, NY	US
S2-754564101	Bright Bright Corporate,	35142 LEAD LINE RD, VIRDEN, IL	US
S2-832071540	Horizon Mobility Consultants Inc (#15337)	018 ROHRBACH LN, COLUMBIA FALLS, MT	US
S2-958736361	Cardiology Cenesgic (Inc.)	2750 Havenwood Dr, OSHKOSH, WI	US
S2-300980229	Technologies Saw Infrastructures Exports Prvtae Limited #80020	DOOR NO 673 A/6, SAFAL PROFITAIRE SURVEY NO 906, TPS 25, OFF 100FT, PRAHLADNAGAR RD, OPP.RAMDA HOTEL, SA, TELLITE, AHMEDABAD, Gujarat	India
S2-590442180	SECURE PAINTING  INC PARTNERS	206-210 HILTON STREET, BALTIMORE, MD	US
S2-53358549	MAYANK SOLUTION EXPORTS (PRIVATE-LIMITED)	#309 8-2-293/82/L/92-A, ROAD NO 12, KHAIRATABAD, Telangana	India
S2-803372837	Lamb Venture Corporation	KY, JESSAMINE CO, HARBAUGH WAY	US
S2-524053291	Loex Inc Center	310 CHURCH ST, BRADNER, OH	US
S2-503455221	PEREZ ROCKY PROVIDENCE LLC	Valleyside Rd, NULL, CLEVELAND CIY, OH	US
S2-41372897	स्मार्ट बालाजी पावर एलएलपी	D-##101, MUMBAI, MUMBAI CITY, महाराष्ट्र	India
S2-838954784	P 6 O Cómmunities LLC	08 MANHASSET RD, CHARLOTTE, NC	US
S2-831688915	ஃபார்ச்சூன் புராஜெக்ட்ஸ் லிமிடெட்	77  SECOND FLOOR, REFEX TOWERS, STERLING ROAD SIGNAL, 313, VALLUVAR KOTTAM HIGH ROAD, VALLUVAR KOTTAM HIGH ROAD, CHENNAI, Tamil Nadu	India
S2-713699588	KELLEY, HENRIETTE, PARTNERS	OWL ST, FREDERICK, MD	US
S2-275625371	Crest  Finishing	#520 B A/2, AJMAL RAMDEV BLDG NO1 CHS LTD, SV RD NAVGHAR RD, BHD UTI BANK NEAR RAHUL SCHOOL BHAYAN, DER(EAST), THANE, Maharashtra	India
S2-795497152	PUBLIC ÓF OFFICE WORKS	637 GRANT STREET, PO BOX 2775, CITY OF DE PERE, WI	US
S2-885649228	(Htsmm) Nursing Vio1a	01, OSHO DRIVE GADAIPUR ROAD, NEW DELHI, दिल्ली	India
S2-246769479	Evans & Bd Element  Inc	##31 SPRUCE DRIVE, ISLIP, NY	US
S2-340194075	Singleton & Williams (ID: 35094)	20166 SRTEAM HOLLOW LANE, TECUMSEH, OK	US
S2-4403769	Chapman Preferred Saul Ltd	D 2 LDON LN, HALIFAX, MA	US
S2-296826223	V/Q Cambridge Group	232  PENNSYLVANIA AVE, FREEEPORT CDP, NY	US
S2-594385309	డ్రీమ్ గెలాక్సీ ఇన్‌ఫ్రాస్ట్రక్చర్ ట్రేడర్స్ ప్రైవేట్ లిమిటెడ్	306, 4TH FLOOR, VJR RESIDENCY, PILER, CHITTOOR, PILER, ఆంధ్రప్రదేశ్	India
S2-730386403	Harbor  Federation	511 Cedar St, OTTAWA, KS	US
S2-48974633	ANDHERI (E) SPARES PVT. LTD.	CTS 610 & 611, ASTARC HOUSE, MAKWANA ROAD, TAKPADA MAROL VILLAGE, ANDHERI (E), Maharashtra	India
S2-429002260	Lorinda Deovis Supreme Retail Inc	27. LUNDY LN, WAYAND, MA	US
S2-352658420	Resto Miller & Tillson Drilling	412 OAK STREET, COBDEN, IL	US
S2-50637387	healthcenter.com	15 CRAIGWOOD DR, MEMPHIS, TN	US
S2-185058492	ఈస్ట్ ఎక్స్‌పోర్ట్స్ ప్రైవేట్ లిమిటెడ్	VISHAKHAPATNAM, Andhra Pradesh, VISAKHAPATNAM, PLOT NO.30, SAMPURNA RESIDENCY SANTHI NAGAR, NAD KOTHA ROAD, S1	India
S2-308739620	गुड ट्रेडिंग एंटरप्राइजेज प्रा. लि.	49A/9 NEW JAIDEV NAGAR NEAR KRISHANA NAGAR, IA, HISSAR, Haryana	India
S2-705593465	Dr Hotel Consultancy Private Ltd	B 106 HINAL HERITAGE BEHIND DIGAMBER JAIN TEMPLE S V P ROAD BORIVALI WEST, MUMBAI, महाराष्ट्र	India
S2-537842691	Gangacsh Services	7/243, SECTOR-7 JANKIPURAM EXTENTION, LUCKNOW, Uttar Pradesh	India
S2-434845227	Malappuram Cómmunications	NO. 217 ROOM NO :17/363A(6/473A-OLD), DEPOT, NILAMBUR RS P.O, MALAPPURAM, MALAPURAM, Kerala	India
S2-360623091	Beor Retail	146 BEDFORD STREET, CARLISLE, PA	US
S2-326913439	WATERLOO STRATEGIC TOWER	3rd Street, WATERLOO, IA	US
S2-251717687	Joseph Clothings Private	A-209, UNIQUE INDUSTRIAL ESTATE CHAKALA ROAD, ANDHERI (EAST), महाराष्ट्र	India
S2-282359213	trustedheart1andhills.com	#105 B ELIJAH WAY, YORK COUNTY, VA	US
S2-801242513	Parry Me	Madhya Pradesh, #373 AYODHYA NAGAR A. B. ROAD, LASHKAR	India
S2-770940143	BD Colonial-Preision L.L.C.	5901-5903 34TH AVENUE, HYATTSVILLE, MD	US
S2-570759219	CONGREGATION ZION INC.	39 OLMSTED TER, PLYMOUTH, MA	US
S2-393741183	बिग Healthcare प्रा. लि.	VERMA HOUSE, OPP. PARAS HMRI HOSPITAL RAJA BAZAR, BAILEY ROAD, PATNA, Bihar	India
S2-102743925	>> Ridge-Diana-LP	1725 ARLINGTON BLVD, GREENVILLE, NC	US
S2-476594389	Infra Jolly Financial Public Limited	211 MANAS NAGAR SHAHGANJ, AGRA, Uttar Pradesh	India
S2-963536370	Green Research Corporation Eastgate Co	6112 BLACK RIDGE DRIVE, ALBUQUERQUE, NM	US
S2-499747271	Wilkinson LLC Services	CARPENTER RD, PMB 1736, SNOHOMISH, WA	US
S2-947390623	STANDARD SOLUTIONS (INBIM) LIMITED	PLOT #320 AT POST CHIKHALI, TAL SANGAMNER, Maharashtra	India
S2-698956471	Sanchez Lending  Inc	10744 MILLERS WAY, ORLAND PARK, IL	US
S2-957042616	Silver-Ice  Cream	5610 SIGNET LN, RIVERDALE, MD	US
S2-767224003	SI1VER LEARNING DIGITAL	2015 WICKIUP RD, APACHE JUNCTION, AZ	US
S2-616153066	Quality-Integrated Lincoln Company	##60 VALLEY ROAD, SKAMOKAWA, WA	US
S2-269224248	Ridge School of	21 Foxgrape Hollow, BEECH MOUNTAIN, NC	US
S2-602875500	Cabral Le	1934 MORRIS CREEK RD, GRANITE FALLS, NC	US
S2-805580463	NEVUE MARITIME,	6933 WESTFALL RD, AMANDA TWP, OH	US
S2-732845460	Hopper & Wilson Egh Ínc	171 WOODLAWN DRIVE, NC, SCOTLAND NECK CITY	US
S2-605090351	Rocky Cardiology	6835 RED MAPLE WAY, CITRUS HEIGHTS, CA	US
S2-660183822	ब्लैक टेक्नोलॉजी प्राइवेट लिमिटेड	4TH FLOOR, AVIONNE, OPP PAWAN HANS, S V ROAD, VILE PARLE (WEST), MUMBAI, MUMBAI CITY, A-405, Maharashtra	India
S2-758139890	Diversified Insurance Iagetrnational Ltd	2483 2700TH AVE, GOLDEN, IL	US
S2-132811405	Quantify Hancock LLC	##260 GURDON ST, BRIDGEPORT, CT	US
S2-536685106	Salcedo's Massage Central	5490 HIGHWAY 56, CHAUVIN, LA	US
S2-901654753	esquivelvonk.com	716 EUCLID AVENUE, PHOENIX, AZ	US
S2-502994045	Exports Ahmedabad of Armour	8-10-G, AHMEDABAD, Gujarat	India
S2-173210544	Tri-State Cenfer	ARCH STREET, NORRISTWN, PA	US
S2-96346409	Pyracalo	NO 279, BANGALORE NORTH, BANGALORE, Karnataka	India
S2-706837186	LOUGHMAN & HÁRRINGTON PC	1569 MAIN STREET, WEYMOUTH, MA	US
S2-425840854	PHYSICAL THERAPY PLATINUM PARTNERS OF HOUSTON LLC	HOUSTON, 721 LOS ANGELES ST, TX	US
S2-902845783	BVM BROTHERS (LIMITED)	C/O RAKESH KUMAR PANDEY VILL THAKRAHA TOLA THAKRAHA PANCH THAKRAHA, WESTCHAMPARAN, Bihar	India
S2-40220617	विजय फाउंडेशन एलएलपी	SHAHDARA, Delhi, A-6/2-A-2, JHILMIL INDUSTRIAL AREA	India
S2-10290865	YOUCURE6.COM	445 VICTORIA ST, RIALTO, CA	US
S2-89085918	*** VISION STAR PHYSICIANS LTD	1303 ELM AVENUE, WSAECA, MN	US
S2-689638893	ଜୟ ଫୁଡ୍ ପ୍ରାଇଭେଟ୍ ଲିମିଟେଡ୍	0785 C/O RAMESH CH NAYAK P.NO 40, JAGATSINGHPUR, <NULL>, Odisha, KHATA NO 181 NIMIDHI GATE BAZAAR PARADEEP GARH	India
S2-415686278	Deep Propmart Cl	महाराष्ट्र, A/21, SHIVSHAKTI CHS LTD., INDIRA NAGAR, OPP. MADHUVAN SOCIETY, J.P. ROAD, ANDHER, I (WEST), MUMBAI	India
S2-481198882	Marin Gólden	7151 W MEQUON TRL, MEQUON, WI	US
S2-222429045	Bay National	1816 JEFFERSON ST, CAMBRIDGE, MN	US
S2-912155288	Lower Joint	7302 AUTUMN BENT WAY, ORCHARD GRASS HILLS, KY	US
S2-810538372	C0oper + Lakeside Charpentier	174 OXFORD BOULEVARD, GARDEN CITY CDP, NY	US
S2-583581365	EH  Management	DOOR NO 557 XXIV/532, 2ND FLOOR MEDA, OPP DLF NTH, SEAPORT - AIRPORT ROA, D, KAKKANAD, Kerala	India
S2-491404646	Sjs (India) Maontie Pvt Ltd	6/178 C, NEAR THE ICE PLANT CHINNATHURAI THOOTHOOR PO, KANNIYAKUMARI, Tamil Nadu	India
S2-402812282	Davina Leet, Esq. Co	20528 NAPLES TERRACE LN, KATY, TX	US
S2-44371153	WU'S  GROUP PARTNERS		US
S2-313805556	8echtel 6rill LLC	556 PORTER ST, GARY, IN	US
S2-392057796	INDIA AMTEK DIVE PVT. LTD.	DOOR NO D/12 , 1ST CROSS, VIDHYANAGAR, BHARATHNAGAR ROAD, D K HALLY OPP.BEMLPOST, KGF, Karnataka	India
S2-529122320	बेस्ट ग्लोबल प्राइवेट लिमिटेड	SH NO 12 3ST FLOOR PLOT, NO. A-7/2, CAPITAL SQUARE, PUNE, KHED, Maharashtra	India
S2-804756210	Brown Diamond Chemical Corp	63 CHARLEMONT ST, NEWTON HIGHLANDS, MA	US
S2-490094083	Family Specialists Llc Enterprises		US
S2-901378953	KIMMI GREEN  DELTA ELECTRONICS (INC)	WI, 1726 CROOKED AVE, HOLMEN	US
S2-681518764	HERITAGE TALENT  DIGITAL	CA, 721 RIVERSIDE AVE, SANTA CRUZ	US
S2-822352586	FMEDICINE.COM	MD, BOWIE, 1500 PICKFORD LANE, NULL	US
S2-24593516	Verina's Empire Tire Shop Corp	7293 2ND ST, PRESCOTT VALLEY, AZ	US
S2-931251998	653 LAKE PROPERTIES LLC	10015 N FRANKLIN COURT, CITY OF MEQUON, WI	US
S2-111033508	ehrmanfrontierrestaurant.com	4048 FROST GRASS DR, FORT WAYNE, IN	US
S2-764371625	रियल आईटी प्राइवेट लिमिटेड	Maharashtra, MUMBAI, BORIVALI (W), A/A-203	India
S2-662095840	FOOT & ANKLE MEDICINE	658B H STREET, KS, PHILLLIPSBURG CDP	US
S2-168573538	Shankle Strategic Cola Ltd	19832 3RD STREET, PO BOX 7646, TLSA, OK	US
S2-399395776	Indian Infrastructure Prívate Limited	25, VIMAL VATIKA KARAMYOGI ENCLAVE, KAMLA NAGAR, AGRA, Uttar Pradesh	India
S2-305896095	Alfi Simpson,L.C.S.W. Holdings	5619 68TH AVENUE EAST, TULSA, OK	US
S2-544217640	Shri Starwise Group of Companies Holdings Co	H.NO 501-6 VATTI PILLAYAR ROAD, ULLUR, KUMBAKONAM, Tamil Nadu	India
S2-596697039	Ranet Holdings Group Inc	209-C BRANDON SAINT, KINGSLEY, IA	US
S2-90782816	#TWISTEDYOGA	EASTON, ##10 Park St, MA	US
S2-223459024	3423 MADISON LDANE COMPANY	1015 HILLCREST DRIVE, WHITE HALL TOWNSHIP, AR	US
S2-143716485	FLETCHER NATIONAL	4934- CHASE STONE DR, BACLIFF, TX	US
S2-964369206	Zetaaria	412 22ND STREET, ANISTON, AL	US
S2-934987433	Media Solutions	SHRI MISHRI, P NO.5, GF, KH285, ASOLA, FATEHPURI BER, SOUTH WEST DELHI, Delhi	India
S2-747083995	PEDIATRIC LLC SERVICE	708 BRIARWOOD DRIVE, SHERIDAN, AR	US
S2-190676805	LLC Vision Integrated Acnssoniratles	173RD AVE, GOODYEAR, AZ	US
S2-281231768	ઈસ્ટ ગુરુ ફાઉન્ડેશન પ્રા. લિ.	DOOR NO 4TH FLR-4021, WORLD TRADE, CENTRE, RING ROAD, SURAT CITY, SURAT, Gujarat	India
S2-468198573	P0wers, Lopez & Trerar Brown P.C.	LOWELL ST, TAZEWELL COUNTY, VA	US
S2-29312169	Kr Industries	R NO 0015 HOTEL SHED GR FLRNILKANTESHWAR BLDG ANNIE BESANT RD, MUMBAI, Maharashtra	India
S2-465698997	White Corp Center	1612 7TH AVENUE, NASHVILLE, TN	US
S2-470929170	Sri ARASAN AQUACULTURE PRIVATE	H.NO #702 , BLD NO. 02, BADLAPUR (E), THANE, Maharashtra	India
S2-817374918	ZKJ Merchants Límited	#98, PATEL NAGAR, DEOLI, Rajasthan	India
S2-920350472	Bright Pilates Corp	1712 EDINBURG COURT, TX, ALLEN	US
S2-503434175	WINSTON-SALEM EDUCATION PLATINUM PROJECT LTD	2126-D ROBIN LARK DR, WINSTON-SALEM, NC	US
S2-869247928	Dr Penta Educational Society Limited	Maharashtra, ROOM NO. 4 , MOTIBHAI CHAWL DESAI COLONY GANESH NAGAR, HIGHWAY ROAD, DAHISAR EAST, MUMBAI	India
S2-469589281	Cornerstone Highland Cannabis Holdings	242 ELEVENTH AVENUE, AUSTIN, MN	US
S2-20792473	ಜೇ ಕನ್‌ಸ್ಟ್ರಕ್ಷನ್ಸ್ ಜನರಲ್ ಎಲ್ಎಲ್‌ಪಿ	FLAT NO. 314, KALASHREE APARTMENT NEAR RPD CROSS, KHANAPUR ROAD, TILAKWADI, BELGAUM, ಕರ್ನಾಟಕ	India
S2-512793495	SU	5301 RICH LN, OZARK, AR	US
S2-525049544	Sapphire Aon Inc	SAINT PPETERS, MO, 42 STOLL LANE	US
S2-752395454	Sri CHOKSHI  BROKERS PRIVATE LTD	NO 61 61/29/N3, N.S.B.ROAD, RANIGANJ, P.O.RANIGANJ, P.S.RANIGANJ, RANIGANJ MUNICIPALITY, West Bengal	India
S2-418398061	setech heartland green	9 MINOR STRFET, HUDSON FALLS, NY	US
S2-684994725	Vectra & Sons  Limited	H.NO 288 UNIT NO:203, ANDHERI UNIVERSAL INDUSTRIAL PREMISES C.S.L., NEAR DHAKE COLONY, J. P. ROAD, A, NDHERI, Maharashtra	India
S2-157133082	Pediatric Dental Secure Clinic LP	925 STAR FLOWER DRIVE, WILSON, WY	US
S2-946959079	प्राइम प्रोडक्ट्स लिमिटेड	SAHU MOHALLA, SAHU TALAB, MAHNAR, NO 91 C/O: SRI NAND KISHOR RAI, Bihar, VAISHALI	India
S2-815103397	Hotel Exports Limited Services	Telangana, PLOTNO68 SHIVAPURI COLONY, SRINIVASA COLONY MAINROAD, HAYATHNAGAR	India
S2-571765648	SUMMIT  LIFECO	4526 GARBO CT, VA, ANANDALE	US
S2-240464907	Cook, Elliott & Martinez Crane Inc.	1166 COURTNEY DRIVE, CROWN POINT, IN	US
S2-101239392	Limited Lucknow Technolfogies	SHOP NO-331, LUCKNOW, Uttar Pradesh	India
S2-732829021	Continental PLLC Tailwind Express	BLAKE STREET, <NULL>, HYDE ARK, MA	US
S2-737958957	rosamondarseneauexcavation.com	1120 BROOKHAVEN COURT, SPRINGDALE, AR	US
S2-610732855	Devang Works LLP	Maharashtra, C/O SITARAM KAMBLE PACHARDE, BHUDARGAD	India
S2-869351003	Capital Focus LLC	402 WHEATLEY DR, EASTON, MD	US
S2-87087681	4292 Fifth Bioulgevagd Associates Eastgate LLC (ID: 46634)	1714 AUBURN ST, LUBBOCK, TX	US
S2-367258821	Family Libeyt Gr0up	0505 GEORGE P WHITE DR, RUIDOSO, NM	US
S2-699631647	H P & P END LTD	CHARLOTTE, NC, 3528 MILL COVE CIRCLE	US
S2-620266605	Colonial Society-Ltd		US
S2-991136267	Aureate Fóundation	1, GROUND FLOOR, 119-121, BHANDARI STREET, MUMBAI, Maharashtra	India
S2-877324523	Sacks and Krng Agriculture, LLC	1728- CLARKE STREET, PONCA CITY, OK	US
S2-50065003	Bell Ridinger Empire Iii Services	7020 MOUNTAIN RD, HALIFAX, VA	US
S2-686962323	Folk-Institute of Technlooy	D NO 76-17-837/1, FLAT NO 20, REVENUE WARD 29A, URMILA NAGAR, BESIDE MASJID, VIJAYAWADA, KRISHNA, Andhra Pradesh	India
S2-494165299	Arthur Telecom		US
S2-567334495	Chantal Maxwell  Keen Inc		US
S2-334928373	HARBORPREFERRED.COM	225D KINNIKINNICK LN, MT, COLUMBIA FALLS	US
S2-895574799	Cascade School of Medicine Inc.	33 WALL SAINT, EVERETT, MA	US
S2-889575139	Colgan, Crider and Ott Partners	3545 BAYLEY HAZEN ROAD, <NULL>, HARDWICK, VT	US
S2-229564364	Prime LLC  Center	13545 203RD COURT, WOODINVILLE, WA	US
S2-933064002	FRESH PILATES Enterprises		US
S2-8774654	SHIBANI PROPERTIES PVT LTD	PL NO 1 SR NO 176 1 GANGAPUR, GAON SAMARTH COL KORADE NGR, NASHIK, महाराष्ट्र	India
S2-765911753	Main Street Book Store Group Services	405- MICHIGAN AVE, STEVENS POINT CITY, WI	US
S2-87513343	Magma Amruttulya Enterprises Pvt. Ltd.	108., 27/7, SHESHA BHANU, RESIDENCY, 1ST STREET, BANGALORE SOUTH, Karnataka	India
S2-25114449	Private PXP Foundation Limited	217, 2ND FLOOR, SINCERE TOWER, PLOT N0-4, PREET VIHAR COMMERCIAL COMPLEX, DELHI, EAST DELHI, दिल्ली	India
S2-607181737	Torres Bank Inc	0127 MASON AVE, CHICAGO, IL	US
S2-262548013	Lakshmi Developers Co	12THFLOOR, MANJEERATRINITY, JNTU-HITECHCITYROAD, KPHB, TIRUMALAGIRI, Telangana	India
S2-802476727	pricespetcare.com	52 CROLEY LANE, BARBOURVILLE CITY, KY	US
S2-874289118	Jaipur Works Limited Service	FLATNOM- 355, BUILDINGNO14, ASHIANA UMANG, JHANYEE, JAIPUR, Rajasthan	India
S2-492085745	Sultanpur Sultanpur Mf Limited Partners	C/O. RADHA PANDEY, 490/11, VINOWPURI MGS FIELD KE PICHE, CIVIL LINES, SULTANPUR, Uttar Pradesh	India
S2-781232782	LIMITED NATH INFRATECH	R.S.NO-C-396, DANTA, BANASKANTHA, Gujarat	India
S2-910567766	Sue A. Adams,	172-174 HARRISON SAINT, SNDY, UT	US
S2-771684912	WASHINGTON LI8ERTY GUARANTY LLC	1216 58 STREET, BROOKLYN, NY	US
S2-430867051	Phulwari-Developers Private	FLAT 502, BLOCK B, MANJUSHREE COMPLEX, PHULWARI, Bihar	India
S2-120894495	Sitaram Hands Infratech Private	NO 45 BUILDING K ASHOK MEWS PHASE, S NO.40/41, KONDHWA KH, PUNE CITY, महाराष्ट्र	India
S2-464601988	U 5 Preferred App1ied  Eastgate P.C.	711 TENNESSEE AVENUE, CREWE, VA	US
S2-198607490	@DENTALPARTNERS	3426 Yankee Ln, MEAD, WA	US
S2-713880206	ब्लैक बिजनेस लिमिटेड	MUMBAI CITY, FIRST FLOOR B-4 HARI BHUVAN, MUMBAI, महाराष्ट्र	India
S2-195710409	Swastik  Estate Private	GAT NO C-143, LAKHMAPUR KOSHIMBE ROAD, AT POST DAHIWI, TAL DINDORI, NASHIK, MAHARASHTRA., DINDORI, महाराष्ट्र	India
S2-859090314	1555 First LLC Management-Street	176-14-180 76 AVENUE, FRESH MEADOWS, NY	US
S2-753979469	PJU Leisure Infratech Limited	Maharashtra, SHEWALWADI H NO.256, S NO.170 MANJARI BK NR DHORE HOTEL, PUNE	India
S2-381101549	Kip Rogers Municipals L.L.C.	DURANGO WAY, REDDING, CA	US
S2-309185915	Vioveodrex	SOUTH 30TH ST, LOUISVILLE, KY	US
S2-718148296	LLC St. Ministries	1408 HIGH CHAPARRAL DR, COPPERAS COVE, TX	US
S2-984365715	Uptown Deli (ID: 25990)	7231. LORALEA DR, HANOVER COUNTY, VA	US
S2-422208022	Samuel's Ti-Stace Sciences	170 BELLEVILLE ROAD, NEW BEDFORD TOWNSHIP, MA	US
S2-640519765	OLINGER, MEDRANO CLO5SER & INC		US
S2-737523203	Reliable Rocky Regency Partners	13 PORTEUS ST, LITTLE FALLS, NY	US
S2-824357833	Strategic Talent Dynamics Inc.	6220 CR 862, PEARLAND, TX	US
S2-374741323	Nexix  PC Services	59 CORIELL RD, PORTSMOUTH, OH	US
S2-323818548	Clear Edp	10224 SOUTH RIVER TRL, CONCORD, TN	US
S2-838211211	Lucas Group Center	10421- PRINCESS JEANNE AVE, ALBUQUERQUE, NM	US
S2-484777261	Office of Aging	05405 REDBUD AVENUE, BROKEN ARROW, OK, PMB 5806	US
S2-985379371	... JIJAI FUTURE PVT LTD	##601 FLR 6 RUBY MULUND W, MUMBAI, Maharashtra	India
S2-677598962	New Délhi Developers LLP	###11 WEST AVENUE ROADPUNJABI BAGH, NEW DELHI, दिल्ली	India
S2-897933693	midwest partners pllc	TACOMA AVE, TACOMA, WA	US
S2-380307214	High Éxports Traders Private Limited	725, PRATHAMESH TOWER, GORAI ROAD LINKING ROAD OPP DON BOSCO SCHOOL, BORIVALI (WEST), MUMBAI, महाराष्ट्र	India
S2-981148404	A1lied L.L.C.-Sérvices	1014 Cotton Gin Ct, ROYSE CITY, TX	US
S2-602521945	consultancy kian ganesh llp	L-97, GROUND FLOOR LAJPAT NAGAR-II, DELHI, Delhi	India
S2-636841444	P 9 C Bumrungrad L.L.C.	1261  ROSCOE STREET, CITY OF GREEN BAY, WI	US
S2-505114798	Swastik 600008 Center	ABACUSNO.30, II FLOORRAJAANNAMALAI BUILDINGNO.19, MARSHALLSROAD, EGMORE, CHENNAI, தமிழ்நாடு	India
S2-919500367	Merralee Bárnes, D.C.	TX, 6201 SOUTHWEST FREEWAY, HOUSTON	US
S2-677852187	Georgena Sherman Patriot Phoenix óf Freeport L.L.C.	7990-7994 ILLINOIS ROUTE 26 NORTH, FREEPORT, IL	US
S2-443168959	Mumbai Environmental Pvt. Limited	3FLR, P1078, SHREESAIOMKAR, SHT MARG, DR. A B ROAD, MUMBAI, Maharashtra	India
S2-327681500	z j butler therapeutics group	5325-C EVORA ROAD, RIO RANCHO, NM	US
S2-605810943	Vav Traders Private Ltd	DOOR NO 3 FLOOR, 3 FLOOR, 1-9-286/2/2/5, LATHANAGAR, RAM NAGAR RD, HYDERABAD, Telangana	India
S2-918265909	Ltd Orchid Vatika	FLAT-109, 1ST FLR, SHIRIN RESIDENCY CHS LTD, 493, BUNGALOW, BAZAR STREET, MAROL, ANDHERI (EAST), MUMBAI CITY, MUMBAI, Maharashtra	India
S2-981699778	North  Platforms Ltd		US
S2-339698722	ब्लू न्यू इम्पेक्स ज्वेलर्स एलएलपी	0029 KHALIL MANSIONSPENCE ROAD BYCULLA, MUMBAI, Maharashtra	India
S2-276557941	Mandie Young Iheartmedia [Partners]	5731 1/2 PRINCE CV, MEMPHS, TN	US
S2-945571110	Bright Heartland-Tge	12930-12932 HUSSEY COURT, NEWPORT NEWS, VA	US
S2-259898938	Limited Lemniscate Developers Center	SHOP NUMBER 04, RAMPUR, Uttar Pradesh	India
S2-585307695	Ltd Delta Creative Navigation	1843 METZEROTT RD, HYATTSVILLE, MD	US
S2-858601793	Safe Cornerstone Sunsinfe Coastal Inc.	626 COUNTY ROAD 3520, PO BOX 7618, DIKE, TX	US
S2-508992088	Trisha International Services	B.V.K.S. LAYOUT, 1ST CROSS, MALAPPANAHATTI ROAD, CHITRADURGA, Karnataka	India
S2-570840006	नॉर्थ कंस्ट्रक्शंस प्राइवेट लिमिटेड	OFFICE NO BW9021, 9TH FLOOR, G BLOCK BHARAT DIAMOND BOURSE, BKC, BANDRA EAST, MUMBAI, BANDRA SUBURBAN, Maharashtra	India
S2-557149354	patriot foundation	1889 ALMAVILLE RD, SMYRNA, TN	US
S2-630399297	Therine Morales Clear-Foods Inc.	326 5ND STREET, NY, OSWEGO	US
S2-589446739	Bti Brothers Private Ltd	111/2 N V BUNGLALOW VALIYAVAZHI MANCHANCODE, THIRUVANANTHAPURAM, THIRUVANANTHAPURAM, Kerala	India
S2-415939867	Balaji  Industries Advisors	NO.442, 4TH MAIN IV PHASE, PEENYA INDUSTRIAL AREA, BANGALORE, Karnataka	India
S2-804595923	LIMITED UNIVERSAL PROJECTS SERVICES	TVH FLAT, CHENNAI, Tamil Nadu	India
S2-184335333	श्री हरि एस्टेट	KRISHNA CHAMBERS3RD FLOOR PUNE SATARA ROAD, PUNE, POONA, Maharashtra	India
S2-33705631	Summit Global	5039 HOUSE AVE, CLEVELAND, OH	US
S2-473252750	Little  Pilates!	2072 MAINSTREET, HOPKINS, MN	US
S2-216344412	నార్త్ ప్రాజెక్ట్స్ లిమిటెడ్	S.NO-#597P, 598P, 599P, BALAJI NAGAR KUKATPALLY, HYDERABAD, RANGA REDDY, Telangana	India
S2-90994985	Aditya  Projects Private	AP.01176, THERMAL COLONY, 4THST., ANNA NAGAR WEST, CHENNAI, NULL, தமிழ்நாடு	India
S2-488475367	FAMILY  CENTER	5805 INDIAN TRACE, CITY OF MADISON, WI	US
S2-913539647	Lenox Strickland and Vega Bank	6426 OJBIWAY PATH, CIRCLE PINES CDP, MN	US
S2-994370228	Surat  City Pharmaceutical Private Limited	H.NO. 12/837 GR. FLOOR, BHAVNAGRI SHERI, SURAT CITY, Gujarat	India
S2-344973006	6lobal Association	WINDY CIR, FRANKLIN, KY	US
S2-909380424	Rvj Desk Private	R.S.NO.412/1 & 418/3 PAPER MILL ROAD, PARIJALLIPETA, Andhra Pradesh	India
S2-627251527	HAND PROPST &	CALIBRE CHASE DR, RALEIGH, NC	US
S2-566479596	Inc. Santana Creative Iron Works Highland	6207- IOLA AVE, LUBBOCK, TX	US
S2-840685461	YN Eureka	3471 WABASH AVENUE, CINCINNATI, OH	US
S2-537347369	Neely College	3121 STRATUS DR, WEST LAFAYETTE, IN	US
S2-192297675	Asset Building Charities (LP)	AR, EL DORADO, 04398 HIBANKS ROAD	US
S2-789778292	capital guild	3646 35ST AVENUE, SEATTLE, WA	US
S2-796556853	Phenix Modern Eqv Co	8 COMMUNITY DR, null, LEEDS, ME	US
S2-668500478	ferrovacentury.com	##1813 HINES ST, NEWPORT, AR	US
S2-601043909	JT SOLUTIONS	# NO 38, GROUND FLOOR ANAND NAGAR, NEW BOWENPALLY, SECUNDERABAD, తెలంగాణ	India
S2-577089889	Sasoft Interests Incorporated	LADOGA, IN, 7176 234	US
S2-779583961	Kasprzyk, Laney, Laney, DÓ, P.C.	HIGHMONT STREET, DAYTON, OH	US
S2-904653841	Alyce Ruggiero Delta		US
S2-525871376	HUDSON, CONTRERAS & SMITH (CORP)	AZ, FLAGSTAFF, 5040 SPUD DR	US
S2-847990207	Surbhi  Enterprises Industries	H.NO ##757 , 'C' BLOCK, 1ST MAIN ROAD AECS LAYOUT, KUNDALAHALLI, BANGALORE, Karnataka	India
S2-44567780	Fresh Chimera-LLC	42751 BIG SPRUCE SQ, LOUDOUN COUNTY, VA	US
S2-408754016	Sierra Inc.	##110 750, BOUNTIFUL, UT	US
S2-9899456	R 6 X Greenfire Ínc	509 BETHANY RD, GASTONIA, NC	US
S2-245540858	Se (i)	OFFICE NO. 00322, 3RD, FLOOR, DATTANI TRADE CENTRE, CHANDAVARKAR ROAD, BORIVALI (WEST), MUMBAI, Maharashtra	India
S2-605912419	Kelsey's Best	2223 1/2 DOROTHY AVE, LOUISVILLE, KY	US
S2-414681753	TRUJILLO FAMILY PRACTICE LLC	505 TIMMONS STREET, NASHVILLE, TN	US
S2-339943386	TEAGUE GROUP HOLDINGS	1 KINGS ISLE LN, MECHANICVILLEE CITY, NY	US
S2-675587390	>> Bhaga1pur Cotton Private Limited	PURAB TOLA, BHAGALPUR, बिहार	India
S2-399207065	Quantum Group of Companies Exports Limited	712/A, THEKEALUMKAL HOUSE, BHAVAN'S COLLEGE ROAD, ERNAKULAM, Kerala	India
S2-104348927	KOTTAYAM PRODUCTS PVT LTD		India
S2-157594884	GULBARGA  PACIFIC PVT LTD		India
S2-891342031	Leonard  Management	1436 MICHIGAN AVE, BUFFALO, NY	US
S2-988598897	पायोनियर प्रोडक्ट्स प्रा. लि.	797 HO NO 19 ERANDA AKOLA, AKOLA, Maharashtra	India
S2-594008761	Patriot  Veterinary C1inic	ALBUQUERQUE, 06820 VISTA TERRAZA DRIVE, NM	US
S2-237588381	ESSY GARCIA KARMAN  INC	1012 COTSWOLD CT, ROSHARON, TX	US
S2-590479274	UQ Bumrungrad, Llc	ELEVENTH AVE, PMB 4110, ELBOW LAKE, MN	US
S2-268413508	FU, EMMERT ÁND	1708 MOUNT HOOD STREET, THE DALLES, OR	US
S2-2170778	Gwenni Yoo Pono	3089 RANGEVIEW DR, JACKSON, WY	US
S2-153823849	Heritage Talent Digital Inc.	SANTA CRUZ, CA, 721 RIVERSIDE AVE	US
S2-425113038	गैलेक्सी फाउंडेशन एलएलपी	FLFT NO F 5 B, SHUBHAM APARTMENTS SCHEME E D 255 DEVI MARG BANI PARK, MANDSAUR, JAIPUR, Rajasthan	India
S2-622146912	KBR INFOWARE PRIVATE PRIVATE LIMITED	421A, EAST OF KAILASH, SANT NAGAR, NEW DELHI, Delhi	India
S2-2147438	Nobles Innovative Hcm	506 ADAMS STREET, HILLSBORO, IL	US
S2-260459748	Yumamirairi	35A ROSS RD, WILMINGTON, DE	US
S2-167666527	CHIROPRACTIC GRAND CÁRE LLC	190 LOGGERS LN, TAZEWELL COUNTY, VA	US
S2-78463966	Michaela Pate, Group Partners	11553 SHERRINGTON DR, SAINT LOUIS, MO	US
S2-330083115	Delta Medical	BELLS, TX, #35 BLANTON HILL ROAD	US
S2-548042388	WOMENS HEALTH ASSCCIASET INC	300 207, FLATWOODS, KY	US
S2-342830844	Office of	MD, HALETHORPE, 5562 LINK AVE	US
S2-597610202	REGIONAL-SMART SERIES [LP]	45-C LIBERTY ST, BLAND COUNTY, VA	US
S2-806548925	PERFECT CONSULTING PRÍVATE LIMITED	A/7, TRADE WORLD, KAMALA CITY, SENAPATI BAPAT MARG LOWER PAREL (W), MUMBAI, Maharashtra	India
S2-116292417	Kapila Construction		India
S2-403063387	Rivera Nogueira & Inc	SOLSO DRIVE, SANDY, OR	US
S2-335048531	Private Four Exports Ltd	BLOCK G-636  PL NO 12, SY NO 152, DURGA NAGAR, MADHUBHAN COLONY, HYDERABAD, Telangana	India
S2-227528173	Children's Institute LLC	8580 MONACO BOULEVARD, NULL, ARIZONA CITY, AZ	US
S2-143523839	Kochi Style Ltd.	SECOND FLOOR, M E S BUILDING, KALOOR, KOCHI, Kerala	India
S2-881329687	Gora Group of Companies Holdings	N.9/13, FF-005, 4 FLR, CHURCH, ROAD, MOHAMMEDAN BLOCK, BANGALORE SOUTH, Karnataka	India
S2-400493204	Mountain Society Córp	6490 19TH ST, FIRCREST, WA	US
S2-63404223	Urban Pizza! Care Ltd	717 6TH ST, <NULL>, HAMILTON, MT	US
S2-670119851	Ahmed Prashant Limited	D-201 MAYFAIR MERIDIAN BLDG-2, OFF SV RD AMBOLI, CEASER ROAD, ANDHERI WEST, MUMBAI, GREATER MUMBAI, Maharashtra	India
S2-494091371	East Private Estate Black (Limited)	H.NO 992 SUNRISE TOWER 7, 3 8 ROYAL PARK, UNIVERSITY ROAD, RAJKOT, Gujarat	India
S2-63212610	Namokar Institute of Technology  LLP	##12, TRAILOKYA NATH BANERJEELANE, 1ST FLOOR, HOWRAH, West Bengal	India
S2-735509	FOISY HOLDING COMPANY	CENTERPOINT, PMB 4225, IN, 301 MAIN ST	US
S2-92060977	Bayliss Capital Pártners Inc		US
S2-708557500	CRISTYSIGMANBIOMEDICALCOM	5153 ANDALUSITE LANE, QUEEN CREEK, AZ	US
S2-282755275	Shri SUNRlSE ENGINEERING PRIVATE LIMITED	A-55/10, PUTHUSSERY ARCADE, KADIYANGAD JUNCTION KADIYANGAD POST, PERAMBRA VIA, KOZHIKODE, Kerala	India
S2-330186100	యూనిక్ లాజిస్టిక్స్ ప్రైవేట్ లిమిటెడ్	N/A, RAMABHARATHI APARTMENTS 8-3-167/K/122/A, KALYAN NAGAR, VENTURE-II, FLAT NO.404, Andhra Pradesh, I	India
S2-809928157	Larsen Delta Public, Inc.	90 SPRING STREET, PO BOX 4162, SPRINGFIELD, MA	US
S2-6174870	Baroda  Services-Private Limited	2/302, ANAND NAGAR BLDG, D-23, PANDURANGWADI, KALYAN, महाराष्ट्र	India
S2-220002592	Bluerock-Group	E 601, NEW GOLDEN NEST PH, ASE 14 100 FT NEW NAVGHAR, THANE, महाराष्ट्र	India
S2-533318511	Jaomillo [Corporation]	VA, VIRGINIA BEACH CITY, 321 -104 ROSEMONT ROAD	US
S2-184138834	Om Applications (India) Private	H. N. 1-8, KOTIA, KANLANA, KOTIA, Haryana	India
S2-272394007	LLC GLOBAL TRDAATS	EASTHAMPTON, 100 BASSETT BROOK DRIVE, MA	US
S2-111114876	JOHNSONQUANTUMSPHERE.COM	OR, SALEM ICTY, FAIRVIEW INDUSTRIAL DR	US
S2-592250099	LE-PARTNERS	NO.174, BANGALORE NORTH, BANGALORE, Karnataka	India
S2-51704406	adhesivesprivatejyotiba.com	NO 2, SRIPERUMBUDUR, KANCHIPURAM, Tamil Nadu	India
S2-501448796	KM  Materials Pf Limited	NEAR OLD FRUIT MANDI 1ST FLOOR, BAZAR NASRULLAH KHAN, RAMPUR, Uttar Pradesh	India
S2-555842405	Mr Kaku (Índia) 8everages Limited	DOOR NO 106- FLAT NO-301, THIRD FLOOR PARIJAAT COMPLEX, DAKBANGLA CHOWRAHA, FR, ASER ROAD, Bihar	India
S2-110209796	शिवम प्रोडक्ट्स प्राइवेट लिमिटेड	D-C-53 VIBHUTI KHAND, LUCKNOW, उत्तर प्रदेश	India
S2-667147295	East Cardiology Group	8292 ARROWHEAD PLACE, WHITE MOUNTAIN LAKE, AZ	US
S2-94497003	Association Baptist Sunderland	248-252 AMHERST RD, SUNDERLAND, MA	US
S2-43614995	VRUNDA LIMITED PRIVATE-AGRICULTURAL	303, E-WING, MANAVSTHAL, NEW MAHAKALI NAGAR, OFF MARVE ROAD, MALWANI, MALAD, MUMBAI, Maharashtra	India
S2-382686301	lassettercion.com	17319 CR 6, COSHCOTON, OH	US
S2-437670103	Kolkata Force Private (Límited)	West Bengal, H.NO G-122A C R AVENUE, 1ST FLOOR FLAT-1B, KOLKATA, KOLKATA	India
S2-46796630	POND WEN OF	2300 18TH STREET, CASPER, WY	US
S2-727383672	સ્વસ્તિક વેન્ચર્સ લિમિટેડ	05 A, AHMEDABAD, Gujarat	India
S2-687306690	Neutron Oilfield Enterprises Prvriate  Limited	DOOR NO 21 SINGHAL DEEP, OPP. NEHRU PARK, KOTA ROAD, TONK, Rajasthan	India
S2-591093417	BEHAVIORAL HEALTH INTERSTATE CARE (ASSOCIATES)		US
S2-744427834	ਹਾਈ ਗਲੋਬਲ ਹਾਰਡਵੇਅਰ ਪ੍ਰਾ. ਲਿ.	NO 20-A BUDHA DAL COMPLEXPATIALA, PATIALA, PUNJAB	India
S2-744215014	NOIX CAPITAL CENTER	SCOTTSDALE RD, PHOENIX, AZ	US
S2-577085797	Visi0n Care Ássociates Inc	69 FARNHAM STREET, ADDISON, NY	US
S2-901001932	GOLDEN INVESTMENT (PRIVATE)	DOOR NO 1-62/K/84 , PLOT NO.84, 3RD FLOOR, KAVURI HILLS, SHAIKPET, తెలంగాణ	India
S2-445199257	HARBOR COALlTION-VI COMMISSION	UT, 2344 540, TOOOELE	US
S2-218187708	Shri DAE STUDIO (LIMITED)	NO 05 , SABARI SALAI MADIPAKKAM, Tamil Nadu	India
S2-448953034	Lewis Gulf Ribbon L.L.C.	#5115 RED OAK DRIVE, OXFORD, AL	US
S2-750843375	ZIB TECH PRIVATE	G-6 , KATHRIGUPPE MAIN ROAD, VIVEKANANDA NAGAR, BSK 3RD STAGE, BANGALORE, Karnataka	India
S2-93528786	Enterprises Kamar Suppliers Pvt. Ltd	2702 , EKTA MEDOWS, BUILDING NO.1, B WING, OF F WE HIGHWAY, BORIVALI EAST, KHATAU MILL L, MUMBAI, Maharashtra	India
S2-157908700	Galaxy Ventures LLP	H.NO 203 AMBER APARTM ENTGANDHI GRAM ROAD JUHU, MUMBAI, Maharashtra	India
S2-834377299	शक्ति फाइनेंस प्राइवेट लिमिटेड	B-1563, SUSHANT CITY, RAI, SONEPAT, Haryana	India
S2-992583302	Nabs  Investment Exports Private Limited	दिल्ली, C/O PAWAN YADAV PLOT AT POLE NO 27, JAFFARPUR, NAJAFGARH	India
S2-797524038	Smt galaxymanagement.com	B-508, ORCHID TULIP JANGID ENCLAVE, OPP LAXMI PARK KANAKIYA RD MIRA ROAD E, THANE, Maharashtra	India
S2-116262701	Delhi Snacks Pvt	PLOT 573 SHOP AT H. NO. G-2, GROUND FLOOR BACK SIDE, KIRAN GARDEN, UTTAM NAGAR, DELHI, Delhi	India
S2-406595208	Harbor Ace Lfeebco	OK, GUYMON, 1115-1119 24RD SAINT	US
S2-964839351	Private Shahdara Entertainment Limited	SHAHDARA, Delhi, 23-B THIRD FLOOR, DIVREPORTINGCIRCLE	India
S2-824110326	Crystal Capital Harbors	120 ELLSWORTH AVENUE, HARRISON, NY	US
S2-630575448	Family Care Associates Inc.	2843 WELDON AVENUE, PHOENIX, AZ	US
S2-845206256	Nab Micro Pvt Ltd.	N/A, उत्तर प्रदेश, H.NO 587-A/64 GANDHI NAGAR TELIBAGH, LUCKNOW	India
S2-143513812	ingalls,, rena m.d., p.c.	1406 FEASTER RD, WAXAHACHIE, TX	US
S2-130875855	APEX FITNESS	013195 BRANT RD, VICTORVILLE, CA	US
S2-715996284	Co Pineda and Kim	8 GARYLEY PLACE, PO BOX 4550, HUNTINGTON STATION, NY	US
S2-467840850	Inc Envaon Sui	83482 STATE HIGHWAY 11, WAKITA, OK	US
S2-837214336	ରୟାଲ୍ ପ୍ରୋପର୍ଟିଜ୍ ପ୍ରାଇଭେଟ୍ ଲିମିଟେଡ୍	PLOT NO-1215/142, BHUBANESWAR, KHORDHA, ଓଡ଼ିଶା	India
S2-449812597	Bunny's Certified Farms Uptown LP	170  ELDRIDGE ST, NEW YORK, NY	US
S2-695018350	Carl, Tammy B., DPM, DDS PC	OMAHA, NE, 6920 16TH STREET	US
S2-254947561	LOTUS  GURU SOFTWARE PHARMACY PRIVATE-LIMITED	D-25, LOWER GROUND FLOOR LAJPAT NAGAR PART-I, दिल्ली	India
S2-64693209	हरि इंफ्रास्ट्रक्चर प्राइवेट लिमिटेड	ZAIL SINGH C/O SEMARA HANUMAN NAGAR CHILH, MIRZAPUR, उत्तर प्रदेश	India
S2-700902230	ZIRANT MARKETING - 4940569937	249-15 1 B OPP VIVEKANANDCOLLEGE TARABAI PARK KOLHAPUR, KOLHAPUR, महाराष्ट्र	India
S2-908003122	Mackinnon  & Coleman LLC	705. BROADWAY ST, NEWRY, SC	US
S2-391143613	ltd tiva piedmont adamas	4622 Brandywine Lane, QUINCY, IL	US
S2-172355649	Veda & Sons	75473, DAHIYAWAN TOLA NEAR RAJENDRA SAROVAR, CHAPRA, Bihar	India
S2-721230797	ब्राइट राम फूड प्राइवेट लिमिटेड	17 / 1, CHILLI INT, GHATIA AZAM KHAN, AGRA, उत्तर प्रदेश	India
S2-105672570	Gulf Center	12 SCHOOL SAINT, SOMERVILLE, MA	US
S2-104707989	AMERICAN CFOUCNCIL P.C.	998 LOOKOUT MOUNTAIN RD, MCALESTER, OK	US
S2-994823585	Marysa's Consultants Royal Eastgate	1018 1/2 OLIVE ST, BELLEVILLE, IL	US
S2-424087399	Lument Empire	71 BRADLEY ST, BUFFALO, NY	US
S2-136844226	గురు బిజినెస్	3-5-821, NULL, HYDERABAD-29, ANDHRA PRADESH, Telangana	India
S2-9631866	Mem0rial (Alliance)	UPTON STREET, BOSTON, MA	US
S2-869347921	F0OT  & ANKLE MEDICINE OF FAR ROCKAWAY CORP	#794 CORNAGA AVE, FAR ROCKAWAY, NY	US
S2-223609582	Quick Trading Partners (Ltd)	13541 63RD AVE, PORTLAND, OR	US
S2-510060562	LIBERTY DBDR  P.C.	RODEO GULCH ROAD, SOQUEL, CA	US
S2-515382015	Bureau of Public Works-Clinic	28 SYDNEY ST, ATLANTA, GA	US
S2-205470191	PATEL + SPROUSE	408 EIGHTH AVE, DECATUR, AL	US
S2-2767274	UROLOGY UNITED PHYSICIANS NORTHSIDE (LLC)	2533 ALABAMA AVENUE, NORFOLK, VA	US
S2-369028389	Platinum Idea [LLC]	17 EAST LURAY SHOPPING CENTER, LURAY TOWN, VA	US
S2-186161680	ML  (BOMBAY) CO	A1/7, PAGSE 2, SARA GAURAV, DHARASHIV ROAD, TULJAPUR, N/A, महाराष्ट्र	India
S2-730133366	Manish Ctoorft Private  Limited	MANDI KISANDAS SARAI, MANDI KISANDAS SARAI SAMB, SAMBHAL, Uttar Pradesh	India
S2-272116940	Balthrop Práirie Therapies LLC	8301 1/2 ODYSSEY DR, MANLIUS, NY	US
S2-604078177	CASCADE ANCHOR  INDSEPENLENCE	2410 SUNRISE DR, BAARNHART, MO	US
S2-105646664	SONET KEYSTONE GENERATING	869 GRINNELL STREET, FALL RIVER, MA	US
S2-984951591	हाई कंसल्टिंग प्राइवेट लिमिटेड	H.NO 3-202-B AMEYA HOUSE J P ROADANDHERI (W), BOMBAY, MUMBAI, Maharashtra	India
S2-926902571	माय फाउंडेशन प्राइवेट लिमिटेड	Haryana, NEW TOWNSHIP, PLOT NO-A-15A, FARIDABAD	India
S2-699321214	Lumium Fusion Inc	201 BEASLEY ST, DUNN, NC	US
S2-849068661	KP INVESTMENT (INDIA) PRIVATE LIMITED	103, SOUTH EX PLAZA 389 MASJID MOTH, SOUTH EXTENSION-2, Delhi	India
S2-838272304	Eye Partners of Boston (Inc)	WALLINGFORD ROAD, BOSTON, MA	US
S2-397217150	Costello Frontier	707 GRAMAATN AVE, MOUNT VERNON, NY	US
S2-26141836	Diamond Transportation	04531 TIMBER DRIVE, MN, HACKENSACK	US
S2-40041872	Schultheis, Guidry & Brack Charles Inc.	2406 MYSTIC TRL, ROWLETT, TX	US
S2-416331696	SMART MOBILITY TECHNOLOGIES  LLC		US
S2-232134153	CONSTRUCTION-IDEAZ PAPERS PRIVATE LIMITED	BUILDING NO.4/606, PRABHUL COTTAGE KARIMBALUR, ELAKAMON, AYIROOR P.O., THIRUVANANTHAPURAM, കേരളം	India
S2-104048230	Quovera Ao 5ales	5924 TRUETT ST, FORT WORTH, TX	US
S2-798968461	Services Krishna Dynamics Pvt Ltd Ltd	H.NO 34 , BIG BAZAAR STREET, THURAIYUR, Tamil Nadu	India
S2-864033356	Saor LLC	1010 52ND AVENUE, HAZEN, ND	US
S2-395470821	ATRADERS.COM	C/O JHUNU GHOSH, HOLDING NO 377, 1ST FL, 1, BABA LOKNATH SUPER MARKET, SAJIRHAT, NEW BARRACKPORE, NORTH 24 PARGANAS, PARGANAS NORTH, West Bengal	India
S2-353194294	Unified Data Technologies	65 WASHINGTON ST, NEWPORT, IN	US
S2-808019216	Aussie Processing Enterprises Private Ltd	NO 51 C/O. JAYDEEP VINAYAK DHAMAL, GAT NO. 273, HINGANGAON, TAL. PHALTAN, SATARA, Maharashtra	India
S2-925271650	ગુડ ઇમ્પેક્સ પ્રાઇવેટ લિમિટેડ	NATVAR KRUPA OPP- AHMEDABADPEOPLE'S CO OP BANK KHADIA CHAR RASTA, AHMEDABAD, Gujarat	India
S2-145795267	pranaylandscaping.com	BLUE OASIS 1B/202 BLUE EMPIRE COMP OPP NEW LINK ROAD, MAHAVIR NAGAR, KANDIV, ALI WEST, MUMBAI, Maharashtra	India
S2-18921221	blue federation	202 HIGHLAND AVE, GALESBURG CITY, IL	US
S2-621386683	Solaviarc	1438 25TH AVE, HICKORY, NC	US
S2-190114001	Pietra's Homecare Ltd	CHESAPEAKE CITY, 1306- BUNKER RIDGE ARCH, VA	US
S2-819139963	Throneberry Móntreal	OSLO, 4753 170TH STREET, MN	US
S2-850214756	Swagat (India) Pest Private-Ltd	308, 3RD FLOOR, PLOT NO 537, SPAN ARCADE, ROAD NO 15, KATHWADA GIDC, AHMEDABAD, Gujarat	India
S2-982521249	G1OBAL MÓBILITY PRODUCTS	23 HENRI PLCE, MONNTICELLO, NY	US
S2-239865611	Barajas & Whíte Sky	OH, #7786 ELLINGTON PL, MENTOR	US
S2-800109531	Foundation  Mind Services Private Limited	BLOCK D-239 SHREEKRUPA39 SWASTISHREE SOCIETY GANESH NAGAR NEAR BANK OF, MAHARASHTRA PUNE, Maharashtra	India
S2-719546797	msmarketing.com	BIG BEND DR, WAUKESHA, WI	US
S2-966367283	Teel Liberty Cola	#4 NORWOOD AVENUE, PMB 6657, SOMERVILLE, MA	US
S2-117440281	Allied Winvest	GARDY, 00217 FRENCH AVE, NM	US
S2-389881931	Desert Fami1y Practice	ETAIN ROAD, IRVING, TX	US
S2-475333506	Crystal Southern  LLC		US
S2-593528328	SANKLAP PRECISION PIVATE  LIMITED	4/1, MIDDLETON STREET OFFICE NO 302, 303, KOLKASA, KOLKATA, West Bengal	India
S2-863478580	Kutch and Brothers Holdings #41219	756 ISCON EMPORIO, B/S STAR INDIA BAZAR, NR. JODHPUR CROSS ROAD, SATELLITE, AHMEDABAD, Gujarat	India
S2-853461270	Schultz, Vasquez Sommer Eastgate Inc Partners	NY, 101 Croton Avenue, MT KISCO	US
S2-210232135	Hernandez West Inc Center	811 FIRST AVE, ZILLAH, WA	US
S2-924306390	Innovative Energy Studios	603 GARRISON AVENUE, CARTHAGE, MO	US
S2-509580574	flint.com	03123 BROAD STREET, RICHMOND CITY, VA	US
S2-259353087	AGYA SYSTEMS EXPORTS	NO 429- 227, LEIAH APARTMENTS B-15, VASUNDHRA ENCLAVE, NEAR D.S.C. HOS, PITAL, DELHI, Delhi	India
S2-746841460	VT SYSTEMS  PVT. LTD	#30 , FRIENDS COLONY, PADAMPURA, IN FRONT OF DIVEKAR PLAZA, RAILWAY STATION ROAD, AURANGABAD, Maharashtra	India
S2-406257863	POLICASTRO, TERRYE STAR ROCKET LTD	0015447 DAKOTA AVE, SAVAGE, MN	US
S2-100727491	Agra Granites [Limited]		India
S2-393542794	Quality Genomic Efntnprises Corp	193 CENTER STREET, PMB 8879, ELLENVILLE, NY	US
S2-690221139	#sapphirefairfax	03831 GLENBROOK ROAD, FAIRFAX COUNTY, VA	US
S2-467668989	Diamond Rapid Wireless LLC	31027 FM 510, SAN BENITO, TX	US
S2-628331506	INC FERRIFY VENDOME	2302 BRANSON LANDING, BRANSON CITY, MO	US
S2-598991538	Family Medicine (L.L.C.)	04775 WILLIAMS DR, GEORGETOWN, TX	US
S2-412962441	NORRIS,, BIBI M.D. EAST	5583 141ST AVE, BEAVERTON, OR	US
S2-198613167	Company & Sons Trust	104, 1ST FLOOR, PLOT NO. 26, MATRU SMRUTI, L T COLONY ROAD NO.2, LOKMANYA TILAK COLONY, DADAR (E), MUMBAI CITY, MUMBAI, Maharashtra	India
S2-84462712	North Constructions Private	OFFICE NO BW9021, 9TH FLOOR, G BLOCK BHARAT DIAMOND BOURSE, BKC, BANDRA EAST, MUMBAI, Maharashtra	India
S2-296058117	Collins Annaly	748 LOMBARD LANE, <NULL>, FORNEY, TX	US
S2-691046787	and Markham Bacchus	30  ARNOLD GAMBLE CIR, SACRAMENTO, CA	US
S2-138727151	SYNNOCR LLC	15447 9TH PLACE, MARTHA LAKE, WA	US
S2-504427491	M/s Agrasen International School Public Ltd	101, TECHNOPOLIS KNOWLEDGE PARKMAHAKALI CAVES ROAD CHAKALA, ANDHERI EAST, MUMBAI, महाराष्ट्र	India
S2-365614053	salem memorial piedmont committee group	##5595 SHANNON AVENUE, SALEM, OR	US
S2-674274654	Circle Pines LLC Services	108 H SOUTH DRIVE, CIRCLE PINES, MN	US
S2-344470616	RAJARAM  SUPPORT	SALAVA AGWANPUR, MORADABAD, उत्तर प्रदेश	India
S2-744736883	ਟੈਕ ਹੈਲਥਕੇਅਰ ਪ੍ਰਾ. ਲਿ.	C/O GURSHAN VIRK, VILL, SAKRALA, TEH DASUYA DIST, HOSHIARPUR, Punjab	India
S2-225395013	Womens Health Partners Corp	16 STABLE WAY, MEDWAY, MA	US
S2-389320395	5choen Tri-State Jpmorgan LLC	1500-B TERRACE DR, BROWNWOOD, TX	US
S2-642232023	Diamond Packaging Packaging Innovations Corp	TILDEN ST, WASHINGTON, DC	US
S2-553341625	अल्फा फाउंडेशन लिमिटेड	#C-36 AND 36A, 3RD FLOOR, KH NO.- 4/2, NISHANT PARK, BLOCK-C, SOUTH WEST DELHI, NEW DELHI, दिल्ली	India
S2-320776114	OTHILIE-DDS TÓMAS,	ALBA ROSE AVENUE, WAKE FOREST, NC	US
S2-273329441	Frontier Coalition Group #27831	11444 COSBY MLIL RD, NEW KENT, VA	US
S2-4195066	PRAKRITI (INDIA) INDIA  PVT. LTD.	DOOR NO 196/18 &19 IST FLOOR AISWARYA COMMERCIAL CENTER R S PURAM, COIMBATORE, தமிழ்நாடு	India
S2-145275049	Thibault, Brown  & Lagn Printing Group	4190 LAUREL VALLEY DRIVE, POWELL, OH	US
S2-590950917	Vancouver Critical Partners Corporation	2542 82ND WAY, VANCOUVER, WA	US
S2-144535274	ബാലാജി ഹെൽത്ത്‌കെയർ പ്രൈവറ്റ് ലിമിറ്റഡ്	13/255-B, EAST KARAD, ELLATHUPURAI, ERNAD, MALAPPURAM, MALAPURAM, Keralam	India
S2-549656269	Corporate Patterns Limited	F-216, SLV SUNRISE RES, BELATHUR COLONY, BANGALORE SOUTH, Karnataka	India
S2-8566889	Martin Martin Telephone	7254 FILLMORE STREET, PORT ORCHARD, WA	US
S2-232145284	Ltd Pune Exim	DOOR NO 720/12 MOHAN APARTMENTSOFF LBS RD SADASHIV PETH, POONA, महाराष्ट्र, PUNE	India
S2-115426225	Matti Kikuchi Diamond Construction  Inc	W5904 BEACH DR, TOWN OF GERMANTOWN, WI	US
S2-207874465	ANCHOR CONSTRUCTION CONCEPTS, CORP	140-15-144 69 ROAD, FLUSHING, NY	US
S2-582771127	Silver Harbor Financial	211 WILSON ST, WALNUT GROVE, MO	US
S2-280717601	VAAYUAYA HR PRIVATE	303 , PLOT NO. 165 SECTOR - 20, THANE, Maharashtra	India
S2-244539887	ओम कंसल्टेंट्स प्राइवेट लिमिटेड	OFFICE NO. A1 & B1, THANE, Maharashtra	India
S2-603186246	daskroiindia.com	BLOCK G-147. E-703, DEVGRAM RESIDENCY, OPP AQUAPOLARIS RESIDENCY, DASKROI, Gujarat	India
S2-207680178	മൈ പ്രോജക്ട്സ് എൽഎൽപി	SP XIX 1367, 1ST FLOOR ADOOR ROAD, BHARANIKAVU, PORUVAZHY PO, KOLLAM, കേരളം	India
S2-219859660	Harrison & Vlllmorbos LLC	002797 500, ROCHESTER, IN	US
S2-462431990	EAR NOSE & THROAT [ASSOCIATES]	577 HERITAGE OAKS DR, KANNAPOLIS, NC	US
S2-337065107	Stewart, Edmond & Karpowicz Córp	##2476 MCCASKEY RD, WILLIAMSTON, NC	US
S2-228479810	Vela, Carlyn D., O.D., M.D., P.C. Group	32 REDLEAF LN, CLARKSBURG, WV	US
S2-708468923	ஒன் குளோபல் பிரைவேட் லிமிடெட்	D.NO.3-497/23, PALIKADU THOTTAM, VEDIYARASAMPALAYAM, AGRAHARAM(PO), ERODE, PALLIPALAYAM, Tamil Nadu	India
S2-220695123	கோல்டன் சொல்யூஷன்ஸ் லிமிடெட்	NO 13 LALITHAPURAM STREET, CHENNAI, Tamil Nadu	India
S2-84725099	ctgarden.com	864 QUINCY AVENUE, RENTTON, WA	US
S2-702006535	First Methodist Church Co	47 Overlook Road, WALTHAM, MA	US
S2-976577942	Envaon Sui Inc	83482 STATE HIGHWAY 11, WAKITA, OK	US
S2-389368208	nickelsondogecoinblack.com	101-105 PUBLIC WORKS DRIVE, BLACK RIVER, NY	US
S2-802115958	Kaveraksh Fine Limited Private	UNIT NO 00101, 139/88, OXFORD TOWER OLD AIRPORT, BANGALORE NORTH, ಕರ್ನಾಟಕ	India
S2-736941983	castro, jordana midwest bce partners	1124 GRAND AVE, TOLEDO, OH	US
S2-956906659	Toth Karbon L.L.C.	IN, BROOKVILLE, 53149 CANE MILL RD	US
S2-630068451	Behavioral Health Valley Care Associates Central Corp	#229 BIITTIG ROAD, AVERILL PARK, NY	US
S2-723950927	KENNEDY AND INC  WILLIAMS	407 COLLEGE STREET, INCORPORATED, ID	US
S2-294532497	Vision Midwest Pisaoins Inc	078 HEMINGWAY AVE, OAKDALE, MN	US
S2-260694318	CHORARIA LLP CENTER	0079B DR LAL MOHAN BHATTACHARJEE ROAD, KOLKATA, West Bengal	India
S2-868063538	Vistaar-Brothers Private Ltd	FLAT-1401 TOWER A HERITAGE ONE, SECTOR 62, GURGAON, Haryana	India
S2-523353921	Goodpoint  Consultants	PLOT NO 50 INGVLE HOUSING SOCMANKAPUR, NAGPUR, Maharashtra	India
S2-548450721	WARD  RIDGE SIGNS	9365 HARRISON ST, MAINE TWP, IL	US
S2-767142222	CLEAN PÍNNACLE IDAHO WEST P.C.	618 ARENDELL AVEAUE, ZEBULON, NC	US
S2-501161518	*** Gardner-Rapid	190 PARTRIDGE ST, PMB 6400, GARDNER, MA	US
S2-75323875	Ruthy Soileau D.C. LP	##1315 MONTCLAIR SAINT, SPRINGFIELD, MO	US
S2-766561759	First Rocky Spectral Partners	110 43RD AVENUE, HICKORY, NC	US
S2-157912672	Management Roots Nutrition Nutrition (Private)	66. BAJAJ BHUVAN, NARIMAN POINT., Maharashtra	India
S2-910930224	Maee By LLP	0204, RI (EAST), MUMBAI, Maharashtra	India
S2-798650202	Multi Ceramic Private	417, SUN AVENUE ONE, NR. SUN PRIMA, AHMADABAD CITY, Gujarat	India
S2-162017483	Kyle,  Davison and Vanguilder Corp	238 Sycamore St, LEBANON, TN	US
S2-160956337	EAST EAST MÓUNT LIMITED	తెలంగాణ, 24-133 P NO 28, VASAVI NAGAR, OLD NAGAR, LOTHUKUNTA, TIRUMALAGIRI	India
S2-572010134	BLUE ASSETS LLC	TERRACE AVENUE, LAKEWOOD, NY	US
S2-57117762	Qua1ity Commercial Collective	#4438 TWINLEAF DRIVE, GILBERT, AZ	US
S2-899594431	Brown Rapid Aldel Incorporated	41, AFTON, NY	US
S2-431561476	THOM TRIBECA LLC	2079 HARTFORD RD, COSBY, TN	US
S2-778460277	CORNERSTONE TALENT (ÚNION)		US
S2-689152834	MIREIELLE GERALD, D.D.S. CLINIC		US
S2-468618772	Zest-Aquaculture Pvt Ltd	C/O RAJ PAL SINGH S/O TODARMAL, VILLAGE KHURSHED NAGAR PO NAHAR, TEHSIL, REWARI, Haryana	India
S2-253365910	Aal Constructions LLP	180 SARAT BOSE ROAD, KOLKATA, West Bengal	India
S2-573471938	FOOT + ANKLE CONTINENTAL GROUP COUNCIL	1572 PAYNE AVE, SAINT PAUL, MN	US
S2-704782771	Manikeswari & Có	53/C/2 BONBEHAR BOSE ROAD, HOWRAH, West Bengal	India
S2-552462193	Colonial Center Inc Services	4000 257 OSSI CT, HIGH POINT, NC	US
S2-931493665	Diamond Construction-Advisors Construction-Advisors	6116 KENWOOD AVENUE, DALLAS, TX	US
S2-968758545	Reliance & Co Group	HN D/499 C S N 5939, PN-4-BHUSHAN COLONY, JALGAON, Maharashtra	India
S2-105866597	Anderson-Floating	866 30TH AVE, SANTA CCRUZ, CA	US
S2-941068402	Fresh Biomedical Brands  LLC	50 ARDMORE AVE, VILLA PARK TOWNSHIP, IL	US
S2-986743217	Almendarez and Esparza Llc	1020 STRATFORD CT, LOVELAND, OH	US
S2-830698718	Aggy Trujillo Royal Service	519-D PINEVILLE RD, STATESVILLE, NC	US
S2-929189735	Montia Enclave Llc	MO, 8503-A HILLCREST RD, KANSAS CITY	US
S2-21007864	फ्यूचर फूड लिमिटेड	ZENITH HOUSE KESHAVRAOKHADYE MARG MAHALAXMI, MUMBAI, Maharashtra	India
S2-838161675	Clear Business Gclbl (PLLC)		US
S2-332444191	Raso  & Vanderpool Fox	AZ, 2215 SAN JUAN TRAIL, TUCSON	US
S2-699895278	Strategic [Broadcast]	95 Jim Debord Road, PIKEVILLE, TN	US
S2-311657274	Marshall Constantnts Constantnts	HIG .##64, PHASE VI, 1ST FLOOR, ARUNACHALA APPARMTENT, KPHB COLONY, KUKATPALLY, HYDERABAD, తెలంగాణ	India
S2-2307379	Corner Pub Corp	80 LOVELAND LOOP, FARMINGTON, AR	US
S2-77954148	Trusted Rsetil Consultants  LLC	17725 RAINES RD, LITTLE ROCK, AR	US
S2-761653886	MARKETING SUNIL VALLEY  PRIVATE LIMITED	9 & 10, 12TH B CROSS, ANJANDRI NILAYA MALLASANDRA, KALYANA NAGARA, T.DASARAHALLI, BANGALORE, Karnataka	India
S2-128743190	Rozele Hiatt, Esq., DDS PC Ltd	1728  ATLANTIC AVE, KINGMAN, AZ	US
S2-628445692	अरिहंत फूड प्राइवेट लिमिटेड	H NO. 3/7923 BERIBAGH, NEAR JAIL KARAGAAR BHARAT MATA MARKET, JAIL CHUNGI, SAHARANPUR, Uttar Pradesh	India
S2-499944069	CHANG, CRAWFORD AND WÍLLIAMS CAYSON NORTHSIDE P.C.	231 DAYL DRIVE, BERLIN, CT	US
S2-364757066	Akb (India) (India)	NO 96 , SECTOR 6 IMT MANESAR, GURGAON, Haryana	India
S2-848778944	Desert  Companies Partners Ltd	2916 WHITEFORD DRIVE, AL, DECATUR	US
S2-461264956	RHETTA'S HEALTH CORP	4210-B PIMLICO RD, BALTIMORE, MD	US
S2-582858461	delhihub.com	205 208 ANARKALI COMPLEXJHANDEWALAN EXTENSION NEW DEHI, DELHI, Delhi	India
S2-593494824	*** Ngc Súrgicals Holdings	G-362, ALWAR, राजस्थान	India
S2-655862106	Mann Ultra	ALVIN, 210 SVEENTH STREET, TX	US
S2-589014793	Marquez Associated LLC Services	COREY DR, WITEHOUSE, TX	US
S2-66500934	ráymortgage.com	884 CASCADE AVENUE, ATLANTA, GA	US
S2-327481681	Heritage Cómmunity LLC	14 BEACH AVENUE, KENNEBUNK, ME	US
S2-776458336	vazquez & vanwagner midtown lp	2007  PLEASANT LANE, COPPERAS COVE, TX	US
S2-894040740	Deepsikha International School Pvt.	40 BABUBAGAN LANE, KOLKATA, পশ্চিমবঙ্গ	India
S2-556056519	Dharitri Exports Overseas Pgivae Limited	NO 199 NO-13, I CROSS, OPP S K HOSPITAL GNANABHARATHI MAIN ROAD, NAGARABHAVI, BANGALORE, Karnataka	India
S2-453334141	Pediatric-Medicine	4850-C 20, OTISCO, NY	US
S2-456980707	(india) Ameya Moti Private	FLAT 1/2/3, DLF BUILDING, OPP SAVITRI CINEMA COMPLEX, NEW DELHI, Delhi	India
S2-651784344	EXPRESS DIAGNOSTIC CONCEPTS LTD	159 CHERRY ST, N/A, FALL RIVER, MA	US
S2-18532105	Precisi0n  Medical Works	4823 Scotts Fork-bonnie Rd, EXCHAANGE, WV	US
S2-822576330	QUALITY EXPRESS BNY-L.L.C.	37 Mclaughlin Terrace, RANDOLPH, ME	US
S2-420429313	SHYAM CONSTRUCTION CORP	D-222, MDV NAGAR, BIKANER, राजस्थान	India
S2-855510645	Griggs Smart (ID: 96830)	N332 KOZUZEK RD, MARINETTE, WI	US
S2-956607497	लक्ष्मी इंटरनेशनल प्रा. लि.	1322/89 HEMKUNT CHAMBER 13TH FLOOR NEHRU PLACE, DELHI, NEW DELHI, Delhi	India
S2-31242136	ADIDEV INFRACOM	A-219B, OLD CHINA BAZAR STREET 1ST FLOOR, ROOM NO : 8, KOLKATA, West Bengal	India
S2-542208139	Family Ccusom Clinic	2517 BALLENTINE BLVD, NOFOLK, VA	US
S2-685295397	Chennai Pvt. Ltd. Services	NEW DOOR NO. 19, 4TH CROSS STREET, GANESH NAGAR, MADIPAKKAM, CHENNAI, Tamil Nadu	India
S2-124445396	Pelton and Cronan Inc	4146 HAMILTON STREET, PORTLAND, OR	US
S2-617435198	Ajay Traders Co	H. NO. 1371, WARD-10 VASHISHAT COLONY, KURUKSHETRA, Haryana	India
S2-146017925	जैन कंस्ट्रक्शन प्रा. लि.	P-304, GWALIOR, मध्य प्रदेश	India
S2-389598827	બ્લેક ઇન્વેસ્ટમેન્ટ પ્રાઇવેટ લિમિટેડ	DOOR NO 642 S. NO. 351, NR. SUNSHINE FOAM TAL: MORBI, BAGATHALA, RAJKOT, Gujarat	India
S2-92651258	earnosethroat.com	AUSTIN, TX, 001929 TEAGLE DRIVE	US
S2-304149748	Legacy [Pharmaceuticals]	2404 RIO GRANDE DEL SOL CT, ALBUQUERQUE, NM	US
S2-47680369	RAMIREZ CORPORATION LAKESIDE LLC	1422 CHARLOTTE AVENUE, FT WAYNE, IN	US
S2-553095631	BESSER PARTNERS EQUITY	##56 MYRTLE AVE, PO BOX 1432, SOUTH PORTLAND, ME	US
S2-308579061	commissiononpublic.com	24 PEAVINE PLAZA, CROSSVILLE, TN	US
S2-796352072	स्वस्तिक इंटरनेशनल प्राइवेट लिमिटेड	B-101, Borivlai East, null, Maharashtra	India
S2-656787858	Meenal Sérvice Pvt Ltd	Haryana, PLOT NO. 1, SHER VIHAR COLONY, BHIWANI ROAD, ROHTAK	India
S2-543440818	Bette-Ann Underw0od Cornerstone	3400 SNOW GONSE ST, HELENA, MT	US
S2-528238364	Spellman Elite Triumph of Provo, Inc.	4750, PROVO, UT	US
S2-149510309	UNIQUE  VIDYALAYA CORP	LALALAJPAT NAGAR P O SANTA(BURNPUR) 8 NO BASTI P S HIRAPUR, BURDWAN, West Bengal	India
S2-731586602	Aahil  Sangh	D.NO.48/940A OF KOCHI CORPORATION, PONNURUNNI, NARAYANAN ASHAN ROAD, ERNAKULAM, Kerala	India
S2-960102911	Dynamic Stansategic Proem Group	003184 SOUTHERN HILLS DRIVE, PO BOX 3185, PICKKERINGTON, OH	US
S2-172389504	Harbor Ministries Cmiore	RAVEN RD, SALESVILLE, OH	US
S2-754993841	@OLIVASSTREET	71 BARBARA STREET, LOOWELL CDP, MA	US
S2-494407778	Thane Nidhi Private	BLOCK G-607 F NO 313/314, GURU SHRUSHTI APT, H.M. ROAD, KALYAN EAST, PISWALI, THANE, Maharashtra	India
S2-293008295	Leverage Life Center	15, ASHOK VIHAR EXT GOPALPURA JPR, JAIPUR, Rajasthan	India
S2-456477695	Great Talon East	2926 FAIRCHILD ST, LA CROSSE, WI	US
S2-901973381	Indransh  Partners	#355 WZ-458 A E-21 T F GALI NO.21 SHIV NAGAR, DELHI, Delhi	India
S2-437046290	Chen'S Hair Studio Harbor	005612 ANDOVER VILLAGE WAY, KNOXVILLE, TN	US
S2-546713261	Doggett National  LLC	3335 290TH ST, JOSLIN, IL	US
S2-88719371	Thrissur Company Management	Kerala, #G-12 /538 A, LORD KRISHNA HOUSE POOTHOLE, MG ROAD, THRISSUR	India
S2-202007678	Oncology Medicine Southside Llc	#1733 PENINA DR, CROSSBY CDP, TX	US
S2-766110823	primary primary care classic center corp	280 SOUTHBROOK ROAD, DUNDALK TOWNSHIP, MD	US
S2-447041363	divisionconsumeraffairs.com	1911 1/2 23RD CIRCLE, HONDO, TX	US
S2-633381170	ਏਸ ਸਾਫਟਵੇਅਰ ਪ੍ਰਾ. ਲਿ.	SHOP NO 104 CYCLE MARKET GILL ROAD, LUDHIANA, ਪੰਜਾਬ	India
S2-101515266	Candid  India Pvt.	PLOT 61 8/643, AYANIKKAL, PANANGATTUR, TNAUR, TIRUR, MALAPPURAM, Kerala	India
S2-255338248	Pediatric Dentistry Associates  PLLC	5424-D LOCHINVAR DR, MEMPHIS, TN	US
S2-109414699	டிரீம் புராஜெக்ட்ஸ் லிமிடெட்	NO#51 R.K.MUTT ROAD, MYLAPORE, CHENNAI HENNAI, HENNAI, CHENNAI, தமிழ்நாடு	India
S2-283526646	VIVAS GLOBAL CORP. (ID: 84259)	1820-1822 GRANT STREET, LITTLE ROCK, AR	US
S2-821380633	Gulf Medical Cénter	BLOOMINGTON, IL, 2924 POWELL DR	US
S2-265864242	Deem Biwoorks of Eagle  Mountain Inc	Espalier Drive, EAGLE MOUNTAIN, UT	US
S2-581361414	Beacon Rapid Rapid Gtrid	COLUMBUS, OH, 26 COMO AVE	US
S2-352119087	अल्फा लॉजिस्टिक्स प्राइवेट लिमिटेड	C/O ARUN KUMAR TONDAN, NEAR BHAGWAN SHEET, BHANDAR KHATTRI HOUSE, KOTHI ROAD, SEONI, REWA, Madhya Pradesh	India
S2-624428247	KIELE CASTILLO ATHENE LLC	AMHERST, MA, 85D ALPINE DRIVE	US
S2-542305368	Premier Smart Aspen	3441 HAROLD CIRCLE, HOFFMAN ESTATES, IL	US
S2-142190454	-- Best-Frontier	CA, DIXON, 910 NEWGATE WAY	US
S2-791186475	ANCHOR ELECTRONICS ADVISORS LLC	1858 WHISTLING STRAITS AVE, FAYETTEVILLE, AR	US
S2-871293368	Véovio	302, NAVLAKHA, OPP. PRAKASH NAGAR, NEMAWAR ROAD, INDORE, Madhya Pradesh	India
S2-602025658	IQBAL, HOWARD AND MILLER VERNAL  INC	2155 75TH AVE, PORTAND CITY, OR	US
S2-648390444	Sierra	##110 750, BOUNTIFUL, UT	US
S2-367315504	Thane Ngihdhi Private Limited	BLOCK G-607 F NO 313/314, GURU SHRUSHTI APT, H.M. ROAD, KALYAN EAST, PISWALI, THANE, महाराष्ट्र	India
S2-992181572	AUT LLC Partners	04706 IRVING PARK RD, CHICAGO, IL	US
S2-960545687	Saran India Private	HOUSE NO. 53 BLOCK ROAD EKMA, EKMA, SARAN, Bihar	India
S2-598158430	Federman Chimera Assoaites	9214 ARBOR CREEK DRIVE, CHARLOTTE, NC	US
S2-708212585	Back Alley	522-526 OLIVE ROAD, STONY POINT, NC	US
S2-286111627	श्याम बिल्डर्स प्राइवेट लिमिटेड	CO MANJEET MAHAMMADPUR, SUBE BLOCK MARWAN, BANDRA, MUZAFFARPUR, बिहार	India
S2-809855056	கிளாசிக் சிஸ்டம்ஸ் பிரைவேட் லிமிடெட்	9/110, SRIPERUMBUDUR, KANCHIPURAM, Tamil Nadu	India
S2-320717445	CARYN  KISEC, CPA INC	98 JAMES ST, KANNAPOLIS, NC	US
S2-767142673	AVIVERA COUNCIL	##1024 SPENCERPORT ROAD, GATES, NY	US
S2-959103737	media refresh private limited	404 , SHAKIRA APARTMENT STATION ROAD, CHITWAPUR, Uttar Pradesh	India
S2-871769590	CLASSIC PRPSMTNISM INC.	1302  LOGAN AVE, TYRONE BOROUGH, PA	US
S2-935131998	Bouchard Winvest Empire Inc	#608 ROOSEVELT AVENUE, INCORPORATED, ID	US
S2-312067872	Sai Service	628, MALIKPUR KOHI RANGPURI EXTENSION, MAHIPALPUR, Delhi	India
S2-388989994	#dxsenior	RALEGIH, NC, SPRING FALLS DRIVE	US
S2-296589315	Animal Wsfacre Ministries	117 ANDERSON ST, GREENEVILLE, TN	US
S2-592276037	ODOM MRNE INC.	2750 1/2 900, SALT LAKE CITY, UT	US
S2-482135343	SATARA TRADING EXPORTS PRIVATE-LIMITED	26/906, EAST END APPARTMENTS MAYUR VIHAR, PHASE - I, EXTENSION, दिल्ली	India
S2-892725562	It Rev Up Gell Center	9 BATES AVE, MAYNARD, MA	US
S2-50358153	Ward Blue  Music Inc	467 XAVIER CT, VALLEY PARK, MO	US
S2-993414652	My Solutions Private	31 , PALAM VIHAR, PAKHOAL ROAD, LUDHIANA, ਪੰਜਾਬ	India
S2-478215796	Womens Health Beacon	2918 WEEPING WILLOW DRIVE, HAMILTON CITY, OH	US
S2-464294353	Tupa Investments LLC	400. MAIN ST, SENECA, IL	US
S2-827738149	Atlantic Desert Nátional PC	CORCORAN CT, SYRACUSE, NY	US
S2-487080699	Regional Wisconsin Llc	1967-B HIDDEN GATE, COLUMBUS, OH	US
S2-283930668	MARYBETH TURNER J0HNSON RIVERSIDE INC	3068 EDGEWOOD DRIVE, OLYMPIA, WA	US
S2-473728529	Kelly's Marketing Corp	215 HATFIELD AVENUE, CORBIN, KY	US
S2-783218448	Apex Center	NY, 4 HILLSIDE CT, ATHENS	US
S2-465185687	Business Wíreless Labs Inc	NY, BATAVIA, 2  WOODROW ROAD	US
S2-10722167	FZ Ármada	CENTER STREET, WARSAWCDP, IN	US
S2-179171533	MUTHOOT (ÍNDIA) KNITFAB PRIVATE [LTD]	NO.25, KEMPAIAH GARDEN, PEENYA 2ND STAGE, BANGALORE NORTH, ಕರ್ನಾಟಕ	India
S2-390184073	Corp. Federal Bancorporation	5924 CARDINAL COURT, BEAUONT, TX	US
S2-552926418	Gold  Consultancy Private Limited	101, DEV CORPORA OPP CADBURY JUNCTION, THANE, Maharashtra	India
S2-267241501	સનરાઇઝ કન્સલ્ટન્સી લિમિટેડ	636 C/O KANABHAI BHAMMAR, BHAVNAGAR, Gujarat	India
S2-937476624	CONTI CLASSIC HOIMMNREW	96 Lawrence Landing Rd, CONWAY, AR	US
S2-946651301	TH Emdsrs [Inc]	28673 LEO ROAD, MACOMB DCP, OK	US
S2-285553282	Chapman Muniholdings Care	10952C 700TH AVENUE, ROBINSON, IL	US
S2-280102939	Sonu (india) Private	V-12/09 DLF PH-III, GURUGRAM, DLF PH-III, Haryana	India
S2-115956749	Ceballos, Jones and Aldredge Home Llc	3652-B REFLECTIONS LN, INDIANAPOLIS, IN	US
S2-875192513	#PLATINUMCUSTOM	OH, CLEVELAND TOWNSHPI, 11012 DETROIT AVEUNE	US
S2-17945174	Upper Preparatory Academy	400 DETMER LANE, MILTON, KY	US
S2-781933293	रियल हेल्थकेयर प्राइवेट लिमिटेड	III F/653 FF, VAISHALI, SAHIBABAD, Uttar Pradesh	India
S2-988116097	Julienne Clary, P.C. M.D., D.O.,	3204 GRAY'S CT, MUNCIE, IN	US
S2-155787879	Hk Hospital	NO.59, CHALAKERE, KALYAN NAGAR P O YASH CLASSIC, 2ND CROSS, HENNUR MAIN ROA, D, Karnataka	India
S2-770072633	डायनामिक मैनेजमेंट हार्डवेयर प्राइवेट लिमिटेड	SHOP N0-2NEW GUPTA COLONY, BLNCK A-833 B-48, Delhi	India
S2-773084358	ZCL  Solutions Private Limited	6, SOWRASHTRA NAGAR, 1ST STREETCHOOLAIMEDU MADRAS-600 094, MADRAS-600 094, Tamil Nadu	India
S2-589835029	>> Bowman Focus	SCARSDAE, 502 CENTRAL PARK AVENUE, NY	US
S2-783534917	Future Healthcare Pvt Ltd	HOUSE NO 108/6, LAKKAD PITHAOPP.DHIMANJI, RATLAM, null, मध्य प्रदेश	India
S2-12658417	Zetakor Aldel	CA, SACRAMENTO, #7240 Gloria Dr	US
S2-181987416	सेवन रेड कंस्ट्रक्शंस प्राइवेट लिमिटेड	Uttar Pradesh, AMBEDKARNAGAR, FAIZABAD, NO 348 FAIZABAD ROAD PO AKBERPUR	India
S2-717225547	శివా సిస్టమ్స్ ప్రైవేట్ లిమిటెడ్	HYDERABAD, Telangana, DOOR NO 74	India
S2-294370196	Ramnik & Sons Holdings Private Limited	Madhya Pradesh, 504, SAMDARIYA CITY, MADHAV NAGAR, KATNI, MURWARA	India
S2-673695820	SAGAR STAR LÍMITED CENTER	26-A, SAROJINI NAGAR, KANPUR, Uttar Pradesh	India
S2-343451884	#áldridgecooper	645 PARK AVENUE, BARBERTON, OH	US
S2-513449449	Services Tritium Media	412, SATGURU PRINAY, PLOT NO. 5, P.U.-3 COMMERCIAL SCHEME NO.54, A.B. ROAD, INDORE, Madhya Pradesh	India
S2-103450558	Framework Retail Pvt Ltd.	S NO. 45/1. 45/2/A PLOT NO. 1-B SARDAR RESIDENCY, SHAHADE, MALONI, NANDURBAR, महाराष्ट्र	India
S2-879399136	क्रिएटिव इंफ्रा प्राइवेट लिमिटेड	D-301, PLOT NO.1, OM SATYAM APARTMENT SECTOR-IV, DWARKA, NEW DELHI, WEST DELHI, Delhi	India
S2-429393081	గోల్డ్ కన్‌స్ట్రక్షన్స్ ప్రైవేట్ లిమిటెడ్	SHAIKPET, SRI SAI SIRI HOMES APPTS, HYDERABAD, Telangana, FLAT NO. 402	India
S2-552455873	WCC (i) (Group) (ID: 43745)	H.NO ##10 , BLOCK NO. 6 FF, RIGHT SIDE, SPRING FIELD COLONY, SEC, TOR-31, Haryana	India
S2-334449723	Services Lopez Banco Co	126 CHURCH ST, SNEEDVILLE, TN	US
S2-538638615	Kartika Foods Ventures Private Limited	HN 708 36- KANNAIYAN COLONY KARUNGALPALAYAM, ERODE, தமிழ்நாடு	India
S2-180557384	Perfect Infra Trading Limited	NO 28 , ALBERT COLONY 2ND STREET, ROYAPURAM, CHENNAI, Tamil Nadu	India
S2-973084290	Graham LLC 5ervices	4764 ALOE VERA DRIVE, REDDING, CA	US
S2-62065289	Vijay Private Limited Center	H. NO. 509 UMA NAGAR, DEORIA, Uttar Pradesh	India
S2-570162462	Lopez Acp	53 CHURCH STREET, BRIDGEVILLE, DE	US
S2-711014162	Gunilla Helg Golden Schwab LLC	2190 MEADOWLARK LANE, NORTH LOGAN, UT	US
S2-412116548	Supreme Diana LLC	515 TYLER RIDGE ROAD, CHARLESTON, WV	US
S2-589371228	KL Strategic Trinity	2890D COFFEL STREET, BREMEN, IN	US
S2-122204109	Gulf Program-[LLC]	623  BANDERA STREET, MCKINNEY, TX	US
S2-199166164	Kwantova Ndgrmba LLC	7739 UPTON OXMOOR LN, LOUISVILLE, KY	US
S2-385114152	Blue Gríll	5592. 56, SEBREE, KY	US
S2-340356102	Next Advisors Exports Private Limited	NO 805- D.244, FLAT NO. FO007 RACE COURSE ROAD, COIMBATORE, Tamil Nadu	India
S2-260644075	ശക്തി ഫുഡ്സ് ഹാർഡ്‌വെയർ പ്രൈവറ്റ് ലിമിറ്റഡ്	NO 32/542, 2ND FLOOR, MARHABA BUILDING, NEARKSEB, PERINTHALMANNA, MALAPPURAM, PALAKKAD, Kerala	India
S2-677312750	Nexus International  School Center	PLOT E4, SURVEY NO.193, FIRST FLOOR, CMC LAYOUT, SERILINGAMPALLY, Telangana	India
S2-620165589	WHITE & CÁRNS		US
S2-16795557	Premier Dáta Group LLC	811 DURHAM ST, BALTIMORE, MD	US
S2-194640986	MANGO TECHNOLOGIES LTD PVT	D.NO.40-16-9, RAVI, LABBIPET, VIJAYAWADA, Andhra Pradesh	India
S2-654990036	PEDIATRIC LLC INTERSTATE-ASSOCIATES DENTISTRY	EASTWAY ST, TOLEDO, OH	US
S2-316408957	Chetan  Brothers Pvt Ltd	G-1-116, RIICO INDUSTRIAL AREA, SANGANER, NEW SAIGOUL ROAD, Rajasthan	India
S2-314229620	Mr MAHIMA INFRA PRIVATE LIMITED	DOOR NO D/39/1366KOLATHERI COMPLEX CHITTOOR ROAD, ERNAKULAM, Kerala	India
S2-73247195	Urgent Care	600, MADISON, IN	US
S2-396248934	BIG 24 HYPNOSIS	VELARDE, 0021 PRIVATE DRIVE 1040, NM	US
S2-556793925	Delaughter Creative Life	208 ORANGE DR, OXNARD, CA	US
S2-8688941	New Friends Colony Information Private Ltd | www.newfriend.com	A-#61, NEW FRIENDS COLONY, दिल्ली	India
S2-700992202	The Unified Outdoor	920-D CORAL BELL DR, WAKE FOREST, NC	US
S2-410488174	The Lucky Yoga  Inc	3326 1/2 TURNER RIDGE DRIVE, NEW HILL, NC	US
S2-666813005	Jackson Veterinary Clinic Ltd	18473 COMANCHE DR, PORTER CITY, TX	US
S2-214781165	LTD KUTCH, MERCEDES & BURNS	284 GULF LN, SOUTH SAINT PAUL, MN	US
S2-576044639	ORCHHA AGROCHEM PRIVATE  (LIMITED)	WARD NO. 9, GANJ MOHALLA, ORCHHA, ORCHHA, Madhya Pradesh	India
S2-292025329	Best Frontier Oicic	910 NEWGATE WAY, DIXON, CA	US
S2-464270325	VISION FINACE PRIVATE [LIMITED]	NO 28, 2ND FLOOR SPENCER CARSTLE SPENCER ROAD NEAR SPENCER HIGHT PRESTIGE, BANGALORE, Karnataka	India
S2-160041964	EQUINOX  LLC CENTER	617 1ST AVE, NEW BERN, NC	US
S2-269827234	Redwood, [LLC]	#N8569 LAKESIDE ROAD, WILLARD TOWSHIP, WI	US
S2-737523787	industriesvardanfresh.com	705, ANSAL VIKAS DEEP BUILDING LAXMI NAGAR DISTRICT CENTRE, VIKAS MARG, DELHI, दिल्ली	India
S2-737830596	Devendra Landcon	D/O FAISAL NASEEM, B/51, G/F SHOP NO M 1 JOSHI COLONY I.P. COLONY NEAR MASGID, DELHI, Delhi	India
S2-639934596	Temple Ltdherdn Church Center	2200 VILLAGE DR, PMB 7838, NORTH LITTLE ROCK, AR	US
S2-663197779	हाई टेक्नोलॉजी हार्डवेयर एलएलपी	52., DELHI	India
S2-474407255	Furlow  and Hawkins	106-B RUSCH STREET, THORRP, WI	US
S2-18836839	Sdd Woaclen Pvt.  Ltd.	DOOR NO 10 MIDDLETON ROW, KOLKATA, পশ্চিমবঙ্গ	India
S2-761471535	SVE  &	C/O LAXMAN DEORAO WALUJE ATHEGOAN H NO 149 TQ KANNAD, AURANGABAD, Maharashtra	India
S2-228437931	City And Borough 0f Juneau Pacific  Lafayette Uptown Inc	4439 CLOVERDALE ST, CITY AND BOROUGH OF JUNEAU, AK	US
S2-498322747	RALEIGHDIRECTSUNSHINE.COM	59TH STREET, SEATTLE, WA	US
S2-984571934	Fidela's Seafood Partners	7367  CENTRAL AVE, HIGHLAND, CA	US
S2-911758433	Ariaariabelo	124 INVIERNO STREET, KYLE, TX	US
S2-221532172	Dmt Mótors Ltd	null, 225, VILLAGE BIARA, ACHHNERA, KIRAOLI, KIRAOLI, Uttar Pradesh	India
S2-379835580	Twila M. Mobarin, DO Group	905 POST ROAD, BROKOFIELD CITY, WI	US
S2-756242369	Smart LP Acadia	2980 HIGHWAY 8, MENNA, AR	US
S2-577251835	PO Premier-Mobile	6733 KELLY AVE, ALBUQUERQUE, NM	US
S2-936745209	Tyrrell Alliance Co	1419 Sumac Dr, CITY OF JANESVILLE, WI	US
S2-848790384	Drexsyn	LOUSVILLE, 8527 APPLEGATE VILLAGE DR, KY	US
S2-171591614	Shakti Projects Private Limited	West Bengal, 29A, SAHANAGAR ROAD, KOLKATA, KOLKATA	India
S2-734685354	Shyam ग्लोबल	RAJESH S/O SH. RAMKUMAR VILLAGE MIRZAPUR, PO MIRZAPUR, HISAR, Haryana	India
S2-231648880	Smart Ses Foundation  Private Limited	F.N.C-602, TANISHQ PARK, KALANAGAR, JAIL ROAD, NASHIK, Maharashtra	India
S2-764008356	ACE ROCKY SGFRWARE	201 CENTRAL DRIVE, TOWAMENCIN TOWNSHIP, PA	US
S2-537671022	रेड आईटी प्राइवेट लिमिटेड	SOUTH DELHI, GOHANA (HARYANA), H.NO C-103 ELAJPAT NAGAR I, दिल्ली	India
S2-976659874	Catanzarite's Service, LLC Center	#5 Henry St, ROCKY HILL, CT	US
S2-651984381	communitysilverchurch.com	726 1/2 Mechanic Street, JEFFERSONVILLE, IN	US
S2-561727516	Getech Enterprises Midtown Inc	MCMMINNVILLE CITY, OR, 3038 BUEL DR	US
S2-128179686	Wright-Creative Equity	GLEN NELL RD, WASHINGTON, OH	US
S2-391930590	Limited Golden Constructions Service	SHYAM DHANI INDUSTRIES F-438 ROAD NO-12, VKIA, JAIPUR, Rajasthan	India
S2-35572849	TAYLOR VENTURES CENTRAL P.C.	2142 4TH ST, ONTARIO, CA	US
S2-634293946	Raj  Global Limited	NO 61 - A, TULSIANI CHAMBERS, NARIMAN POINT, MUMBAI, Maharashtra	India
S2-255709652	INTERNAL MEDICINE CRYSTAL	393 BEAGLE CLUB ROAD, JUMPING BRANCH, WV	US
S2-247258433	Village Of Hottoognville Franklin	09 JOHN STREET, HORTONVILLE, WI	US
S2-684185188	LLC Boehm Aviation	LISLLE CITY, 2751. MAPLE AVE, IL	US
S2-647840742	Vue Pediatrics,	101 CANAL RD, HEBRON, OH	US
S2-508973032	healthvalleycharities.com	4 HILLTOP DR, PITTSFORD, NY	US
S2-181263230	AS-Australian [Inc]	5007 244TH ST, MOUNTLAKE TERRACE, WA	US
S2-394886431	BARAJAS LEARNING COENBR LLC	530 OAK STREET, OMRO, WI	US
S2-537047521	Mendoza, Mcnelly and Cnlgno Partners	226 NORRIS DR, CLARKSVILLE, TN	US
S2-893673592	CONGREGATION-MINISTRIES HARBOR	6633 HIDDEN LAKE TRL, <NULL>, BRECKSVILLE, OH	US
S2-782220676	Rudra Telecom Public Ltd	008, GRUUKRIPA COMPLEX LASTURBA HSG SOCIETY S NO 39/2, Maharashtra	India
S2-173046268	Stewart Hawaii Northside	3307 29TH ST, LINCOLN, NE	US
S2-998866703	Bharat Enxhrs Pvt Ltd	401SRIVENKATESWARAENCLAV, ROAD NO. 10/B, MANIKONDA, RANGARDEDY, Telangana	India
S2-195779881	MELINDA E. BUCKLEY, D.O. LLC	16490 Jeb Stuart Hwy, WASHINGTON COUNTY, VA	US
S2-36834235	Downtown Deli LLC	6136-D TILAPIA DRIVE, FORT WWORTH, TX	US
S2-244713381	Department of Parks and Recreation Summit	2221  JUBILEE LANE, DUNLAP ITY, IL	US
S2-223143839	Harm, Phaedra, D.D.S., Pc	MD, 5503 MORELLO RD, BALTIMORE	US
S2-170289426	LEGACY CLEANING LLC	WAUKEE, IA, 1305 UNIVERSITY AVE	US
S2-857440200	belllowe.com	##128 FAIRMOUNT STREET, CONNERSVILLE, IN	US
S2-955853217	Asb Eco Industries Limited	A-68, DSIIDC NARELA, DELHI, Delhi	India
S2-894504888	L0ng and Webb	8714 WYATT DR, COLUMBUS, IN	US
S2-254462111	Downtown  Cafe!	510 COLUMBUS ST, SALT LAKE CITY, UT	US
S2-917569711	New Delhi Services Private	HN A-549 A-28 DELHI CITIZEN SOCIETYSEC-13 ROHINI, NEW DELHI, Delhi	India
S2-569285661	Smt rohitprojects.com	B-147-N, NEW MOTI NAGAR NEW DELHI, NEW DELHI, Delhi	India
S2-553181905	New Delhi Igcad Pvt (Ltd)	PLOT NO-15, S/F, KH NO 16/3, BAJAJ ENCLAVE, NEW DELHI, Delhi	India
S2-164427142	Solis Pacific Development Inc.	301 MID DALE LN, LOUISVILLE, KY	US
S2-520600944	PELC STANLEY	2241-2245 GEM RD, CARROLLTON, OH	US
S2-325963125	Frontier Dynamic Pebblebrook Uptown LLC	HOUSTON, 9640 FAIRDALE LN, TX	US
S2-675073155	Balamurugan & Brothers Private Ltd	697 BBMP NO. 68/1, BDA SITE NO. 78 SITUATED IN INDUSTRIAL SUBURB, MAHALAXMI, PURAM, BANGALORE, Karnataka	India
S2-853579960	Dr Surya Business Private-Ltd	FLAT NO 603 BLDG NO 122 B WING BHAKTI HEIGHTS TILAK NAGAR OPP ICICI BANK CHEMBUR MUMB, AI, MUMBAI, महाराष्ट्र	India
S2-380051803	Bedell Cadenza of Heyworth Inc.	MAIN ST, HEYWORTH, IL	US
S2-130104940	Sidhant  Infratech	HN #23 A/204, LILAC CHS LTDJANGID ENCLAVE, BEVERLY PARK, KANAKIA RD, MIRA ROAD EAST, THANE, महाराष्ट्र	India
S2-568596781	Regional Optimal Medicine	5 GILBERT AVENUE, NEW HAVEN, CT	US
S2-839965546	गोल्ड इंफ्रा प्राइवेट लिमिटेड	#305, BANDRA SUBURBAN, MUMBAI, Maharashtra	India
S2-247338541	DOBLILAR GSS LLC	SPOKANE, 818 NEBRASKA AVENUE, WA	US
S2-754934483	Khairatabad Chits Limited		India
S2-381280185	pkt consultancy pvt ltd	RAJENDRAKUMAR SOMABHAI PATEL MANIPURA VIJAPUR, MANIPURA, ગુજરાત	India
S2-516055688	Isenberg &-Leyva, LLC #8663	WA, SETTLE CDP, JUNEAU ST	US
S2-929796726	Womens  Health Certified	HAZELWOOD, MO, DAWNRIDGE DR	US
S2-322385690	>> Madhu  Mining Private	NO #280/2, PONNIAMMAN KOIL STREET MADIPAKKAM, CHENNAI, தமிழ்நாடு	India
S2-915738050	Saxon Aayush Holdings	#8A, MALAR APARTMENTS KNG PUDUR MAIN ROAD, THUDIYALUR, COIMBATORE, Tamil Nadu	India
S2-148391483	Software Sons Plantation Ventures Private	#286 38-B, PRAHLAD MARKET, NEAR KHALSA COLLEGE, NEW DELHI, Delhi	India
S2-12974801	Empire Interests Associates Partners	1319 Highland Dr, GREENVILLE, OH	US
S2-327785594	Shiv Software Private	Maharashtra, S NO. B3/45/3/3 PISOLI NR MANGO TREE, PUNE	India
S2-754642630	Troyer Anchor Graf Uptown Corp	405. ELEVENTH ST, BATTLE GROUND, WA	US
S2-663690022	Kolkata Polymers Private	NO 8/1A SIR GURU DAS ROAD, KOLKATA, KOLKATA, পশ্চিমবঙ্গ	India
S2-719801437	Silver இன்ஜினியரிங் பிரைவேட் லிமிடெட்	HN 7-164 RIAZ GARDEN, OLD NO. 12, NEW NO 29, KODAMBAKKAM HIGH ROAD, CHENNAI, Tamil Nadu	India
S2-346393084	Piedmont Trust	OAKDALE AVENUE, GLENCOE, IL	US
S2-548033633	silverlogisticscom	F NO ##704C, MANJEERA CHITRA LAYOUT L B NAGAR, HYDERABAD, Telangana	India
S2-588062892	Pioneer Apple	388 13TH ST, SACRAMENTOTOWNSHIP, CA	US
S2-682292689	keystonegrowth.com	MN, BURNSVILLE, 14500 REGENT LN	US
S2-547167546	JOY HOLDINGS LLC	KY, KNOB LICK, CAVE RIDGE NEW LIBERTY RD	US
S2-945576273	Anne Evans Rogers LLC	4137 POLKVILLE RD, SHELBY TONSHIP, NC	US
S2-16091054	Smt Armour Exports of Ahmedabad Company	8-10-G, TITANIUMCITYCENTER, 293/1/P, T.P-03. 100FT.ROAD, NR.SACHINTOWER, ANANDNAGAR, AHMEDABAD, Gujarat	India
S2-412924522	हरि हॉस्पिटैलिटी टेक्नोलॉजीज प्राइवेट लिमिटेड	B-563NE FRIENDS COLONY GROUND FLOOR, NEW DELHI, SOUTH DELHI, दिल्ली	India
S2-750217976	Dr Homoeo (India) Creations Pvt. Ltd	MITTAL TOWER, C WING, 17TH FLOOR, 210, NARIMAN POINT, Maharashtra	India
S2-222979963	Spectra Holidays Private Limited	31 DEV ASHISH PREMISES CO, BHARUCHA RD NR DAHISAR ST, DAHISAR EAST, Maharashtra	India
S2-289261959	Zhu Safe Drive L.L.C.	IL, WATERMARK TER, ELGIN	US
S2-966819468	गोल्डन पावर प्राइवेट लिमिटेड	#15 C/O MUNNA LAL SINGH, JAUNPUR, उत्तर प्रदेश	India
S2-922009425	Universal  Staffing Services Care	3851 NWEARK STREET, WASSHINGTON, DC	US
S2-999892499	TECHNOLOGIES MICRONUTRIENTS KAMADHENU	C/O ARUN KUMAR GUPTA HARDIYA MORE, SIWAN, Bihar	India
S2-360020974	PRIME PAYROLL PARTNERS INC	1024-D SCHUSTER ROAD, PO BOX 3738, RENSSELAER, IN	US
S2-655911704	फर्स्ट इन्वेस्टमेंट्स लिमिटेड	A-505A, AZAMSHAH LAYOUT, SAKKARDARA CHOWK, NAGPUR, महाराष्ट्र	India
S2-98056880	Jones, Williams And Schnurr Harmony	715 BELMONTE DR, AUBURN, AL	US
S2-975289995	Jones Advanced	PECOS ROAD, CHANDLER, AZ	US
S2-64522515	1018-Linc0ln Ave Apartments PC	87 SUNCREST TER, NC, CONCORD	US
S2-845551327	Earnhart Waste	268. GLEN CHARLIE ROAD, WAREHAM, MA	US
S2-773927630	PEYTON'S MOUNTAIN HOSPITALITY LP	5401 Groveside Ln, ROLLING MEADOWS, IL	US
S2-505379864	Youth Network	CHESAPEAKE CITY, VA, 405- VENTOSA DR	US
S2-891373535	JONES INTEGRATED SHORE PARTNERS PARTNERS	116 TWENTIETH AVENUE, CITY OF OSHKOSH, WI	US
S2-571585757	Smt BALAJI INVE5TMENT PVT	Karnataka, 510, WING A, 5TH FLOOR, CARLTON TOWERS OLD AIRPORT ROAD, KODIHALLI, BENGALURU	India
S2-511252730	VISION CNLLNIC, LTD	32 SULLIVAN AVE, EAST ALTON, IL	US
S2-942890733	Kennedy Anioel Hospital, LLC	77 Mink Trail, COVENTRY, CT	US
S2-127766917	Patriot Veterinary Clinic Metro	522 WIDNSTREAM DRIVE, TX, ALEDO	US
S2-427927841	Golden Design International Corp	23 AMBER DR, MASSAPEQUA, NY	US
S2-269747259	Optimal Pyrophyte Llc	11  SUTTON COURT, UPPER MARLBORO, MD	US
S2-874178387	Little-Massage	7453 GREGG RD, null, BRISTOL, NY	US
S2-347210098	Eta Consultants Company	DOOR NO 600  A/101 1ST FLOOR, NEW BIMLA CHS LTD TULSI BAUG, DR CHARAT SINGH COL, ANDHERI, - EAST, ANDHERI, महाराष्ट्र	India
S2-392659233	Limited Raza Enigneers	NO 7/137 SWAROOP NAGAR, KANPUR, Uttar Pradesh	India
S2-272315491	roebuck best permian llc	HESPERIA, 9451 MANO AVE, CA	US
S2-270952939	@GREATCOMMITTEE	UT, 1124 SOUTH JORDAN PKWY, SOUHT JORDAN	US
S2-658497960	सुपर इंफ्रा प्राइवेट लिमिटेड	GAUTAM BUDDHA NAGAR, NOIDA, उत्तर प्रदेश, F-6/6154  A V	India
S2-322178006	S G & F Gold LP	1128 Watervliet Ave, DAYTON, OH	US
S2-846065572	Piedmont Silverbox Llc	#74 MOUNT HOLYOKE CT, AMHERST, NY	US
S2-836529774	ഈസ്റ്റേൺ ഇൻവെസ്റ്റ്മെന്റ്	C/O VIVIYAN SYMETHY, 17/303, MALAMAIPARAMBIL, CHENATHUNADU P O, CHALAKUDY, THRISSUR, Kerala	India
S2-451806758	Zephon  Inc Services	7 CASSANDRA CT, RANDALLSTOWN, MD	US
S2-128484052	Jones Concord of Leavenworth	BRADSHAW LANE, LEAVENWORTH, WA	US
S2-754792956	hunger project llc	151 MAGUIRE AVE, STATEN ISLAND TOWNSHIP, NY	US
S2-80150807	Thomas Green	##N9W29060 WINDRIFT LN, WAUKKESHA, WI	US
S2-571995509	SREE CENTER OF INSTITUTE	WB-93, SECTOR R SCHEME NO.94, INDORE, मध्य प्रदेश	India
S2-688370998	Office of Veterans Affairs Inc.	356 FELKINS AVE, FORSYTH, MO	US
S2-710852405	Oncology Care of Associates Sélbyville	6834 HERRING WAY, SELBYVILLE, DE	US
S2-799056269	Digital Technologies of Ghaziabad Group	NK-I/154/SF, INDIRAPURAM, GHAZIABAD, GAZIABAD, उत्तर प्रदेश	India
S2-737629458	Campbell, Oconnor & Lee LLC (Services)	14111 WEIR STREET, OMAHA, NE	US
S2-365454494	Valley Securities-LLC	300 AVE C, BELTOON, TX	US
S2-828134282	Sa Commercial Prívate Limited	DOOR NO 4-1/1 PLOT NO 76 ADITYA GARDENS NEAR SAI NAGAR COLONY BACHUPALLY QUTUBUL, LAPUR, Andhra Pradesh	India
S2-342019909	Buildtech Infotech Private	133, BLOCK- E-3RD, KASANA CHOWK MOLARBAND EXTENSION, Delhi	India
S2-495677897	Platinum Trading Industries Private Ltd	FLAT NO 5-06 , G- BLOCK, SRI MAHALAKSHMI RESIDENCY, GOLDENHEIGHTCOLONY, UPPERAPALLY, HYDERABAD, Telangana	India
S2-457877771	গুজরাট এনার্জি	83 SP MUKHERJEE ROAD, 4TH FLOOR KOLKATA, KOLKATA, KOLKATA, SITALATLALA, West Bengal	India
S2-963947287	ALEXIA BARNETT CRESCENT, LLC	62 CAPE GEORGE RD, PMB 1205, PORT TOWNSEND, WA	US
S2-169652828	Behavioral Health Partners	315 SECOND STREET, MOUNT HOREB, WI	US
S2-646588739	Zavaa Co Service	3507 HOT SPRINGS RD, VA, ALLEGHANY COUNTY	US
S2-159791470	-- Pediatric Dental Health Of Washingt0n	##1015 KEARNY STREET, WASHINGTON, N/A, DC	US
S2-360048276	होटल शिवम एक्सपोर्ट्स प्राइवेट लिमिटेड	2763-64/17 HAMILTON ROAD MORI GATE, DELHI, CENTRAL DELHI, Delhi	India
S2-149223315	QUALITY  QUASAREDGE CORPORATION	831B CLAWSON PL, FORT MILL, SC	US
S2-35742615	First Mortgage	00134 RESONANT DR, NEWARK TOWNSHIP, OH	US
S2-871698303	Primeau-& Watkins Crane Inc	#1820 THREE BROTHERS WAY, OWINGS, MD	US
S2-483590787	Foot & Ankle Great	11420 BIG TREE ROAD, WALES, NY	US
S2-925780523	At Services (India) Enterprises  Private Limited	दिल्ली, B-122-A, JAGAT PURI, INSIDE AMBEDKER GATE, DELHI	India
S2-990936901	Zeseor Platinum	#15 CRAIGIE STREET, CAMBRIDGE, MA	US
S2-698991177	Amar Astpife Private Limited	P NO 76, SECTOR NO 27/A, PCNTDA NIGADI PUNE, PUNE CITY, Maharashtra	India
S2-89049593	FERRIFY (VENDOME)	2302 BRANSON LANDING, BRANSON CITY, MO	US
S2-609281890	Bhopal Limited Center	39, OLD ASHOKA GARDEN, NEAR CHURCH, RAISEN ROAD, BHOPAL, Madhya Pradesh	India
S2-814394288	Seven Enterprises	51, RUPA COLONY, PAADLA ROAD, WARD NO 18 TODABHIM, TEH-TODABHIM, KARAULI, राजस्थान	India
S2-32175589	Cozy Cleaning Slmdce	#2 BROADWAY, PMB 6138, METHUEN, MA	US
S2-516665792	Royal Data Concepts  Corp	5618 WASHINGTON AVENUE, CLAYMON CDP, DE	US
S2-642338166	Anchor Staffing Consultants Ltd	183 VANCE AVE, BLACK MOUNTAIN, NC	US
S2-483730262	*** jdc management private limited	NO 67 SRI SAI RESIDNECY, HYDERABAD, తెలంగాణ	India
S2-823565660	Abbe [English]	6504 KENNEDY ROAD, TRINITY, NC	US
S2-541309226	Manet L.L.C.	906 FOSTER CIRCLE, HENDERSONVILLE, NC	US
S2-91552103	Mr #kimemorial	VILL-GODHIYA CHAMAN, P.O-WARISHPUR VIA-BHAGWANPUR, DISTT-VAISHALI, VAISHALI, HAZIPUR, Bihar	India
S2-619267810	Health-Fellowship	VAN HOLLEN ROAD, MANOR, TX	US
S2-827461283	UX GLOBAL  PAE LIMITED	J-1955, CHITTRANJAN PARK, दिल्ली	India
S2-128512490	HARDING ASSOCIATES EGH	15377 1/2 HARDLE LN, CATLETTSBURG, KY	US
S2-60280361	MILENA CLARKE  MANUFACTURING LLC	2811-C BELLEVIEW AVE, HYATTSVILLE, MD	US
S2-130006115	MYERS EQUITY PARTNERS, LLC	4393 ADAM CT, MOUNT AIRY, MD	US
S2-784719551	Kelolumzeta	FAIRFAX COUNTY, 5100 OBSERVATION WAY, VA	US
S2-185023182	cameronfidelity.com	1340 CO RD 8, SMITHFIELD TWP, OH	US
S2-581867874	KALYANI SAND	50-13-25/54 SEETHAMMAPETA, VISAKHAPATNAM, Andhra Pradesh	India
S2-472718557	Stonington  Regional Church	OCEANVILLE RD, STONINGTON, ME	US
S2-456783685	Hamilton, Lindsay, Service	FRYE ROAD, CHANDLER, AZ	US
S2-981042246	Finance Vs Inmblligecne Private Limited	83-B, GROUND FLOOR, KH.NO.45/1, TEACHER VIHAR, NEW DELHI, Delhi	India
S2-68559357	ZIMMERMAN EERIRDPEISES	05559 PEARL ROAD, CLEVELAND, OH	US
S2-775875727	Sri Propack Academy	507, 5TH FLOOR, AANADN, MILAN COMPLEX, AHMADABAD CITY, N/A, Gujarat	India
S2-288610625	प्राइम गोल्डन इन्वेस्टमेंट प्राइवेट लिमिटेड	1184/4, PUNE, Maharashtra	India
S2-704161970	Clean Blue Tech Riverside Ltd	1008 ASTORIA CT, VIRGINIA BEACH, VA	US
S2-357075986	Nagindas Master Road Services Private-Limited	HN 786. 301, GUNDECHA CHAMBERS, NAGINDAS MASTER ROAD, Maharashtra	India
S2-147324894	Bangalore  Regen Infratech Pvt Limited	DOOR NO 213/16 , 8, GEDDALAHALLI (TRINITY ORCHID), HENNUR MAIN ROAD, K R PURA HOBLI, BANGALORE, <NULL>, Karnataka	India
S2-578236428	INDIA BHUAN BUILDWELL PRIVATE LIMITED	NO 740 , M.T.M.ROAD, PADI MADRAS600010, MADRAS600010, தமிழ்நாடு	India
S2-155637994	Dental Allied Health	5502- WATER WHEEL LANE, OOLTEWAH, TN	US
S2-754489727	बाबा स्मार्ट मैनेजमेंट रेस्टोरेंट प्राइवेट लिमिटेड	UNIT NO 47, UDYOG BHAVAN PREMISES CO OP. SOCIETY LTD, UDYOG BHAVAN, SONAWALA ROAD, GOREGAON EAST MUMBAI, MUMBAI, महाराष्ट्र	India
S2-350464111	Elite Square Trusted	17 Woodcrest Dr, TEWKSBURY, MA	US
S2-464080401	Private Jaipur Tourism Limited	FLAT NO. 801, JAIPUR, Rajasthan	India
S2-527203686	Lonet LLC	327 WEDNESBURY BLVD, CHARLOTTE, NC	US
S2-352204337	Ear Nóse & Throat Supreme Care PC	#37 COMMONWEALTH AVE, PMB 4432, BOSTON, MA	US
S2-267574471	Legacy Logistics Ventures	FISK ROAD, MORIAH, NY	US
S2-18629544	mulhollandruth.com	3414 CRANE AVE, HUNTINGTON, WV	US
S2-487202346	-- Metro Providence Llc	OH, 6098 Bolamo Ct, WESTERVILLE	US
S2-760840040	perez and valencia	##5469 ASPEN MEADOW LANE, MORGAN, UT	US
S2-398388666	Dv College LLP	SHOP NO 8-408 , THIRD FLOOR, SHOPPRIX MALL, SECTOR 5, GHAZIABAD, Uttar Pradesh	India
S2-926071675	City  Care Private Ltd	C/O MOHAN VISHWAKARMA AT P.O. - PAREO, P.S.-BIHTA, Bihar	India
S2-155056488	DORENA'S ÁPPAREL, LLC	PEMBROKE TOWNSHIP, 6563 COZART AVENUE, IL	US
S2-939685545	Smt Sai Industries Group Ventures Private Ltd	7 HIRAK SOCIETYS V ROAD IRLA, MUMBAI, महाराष्ट्र	India
S2-178848368	Rocha  Academy	1361 TRINITY PARK DR, LOUISVILLE TONSHIP, KY	US
S2-42495559	WOMENS HEALTH GROUP DOWNTOWN	44. JANE ROAD, MARBLEHEAD, MA	US
S2-240034173	Piedmont Trust III LP	433 OAKDALE AVENUE, GLENCOE, IL	US
S2-617329314	LLC Colonial Southern	SPRING GROVE, IL, 3406 CARDINAL LANE	US
S2-541846513	Teamsters Union Local No 500 Co	141B JUSTIN AVE, STATEN ISLAND, NY	US
S2-20437085	Elyse Santillo Direct Advanced Corp.	12 FOX HILL ROAD, WARWICK, NY	US
S2-396772289	Aggarwal Vidyalaya Services	BLOCK A-33 NO: 13/1, MIDDLE STREET, MANARPURAM, TRICHY, Tamil Nadu	India
S2-387296711	SUTTON AND MONTGOMERY MONTGOMERY	714 NORMAN STREET, DONORA BOROUGH, PA	US
S2-331547391	Internal Medicine Health LLC	2320 SIERRA STREET, GARDENDALE, AL	US
S2-837558194	రెడ్ బిజినెస్ ఆటోమొబైల్స్	8-2-293/82/A/468, HYDERABAD, తెలంగాణ	India
S2-274601157	#garimaservices	R.NO. 10 , IIE CELL, OUTR, GHATIKIA, BHUBANESWAR, KHORDA, ଓଡ଼ିଶା	India
S2-763470160	Jain Edusystems Private  Ltd	Karnataka, FLAT NO.C-302 , CHARTERED MADY, 17TH MAIN, J..P. NAGAR, PHASE - II, BANGALORE	India
S2-563884803	WHNGL.COM	MORNING VIEW KY, KY, 4020 CASEY STREET	US
S2-484239605	POWER WILLIAMS (WEST)	2408 HARMON RD, SILVER SPRING, MD	US
S2-889531341	Pammi's Coffee Partners	10295 FORD ROAD, PERRYSBURG TWP, OH	US
S2-224087352	Diamond Pamhckaging Innovations Corp	3000 TILDEN STREET, WASHINGTON, DC	US
S2-256128343	-- Eye Bulre Medicine LLC	406 SOUTH FOURTH ST, SHELBYVILEL, IL	US
S2-722779410	Btl Véntures Company	UNIT NO.70, J TOWER, METROZONE, JAWAHARLAL NEHRU ROAD, ANNANAGAR, CHENNAI, Tamil Nadu	India
S2-791997289	#HAMMMARTIN	807  SECOND ST, DELPHSO, OH	US
S2-409370565	V 5 Certified Metlife Inc.	5365 RUSTIC HILLS DRIVE E, MEDINA, OH	US
S2-619317458	Lohai & Co	N-05/14 DLF-II GURUGRAM, HARYANA, GURUGRAM, Haryana	India
S2-608596492	LLC Lova	##110 TARRYTON COURT, COLUMBUS, OH	US
S2-596494236	Teamsters Union Local No 85 Ltd	16818  THIRTEENTH WAY, PHOENIX, AZ	US
S2-87006376	Bohra Care  LLP	HOUSE NO 1749A. JAWAHAR COLONY, VILL SARAN, हरियाणा	India
S2-257266208	UNI MARKETING	FLAT NO.111, VANDANA APARTMENT, SECTOR 4, KALAMBOLI, NAVI MUMBAI, महाराष्ट्र	India
S2-473943449	Red Infratech (Center)	B3/514, HEMKUNT HOUSE, 6 RAJENDRA PLACE, NEW DELHI, NULL, Delhi	India
S2-594390027	LlGHTING TRAVEL PVT. LTD	KHASRA NO. 44/7/1, GODOWN NO-6., NORTH WEST DELHI, DELHI	India
S2-701870845	Carleen Smith  Medical Inc	580 TRACY ANN DR, BELGRADE, MT	US
S2-199520372	INTERCON SOLUTION PRIVATE [LTD]	BLOCK B-39 1/15, MADHUKUNJ CHS, DATTAPADA ROAD, BORIVALI (EAST), MUMBAI, Maharashtra	India
S2-593068529	Mysore Limited Private Luxury	Karnataka, 3 , 2ND FLOOR, GOKULAM MAIN ROAD, JAYALAKSHMIPURAM, MYSORE	India
S2-598717675	MAIX BETTER-CLEARTHINK	183-A ELM STREET, MECHANIC FALLS, ME	US
S2-214292269	integrated fresh australian, inc	TX, LOS FRESNOS, 00306 SEVENTH ST	US
S2-727079277	Grand Clearthink Ltd	00446 KINGMAN ROAD, PMB 840, QUENEMO, KS	US
S2-832642380	FERRIC VIKIGN CORP	1382 BRIDGESTONE AVE, SPRINGDALE, AR	US
S2-112564922	Castillo Emera	2352- 1580, SPANISH FORK, UT	US
S2-429045520	Quantify Hóvnanian LLC	742 2ND STREET, WEST BROOKLYN, IL	US
S2-862561867	Mr Sun Infratiructcre Limited	#73 SPAZE IT PARK, TOWER B3, 4TH FLOOR, UNIT NO- 442-4, GURGAON, Haryana	India
S2-493722178	East Exports Public Limited	தமிழ்நாடு, 30/25 CENOTAPH ROADTEYNAMPET CHENNAI, CHENNAI	India
S2-533742191	VERONIQUE PGTTERSN WELLNESS LLC	1205- SLOAN GAP RD, OCOEE, TN	US
S2-991925876	Cecile M. Roberts,	196 RESERVOIR AVE, WESTFIELD, MA	US
S2-218537535	মাই ইন্ডাস্ট্রিজ প্রাইভেট লিমিটেড	KAMRARMATH, LALBAZAR, NUTANGANJ, West Bengal	India
S2-990151873	BENOIT SERVICES  [ASSOCIATES]	27 ALBION ST, NAUGATUCK CDP, CT	US
S2-955174524	Shantaram of Service Technology	D-38/A, ASHOK MARG C-SCHEME, NEAR AHINSA CIRCLE, Rajasthan	India
S2-423454010	Ng Greenfire	331 ALBEMARLE ST, null, WASHINGTON, DC	US
S2-379917333	Mercedes Montessori School Board	IA, 3299 FLOYD BLVD, SIOUX CITY	US
S2-112471943	ಬ್ರೈಟ್ ಸಿಸ್ಟಮ್ಸ್ ಪ್ರೈವೇಟ್ ಲಿಮಿಟೆಡ್	H.NO 1ST FLOR, BENGALURU, BANGALORE, ಕರ್ನಾಟಕ	India
S2-77571433	সুপার কনসালট্যান্টস প্রাইভেট লিমিটেড	SWAMI VIVEKANANDA ROAD SANTRAGACHI, পশ্চিমবঙ্গ, HOWRAH, 58	India
S2-761201433	ড্রিম হাই ফাউন্ডেশন বেকারি এলএলপি	DOOR NO 411 84B, KOLKATA, পশ্চিমবঙ্গ	India
S2-951487367	LLC Sdte	24 TURNING MILL RD, LEXINGTON, MA	US
S2-230395545	EASTERN SOCIETY SERVICES	Maharashtra, S-07 , G/G1, CENTURION SHOPPING & COMPLEX PLOT NO.88/91, SECTOR 19A, SEAWOODS, NER, UL	India
S2-943018674	Y+ Americas	KS, 10727 258TH RD, EFFINGHAAM	US
S2-931995646	Aspen Tfaer LLC (ID: 18273)	401  BAY POINT BLVD, MARBLEHEAD, OH	US
S2-579616490	Truesdale Concepts Inc.	22918 VACATION RD, HENNING, MN	US
S2-740782866	SPRINGFIELD COMMUNITY	4502 THOMPSON ROAD, SPRINGFIELD, IL	US
S2-805872259	Limodyne	#3909 13TH ST, WASHINGTON, DC	US
S2-16226755	Chiropractic Medicine	Godfreys Ln, HERTFORD, NC	US
S2-596032524	willyt buchanan internet p.c.	4443 GLENWOOD DR, BISMARCK, ND	US
S2-293331167	UR Cbboslutmhs Private Limited	BOLTON FLAT NO A-902, VIHANG VERMONT BHAYENDERP, THANE, Maharashtra	India
S2-840039948	LZD Royalty Riverside	22222 SWAMP DOGWOOD LN, CYPRESS, TX	US
S2-712352863	ड्रीम कंस्ट्रक्शन प्राइवेट लिमिटेड	FLOBR, Maharashtra, MUMBAI	India
S2-503050660	BRIANA BARTZ LLC CÉNTER	15th Street, CASPER, WY	US
S2-324306578	लक्ष्मी श्री इम्पेक्स प्राइवेट लिमिटेड	1G-43, B.P, 2ND FLOOR NIT, FARIDABAD, हरियाणा	India
S2-681334894	Rosalind B. Hernandez DPM	15-17 QUINCY CLOSE, RIDGEFIELD, CT	US
S2-406642416	Big Bike Shop Co	636. WALL STREET, SEVIERVILLE, TN	US
S2-234179211	Peak Direct Chimera Partners Corp	805 CONVOY WAY, KNIGHTDALE, NC	US
S2-613640053	Rey Eldridge Beacon Premier Incorporated	2511 1/2 PROVIDENCE ROAD, WAXHAW, NC	US
S2-248423273	FLY PRIVATE LIMITED SERVICES	दिल्ली, D-243-245 KH NO. 593 RAJIV NAGAR EXTN. BHALSWA DAIRY, DELHI	India
S2-232854098	Panipat Enterprise Pvt.	BLOCK G-357 JAMBESWAR PATANA SAHI, OLD TOWN, LINGARAJ, Odisha	India
S2-780547093	SEVEN ELTERN GLOBAL PRIVATE LIMITED	DOOR NO 365 E4E LABS, 3-FLOOR, DIVYASHREE CHAMBER, LANGFORD RD SHANTINAGAR, BANGALORE, Karnataka	India
S2-601632216	Private Menaka Builds Ltd	NO.5, M.S. RAMAIAH INDUSTRIAL ESTATE, MATHIKERE, BENGALURU, Karnataka	India
S2-82224039	3816  COMMERCE BLVD	158 SNOW CREEK ROAD, SENECA, SC	US
S2-749909667	Metro Cola Blue Associates	##6006 PRESCOTT RUN LANE, KATY, TX	US
S2-406810865	Western Gulf Fsaibon, Inc	##119 MANOMET AVENUE, HULL, MA	US
S2-958359409	गुड इंफ्रास्ट्रक्चर ट्रेडर्स प्राइवेट लिमिटेड	899, PANCHGALI TIKKADMAL KA RASTA, JAIPUR, Rajasthan	India
S2-320898006	Office of Education Corp	NY, 2125 CHEPSTOW RD, ROTTERDAM	US
S2-694726285	Better Inc Center	#2146 343, MC ROBEERTS, KY	US
S2-622207303	CURE  SEAFOOD LLC	6373 DEVONSHIRE RD, NORFOLK, VA	US
S2-116276362	ବିଜୟ ଇନଭେଷ୍ଟମେଣ୍ଟସ୍ ପ୍ରାଇଭେଟ୍ ଲିମିଟେଡ୍	DUPLEX-III-01, MANTRA MANOR GOTHAPATNA, BHARATPUR, BHUBANESWAR, KHORDHA, ଓଡ଼ିଶା	India
S2-229263827	Private Auctus Polymers (India) Limited	NO 143, DIVREPORTINGCIRCLE, NORTH WEST, Delhi	India
S2-645226173	Heartland Preprcatotobry Academy Downtown	1126 60ST ST, CITY OF SUPERIOR, WI	US
S2-496654495	WELLNESS COMMERCIAL NETWORKS	1233 18TH STREET, SAFFORD, AZ	US
S2-407474419	Cardio1ogy Pártners Eastgate	1247 COPPER MOUNTAIN BOULEVARD, CHARLOTTE, NC	US
S2-363381209	Greene First Nexpoint Incorporated	3817 LAWNDALE DR, GREENSBORO, NC	US
S2-35788121	Services Tri-State Partners	IN, GREENSBURG, 310B NORTH ST	US
S2-613259356	KOTA EXPORTERS LTD	90-B, SHRIRAM CIRCLE IPIA, KOTA, Rajasthan	India
S2-885363160	EVZ  Residency Pvt. Limited	A-40/48, LOWER GROUND FLOOR EPDP ROAD C R PARK, NEW DELHI, Delhi	India
S2-779346514	Nagindas Master Road Services Private	HN 786. 301, GUNDECHA CHAMBERS, NAGINDAS MASTER ROAD, Maharashtra	India
S2-138685531	totaldiamondmgmt.com	8411 8TH PLACE, PO BOX 2165, LAKE STEVENS, WA	US
S2-893677887	Rosemonde's Choice Services	21 OLSON RD, LONGVIEW HEIGHTS, WA	US
S2-856953008	INCARNATION CONSULTANCY (INDIA) INDUSTRIES  PRIVATE LIMITED	Maharashtra, 158, SKY SCRAPER 'A', BHULABHAI DESAI ROAD	India
S2-388952907	DARA'S ADVISORS HARBOR INCORPORATED	175  6, MAHOPAC, NY	US
S2-902564552	The Dent LP Pub!	4846 WAVELAND AVENUE, CHICAGO, IL	US
S2-980698305	Smart Retai1 Innovations Corp	4663 OWENSVILLE SUDLEY RD, HARWOOD, MD	US
S2-930474847	lntegrated Creative Technologies LLC	637 LITTLE HARTS CREEK, HARTS, WV	US
S2-97147841	Hardy Jackson LLC Services	43561. WINDROW COURT, LOUDOUN COUNTY, VA	US
S2-168414482	Powell & Slaven Holdings	##1712 MILAN STREET, DURHAM, NC	US
S2-738643792	rs science	1004/B, ASHOK ENCLAVE, CHINCHOLI BUNDER ROAD OPP. EVERSHINE MALL, MALAD WEST, MUMBAI, महाराष्ट्र	India
S2-284837701	zeussons.com	916-A, SILICON CITY, OPP.EMERALD HT. SCHOOL PO AT RAJENDRA NAGAR, AB ROAD, Madhya Pradesh	India
S2-720126707	Branca Grill  LLC	OVID ST, SENECA FALLS, NY	US
S2-973316855	ഹൈ ശ്യാം ബിൽഡേഴ്സ് പ്രൈവറ്റ് ലിമിറ്റഡ്	KOZHIKODE, 62/1963/B12, KOZHIKODE, Kerala	India
S2-473879873	All Gnenr LLC	17 MAIN ST, E. WINDSOR, CT	US
S2-992703727	East-Atlantic Travel LLC	5890 MOCCASIN TRAIL, TUCSON, AZ	US
S2-241788197	BEDELL CADENZA OF HEYWORTH INC.	206 MAIN ST, HEYWORTH, IL	US
S2-810298156	West Hárbor	AL, TYSON DRIVE, TOXXEY	US
S2-937734810	Zeo-Frontier Smart Co	VA, CHANTILLY, 43499 Interval St	US
S2-46880115	MAVA TRUSTED DTE	NC, 2810 LIBERTY RD, GREENSBORO	US
S2-296971945	FEVA  TRASAFTLA	1457 TOPAZ DR, CEDAR CITY, UT	US
S2-674549331	Verrex Construction Clínic LLC	GATES, 46 BENDING CREEK RD, NY	US
S2-964704960	PEDIATRIC DENTISTRY ATLANTIC PARTNERS (GREATER)	614 CHIPPEWA DRIVE, JEFFERSONVILLE, IN	US
S2-468391282	Sunrise Builders Public Limited	Gujarat, 507, SILVER RADIANCE, NR PAKVAN CROSS RD, SINDHU BHAVAN ROAD, AHMADABAD CITY	India
S2-504048110	গ্লোবাল ফুডস প্রাইভেট লিমিটেড	MAYNAGUDI, BARASAT, NORTH 24 PARGANAS, NOAPARA, West Bengal	India
S2-532843846	Direct Partners Service	FT. WASHINGTON, 9210 SANDY CREEK ROAD, MD	US
S2-559195935	Shree Enterprises Pvt Ltd	#57 M G ROAD, LALBAUG, MANGALURU, Karnataka	India
S2-256391391	Hatti Compton Inc Center	132 LYMAN CIRCLE, PO BOX 3784, SACRAMENTO, CA	US
S2-999474189	SM International Industries Private Limited	13/13 , G3, SSBAM FLATS KANNAKI STREET, VINAYAGAPURAM, AMBATTUR, CHENNAI, Tamil Nadu	India
S2-2114872	GOLDEN DYNAMICS RESEARCH  HOLDINGS	14. VERNON STREET, NORTHAMPTON CITY, MA	US
S2-494743497	Continental LLC Safety	2219 GUEBERT ROAD, FENTON, MO	US
S2-57804097	Technologies Bls Wind Pvt Ltd	G-39/2994, FIRST FLOOR, MANIKKATH CROSS ROAD, RAVIPURAM, KOCHI, Kerala	India
S2-352590507	Russell Clinic Couriers	#1332 CORONEL AVE, VALLEJO, CA	US
S2-736509086	Knoll Cleaning	947 TUHAYE PARK DR, PO BOX 8894, KAMAS, UT	US
S2-315273074	Gordon Venture, [LLC]	10917 175, MEDARYVILLE, IN	US
S2-695299370	LS Hudson L.L.C.	3835 SOLIDARITY CIR, WALDORF, MD	US
S2-158269797	EAST AEON (L.L.C.)	146 1/2 CANTERBURY DRIVE, MADISON, AL	US
S2-863806703	VALLEZ, CANDRA D., D.C. LLC	836 BARNABY STREET, WASHINGTON, DC	US
S2-673926177	Videh Farmers Private		India
S2-122888441	Economic Development Fellowship VI Federation	1997 CHURCH STREET, COSAT MESA, CA	US
S2-637951002	MORALES PUBLISHING CENTER CORPORATION	240 HULL RD, MADISONVILLE, TN	US
S2-660587862	@lefkowitzministries	0011346 VAN BUREN STREET, BLAINE, MN	US
S2-158857511	Salas  & Knudson Alliancebernstein	610 AGUILA DRIVE, PMB 9655, CHEAPEAKE, VA	US
S2-104826706	ലോട്ടസ് പ്രോപ്പർട്ടീസ് ജനറൽ പ്രൈവറ്റ് ലിമിറ്റഡ്	THRISSUR, DOOR NO: 03/271 SREE LAKSHMY BUILDINGS, Keralam, THRISSUR	India
S2-270803258	245 Market Avenue	WESTBOROUGH, 10- ROSEWOOD PLACE, MA	US
S2-914116452	Pvt. Esquare Trading Infratech Ltd.	BL NO 211/2 OLD BL NO-174, KAMREJ, SURAT, Gujarat	India
S2-234564025	ইন্টারন্যাশনাল ইনফোটেক প্রাইভেট লিমিটেড	5, RUSSELL STREET, 1ST FLOOR, KOLKATA, KOLKATA, West Bengal	India
S2-588991197	TKZ DEVELOPERS	PLOT ##188 WZ-39 LAND LORD CHHAJJU, RAM VILL NANGLI GALIB, NEW DELHI, दिल्ली	India
S2-111990908	Ballou, Sorum and (Matos)	3153 NEWTON ROAD, PROMISE CITY, IA	US
S2-471048115	Youth Center LLC	PARROTT STREET, SOUTH PORTLAND, ME	US
S2-731851978	Ridaa	CT, 272 FALLS AVENUE, OAKVILLE	US
S2-743172595	Varshora Solutions Private	H.NO 112-A GF, VIKAS KUNJ NR CHURCH, NEW DELHI, Delhi	India
S2-729526133	Petrino Rigde-Starlink	WA, YAKIMA, 505 Pear Butte Dr	US
S2-873510577	HIGHLAND TÁX	210 ELLIOT ROAD, RUSSELLS POINT, OH	US
S2-702719930	T 2 RE1IABLE SUPPLY, LLC - 5330970637	MERRIBROOK LN, KY, LOUISVILLE	US
S2-689092121	-- Mai Seva Samiti Ventures  Corp	Tamil Nadu, CUDDALORE, C-1/35, PANRUTI	India
S2-684965383	Moseley Metro Oneim	2368 ANSLEY ST, ALLIANCE, OH	US
S2-746103265	Campbell King  LLC	SUTTON AVE, WAVERLY, TN	US
S2-619229502	A/Q End	##401 COVELL RD, EDMOND, OK	US
S2-653152918	DONEYDAYJENA.COM	5334 ABERTON LANE, SPRING, TX	US
S2-76303055	Mar0ney Advanced Harmony L.L.C.	1319 RIDGEFIELD LOOP, ROUND ROCK TOWNSHIP, TX	US
S2-340364182	Acumen  Equity Limited	#6-238A14 , WEST WOOD, SADASIVAM NAGAR, 6TH MAIN ROAD, MADIPAKKAM, CHENNAI, Tamil Nadu	India
S2-255832457	ORISSA BROTHERS CENTER	Maharashtra, R.NO.3A BHAGWANDIN CHWL, KASTURBA RD. NO.-6, BORIVLAI EAST	India
S2-344227746	இந்தியன் எனர்ஜி பிரைவேட் லிமிடெட்	NO. 42, MADRAS, NUNGAMBAKKAM, தமிழ்நாடு	India
S2-340376573	@upliftsoftwares	402 ARADHANA APARTMENTS, VEER PATH CIVIL LINES, JAIPUR, Rajasthan	India
S2-275101751	Auryique Dírect Inc	3003 MAIN, PUYALLUP, WA	US
S2-789253940	ବିଜୟ ଏସ୍‌ଏସ୍ କନଷ୍ଟ୍ରକସନ୍ ଲିମିଟେଡ୍	PLOT 961 FLAT NO-D-107, PANDA RESIDENCY, BHUBANESWAR, KHORDHA, ଓଡ଼ିଶା	India
S2-74672176	Mountain and Gonzalez Inc.	701 LOS VIEJOS DRIVE, ALBUQUERQUE, NM	US
S2-147184335	Om Services	320 15 40 SHED, G I D C VAPI TAL-PARDI, PARDI, Gujarat	India
S2-972074978	प्रीमियर इंफ्रास्ट्रक्चर प्राइवेट लिमिटेड	HOUSE NO-136, POKET -26, SEC-24, ROHINI, NORTH DELHI, DELHI	India
S2-345725843	Cozy Nails!	MN, LAKE PARK, 1397 EAST RD	US
S2-53348878	యునైటెడ్ గ్లోబల్	GANDHI NAGAR, Telangana, H. NO 40/338, KURNOL	India
S2-702597452	DIPLOMAT CONSTRUCTION	G.A. 5-00 SAILASHREE VIHAR, BHUBANESWAR, Odisha	India
S2-740109057	Eye Silver LLC [Services]	NC, PO BOX 5843, BAKERSVILLE, 788 ODOMS CHAPEL RD	US
S2-736583626	Private Hyderabad Impex Limited	DOOR NO 1-202, HYDERABAD, Telangana	India
S2-894761114	Ankita  Medical Centre	9-4-62, NIZAM COLONY, TOLICHOWKI, HYDERABAD, Andhra Pradesh	India
S2-645708553	Summit Society Lp	33 CASA GRANDE, NULL, BROWNSVILLE, TX	US
S2-94687070	Check's Entertainment	13465. FERN CREEK LANE, BAINBRIDGE ISLAND, WA	US
S2-656280778	Veronika Elkins Investment-LLC	3710 KELLY ST, VERNON, TX	US
S2-896216609	TWISTER & SS PRIVATE LIMITED	Karnataka, #39 , [OLD 326], 7TH CROSS BHUVANESHWARI NAGAR, BSK 3RD STAGE, BANGALORE	India
S2-885121406	Ace  Partners Ltd Service	129 11TH AVENUE, MINOT OWNSHIP, ND	US
S2-589680680	சன் கன்சல்டன்சி பிரைவேட் லிமிடெட்	4/161, ATHI PARASHAKTI NGR, MADURAI MAIN ROAD, TIRUCHIRAPPALLI, தமிழ்நாடு	India
S2-198525393	Reliable  Apparel Consultants	1425- VICTORIA LN, null, LITTLE ROCK, AR	US
S2-353486049	Cox, Alaniz Bryson LLC Services	928 B CALLE DEL LLANO, TAOS, NM	US
S2-757381363	Clark Áustralia	608 FILES STREET, ITASCA, TX	US
S2-857557625	Kaye and Mrafilas Valuence Group	7133 Cornell Avenue, CHICAGO, IL	US
S2-211889245	LECHNER, STOVER	6443 TSETYAT STREET, NM, COCHITI LAKE	US
S2-507716244	Jai Healthcare Limited Center	BLOCK G-#29 36, VAKHARIA INDL. ESTATE, RAM MANDIR ROAD, GOREGOAN, GOREGAON WEST, Maharashtra	India
S2-192196269	Peflovue Worldwide  lnc.	12755 MILL CREEK RD, LOLO, MT	US
S2-296298057	... Eye Eye Peak Medicine LP	503 WILD ROSE LN, MARION, IL	US
S2-320670540	India Srinivasa Tiles Pvt.	DOOR NO 223 BLDG NO. 5 ROOM NO. 15, BMC COLONY, SHIVAJI NAGAR, KHERWADI, BANDRA (E), MUMBAI, <NULL>, Maharashtra	India
S2-434281532	Kailas & Co	H NO. ##28 , SHYAMLA HILLS C-1, SHYAMLA HILLS, BHOPAL, Madhya Pradesh	India
S2-469817229	Roify Scuti  Services - 8144685264	6704 OLD HEADY RD, LOUISVILLE, KY	US
S2-746354347	R+ Spruce Corp	020226 LANGLEY STREET, APPLE VALLEY, CA	US
S2-710771510	Martinez, King Corral Inc Center	OR, 705 MAIN AVENUE, IRRIGON	US
S2-591828554	SUPERIOR DATA ALLIANCE, INC | www.superiord.com	BEL AIR, ##7 HAWLEY CT, MD	US
S2-766741684	Veteran  Dwelling	NO 2-47 , FLAT NO. 102, GIDANGI, TARANAGAR, SERILINGAMPALLY, Andhra Pradesh	India
S2-687528363	Louisville Scholarship		US
S2-797739239	Korella's Best		US
S2-507369645	Highland (Program)		US
S2-368287530	Vedyne Incorporated	9865 575, BLUE RIDGE, TX	US
S2-190163962	814-815 South Owners Corporation	NC, FOREST CITY, 21 LOVELACE ROAD	US
S2-46323170	Perri  Bobo, CPA, DDS		US
S2-518180138	highlandcharities.com	77 MONTAUK HWY, NY, BROOKHAVEN	US
S2-947157691	AK BROTHERS INDUSTRIES PRIVATE LTD	5-4/11 OPP, CMS SCHOOL, TAGORE ROAD, GANAPATHY, COIMBATORE NORTH, Tamil Nadu	India
S2-323943486	THE BEACON EDUCATION SERVICES GROUP	#27 KELLY ROAD, CAMBRIDGE, MA	US
S2-327142781	Pediatric Clinic Dental Group	388 R BROADWAY, LYNNFIELD, MA	US
S2-688089654	Preferred-Systems Inc Services	23355 FLORINA COURT, LOUDOUN COUNTY, VA	US
S2-668811814	pdhealth.com	101 YORK ST, ELMHURST, IL	US
S2-319887932	RTRUSTED.COM	309 Bronze Drive, ROCKY POINT, NC	US
S2-945484259	Kolkata Tech Pvt. Ltd	15-17A/201/3A, B.B.T. ROAD CHAKMIR, MAHSEHTALA, KOLKATA, KOLKATA, West Bengal	India
S2-631656868	KIDD LEGACY INTELLIGENT GROUP	5695 TACOMA RD, COLUMBUS, OH	US
S2-321093021	Anm S0ftware Private Limited	SAMOD HOUSE, GANGAPOLE, JAIPUR, Rajasthan	India
S2-469180507	Mr ACORN COLLEGE PRIVATE LIMITED	HOLDING NO. - 389/A, PURBACHAL, BELOW DHUP CO., SILIGURI, DARJILING, পশ্চিমবঙ্গ	India
S2-685509206	TOTAL INNOVATIVE FOCUS SOUTH INC	243 PEE DEE RD, MOUNT GILEAD, NC	US
S2-920285889	Exact & Co	C/O MUKESH KUMAR, SIKANDRA, SIKANDRA, Bihar	India
S2-119218319	Movue  Inc	NEVILLE ABBEY DR, CHRALOTTE CITY, NC	US
S2-398021126	PREFERRED ATLANTIC (MINERALS,)	102 PEACE ST, RALEIGH, NC	US
S2-57342550	Juli Jones Metro LLC	7900. DORSETSHIRE DRIVE, WEST CHESTER, OH	US
S2-141952407	Bluestar Resorts Private Ltd	15-16, IIND FLOOR, SHAGUN COMPLEX, VIJAY NAGAR CHOURAHA, A.B.ROAD, INDORE, Madhya Pradesh	India
S2-929663034	*** GS Inc Mitsubishi	6014 KINGWOOD GLEN DRIVE, HUMBLE, TX	US
S2-517605282	ಸನ್ ಬಿಸಿನೆಸ್	H.NO 36/5, HALANAYAKANA HALLI, BANGALORE, Karnataka	India
S2-352731609	tessiehhillcom	39233 TWIN LAKES COURT, null, BETHANY BEACH, DE	US
S2-150232100	Taparia Food Córporation	78-A/5, DILSHAD GARDEN, Delhi	India
S2-391835305	Alicia Abdullah Target (Ltd) #37587	212 DOSTER RD, MONROE, NC	US
S2-356669636	Orthopedic  Care Associates & Co		US
S2-68983877	Soltis, Smith and Yarborough Llc	04 CEDAR RIDGE DRIVE, MCALESTER, OK	US
S2-351235393	Star Navigation Clinic Inc.	2313  REFLECTION VISTA PL, TUCSON, AZ	US
S2-952179806	Peis L.L.C.		US
S2-192596299	ಸೂರ್ಯ ಇಂಡಸ್ಟ್ರೀಸ್ ಎಲ್ಎಲ್‌ಪಿ	NO.27, ROYAL HABITAT, GATE-1, 2ND SECTOR, HSR LAYOUT, BANGALORE SOUTH, BANGALORE, ಕರ್ನಾಟಕ	India
S2-837838957	DIRECT (INDIA) SONS	S NO D/309, FLAT NO 1809, PIMPRI WAGHIRE, PUNE, PUNE CITY, Maharashtra	India
S2-957936048	Kirbie'S Creative Transport	BELL ROAD, SURPRISE, AZ	US
S2-500346355	Memorial Council	PMB 4699, NASHVILLE, 103-107 WILLOW ST, IN	US
S2-773814500	E & L Gores	NC, 3925 HEIDELBERG DR, HOPE MILLS	US
S2-546923629	Vnc Hóldings Exports	25 G/F KH. NO. 65 VILLAGE BAGDOLLA EXT., NEW DELHI, Delhi	India
S2-570984447	Royal Services Private Limited	H. NO. 4932-M, SARTAJ MOHALLA, OLD EAST SILAMPUR KANTI NAGAR, GALI NO. 4, NEAR NEHRU PUBL, IC SCHOOL, DELHI, Delhi	India
S2-116944637	ANUBHUTI-CENTER	PLOT NO 222, H NO 14-1-90/222, JAYALAKSHMI VILLA, ANDHRA BANK STREET, GAYATRI NAGAR, BORABONDA, HYDERABAD, BALANAGAR, Andhra Pradesh	India
S2-493508786	National Institute of Services	1821 2511, CANTON, TX	US
S2-727322178	Eastern  Products Jewellers Private	D D/109 THIRD FLOOR STREET NO 12 EAST VINOD NAGAR, NEW DELHI, Delhi	India
S2-663383586	SOUTHERNLOGISTICS.COM	Gujarat, SHOP NO. 101/102 FF, SR NO. 4311, 4312 SHOBHA CHAMBERS, ZAVERIWAD, AHMEDABAD	India
S2-58018163	फॉर्च्यून इन्वेस्टमेंट प्राइवेट लिमिटेड	#01, LUCKNOW, Uttar Pradesh	India
S2-107217870	Private Asha Management Limited	4/2/H/2, KOLKATA, HOWRAH, West Bengal	India
S2-234869441	Big-Diber		US
S2-915068472	Dudley Express Fitness LLC	26 CHERYL ANN DRIVE, MILFORD, CT	US
S2-859958760	Holy Methodist Church Association	##135-05 NORTHERN BOULEVARD, FLUSHING, NY	US
S2-187505319	COONOOR CONSTRUCTION  LIMITED	14, SHRVE BHUSHAN, MOUNT PLEASANT, COONOOR, Tamil Nadu	India
S2-735903689	Krishna Tech LLP	HN 911 F.NO 315, NILADRI NILAYAM, SRINAGAR COLONY, KRISHNA, ఆంధ్రప్రదేశ్	India
S2-710715630	PEDIATRIC MODERN ASOGOCEIATES ASOGOCEIATES INC	#243 NEWTON STREET, N/A, BOSTON, MA	US
S2-540915335	MANISHA (INDIA) LIMITED (SERVICE)	BLOCK C-600 F-1, 2/65, VRINDAVAN APARTMENT NEAR MAPLE GARDEN, CHITRAKOOT, VAISHALI, NAGAR, Rajasthan	India
S2-871635814	Arriaga, Mureil Valley Farmers Co	4431 CAMDEN CIRCLE, DUBLLIN, OH	US
S2-797403484	Komal Consulting Industries Private Ltd	NO. D/122 PLOT NO-3/4 F .NO.- F/F-201/207 SARTHAY RESIDENCY RADHA KRISHNA ENCLAVE, GHAZIABAD, Uttar Pradesh	India
S2-933796180	Hess & Frink Nmp Incorporated	800 KELLY AVE, EDMND, OK	US
S2-314196784	NANDRAJ HOUSE (INDIA) PRIVATE LIMITED	401, SR CASTEL, STR NALANDA NAGAR, RAJENDRANAGAR, Telangana	India
S2-763562140	cgarts.com	756A, BLOCK P NEW ALIPORE, KOLKATA, HOWRAH, West Bengal	India
S2-605501962	Limited New Leathers Private [Service]	0709/58, SOUTH DELHI, NEW DELHI, Delhi	India
S2-122875693	Drusy Bállard All Income, LLC	09917 GLENCOVE CIR, MESA, AZ	US
S2-851878972	Grace  Zion Clinic	33 780, N/A, AMERICAN FORK, UT	US
S2-6780518	Shashwat-Private Limited Center	#49 HOUSE NO BV/072/7 BABU VIHAR NEAR SEC. 6 VRINDAVAN YOJNA R.B ROAD, LUCKNOW, उत्तर प्रदेश	India
S2-794512632	बेस्ट इंटरनेशनल फार्मेसी प्रा. लि.	H.NO 72-A, 3RD FLOOR, HADDU MOHALLA, OPP. SARITA VIHAR INSTITUTIONAL AREA, MADANPUR KHADA, R, NEW DELHI, SOUTH DELHI, दिल्ली	India
S2-562932087	Terrones Companies	1501 BRUMFIELD AVENUE, PRINCETON, IN	US
S2-132845819	Sunshine's Property Solutions Inc.	10505 SUMMERBROOK DRIVE, HOUSTON, TX	US
S2-553685635	THOMAS STARDUST PC	225 LOGAN SAINT, URBANA, OH	US
S2-325254196	EUS Shree	NO.44, 11TH MAIN, BTM 1ST STAGE NEW GURAPPANAPALYA, BANGALORE, Karnataka	India
S2-497478833	Heartland Green Inc	14C SUGAR CREEK DR, AUSTIN, TX	US
S2-834266038	Kolhapur Birds Private Ltd	DOR NO 8 KH 22900 VILLAGE-KARAWAL NAGAR K-NGR, DELHI, Delhi	India
S2-245891108	OX PVT LTD CENTER	GROUND FLOOR, DOOR NO. 73, THAMARAI STRET, IYYAPAN NAGAR, IYER BUNGALOW, MADURAI, MADURAI NORTH, தமிழ்நாடு	India
S2-764984734	TECHNOLOGIES MM (INDIA) PRIVATE LIMITED	A-136, 3RD FLOOR SHANKAR GARDEN NEAR VIKAS NAGAR MOR, VIKAS PURI, WEST D, ELHI, TILAK NAGAR, Delhi	India
S2-881641368	avaneeshbuzz.c0m	1004., BUILDING NO. 4 & 5, WING-I, ATLANTA RESIDENCY, BHIWANDI, Maharashtra	India
S2-524779516	LIFE & BROTHERS LTD	#5 SADHANA BLDG, VASANT HSG COMPLEX, KANDIVALI WEST, Maharashtra	India
S2-790981776	CYBIL'S BRIGHT RESEARCH		US
S2-578207235	Urban Feoesgd Private Limited	506/A , 5TH FLOOR, PLOT NO.1-98/4/1-13, 28&29, IMAGE GARDEN ROAD JAIN SADGURU IMAGE S CAPITAL PARK MADHAPUR VILLAGE SERILINGAMPALLY, SHAIKPET, తెలంగాణ	India
S2-363756741	Interstate  Fund	1033 ROGUE DR, GRANTS PASS, OR	US
S2-140848423	CORNERSTONE HEALTHCARE L.L.C.	MA, #73 SUMMER ST, LEOMINSTER	US
S2-245644266	-- Services Inter of Pilibhit Holdings Services	NO C-38 S/O KALYANRAY, PILIBHIT, Uttar Pradesh	India
S2-691979440	Tirupati Computech Private	#10/160 E, WORKSHOP CORNER, METTUR TOWN, METTUR, Tamil Nadu	India
S2-958870899	Shaffer, Baur and Mesko,	5101 RAINIER AVE, TUMWATER, WA	US
S2-358905435	LLC Valley Trust	508 WOLVERTON DR, AUSTIN, TX	US
S2-961860714	Tyner, Edeline Southwest Associates Uptown	1203 CLIFTON AVENUE, AKRON, OH	US
S2-889256041	Apex Clpital Inc	SPRING HOLLOW DRIVE, MORRISTOWN, TN	US
S2-339819940	H/Z-Tactical	VERNON, 12. SYCAMORE RD, CT	US
S2-515471457	Farris and Wilcox Specialists LLC	1117-D OSAGE AVENUE, FT EPCK, MT	US
S2-869490050	KEENER-AND SANCHEZ  INC	001883 GIFFIN GULCH, CEYENNE, WY	US
S2-458220916	Sudarshan Food (India) Industries Ltd	B-C-354, SECTOR-I AVANTIKA, ROHINI, Delhi	India
S2-440409042	Max (India) Electric-Private Limited	D-957/5 3RD FLOOR NEW FRIENDS COLONY, NEW DELHI, Delhi	India
S2-932707839	Smt Viola Nursing Hoem	01 , OSHO DRIVE GADAIPUR ROAD, NEW DELHI, Delhi	India
S2-61102251	TOMI OLTGAND PRIME FREQUENCY LLC	TOWN OF MERRILL, WI, W5069 Sunset Dr	US
S2-568610658	Gretchen's Advis0rs (Rocky)	1919 LITTLE VALLEY ROAD, PIGEON FORGE, TN	US
S2-415190574	Co Hyd Organic	DOOR NO 7-1-135 EP, P NO 135 PART, TPS KRISHNA NAGAR, PHASE3, HYD, HYDERABAD, తెలంగాణ	India
S2-594905400	Great Comdaihna Group	00161 WATER PLANT RD, BOONEVILLE CTY, AR	US
S2-233707254	Leo &-Sons Private Limited	GALA A-101, BHAVANI CHAMBERS CHS LTD, KEDARMAL ROAD 456, 459, 460, OPP RAJESH PARK, MALAD (E, AST), MUMBAI, महाराष्ट्र	India
S2-933904560	Scorsrai & Co Group	C/O BABU SINGH BAHADUR SI, SHAJAPUR, Madhya Pradesh	India
S2-618903782	Bonner  & Villagomez LLC Center	632  MOSSWOOD LN, FAYETTEVILLE, NC	US
S2-684753037	Mukteshwar  (india) Pvt. Limited	7WS9A, 7TH FL, WEST BLSCK, 372, ACTION AREA-IIF, NORTH 24 PARGANAS, West Bengal	India
S2-70843907	XO Jen LLC	COTTAGE GROVE AVENUE, DOLTON, IL	US
S2-95774315	International Transmissions	H.NO 1 , MUSKAN SOCIETY, PANDAV NAGAR WADALA PATHARDI ROAD, NASHIK, महाराष्ट्र	India
S2-693856685	Western LLC Services	3036  CYRANDALL VALLEY RD, FAIRFAX, VA	US
S2-418565	Quality Innovations Group Partners	#4527 FELICITY LANE, AUSTIN, TX	US
S2-287226009	Trusted Concepts Center	112 APPOMATTOX DR, FLORENCE, KY	US
S2-364151731	Rocky Family-Practice [LLC] | www.rockyfami.com	#86 HANIL DRIVE, TALLASSEE, AL	US
S2-521267452	स्वस्तिक पावर प्राइवेट लिमिटेड	SNO 38/3 CTS 2137 BOPODI KUNAL CRIMSON NR PATIL PA. BOPODI, PUNE, महाराष्ट्र	India
S2-465441310	Classic Sanayi		US
S2-219572257	పర్‌ఫెక్ట్ ప్రొడ్యూసర్ ప్రైవేట్ లిమిటెడ్	1-1-336/100/A/A, HYDERABAD, Andhra Pradesh	India
S2-654427258	FOOT & ANKLE HARBOR SPECIALISTS LP	14127 BANEBERRY CIR, PRINCE WILLIAM COUNTY, VA	US
S2-97845626	Salazar & Donnelly Lab LLC	927 WINDY PASS, BARSTOW, CA	US
S2-35221167	GREAT SYSTEMS PRIVATE	101, GROUND FLOOR, YOJNA BUILDING, PRASHAN NAGAR, GOKHALE ROAD, THANE, Maharashtra	India
S2-998878917	होटल फूड प्राइवेट लिमिटेड	HN 1-3 4, BOMBAY, MUMBAI, Maharashtra	India
S2-891689945	PHX Best Meshflow Partners Inc	8542 ROBINHOOD AVENUE, KANSAS CITY, MO	US
S2-72081308	Exports Pathway  Enterprises-Limited	HN #31 C/O SAMITA MISHRA, KHALARI, PLOT NO - 2384, ANGUL, Odisha	India
S2-281446020	Urgent Care-6rand Centre PLLC	5636 BRIDGETOWN ROAD, CINCINNATI, OH	US
S2-320022558	ZH Ácquisition Inc	30445 1ST PL, FEDERLA WAY, WA	US
S2-381463628	sytrading.com	A-4, SOUTH DELHI, Delhi	India
S2-361173142	Matchless & Brothers Limited Services	#215, SECOND FLOOR, SOMDATT CHAMBER-II, BHIKAJI CAMA PLACE, 9, NEW DELHI, Delhi	India
S2-229208967	ভারত ম্যানেজমেন্ট	230/4, KOLKATA, PARGANAS SOUTH, West Bengal	India
S2-342718417	Orbos Imunrce-LLC	426 COUNSELORS WAY, FT MILL, SC	US
S2-705137231	Maid Auto Body Co	908 REYNOLDS RD, BRYANT, AR	US
S2-343594577	South  Cadioloay, LLC	2688 ROWEHL DRIVE, EAST MEADOW, NY	US
S2-169715643	Preferred Bay Mnohctge Group	CT, MILFORD, 124 CINNAMON ROAD	US
S2-273971803	Pacific Communities	338 AHERN DR, null, EDGEWOOD, MD	US
S2-839881191	CARDIOLOGY RDIFGE SPECIALISTS HOLDINGS	18511-18513 STUDMAN BRANCH AVENUE, CHARLOTTE, NC	US
S2-181265971	Black Agro L.L.P.	42, POST OBFICE ODAI STREET, NEAR ANANDHA MAHAL, Tamil Nadu	India
S2-511997042	Housing  Trust	5495 MAIN STREET, FRIDLEY, MN	US
S2-928954639	FU, ERMRT & PERKINS OAKTREE	1708 MOUNT HOOD ST, THE DALLES, OR	US
S2-340331706	Satara Chít Ltd Pvt	40 BALANOM MAUZUMDAR STREET, KOLKATA, West Bengal	India
S2-697610476	Virutcham Traders Exports Private Limited	DOOR NO 70 SHREE GANESH APT, PLOT 37, SNO 88/4138161, GUJRATH C, PUNE, Maharashtra	India
S2-851499190	Mcarthur Aegon óf Lowell Inc	17342 TAPPER STREET, LOWELL, IN	US
S2-230990415	EMPIRE LLC SERVICES	5409 83TH AVE, UNIVERSITY PLACE, WA	US
S2-158593231	Tc Brothers Prívate Limited	S.F.NO.67/2., 1/246, SIVAN, KOIL STREET, S.R. NULLUR, VRIDDHACHALAM, தமிழ்நாடு	India
S2-480842565	Dr Khatu Programmers Pvt Ltd	NO 58 C/O BRIJ KISHORE PRASAD, S/O GAURISANKAR PD JAISWAL H.NO 56 AT PURANI BAZAR, NEAR HDFC BANK, MAHRAJGUNG, SIWAN, Bihar	India
S2-559865773	RX LTD (INDIA)PRIVATE #62956	C-6 F/F, EAST UTTAM NAGAR, NEW DELHI, Delhi	India
S2-713132173	ब्लू कंसल्टिंग प्राइवेट लिमिटेड	SHAHDARA, DILSHAD GARDEN, Delhi, PLOT 764 C/O MANSOORUL HAQUE 6 C POCKET I, SHAHDARA	India
S2-890196126	Korzetaarc	M.NO 2-893 PARGAON KHANDALA ROAD TAL KHANDALA, KHANDALA, SATARA, महाराष्ट्र	India
S2-879341119	INDIAN  LOGISTICS PVT LTD	NO 4TH FLOOR, VEDWATI APARTMENTS SHIVAJI NAGAR, PNUE, Maharashtra	India
S2-745798818	mobile cardiology clinic	5240-5244 RUDDER ROAD, MOBILE, AL	US
S2-345516947	Prasha Financial Private Limited	NO B3/98 MANN RESIDENCY, STERLING CO. OP. H. SOCIETY LTD., OPP. SARTHI RAW HOUSE, MEMNAGAR, AHMEDAB, AD, AHMEDABAD, Gujarat	India
S2-912888794	Mountain Diamond Block Co	59 YORK HILL COURT, WENTZVILLE, MO	US
S2-848928551	Sunshine's Auto	4111 FREEDOM LN, HOPE ILLS, NC	US
S2-657571777	Caloix Secure Martin-Inc	6215 DEMES DR, WESTERVILLE, PO BOX 4709, OH	US
S2-126100779	Sapphire S. Perkins, M.D., P.C. Corp.	400 UNION LN, ADAMSVILLE, TN	US
S2-77827734	Ne0	140ND AVENUE, ALEXANDER, ND	US
S2-395530013	PEDIATRIC  DENTAL	189 DEER DR, LAVERGNE, TN	US
S2-366148005	Vaayutecha Limited Center	NO #92 C/O BINODBIHARI PATEL AT - UJALPUR, PO/P.S - KINJIRKELA, SUNDARGARH, Orissa	India
S2-655586137	Main Street Book Store Inc	4671 PIERSON DR, COLLEGEDALE, TN	US
S2-996718651	रेड इंजीनियरिंग प्राइवेट लिमिटेड	B-158, OKHLA INDUSTRIAL AREA PHASE-I, GHAZIABAD, Delhi	India
S2-715865463	@evanss	3804 ALTA VISTA DRIVE, BOWIE, MD	US
S2-825048523	MARKUS TEENA K. P.A.	1866 1/2 17 STREET, BROOKLYN CDP, NY	US
S2-25657215	ब्राइट केयर मोटर्स प्राइवेट लिमिटेड	HN 871 1905-A, OBEROI GARDENS, THAKUR VILLAGE NEAR WESTERN EXPRESS HIGHWAY, KANDIVALI(, E), MUMBAI, Maharashtra	India
S2-190216457	Clyon 8eyond	58 WAVERLY PL, ROCHESTER, NY	US
S2-776481228	1166 Lincoln Avenue	1828 DE KOVEN AVE, CITY OF RACINE, WI	US
S2-488785713	MAA  BUSINESS PRIVATE LIMITED	পশ্চিমবঙ্গ, 23A, N.S. ROAD 4TH FLOOR, ROOM NO. 1, KOLKATA	India
S2-89488508	modern industries center	2542 CORNERSTONE LANE, COSTA MESA, CA	US
S2-748911760	CREATIVE FUSION	TERRELL, TX, 6762 SUE ANN LN	US
S2-768854249	अरिहंत फाउंडेशन टेक्नोलॉजीज प्राइवेट लिमिटेड	NO 35/12, PUNE, Maharashtra	India
S2-180941090	Inc Value Áura North	##1238 GRAND STREET, OSHKOSH, WI	US
S2-930076620	न्यू फाउंडेशन इंडस्ट्रीज प्राइवेट लिमिटेड	47, SECOND FLOOR, BLK-Z, LOHA MANDI, NARAINA INDUSTRIAL AREA OPPOSITE VARDHMAN DHARAM, SOUTH-WEST DELHI, SOUTH WEST DELHI, Delhi	India
S2-920385752	Ashutosh & Brothers Limited	#26 , 2ND CTOSS, POORNAPRAJAN LAYOUT, UTTARAHALLI ROAD, BANGALORE SOUTH, Karnataka	India
S2-70583431	XVG Securityservices  Ventures	FLAT NO A106, BABASO PATIL VHEELA PARIJAT HOUSING SOCIETY, ICHALKARANJI, Maharashtra	India
S2-916559351	SUSIE GOLDSTEIN AIMEI L.L.C.	760 New Providence Road, HAZL, KY	US
S2-922627370	ಅರಿಹಂತ್ ಟ್ರೇಡಿಂಗ್	PLOT NO. 9-L, BANGALORE, UK, Karnataka	India
S2-750190280	DODIE TORRES LLC HEALTH UNITED	716 LANKASHIRE ROAD, WINSTON-SALEM, NC	US
S2-76249921	Saunders Continental Intermediate Inc	136 LEWIS LAKE DRIVE, BESSEMER CITY, NC	US
S2-775087584	LLC HERDER ÁDAMAS	7295  SUGARLOAF DR, PMB 1959, NASHVILLECITY, TN	US
S2-461693500	Ak Consultant Private	PLOT G-987 SH.NO-01 SHIVANI HEIGHTS, SN- 54/15/1/2 KONDHAWA BK, BADHE NGR, PUNE, Maharashtra	India
S2-639844702	PORTLAND, OF TOWNSHIP	5805 MILWAUKIE AVE, PORTLAND, OR	US
S2-259391132	Hot Springs Element Ltd	AR, HOT SPRINGS, 129 TROJAN TER	US
S2-524245915	Mr Raj Deals Private (Limited)	#07-901/A/508/1 , SUBHASH NAGAR, HYD, తెలంగాణ	India
S2-76762829	Mcknight Gréen Esports LLC	TN, MEDINA, 79. BOONE ROAD	US
S2-38000118	Education Lfegue	13976 Fox Glove Dr, MOORPARK, CA	US
S2-503565470	Lyndsey F. Austin,	42 LAW ST, ABERDEEN, MD	US
S2-838000402	DEVITA PHARMA-PRIVATE	73, RAMACHANDRA AGRAHARA, NEAR T R MILLS 'CHAMRAJPET, BANGALORE., ಕರ್ನಾಟಕ	India
S2-709918719	ZN Secure Renahssancere, [Co]	IRVING, PO BOX 2032, 2326 MURET STREET, TX	US
S2-520531222	East  Veterinary Clinic Corporation	OH, BRENTFIELD PL, COLUMBUS	US
S2-615622116	little bike shop	612- BRADLEY AVE, STAR CITY, AR	US
S2-304198646	DIUM HARMONY, LTD	285 OKONEK RD, GRAEPVIEW, NULL, WA	US
S2-631485860	ace intelligence technologies inc	ARKANSAS AVE, EARLE, AR	US
S2-180446976	Navi Mumbai Peoples Limited Services	H.NO 473 PLOT -102, FLAT 202 M/S BILANDRAI CHS SECTOR 19, KHARGHAR, NAVI MUMBAI, NAVI MUMBAI, Maharashtra	India
S2-652694012	Orthopedic LLC Associates	TANAGER TERRACE, BEAVERTON, OR	US
S2-797757796	হাই অ্যাগ্রো প্রাইভেট লিমিটেড	805 C/O GOUTAM MONDAL, TALIT, RAIL GATE, STATION PARA, GUSHKARA, BARDHAMAN, West Bengal	India
S2-600073937	Kimberley Mckay Data LP	2816 HOOVR ST, SPRINGFIELD, IL	US
S2-821304551	Keely's Fihreies Inc	NC, ELON, 3303 OSCEOLA ROAD	US
S2-590906559	Inc Myers Oisko	247A CRANES NEST RUN, PALESTINE, WV	US
S2-261845628	AX SECURITIES SECURITIES PRIVATE LIMITED	JERBAI WADIA ROAD, BHOIWADA PAREL, MUMBAI, महाराष्ट्र	India
S2-496363696	WHITMORE HAMILTON	CHISANA STREET, CANNON BEACH, OR	US
S2-621118253	Rhody Lindholm	AL, 697 PEARSON ROAD, CAMP HILL	US
S2-27646287	Standard Nandan Infratech Private Ltd	29, BLOCK-D SHASTRI NAGAR, GHAZIABAD, null, Uttar Pradesh	India
S2-898780961	HEARTLAND LTD NETW0RK	0112 BACKING CIR, MARTINSBURG, WV	US
S2-630452963	Asahi Securities LLP	412 DEVKINANDAN FLAT, 29 ANAND NAGAR SOCIETY, B.P.C ROAD, VADODARA, ગુજરાત	India
S2-386951206	C., Brenna Ramirez, Partners	##65 JOY ST, LEBANON, OR	US
S2-998008649	AOH LLP Health	53, DWARIKA DHAM COLONY, MANGALIA, INDORE, INDORE, Madhya Pradesh	India
S2-289636573	saderfoundation.com	H.NO 422 , BADGO, SADER, Uttar Pradesh	India
S2-935594550	46 Seventh  Place	BRISTOL, VA, 159 WOODLAND CIRCLE	US
S2-366547717	novaysilverbox.com	2612 1/2 UPPER MOUNTAIN ROAD, LEWISTON, NY	US
S2-845088000	RISHABH & CO	M-41  BANJARI A - SECTOR NEAR BANK OF BARODA, KOLAR ROAD, BHOPAL, <NULL>, मध्य प्रदेश	India
S2-658764007	LLC Interstate Tartu	001421 ROOSEVELT STREET, PHOENIX, AZ	US
S2-459338571	QO Surshie LLC	470 DOLLINGER DR, ROMEOVILLE CDP, IL	US
S2-809263359	Lyar L.L.C.	6 PERKINS RD, BARKHAMSTED, CT	US
S2-751169104	Bouck, Purviance-and Purviance-and	1504 GINGERWOOD COURT, FAIRFAX COUNTY, VA	US
S2-841692206	GREAT CRYSTAL LENDING	ROSCOE CITY, ROCKTON RD, IL	US
S2-849830707	Desert Perfect Partners	6526C OAKWOOD DR, FAIRFAX COUNTY, VA	US
S2-341296266	Meads Frontier Lending Corp	107 2550, LEHI, UT	US
S2-651440764	garlandhealthbetter.com	226- WILLOWCREST DR, GARLAND, TX	US
S2-701891242	Tirumalla Nakshatra Private Limited	PLOT 898 FL-NO-A-6, BASANT BUILDING, SPANDAN NAGAR, CIDCO. N-4, AURANGABAD, Maharashtra	India
S2-615835655	WINEBARGER VELOS INC	508 1/2 Wyanoke Ave, BALTIMORE, MD	US
S2-573766291	Holy Methodist Church Partners [Inc]	6345 COYLE AVENEU, CARMICHAEL, CA	US
S2-335456808	scholarshipnetworkvi.com	BEDFORD, 39 DUNSTER RD, MA	US
S2-695772267	India Mara Mart Private	SHOP NO.G-1 , YESHWANT COMPLEX LAKADGANS, NAGPUR, Maharashtra	India
S2-467678357	Ridge Équity Partners LLC	BRENTWOOD STREET, HIGH POINT, NC	US
S2-17826646	Federal Blúe Fisheries Highland	189 BEN BAXTER ROAD, CHERRY VALLEY, NY	US
S2-161225556	Benitez & Vargas Solana	122 AA EIGHTH SAINT, <NULL>, ELMIRA, NY	US
S2-680319009	-- Golden Pub Highland (L.L.C.)	##396 75, CAYUGA, IN	US
S2-817843525	Gulf Center V	61187 CONE FLOWER STREET, BEND, OR	US
S2-879662215	M/s BANGALORE & BROTHER PRIVATE [LIMITED]	NO 00361 , 3RD FLOOR, SRI BHAGAVATHI COMPLEX HMT MAIN ROAD, GOKULA 1ST STAGE, 2ND PHASE, BANGALORE, Karnataka	India
S2-522197637	Fu, Emmert Perkins & (Oaktree)	1708 MOUNT HOOD ST, THE DALLES, OR	US
S2-521152644	HF Tax	404 R POWDER HILL RD, DURHAM, CT	US
S2-352175280	Corp. Safe Wholesale Products	3226 CAMPBELL MARIE DR, CONWAY, AR	US
S2-649938483	Parakeet Systéms LLP	NO 2436. 16B MAIN, DOOPANAHALLI IDIRANAGAR, HAL, 2ND STAGE, BANGALORE, <NULL>, Karnataka	India
S2-293549621	Fresh So1utions Cloud Cloud Inc	324 THIRTEENTH AVE, GREAT FALLS, MT	US
S2-617761847	Wendell & & Stahley Bioscience Inc.	WV, #3994 RUTLEDGE ROAD, CHARLESTON	US
S2-801727450	Miller & Williams Grade	79 VACATION BLVD, FALLSBURG, NY	US
S2-371480479	Group Keystone Technical Systems	PA, 400 MEADOWBROOK DRIVE, ABINGTON TOWNSHIP	US
S2-26253602	Lenz Safeguard	2607 BLUEBEARD TRAIL, SUPPLY, NC	US
S2-945603279	Aditya Textiles	SATADALPALLY, NUTANGRAM, EAST VIDYADHARPUR, JAGATDAL, West Bengal	India
S2-374115907	ALIVE COM	607 C-12 CHIRAG ENCLAVE, NEW DELHI, Delhi	India
S2-631252041	TRU Ámerican End LLC	1116 WIMBERLY ST, ANGLETON, TX	US
S2-570418707	ইউনিক ফুডস প্রাইভেট লিমিটেড	53A, KOLKATA, HOWRAH, West Bengal	India
S2-894369648	DIAZCOMMUNICATIONSCOM	1234 STELWOOD RD, COLUMBUS, OH	US
S2-125835295	Quality  Cascade LLC Center	HIGHWAY 161, SPRINGFIELD CDP, TN	US
S2-770876510	Urology Pinnacle Care Inc	ELM STREET, WICHITA FALLS, TX	US
S2-98786048	सदर्न यूनिक टेक प्रा. लि.	BURHANPUR, EAST NIMAR, 243/2  KHANKA MR-2, Madhya Pradesh, BURHANPUR	India
S2-601013956	Empire Capital Partners (Inc.)	3037 305, CLARKSVILLE, NY	US
S2-735148041	ROOTS SECURITIES  PVT		India
S2-662319306	Suarez and Keith	100 LYMAN RD, FAIRFIELD TWP, OH	US
S2-956300503	Swapna Memorial  Service	A01F4 INDUSTRIAL ESTATE, MARAIMALAI NAGAR KANCHIPURAM DIST, CHENNAI, Tamil Nadu	India
S2-432506550	orthopedicgroup.com	260 EPES ST, BLACKSTONE TOWN, VA	US
S2-311606711	Premier Engineering Public Limited	NO A- 1-320/5, 7TH MAIN, II STAGE, PEENYA INDUSTRIAL AREA, BANGALORE NORTH, Karnataka	India
S2-463135355	... #primeequity	CARMEN ST, HOUSTON, TX	US
S2-456230968	YOUTH LEANLGUE GROUP	ARLINGTON, 6621 OLIVEWOOD DR, TX	US
S2-306492852	Imperial Smith of Cralvlis	4315. ARROWOOD CIRCLE, CORAVLLIS, OR	US
S2-725373367	Certified Care Pet Center	192. SHAGBARK LN, NEWARK, IL	US
S2-97192726	Complete Atlantic Pcflc Group Inc	18282 ROLLING MEADOW WAY, OLNEY, MD	US
S2-512680362	ਸਟਾਰ ਇਨਫ੍ਰਾਸਟ੍ਰਕਚਰ ਪ੍ਰਾਈਵੇਟ ਲਿਮਟਿਡ	DOOR NO #24 DALBIR SINGH, JALANDHAR -II, JALANDHAR, Punjab	India
S2-527366854	Sri AVADH RESORTS INFRATECH PRIVATE LIMITED	DOOR NO 81 , 1ST MAIN, 2ND CROSS, NANDISHWARA LAYOUT MADAVARA, NELAMANGALA TOWN, TUMKUR RAD, BENGALURU, Karnataka	India
S2-784821381	Ut0pia Recruitment Exports Private Limited	D/818 SITE NO. 19-26, RAJALAKSHMI NAGAR, PERUR CHETTIPALAYAM, COIMBATORE, Tamil Nadu	India
S2-535939399	Smart Management Poivte  Limited	8/9 ANKUR APARTMENTNR.MTOR HOUE, PARK COLONY JAMNAGAR 361 008, ગુજરાત	India
S2-444058342	Mr Massif  Corporation Center	DOOR NO 78 WARD NO.8, H. NO.1585/5, SANGALI ROAD ICHALKARANJI, HATKANANGLE, Maharashtra	India
S2-529234828	Fresh Complete Housing Partners	820 ENGLEWOOD DR, CHESAPEAKE, VA	US
S2-487270276	Premier Trading Private Limited	#14/2006, CHITHRAVTHI DOWN, PUTTAPARTHI, Andhra Pradesh	India
S2-476746034	... A Better Fisheries North L.L.C.	8371 BARD RGNCH CT, PRESCOTT, AZ	US
S2-12281692	Zion Ínc	NULL, UPPER 55TH STREET, MN, OAKDALE	US
S2-690597404	GLYPHEX LLC SERVlCE	3025 THOROUGHFARE ROAD, NC, GOLDSBORO	US
S2-315396175	ఇండో కన్‌స్ట్రక్షన్ ప్రైవేట్ లిమిటెడ్	BLOCK E-589 PT NO 207, 2-22-310/17B, ADDAGUTTA, BHAGYANAGAR, HYDERABAD, RANGAREDDY, Andhra Pradesh	India
S2-869855463	Nageshwar Pvt Ltd Services	ಕರ್ನಾಟಕ, H.NO D/838 , 7TH MAIN, 2ND CROSS, INDIRANAGAR, BANGALORE NORTH	India
S2-41694341	(Services) Womens Coastal Clinic Corp	4807 LONG LEAF AVE, BATON ROUE, LA	US
S2-30691807	Continental Printing Studios Co	#7263 HIGHWAY 144, PHILPOT, KY	US
S2-414776774	గెలాక్సీ ఇంజనీరింగ్ ప్రైవేట్ లిమిటెడ్	HN 481 F NO. 412, D. NO.49-12-4, PRUDHIVI ENCLAVE, IR ROAD, VIJAYAWADA (URBAN), KRISHNA, Andhra Pradesh	India
S2-698693361	SHIKHAR-CLINIC LTD	1001, FLOOR-10, PLOT-453, LODHA SUPREMUS, SENAPATI BAPAT MARG, DELISLE ROAD, LOWER, PAREL, MUMBAI, Maharashtra	India
S2-293622478	MYERS, MILLER & ROBINSON	1882  ST HELENA ROAD, BEDFORD COUNTY, VA	US
S2-815974424	Llc SB Highland Mines,	25990 CEDAR VALLEY RD, NATRONA, WY	US
S2-886794092	SUPERIOR CERTIFIED COPLEY INCORPORATED - 5343349774	7518 CELESTA LN, WA, OLYMPIA	US
S2-57410843	जय सॉफ्टवेयर प्राइवेट लिमिटेड	A 84/ NEHRU GALI, MANDAWALI, DELHI	India
S2-596579462	Human Rihsts Council LLC	WV, MINERAL WELL CITY, #1176 SOCIETY HILL RD	US
S2-52567011	Philis Kerns Calisa Ltd	9765 302ND LANE, BORING, OR	US
S2-525997652	Rampur Machinery-Limited	Uttar Pradesh, NO 25 TEHSIL SWAR, MOHALLA KASHIPUR SUAR, RAMPUR	India
S2-325003243	Goldia Klein Vanguard Information Corporation	229 LONGHILL RD, BEDFORD COUNTY, VA	US
S2-371589102	Oncology-Partner Corp	413 GREEN POND ROAD, CLOVER, SC	US
S2-152279404	R +-P Banc	584. CEDAR DRIVE, GAREN CITY, UT	US
S2-642544829	Superior Secure Futurewave, (Group)	1516 SAHARA DRIVE, <NULL>, CROSBY, TX	US
S2-311330725	Gulf Mitsubishi Llc	OR, 0070544 JACOBS LADDER, BLACK BUTTE RANCH	US
S2-172932543	Mr klenergy.com	PLOT C-992 910-911, NEW DELHI, WEST DELHI, Delhi	India
S2-776472199	Vega Highland  Manulife Inc	1015 OMNI DRIVE, SALT LAKE CITY, UT	US
S2-29702641	Perfect Consulting Limited Private	A/7, TRADE WORLD, KAMALA CITY, SENAPATI BAPAT MARG LOWER PAREL (W), MUMBAI, Maharashtra	India
S2-539797174	Wang, Marceau and West Co	4 WODDUCK POINT, REHOBOTH BEACH, DE	US
S2-168667190	STRATEGIC CLOUD LLC  SERVICE	4233 FARLOW DR, GREENSBORO, NC	US
S2-422096333	AMTEKTRAVEL.COM	C/O JITENDRA SONI, PADUMAL SQUARE, RAJURA ROAD, BURHANPUR, BURHANPUR, Madhya Pradesh	India
S2-119026239	श्याम टेक्नोलॉजी लिमिटेड	G-130-A GOLANJI HILL ROADSEWREE, MUMBAI, Maharashtra	India
S2-783020394	ईस्ट प्रॉपर्टीज प्राइवेट लिमिटेड	428, MASTERMIND1, I.T PARK, ROYAL PALMS, AAREY COLONY, GOREGAON EAST, MUMBAI, MUMBAI CITY, Maharashtra	India
S2-667342302	Dalenna's Properties Allied	8  CORTLAND PLACE, ALBANY, NY	US
S2-79285582	DORENA'S APPAREL,  LLC	6563 COZART AVE, PEMBROKE, IL	US
S2-979280746	Measao Regional Ses	1722 SALEM AVE, SPRINGFIELD, OH	US
S2-776849644	Jalandhar Expermhts Pvt Ltd	INDUSTRIAL PLOT NO. 28, KAPURTHALA ROAD, WARIANA INDUSTRIAL COMPLEX, JALANDHAR, Punjab	India
S2-693116999	Haloxylo	255D CRESTWOOD LANE, BLOOMINGDALE, IL	US
S2-9098321	SULLIVAN REGIONAL PEGASUS	673 SANTA FE TRL, CORNVILLE, AZ	US
S2-819543401	The Stony Point Audio Insta1lation Co	NY, 10 Florus Crom Ct, STONY POINT	US
S2-707442966	Onyxonyx Value Ministries Inc.	14585 170TH STREET, MONTICELL OCDP, IA	US
S2-884427706	గ్లోబల్ జైన్ ఎక్స్‌పోర్ట్స్ ప్రైవేట్ లిమిటెడ్	C-17., ORGANO NAANDI, 148 &, 149, AZIZ NAGAR PANCHAYAT, SHANKARPALLY, K.V.RANGAREDDY, Andhra Pradesh	India
S2-162809911	Diamond Institute Company	H. NO. 632/16, NEW COLONY, GEETA BHAWAN ROAD NEAR PUNJAB & SIND BANK, SONEPAT, Haryana	India
S2-249905262	Falkner & Keirh L.L.C.		US
S2-243682246	बेस्ट मैनेजमेंट प्राइवेट लिमिटेड	#G-12 PRATAP NAGAR, PARBHANI, KHULDABAD, Maharashtra, AURANGABAD	India
S2-398274104	MCCOY, MCKELVY & PEREZ CARE	2617 EDWARDS STREET, GRANITE CITY, IL	US
S2-911994188	Smt >> Green Infra Private	HN 534 BHAIYASAHEB AMBEDKAR NAGA, THANE, KALYAN, Maharashtra	India
S2-518649070	South Delhi India L.L.P.	580, SECTOR A, POCKET C, VASANT KUNJ, SOUTH DELHI, Delhi	India
S2-255148519	Benitez & Vargas Solana  Inc	122 AA 8TH STREET, <NULL>, ELMIRA, NY	US
S2-811418866	Prirmate Veda & Sons Limited	75473, DAHIYAWAN TOLA NEAR RAJENDRA SAROVAR, CHAPRA, SARAN, Bihar	India
S2-493381434	Marquina Complete  Apple	11569 FOOD LANE, KANSAS CITY, MO	US
S2-554485628	billups iron	1708 Red Clover Street, HOLMEN, WI	US
S2-294718909	ಭಾರತ್ ಬಿಲ್ಡರ್ಸ್ ಪ್ರೈವೇಟ್ ಲಿಮಿಟೆಡ್	BANGALORE, Karnataka, DOOR NO 134	India
S2-599421043	Kuhn Gálaxy Co	BELLEVILLE, IL, DOVERSHIRE DRIVE	US
S2-253505	Horizon Healthctare-Inc		US
S2-971786365	dellysdata.com	316 BLACKBURN BAY DR, CITY OF VERONA, WI	US
S2-864981791	Imprint &  Co Ventures	22, GROUND FLOOR, SAWAN PARK EXTN., ASHOK VIHAR PHASE III, Delhi	India
S2-820533663	Services Candor Park	502, 5TH FLOOR, PADMAJA RAJA ENCLAVE, BHAVYANAGAR COLONY, KPHB, HYDERABAD, Andhra Pradesh	India
S2-603306267	Sri >> Belgave Traders Private Limited	123-C, CAUVERY AVENUE, MEYYANUR POST MEYYANUR, SALEM, Tamil Nadu	India
S2-977224462	JR PEARL  INCORPORATED	11011 92TH STREET, SCOTTSDALE, AZ	US
S2-858458429	Sterling Shreya Partners	10036  HILLRIDGE RD, TX, LA PORTE	US
S2-592370025	Inc Bureau of Sanitation	7510 PARKSEDGE COURT, REYNOLDSBURG, OH	US
S2-457914574	Devtech Pictures Pvt Limited	H NO. N-84, S/F, B/S ABUL, FAZAL ENCLAVE-1 OKHLA, NEW DELHI, Delhi	India
S2-748209699	@developerfinserve	NO. 014/6 , THAMARAI KANNAN ROAD, HALASURU, MURPHY TOWN, BANGALORE NORTH, Karnataka	India
S2-856987850	Mr Al  Solutions Private Limited	A-10-2-238/1, WEST MARREDPAL, 1ST, SREE RAMA BHAWNAMAU, SECUNDERABAD, Andhra Pradesh	India
S2-358543317	154 park court holdings highland	27 SECOND SAINT, HALLOWELL, ME	US
S2-174949950	Internal Medicine Diamond Care Greater	36- LAKEVIEW TER, HADLEY, NY	US
S2-148118723	Om Shakti Investment Pvt	E-20, 5TH FLOOR, ROYAL ARCADE, OPP. DECCAN HONDA SHOWROOM, PUNE-SATARA, ROAD, PUNE, Maharashtra	India
S2-539376814	କ୍ଲାସିକ୍ ଇନଫ୍ରା	AT- BARAKOTI, JAJAPUR, JAJPUR, Odisha	India
S2-302668758	ಜೈನ್ ಸಿಸ್ಟಮ್ಸ್ ಪ್ರೈವೇಟ್ ಲಿಮಿಟೆಡ್	492, BANGALORE, Karnataka	India
S2-321543680	Inter India	B 10, 10 3 1, C B D, SECTOR NO 4, CBD BELAPUR WASHI, THANE, Maharashtra	India
S2-711036249	PANCHSHEELEXIMNEW.COM	KH. NO. 573, VPO RAJOKARI, NEW DERHI, Delhi	India
S2-738771320	[[[Limited]]] Neo Brothers	C-8/52, YAMUNA VIHAR, DELHI, EAST DELHI, Delhi	India
S2-705786532	शक्ति फाउंडेशन प्रा. लि.	15/16, VIKHROLI (W), MUMBAI (SUBURBAN), Maharashtra	India
S2-153630171	Vasoft Co	1423 MAGNOLIA AVENUE, KNOXVILLE, TN	US
S2-564075525	... Rozella Mcmillan LLC [Partners]	29133 HANSCOM LAKE TRAILWAY, TOWN OF SCOTT, WI	US
S2-330903422	Zia Certified Spartacus Co	11607 CO RD 6, <NULL>, DELTA, OH	US
S2-330469246	Bright কেয়ার প্রাইভেট লিমিটেড	H.NO 56 MOTILAL NEHRU ROAD, KOLKATA, KOLKATA, West Bengal	India
S2-115376155	TECHNOLOGY RED TECHNOLO6Y PRIVATE-LIMITED	B/2/268, AHMEDABAD, Gujarat	India
S2-788805353	Wise, Olivette R., D.D.S., Inc	4918- TEN CENT RD, HANOVER, IN	US
S2-59400912	Sikar (india) LLP	NO 76 BRHAM DUTT RAM LILA MAIDAN NEEM KA THANA, SIKAR, राजस्थान	India
S2-207870499	Preferred Atlantic-Minerals, L.L.C.	102 PEACE ST, RALEIGH, NC	US
S2-926874499	Sudershan & Brothers Limited	Telangana, AASHREYA 7-1-34 F N AMEERPET, HYDERABAD	India
S2-693525135	3659 LINCOLN DRIVE	2420 HIDDEN LAKE ROAD, IN, WARSAW	US
S2-816719529	டிரீம் புராஜெக்ட்ஸ் லிமிடெட்	MYLAPORE, CHENNAI HENNAI, Tamil Nadu, CHENNAI, HENNAI, NO#51 R.K.MUTT ROAD	India
S2-375445811	ಇಂಟರ್‌ನ್ಯಾಷನಲ್ ಪ್ರಾಜೆಕ್ಟ್ಸ್ ಪ್ರೈವೇಟ್ ಲಿಮಿಟೆಡ್	NO. 508, BANGALORE, ಕರ್ನಾಟಕ	India
S2-574422320	Amrutha Food Public (Ltd)	2-1-76/F, GURU KRUPA, RAGHAVENDRA NAGAR, UPPAL, AMBERPET, Telangana	India
S2-54151755	HITECH BUSINESS FOODS PRIVATE LIMITED	BLDG NO.1/B/224, DHEERAJ, D-REAM, APL MTLL COMP, LB, MUMBAI, महाराष्ट्र	India
S2-805239066	আনন্দ ফুড প্রাইভেট লিমিটেড	E C 5 SAT LAKE CITYSECTOR 1, KOLKATA, West Bengal	India
S2-752738708	>> Shree Cómmercial Private Ltd	#61 OLD NO 24, CHENNAI, T NAGAR, Tamil Nadu	India
S2-940657984	Turner & Richards, Inc		US
S2-468706294	Verreant Galaxy Llc	860 Adams Avenue, NEWARK, OH	US
S2-321553383	Hannon Energy LLC	2908 SAINT CHARLES DRIVE, MANSFIELD, TX	US
S2-237773988	जैन हॉस्पिटैलिटी प्राइवेट लिमिटेड	148-A, WORLI, MUMBAI, Maharashtra	India
S2-666360145	NASHVILLEFAMILYCENTER.COM	Pine Street, NASHVILLE, TN	US
S2-582261003	OIS LTD CENTER	NO.8, 1ST FLOOR 5TH MAIN, KULLAPPA CIRCLE, KAMMAN HALLI, Karnataka	India
S2-353285088	Atlantic Áll Maywood L.L.C.	5722 Horton, HOUSTON, TX	US
S2-545662886	Nagindas Road  Master Services Private Limited	HN 786. 301, GUNDECHA CHAMBERS, NAGINDAS MASTER ROAD, Maharashtra	India
S2-809739305	हाई सनराइज पावर प्राइवेट लिमिटेड	19/1 CHANDER NAGAR ALAMBAGH, LUCKNOW, उत्तर प्रदेश	India
S2-181184985	Smt Helot Medical Centre Pvt Ltd	H.NO 2729 , 16TH CROSS, 27TH MAIN, SECTOR-1, BANGALORE SOUTH, ಕರ್ನಾಟಕ	India
S2-195731736	PVT MNR VALVES LTD	UNIT NO. 3, GURUGRAM, GURGAON, Haryana	India
S2-503783609	Aditya Vyapaar Group Private Limited Services	தமிழ்நாடு, 4/17, FIRST CROSS STREET, 9TH MAIN ROAD SWAMINATHAN NAGAR, KOTTIVAKKAM, CHENNAI	India
S2-983594036	Ltd Keya Pvt Services	NO 470 MARVEL CASCADA, PUNE, Maharashtra	India
S2-904412198	PLLC Pediatric Medirine	4850-C 20, OTISCO, NY	US
S2-116395154	Board of Buildings Co.	64 CHANDLER DRIVE, MARSHFIELD, MA	US
S2-469530968	HELIOS CLINIC	18495 Chemeketa Lane, PORTLAND, OR	US
S2-412206904	Lonet Enterprises		US
S2-705522581	NCG Auto Private	11, VIGYAN VIHAR, DELHI, दिल्ली	India
S2-186650811	Swastik Miangmeent	DOOR NO 1006 , 10TH FLOOR BLOCK C, HIG FLATS, SEC 29, ROHINI, DELHI, Delhi	India
S2-64393316	Landry's Vanguard Care Partners	7097 470, CAMDEN CCITY, IN	US
S2-390800881	कृष्णा फाइनेंस	BLD.B FLAT-403, PUNE, महाराष्ट्र	India
S2-829673170	Sterk (Optimal)	##99 WASHINGTON AVE, ALBANY, NY	US
S2-776791013	ST. CHURCH INC	6818 PARK PLACE DRIVE, CHARLOTTE, NC	US
S2-647351556	L+  TRUST		US
S2-10317867	Central Hospitality International Inc	1463  VFW PARKWAY, WEST ROXBURY, MA	US
S2-271908520	Smt South Infrastructure Pvt-Ltd - 2595905739	C/O SUGAM SHARMA, HUCHAI MALLICK JOTE, P O HATIGHISA DARJEELING, KHARIBARI, DARJILING, পশ্চিমবঙ্গ	India
S2-120345990	FAMILYASSOCIATION.COM	385 MAIN SAINT, BUFFALO, NY	US
S2-694250229	ক্লাসিক ইন্টারন্যাশনাল প্রাইভেট লিমিটেড	C/O RAJU BISWAS, NORTH 24 PARGANAS, BEARA, West Bengal	India
S2-436763530	Inc Motley, Romo & Cdlss Lion	55 LA GRANJA ROAD, SAN BENITO, TX	US
S2-463195767	கோல்டு ஃபவுண்டேஷன் பிரைவேட் லிமிடெட்	OLD NO. #56 NEW NO. 27, NAMMIAH MAISTRY STREET TONDIARPET, CHENNAI, Tamil Nadu	India
S2-603199832	Heritage Society Partners Corporation	#1389 LEIGH CT, WEST LINN, OR	US
S2-235979321	Iha Quick Public Limited	99, ANAND VIHAR-D, GAYATRI SCHOOL, RD NO. 14, AMBER, Rajasthan	India
S2-517231159	MEERUT INVESTMENTS	HOUSE NO. 1428, AASHARAM PURI, SAIFPUR FIROZPUR (RAMARAJ), POST OFFICE BAHASUMA, TEHASIL, MAWANA, MEERUT, Uttar Pradesh	India
S2-90279161	Spain Peak Tavia,	313 DELBY STREET, HUTTO, TX	US
S2-765988822	SA Enbridge	CARRIAGE DALE CT, SPRING TOWNSHIIP, TX	US
S2-941774179	Smart Management	FLATNO.201, D.NO.562/2-12, H I G HOUSE, BANGALORE NORTH, Karnataka	India
S2-222085863	Temple  Community	5920 BURSEY DR, FORT WORTH, TX	US
S2-416266384	India Newleaf Energie Private Limited	NO. ##76 OFFICE GALA NO.1, GROUND FLOOR, SHUBHAM INDUSTRIAL BUILDING NO.2 DHUMAL NAGAR VASAI EAST, VASAI, Maharashtra	India
S2-58627944	Historical Inc Trust	9817 1/2 WINTERWOOD WAY, SACRAMENTO, CA	US
S2-463894094	Great Preparatory Academy East	336 JEFFERSON STRET, NEW MADISON, OH	US
S2-838952954	फर्स्ट कंसल्टेंसी प्राइवेट लिमिटेड	OFFICE NO.4., OM PLAZA COMMERCIAL COMPLEX, NEAR S T DEPOT, NALLA SOPARA WEST, NALLA SOPARA, THANE, Maharashtra	India
S2-965354528	8 AND H  VOYA LLC	313-317 ALEO FOURTH AVE, ROCKINGHAM, NC	US
S2-955335393	सुपर इन्वेस्टमेंट सॉल्यूशंस लिमिटेड	DOOR NO 977 U-58 IIND FLOOR STREET NO-25UPADHYAY BLOCK SHAKARPUR, DELHI, EAST DELHI, Delhi	India
S2-548097937	યુનાઇટેડ મેનેજમેન્ટ પ્રાઇવેટ લિમિટેડ	AHMEDABAD, 611, Gujarat	India
S2-765499214	TARANGOSERVICES.COM	12241-C KIRA CHRISTEL LANE, EL PASO, TX	US
S2-836441382	Cameron  Fhioilioy	1340 CO RD 8, DILLONVALE, OH	US
S2-961401085	Sarasendra Solution Private-Ltd	PLOT 126 H.NO-72/88 WHITE HOUSE, NEAR MASJID ROAD NO 1, GAYA, Bihar	India
S2-45513845	गुड इंडस्ट्रीज	MUMBAI, DOOR NO 130 VRINDAVAN MUKAND STAFF, MUMBAI, महाराष्ट्र, COL L B SHASTRI MARG GHATKOPA NEAR PIPE LINE	India
S2-453724884	(Limited) Kei Trading	##36 M. D. ROAD AKASH GANGA BUILDING, <NULL>, KOLKATA, HOWRAH, West Bengal	India
S2-405435509	Urgent Care Express [Specialists]	6672 WOLCOTTSVILLE RD, AKRON, NY	US
S2-195821566	Nad Private (India) Enterprises Limited	Karnataka, 1004, 4TH BLOCK, DR.RAJKUMAR ROAD, RAJAJINAGAR	India
S2-983924747	Mr Valour Advisors Corporation	DOOR NO 885 689, SH NO G-6 A K COMPLEX 2ND LANE, SHAHUPURI, KOLHAPUR, Maharashtra	India
S2-900572750	Chino (Service)	CA, 12180 RAMONA AVENUE, CHINO TWNSHIP	US
S2-529439701	DEPARTMENT OF ENVIRONMENTAL PROTECTION	500 BELMONT DRIVE, FRIENDSWOOD, TX	US
S2-368200828	Virgina Klann Cleaning	92 DYKE ROAD, BANGOR, NY	US
S2-460449579	Housing Féderation, Inc	11267 Shaugnessy Rd, N/A, BLACK FOREST, CO	US
S2-132861537	Pipefitters Pipefitters Union Local No 609 (Inc)	237 SOUTH ST, GREENFIELD, IN	US
S2-36629105	ninadyne ellington llc	6080 MARSHALL CREEK RD, EVERTON, AR	US
S2-482634775	KORDELTA GRID-INC	59 VESTA 7 ROAD, CENTERVILLE BOROUGH, PA	US
S2-723735383	FYLFOT TRADERS (LLP)	H.NO 4 NO FAIRLIE PLACE MEZZANINE FLOOR, KOLKATA, West Bengal	India
S2-419574880	Gagan Realcon (India) Private	MOCHI MOHALLA, AMAR MARKET, HANSI, हरियाणा	India
S2-961999265	Rakel Dorsey Enhanced Corp	124 WOODEN CARRIAGE DRIVE, DE, HOCKESSIN	US
S2-201643947	TINMURTITRADING.COM	Tamil Nadu, 16&17, VENKATESHWARAFLATS, MUTHURAMALINGAM ST., CHENNAI CITY CORPORATION	India
S2-527878522	SSB INFRA LLP	ML-25, SECTOR-L, ALIGANJ, LUCKNOW, Uttar Pradesh	India
S2-558271124	ltd vrinda technology	INDORE, 20, मध्य प्रदेश, REVENUE NAGAR, ANNAPURNA ROAD NEAR SUKHMANI HERO SHOWROOM	India
S2-997933057	Mirahalo	602 NINTH AVE, ONLASKA, WI	US
S2-137673668	Plato Brothers Group Pvt	H. NO. - B-2-6, MANSAROVER COLONY, DEHI ROAD, MORADABAD, Uttar Pradesh	India
S2-851548432	REUS IDAHO CÓMPANY	31 GUILLEMETTE STREET, ME, SANFORD	US
S2-92466085	Ortiz Group	4956-4960 MALLARD VIEW DR, INDIANAPOLIS, IN	US
S2-600756343	Smt Deendayal Entrepreneur (India) Private Limited	DOOR NO 5ND FLOOR, MODULE 6, NORTH BLOCK, PHASE II, IG-3 INFRA LTD IT SEZ, PALLAVARAM, THORA, IPAKKAM, CHENNAI, Tamil Nadu	India
S2-852907233	Amika  Infotech Private Limited	NO. 983 B-1/A24 MOHAN CO-OPERATIVEINDUSTRIAL ESTATE MATHURA ROD, NEW DELHI, Delhi	India
S2-750084596	CLASSIC SYSTEMS  PRIVATE	Haryana, NO 959 94/16, NEW BASTI, SADAR BAZAR	India
S2-16863406	Maid Yoga LLC	3811 109ND AVENUE E, TULSA, OK	US
S2-178882925	KOUNTZE HWOAK GROUP	09559 PERSIMMON PL, KOUNTZE, TX	US
S2-315771917	CTLOD CORPORATION	FORT WORTH, TX, VALLEY CREEK DR	US
S2-263142212	Baker Industries LP	918 HAMPSHIRE RD, PO BOX 7822, DAYTON, OH	US
S2-879648032	Straight Edge Coffee LP	WAKE FOREST, NC, Matherly Dr	US
S2-300159861	MENTOR LIFESCIENCES PIFVTLAE  LIMITED	NO 804/9 , B-WING, BLDG NO 8 SWAYAM BLDG, POONAM GARDEN, MIRA ROAD (E), महाराष्ट्र	India
S2-230706523	Hitt, 5hirleen, Ph.D., PC	163 GILBERT AVE, SPRINGFIELD, MA	US
S2-92946079	Shelton Déntal Associates LLC	1501  NORTH AVENUE, MELROSE PARK, IL	US
S2-334870285	XYLOQUO	SNO-256/1/1, MIRAJ, SANGLI, Maharashtra	India
S2-32185327	Morales Christian and L.L.C.	2300 TRUMBLE CREEK ROAD, KALISPELL, MT	US
S2-984900794	3496  Washington Avenue Associates LLC	416 ELMHURST RD, CHARLOTTE, NC	US
S2-585292686	SHIVA ACE CONSULTANTS PROVISION PRIVATE LTD	GK 2 20, INDIRAPURAM, GHAZIABAD, Uttar Pradesh	India
S2-96559834	Vanguard Co	588 ARDEN PL, AKRON, OH	US
S2-733231575	Dotty Sesmr Architecture Corp	218  GROVER C WASHINGTON AVE, TX, DALLAS	US
S2-899280797	Mccune Limited	3200 Block State Rd 121, RICHMOND, IN	US
S2-636485737	Indus Charitable Trust	A-304 DHARAM PALACE N S PATKARMARG, MUMBAI, Maharashtra	India
S2-582859048	Lower Better Paper Co	5108 HUTT ST, RALEIGH, NC	US
S2-899968814	Satyanarayan Management	E-144, 3RD FLOOR, GREATER KAILASH -I, DELHI, NEW DELHI, दिल्ली	India
S2-503381842	Peacock Trust	2-10-309/2/6 PRASANHTINAG, HANAMKONDA, Andhra Pradesh	India
S2-983065198	Shaine Dudley	6379 PASLO MONTRA RD, SIDNEY, OH	US
S2-880548117	Envaon Sui	83482 STATE HIGHWAY 11, WAKITA, OK	US
S2-238722533	gourmet iron private limited	C/O SMT SUSHAMA J PATWARDHAN RANDASPETH, NAGPUR, Maharashtra	India
S2-480432590	Desert Fellowship Corporation		US
S2-33125209	The Western Beacon Defense LLC	1519 32ND STREET, FARGO, ND	US
S2-670999265	BEST  CARE PRIVATE LIMITED	235 , 254, AT CHUNDAWARA, TAL-BICHHIWARA, DISTRICT-DUNGARPUR, DUNGARPUR, राजस्थान	India
S2-298658178	Golden Cleaning Service Co	901 HAYES ST, EUGENE, OR	US
S2-103368929	Btn Network Private	B-68/8, FIRST FOOR, NEW DELHI, Delhi	India
S2-267476618	All Logistics [Inc]	17403 1/2 VILLAGE BREEZE DRIVE, TX, TOMBALL	US
S2-49750124	Shaw Complete Argentina	10439. FORT CIBOLO TRL, CROWLEY, TX	US
S2-803744882	प्रीमियर फूड प्राइवेट लिमिटेड	DOOR NO G-183 H N-253 GALI NO17SAVTANTAR NAGAR NARELA, DELHI, NORTH WEST, Delhi	India
S2-792669826	#Lireis Aerospace	5932 HI LINE ROAD, AUSTIN, TX	US
S2-692470508	Rivera Select	EIGHTH, MICHIGAN CITY, IN	US
S2-306514155	FP Currencyshares	8585 Le Chateau Dr, CITY OF BROOKFIELD, WI	US
S2-390131914	Atlantic Amc Inc.	520 FRANKLIN STREET, BATAVIA, IL	US
S2-74145518	सदर्न इम्पेक्स फर्नीचर लिमिटेड	NO 6C DDA FLATS, RAJOURI GARDEN, NEW DELHI, Delhi	India
S2-76383793	Sherman Altenergy Greater Inc	1505 Fyler Rd, SULLIVAN, NY	US
S2-638101317	Tr Investments Public Limited	#35, RAM KAMAL SEN LANE, KOLKATA, KOLKATA, West Bengal	India
S2-763397362	SEQUE MODERN  TACTICA1 VALLEY LLC	KY, LOUISVILLE, 6602 OUTER LOOP, N/A	US
S2-805213029	Chiropractic Strategic Medicine	211 JOLINDA RODA, VASS, NC	US
S2-992358858	Mr Happy India (Private)	546 NEAR TOLL PLAZA, AIHAR DALMAU, LALGANJ, Uttar Pradesh	India
S2-110961797	Universal Consultants Pvcate Limited	B.NO: 9/1180/6 - 9/1187, NEW FATAH MASJID BY PASS ROAD, KONDOTTY, MALAPPURAM, Kerala	India
S2-159384261	Banga1ore Exim LLP	FLAT NO:- 208, C-BLOCK BHAVYA PRISTINE APARTMENT, BHOGANAHALLI, VILLAGE, BANGALORE, ಕರ್ನಾಟಕ	India
S2-999060153	Tamarah Parker United	00103 BRENTWOOD DR, EAST PEORIA, IL	US
S2-72175117	Kera Infotech Pvt. Ltd.	NO 4-6-64 TO 68, 3RD FLOOR, NAGAR KHANA BEGUM BAZAR, HYDERABAD, తెలంగాణ	India
S2-640883675	exports saru services limited	C/O OMBEER SINGH, SUTHYANA, GREATER NOIDA, GAUTAM BUDH NAGAR, NOIDA, Uttar Pradesh	India
S2-897130762	JULIANN ROCKWELL	1205 SPAULDING AVE, CHICAGO, IL	US
S2-469582654	Prime (India) Ventures Private Limited Partners	T.C NO #41/31/2, SLRA 13, SWAGATH LANE ELIPPODU, VATTIYOORKAVU PO, THIRUVANANTHAPURAM, THIRUVANANTHAPURAM, കേരളം	India
S2-123730349	Children's League	400 1/2 MYSTIC AVE, SOMERVILLE, MA	US
S2-65732997	Mackey and Stacy Skin Care	8033-8035 WHITLOCK AVE, PO BOX 8735, SAN BERNARDINO, CA	US
S2-187382765	Shri Sk  Care (India) Pvt.		India
S2-591929534	Sader Foundation Private Límited	H. NO. 422, BADGO, SADER, Uttar Pradesh	India
S2-576245318	DILEVA WORLDWIDE LLC	269 SALMON RIVER ROAD, SCHUYLER FALLS, NY	US
S2-829489406	Private Trading North Allied Limited	Andhra Pradesh, 357 D.NO: 70-3-10B, SRIKAKULAM, VIJAYAWADA	India
S2-50063452	Patriot Fellowship West Co	14136 SASSAFRAS COVE ROAD, KENT COUNTY, MD	US
S2-42264647	Sri NANO  REALTY PIVATE LIMITED	RATH LANE CHALISGAON, JALGAON, Maharashtra	India
S2-61374857	Eskridge Coca North,  LLC	5139. RENMILL DR, HILLIARD, OH	US
S2-651908451	2uave.com	01 PAULARINO AVE, COSTA MESA, CA	US
S2-173245795	footanklepartners.com	620. BRIDGE ST, PA, COLLEGEVILLE	US
S2-822626363	M/s Rugved-Signature Private Limited Service	C/O BAGATARAM, VINAYAKPURA, BAORI, BHOPALGARH, LAVERA BAORI, राजस्थान	India
S2-781294568	सन एक्सपोर्ट्स प्रा. लि.	Maharashtra, R NO 7, MUMBAI CITY, RAMSUKH SINGH, RAMBODH CHAWL, ADARSH LANE JAWAHAR NAGAR, CHAWL NO. 3 KHAR (EAST)	India
S2-169503815	LLC SECURE USA	04163 GREEN TRAIL, TOWN OF JACKSON, WI	US
S2-870235965	QUOUMBRA	122 MANOR DRIVE, N/A, RANGELEY TOWNSHIP, ME	US
S2-57085394	સ્કાય માર્કેટિંગ	206, PRAGATI COMPLEX, OFF: AMIN MARG 150 FEET RING ROAD, RAJKOT, Gujarat	India
S2-435407708	Mecklenburg, Dowdell and Wóod Allegro Coastal	SOLDOTNA, 35147 WATER FRONT WAY, AK	US
S2-909653095	Jordana Castro Midwest Bce Partners Inc.	1124 Grand Avenue, TOLEDO, OH	US
S2-434746388	na p0lytechnic	NEAR TALAV P.O.RANIA TAL.SAVLI, BARODA, ગુજરાત	India
S2-954544727	HD Asset-Mumbai Corp	ANAND NIWAS 4-4TH RDRAJAWADI GHATKOPAR EAST, MUMBAI, Maharashtra	India
S2-671405669	*** GLENNON-& HARRIS  CORP	366 FIRST ST, ALABASTER, AL	US
S2-578797862	Energy Compliance Kutumb Private Ltd		India
S2-691228807	Rosmunda Davidson Great Auto Sales Inc	518 FRONT ST, <NULL>, PESHTIGO, WI	US
S2-794622330	Dr Walia Private Limited Service	Maharashtra, 7-306, 3RD FLOOR, KONARK SHRAM, 156 TARDEO ROAD, MUMBAI	India
S2-945763499	ब्लू टेक प्रा. लि.	H - 157 UIT COLONY PRATAP NAGAR, JODHPUR, राजस्थान	India
S2-447382136	Hemphill LLC Partners	##8655 Ephraim Rd, AUSTIN, TX	US
S2-470537881	എസ്എസ് എന്റർപ്രൈസസ് ലിമിറ്റഡ്	DOOR NO 118/7OPP ELECTRICITY OFFICE KATTOOR, THRISSUR, Keralam	India
S2-957719423	Radhe Life Private	MANASWIN TOWERS 97/3E, CIIL LINES, JHANSI, Uttar Pradesh	India
S2-99248558	கிருஷ்ணா சொல்யூஷன்ஸ் பிரைவேட் லிமிடெட்	NO. 32, CHENNAI, Tamil Nadu	India
S2-426757940	Bledsoe-[Summit]	720 EMERLD POINTE DR, HOLLISTER TOWNNSHIP, MO	US
S2-913241644	yangcare.com	265 GERANIUM AVENUE, SAINT PAUL, MN	US
S2-978741264	SWEET (BÁRBERSHOP)	502 TWELFTH AVE, PO BOX 7772, CITY OF GREEN BAY, WI	US
S2-929399785	Private Future Media Foods Limited	310 DALAMAL CHAMBERS3RD FLOOR NEW MARINELINES, MUMBAI, Maharashtra	India
S2-521967779	Transformers & Brothers Care Co	PLOT 13  303, HIMLAND HOUSE, D-5, KARAMPURA COMMERCIAL COMPLEX, NEW DELHI, Delhi	India
S2-200551648	Leeann H Bailey, DDS		US
S2-365894137	Maurizia Barber Custom Téxtiles Inc.	1 FINEOUT RD, DEPOSIT, NY	US
S2-370056126	Express Digital Digital Nutrition	ST LOUIS, 8112 ST CHARLES ROCK ROAD, MO	US
S2-43173994	Empire Coastal Charles	01610 ASH GROVE COURT, FRANKLIN TOWNSHIP, TN	US
S2-904197000	BEST SOFTWARE  PRIVATE LTD	102, CHHABRA COMPLEX, 8 VEER SAWARKAR BLOCK SHAKARPUR, DELHI-92, DELHI, Delhi	India
S2-299713759	ROGERS READY GÓLDEN GROUP	5909 STONEY BROOK RD, ROGERS, AR	US
S2-126996509	Inc Wyman Innovative Patiuinm	1508 SANTA CRUZ STREET, WAKE FORSET CDP, NC	US
S2-549273139	REDSTONE TRADERS PRIVATE-LIMITED	4 HARI NIVAS C ROAD CHUCHGATE MUMBAI, MUMBAI, Maharashtra	India
S2-923707682	अरिहंत शिवा एक्सपोर्ट्स प्राइवेट लिमिटेड	A/22 ANAND CHAYA CHS P BALU MARG, PRABHADEVI, MUMBAI, Maharashtra	India
S2-611169223	WEXVANTAGEDOVA	NORRISTOWN BOROUGH, PA, 743 1/2 KOHN ST	US
S2-894272151	Tri-State Custom Nsq,d Partners	17621 SR 105, ELMORE, OH	US
S2-513307591	Karalee Berner Tri-State	660 OWL RIDGE RD, WAYNESVILLE, NC	US
S2-70906949	hxgloba.com	2930 FOURTH ST, NORRISTOWN TOWNSIHP, PA	US
S2-780010606	La1inva Ventures	001532 MAPLE STREET, WENATCHEE, WA	US
S2-199486616	Shri vinodproducer.com	H.NO 150 , HSIIDC RAI, SONEPAT, Haryana	India
S2-901452154	அர்பன் அக்ரோ பிரைவேட் லிமிடெட்	தமிழ்நாடு, NO.576, SIVAGANGA, THIRUPPATHUR ROAD DEVAKOTTAI, DEVAKOTTAI	India
S2-890815163	अर्बन Projects Private Limited	FLAT NO. 8-8A, UDAIPUR, NEW SHOBHAGPURA, Rajasthan	India
S2-909310344	Lumiari Kárman Inc.	120 Cheadle Loop Rd, SEAFORD, VA	US
S2-409362039	Drexmira	20 NAUBASTAKALYANPUR KANPUR, JYOTIBA PHULE NAGAR, MANDHATA, उत्तर प्रदेश	India
S2-636393115	BEST CLOUD CO CENTER	5477 ASPEN AVENUE, PORTAGE, IN	US
S2-13808676	Family Cénter	5805 INDIN TRACE, CITY OF MADISON, WI	US
S2-176253975	Red Hair  Sduio	TN, DICKSON, 212 AUTUMN WAY	US
S2-550147966	LLC CRAFT VALUE CHEMICAL	167 SMOKETREE AVENUE, LAKE HAVASU CITY, AZ	US
S2-928710741	Armstead  Chesapeake Holdings	45 ARLEIGH RD, GRAT NECK, NY	US
S2-8380583	Sash Property  Private Limited	C/O RADHESHYAM GUPTA, HANUMAN PHATAK, BUXAR, BUXAR, Bihar	India
S2-713891217	New Delhi Holdings Private Limited Service	D/303, BASEMENT, GAGAN VIHAR, NEW DELHI, दिल्ली	India
S2-37106749	Shri Dynasty [College]	63, NEW SHOPPING CENTRE, OPP COMMUNITY HALL NEAR KHERWADI POLICE STATION, GOVT COLON, Y BANDRA E, MUMBAI, Maharashtra	India
S2-859296164	Vijay Limited Private Media	NO 30 C/O VIJAY PRASAD, VILLAGE BAIJUBIGHA NEAR HOTEL RESIDENCY, BODH GAYA, GAYA, Bihar	India
S2-994075397	Inc Foot & Ankle Interstate Clinic	##20 ANGLE STREET, CONNELLSVILLE, PA	US
S2-838644783	Peridis Flag L.L.C.		US
S2-613048206	CONSORT SERVICES	##317 MAKER CHAMBER V221 NARIMAN POINT, MUMBAI, Maharashtra	India
S2-73258206	Maher Pharmaceutical Pharmaceutical Private Ltd		India
S2-133574262	डायनामिक कंसल्टेंसी लिमिटेड	164/18, N/A, MUMBAI, GOREGAON (WEST), Maharashtra	India
S2-123928533	Yamuendra Censher Limited	C-26, 2ND FLOOR, RAJ INDUSTRIAL COMPLEX, MILITARY ROAD, MAROL, ANDHERI (EAST), Maharashtra	India
S2-351055219	ఇంటర్నేషనల్ ఇన్వెస్ట్‌మెంట్ ప్రైవేట్ లిమిటెడ్	H.NO.10-1-120/1, JAWAHAR NAGAR PATHENAGAR, RANGA REDDY DIST, Telangana	India
S2-885817988	Delhi Marketing Private	C2/17 DAYALPUR EXTENTION, DELHI, Delhi	India
S2-584624598	डायनामिक लॉजिस्टिक्स प्राइवेट लिमिटेड	BLOCK C-21 C/O DAYA SHANKER TIWARI, DHARA BUJURH, RAM NIWASH TIWARI, PIPRA TIWARI, KUSHINAGAR, Uttar Pradesh	India
S2-498910744	The Rebbecca's Family Practice	#2514 Messick Drive, GOHSEN, IN	US
S2-704156618	Apex Rush LLC	##23 GORDON PARKWAY, SYRACUSE, NY	US
S2-543525118	Wise Pharmaceuticals (India) Enterprises (Private)	NO. 936 F.NO 210 BLOCK-A SUMITRA, APARTMENT AIRLINE COLONY, RANGAREDDY, Telangana	India
S2-221743467	Vega Redwood of	2374 WHITMER ROAD, BATAVIA, OH	US
S2-315432336	एपेक्स इंफ्रा	CHITANVISPURA CIR 4  HOUSE NO. 1274, NAGPUR, Maharashtra	India
S2-825657399	UCL Consulting  Limited	DOOR NO 24/6 SY #139, SHOP #3&4, GEAR SCHL RD DODDAKANNAHALLI, SARJAPURA MAIN RD, BENGALURU, Karnataka	India
S2-44323907	फ्यूचर एस्टेट प्राइवेट लिमिटेड	A-214/1 PIDARTALI WARD NO. 1, C T E I ROAD IN FRONT OF DAAL MIL, SINGRAULI, मध्य प्रदेश	India
S2-323154174	લક્ષ્મી ટેક પ્રાઇવેટ લિમિટેડ	C/O DILIP K PATEL, SURAT CITY, SURAT, ગુજરાત	India
S2-791488555	विजय इंडस्ट्रीज प्राइवेट लिमिटेड	CENTRAL DELHI, Delhi, BULANDSHAHAR, DOOR NO 4819/24 3RD FLOOR	India
S2-622552475	Lamb Interests Co	BOULDER COURT, HIGH POINT, NC	US
S2-969880193	Jai Solutions Corp	H.NO 175 , 176 & 177, SWAMY AYYAPA SOCIETY, GUTTALA, BEGUMPET, KAVURI HILLS, SHAIKPET, Telangana	India
S2-350151124	Vista Tó Pvt. Ltd.	NO 2ND FLOOR, PLOT NO. D-258, PHASE-8A, INDUSTRIAL AREA, SECTOR-75, S.A.S.NAGAR (MOHALI), Punjab	India
S2-969759593	JF Hospitals  LLP	59/1, SHOP NO. 2, NEW ROHTAK ROAD KAROL BAGH, NEW DELHI, दिल्ली	India
S2-578906727	Sunrise Blenders Private Ltd	120/122/1 ADESHWAR MERIOT, UNDER CHANDRANAGAR BRIDGE, AHMADABAD CITY, Gujarat	India
S2-759923677	T/Y Entertainment Llc	100 River St, null, EL PASO COUNTY, TX	US
S2-136005356	Mountain Foundation	77 GRAND VIEW DRIVE, MAYNARDVILLE, TN	US
S2-200614171	Everett Ridge Morgan North	742 112RD ST, EVERETT, WA	US
S2-839208209	FY-FUTURE CORP	039 JACK BRANCH ROAD, PMB 2901, ROBBINSVILLE CDP, NC	US
S2-590392086	Gm Power Private	H.NO 7B/3 NEHRU NAGAR BHARATHIYAR ROAD, COIMBATORE NORTH, Tamil Nadu	India
S2-856696608	Sterling South Nano	80 OSWEGO ST, CAMDEN, NY	US
S2-264050011	greatguild.com	CO, BLACK FOREST, 19520 YELLOW WING CT	US
S2-567160179	Private Trinetra Infratech (India) Plastics Limited	##19 C/O MEHERPUR, MEDIAHAT, NORTH 24 PARGANAS, PARGANAS NORTH, GOPALNAGAR, West Bengal	India
S2-181135835	Smt Sugam  Traders Private	FL NO304, BLDG B2, SHANTI SAGAR POLICE CHS RAMABAI NGR, LAXMI NIWAS, P194, GHARKOPAR E, MUMBAI, Maharashtra	India
S2-657153982	LEANN COLON FEDERAL ACQUISITIONS INC	9229 106TH WAY, SCOTTSDALE, AZ	US
S2-45459065	Carter Rocket Incorporated	7019 OAK RUN DRIVE, OAK RUN, IL	US
S2-497689768	Guerrero Santander		US
S2-147922412	Perfect Fiance Pvt Ltd	NO. 20 C/O MUNNA THAKUR, WARD NO7, WARD NO.-7, PS-MALAHI, ARERAJ, Bihar	India
S2-18338721	WILHELM, LOPEZ AND KNIGHTEN DURATION, INC.	450 32ND ST, PO BOX 8613, WICHITA, KS	US
S2-193655343	Finance Varaha India Private  Ltd (ID: 87555)	SHOP NO FA-##18, KAPURBAVADI, LAKE CITY MALL, G B ROAD, THANE, Maharashtra	India
S2-514718361	Raven Food, LLC	COOKSON RD, FAIRMONT CITY, IL	US
S2-249455107	b8crysta1.com	##1143 GARDEN DR, NEWPORT NEWS, VA	US
S2-674436208	management vs solutions private limited	ND-39., PITAMPURA, DELHI, Delhi	India
S2-549901592	Jain Mantech Limited	PLOT 94 40, R.K. PURAM, MIRZAPUR ROAD, LAXMI HOSPITAL, KALYANPUR, Uttar Pradesh	India
S2-567350796	CHIROPRACTIC-PARTNERS  SUMMIT LLC	240 MANZANO RD, NASHVILLE, TN	US
S2-789716796	SY BLUE LLC (LIGHTWAVE)	872 KOEBEL AVE, COLUMBUS, OH	US
S2-285738926	सन हाई हॉस्पिटैलिटी प्राइवेट लिमिटेड	HN 818- P-125, 123, VEDYA REALTORS SHAHBERI, NEAR SAI MANDIR GREATER NOIDA WEST TEHSIL, GB NAGAR, GAUTAM BUDDHA NAGAR, Uttar Pradesh	India
S2-145944261	NAWABGANJ BUILDER5 L.L.P.	11, MOHALLA WASINAGAR, POST ZAIDPUR, NAWABGANJ, Uttar Pradesh	India
S2-561895165	HOUSING INSTITUTE-LP	36 TRENO STREET, NEW ROCHELLE, NY	US
S2-586181990	Wright Culture Optimal Co	08 MEADOW PL, SHELTER ISLAND HEIHTS, NY	US
S2-646891361	Faulkner Pátriot Eagle	1003 EASON AVENUE, BUCKEYE, AZ	US
S2-224528247	>> Eastburn Reliable Electrical L.L.C.	317 SMOKEY MOUNTAIN DRIVE, NC, RAEFORD	US
S2-554568494	Asset Building Trust LLC	741 THIRD STREET, WAKEENEY, KS	US
S2-700717343	Strategic Talent	6220 CR 862, PEARLAND, TX	US
S2-422292561	Digital Global Private Limited	1575 GF, SECTOR 24, HDUA, PANIPAT, Haryana	India
S2-450766897	Meridian	9 PITTS ST, NATICK, MA	US
S2-825593787	Rovera Sigantture-Allstate	750 LOUDON RD, LATHAM, NY	US
S2-447201897	గోల్డ్ లక్ష్మీ హాస్పిటాలిటీ ప్రైవేట్ లిమిటెడ్	#2-1-563/2/A/1, OPP SHANKARMUTT NALLAKUNTA, HYDERABAD, Telangana	India
S2-983309999	Life Pétróleum LLP	PLOT 33 UMA COMPLEX, FRASER ROAD, P.S. GANDHI MAIDAN, Bihar	India
S2-945835846	lumon pebblebrook	##978 ESLINGER COURT, KODAK, TN	US
S2-418244540	Valley Guild Incorporated	4714 WIPPRECHT ST, HOUSTON, TX	US
S2-447911121	Os Ventures (India) Private	HN 937 75/1, ESI BACK SIDE, RAJIV, GANDHI STREET, AMBALATHADI, MADURAI NORTH, Tamil Nadu	India
S2-893143805	coastal aktiengesellschaft p.c.	2165 ISABELLA DR, CHESAPEAKE CITY, VA	US
S2-265369825	PARTNERS N/S ÉVOLUTION	N9653 PARADISE LN, PO BOX 6667, NECEDAH, WI	US
S2-894392580	HARDGROVE SHORE	5574 LINWORTH RD, COLUMBUS, OH	US
S2-285577649	ALPHA CDAE LIMITED	A 00204 SAWALI CO OP HSG SOC PLOT 41 SEC 5 KHARGAR, KHARGAR, महाराष्ट्र	India
S2-661372085	La  Square Limited	E - 43/1 OKHLA INDUSTRIAL AREA PHASE II, NEW DELHI, दिल्ली	India
S2-106767834	Dbs Fire  Limited	#57 BURTOLLA STREET, KOLKATA, পশ্চিমবঙ্গ	India
S2-69954254	DOROTHEE MARSHALL SANTANDER PC PARTNERS	1422-B DIVISION STREET, HULL, IA	US
S2-510377000	Bone Private Limited Partners	Tamil Nadu, DOOR NO 603 , RANI SEETHAI HALL ANNA SALAI, CHENNAI	India
S2-157822570	Private Buddha (India) Software Group Limited	Uttar Pradesh, T16-1208, GAUTAM BUDDHA NAGAR, NOIDA	India
S2-837472198	TECH DHAULADHAR  INDUSTRIES PRIVATE LTD		India
S2-782235785	WALIA DISTILLERY PRIVATE LTD	DOOR NO 359 S-126, LGF, GRHATER KAILASH, PART-1, Delhi	India
S2-220339803	Paras Agriculture Limited Services	D-55 (GROUND FLOOR), VIVEK VIHAR, PHASE I NEAR BALAJI MANDIR, DELHI, Delhi	India
S2-800500853	Astrix's Biotech Group	187 NORTH ST, BUFFALO, NY	US
S2-437394779	Irina's Hair Studio Center LP	1571 WILDRYE DRIVE, WESFTIELD, IN	US
S2-669345225	Guillen United Nuveen LLC	11453 SUNRISE GOLD CIRCLE, RANCHO CORRDOVA, CA	US
S2-276370758	ग्लोबल सर्विसेज फर्नीचर प्राइवेट लिमिटेड	S.NO. A-191A/2A/1/2 CTS NO. 2180 PART TECH PARK ONE, PUNE, Maharashtra	India
S2-9467510	A Golden	124 BRADLEY RD, PLYMOUTH, NC	US
S2-530851262	STEVENA'S COASTAL DELI HIGHLAND,	785  Mill Creek Rd, POUGHKEEPSIE, AR	US
S2-899361245	Surgical Héalth	406 DICKSON ST, FAYETTEVILLE, AR	US
S2-117547978	JQ Pioncale Markets,  LLC	420 W 6TH ST, DAVENPORT, IA	US
S2-459069469	Murrell, Upson and Lopez	2040-B DEYERLE AVE, HARRISONBURG CITY, VA	US
S2-624007789	Schoen Tri-State Jpmorgan	BROWNWOOD, TX, 1500-B TERRACE DR	US
S2-974569278	Rb & Co.	SHREEGANESH NAKSHTRA, RN##2, SRNO 30/19, PIPELINE ROAD, NASHIK, Maharashtra	India
S2-559121392	City Corp Services	Haryana, 442 , BLOCK-B, 22 FEET ROAD, SGM NAGAR, FARIDABAD	India
S2-174749893	Vaayuora Solutions  Private	7TH FLOOR-719, SHIVALIK, SHILP, ISCON CROSS ROAD, AHMADABAD CITY, Gujarat	India
S2-449314540	Sunderban  Society Navipeth (india)	999/9, C/B/1, SUNDERBAN SOCIETY NAVIPETH, Maharashtra	India
S2-850068158	ORBOS INSURANCE LLC	426 COUNSELORS WAY, FORT MILL, SC	US
S2-249548860	विजय टेक्नोलॉजीज प्रा. लि.	DOOR NO 465 KHUTEHI MASZID KE SAMNE, REWA, Madhya Pradesh	India
S2-918248418	Walia Chits L.L.P.	PLOT 300 F-4 SHREE SIDDHI VINAYAK DHAM 128/13 Y BLOCK KIDWAI NAGAR, KANPUR NAGAR, Uttar Pradesh	India
S2-721194052	लक्ष्मी बाबा इम्पेक्स प्रा. लि.	JODHPUR, SHOP NO. 8 12TH ROAD CIRCLE, राजस्थान, JODHPUR	India
S2-890007762	Desert Continental (Real)	14225 TIERRA BRONCE DR, CITY OF EL PASO, TX	US
S2-23764333	Wade Lafayette	1301- 52ND STREET, TACOMA, WA	US
S2-324318933	Arcaviavi	NO 24/345 C K P M HOSPITALP B NO 212 DOWN HILL, MALAPURAM, MALAPPURAM, Kerala	India
S2-487802918	ॐ लॉजिस्टिक्स प्राइवेट लिमिटेड	309. 3RD FLOOR PLOT NO.2, DELHI, SOUTH WEST DELHI, Delhi	India
S2-34835461	Ontiveros Sterling	117 3RD AVENUE, GREAT FALLS, MT	US
S2-695523303	RITTMDR, BARBABRA SUPREME AMPERCAP GROUP	223 HAYWOOD STREET, ENGLAND, AR	US
S2-123179661	Unified Bulkers South PLLC	5425 FIFTEENTH ST, LUBBOCK, TX	US
S2-118578356	SUPERIORNASDAQ.COM	UPPER SPRUCE ST, RICHWOOD, WV	US
S2-523776282	Stephine Castillo Patriot		US
S2-354631855	KARTAVYA NETWORKS LIMITED PRIVATE	HN 992 H-01, C/O. AJAD ALI, MAHA, JANTOAL, PURBA RADHANAGAR, CHANCHAL, পশ্চিমবঙ্গ	India
S2-853050643	HERITAGE CÓMMUNITY LLC	KENNEBUNK, 14 BEACH AVE, ME	US
S2-860350267	OX KERA PVT LTD	GROUND FLOOR, DOOR NO. 73, THAMARAI STREET, IYYAPAN NAGAR, IYER BUNGALOW, MADURAI, MADURAI NORTH, Tamil Nadu	India
S2-389706736	Pothujanam Lane Kumarapuram Engineering Private Ltd	NO 77 MEGHAM, POTHUJANAM LANE KUMARAPURAM, Kerala	India
S2-674636516	LUCKY HYPNOSIS! INC.	37 Timber Cove Rd, TRESCOTT TWP, ME	US
S2-389734577	PRAVTE MAX BROTHERS (LIMITED)	Uttar Pradesh, GAUTAM BUDDHA NAGAR, 3282 F-3 A V SEC 50	India
S2-315544858	Aspl (India) Fortune Private Limited	ಕರ್ನಾಟಕ, DOOR NO 1-179B6 NR APOORVA COMPLX, MANNOLIGUJJI, DODDANAGUDDE, UDUPI	India
S2-255854787	CABRERA PHOTONICS (LLC)	12907 CARLA LN, CROSBY, TX	US
S2-703151156	Internal Medicine Clear Associates L.L.C.	219 GARFIELD STREET, SEATTLE, WA	US
S2-45587620	Alford & Mccoy Incorporated	1916-1918 KERR ST, MIDDLETOWN, DE	US
S2-343936150	H + E		US
S2-26235421	HOLDINGS CH0ICE ACE PETROLEUM	1487 Joshel Ct, GENEVA, IL	US
S2-762614030	DIGITECH BENCHMARK (INDIA)	NO.5-45 (10)A, DAKSHINA KANNADA, MANGALORE, Karnataka	India
S2-711675920	Hardison-Capital Inc	17 LONGSTREET RD, PEABODY, MA	US
S2-733571442	GAJ ASSURANCE (INDIA) (LIMITED)	NO 033/4 , 2ND FLOOR, MADIPAKKAM KOOT ROAD, SAIDAPET, Tamil Nadu	India
S2-878725539	Dr Srk Trading Holdings Prrievate Limited	B 14 NEW FRIENDS COLONY, NEW DELHI, <NULL>, Delhi	India
S2-80056537	KAUTILYA COMPANY CENTER	1/357, SREE KARTHIGAI LAKSHMI NAGAR, THUVARIMAN, MADURAI, Tamil Nadu	India
S2-685302446	MONTEZ ALLSPRING INC	7633 BELLEHAVEN DRIVE, GLOUCESTER COUNTY, VA	US
S2-256778946	Dynamic Company Holdings Services	16846-16850 FLANDERS SAINT, PORTLAND, OR	US
S2-159648613	Underhill and Mcnautgt LLC	3978 COFFEY LN, PMB 3482, BLOOMINGTON, IN	US
S2-874049122	Amaya and Group Hebert	BATESVILLE, 1700 HARRISON STREET, AR	US
S2-915159558	BARDO GRILL INC	546 BECK RODA, LINDENHURST, IL	US
S2-400655837	TRUE  FERROALLOYS INDUSTRIES PVT. LTD	44, ADAM ST MYLAPORE, CHENNAI, Tamil Nadu	India
S2-959722539	इंटरनेशनल लॉजिस्टिक्स प्राइवेट लिमिटेड	NO 103-104 BLDG NO 4ITTAL ESTATE ANDHERI E, MUMBAI, Maharashtra	India
S2-223684646	Sungrace Nursing Center	NO. 126 C/O. BINAYAK FOOD PROCESSING AT/PO: NUAGAON, VIA: ASKA, PS: ASKA, Orissa	India
S2-876022592	International Technology  Bakery	Kerala, H.NO C-5ST FLOOR ROOM NO 590 ELIZA PLAZA MANGATTUKAVALA THODUPUZHA, IDUKKI	India
S2-459155847	हाईटेक फाइनेंस प्राइवेट लिमिटेड	DOOR NO 1-33-166 R.P.ROAD JALNA431203, JALNA, महाराष्ट्र	India
S2-143790187	ईस्ट टेक प्राइवेट लिमिटेड	H.NO 8-92-A SOUTH, BHOPAL, Madhya Pradesh	India
S2-725137479	New Life Cuhc	026 DURYEA AVENUE, MT. VERNON, NY	US
S2-74823271	MODERN STAR PRIVATE LIMITED [CENTER]	Delhi, UNIT NO. 9-149, FIRST FLOOR, BLOCK-3, TRIBHUVAN COMPLEX, ISHWAR NAGAR, MATHURA ROAD, NEW DELHI	India
S2-102291522	ARAUJO DILLON, & MCFARLAND	7483 123ND DR, GLENDALE, AZ	US
S2-98210646	Samriddhi &	Uttar Pradesh, 10A/171, U. G 1 VASUNDHARA, GHAZIABAD	India
S2-848345220	PVT VENTURES SOFTWARES CONCEPTS LTD	B-11 KEDAR SOCIETY WAGLE ESTATE, THANE, Maharashtra	India
S2-819060760	Bajrangbali Trading Private	PLOT 592 SHOP NO-26, SUDARSHAN COMPLEX, BAVLA ROAD, DHOLKA, ગુજરાત	India
S2-868768465	Cftdhdl-Co	BLOOMINGTON, IN, WOODMERE COURT	US
S2-302146953	અર્બન વેન્ચર્સ પ્રાઇવેટ લિમિટેડ	AHMEDABAD, 46, SANTDEV TENAMENT, NR. JAMFALWADI, NR. CANAL, Gujarat, DASKROI	India
S2-656459981	Gulf Center V Inc.	CONE FLOWER ST, BEND, OR	US
S2-642168451	इंडियन इंटरनेशनल प्रा. लि.	DOOR NO 20 GAYATRI DHAMM G ROAD GHATKOPAR (E), BOMBAY, MUMBAI, Maharashtra	India
S2-328061429	neemranaequipments.com	PLOT NO. CC - ##1 MODERN SHOPPANG COMPLEX, NEEMRANA, Rajasthan	India
S2-967700098	The Elspeth Smith  Frontier Gsr LLC	379 FM 369, IOWA PARK, TX	US
S2-937066843	Fresh Research Holdings Co	128 Higgins Road, AJO, AZ	US
S2-482974356	Prairie Ribbon  Holdings	2128 IZARD STREET, LITTLE ROCK, AR	US
S2-79757095	સનરાઇઝ ટેક્નોલોજીસ પ્રાઇવેટ લિમિટેડ	BLOCK NO. 228, 316, ASTAGAM, N. H. NO. 8, NAVSARI, SURAT, Gujarat	India
S2-918382864	wpprivate.com	OFFICE NO. 39, FOURTH FLOOR, BANDAL DHANKUDE PLAZA RIGHT BHUSARI COLONY, KOTHRUD, PUNE, Maharashtra	India
S2-812505364	STRATEGIC HARBOR	2934 EL CHARRO PL, ALBUQUERQUE, NM	US
S2-269803983	Zephwex	TIDEWATER LANE, RALEIGH, NC	US
S2-729215711	Terry Mfa	HAMPTON, VA, TABATHA CIRCLE, NULL	US
S2-913946536	Orbisol	##110 750, BOUNTIFUL, UT	US
S2-901369429	Detwiler Detwiler Vanguard	EASTGATE AVE, SAINT LOUIS, MO	US
S2-525783124	WALL PRIVATE LIMITED  CENTER	NERA DR BHANDE COLLAGE PIL COLONY MALKAPUR, AKOLA, महाराष्ट्र	India
S2-688954807	Delta Academy	1805-C STEPHANIE DR, WHITEHOUSE, TX	US
S2-544458156	International Transmissions Private Ltd	NO 1 , MUSKAN SOCIETY, PANDAV NAGAR WADALA PATHARDI ROAD, NASHIK, Maharashtra	India
S2-294961459	ગુડ કન્સ્ટ્રક્શન લિમિટેડ	VADODARA, Gujarat, VADODARA, BLOCK E-D/350 FF, A 303, AMARKUNJ SOCIETY, VISHWAMITRY TOWNSHIP, MUJM	India
S2-529848791	COLONIAL FOUNDATION - 8351057329		US
S2-740974640	Shri SHIVAM MEMORIAL [TRUST]	SN-25, KALASH JHADHAV WASTI, NR.SAIBABA MANDIR, PUNE, महाराष्ट्र	India
S2-240680613	Bell, Kaur & Mcintosh Cross Llc	5145 49TH AVENUE, PROTLAND, OR	US
S2-661766071	CNEFR LLC	39ST STREET, NEWARK, OH	US
S2-608149969	Jesselyn Óneal Wilco LLC	MONTGOMERY LN, HOMEWOOD, AL	US
S2-977494121	United Foundation Group	A-148, GUJRANWALA TOWN-PART-1, DELHI, DELHI, Delhi	India
S2-193383185	PRIVATE TECHNOCRAFT STRATEGIC (INDIA) LTD	B3/205, SIGNATURE-I, OPP. ANDAZ PARTY PLOT, SARKHEJ-GANDHINAGAR HIGHWAY, MAKARBA, AHMEDABAD, Gujarat	India
S2-785434883	சன் இம்பெக்ஸ் எல்எல்பி	COIMBATORE, தமிழ்நாடு, BLOACK - D, HANUDEV INFOPARK, UDAIYAMPALAYAM ROAD, NAVA INDIA, COIMBATORE, NO. 558/2	India
S2-267507260	Dr Commando Reserch Private Private	G-C-01, THE NEST APARTMETN, NO. 309, 6 B CROSS, OMBR LAYOUT, BANGALORE NORTH, ಕರ್ನಾಟಕ	India
S2-795234467	Solutions Kshatriya Private Limited Service		India
S2-350410588	స్మార్ట్ ఫైనాన్స్ ప్రైవేట్ లిమిటెడ్	HYDERABAD, 8-3-676/14, Telangana	India
S2-982925237		11 OX YOKE CIRCLE, EAST HAMPTON, CT	US
S2-301017229	ZENITH TAX (LLC)	5241 SABLE CT, MENTOR, OH	US
S2-462912636	Rivas Jaws, Precision L.L.C.	1209-1213 ALLSTON CT, GASTONIA, NC	US
S2-669634720	Anchor Smad	003620 ASH LANE, MCKINEY TOWNSHIP, TX	US
S2-808369737	Valerye Llbpe,z DPM, MD, (PC)	1307 BYRON AVE, WATERLOO, IA	US
S2-491108649	ശ്രീ ബെസ്റ്റ് എസ്റ്റേറ്റ് പ്രൈവറ്റ് ലിമിറ്റഡ്	39/297RAVIPURAM ROAD, ERNAKULAM, Kerala, ERNAKULAM	India
S2-337286017	Universal Sémiconductor Dynamics Ltd	8022 42ND ST, LYONS, IL	US
S2-254337978	BRIGHT APNPAFLR ASSOCIATES INC	19 KATIE LN, EAST HAMPTON, NY	US
S2-25669755	Delvalle, Harris And Gonzalez Enbridge Ltd	HOUSTON, 2850 LISBURN TERRACE LN, TX	US
S2-640267097	Miyasato, Martin and Vesely Photonics, Photonics,	5670 NEW HARMONY ROAD, PIKVEILLE, TN	US
S2-256771359	@ROSOFT	14312 BARDWELL AVE, EAST CLEVELAND, OH	US
S2-944064836	REYNA INDUSTRIES L.L.C.	222 Westwood Circle, NEW BOSTON, TX	US
S2-16750990	P & M MANAGEMENT,	3311 TWENTY FIRST ST, VANCOUVER, WA	US
S2-532207045	Bright Studio! Hair	2068 LIMRICK DR, PEARLAND, TX	US
S2-370073043	Jaso and Premo Plum  Inc	46 ELBOW STREET, BELLINGHAM, MA	US
S2-669074651	A Trusted	195. RODEO RD, null, CASA GRANDE, AZ	US
S2-235875944	LLC BIRK SECURITIES	##725 WALDENS POND ROAD, GUILDERLAND, NY	US
S2-828583057	High-Chits Private	RAJHANS APPATMENT, JYOTINAGAR, CTS 16295, AURANGABAD, Maharashtra	India
S2-75506572	The Beth Ministries	SACRAMENTO, CA, 1815 25TH ST	US
S2-835905137	Elysha Secundino Heritage Tge Partners	516 PERTH STREET, SCHALLER, IA	US
S2-63670451	Cornerstone All Excavation Center Group	8440 CANDLENUT LN, CHARLOTTE, NC	US
S2-302397659	Data Interiors Pvt	HN 783 HOUSE NO 9A FLOOR 1 GALI NO 23 BLOCK L MAHENDRA PARK, DELHI, Delhi	India
S2-896928842	UF-LLC SERVICES	HARVARD AVE, MERRICK, NY	US
S2-908500930	BLUE TRADERS	H.NO 48 D, 1ST MAIN, 18TH CROSS MARENAHALLI NR RAMANASHRE UDAYASAMYUKTA, VIJAYANAGARA, Karnataka	India
S2-341966155	Mr Mahindra Facility Ltd (Center)	Andhra Pradesh, PLOT NO. 0443/A/28 , ROAD NO.86, JUBILEE HILLS	India
S2-928149843	GRACE FELLOWSHIP LLC	30241 SUNRAY DR, SAN TAN VALLEY, AZ	US
S2-715804224	GEVUE GRAND ELECTRICITY ELECTRICITY CTE	#8720 RIO GRANDE BLVD, LOS RANCHOS DE ALBUQUERQUE, NM	US
S2-233185258	Universal Products Public Limited	23, SARKAR LANE, KOLKATA, KOLKATA, West Bengal	India
S2-955479758	Surya  Business Private Ltd		India
S2-317665841	Strategic Harbor	2934 EL CHARRO PLACE, ALBUQUERQUE, NM	US
S2-923233373	Gar Corporation Services	NO 3-275 AGGARWAL HILL VIEW, BLDG NO. 1 FLAT- A/404 EVERSHINE CITY VASAI (E), VASAI, Maharashtra	India
S2-750130037	LAURENE HARRISON VANGUARD INSTITUTIONS	GERMANTOWN, 7593 CROSS VILLAGE DRIVE, TN	US
S2-118516413	Cardiology Group Service	3615 MILLSTREAM RIDGE DR, CHARLOTTE, NC	US
S2-802308090	Scott, Koski & Ohara Inc	11240 GIFFITH WAY, SPOTSYLVANIA COUNTY, VA	US
S2-161746520	The North School of Medicine Inc	NY, SARATOGA SPRINGS, 27 DIAMOND PL	US
S2-948204608	Select Legacy  PLLC Mercator	#2957 CHARLESTOWNE PLACE, MEMPHIS, TN	US
S2-693884113	Bickmore Post LLC	511-515 CHICAGO AVENUE, CITY OF WAUSAU, WI	US
S2-521267627	Rhetta's  Heatal	4210-B PIMLICO RD, BALTIMORE, MD	US
S2-751003448	Coastal Ridge King	181 MILAN AVENUE, NORWALK, OH	US
S2-410248554	वन टेक्नोलॉजी प्राइवेट लिमिटेड	HOUSE NO 1407 BEHIND GURUKUL, KALYAN, महाराष्ट्र	India
S2-39697405	BRADLEY ENCORE SUMMIT INC	245 KAVANAUGH RD, WAKE FOREST, NC	US
S2-478980556	HE, MARTINEZ + NG MORTGAGE L.L.C.	5204 51ND ST, <NULL>, CHICGAO, IL	US
S2-800023446	গ্যালাক্সি বিজনেস প্রাইভেট লিমিটেড	DOOR NO 26 B PRK STEET, KOLKATA, CALCUTTA, পশ্চিমবঙ্গ	India
S2-483349273	Chandak Vidyalaya Infratech Co	NO 59 DE-ELMAS, 705, 7TH FLOOR, SONAWALA CROSS ROAD NO2 GOREGAON E, MUMBAI, Maharashtra	India
S2-25447874	Holloway Great Nasdaq	4716 LAKESIDE DRIVE, OMAHA, NE	US
S2-385420681	ABRA & CO	10-A, ANAND INDUSTRIAL ESTATE, MOHAN NAGAR, GHAZIABAD, Uttar Pradesh	India
S2-855638702	Irita B. Chmiel DO DDS PC Partners	4446-4450 ALBERTA STREET, PORTLAND, OR	US
S2-201239443	Lucky Auto Body Co	5292 GRIMES ROAD, FAYETTEVILLE, NC	US
S2-696508849	ಸನ್‌ರೈಸ್ ಪವರ್ ಪ್ರೈವೇಟ್ ಲಿಮಿಟೆಡ್	BLOCK D-54 15, BENGALURU, BANGALORE, Karnataka	India
S2-423703560	Interstate League		US
S2-638095921	SEVEN INFRA PRIVATE	C-713C, SHIKSHA BHARTI PUBLIC SCHOOL ROAD, PALAM EXTENTION SECTOR-7, DWARKA, NEW DELHI, Delhi	India
S2-977337815	Limited Sum Automation	NO A-106, INDIRA NAGAR, ICHIKAMALAIPATTI, TIRUCHIRAPPALLI, Tamil Nadu	India
S2-664651037	Empire Preparatory  Academy	2628 CARLA COURT, ACTON, TX	US
S2-831169888	Preferred Peak Enterprises	4512 TEXOMA PLACE, MOORE, OK	US
S2-687308241	Eastern Metro	DE, BRIDGEVILLE, 77 WHISTLING DUCK DR	US
S2-81151333	Bunde Classic Blue L.L.C.	IN, MAIN STREET, RICHMOND	US
S2-697319771	CHALK EDUCATIONAL SOCIETY LIMITED		India
S2-98296923	Primary Care Medicine P.L.L.C.	#1487 11B, DICKINSON, NY	US
S2-830151555	UNIFIED PAYROLL NETWORKS	265 GROVE ST, BRRIDGEWATER, MA	US
S2-22476218	Infrastructure Samanvay Pvt. Ltd. Center	VI/565VRINDAVANAM NELLAYA P O, PALAKKAD, Kerala	India
S2-117375301	Ahmadabad City Prívate Limited Center	SHOP NO F 203 SECOND FLOOR, SHARNAM METROLINKS, OPP METRO JUNCTION, AHMADABAD CITY, Gujarat	India
S2-244806460	Jerrilee Keycorp Whitehead	113 HELSMAN DRIVE, WILMINGTON, NC	US
S2-118836352	ralinastockardlifeco.com	OR, 834 BANK ST, PORTLAND	US
S2-533555971	Harbor Capital Commerce	210- WESTVALE ST, MCMINNVILLE, OR	US
S2-65195102	Sodynis Pinaihng Inc	10790 TARRYTOWNE DR, LOUISVILLE, KY	US
S2-250168979	Allied Clinic Program	OCEAN DR, MANHATTAN, KS	US
S2-140113038	Best Management Prtdlivate-Limited	NO.117, KENCES WOODS, 04TH MAIN ROAD, KOTTUR GARDEN, CHENNAI, Tamil Nadu	India
S2-595633040	Ballenger and Dfso Madison LLC	377 OKLAHOMA ROAD, MONTREAT, NC	US
S2-193904894	పయనీర్ లాజిస్టిక్స్ ప్రైవేట్ లిమిటెడ్	PLOT NO. 938-A, ROAD NO -47, JUBILEE HILLS, HYDERABAD, Telangana	India
S2-955132259	Shuman,, Stace P.A. Partners	1962 LA PUERTA AVE, OXNARD, CA	US
S2-720950466	Lochan Engineering  Private Limited	C/O SRI. SHAMIMA KHANAM, TALKHAPUR DUMRA RAZANAGAR, DUMRA, Bihar	India
S2-258719094	akshitknowledge.com	Maharashtra, H.NO D/263 C3, SHRI MANGLAM BANGLOW, KALIKA PARK UNTWADI, NASHIK	India
S2-343152285	శివం Builders	FLAT NO. N1, HYDERABAD, Telangana	India
S2-221191302	Precision LLC Intermediate	8735 GREEN HEDGE RD, WORDEN, IL	US
S2-574997946	VALENTIN, MESA AND YAZZIE GENERAL	545 GLENNSADE AVE, BATON ROUGE CITY, LA	US
S2-735347147	SQUARE DEVELOPERS LTD	97 , VILLAGE GHANA POST SONPUR KHAMARIA, JABALPUR, मध्य प्रदेश	India
S2-930179860	Kym Andrews	1259 CENTENNIAL BOULEVARD, SPRINGFIELD, OR	US
S2-655822868	Complete Law Group Inc	4055 BLACKBERRY DRIVE, SAN BERNARDINO, CA	US
S2-996620656	Delhi Communications Pvt. Ltd.	NO 652 FIRST FLOOR PHATAK DUPTY SULTAN CHURIWALAN, DELHI, दिल्ली	India
S2-641112847	Register Malt	10013 DALY DRIVE, HURST, TX	US
S2-11730235	Bednar Flagstar	197 HUNTER DRIE, GLOBE, AZ	US
S2-888323196	व्हाइट कंसल्टेंसी लिमिटेड	PL-1 WARD 16 KANHYAILAL LODHI JUNEWANI, BALAGHAT, LANJI, मध्य प्रदेश	India
S2-153874461	Whitney, Hattie, D.D.S. Holdings	16 DESLAURIERS AVE, WEBSTER, MA	US
S2-576729383	नॉर्थ कंस्ट्रक्शंस प्राइवेट लिमिटेड	BANDRA SUBURBAN, 9TH FLOOR, G BLOCK BHARAT DIAMOND BOURSE, BKC, BANDRA EAST, MUMBAI, Maharashtra, OFFICE NO BW9021	India
S2-506848891	Baker, Jones and Lee	5720 HILAND AVENUE, LANAM, MD	US
S2-21831598	क्लासिक कंसल्टेंट्स प्राइवेट लिमिटेड	NEAR NEHRU STTAUE, KAUSHAMBI, CHALISGAON, Maharashtra	India
S2-421640851	KELLER ÍNDUSTRIES, INC	AVON LAKE, OH, #32612 REDWOOD BOULEVARD	US
S2-858174730	rialibertysciences.com	1011 CLARK PL, GALLTAIN, TN	US
S2-388571206	C0RNER PILATES	2750 STEGER CREEK ROAD, POWHATAN COUNTY, VA	US
S2-863383482	Presser Integrated	36941 CREEKHAVEN DRIVE, SELBYVILLE, DE	US
S2-448138029	Cary's Wellness Northside	2636 GOSLING TERRACE ROAD, CHARLOTTE, NC	US
S2-442379267	Internal Medicine Group of Brockton Uptown Co	00151 Liberty St, BROCKTON, MA	US
S2-400696346	GUNILLA HILL GOLDEN SCHWAB	2190 Meadowlark Lane, NORTH LOGAN, UT	US
S2-838896047	Ganesh Capcithal	KALP RESIDENCY, G. NO. 94, 194 B-302, MEDANKARWADI, A/P CHAKAN, PUNE, Maharashtra	India
S2-200010031	Cure Ndols Ltd	UT, 3506 HARVESTWOOD LN, RIVERTON, PO BOX 1531	US
S2-773710364	गैलेक्सी लॉजिस्टिक्स लिमिटेड	SHOP NO-UGF NC-1, GAUTAM BUDDHA NAGAR, उत्तर प्रदेश	India
S2-182469948	शक्ति इंफ्रा	#59 THIRD FLOOR (BACK PORTION), 805, ARJUN NAGAR KOTLA MUBARAKPUR, OPPOSITE A BLOCK DEFEN, CE COLONY, NEW DELHI, SOUTH DELHI, Delhi	India
S2-744842586	Group Hernandez Freight	10828 PROCTOR AVENUE, WHITE MARSH, MD	US
S2-857960307	Hindi Mills Private	DOOR NO 02 , VIKAS NAGAR, WADI, NAGPUR, Maharashtra	India
S2-358211203	Shriram Exports  Limited	SUIT NO. 014, UNIT NO. 8125, 8TH FLOOR, GAUR CITY MALL OFFICE SPACE, SECTOR 4, GREATER NOIDA, GAUTAM BUDDHA NAGAR, Uttar Pradesh	India
S2-828415993	Kestrel  Wen Ltd	1630 Arrow Drive, FOUNTAIN HILLS, AZ	US
S2-717741003	Animal Welfare Association  LLC	##1 SUMNER COURT, PORTLAND, ME	US
S2-662417383	Rovue Brídge Group	CINCINNATI, 9405. BLUEWING TERRACE, OH	US
S2-150616857	Safe Pansclses PC	160 1/2 CORINTH ROAD, WASHINGTON, VT	US
S2-719794829	Wooten Continental Enterprises Enterprises Inc.	469 MIRACLE RIDER ROAD, PRRESCOTT CITY, AZ	US
S2-680411013	Pierce Sterling	NEW ROCHELLE, 183 DRAKE AVENUE, NY	US
S2-169106704	-- Jules, Béulah, MD, P.C.	1000 44TH STREET, PHOENIXT OWNSHIP, AZ	US
S2-408676894	[CORP.] SCOTT, NICOLAS AND MILLER DAEDALUS	1533 TUPELO DR, <NULL>, GRENFIELD, IN	US
S2-714063931	LLC Orthopedic Highland Medicine	STAFFORD COURT, LOUDOUN COUNTY, VA	US
S2-522891341	HOWARD HOLDINGS GROUP SERVICE	CHICAGO, IL, PO BOX 7391, 6318 RAVEN STREET	US
S2-831013731	Jps Housing Limited	C/O MALA RAM YADAV HARI OM TOWER SHAHPURA ROAD, NEEM KA THANA, SIKAR, राजस्थान	India
S2-673912478	Private Global Jas Tfecnhsllogies Limited	A-40, LAL KOTHI TONK ROAD, JAIPUR, Rajasthan	India
S2-379560103	BYRD EASERTN LLC	SMITHS STATION, 2615 208, AL	US
S2-204151971	SWEETY SOLUTIONS  PRIVATE	C/O DINESH KR CHAUDHARY, WARD NO 28, RAGHUNATHPUR, MTOIHARI, Bihar	India
S2-659530378	Maid Pub	CROSSLAKE, 34590 PARK DRIVE, MN	US
S2-637827327	Orange Law Chambers Private	SITE NO 22 AND 23, MEHTA INDUSTRY ESTATE, MACHOHALLI VILLAGE, DASANAPURA HOBLI, BENGALURU, Karnataka	India
S2-175897930	Foundation Marhr Eggs Private Limited	C/O ANAND RATNA MAURYA 113 SARAI SHEKH LARD SARAI SEKHLAD MARUI, VARANASI, Uttar Pradesh	India
S2-725370882	Sai Ram Energy Hotel Private	NO 55 S/O UPENDRA RAUT, VILL:ALISHERPUR PANCH JIHULI NORTH, BLOCK: PATAHI, EAST CHAMPARAN, Bihar	India
S2-27774491	Solutions Lumiere Logistics  Private Limited		India
S2-723178375	CREATIVE ÁGRICULTURAL	LILLEAN COURT, VALLEJO, CA	US
S2-418830440	Miriam Hamer LLC Center	#3556 59ST PL, CHICAGO, IL	US
S2-82967891	zenithtaxcom	5241 SABLE CT, MENTOR, OH	US
S2-814274694	Dennison Corporate Córp	52-A BROWN ST, BARBERTON, OH	US
S2-433516062	Sampson Regional Tailwind	2218 HOLIDAY RD, IA, CORALVILE	US
S2-155647822	PAMELA H. ROTH, D.Ó., M.D.,	7920D ALTA CUESTA DRIVE, RANCHO CUCAMONGA, CA	US
S2-527204532	Highland Royal Cleargthink	MINOT, 917-919 SECOND ST, ND	US
S2-306841914	WEBER GROUP	2102 HAWTHORNE LN, CEDAR CITY, UT	US
S2-101382605	हरि मार्केटिंग गारमेंट्स प्राइवेट लिमिटेड	BLOCK E-273 B-129, KH.NO-9/10, SHIV VIHAR, NILOTHI EXT, NANGLOI, WEST DELHI, दिल्ली	India
S2-562146553	Reed And Allen Good Llc	8811 TIBBITTS RD, PO BOX 4736, NEW HARTFORD, NY	US
S2-966832112	Prairie LLC Industries Bay	1417 CREEKSIDE DR, RICHARDSON, TX	US
S2-179321683	Dr Futuristic Ventures Exports  Private Limited	UNIT NO ##24, BLOCK -H, WEGMANS PRINSTON PLAZA SECTOR-18, ROHINI, Delhi	India
S2-565261084	Vital Welfare Society Limited	C-257, NEW SUBZI MANDI, PANIPAT, Haryana	India
S2-740918574	Janhavi Traders Priaete Limited	S-062, UNISTAR ESTATE, SAHARA MALL, M G ROAD, DLF QE, Haryana	India
S2-757016762	#swamitrading	NO ##82 VISI VILLA ANUGRAHA LAYOUT BILEKAHALLI BANNERGATTA ROAD, BANGALORE SOUTH, ಕರ್ನಾಟಕ	India
S2-489830439	LARSEN HORIZON ROCK	DUDLEY, NC, 1202 EMMAUS CHURCH RD	US
S2-968217650	ROYAL  PVT LTD CENTER	193 , VPO KHERKI, MANESAR, TAURU, हरियाणा	India
S2-309573851	nwbiopharma.com	KY, 85 LOVELL CT, MOUNT VERNON	US
S2-288613919	भारत प्रॉपर्टीज प्रा. लि.	VILLAGE & POST OFFICE JOGIA, HATHRAS, ALIGARH, Uttar Pradesh	India
S2-898344120	Hilario Medical Cénter	FESTUS, MO, ##106 MAIN ST	US
S2-498020180	Inc. Ridgeline	NEWARK, DE, ##7 KRIS COURT	US
S2-694768284	YXB LLP [Center]	NO 44 C/O DEBAPRIYA DAS, IA-48, SECTOR- III, SALTKLAKE, West Bengal	India
S2-822449630	Llc Amber	7096- BRYAN STATION ROAD, CORDOVA, TN	US
S2-725697999	Estates Educational Sóciety	NO ##4784/A1/C/2 , SHOP NO. 07 AND 18, 2ND FLOOR, PRIDE ICON, GOKUL ROAD, HUBLI, DHARWAD, Karnataka	India
S2-640820380	Bricklayers Lcga 331	76TH STREET, BURBANK, IL	US
S2-316349066	CENEVUE LLC MANAGEMENT	3203 62ST AVE, SPOKANE, WA	US
S2-186032177	Autism Ássistance	CAPE WEDGEWOOD CIRCLE, BROWNS SUMMIT, NC	US
S2-635045504	इनोवेटिव पावर मेडिकल्स प्राइवेट लिमिटेड	NO. 101 2022, URMI ESTATE - TOWER A, 20TH FLOOR, 95, GANPATRAO KADAM MARG, LOWER PAREL (WEST), MUMBAI, Maharashtra	India
S2-271255836	Shri Future Development Private Ltd	H.NO RD FLOOR, 43/2, KARVE ROAD, NUL STOP, ERANDWANE, null, Maharashtra	India
S2-88888378	PICKENS, SHANA INTERSTATE ARCH LLC	84TH ST, TULSA, OK	US
S2-647106430	TT BIOWORKS GROUP	302 ABELINE DR, CLARKSVILLE, TN	US
S2-378574966	Private Osmanabad Solutions [Ltd]	H.NO. 1243 TER, OSMANABAD, OSMANABAD, OSMANABAD, Maharashtra	India
S2-259695840	Rajendra  Enterprises	H.NO 42 A/8, MINERVA INDUSTRIAL ESTATE, OFF LBS ROAD OPP. ASHA NAGAR, MULUND (W), Maharashtra	India
S2-369025951	Regius Welfare Society Company	KHASRA NO 3409/1254, VILLAGE, PARASRAMPURA, SKS RIICO IND. AREA, SIKAR, Rajasthan	India
S2-399323341	shebapesticides.com	2/395-21, KANNAPPAN NAGAR, KATTIGANPALLI, KRISHNAGIRI, KRISHNAGIRI, தமிழ்நாடு	India
S2-361825718	The Dent Yoga Corp	MA, 303 LINCOLN ST, ABINGTON	US
S2-792028628	BIDDIE F. MYERS, M.D., M.D.,		US
S2-832223450	M/s Vng Enterprises of Ujjain	9-255/8, SHASTRI NAGAR, UJJAIN, Madhya Pradesh	India
S2-660687765	CUX Zeo Summit	15613 30, NY, DOWNSVILLE	US
S2-882323152	Howard Imaging Inc	DE, 123 TIME CIRCLE, BEAR	US
S2-40459436	happy yoga	5833 1/2 FLYING M ST, TUCSON, AZ	US
S2-453987202	Barlow Duration	506 COUNTY ROAD C009, OCATE, NM	US
S2-929212292	Jefferson  Briht Co	4120 BALDWIN ST, FORT WORTH, TX	US
S2-748151670	Shri *** SG INTERNATIONAL [SCHOOL]	KD/91. A KAVI NAGAR, GHAZIABAD, Uttar Pradesh	India
S2-407605932	Rbd Buildcon LLP	305/307, VITHYACHAL, NEELKANTH VALLEY, RAJAWADI ROAD NO 7, GHATKOPAR (E), Maharashtra	India
S2-106841234	Youth Senirhices	TEMPLE, TX, 17 UPSHAW AVENUE	US
S2-818108715	Monette Youth Federation Associates	56 1/2 CRAIGHEAD 518 ROAD, NULL, MONETTE, AR	US
S2-696896369	न्यू एस्टेट प्राइवेट लिमिटेड	H.NO 28 CGHS NAV KRANTI APARTMENT INDRA PRASTHA EXTENSION, PATPAR GANJ, NEW DELHI, DELHI	India
S2-314860373	Barnett Ocean  LLC	3913 NICKEY LN, PMB 9077, HAMPSHIRE, TN	US
S2-123958376	Heart Ministries Partners	2299  METER RD, LAKESIDE MARBLEHEAD, OH	US
S2-478439612	Mr Ideaz Funds Private-Limited	Rajasthan, PLOT NO F-16, GAUTAM MARG, AMRAPALI CIRCLE, JAIPUR	India
S2-161558142	60/49 Vehicle	482 GLEN LILY RD, BOWLING GREEN, KY	US
S2-278356708	Main Street Bnceok Store	630 TOLLAND ST, EAST HARTFORD, CT	US
S2-587165045	Jayne's Technologies Corp	906-910 ISABELLA AVE, WASHINGTON, NC	US
S2-393692597	Flores's  Consultants-Inc.	CT, GUILFORD, 105 DOHM AVE	US
S2-788107981	Strategic Packaging International Inc	879 ROSEWOOD RD, GOLDSBORO, NC	US
S2-569407312	PERSON AND TRAN CO	12516 CAPITOL SADDLERY TRL, N/A, AUSTIN, TX	US
S2-214995449	Mr Bhargavi International School LLP	A-20, FF AE-II FARIDABAD, FARIDABAD, Haryana	India
S2-634243885	Quality First Zhejiang	3252 MIDDLE RD, COLUMBIA FALLS, MT	US
S2-875742707	Amor and  Morales	330 MARINER CIR, BARNSTABLE, MA	US
S2-49320733	DEV INFRAASECH  LIMITED	H.NO. 0014-99 , SRIRAM NAGAR COLONY, PATANCHERU, Telangana	India
S2-965964649	VENTURA  STERLING FLEX	207 ELM ST, AMBIA, IN	US
S2-663235522	Lucky Auto Body	8208 ELDER CREEK RD, SACRAMENTO, CA	US
S2-777798901	Cardi0logy Clica Group	CUSHING, ME, 51 BROAD COVE LANE	US
S2-728165215	6 & E Inc. [Peace]	11 SANTA FE TRAIL, JACKSONVILLE, AR	US
S2-499080729	IEY Boutique Public Limited	COMMERCIAL UNIT NO LG 93 , GAUR CITY CENTRE SEC 4, GAUTAM BUDDHA NAGAR, Uttar Pradesh	India
S2-163851790	Fresh Consumer Unnio Inc	698 AUNT HILL LANE, REEDS SPRING, MO	US
S2-219496094	Hamilton Pacific Tire Shop, Inc	49 146, GOLCONDA, IL	US
S2-12053627	Global Delta Boutdue  Inc	905 SEVENTH ST, IL, PAWNEE	US
S2-367425597	SS INTERNATIONAL SCHOOL SCHOOL PRIVATE LIMITED	NO.219/5 , BASEMENT FLOOR, WEST-MINISTER, NO.13 CUNNINGHAM ROAD, BANGALORE - 560 052., Karnataka	India
S2-933844848	JAIN LIMITED  PRIVATE ENTERPRISES	NO 0237/A , OPP TULASI THEATRE MARTHAHALLI - SARJAPUR OUTER RING RD, BANGLORE, Karnataka, null	India
S2-75543983	Pvt. Terabyte Fertilizers Ltd.	HIG-2, CHANDRASEKHARPUR PHASE -1, 7 ACRES, BHUBANESWAR, KHORDHA, Odisha	India
S2-92568059	Garrow Perpbtceony Academy	KS, MANHATTAN, 315 DENISON AVENUE	US
S2-417864773	New De1hi India LLP	#C-447 7/51, F/F, BACK SIDE, SUBHASH NAGAR, NEW DELHI, Delhi	India
S2-229268750	Inger Santiago Briacell [[LLC]]	17 STEPHENSON STREET, PO BOX 9885, MARION, IN	US
S2-56516724	NFI Developers	91/134, S/F, CHILLA, VILLAGE, MAYUR VIHAR PH-1, EAST DELHI, Delhi	India
S2-34050913	గ్రేట్ ఐటీ ప్రైవేట్ లిమిటెడ్	##6-41, HYDERABAD, RANGAREDDY, తెలంగాణ	India
S2-84470408	Human Rights Society LP	MIDAS LN, ALVIN, TX	US
S2-631893503	Ltd 101 Vii	314 COLEMONT TER, TN, ANTIOCH, PMB 7470	US
S2-133399902	सदर्न लॉजिस्टिक्स लिमिटेड	196, SOUTH DELHI, DELHI, दिल्ली	India
S2-905332462	Rio LLC	1287 MILLS RD, MOUNT OLIVE, NC	US
S2-861727862	Chirag Sanitation-Pvt Ltd.	NO 5, PERUMBAKKAM, TIRUVALLUR, Tamil Nadu	India
S2-230628758	fetechnationaltwin.com	WOODBURN ROAD, MILAN, IN	US
S2-187019341	@manjarrezmoen	724 GAZIN ST, HOUSTON, TX	US
S2-378407062	Cascade Patriot Chicago Llc	800 107. HAZEL DELL RD, SPRINGFIELD, IL	US
S2-737358616	Apex Group	MA, 16 BIRCH DR, STERLING	US
S2-741347676	Manning Institute of Technology Corporation	4516 22ND AVENUE, MOLINE, IL	US
S2-501120637	ONCOLOGY  BLUE GROUP	301-305 WHIPPLE STREET, PRESCOTT, AZ	US
S2-35120380	@omtrading	8-3-167-D-131, PLOT NO 131, PLOT NO 131, HYDERABAD, KHAIRATABAD, Telangana	India
S2-121460878	Software Apn Agro Group Private Limited	B/2 404POONAM PARK LALBAUG, MUMBAI, Maharashtra	India
S2-946340575	Services Diamond Cloud Metro LLC	15 WILDERNESS LANE, GREAT FALLS, MT	US
S2-76684872	Dermatology Care  Associates Inc	0837 FIRST AVENUE, PORTLAND, OR	US
S2-367489307	Smt Niranjan Apparels Pvt.	Karnataka, #143 , 3RD MAIN, AVALAHALLI, BDA LAYOUT, BSK 3RD STAGE, BANGALORE, BANGALORE SOUTH	India
S2-937716826	ஜெய் இன்ஃபோடெக்	B 0015/24 TNHB, HOSUR, Tamil Nadu	India
S2-705516762	JAININVESTMENTS.COM	MANA HOTEL 4677 RANAKPUR, SADRI, PALI, Rajasthan	India
S2-688592581	Mcreynolds-Pbc	3880 BLACKFOOT DR, LAKE HAVASU CITY, AZ	US
S2-211972608	Smith Arcelormittal,	CHERRYWOOD DR, BARRE TOWN, VT	US
S2-262629705	Vas Private Limited Services		India
S2-800718657	Liberty League of Silver Spring	SILVER SPRING, MD, ##2905 RANDOLPH RD	US
S2-283283733	Infraestate Medical Ventures L.L.P.	40 SR NO 242/2/1/3, SARAWATI NAGAR, NASHIK, Maharashtra	India
S2-306966515	Pediatric Dentistry Atlantic Associates Inc	367 HICKORY VALLEY RD, MAYNARDVILLE, TN	US
S2-632828378	Paulita Paulita Wilson	PARKVILLE, KINGS RIDGE ROAD, MD	US
S2-328244694	Lima  Hotels [Inc]	74. MARY STREET, ARLINGTON, MA	US
S2-780898647	-- Ebner Global Productions Inc.	5713 PORT IRVING DR, INDIANAPOLIS, IN	US
S2-984054461	Beacon Watson LLC	8989 NUMBER FOUR ROAD, LOWVILLE, NY	US
S2-238869418	Urgent Care Center Llc	8140 BREWERTON RD, CICERO, NY	US
S2-663747600	Community Trust	0019610 RIVERVIEW LANE, CANTON, MO	US
S2-891516746	Mumbai Private Limited  Services	KHATAU BUILDING. 1ST FLOOR, 44, N.G.N. VAIDYA MARG SHAHID BHAGAT SINGH ROAD, MUMBAI, Maharashtra	India
S2-957562492	Legacy C1eaning [LLC]	1305 UNIVERSITY AVENUE, WAUKEE, IA	US
S2-253508961	Sava Private Limited Center	S.NO A-56P, 57P, 110, MAGNAS LAKEVIEW, KHANAMET, ALLAPUR, HYDERABAD, Andhra Pradesh	India
S2-414157712	Smith Gltal Inc	5313A EASTGATE ST, WASHINGTON PARK, IL	US
S2-983263280	Bombay Solutions लिमिटेड	RZ/A-#15, GROUND FLOOR, KHASRA NO 59/9, 59/12, 59/19 & 59/22 VILLAGE MUNDKA, MUNDKA, NEAR TAIL WALI GALI, NEW DELIH, Delhi	India
S2-356542359	Shri Agam Mercantile-(India) Private Ltd		India
S2-374011539	Capital Bright Partners	17 SPRING STREET, TAUNTON, MA	US
S2-441498549	Unified Kóngsberg P.C.	#567 CROLEY DRIVE, NASHVILLE, TN	US
S2-98585573	Straight Food (India) LLP	DOOR NO.5-112B (5), DARUL ARKAN, HEJMADI GRAMAPANCHAYATH, KAUP TLK, UDUPI, Karnataka	India
S2-992285252	Highland [Charities]	77 MONTAUK HWY, BLUE POINT, NY	US
S2-833716779	Pramod College Private Ltd	ROOM NO. 602, 6TH FLOOR GAIKWAD HEIGHTS, BESIDE BHAGIRATHI, THANE, Maharashtra	India
S2-439718765	BEST ANALYTICS INC. CENTER	##4975 STEWART PL, MD, WALDORF	US
S2-491510828	Vasudha Exhibition Private Limited	FLAT - J/204, FLR - 2ND, GOKUL VILLAGE, SHANTI PARK, MIRA RAOD EAST, THANE, N/A, महाराष्ट्र	India
S2-377565099	Thomas Oak	GREENHAVEN DRIVE, null, GREENSBORO, NC	US
S2-627958031	Maroney Advanced Harmony (Llc)	1319 RIDGEFIELD LOOP, ROUND ROCK TOWNSHIP, TX	US
S2-921445352	PRIME PACELINE	224 LAKE ST, FERGUS FALLS TOWNSHHIP, MN	US
S2-990294030	Ponce & Morabito LLC	20 OGDEN HALL CT, N/A, WINDSOR MILL, MD	US
S2-69219149	Watts, Wall & Anderson Nuclear Clinic Ltd	SOLLIE AYSCUE, HENDERSON, NC	US
S2-747716994	Winall Limited Merchants	#4-5-83 , 1ST FLOOR, THYAGARAJA ROAD, 5TH LANE, KORETIPADU, GUNTUR, Andhra Pradesh	India
S2-501866869	एस यूनिक इंफ्रा एलएलपी	S-126, DELHI, SOUTH DELHI, दिल्ली	India
S2-181042959	Piedmont Dental	2461 LAURELHURST ROAD, CLEVELAND, OH	US
S2-829281866	JZ Shreya, Corp	223 LAKEWOOD AVENUE, CHARLOTTE, NC	US
S2-222160023	Media  Aavya Business Corp	#364  F.NO402, MANVIS PRIDE APRT, SRIRAMANAGARCOL, ENIKEPADU, KRISHNA, Andhra Pradesh	India
S2-227167639	स्वस्तिक गुड सॉल्यूशंस प्राइवेट लिमिटेड	C/OALKABAI VIJAY KORE, SOUNDADTAH ARJUNI, BHANDARA, Maharashtra	India
S2-331746454	FOOT & ANKLE PRECISION PARTNERS LLC - 8295725947	914 CICERO AVE, CHICAGO, IL	US
S2-900829415	LTD BENGALURU LIABILITY	DOOR NO 48, FIRST FLOOR, GARVEBHAVIPALYA HOSUR ROAD, KUDLU GATE, BENGALURU, BANGALORE, Karnataka	India
S2-179017084	Anr Pure Private Ltd	UNIT G-1, GORUND FLOOR, 4, DR. RAJENDRA PRASAD SARANI, KOLKATA, KOLKATA, পশ্চিমবঙ্গ	India
S2-897078932	Elite Worldwide Co Service	5744 BLAINE ST, WASHINGTON, DC	US
S2-55905513	Ettie Newton Bright Canada Corporation	3940 CANTON JADE WAY, ARLINGTON, TX	US
S2-754843720	EASTERN MUNICIPAL	609 FRANKLIN ST, TX, SEYMOUR, N/A	US
S2-868722627	LTD DREAM APEX AGRO	KIOSK- D/01, CENTRAL PLACE, IN FRONT OF VGLJ, JHANSI, Uttar Pradesh	India
S2-634044619	సుప్రీమ్ వెంచర్స్ హోటల్ ప్రైవేట్ లిమిటెడ్	#812 8-2-120/115/17, HYDERABAD, Telangana	India
S2-844944331	Wilkinson South Associates Meshflow	001236 WARING AVE, BRONX, NY	US
S2-616722205	LLC Iracheta Wigllw,	OK, 3813 RD, CALVIN	US
S2-14112823	Velis Golden Hrose LLC	26-28 OAK GROVE DRIVE, MIDDLE RIVER, MD	US
S2-35990836	XO Jónes	IL, DOLTON, 015547 COTTAGE GROVE AVE	US
S2-76272662	Unified Chemical (LLC)	1215 MCCONNELL ST, MORRISTOWN, TN	US
S2-597883863	FINK SIMSTH & NISWONGER GIANT LLC	24518 1325TH ST, CHRISSMAN, IL	US
S2-436585583	Oralie N. Woodberry,  Ph.D.	620-624 BARLOW STREET, <NULL>, CLEARFIELD, UT	US
S2-933655524	KARWOWSKI MELAR OF EAST HAMPTON CORPORATION	84 HIGH ST, EAST HAMPTON, CT	US
S2-522289145	ઈસ્ટ પ્રોડ્યુસર પ્રાઇવેટ લિમિટેડ	H.NO 4817 NETAJI BAZAR, DAHOD, DUDHIA, Gujarat	India
S2-400073575	Smt PRATHIBHA TRADING PRIVATE LIMITED	C #270, FIRST FLOOR, SUSHANT LOK 1, GURURGAM, SADAR BAZAR, Haryana	India
S2-708646343	CAVE GRAND  COMMODITY, LLC	58 LA COSTA BOULEVARD, <NULL>, MARTINSBURG, WV	US
S2-7512180	ഇന്ത്യൻ ട്രേഡിംഗ് പ്രൈവറ്റ് ലിമിറ്റഡ്	HARIS HOUSE PULLICHIRA, N/A, KOLLAM, ERNAKULAM, Kerala	India
S2-226392720	The Stallworth Pmv Co	5252 LIGHTFOOT PATH, COLUMBIA, MD	US
S2-896848223	नॉर्थ इन्वेस्टमेंट्स प्राइवेट लिमिटेड	L-1/1100, NEW DELHI, SOUTH DELHI, Delhi	India
S2-418905490	Mr ABHISHEK PVT. LTD. CENTER CENTER	101, ROHINI RESIDENCY, M G ROAD, NEAR PANCH RASTA, MULUND WEST, MUMBAI, Maharashtra	India
S2-680507036	Safalya & Brothers-Private Limited	201/A, VERTEX VIKAS, SIR M. V. ROAD, ANDHERI (EAST), Maharashtra	India
S2-535037695	Tri-State Chgfrartns	654 REYNOSA CT, BEREA, OH	US
S2-805589535	Soum Inc Inc	##1420 COPPER CREEK DR, DURHAM, NC	US
S2-657059011	இன்டர்நேஷனல் யுனிவர்சல் இன்டர்நேஷனல் பிரைவேட் லிமிடெட்	NO89, THIRUMURTHY NAGAR5TH STREET NUNGAMBAKKAM CHENNAI, NUNGAMBAKKAM CHENNAI, Tamil Nadu	India
S2-836028736	Highland Montessori School LP	##2902 18TH STREET, AR, ROGERS	US
S2-373344619	Fetterman's Sílver Logistics	204 MIDDLEWAY RD, MD, MIDDLE RIVER	US
S2-526605582	Limited Technologies Ramagiri Buildtech Center	PADMA MARKET CHITRASHALA CAMPUS, BAHRAICH, उत्तर प्रदेश	India
S2-275641898	Cruz  Liberty Fashion LLC	3318 OLD DOLLARD WAY, VAN BUREN, AR	US
S2-922246955	M F & R  Highview Riverside LLC	00227 ECHO DR, MEADVIEW, AZ	US
S2-681040731	इंडियन टेक्नोलॉजी	H.NO.464/20. SHAKTI NAGAR, GURUGRAM, GURGAON, Haryana	India
S2-515963441	AH Agro Private	HN 109/7 SITE NO. 4, GOLDEN INDUSTRIAL LAYOUT KANIYUR VILLAGE, COIMBATORE, Tamil Nadu	India
S2-935022296	North Electronics LLP	BLOCK C-672 79B, 79C, 79C1, 79C2, PARAKKRTTIL BUILDING, TIRUR, MALAPPURAM, Kerala	India
S2-445914143	Signature  Wireless Inc Center	00300 Z OWEN DAVIS BOULEVARD, <NULL>, YORK COUNTY, VA	US
S2-81352099	Vaniex Prime		US
S2-675387271	Howard Capitrl Triton Clinic	7211 SEVENTH ST, PHOENIX, AZ	US
S2-46917743	ब्लैक हेल्थकेयर टेक्नोलॉजीज प्राइवेट लिमिटेड	H.NO 47 VILL HARIJAN COLONY, FATEHPUR, Uttar Pradesh	India
S2-571058179	Toni's Pacific Hospitality LLC	1804-1806 WHITE TAIL DR, HAARLINGEN CDP, TX	US
S2-462387080	Mr GURU HOSPITA1ITY PRIVATE LIMITED	H.NO.1-5, DAKARAM VILLAGE MUDINEPALLI MANDAL, MUDINEPALLI, Andhra Pradesh	India
S2-149121121	Gold Public School	102, CHITRAGUPTA NR, SOMESWARA COMPLEX-2 SATTELITE, AHMEDABAD, ગુજરાત	India
S2-21698568	Hari Tech	DOOR NO.66/3718, ROOM NO. 64, JACOB DD MALL, MG ROAD, ERNAKULAM, Kerala	India
S2-286954628	#Zion Cyber | www.zioncybe.com	DARIEN, 35-39 WAKEMORE ST, CT	US
S2-95834070	Bowling-Green  Jones Holdings	BOWLING GREEN, KY, 1529 CROSSBREEZE CT	US
S2-534409802	Delgado & Sahagun Service	5226 STEINER STORE RD, HONORAVILLE, AL	US
S2-837649509	Dr SSSDEVELOPMENTGROUP.COM	F-538, RIICO GROWTH CENTER, DHOLPUR, राजस्थान	India
S2-15782220	... Depalma Institute  of Technology Inc	1319 GAUCHO DR, SAN ELIZARIO, TX	US
S2-99351444	HO Better Better	1500 MOSS CREEK AVE, ANCHORAGE, AK	US
S2-89740297	सुपर सिटी फाउंडेशन प्राइवेट लिमिटेड	C/O- AVINASH KUMAR NEAR, GYAN NIKETAN, GHURDAUR RD, PATNA, DINAPUR-CUM-KHAGAUL, Bihar	India
S2-226760698	Zeva	026 MAIN ST, NULL, STOCKBRIDGE, MA	US
S2-770398305	Private Marketing Maa Incubators Ltd	F P 493 PATIL PLAZA OFFICE NO 238 MITRA MANDAL CHOWK PUNE, POONA, N/A, Maharashtra	India
S2-350202349	Choice Group Mortgage	1844 BASS LOOP, COLORADO CITY, TX	US
S2-705303151	ltd helping style ventures	R-685NEW RAJIDNER NAGAR, CENTRAL DELHI, NEW DELHI, Delhi	India
S2-839750178	WYR Iibr Pvt Ltd	Andhra Pradesh, PLOT NO K2-, PHASE-II, VSEZ, DUVVADA, VISAKHAPATNAM, VISAKHAPATNAM (RURAL), VISAKHAPATNAM	India
S2-791785430	SOL  SERVICES PRIVATAE LIMITED	BN-53 KUMARI, DHARMASALA, JARAKA, Odisha	India
S2-864437900	GREAT [BUILDERS]	D/3-605 ELITE BUILDING, SR NO 145/2A 41, PUNE CITY, महाराष्ट्र	India
S2-660746305	Martinez and Johnson Inc.	501 B ACADEMY STREET, HIGH POINT, NC	US
S2-813912722	Animal Welfare  Charities	2185 BLUFF DR, CEDAR CITY, UT	US
S2-539126445	4186 First Drive Realty Associates Group	612 GLENDALE AVENUE, HOUMA, LA	US
S2-769002706	New Impex Medicals	C-1-01, SHARDA PURIRING ROAD, Delhi	India
S2-30125547	ஈஸ்டர்ன் கன்ஸ்ட்ரக்ஷன்ஸ் பிரைவேட் லிமிடெட்	MADURAI NORTH, DOOR NO A-445 36A/12, MADURAI, Tamil Nadu	India
S2-929179212	GLOBAL MÁRKETING UNION HOLDINGS	1646 GILLAREL SPRINGS LN, DALLAS, TX	US
S2-34256584	EXPRE5S VIII INC	10401 MALLORY DR, FRISCO, TX	US
S2-725913561	OPTIMAL SÉRVICE LLC	310 ALEXIAN WAY, SIGNAL MOUNTAIN, TN	US
S2-370179987	Swastik Projects Private Ltd	#3-4TH FLOOR, SADHANA HOUSE, P.B MARG, WORLI, Maharashtra	India
S2-540940810	Taraesh Prdoucts Limited	#1 , 4TH BLOCM, KKD NAGAR, CHENNAI, தமிழ்நாடு	India
S2-551512234	Rvg Sales (India) Private Ltd		India
S2-992383821	Ltd Silver Dental	UTTARA CO-OP HOUSING SOCIETY, 13 BROAD STREET, 1ST FLOOR, FLAT 1I, KOLKATA, CALCUTTA, KOLKATA, West Bengal	India
S2-607918757	Main Sts1rnt Diner! Ltd	213-215 FORMAN DR, ATTALLA, AL	US
S2-510920577	Neminath Pvt. Ltd. Center	C/O AVADHESH KUMAR, MAHDEV PALHREE, BANDA, उत्तर प्रदेश	India
S2-684083056	Shri Kmn Carcare Group Private Limited	UNIT NO. 14, 3RD FLOOR, TOWER-2 EASTERN SIDE, VAMSIRAMS JYOTHI GRANULES, SURVEY NO.199, SERILINGAMPALLY, Andhra Pradesh	India
S2-501878691	JWV Inc Services	1215 1/2 CHESTNUT STREET, WEBB CITY, MO	US
S2-731977729	BRAME LMCYDS (PC)	107  DEARDORFF AVE, PEU TOWNSHIP, IA	US
S2-891882558	PLLC Alvasrado Holdings Group	521 ENGLISH VILLAGE WAY, KNOXVILLE, TN	US
S2-893710297	Great Stanley Co	75 FAVRE STREET, MATTAPAN, MA	US
S2-664437123	24/11 Grifols	1069 ROAD 5705, CLEVELAND, TX	US
S2-31341374	AUTISM ÁSSISTANCE NETWORK L.L.C.	#5 VILLAGE ROAD, OYSTER BAY, NY	US
S2-553316895	CARDIOLOGY LEGACY LLC [CENTER]	VA, 8309 HANCOCK CT, GAINESVILLE	US
S2-137990609	@macchiasnyder	8618 LOVELACE STREET, MANASSSAS, VA	US
S2-70007591	Masson's Bay Súpply	05840 KERRY DR, W. PADUCAH, KY	US
S2-727381893	Nataor	19036 HARDING AVE, FLOSSMOOR, IL	US
S2-99948078	RIDGE  MONTESSORI SOLO	15588 MERRILL AVE, FONTANA, CA	US
S2-993714678	સાઉથ ઈસ્ટ એગ્રો લિમિટેડ	60, TIMES SQUARE ARCADE, OPP. RAMBAUG, THALTEJ-SHILAJ ROAD, THALTEJ, AHMEDABAD, Gujarat	India
S2-537173799	Fresh Green Investments  LLC	OCEAN CITY, 13307 WIGHT STREET, MD	US
S2-138966586	LP Techn0logies Private Limited	FD-47 PITAMPURA, NEW DELHI, दिल्ली	India
S2-555633546	गुरु लाइफ केयर लिमिटेड	DOOR NO 20  FLAT NO 604 SECTOR 26, THANE, VASHI, Maharashtra	India
S2-116799176	Rudloff's Crystal Metal Works lnc.	100 PARADISE DR, NACOGDOCHES, TX	US
S2-714972588	ಶಿವಂ ಫುಡ್ ಪ್ರೈವೇಟ್ ಲಿಮಿಟೆಡ್	NO. 617 14, HONAVAR, UTTARA KANNADA, ಕರ್ನಾಟಕ	India
S2-792014671	Vallez, Candra D., D.C.	836 BARNABY SAINT, WASHINGTON, DC	US
S2-134652353	Complete  Mountain Arbor Inc.	DORCHESTER CENTER, 28 CORONA ST, MA	US
S2-534332374	Rosalind B. Hernandez, DPM LLC	15-17 QUINCY CLOSE, RIDGEFIELD, CT	US
S2-264016380	Modern Infotech Private	332 C301, RAGA FLATS, 3RD FLOOR NO 643/1A1, SH 48, SRIPERBUDUR TALUK, Tamil Nadu	India
S2-283733615	Glb Advisors	FLAT NO. 3K, P.S.ALANKAR, 857, MOTILAL GUPTA ROAD, KOLKATA, West Bengal	India
S2-912995593	DELIBLUE.COM	57 OLD COUNTRY RD, WESTBURY, NY	US
S2-208086508	HYDERABAD FOREX PRIVATE LTD	Telangana, P.NO. A-36, ROAD NO.6, FILM NAGAR, JSBILEE HILLS, HYDERABAD	India
S2-135994402	Crocker, Munoz and Críss Acres Highland	538 Evening Star Drive, CITY OF HOLLADAY, UT	US
S2-308187284	Horizon Wellness LLC Partners	18 A GROVE ST, ARLINGTN, MA	US
S2-773738668	Smart Whólesale Advisors	00240 WALKER ST, BABYLON, NY	US
S2-941488883	Lim, Parks & Etdwarrs Interprivate	432 ROCK CREEK ROAD, NORTH WILKESBORO ITY, NC	US
S2-17968658	LLC Foot & Áhnskle Metropolitan Physicians	BANNER ST, MOUNT AIRY, NC	US
S2-407692499	Silvasa  Web	NO. ##947 , 3RD FLOOR, 1ST CROSS, 8TH A MAIN, IDEAL HOMES TOWNSHIP RAJARAJESHWARI NAGAR, BANGALORE, Karnataka	India
S2-880722771	-- Board of-Transportation Associates Holdings	6391 600, SHIPSHEWANA, IN	US
S2-678410194	Mariette Adneglo National Hennessy Center	153 COLLEGE ROAD, DOVER, DE	US
S2-25619858	Behavioral Health Gulf Physicians Llc	GALT, 10711 ESADA COURT, CA	US
S2-134131481	ಸ್ಮಾರ್ಟ್ ಮ್ಯಾನೇಜ್‌ಮೆಂಟ್ ಪ್ರೈವೇಟ್ ಲಿಮಿಟೆಡ್	H.NO 201, BENGALURU HQ REGION, BANGALORE, Karnataka	India
S2-773573624	Sondra Darrington Columbus Ltd	6458 PINEHURST SAINT, HOUSTON, TX	US
S2-134576009	Star Obic Co	1938-B YAKIMA AVENUE, TACOMA CIY, WA	US
S2-289797129	FARBER'S COMMUNICATIONS	4424 DUEBER AVE, CANTON, OH	US
S2-154629462	Ad Cargo Pvt	1-8-454 , 455, 456, UDAYA GALAX, F.NO.302 9TH STREET, CHIKKADAPALLY, Telangana	India
S2-92647060	Shri french clinic	NO 2-5 BETHEL PURAM, BABA PURAM DONAKONDA, HYDERABAD, Andhra Pradesh	India
S2-206866634	... TIMM, SIMMONS AND FRISBIE LIQUOR LLC	10 GARIBALDI AVENUE, STATEN ISLAND, NY	US
S2-544906162	*** PORTER CREATIVE VILLAGE RIVERSIDE L.L.C.	10 Memorial Drive, CAMBRIDGE, MA	US
S2-228479833	Urology Care Associates Partners	OR, 9922 SHAVER ST, MAYWOOD PARK	US
S2-767720847	Montain Lab P.C.	275 HIGHWAY 278, WILMR, AR	US
S2-313314263	Physical Therapy Partners Inc.	EHMAN ROAD, MISHAWAKA, IN	US
S2-40436762	MUMBAI PRIVATE ESTATES LIMITED	महाराष्ट्र, 102, VANVARIA APARTMENT, CORNER OF 2ND ROAD, S V ROAD, KHAR (WEST), MUMAI	India
S2-727313208	Private Perfect Brothers Limited	C/O DAUDAYAL RAMCHANDRA RATHI BUDDHA MARG, KHACHRAUD, UJJAIN, Madhya Pradesh	India
S2-295909711	Sri Great Ventures (Limited)		India
S2-142637632	Urja Limited [Services]	HNO 3-7-462/24, DP NAGAR, HAYATHNAGAR, Andhra Pradesh	India
S2-905428491	माय फाउंडेशन प्राइवेट लिमिटेड	PLOT NO-A-15A, FARIDABAD, हरियाणा	India
S2-643751832	THE BRANDON RESTAURANTS LLC	157 D AND J FARM LN, JACKSONVILLE, NC	US
S2-295597396	Buroify Electric Inc	35 SCOTT ST, CARTHAGE, MO	US
S2-6765972	Fresh Coffee	CALLAWAY LN, TUMWATER, WA	US
S2-277131240	Milligan, Linan And Dragon Choice Corp	719 MAX AVENUE, O FALLON, MO	US
S2-238580730	स्वस्तिक यूनिक सॉल्यूशंस एलएलपी	L-153/C STREET NO. 13 MAHIPALPUR EXTN., NEW DELHI, SOUTH DELHI, Delhi	India
S2-485651959	Odeon & Sóns Pvt. Ltd.		India
S2-338322211	Bastion Group	LINCOLN, MA, 29D PINE RIDGE ROAD	US
S2-513454432	The Naify Tankers  Partners	10569 CANTER AVENUE, SAINT LOUIS CITY, MO	US
S2-663575300	North Management Private Ltd	PLOT NO.179 PHASE V HSIIDC SECTOR 56, KUNDLI, Haryana	India
S2-730626631	2957 Fourth Ave	DECATUR, AL, 3006 COTTON PL	US
S2-466897830	QUOJAX	FLAT NO 1102 PLOT NO 35 GREAT LYALLPUR CGHS LTD SECTOR 10 DWARKA, NEW DELHI, SOUTH WEST DELHI, Delhi	India
S2-740342349	Bhive Foundation Company	West Bengal, 66, DHAN DEVI KHANNA ROAD 2ND FLOOR, KANKURGACHI, KOLKATA	India
S2-235721509	SHREE-INTERNATIONAL PEVASTE LIMITED	Gujarat, 129/1/A, GIDC ESTATE NANDESARI, VADODARA	India
S2-447467378	RIDGE SCHOOL  MONTESSORI	15588 MERRILL AVE, FONTANA, CA	US
S2-471516390	quirino & mckinley skidmore	001889 HART STREET, RIDGEWOOD, NY	US
S2-984245595	लक्ष्मी बिल्डर्स प्राइवेट लिमिटेड	C/O SUNIL KUMAR, HAJIPUR, VAISHALI, Bihar	India
S2-461792349	Girnar Traders Phrihalvt Limited	8-3-988/34/7/7 , GROUND FLOOR, SRINAGAR COLONY EXTN., JAIN MARBLE LANE, KHAIRATABAD, Telangana	India
S2-196377817	RKG CO CENTER	ಕರ್ನಾಟಕ, C4, 10051 ASSETZ EAST POINT, GEAR ROAD JANATHA COLONY.CHIKAPOLANTHU, BANGALORE SOUTH	India
S2-422847781	गैलेक्सी बिजनेस प्रोविजन प्राइवेट लिमिटेड	FL-B-1114 MARVLE ALBERO, PUNE, महाराष्ट्र	India
S2-147020900	Kaitlyn Do Cleaning Service Inc	RENTON, WA, 16523 133RD PL	US
S2-975115401	Memorial Coalition VI Southside	1622 NORTHWIND DR, OCEAN ISLE BEACH, NC	US
S2-696514920	UTTAR PRADESH SOLUTIONS PRIVATE LIMITED	Uttar Pradesh, F HALL 1ST FLORO63/2 CITY CENTRE KANPUR, UTTAR PRADESH	India
S2-842970431	Services Raleigh Sunshine Corp	119 59TH STREET, SEATTLE, WA	US
S2-578108658	Delta Fihd Fihd	ROCK HALL, 21471 GRAYS INN LADNING ROAD, MD	US
S2-383476918	SILVER  MARKETING STUDIOS	17827 HIGHLAND VIEW DRIVE, ARLINGTON, WA	US
S2-377498384	Ram Silverline Pvt Ltd	महाराष्ट्र, ROOM N-556 1ST FLOOR, CHALWL NO-36, BHARTA NAGAR, BANDRA KURLA COMPLEX, MUMBAI	India
S2-750402615	Clinic Dental Inc	4817-4821 MAPLE GROVE ROAD, UHRICHSVILLE, OH	US
S2-112905564	revitup.com	TX, 1310. TULANE ST, VIDR	US
S2-762485890	PI Infrastructures Pridtae Limited	Delhi, SHOP NO G-8, PLOT NO C-9, NETAJI SUBHASH PLACE PITAMPURA, NEW DELHI	India
S2-317893279	[LLC] Chin Pioneer Drilling	11-15 MAY AVE, MIDDLEBOROUGH, MA	US
S2-954631114	Mcmullan & Marroquin	AMELIA COURT HOUSE, VA, CELLAR CREEK RD	US
S2-924309076	Vaayuora Solutions Premt Limited	Gujarat, 7TH FLOOR-719, SHIVALIK, SHILP, ISCON CROSS ROAD, AHMADABAD CITY	India
S2-110502410	Horizon Horizon Columbus  LLC	1015C WASHINGTON STREET, SANDUSKY CITY, OH	US
S2-500493725	क्रिएटिव मीडिया प्राइवेट लिमिटेड	PLOT 521 A 322, UDAIPUR, राजस्थान	India
S2-381475528	Naji Póny Ássociates	112  NEOSHO ST, IOLA, KS	US
S2-361433279	Congregation Baptist Baptist Church LLC	810 MONTGOMERY ROAD, OH, CINCINNATI CITY	US
S2-188747718	Oncology	1533 COLONIAL DRIVE, PRINCE WILLIAM COUNTY, VA	US
S2-764455401	SMART POWER  PRIVATE LIMITED	DOOR NO 00618 AT POST PANGARITAL, BARSH, PANGARI DIST SOLAPUR, SOLAPUR, Maharashtra	India
S2-660390669	Vanguard Secure LLC Center	#1004 MORTON STREET, BALTIMORE, MD	US
S2-264454826	Behavioral Health Trusted Care Associates L.L.C.	806 1/2 CLEARVIEW DRIVE, VINTON TOWNSHIP, VA	US
S2-512590630	Neale & Bárillas LLC	2165 WATERSIDE CIR, GRAHAM, NC	US
S2-480728454	Brooklyn  Regional Center Inc	184. OXFORD STREET, BROOKLYN, NY	US
S2-595854159	Universal Construction Prcivce-Limited	R-8/53/6 RAJNAGAR, GHAZIABAD, Uttar Pradesh	India
S2-158913476	mumbaiagri.com	23 SAINATH INDUSTRIL ESTATEVISHWESHWAR NAGAR ROAD GOREGAON EAST, MUMBAI, Maharashtra	India
S2-119011500	R0net Clear Texas, L.L.C.	3876- PINCHER SAINT, BELLINGHAM, WA	US
S2-762255167	Choice Bnb Holdings	111-C CEDAR CREEK COURT, VAN BUREN, AR	US
S2-537639366	Quality Black	201 CUMMING AVEUE, OPP, AL	US
S2-13941347	Corporate Advisors, Inc Inc Service	3981 BEARDSLEY DR, MONTGOMERY, AL	US
S2-713655471	ফরচুন ইন্টারন্যাশনাল প্রাইভেট লিমিটেড	19 BRITISH INDIA STREET 2NDFLOOR P S HARE STREET, KOLKATA, CALCUTTA, West Bengal	India
S2-163768752	WILLIAMS VANGUARD CONSUMER [LTD]	54 GOLF VIEW DR, CRYSTAL LAKE CITTY, IL	US
S2-510224636	Fuentes's Massage	1545 14TH AVENUE, YUMA, AZ	US
S2-583613504	ॐ फाइनेंस प्राइवेट लिमिटेड	D ##95 SHRADHAPURI PHASE II KANKERKHERA, MEERUT, Uttar Pradesh	India
S2-723656114	The Pedraza, Isobel G., D.O. PLLC	CHARLOTTE, 1300 SOUTH BLVD, NC	US
S2-496544873	Advanced Po1ska Highland Services	TX, SPRING, 91 STAR RIDGE CIR	US
S2-235539941	THE SAFE  PRIME COASTAL	4106 WALKER AVENUE, GREENSBORO, NC	US
S2-510314780	M/s ROSE INFOCOM PRIVATE LIMITED	PLOT NO. 4190 DHABAI JI KA NOHARA, SANGANERI GATE, JAIPUR, Rajasthan	India
S2-115988089	Mumm Productions Inc.	21 HILLSIDE AVE, HAVERHILL, MA	US
S2-360324829	COMMISSION ON  LABOR P.C.	MESA CIRCLE DR, VANDENBERG VILLAGE, CA	US
S2-654625655	Vans Hire Ltd Pvt	H.NO 352 DOOR NO III/173 BCHIRAYATH BUILDING CHERIAKKARA ROAD PUTTHONCHIRA, POST THRISSUR, MALAPPURAM, Keralam	India
S2-546502538	BHIVE FOUNDATION LIMITED	66, DHCN DEVI KHANNA ROAD 2ND FLOOR, KANKURGACHI, KOLKATA, West Bengal	India
S2-614652836	Economic Development Corp Network	20959 COTTON SLASH RD, MARYSVIILLE, OH	US
S2-561018765	Sri TANGERINE PROJECTS  PVT. LIMITED	H.NO , 11TH MAIN, VIJAYANAGAR, BANGALORE NORTH, Karnataka	India
S2-555946618	corny n. tiede, dpm corp	MO, SAINT LOUIS, PMB 3956, 4477C FORDER GROVE CT	US
S2-450967680	YKS ANCHOR INC CENTER	2053 HWY 183, COLDWATER, KS	US
S2-639122938	Hawkins Vernal Inc	1818 1/2 177A, BONIFAY, FL	US
S2-11926160	Private North Jay Consulting Ltd	KANCHIPURAM, SAIDAPET, FLAT NO.##1A, தமிழ்நாடு	India
S2-730865952	Ear Nose & Throat  Beacon Specialists Inc	9246 CASCADE AVE, WEST DES MOINES, IA	US
S2-610548732	रॉयल इंजीनियरिंग एलएलपी	LEVEL - 2/3, ELEGANCE TOWER DISTRICT CENTER, JASOLA, SOUTH DELHI, NEW DELHI, Delhi	India
S2-266811346	Benchmark Benchmark Builders Private	2ND FLOOR KARMA ANNEX KRUSHNAI NAGAR, BEHIND HOTEL SEVEN HEAVEN, NASHIK, महाराष्ट्र	India
S2-473857216	ALSOP-HERITAGE GROUP CENTER	209-D CHOTA VIEW CIRCLE, LOUDON, TN	US
S2-384889673	Akn Devcon Prvate Limited	SURVEY NO. 3/1, PATWARI, HALKA NO.17, 22 TT, NAGAR, INDORE, Madhya Pradesh	India
S2-801592559	Riviera  Exim Pvt Ltd	PLOT NO. A-98 , 1ST FLOOR, MALL ROAD KINGSWAY CAMP CITY, G T B NAGAR, Delhi	India
S2-452365628	Bureau of Parks and Recreation Co	205 1/2 PINE ST, WILSON, NC	US
S2-772983988	mediaintegrated.com	390 SKYLAND DR, KINGSPORT, TN	US
S2-111549444	NRG TS	5-5F, EVEREST 46/C, CHOWRINGHEE ROAD, KOLKATA, KOLKATA, পশ্চিমবঙ্গ	India
S2-832210980	BIG ICE CREAM CORP CENTER	IL, 852 OXFORD PL, WHEELING	US
S2-556948684	Ram Private Limited [Services]	C-1, DEJUPLAZA, 3RDFLOOR, 4/14, SOUTHAVENUE, SRINAGARCOLONY, SAIDAP, ET, CHENNAI, தமிழ்நாடு	India
S2-930293162	OT Láboratories	0010243 MILLA CIR, AUSTIN, TX	US
S2-635722070	Sterling Premier	001538 SHAMROCK DRIVE, GARDENDALE, AL	US
S2-543568278	TAVARES [MASSAGE]	2175. LOWER 217TH AVENUE, TOWN OF SOMERSET, WI	US
S2-10014214	Fayeonyxkelo	5571-5573 FAIRMONT RD, <NULL>, LIBERTYVILE CITY, IL	US
S2-531354151	Holdings Internal Medicine Total Physicians	130 GARFIELD AVENUE, CHELSEA, MA	US
S2-927413737	Mr Lakshmi Trading Foods Private	D/19, JAMUNA DARSHAN CHS., BANGUR NAGAR, GOREGAON (WEST), MUMBAI, Maharashtra	India
S2-131944638	Mcfee Iron Works Inc.	AZ, GLENDALE, 7784 NORTHVIEW AVE	US
S2-425530133	माँ सॉफ्टवेयर एंटरप्राइजेज प्रा. लि.	44 C/O VIKASH, RATHGAON, CHANDAULI, BIDHUNA, AURAIYA, Uttar Pradesh	India
S2-159679957	बिग हेल्थकेयर प्रा. लि.	H.NO 251 G-5, ADILABAD, JAIPUR, Rajasthan	India
S2-679140983	oncologymedicine.com	4C COLLINS AVE, PLYMOUTH, MA	US
S2-411887012	Sneha Sneha Photo Company	H.NO 411 202, 2ND FLOOR BUILDING NO. 13/9, W.E.A. KAROL BAGH, NEW DELHI, Delhi	India
S2-177662791	miis fashion southside	OK, 00804 MOCCASIN ST, SAPULPA	US
S2-268919939	Jaipur Sérvices Pvt Ltd	S-22, BARKAT NAGAR TONK PHATAK, JAIPUR, राजस्थान	India
S2-183918044	UTA UTA CAMPBELL, D.D.S. (INC)	5005 SHAMROCK DRIVE, NC, RALEIGH	US
S2-639847110	Zaon Co Co	636 Oak Avenue, MOUNT VERNON, IL	US
S2-619002672	BURNS, REICH & KALINOWSKI		US
S2-232102796	HERITAGE ONEIM	928 OAKDALE DR, ANDERSON, IN	US
S2-458515552	SUPER GREAT INVESTMENTS LIMITED	066, 6TH CROSS, MATHRU LYT, NEW TOWN YELAHANKA, BANGALORE NORTH, ಕರ್ನಾಟಕ	India
S2-95108620	ಬಾಬಾ ಶಿವ ಬಿಸಿನೆಸ್ ಪ್ರೈವೇಟ್ ಲಿಮಿಟೆಡ್	Karnataka, 2ND STAGE KSSIDC INDUSTRIAL AREA, MANDYA, NO.C0028	India
S2-158362450	Green  Grand Music	4512 Ghost Rider Way, NULL, RIMROCK, AZ	US
S2-389115404	WEIRTON CORNERSTONE CÓMMODITY	91 SAN CARLOS SAINT, WEIRTON, WV	US
S2-994380376	Doumbia & Shore LLC Services	LAKESIDE DR, LYNCHBURG CITY, VA	US
S2-205662525	MOORESVILLE  MEDICINE GREATER	237 MONTIBELLO DRIVE, MOORESVILLE, NC	US
S2-885626521	LLC HEALTH ALLIAMMCE	115 FERRY STREET, NULL, OTTUMWA, IA	US
S2-104613660	Lujan Súperior LLC	8308 GREEN GRASS ROAD, LAUREL, MD	US
S2-732181136	Chawla-Securities Pvt. Ltd.	A-2/454/C, ERNAD, MALAPPURAM, കേരളം	India
S2-825074742	Ladd Anchor-Electronics L.L.C.	SAMOS ISLAND DR, APEX, NC	US
S2-656990314	shatabdipublicschool.com	8-, JAGNIRMAN SOCIETY, B/H NAVRANG HIGH SCHOOL, AHMADABAD CITY, ગુજરાત	India
S2-266197882	B 8	##1143 GARDEN DRIVE, NEWPORT NEWS CITY, VA	US
S2-506731445	Preferred Peak  Enterprises LLC	4512 TEXOMA PL, MOORE, OK	US
S2-199702827	PRECISION RESEARCH SERVICES	##11430 2, HAVRE, MT	US
S2-367798242	>> Liberty Charities	1100 TRINITY MILLS ROAD, CARROLLTON, TX	US
S2-487295116	RED TECH PRIVATE LIMITED	DOOR NO 1 RN MUKHERJEE RD, MARTIN, BURN HOUSE, 3RD FL, RNO 317, KOLKATA, KOLKATA, পশ্চিমবঙ্গ	India
S2-565620456	Bay Pfhect LLC	MAIN ST, WARSAW, IN	US
S2-873433740	Peacock Trust Ltd.	2-10-309/2/6 PRASANTHINAG, HANAMKONDA, Andhra Pradesh	India
S2-247550762	Roots Securities Pvt	Gujarat, C-87, GOYAL PARK, OPP GOYAL PLAZA, VASTRAPUR, AHMADABAD CITY	India
S2-951553277	Fetech National	19034 WOODBURN ROAD, WOODBURN, IN	US
S2-626887099	company reus idaho	31 GUILLEMETTE ST, SANFORD, ME	US
S2-823759696	solar industries group private limited	#1-B. GOREGAON SHREE AMBIKA CHS LTD. BHD VIJAY SALES GROUND FLOOR, CTS-807, GOREGAON WEST, MUMBAI, महाराष्ट्र	India
S2-822171796	Pagoda Memorial Trust (Ltd)	P NO G-8 TO10/C GOLDAN PARK, NR VORA COLONY, BHUJ, ગુજરાત	India
S2-97405573	Ordonez Culture LLC Services	20 JACKSON LN, RUSSELLVILLE TOWNSHIP, AR	US
S2-338246533	Patparganj Indl.Estate Promotion Private Límited	188, PATPAMGANJ INDL.ESTATE, दिल्ली	India
S2-80346053	MOLINA AND  SHAREEF	7236 CALDWELL RD, HARRISBURG, NC	US
S2-754440020	Express Signature	520 STATE ST, SALEM, OR	US
S2-265020571	QUALITY LLC 5ELECT	36885 BLUEWATER RUN, DE, SELBYVILLE	US
S2-70767168	Day School of Medicine Corporation (ID: 53873)	6491 PAREDES LINE RD, BROWNSVILLE, TX	US
S2-189177853	snkeystone.com	12949 CLEAR RIDGE RD, CONCORD, TN	US
S2-851684046	COMPASS (LLC)	2712 1/2 HURRICANE LAKE RD, BENTNO, AR	US
S2-392928685	One South Products Hotel LLP	D.NO:2-3-398 SAINAGAR COLONY, HYDERABAD, Telangana	India
S2-936153933	BHOPAL CLASSES	SHOP NO #17 ROHIT COMPLEX ROHIT NAGAR, BHOPAL, मध्य प्रदेश	India
S2-428455049	IRINA'S  KEYSTONE APPLIANCE	1469 MT BASSIE TRL, CONROE, TX	US
S2-102009837	urgent care quality center pc	CARRMICHAEL, CA, 2909 EASY WAY	US
S2-255117946	*** r8yoga.com	25613 33RD TER, INDEPENDENCE, MO	US
S2-820757471	Cullen Diamond Consulting L.L.C.	109. WILSON AVE, POTEAU, OK	US
S2-398586515	Flores Automotive	1358 72ND PL, CHICAGO, IL	US
S2-733913751	Gleda Toon, DDS, DDS PC Inc	1915 H, WABEENO, WI	US
S2-477458448	pinnaclebramlett.com	362C 6100, MURRAY, UT	US
S2-893048684	Prairie-Trusted Immersion Ltd	3356 180TH AVE, GOODYEAR, AZ	US
S2-264628813	GWENORE LU UNIFIED ESTATE LLC	1105  ST MARYS BOULEVARD, JEFFERSON CITY, MO	US
S2-464649811	Jay Geblahbl Private [Limited]	H NO 34, VILLAGE REHNWA, MANESAR, GURUGRAM, हरियाणा	India
S2-943990683	ZE  Tel Pvt Ltd	BUILDING NO. 2-104., MILLENNIUM PARK, HARI OM NAGAR, MULUND- EAST, MUMBAI, Maharashtra	India
S2-719582544	cvprivate.com	PLOT NO.25, AMEERPET HYDERABAD, BEHIND HUDA MAITRIVANAM, Telangana	India
S2-375884363	RFS LIMIED LIMITED	3-291 , KARAL MARKS COLONY, BHUPALAPALLI, Telangana	India
S2-806120169	Integrated Pohartma Co	126 LINCOLN STREET, NWE LEXINGTON, OH	US
S2-274961636	Buify Highland Inc	#5011 54TH STREET, PMB 9690, LUBBOCK, TX	US
S2-72332982	Brannon  Petty Staffing	81 BATES RD, COLESVILLE, NY	US
S2-319030956	Womens Health Pysiciias	OSAGE HIGHLANDS LOOP LOOP, MO, CAMDENTON	US
S2-586085884	Back Alley Pilates!	##14058 AZALEA DR, NEWTON FALLS, OH	US
S2-815665151	Sanat Games [Limited]	52 , BHAGAVATHI TOWERS, 4TH FLOOR, 33RD CROSS, 4TH BLOCK, JAYANAGAR, BANGALORE, Karnataka	India
S2-350105026	Pvt. Vijaya Cdomdecial Ltd.	F- 88, GALI NO-1, MOHAN BABA NAGAR, TAJPUR ROAD, BADARPUR BORDER, JAITPUR, SOUTH DELHI, NEW DELHI, Delhi	India
S2-341758664	Mr Xl Mills Private	L. SQUARE, G-2ND FLOOR, OFFICE NO. 4 & 5, PLOT NO. 8, SR. NO. 187, AUNDH, PUNE, Maharashtra	India
S2-90098823	PRIVATE RAMESH TRADERS LTD	S.N-2A, BANGALORE, BENGALURU, Karnataka	India
S2-571354161	Mr Pioneer Tráding LLP	BLOCK C-545 604, SWAMI SAMARTHA 8, PANCHPAKHDI, KARWALO, THANE, Maharashtra	India
S2-174194033	carterbarnes.com	1016 FAIR MEADOW WAY, CITY OF ONALASKA, WI	US
S2-669769448	EAST CAR STREET TEXTILE	32., EAST CAR STREET, Tamil Nadu	India
S2-775898493	Corner Hair Studio Center	536 Chicago Avenue, HIGHLAND PARK, IL	US
S2-135397324	ಲಕ್ಷ್ಮಿ ವೆಂಚರ್ಸ್ ಪ್ರೈವೇಟ್ ಲಿಮಿಟೆಡ್	MARUTI INFOTECH CENTER NO. 11/1, 12/1, TOWER A, GROUND FLOOR, AMARJYOTHI LAYOUT, INTERMEDIATE RING ROAD, BANGALORE NORTH, BANGALORE, Karnataka	India
S2-233580723	Chennai  Umar	NO.8, AMBIKA NAGAR MADAMBAKKAM, CHENNAI, Tamil Nadu	India
S2-806153030	Secure Telecom	310 CALION ST, JONESBORO, AR	US
S2-718837445	Vertex Greenfire	OH, CINCINNATI CDP, CALIFORNIA AVE	US
S2-704210159	RUT  Barrels Private	C/O MITESH KUMAR VAISHNAV, MAHI SAROVAR NAGAR-B, BANSWARA, Rajasthan	India
S2-467856991	Colonial Initiative	5020 2ST ST, LOVESP ARK, IL	US
S2-651570826	Kelcie A. Smeth,  Ph.D.	363 DRUMSHANBO LN, CHARLOTTE, NC	US
S2-390370686	Services Eastend Management	C/O BABU LAL BHATI, BILAS, PUR CHOWK, HANUMAN MANDIR, BHORAKALAN, Haryana	India
S2-655703082	Almeria Wytrt Quality LLC	16 ROUNDY STREET, BEVERLY, MA	US
S2-781476783	NAGPUR-ENGINEERS COMPANY	H.NO 708/710 , JUNI MANGALWARI CA ROAD, NAGPUR, महाराष्ट्र	India
S2-761508252	St. Ministries Corporation	16685 ANNA TRAIL, PRIOR LAKE, MN	US
S2-778653369	Cozy Cleaning Service Uptown	2013 ESSEX ROAD, MINNETONKA, MN	US
S2-641969242	... Forward (india)	SHIVPRABHA, 60, SHIVAJIHOUSING SOC., OFF, SENAPATI BAPAT ROAD, PUNE-16, N/A, महाराष्ट्र	India
S2-938788648	L.L.C. PHYSlCAL THERAPY PLATINUM PARTNERS OF HOUSTON	LOS ANGELES STREET, HOUSTON, TX	US
S2-843216267	Diya Consultancy	B-18 PRABHAKAR APPARTMENT, SWAR SANGAM GURUKUL ROAD, AHMADABAD CITY, Gujarat	India
S2-237968839	Prime (India) Servicesprivate	HOUSE NO.112  BUDHANAPUR, BHOLAGANJ BISWAN, SITAPUR, Uttar Pradesh	India
S2-753451459	Delta Keystone Southwest LLC	303 ANDERSON AVE, TN, LEBANON CITY	US
S2-480004050	David Dáiry Saltlake	CJ-224, SECTOR-II, SALTLAKE CITY, BIDHANNAGAR(M), SALTLAKE, West Bengal	India
S2-932426204	Shri Mayur Medical Centre Company	SHOP 230, THE URBANIA, OPP HARI GOLD, KUDASAN, GANDHINAGAR, Gujarat	India
S2-527043889	माँ प्रोजेक्ट्स एंटरप्राइजेज प्राइवेट लिमिटेड	E 68-90, DELHI, NEAR TIMPURPUR, दिल्ली	India
S2-134229931	Liner, Robbin, L.C.S.W.  Corp	##W9638 MARYLAND LN, TOWN OF STEPHENSON, WI	US
S2-727710931	*** Energy Equity Producer Private-[Limited]	H. NO. 738/82, WARD NO. 25/12, CHAPRA ROAD, SIWAN, Bihar	India
S2-184590082	Beacon Safesrms Inc		US
S2-51555053	FX Prdóuer Pvt. Ltd.	Kerala, C1-2/1125, SABARI ENCLAVE, BPL JUNCTION, KOOTTUPATHA, PALAKKAD	India
S2-36529694	THE WQ CONNECTION DOWNTOWN INC.	10394. 512, WOLFE CITY, TX	US
S2-821436286	24HR [HOMECARE]	TX, CROSBYTON, 1327 COUNTY ROAD 197	US
S2-340276243	Regional Services	268 CADDIE DR, PO BOX 1457, MARYSVIILLE, OH	US
S2-754813449	Reyes Midland (Pc)	17080 SANDALWOOD CREEK DR, GLENCOE, MO	US
S2-511095047	EMMIE PCBCTK  PLANET LLC	70 DOUGLAS BEND ROAD, GALLATIN, TN	US
S2-655585564	Rocket Mouings Ltd	Haryana, 1B-132, NEAR VIJAY RAM LILA COMMITTEE, NIT, FARIDABAD, FARIDABAD	India
S2-811323033	WHI6HAM ALTERNATIVE LEGACY	974 HARRISON ST, BROWNSVILLE, TX	US
S2-977667871	BEHAVIORAL HEALTH ASSOCIATES OF HOON	8715 BEECHNUT STREET, HOUSTON, TX	US
S2-348783670	Sri SOUTH & CO VENTURES LTD	Maharashtra, DOOR NO 22 GR. FLR, HUTMENTS MASJID SIDING RD SUP ARIWALA GODOWN MASJID BUNDER CHINBUNDER, MUMBAI	India
S2-437282200	Metropolitan Federation P.L.L.C.	007552 FARM TO MARKET 1003, TX, KOUNTTZE CITY	US
S2-935774526	Krishna Fin Private	Gujarat, C-201, ARAMBH COMPLEX, NR. ASSOCIOTED PETROL PUMP, C.G.ROAD, AHMEDABAD	India
S2-617515247	V  6 F BARCLAYS LAKESIDE CORPORATION	961 LAWSON AVE, MN, SAINT APUL	US
S2-579274331	Physical Therapy Unified Health LLC		US
S2-417059457	Omx  Exim Pvt Ltd	PLOT NO. 19, G. NO. 8, KADIPUR ECNLAVE, GURUGRAM, Haryana	India
S2-84522845	Private GH Consulting Limited	AT-NEAR GOVT ITI COLLEGE, PHULBANI, KANDHAMAL, Odisha	India
S2-743180140	First-Foods	566 Fredericksburg Turnpike, CAROLINE COUNTY, VA	US
S2-22494953	Southern Service	NO. 8A, 80 FT RING ROAD, OPP. THRIMURTHY BHAVAN, PAPPAREDDY PALYA, BANGALORE, ಕರ್ನಾಟಕ	India
S2-101272606	Ballabgarh Holidays	हरियाणा, FIRST FLOOR, NO. 24, ROAD NO. 1, MUKESH COLONY, BALLABGARH	India
S2-336592476	initiativeregional.com	107 3176, DECATUR, TX	US
S2-141227255	Swift Midwest Resolution Inc.	002965 US HIGHWAY 61, BLYTHEVILLE, AR	US
S2-499529945	Crystal Asrslciard	3241 SANDHURST DRIVE, ZANESVILLE, OH	US
S2-312914942	Community Services	1119 BUDLONG ST, CARTHAGE, MO	US
S2-368207193	Errico Vertical	5015. 234ST LN, BUCKEYE, AZ	US
S2-386405719	GREEN PREFERRED	504 CHERRY LN, NEWTON, KS	US
S2-897344213	Always Dwellings Pvt  Ltd	NO 22 , RANGARAJAPURAM MAIN ROAD KODAMBAKKAM, CHENNAI, Tamil Nadu	India
S2-733122738	Kelozeph	H-190, NOIDA, GAUTAM BUDDHA NAGAR, Uttar Pradesh	India
S2-645858504	WAGNER, MARTINEZ AND SCHULER SCHULER CORPORATION	3448 TALL OAKS LN, YOUNGSTOWN, OH	US
S2-725210195	Mccawley Apex Sales Auto	6 BISHOP COURT, MOUNT VERNON, IL	US
S2-840994931	Samit Dístributors Private Limited	A-61 , OLD NO. 36, II FLOOR ARCOT ROAD, KODAMBAKKAM, CHENNAI, Tamil Nadu	India
S2-679053746	ZA-Strategic Chiron	233 EVA WAY, PO BOX 5643, TALENT, OR	US
S2-510083262	Elite Jaws Group	5612 BURNS ROAD, NORTH OLMSTED, OH	US
S2-720739955	Advanced Frontier LLC Service	104 70 AVE, PMB 8329, OTTSEN, IA	US
S2-87590716	अल्फा इंफ्रास्ट्रक्चर प्राइवेट लिमिटेड	#90A GHOSH COMPANY, TO HATTI MATA MANDIR ROAD, GORAKHPUR, Uttar Pradesh	India
S2-990760079	KBD Iredia Private Limited	H. NO. 5-3-599/C , S-12, SECOND FLOOR RTAN MALL SHOPPING COMPLEX, MUBARAK BAZAR LANE, AB, IDS, HYDERABAD, Telangana	India
S2-838254453	Haugen Holdings-Group Clinic	5722 SHADY HOLLOW LN, CINCINNATI, OH	US
S2-243143203	Womens Héalth Clinic Partners	222- TONTI AVE, SOUTH BEND, IN	US
S2-890310201	Shri Karthikeya Ltd-School Public	#689 SA-93/5 SHASTRI NAGAR, GHAZIABAD, उत्तर प्रदेश	India
S2-268216468	ಇಂಡಿಯನ್ ಇನ್‌ಫೋಟೆಕ್ ಪ್ರೈವೇಟ್ ಲಿಮಿಟೆಡ್	SITE NO.#29 29TH MAIN ROAD, BTM LYT, 2ND STAGE, BANGALORE SOUTH, BANGALORE, ಕರ್ನಾಟಕ	India
S2-934398537	Smt Shantaram Isutte of Technology	D-38/A, ASHOK MARG C-SCHEME, NEAR AHINSA CIRCLE, Rajasthan	India
S2-148168285	Sankar lnterests	8ND ST, PERRYBURG CITY, OH	US
S2-2446331	BLUE [GLOBAL]	002657 VESCLUB CIR, NULL, VESTAVIA HILLS, AL	US
S2-770737964	XO (JONES)	IL, 015547 COTTAGE GROVE AVE, DOLTON	US
S2-969968917	# RK 2 2 Commercial	8545 CHRISTOPHER LANE, PMB 7298, BEAUMONT, TX	US
S2-969302250	M/s Pioneer Global Private (Limited)	###17A , ANAJ MANDI, HOUSING BOARD COLONY, REWARI, REWARI, हरियाणा	India
S2-671454381	Boley Resources LLC	TX, 1328 HAYMARKET ROAD, DALLAS	US
S2-493047113	LLC Prairie Ggnrad Pro	601 FEATUER DR, SACRAMENTO, CA	US
S2-462776242	Anvil Partners Partners	1515 MIDWAY PKWY, ST PAUL, MN	US
S2-951068411	Tubb International	CA, ##353 PREWETT DR, FOLOM	US
S2-237759710	Rivera Motors	4241 VALLEY GROVE DR, NASHVILLE, TN	US
S2-242916969	Delta Fellowship	814  CIRCLE DR, TERRELL, TX	US
S2-83322032	Ramos Ndmrrcthwst, Holdings	PLEASANT CITY, 53330 FRY RD, OH	US
S2-202508241	NÉILLELYONSRESOLUTION.COM	9608 WILLOW LN, MOKENA, IL	US
S2-291538019	YOKOTAVOYA.COM	2919 SOUTH RIVER ROAD, LILLINGTON, NC	US
S2-870949420	N 3	15214-C MANDARIN STREET, BECKER, MN	US
S2-387584972	Li Ace	9821 HOLLY DRIVE, LUMBERTON, TX	US
S2-709400609	Wendt Heartland Cshlstnig Inc	#1352 64TH STREET, CHICAGO, IL	US
S2-605309302	Body Export Pvt Ltd	HOUSE 130 BASAOURA MAIN, DREAM PARADISE LAYOUT, BANGALORE SOUTH, <NULL>, Karnataka	India
S2-474390649	Dermatology Inc.-Service	2554 HWY 87, GILCHRIST, TX	US
S2-84542610	KOON-RESOURCES	10719 PRICE RD, IJAMSILLE, MD	US
S2-533054080	Bingham, Lyons & Villa, Incorporated	49 TANKEROOSEN RD, PO BOX 6342, VERNON, CT	US
S2-89140728	Ella Bergmann  Renewables, Inc	HIGHFILL, AR, 305 HEALING SPRINGS SAINT	US
S2-633065101	ഈസ്റ്റേൺ ഇൻവെസ്റ്റ്മെന്റ് പ്രൈവറ്റ് ലിമിറ്റഡ്	ROOM NO. 380, 1ST FLOOR, BISMILLAH SHOPPING COMPLEX MARKET ROAD, OTTUPARA, WADAKANCHERRY, KUMARANELLUR P O, WADAKANCHERRY, Kerala	India
S2-555893480	VKL Power Limited Services	NO 3 MERIDIEN APTS BLDG NO 1VEERA DESAI ROAD ANDHERI (W), MUMBAI, Maharashtra	India
S2-650056228	Smith Peak Asset,	430 ARMSTRONG SAINT, KOKOMO, IN	US
S2-622768630	সেভেন গ্যালাক্সি মিডিয়া	30, MADANMOHAN BURMAN STREET P.S. JORASAKU, P.O. BURRABAZAR, KOLKATA, HOWRAH, পশ্চিমবঙ্গ	India
S2-256743409	Jay Food Private Ltd	DOOR NO 0785 C/O RAMESH CH NAYAK P.NO 40, KHATA NO 181 NIMIDHI GATE BAZAAR PARADEEP GARH, JAGATSINGHAPUR, <NULL>, Odisha	India
S2-371004955	Dr Cognitive Cae of Yavatmal | www.cognitive.com	NO ##69 C/O SUMIT R. BAJORIYA, BALAJI CHOWK, YAVATMAL, Maharashtra	India
S2-49304273	बालाजी कंस्ट्रक्शन प्राइवेट लिमिटेड	187 A-208, 2ND FLOOR, TOWER A, EXOTICA FRESCO, SECTOR-137, NOIDA, GHAZIABAD, Uttar Pradesh	India
S2-247010165	ઇન્ટરનેશનલ ફૂડ પ્રાઇવેટ લિમિટેડ	#6/1919, 3RD FLOOR, OFFICE NO. 302, PRAYOSHA APARTMENT, JADAKHADI, MAHIDHARP, URA, SURAT, Gujarat	India
S2-324307739	ILLA'S  LAW GROUP	15 B BELMONT SAINT, WOBURN, MA	US
S2-55517195	Twisted Seafood	4301 BIRCH PLACE, BROKEN ARROW, OK	US
S2-623662121	Lakshmi Advisors Pvt Ltd. (ID: 7955)	SR NO. 45 / 9, H. NO. 864, AMBARNATH THANE, BADLAPUR, AMBARNATH, Maharashtra	India
S2-79536989	HELIOS LP CENTER	CITY OF OSHKOSH, WI, 726 17th Avenue	US
S2-686449844	Group Holt, Selden & Heaton	3046  CAMBRIDGE ST, <NULL>, DES MOINES, IA	US
S2-798061050	Sparta Beacon-Rent Inc.	225 HARDEN ROAD, SPARTA, TN	US
S2-656440325	White, Livvy P., DPM	15113- RUBLE CT, ALEDO, TX	US
S2-152854367	THOMASON, R, KASSIA DC, PC	32 CRESTVIEW DRIVE, MALDEN, MA	US
S2-201576069	Seoni Continental Enterprises Limited	###27 RANI DURGAWATI WARD, BEHIND PUNJAB AND SIND BANK, POOJA NAGAR, NAGPUR ROAD, SEONI, SEONI, Madhya Pradesh	India
S2-896002005	Videsh Clinic L.L.P.	FARM NO. 3-, KRD FARMS, MUSTALI NO. 77, KILLA NO.17/2, 18, 19/2, 23/2, 24, VILLAGE D, ERA MANDI, TEHSIL MEHRAULI, दिल्ली	India
S2-94018739	Jean  Vargas	36 MILLBROOK ROAD, PMB 1568, BEVERLY, MA	US
S2-181465566	Cougar Sales Private	##505 , KAMAL PALACE, PLOT NO. 36, RAMDASPETH, NAGPUR, Maharashtra	India
S2-323471871	COULTER CENTER	11 ELLSWORTH PL, HUNTINGTON, NY	US
S2-648404217	Digital Wealth Alliance LLC	MD, COLLEGE PARK, 314 CHERRY HILL RD	US
S2-280058321	Shri gradienttechnologiesindia.com	14/10, R/P, BASEMENT KALKA JI, DELHI, Delhi	India
S2-860721008	Dr 5pak Brothers Limited	Gujarat, RAJKOT, 304/A, RAJKOT	India
S2-774626126	BEHAVIORAL HEALTH VANGUARD CARE ASSOCIATES		US
S2-176822783	Mats Seva Samiti Overseas Co.	DOOR NO 6 SHIVA DEVI COMPLEX, NO. 290, LLR ROAD, 2ND PARALLEL ROAD, DURGIGUDI, SHIMOGA, Karnataka	India
S2-825832143	Mun Dynamic Wellness [LLC]	414 HRDING AVE, STRAFTORD, CT	US
S2-156188737	Innovate Foundation Public Limited	60/22, BABU LABH CHAND CHHAJLNAI MARG, KESAR BAGH, INDORE, Madhya Pradesh	India
S2-823670356	Pc Zaify	##W398N6072 AUTUMN WOODS DR, VILLAGE OF LAC LA BELLE, WI	US
S2-131275590	Board of Fínance Northside	2068 BIG ROCK ROAD, TWO HARBORS, MN	US
S2-411214212	सिटी इन्वेस्टमेंट प्राइवेट लिमिटेड	#194 KHASRA NO. 122, JODHPUR I, Rajasthan	India
S2-552345571	साई गुजरात सॉल्यूशंस प्रा. लि.	DOOR NO 1-7 C/O. SHRI PRAMOD AMBADAS KADAM, REGIONAL OFFICE AURANGABAD, BID, Maharashtra	India
S2-141828751	Metal Trading Private Ltd	ROOM NO.6005, 3RD FLOOR GLOBAL VILLAGE, KANNUR, Kerala	India
S2-835591342	Sriperumbudur Consumer Public Limited	NO.50/3B, BUILDING A, VELAYUTHAM NAGAR, SRIPERUMBUDUR, Tamil Nadu	India
S2-146095408	यूनाइटेड सिस्टम्स प्रा. लि.	DOOR NO 669 C/O SRI. ASHOK KUMAR, DARBHANGA, बिहार	India
S2-979126780	CONTOUR SPORTS HOLDINGS PRIVATE	34, FATIMA COLONY, MAHIPATMAU KAKORI, LUCKNOW, Uttar Pradesh	India
S2-221526140	Nadia Private Limited  Center	A-65, RAJU PARK KHANPUR, Delhi	India
S2-650287726	शक्ति डायनामिक पावर टेक्नोलॉजीज प्राइवेट लिमिटेड	339, 3, MEZZAMRIT DIAMOND CHS, TATA ROAD NO 1, SWADESHI MILL, MUMBAI, Maharashtra	India
S2-548923784	ग्रेट सर्विसेज प्राइवेट लिमिटेड	NO. G-298 704, ARLINGTON C, RAHEJA REFLECTIONS THAKUR VILLAGE, BORIVALI EAST, BOMBAY, MUMBAI CITY, Maharashtra	India
S2-167134552	SREE SCERE ESTATE LIMITED	Gujarat, A 2-85/86 PARISEEMA COMPLEX, OPP I.F.C BHAVAN OPP. VAISHALI COMPLEX, C G ROAD, NAVRANG, PURA, AHMEDABAD	India
S2-935813296	Vikash  Farming	H.NO 1769/28 AND 1841/28, WARD NO. 2, NEAR RTO CHAURAHA, JAIPUR JHUNJHUNU BYPASS ROAD, RADHAKISHANPURA, SIKAR, Rajasthan	India
S2-648556836	UZX Advisors Private Private	ROOM NO.-3A, 3RD FLOOR, 226/1, A.J.C. BOSE ROAD, KOLKATA, KOLKATA, West Bengal	India
S2-778963519	Young  LLC Service	976 GAFIELD AVE, CORVALLIS, OR	US
S2-506632924	Selby Optimal Emerging Emerging Corp	110 HIBBERT ST, ARLINGTON, MA	US
S2-36332869	Waly Rodriguez Partners	3400 HILL AVENUE, BUTTE-SILVER BOW, MT	US
S2-289436444	Cabral Accounting Corporation	26 CYPRESS CREEK DRIVE, CALVERT CITY, KY	US
S2-316378387	NEW LIFE [CHÁPEL]	15100C SHEDD ROAD, MIDDLEFIELD, OH	US
S2-272873790	CLEAR CURHRENCSHARES INC	02629 HOLYOKE STREET, WICHITA, KS	US
S2-895279263	Weaver's Tax,	8 JANES RD, NY, CANTON	US
S2-566101029	ADVANCE TRADERS	#3. , FLAT NO. 202, JAIHIND ENCLALE MADHAPUR, HYDERABAD, తెలంగాణ	India
S2-307909004	CAPITAL ÁLL INSTITUTIONS P.C.	6625 379TH CT, <NULL>, N BRNACH, MN	US
S2-334568177	Pettigrew's Contracting Group	1251 287 BYPASS, WAXAHACHIE, TX	US
S2-574617437	इंडो इन्वेस्टमेंट प्राइवेट लिमिटेड	NO 56, FRONT PORTION, GROUND FLOOR BLOCK 7, SOUTH PATEL NAGAR, WEST DELHI, DELHI	India
S2-257762746	Rosalind B. Hérnandez, DPM	CT, 15-17 QUINCY CLOSE, RIDGEFIELD	US
S2-129677502	1075 FIRST BOULEVARD ASSOCIATES LLC	1892 1/2 PONY FARM RD, JACKSONVILLE, NC	US
S2-925813979	Hoover Worldwide L.L.C.	5522 LABORDE AVENUE, CHARLOTTE, NC	US
S2-781173473	Mr unique constructions private limited	###55 , GROUND FLOOR, KOHINOOR SHOPPING RAVAPAR CHOKDI, MORBI, ગુજરાત	India
S2-286556688	Stevenson,  Hill and Nguyen Group Service	3837 RIDGE POINTE DRIVE, GENEVA, IL	US
S2-252991077	PLATINUM ÁUTOMATION COLLECTIVE SOUTH INC	114 90ND ST, BLOOMINGTON, MN	US
S2-223850177	Trans Tráding Private Limited	SNO-173/2, AZADNAGAR, CHOVISAWADI, CHAROLI BK, HAVELI, PIMPRI CHINCHWAD, KHED, Maharashtra	India
S2-570715630	Butech LLC	23 1/2 CHEEVER STREET, PMB 2803, WORCESTER, MA	US
S2-835173864	Mr Nagpal Infrastructure Pvt	0024, SRI RAM ROAD, CIVIL LINES, Delhi	India
S2-372175234	Sapphira's Inc Services	500 12TH STREET, SACRAMENTO, CA	US
S2-223343160	SMART LLP SERVICE	HOUSE NO. A-4, TULSI BAGH, PHASE 1, DAAYL BAGH, AGRA, AGRA, Uttar Pradesh	India
S2-122691388	Systems-Polar Advisors Pvt. Ltd	1002 A-WING EVERSHINE EMBASSY CHSL VEERA DESAI RD, OPP COUNTRY CLUB, ANDHERI WEST, MUMBAI, Maharashtra	India
S2-493774145	Dr shreesoft.com	PLOT NO. 10, VEGAVATHI STREET, SUDARSAN NAGAR NEAR AMMANKARAN STREET, LITTLE KANCHIPURAM, Tamil Nadu	India
S2-953573358	Delhi Limited [Center]		India
S2-352829699	Monroy  Ridge Commercial	6N 235 AUTUMN LANE, LILY LAKE, IL	US
S2-873180740	SATYAM PUBLIC SCHOOL PARTNERS	9, `PRINCESS', UDHAHI TARANG C.H.S., JUHU TARA ROAD, SANTACRUZ (W), Maharashtra	India
S2-941482173	ಬಾಂಬೆ ಫೌಂಡೇಶನ್ ಪ್ರೈವೇಟ್ ಲಿಮಿಟೆಡ್	SOBHA SUNBEAM, OFF KANAKAPURA ROAD, BANGALORE, ಕರ್ನಾಟಕ	India
S2-632195157	Pea, Inc [Center]		US
S2-440159768	कृष्ण लॉजिस्टिक्स प्राइवेट लिमिटेड	RZ-61A, SOUTH WEST DELHI, NEW DELHI, Delhi	India
S2-76097047	Clarie Reynolds, P.A. Partners	7121 400, MIDVALE, UT	US
S2-731977571	Environmental Alliance	3625 2ND STREET, KEYSTONE, IN	US
S2-295269396	SMYTH COUNTY AVIKOR	SMYTH COUNTY, VA, 1749 HIGHWAY SIXTEEN	US
S2-503260930	Inc B 7 Pinnacle Marketing	11 RIO VISTA DR, SAINT LOUIS, MO	US
S2-934635301	family dinic clinic	16742 11, LA FARGEVILLE, NY	US
S2-990120738	Carpenters Union Local Enterprises		US
S2-174511934	ASHLEYIII.COM	1451 UNION AVENUE, LAKEWOOD, WA	US
S2-998017542	Shree & Co Holdings	S NO 60/8, SAI NAGAR, GALLI NO 3, OPP SAHIL APT KONDHWA BK, PUNE, Maharashtra	India
S2-363373594	Josephine  Mcdougle Crescent Valley	172 COUNTRY ROAD WEST, BISMARC CDP, ND	US
S2-184994061	Conner Frl	106 Fairbrook Drive, NEW HANOVER TOWNSHIP, PA	US
S2-933103108	Vivienne Case Blue	90 BLUEBERRY LN, BARNSTABLE, MA	US
S2-425143468	होटल सर्विसेज प्राइवेट लिमिटेड	302, MUMBAI, Maharashtra	India
S2-271439237	Ag0g Solutions Limited Services	MALEGAON, NASHIK, C.S.NO.-77, Maharashtra, PLOT NO.-77, SHOP VOLFORT TOWER, SATANA NAKA	India
S2-106854182	M/s Ppg (Datlta)	NO.075 , AE-BLOCK, IIIRD STREET, CHENNAI, Tamil Nadu	India
S2-942605853	Merline Wedderburn, Services	4313 MERCIER ST, KANSAS CITY, MO	US
S2-902031597	గురు పయనీర్ టెక్ ప్రైవేట్ లిమిటెడ్	SY NO.##32, H.NO. 2-149, SHREE HOMES VILLAS NEAR MALLANNA TEMPLE, VATTINAGULAPALLY, RAJENDERNAGAR, RANGAREDDY, Andhra Pradesh	India
S2-931516511	Rivera Étf-Inc	137-B PAMPANO LANE, ST CHARLES, MO	US
S2-366501977	Liberty Keystone Kodiak Llc	PEARL STREET, BOSTON, MA	US
S2-627035760	Radhapuram Packers Pvt	NO. 22, YATHAVAR NORTH ST, MANGAMMAL SALAI, RADHAPURAM, Tamil Nadu	India
S2-551026512	GARCIA RÓYAL EVOLUTION COASTAL	##93 ILYSSA WAY, STATEN ISAND CDP, NY	US
S2-633373482	Kodagu Mamion  Pvt. Ltd.	10/2 , SASTA VANAM BELURU, BASAVNAHALLI SOMVARPET TALUK, KODAGU, ಕರ್ನಾಟಕ	India
S2-663381482	EXPRESS DESIGN WORKS LLC	2741- JUNIPER WAY, CITY OF HOLLADAY, UT	US
S2-582574689	Cutler (Kochav)	377 MADISON AVE, SPRINGFIELD, OH	US
S2-523781276	New Delhi Ehnnbryg Private Limited	K-1-5, LGF, KAILASH COLONY, NEW DELHI, Delhi	India
S2-530455006	ARTS  MINISRISE P.C.	5790 HUGHES ROAD, GALENA, OH	US
S2-194248676	THE DYNAMIC FREIGHT COLLECTIVE L.L.C.	KY, 195 DONALD LANE, CAMPBELLSVILLE	US
S2-862341047	Seline's Patriot Gghg Corp	4200 PADDOCK GATE PL, ASHBURN, VA	US
S2-714539813	Shri *** Jain Media Private Ltd	C/15., TRADE WORLD, KAMALA MILLS COMPOUND, SENAPATI BAPAT MARG, LOWER PAREL (W), MUM, MUMBAI, BHAYENDER, Maharashtra	India
S2-85368820	MILLER MEDICINE	3519 BUSHDALE RD, ROANKE, VA	US
S2-183443531	Villa, Rodriugedz and and Heath Inc	121 HANAGITA ST, VALDEZ, AK	US
S2-107071192	Hari Care Private Ltd	2/381C SENJERI BYPASS, SELLIYAMMAN NAGAR, PERAMBALUR, Tamil Nadu	India
S2-82712887	M/s VINAYAK #86560	H.NO 269. -A/4 GOVIND PURI KALKAJI, NEW DELHI, Delhi	India
S2-456732026	Lopez, Valle &-Franklin	6105 DE SOTO HEIGHTS STREET, HOUSTON, TX	US
S2-5062742	ஹரி கேர் பிரைவேட் லிமிடெட்	NO 2/381C SENJERI BYPASS, PERAMBALUR, Tamil Nadu, PERAMBALUR	India
S2-607175798	LLC Bluff City Harbor Hotel	451 SHAWNEE DR, BLUFF CITY, TN	US
S2-87125000	Brightora Géneral LLC	ENGLE DRIVE, MUNCIE, IN	US
S2-451390472	Gold Power Private	NO 82 , 1ST FLOOR BHEL ENCLAVE, AKBAR ROAD, SECUNDERABAD, తెలంగాణ	India
S2-240652440	CARDIOLOGY PARTNERS LLC BROOKLYN  OF	NY, BROOKLYN, 321 NOSTRAND AVENUE	US
S2-903033727	Fullen Silver Auto Sales Inc	IN, GREENWOOD, 961 1/2 BRIARWOOD DRIVE	US
S2-486229279	Herlihy Preparatory Academy Inc	123 SOUTH SAINT, ESSEX JUNCTION CITY, VT	US
S2-951950765	Jt India Private Limited	NO 2ND FLOOR, PLT NO. 260 SECTOR-21, NERUL NAVI MUMBAI, Maharashtra	India
S2-507983838	Regional Software Alliance Inc	8238 178TH AVENUE, WADDELL, AZ	US
S2-219305871	M L Titan Inc Services	WA, PORT ANGELES, 674 STRAIT VIEW DR	US
S2-503997841	RAMOS GESHER	BORDER ST, BOSTON, MA	US
S2-171637668	सिल्वर इंडस्ट्रीज प्राइवेट लिमिटेड	NO. 208 HOUSE NO.65 (BASEMENT), NEW DELHI, Delhi	India
S2-336314267	Tri-State Association	6413 WILS RD, WISE COUNTY, VA	US
S2-261336053	విజయ్ హెల్త్‌కేర్ లిమిటెడ్	D. NO 11-10-268/6/A/1, SHOP ZONE, YELLANDU, KHAMMAM, తెలంగాణ	India
S2-602110796	@womenshealth	430 BERNARD, WALLIS, TX	US
S2-358267158	SVS COLD PRIVATE LIMITED	FIRST FLOOR (1/2), A.C.TOWER, 4, SURENDRA NAGAR, LUCKNOW, उत्तर प्रदेश	India
S2-600885634	Mahadev-Commodities (India) Private ([Limited])	GF 1-2 B HARIBHKTI COLONY, NEAR SFULAM APARTMENT, VADODARA, Gujarat	India
S2-525028024	FAMILY PHYSICIANS	001122 PINE AVENUE, ANNISTON, AL	US
S2-900805264	ZHACQUISITION.COM	30445 1ST PLACE, FEDERLA WAY, WA	US
S2-405842282	Vsg Ltd Brothers	1/13 A VIPUL KHAND GOMTI NAGAR, LUCKNOW, Uttar Pradesh	India
S2-993874759	லோட்டஸ் ஹெல்த்கேர் பிரைவேட் லிமிடெட்	NO.1-50, N.M.K STREET, CHENNAI, PERAMBUR PURASAWALKAM, Tamil Nadu	India
S2-212034173	Dream Exports Private Ltd	BULD NO 3 GR FL ROOM NO 4 GOPAL HOUSE, N S ROAD SUBURBAN GREATER MUMBAI, MUMBAI, Maharashtra	India
S2-514208103	Saliba Platinum Scientific Holdings	223  ARCH STREET, ROYSE CITY, TX	US
S2-418857877	అర్బన్ ఫుడ్ ప్రైవేట్ లిమిటెడ్	HYDERABAD, Telangana, RANGAREDDI, FLAT NO.506/A	India
S2-545270760	Mohini & Brothers (Corporation)	C/O SHMH KANCHWALA, OLD, SP COLLEGE, BALAJI WARD, CHANDRAUR, Maharashtra	India
S2-511038031	ग्लोबल अर्बन प्रोजेक्ट्स प्राइवेट लिमिटेड	RZB3/6A5, G/F, SHOP NO. 1, GALI NO. 2, MAIN SAGARPUR, PALAM, NEW DELHI, SOUTH WEST DELHI, Delhi	India
S2-883938802	FOOT & ANKLE STAR CARE ASSOCIATES	469 CLIFT ROAD, SODDY-DAISY, TN	US
S2-162642275	Sanford Zetadelta Guild	##196 SADDLEBROOK DR, PMB 1480, SANFORD, NC	US
S2-33428944	@rinetheritage	2110 DEVONSHIRE STREET, MESA, AZ	US
S2-800056468	VILLAGE OF NORTH-HUDSON CHILDREN'S INITIATIVE	WOODCREST DRIVE, VILLAGE OF NORTH HUDSON, WI	US
S2-651405522	ONC0LOGY AMERICAN  PHYSICIANS LTD	IL, SREAMWOOD CITY, 24 RIDGE CT	US
S2-899734406	CHALO RESTRO PRIVATE LIMITED	PLOT NO.#3 , FLAT 'A', HIMACHAL APARTMENTS, PRADEEP AVENUE, SELAIYUR POST, CHENNAI, தமிழ்நாடு	India
S2-125968469	Lucky Ice Clema #41247	015080 63RD ST, BECKER, MN	US
S2-102285263	Philbeck Dime Corp	249 CLEAR LAKE CITY BOULEVARD, WEBSTER, TX	US
S2-368760782	Ghazipur Clothing Private Ltd	108, SAKLENABAD, GHAZIPUR, उत्तर प्रदेश	India
S2-631155491	इनोवेटिव इंडस्ट्रीज प्रा. लि.	0020/26, PATIL SAINATH PLAZA, J. N. ROAD, MULUND (WEST), MUMBAI, Maharashtra	India
S2-334770065	M/s Brew Foreign  Partners	51 VIVEKANANDA ROA, KOLKATA, West Bengal	India
S2-866518535	Preferred Atlantic Minerals,	102 Peace St, RALEIGH, NC	US
S2-850854973	FKQ Consultants Enterprises Private-Limited	Uttar Pradesh, 0543/35, K BLOCK, KEDWAI NAGAR, KANPUR	India
S2-446908394	PEDIATRIC DENTAL ROCKY SPÉCIALISTS L.L.C.	RIVERBLUFF LN, SPOKANE, WA	US
S2-799309857	CARDIOLOGY LLC SERVICE | www.cardiology.com	8096 1/2 Belews Creek Rd, NC, BELEWS CREEK	US
S2-45625520	MEENESH LNDIA PRIVATE-LIMITED		India
S2-212203867	OP HOSPITAL PRIVATE	SHOP NO. 0017 , KONARK RESIDENCY, MADHUBAN TOWNSHIP, GOKHIVARE ROAD, VASAI, Maharashtra	India
S2-598844708	Karly Morgan, DDS PC Services	QUEENSLAND DRIVE, GATES, NY	US
S2-363770005	AL BTRNOHFS (LIMITED)	SNO 207/2, MAHALAXMI COMPLEX, KASPATE WASTI FLAT A2/08, PUNE CITY, Maharashtra	India
S2-738386797	MCCONNELL GRAND EQUITY CENTER	MO, ST CHARLES, Timbercross Place	US
S2-337275476	UROLOGY GROUP	6508 RHTH DR, IL, JOLIET	US
S2-520236568	Quality Liquor Lakeside	VA, PMB 6337, 3811 POWELL LN, FALLS CHURCH	US
S2-402760411	G+ Ltd Service	9959  THUNDERBIRD BLVD, SUN CITY, AZ	US
S2-779479157	INC. ELIZONDO AND ROEISER	15995 NELAMERE ROAD, CLEVELAND, OH	US
S2-169205921	Heritage Nution Collective LLC	1179 FAWN DR, PUTNAM COUNTY, TN	US
S2-13015179	Natassia's Rídge Publishing Co	##845 PINEY BUTT LOOP, GATLINBURG, TN	US
S2-478435478	Synbrix	1125 GRATN AVE, ROCKFORD, IL	US
S2-3208782	MEDICITY SERVICES-PRIVATE LIMITED	HOUSE NO. 436/3 MAIN ROAD, SHIROLI (P), KOLHAPUR, Maharashtra	India
S2-800138203	ORTHOPEDIC CENTER SOUTH INC.	109 SAN LUIS DR, BROWNSVILLE, TX	US
S2-225998272	Ferne Searcy, O.D. LP	156 77 ST, NEW YORK, NY	US
S2-986383064	Rich and Sanchez (Arc)	1282 MINDER DRIVE, REDDING, CA	US
S2-162462833	Couch, Janela, DDS Holdings	553 RIDGE PIKE, LAFAYETTE HILL TOWNSIHP, PA	US
S2-57609508	Wood, Cárolina	9312 GREENFORD DRIVE, HENRICO COUNTY, VA	US
S2-380211955	Ledyne Fghigt LLC	16309 TORTOLA DRIVE, ACCOKEEK, MD	US
S2-171936204	Ppd Electricals Private	HN 243 445/1, 6TH CROSS, 7TH BLOCK, JAYANAGAR, Karnataka	India
S2-90434112	New Life (Emanuel)	294. WINOOSKI AVE, BURLINGTON, VT	US
S2-190967918	The Camp Associated Inc.	7845 UNION AVENUE, TULSA, OK	US
S2-663502327	Farr Mozayyx	409 THRALLS AVENUE, WEST TERRE HAUTE, IN	US
S2-344083635	Indian Finance Prívate Limited	NO B3/17/67/2 , KIZHAKKEPURAM ROAD, NEAR RATION SUB DEPOT, POOTHOLE P O, കേരളം	India
S2-363864113	ADVANCED H0ME [LLC]	BERWICK PLACE, DECATUR, AL	US
S2-885943246	সাই ফুড প্রাইভেট লিমিটেড	101, KOLKATA, BALLYGUNGE PLACE, KOLKATA, HOWRAH, পশ্চিমবঙ্গ	India
S2-900108386	sikarwar brothers pvt ltd		India
S2-324935992	पायोनियर सॉफ्टवेयर स्वीट्स प्राइवेट लिमिटेड	151 SHBUHAM APARTMENTS 37 I P EXTENSION, DELHI, LAXMI NAGAR, दिल्ली	India
S2-379997669	బాలాజీ వెంచర్స్ ప్రైవేట్ లిమిటెడ్	MARTHANDA NAGAR HAFEEZPET, KONDAPUR, RANGAREDDY, HYDERABAD, H.NO.4-858, Telangana	India
S2-821668678	ग्रीन इंजीनियरिंग प्रोविजन लिमिटेड	#59 C/O PRAGATI MILAN PATIL, RAIGARH, ZIRAD, Maharashtra	India
S2-513866015	Smt Sei  Ccorultancy Private Limited	OLD NO. 11, NEW NO - 7, VAIDHIYANATHAN STREET, NEAR SHENOY NAGAR, CHENNAI, தமிழ்நாடு	India
S2-870032531	OQ CO  PURPOSE	DOOR NO 87 D-7, PHASE III GARDEN HOMES ALKAPURI, GWALIOR, मध्य प्रदेश	India
S2-645742775	Vernier Fóod L.L.C.	81. BRIDGE ST, NORTHAMPON, MA	US
S2-325959531	CHAPEL HILL	114 SALIX STREET, CHAPEL HILL, NC	US
S2-35780248	Maa માર્કેટિંગ Pvt Ltd	C-C-14, REHMAT VILLA, AASIM BUNGLOWS, PATHANWADI RD, BH. TAHURA PARK, TANDALJA, VADODARA, Gujarat	India
S2-190290414	Nelli Stone Midwest Communications Llc	7241- PRELUDE DRIVE, BROWNSBURG, IN	US
S2-987779174	Abbi Church, D.D.S. LP	BILL BENNETT ROAD, JOHNSON CITY, TN	US
S2-288796035	Sapiens Infradevelopers	401, RUSHIRAJ REGENCY, OPP.MAMA MUNGI, GANGAPUR ROAD, NASHIK, Maharashtra	India
S2-477608086	*** Bharat Technologies Overseas Private Ltd	H.NO 5-86-48, F.NO.103, VIJAYA TOWERS, 1/1, LAKSHMIPURAM, GUNTUR, ఆంధ్రప్రదేశ్	India
S2-740793315	Unique Infra Prívate Limited	A-64, 3RD FLOOR ASHA PARK, JAIL ROAD, TILAK NAGAR, NEW DELHI, Delhi	India
S2-400381814	Seer Xérox [Pvt]		India
S2-933297735	Shri Satrangi (India) Pack Exports	NO 5 BHAGWTI PUR, BAJIT PUR, BIHTA, PATNA, Bihar	India
S2-372618250	Supreme Wireless Cóllective LLC	3007 130TH STREET, SEATTLE, WA	US
S2-390722669	M/s Legacy Software Ventures Private Limited	D-452, SECTOR-D, LDA COLONY, KANPUR ROAD, LUCKNOW, Uttar Pradesh	India
S2-964426193	Ramirez Technology Partners	21 MULLIGAN DRIVE, FLUVANNA COUNTY, VA	US
S2-48111899	Harb Diamond  Championsgate	#207 LOUISE STREET, DOTHAN, AL	US
S2-464419715	साईं इंटरनेशनल लिमिटेड	UNIT NO 721., GAUTAM BUDDHA NAGAR, Uttar Pradesh	India
S2-890919134	Heflin Chesapeake LLC	178 MIDDLE RODEO AVENUE, HARLEM, MT	US
S2-839697503	Industrial Apparel	BRADFORD, 353 CANTERUBRY DRIVE, RI	US
S2-108558461	The Biondi and Getz Association Group	5721 KNAPP ST, PRTLAND, OR	US
S2-157878890	Orthopedic Care Associates  Co	IL, OSWEGO, 181  AMHERST CIRCLE	US
S2-987447476	Urology Center Southside L.L.C.	BEAVERRTON, 3218 CEDAR HILLS BOULEVARD, OR	US
S2-965036707	Delta Learning Center Group	123 GREN MEADOW COURT, KY, BARDSTOWN	US
S2-57312332	Zadyne Válue Alibaba LLC	2842 AIRPORT HWY, TOLEDO, OH	US
S2-778553317	Freese, Melinde Shore Inc.	317 BONNAVUE DR, HERMITAGE, TN	US
S2-221689670	EVERYDAY INSTITUTE LIMITED		India
S2-195840834	Conet LLC	404 TIMBERLAKE AVENUE, ERLNAGER, KY	US
S2-904612872	mfood.com	1205/6., MUMBAI, MUMBAI CITY, महाराष्ट्र	India
S2-622682890	Little  Deli!	HOUSTON, 2602C EVA ST, TX	US
S2-733695346	ROCKY LTD (PARTNERS)	7435 MILLER ROAD TWO, HOUSTON, TX	US
S2-52935233	elyssa nix santander partners midtown	78 COVENTRY LOOP, NY, STATEN ISLAND	US
S2-884552066	REDWING CENTER PRIVATE	Delhi, HN 319 K 43 B KALKAJI, NEW DELHI	India
S2-903059616	TWI ADVISORY PRIVATE	NO 61 , 62 INDRAPRASTHA COMPLEX, 589 RASTA PETH, PUNE, Maharashtra	India
S2-681592423	Utkal Impex Overseas Pvt. Ltd.	TC 65/2619, THIRUVONAM, PACHALLOOR PO, THIRUVANANTHAPURAM, N/A, Kerala	India
S2-512210141	Yolande Chase, Partners	##5 BUTLER DRIVE, LEWISTON, ME	US
S2-417020449	*** Golden Yoga Inc Inc	OLYMPIC WAY, CITY OF HOLLADAY, UT	US
S2-209176813	bluecouncil.com	751 FLETCHER AVE, INDIANAPOLIS, IN	US
S2-690461549	HARRIS INSTITUTIONS CORP	959  FLORENCE AVE, SCHENECTADY, NY	US
S2-643120069	New Life ([Church])	096-02 71 AVE, FOREST HILLS CITY, NY	US
S2-45205390	Advanced Hcm	22325 BARTON RD, GRAND TERRACE, CA	US
S2-950206946	Better Concepts, Corp Service	19 KENSINGTON WAY, CORAM, NY	US
S2-525652703	Sankalp Home Private	SEA BREEZE FARM, J. D. STREET MUGAIYUR, THENPATTINAM, Tamil Nadu	India
S2-156262875	GREAT COMMITTEE OF SÉATTLE EAST LTD	12740 PALATINE AVENUE, SEATTLE, WA	US
S2-524182051	Gs Silver Return Lakeside Llc	3090. INDIAN SPRINGS ROAD, ASHEBORO, NC	US
S2-954938276	Crystal  Horizon Drive	4428 45th Street, WASHINGTON, DC	US
S2-573524974	బ్లాక్ హెల్త్‌కేర్ ప్రైవేట్ లిమిటెడ్	NO 5-497NEAR  HITEC CITY, IZZATH NAGAR KHANAMET, SERILINGAMPALLY, K.V.RANGAREDDY, Andhra Pradesh	India
S2-454956556	Martin Cascade Fox Co	40 HARCOURT RD, OYSTER BAY, NY	US
S2-717176517	Oncology Medicine	9350 67TH AVE, GLENDLE, AZ	US
S2-646027430	Ridge Institute of  Technology Inc.	4307 OAKTHORNE WAY, RALEIGH, NC	US
S2-135514001	MURPHY MEDICAL CENTER GREATER	28 LAKECREST DR, POTTSBORO, TX	US
S2-207670579	LLC Mason Health	507 HEDRICK PLACE, GRANDVIEW CPD, WA	US
S2-239141985	Surat Consulting  Co	#221/8 (FIRST FLOOR) NEW CLOTH MARKET O/S. RAIPUR GATE, AHMEDABAD, Gujarat	India
S2-157358394	Violet Yoder LLC Center	#2259 HERMITAGE WAY, INDIANAPOLIS, IN	US
S2-887833807	SIDDHANT PVT LTD (PARTNERS)	30A, CANEL EAST ROAD, KOLKATA, West Bengal	India
S2-849447556	Ve1ocity Private Limited Center	STUDIO NO. 001, GROUND FLOOR, IHDP GLOBALS BUILDING, PLOT NO. 07, SECT, OR - 127, NOIDA, GAUTAM BUDDHA NAGAR, उत्तर प्रदेश	India
S2-253971816	Zeify P.C. Aura Valley		US
S2-872647839	Urban Barbershop Summit Co	3668 DOUBLE ROCK LANE, PARKVILLE, MD	US
S2-371177464	BESOFT SELECT RESIDENTIAL INCORPORATED	570 DUDLEY ST, DORCHESTER, MA	US
S2-392101686	Cho, Han & Aaal Resources  Inc		US
S2-742615879	Kolkata Techno Llp	77/1F- R K CHATTERJEE ROAD, KOLKATA, <NULL>, West Bengal	India
S2-915570823	Dn-Infratech Private Ltd	MUMBAI, MUMBAI CITY, महाराष्ट्र, null, HN 909 OFFICE NO 905 9TH FLOOR ATRIUM 2 CTS NO 228 BEHIND COURTYARD MARRIOTT ANDHERI EAST	India
S2-7628522	*** India Wisdom Pvt Ltd (Center)	NO 372-B/1. RJAPARK, JAIPUR, Rajasthan	India
S2-760715074	Chitra Odisha Overseas  Limited Service	#657 1120, 11TH FLOOR, IMPERIA MINDSPACE, SECTOR 62, BHORAKALAN, Haryana	India
S2-592654195	Direct Two	12465 Shelby Place, CROWN POINT, IN	US
S2-784941789	Nexjax	MASTIC BEACH, NY, ##47 ANN ROAD	US
S2-92204055	सूर्या केयर प्राइवेट लिमिटेड	PLTO 936 1915B, SEC 16-17, HISAR, Haryana	India
S2-696464820	Morales Products Incorporated	NY, 5231 SUSNET DR, LOWVILLE	US
S2-282584958	सूर्या इंफोटेक प्राइवेट लिमिटेड	SN. 199/A JAGGANTHCOMPLEX, PIMPRI CHINCHWAD, PUNE, महाराष्ट्र	India
S2-294000697	Longshoremen Local 956 Inc.	2011 WAREHAM ROAD, DUNDALK, MD	US
S2-636522549	Blincoe-Trusted Israel	TILDEAN LANE, NY, BAYVILLE	US
S2-922147034	SATECIS  HIGHLAND	4609 GLEN ROSE RD, KY, LOUISVILLE	US
S2-14848438	PRIVATE BENGALURU FINANCE LIMITED	120 BOMMASANDRA INDUSTRIAL AREA, null, BANGALORE, Karnataka	India
S2-707158229	Private Saroornagar Teclhnoloegbs Limited	SAROORNAGAR, Telangana, PLOTNOA-165 TEACHERS COLONY, K.V.RANGAREDDY, VIGNANPURI COLONY ROAD 3	India
S2-191076214	Mallory, Sile B., D.O. LP #7247	4458-C EWING DR, DUBUQUE, IA	US
S2-56238802	LZZ Nexpoint Southside,	BREMERTON, WA, #2119 WILLIAM E SUTTON RD	US
S2-234724885	Habeck Interstate Aldabra Inc	17142  KNOXWOOD DR, HUNTERSVILLE, NC	US
S2-259568411	Dynamic Prairie Prairie Inc Service	2036 DANVILLE RD, WALDRON, AR	US
S2-412143035	United-lndia Private-Limited	PLOT NO.3-0 INDIRAJITH AVENUE, KOVILAMBAKKAM, Tamil Nadu	India
S2-299985466	गैलेक्सी इन्वेस्टमेंट्स प्राइवेट लिमिटेड	PLOT NO.3, H, NEW DELHI, दिल्ली	India
S2-724107627	Green Technologies Exports Private Limited	P NO-37-A., HUDA HEIGHTS B HILLS, RAJENDRA NAGAR, Telangana	India
S2-944837170	Children's Summit-Alliance Inc.	CATALPA LN, HEMPSTEAD, NY	US
S2-943726257	Naik Naik Rbier [LLP]	E-44/2, PHASE-II, OKHLA INDUSTRIAL AREA, NEW DELHI, Delhi	India
S2-881445898	INTERSTATE QUEST CORP	17818 TANGLEWOOD CORT, HAZEL CREST, IL	US
S2-624143366	United [Companies]	1703 152ST STREET, BURNSVILLE, MN	US
S2-488046128	சில்வர் கன்சல்டிங் பிரைவேட் லிமிடெட்	TIRUPPUR, தமிழ்நாடு, 9-10/41-42 ELANGO NAGAR 2ND STREET, P N ROAD, COIMBATORE	India
S2-795797345	Zephyr Holdings	11309 371, COHOCTON, NY	US
S2-788939541	Raso & Vanderpool Fox	2215 SAN JUAN TRL, TUCSON, AZ	US
S2-575257314	Premier Figx Llc	30 Williams Street, WHITEHALL, NY	US
S2-999831203	LEGACY RFIEIILTY PARTNERS CO	449 BAKER DRIVE, SUPPLY, NC	US
S2-692541918	वन प्रॉपर्टीज प्राइवेट लिमिटेड	GEETA NILYAM, UMESH CINEMA ROAD, HAJIPUR, VAISHALI, Bihar	India
S2-794446547	आदित्य फाउंडेशन प्राइवेट लिमिटेड	101, MAGNUM OPUS CHS LTD, JUHU VERSOVA LINK ROAD, 7 BUNGLOWS, ANDHERI (W), MUMBAI, MUMBAI CITY, Maharashtra	India
S2-510649837	Piedmont Universal Partners Corporation	227 MOUNTAIN TER, MYERSVILLE, MD	US
S2-919835180	Smt Solarcraft Brothers	#21 MANASVI NILAYAM, 2ND MAIN, 12TH CROSS SRI M V LYAOUT, KODIGEHALLI, VIDYARANYAPUR, A, BANGALORE, Karnataka	India
S2-63220718	Twisted Ice Cream [Center]		US
S2-910529923	परफेक्ट फाइनेंस प्रा. लि.	BARSHI ROAD, महाराष्ट्र, OSMANABAD, PLOT 519 SHRI KRUSHAN NAGAR, UPLA	India
S2-757766620	Essbee Private Limited Services	H.NO 231/2 INDRAPRASTHA, COMPLEX PANCHESHWAR TOWER, KALAVAD, Gujarat	India
S2-656088443	Mr Shiv Moeca Private Limited	दिल्ली, B-11(GR FLOOR) GEETANJALI, NEW DELHI	India
S2-817692687	Russell,  Annas & Joransn Central	1388-1392 QUAKER ROAD, SOMERSET, NY	US
S2-358520598	Hernandez Certified Wholesale,  Inc	33 PURCHASE STREET, RYE, NY	US
S2-812810096	Bureau of Veterans Affairs Inc	151 WALKER FORD RD, TN, MAYNARDVILLE CITY	US
S2-882632718	JACKSON PHARMACEUTICAL INTERSTATE	WAVERLY AVE, EATS ROCKAWAY, NY	US
S2-450854346	CASCADE REGIONAL ÁURORA (LLC)	3408 HIRAM STREET, STT. CHARLES, MO	US
S2-498631977	S+ Andretti Llc	11756 CURRANT DR, SOUTH JORDAN OWNSHIP, UT	US
S2-399785187	Dimas Medical Center  Inc	9735 LOCH LINDEN CT, PO BOX 7402, FAIRFAX CITY, VA	US
S2-436760125	Deroor Grade Co	1017 YELLOWSTONE AVE, BILLINGS, MT	US
S2-325500422	Sri TIP 8USINESS INDUSTRIES PRÍVATE LIMITED	#614P HSVP, SECTOR 42, DLF QE, Haryana	India
S2-803270529	गुरु कंस्ट्रक्शन प्राइवेट लिमिटेड	OFFICE NO 624, ARENJA CORNER PALM BEACH ROAD, SECTOR 17, VASHI, NAVI, MUMBAI, NAVI MUMBAI, Maharashtra, THANE	India
S2-579063633	NORTH TECHNOLOGIES LIMITED | www.northtech.com	ROOM NO.12/561, 2ND FLOOR, CHULLIYL BUILDING, PONANI, MALAPPURAM, Kerala	India
S2-456692750	Plumbers Local [Union]	585 GLADE PARK LOOP, MONTGOMERY, AL	US
S2-97191004	Agro Gwalior Resorts Ltd	D.NO 15-9-262, GOWLIGUDA, HYDERABAD, తెలంగాణ	India
S2-981972748	Arlen's Unified  Metal Works Co.	3081 WARRINGTON WAY, BOLIVIA, NC	US
S2-692923085	Precious Consultancy Ltd	FLAT NO 403 WIG B FLOOR NO 4 APURVA B ANANT APURVA COMPLEX, RAMDEV PARK ROAD, MIRA R, OAD E, THANE, महाराष्ट्र	India
S2-685202743	-- MALAPPURAMTS.COM	AONE BRICKS BUILDING, MALAPPURAM, MALAPURAM, കേരളം	India
S2-698214762	Knicely Silver Healthcare Incorporated	25 MCLELLAN STREET, BOSTON, MA	US
S2-560293142	Aditendri  Dvbelopesr Limited	NO 64- C/O PUSPENDU DAS, FLAT-1/, AMANTRAN APPARTMENT, BARUIPUR, পশ্চিমবঙ্গ	India
S2-961264588	M/s Shree-LLP Solutions	HOMSE NO. 24 DEVRI RUKHARA. TEHSEEL BAKSHI KAA TALAB, LUCKNOW, उत्तर प्रदेश	India
S2-515628895	Sheba Ptesimchds  Ltd	2/395-21, KANNAPPAN NAGAR, KATTIGANPALLI, KRISHNAGIRI, KRISHNAGIRI, Tamil Nadu	India
S2-1991586	SHOOK-NEWHOLD INC SERVICES	5707 SORA LN, RIVERDAALE, MD	US
S2-841570865	Lucky Grill Coastal Corp	520 PAGE STREET, CLAYTON, NC	US
S2-519246249	pvt. india seventh solution ltd.	KALPATHARU, BANGALORE, Karnataka	India
S2-84440745	SUMMER SUMMER INSTITUTE	Gujarat, 216-217, SANGATH MALL-1 OPP. ENGG. COLLEGE, MOTERA, AHMEDABAD	India
S2-809648222	Lucknow Holdings Private-Limited	B1 5RD FLOOR RAJA RAM KUMAR, PLAZA 75 HAZRATGANJ, LUCKNOW, उत्तर प्रदेश	India
S2-838673872	ഈസ്റ്റേൺ ഇൻവെസ്റ്റ്മെന്റ് പ്രൈവറ്റ് ലിമിറ്റഡ്	ROOM NO. 380, THRISSUR, WADAKANCHERRY, കേരളം	India
S2-971548298	Praite Toshniwal & Co Limited	E-54, SECTOR-27, NOIDA, GAUTAM BUDDHA NAGAR, Uttar Pradesh	India
S2-36369235	Seque Modern Tactical L.L.C.	6600 Outer Loop, LOUISVILLE, KY	US
S2-790805433	HYDERABAD AGRO PRIVATE LIMITED	#728, MANDARA, 8-2-248/5/A/22/23 VENAKATESWARA HILLS, ROAD NO. 3, BANJARA, HILLS, HYDERABAD, Telangana	India
S2-423365706	internalmedicinehealth.com	10 HARTSDALE STREET, SMITHTOWN, NY	US
S2-718080398	Lyryn Jaws-West Des Móines	8601 WESTOWN PKWY, WEST DES MOINES, IA	US
S2-828709692	J P 7 Keen  PC	3436 HUNT LANE, INCORPORATED, ID	US
S2-388078492	Liberty Twin  Group	599 167ST AVENUE, WALCOTT, ND	US
S2-375167933	United Preparatory Academy	PA, 117 FAIR OAKS AVENUE, HORSHAM	US
S2-717929717	Pediatric Care Ltd Service	25 BROWN STREET, ROCHESTER, NY	US
S2-819129225	Zebrius Beacon Source Inc.	BLUEBONNET DR, BROWNSVILLE, TX	US
S2-693167503	Urgent Care Péak Partners Inc		US
S2-415565721	ಆದಿತ್ಯ ಬಾಂಬೆ ಕನ್ಸಲ್ಟಿಂಗ್ ಪ್ರೈವೇಟ್ ಲಿಮಿಟೆಡ್	#B3/9TH & 10TH FLOOR BRIGADE IRV CENTRE NALLURHALLI WHITEFIELD, BANGALORE, ಕರ್ನಾಟಕ	India
S2-691017134	>> EAR NOSE & THROAT MEDICINE OF	241 1/2 TUPELO GREEN CIRCLE, SPRING, TX	US
S2-781707545	AC National  Detailing, L.L.C.	45 WEST RD, ORLEANS, MA	US
S2-468833882	Sbl Réaltors Private Limited	JAIN SADGURU IMAGES CAITAL PARK PLOT NO. 1-98/4/1- TO 13 28 & 29, 8TH FLOOR, UNIT NO. 804B, IMAGE GARDENS ROAD, SHAIKPET, <NULL>, Telangana	India
S2-769602180	Education Alliance - 6001461411	968 HIGHPOINT DR, ANNAPOLIS, MD	US
S2-628091481	Imojean, Boyd, Signature China Inc	29W 270 FOREST AVE, PO BOX 5961, WEST CHICAGO, IL	US
S2-442252766	સૂર્ય કેર પ્રાઇવેટ લિમિટેડ	204, ABHUSHAN COMPLEX, PARLE POINT, SURAT, GHOD DOD ROAD., ગુજરાત	India
S2-130433305	Mcbride, Meliande P., DPM	19 MORNING GLORY RD, CUMBERLAND TOWNSHIP, RI	US
S2-199062658	Partners Horizon Broadcast Inc	2470 EUCLID AVENUE, DES MOINES, IA	US
S2-505027039	Tessi E. Ps,m D.C., P.C.	04337 191ND ST, CLEVELAND, OH	US
S2-545933138	DYNAMIC PRINTING LFS  LLC	3111 RAYMOND AVE, BROOKFIELD, IL	US
S2-613069273	RUTH BIOWORKS OF  CORNELIUS	20417 1/2 Queens Street, CORNELIUS, NC	US
S2-817662505	Pattie Vandermark, Services		US
S2-710386119	अल्फा पावर प्राइवेट लिमिटेड	J- 8-324, 3RD FLOOR, GAUR GRANDUER SECTOR- 119, NOIDA, GAUTAM BUDDHA NAGAR, Uttar Pradesh	India
S2-161296091	Ibarra's Data LP	1 FRANKLIN ST, STONEHAM, MA	US
S2-40677644	COMPLETE TRACNSHIT ENTERPRISES LLC	HEBRON ROAD, HEATH, OH	US
S2-991025350	Stalcup Ánchor Malt LLC	1815 ALBERT PLACE, JEFFERSON CITY, MO	US
S2-671063597	LIMITED SINGH TRAVEL	C/O MODERN TRADING CO. SEVOKE ROAD, SILIGURI, DARJEELING, West Bengal	India
S2-644557130	Gresh College Corp	22A June Street Terrace, WORCESTER, MA	US
S2-613224956	WYQ SERVICES PVT LTD	H.NO 380 ASWINI DUTTA NAGARHINDMOTOR, HOOGHLY, West Bengal	India
S2-760652546	ಡೈನಾಮಿಕ್ ಕನ್ಸಲ್ಟಿಂಗ್ ಪ್ರೈವೇಟ್ ಲಿಮಿಟೆಡ್	Karnataka, DAKSHINA KANNADA, APMC ROAD, D NO III-18/10(8) STOPHER BUILDING CHRISTOPHER COMPLEX	India
S2-952271243	Jaquith's Center	CHATTANOOGA, 3831 WILCOX BOULEVARD, TN	US
S2-21619050	Associated Payment Dynamics Co	5609 W, TOWN OF ROCKLAND, WI	US
S2-463045061	ईस्ट ग्लोबल प्राइवेट लिमिटेड	C-7, NOIDA, GAUTAM BUDDHA NAGAR, Uttar Pradesh	India
S2-912746519	RAVEN CENTRAL	610 DIXON AVENUE, APPALACHIA, VA	US
S2-944754033	A Starlink PC Center	11336 1/2 PLACIDO CT, PORTLAND, OR	US
S2-455462687	Artifex Edge (India) Exports Company	DOOR NO 8 JAWAHAR CHOWK JUMERATI, BHOPAL, Madhya Pradesh	India
S2-253659647	Behavioral Health Green Clinic  LLC	2251 GREASY CREEK ROAD, MURPHY, NC	US
S2-764468499	स्मार्ट इंफोटेक प्राइवेट लिमिटेड	134 A/3, 2ND FLOOR TAIMOOR NAGAR, SOUTH DELHI, DELHI	India
S2-64815057	AJ TREASURY LP	1413 13TH AVENUE, BESSEMER, AL	US
S2-961719110	Commercial Packaging Technologies	2033 ELK SPRINGS DRIVE, PMB 5629, NASHVILLE, TN	US
S2-47394865	Pinnacle Investment Co	FORTROSE CIRCLE, SOUTHERN PINES, NC	US
S2-546735803	The K & B Audio Installation	014 ARLINGTON AVE, MN, ST PAUL	US
S2-472675342	Jenkins Y G Hórse	CHINO HILLS, 1646. VISTA DEL NORTE, CA	US
S2-324068052	Royal Atlanticus L.L.C.	217 HAMILTON DRIVE, PALATINE, IL	US
S2-421579400	East Properties Private Limited	428, MASTERMIND1, I.T PARK, ROYAL PALMS, AAREY COLONY, GOREGAON EAST, MUMBAI, Maharashtra	India
S2-736137170	Lorenza M. Jeffers,	207 WRENN DRIVE, NULL, CARY, NC	US
S2-697691781	Mr KAP0OR INFOTAINMENT LIMITED		India
S2-658525849	shaylyn michael alibaba	2638 1/2 GRAVEL DR, FT WORTH, TX	US
S2-672242056	हरि मार्केटिंग एलएलपी	DOOR NO 12 808, DELHI, NORTH WEST DELHI, Delhi	India
S2-572815860	P 2 Pioneer Spa Ltd	SC, 892  PENNY ROYAL AVE, FORT MILL	US
S2-215620421	Choice-Biomedical  Group	7227 ENGLEHARDT DRIVE, RALEIGH, NC	US
S2-696860566	Piedmont Global  LLC	WA, 18115 46TH AVE, VANCOUVER	US
S2-869973572	બેસ્ટ કેર લિમિટેડ	BLOCK-C/##16, G.F, BANSIDHAR ESTATE, AHMADABAD CITY, AHMEDABAD, ગુજરાત	India
S2-583741238	Layer Charitable Trust Public Limited	C/O ANIL KUMAR S/O SH RAJ SINGH GALI NO-11, MAHIPALPUR EXTN, Delhi	India
S2-212770593	... Anderea Carpenter Átlas	1431 ASH STREET, SPRINGFIELD, IL	US
S2-249511951	Hillock Coals Pvt.  Ltd.	A-2109, FIRST FLOOR, T2, HILITE BUSINESS PARK, KOZHIKODE, Kerala	India
S2-539860025	Klausing  Cascade Union LLC	1944 ALDER LANE DRIVE, TOLEDO, OR	US
S2-25625786	Integrated-Malt, L.L.C.	RED OAK, TX, ##267 RUTGERS AVE	US
S2-513894966	Ariella's Lógistics	500-A SKUNK HOLLOW RD, LA CRESCENT, MN	US
S2-590932832	ఫస్ట్ ప్రాజెక్ట్స్ ప్రైవేట్ లిమిటెడ్	Telangana, HYDERABAD, 19, TECHNOCRATS INDUSTRIAL ETATE, BALANAGAR	India
S2-669620229	-- Anvil Pantages (Inc)	IL, SHERMAN, 824 EVERGREEN WALK	US
S2-607618923	M/s Sai Hotels	C/O M/S UBBER REALTY, UBBER MEWS GATE KURALI ROAD-VIII, LGF -134, KHANPUR, KHARAR, Punjab	India
S2-47088457	DURHAM PIONEER	230  MARBELLA GROVE, DURHAM TOWNSHIP, NC	US
S2-157707209	5ophey Smyth Quality  James LLC	ALBUQUEERQUE, 3722 ESPEJO ST, NM	US
S2-234454348	ವಿಷನ್ ಕನ್ಸಲ್ಟೆಂಟ್ಸ್ ಎಂಟರ್‌ಪ್ರೈಸಸ್ ಪ್ರೈವೇಟ್ ಲಿಮಿಟೆಡ್	22 2 CROSS SUNRISE COLONY, CHOLANAYAKANAHALLI HEBBAL, BANGALORE, BANGALORE NORTH, Karnataka	India
S2-9673161	Co Sullivan Mountain Solana	7945 HARMON ROAD, POWELL, TN	US
S2-46654311	Harrison and Phillips Ultra Inc	TX, 9632 VALLEY RANCH PKWY, IRVING	US
S2-856864565	Mr La La Consultants Group Private	C/0- AGRAWAL INDUSTRIES PROP- NILESH RAVI AGRAWAL B-26 MIDC MUNDIPAR, GONDIA, Maharashtra	India
S2-37848567	भारत फूड प्राइवेट लिमिटेड	NO 701, A WING AMBIKA PLAZA, 90 FEET ROAD, MULUND (E), MUMBAI, Maharashtra	India
S2-353412345	Zh Acquisition Inc	30445 1ST PLACE, FEDERLA WAY, WA	US
S2-679266499	PELICAN-TRUST	A-2303, FAIR FIELD LODHA LUXURIA, LODHA PARADISE, NEAR MAJIWADA BRIDGE, THANE (WEST), THANE, Maharashtra	India
S2-552142135	क्लासिक एनर्जी जनरल लिमिटेड	132 DAMJI SHAMJI UDYOG BHAVANVEER DESAI ROAD ANDHERI W, GREATER BOMBAY, MUMBAI, Maharashtra	India
S2-352189198	M/s Rvd Language	NO 3-FR FL-3D 5C SANDAL STREET KOLKATA, KOLKATA, KOLKATA, West Bengal	India
S2-758544665	Bunet	KY, OWENSBORO, 2114 FIFTH ST	US
S2-4670456	Eastern Supreme Shore, Inc.	##1701 RETREAT CIR, MOUD TOWNSHIP, MN	US
S2-530429354	BACK ALLEY  BIKE SHOP	1029  DUNEDIN RD, COLUMBUS, OH	US
S2-528580902	Gardner Energy LLC Center	SAINT LOUIS, 13810 AMIOT DR, MO	US
S2-121377752	Kaluza, Brandon and-Rose Inc #83999		US
S2-681582274	BISON-CHEMICAL INC	136 Ann Cove Lane, POWELL, TN	US
S2-380407196	THE VAUGHN PATRIOT LLC	109 80TH STREET, KANSAS CITY, MO	US
S2-891629191	BAY INTEGRATED INTEGRATED	103 NICHLY ST, JAMESTOWN, IN	US
S2-195798784	>> Pr Tieup Private Ltd	P164E SECEA METROPOLITAN, SOUTH 24 PARGANAS, West Bengal	India
S2-375590937	Iris Gardner Certified Consolidated  LP	921 GRAND AVENUE CT, MARION, IA	US
S2-132174986	Mint Charitable  Trust Company	19C, EVEREST HOUSE, 46C, JAWAHARLAL NEHRU ROAD, KOLKATA, KOLKATA, West Bengal	India
S2-73475891	NEXELLE CONSTRUCTION P.C.	31 HILLCREST HEIGHTS, LEBANON, CT	US
S2-869529352	NEW DELHI COMPUTER VENTURES LIMITED SERVICE	FARM NO. F-55, GROUND FLOOR, ASOLA PHASE-IV, NEW DELHI, Delhi	India
S2-765180306	Private Creative Infra Ltd	PLOT NO.1, OM SATYAM APARTMENT SECTOR-IV, DWARKA, NEW DELHI, D-301, दिल्ली, WEST DELHI	India
S2-211421430	టెక్ ఇన్ఫోటెక్ ప్రైవేట్ లిమిటెడ్	HYDERABAD, KARIMNAGAR, తెలంగాణ, 8-6-375/3/8	India
S2-603257090	Dearman Ngl Ínc	GROVE CITY, OH, 1684 TUSCARORA DRIVE	US
S2-779347445	Womens Health Prairie Associates Central, Inc.	518 RENO AVE, BISMARCK, ND	US
S2-630400131	GREAT PROJECT ASSOCIATES	1757 Waterman Lane, MARANA, AZ	US
S2-983117446	Royal Food Limited	BISOLI W NOB3/15 CHANDAVSIRO, BADAUN BISAULI (NPP) UP, BISAULI, BUDAUN, उत्तर प्रदेश	India
S2-155450777	Christean Blogcakohge Medical (Corp)	8 BIRCH LANE, MN, LANDFALL	US
S2-534279441	The Cozy Auto Body Inc	2446 MAN ST, PMB 9936, MA, BARNSTABLE	US
S2-181433812	LLC Precision Learning Alliance Central,	808 Sweet Gum Grove Church Rd, STOKES, NC	US
S2-680593975	Mend0za, Bénedicta,	816 BENNETT RD, ANOLA, NY	US
S2-960612505	ELLA GILBERT GILBERT INNOVATIVE LP CENTER	3088 ENNIS ST, MILAN, TN	US
S2-830927023	Shri Balaji Care Private	B-200 KARAM PURA, NEW DELHI, दिल्ली	India
S2-128174913	सदर्न बिल्डर्स प्राइवेट लिमिटेड	PLOT G-544 791/5, GURGAON, Haryana	India
S2-636425502	Corp Western Choice Vrntcre	CENTER ST, HYRUM CP, UT	US
S2-569719193	Corner Pizza! Inc	20123 PSOFESSIONAL BLVD, HAGERSTOWN, MD	US
S2-981412843	Cure Book  Store-Albany Service	3320 FREEDOM COURT, PMB 103, ALBANY CDP, OR	US
S2-221959152	Advanced  Whgelfnsale Corporation	1104 EBRO RALLY RD, ALTON, VA	US
S2-485655062	BHARGAB PRIVATE LIMITED CENTER	PLOT 973, FL 12, SHAFT-2 NA, W-12, SOBHA DREAM ACR, BANGALORE NORTH, Karnataka	India
S2-322572039	KJR SOLUTIONS PVT LTD	D 0480 (SF), KH NO 29/1, 6/2 HARIJAN BASTI, PALAM EXT-1, SEC-7, DWARKA NEAR JAI JAWAN GAS A, GENCY, NEWDELHI, Delhi	India
S2-703395960	Vanntora Asford Inc	5111 KK, HANNIBAL, MO	US
S2-739593376	Jaiwanti Tráding Pvt Ltd	A/3/2 KHIDDERPUR INDUSTRIALESTATE, KOLKATA, পশ্চিমবঙ্গ	India
S2-425539419	Atlas Renewables	92 COUNTRY CLUB DRIVE, ROCHESTEER, NY	US
S2-311952042	Solutions Amr Krishna Associates	PLOT 413 B-219, FLORENCE MARVEL, SUSHANT LOK-III, DLF QE, Haryana	India
S2-641878914	Kaybee Engitech Private	011, ISHWAR NAGAR, MATHURA ROAD, NEW DELHI, Delhi	India
S2-248936480	... 596 X IST LANESHAHUPURI OVERSEAS ENTERPRISES PVT. [LTD.]	NO 6 PARAG COMPLEX, KOLHAPUR, 596 X IST LANESHAHUPURI, Maharashtra	India
S2-688107202	Blue Secure		US
S2-446657098	M/s Matarani Flight Pvt.	NO 79 3ED/F HEMKUND COLONY, GK 1 OPP NEHRU PALACE, NEW DELHI, Delhi	India
S2-841375795	zbv textiles clinic	#877 B-1, C-13, INDUSTRIAL ESTATE, BHOSARI, PUNE, Maharashtra	India
S2-593944503	GERRILEE'S GROUP INVESTMENTS	100 PENNSYLVANIA AVE, PMB 9162, JEFFERSONVILLE CITTY, IN	US
S2-975224346	Fernandez of Hagerstown Center	MD, 16459 HEATHER RIDGE RD, HAGERSTOWN	US
S2-56611161	upper bancorporation, co	427 MCCOMB ST, RICH HILL, MO	US
S2-601718655	MALAPPURAM  AIRCONDITIONING PRIVATE LIMITED	PLOT 716 16/85A, TRIKKALANGODE, ERNAD, MALAPPURAM, NULL, കേരളം	India
S2-6635112	suggs laboratories inc.	5309 JEANNELYNN STREET, YOUNGSTONW CITY, OH	US
S2-14371978	रियल ग्लोबल एक्सपोर्ट्स रेस्टोरेंट एलएलपी	#503 BEZZOLA COMPLEXSION TROMBAY ROAD CHEMBUR, BOMBAY, MUMBAI, Maharashtra	India
S2-497277606	Shrinidhi Ltd	F, NO-810 & 811, 8TH FLOOR, MANJEERATRINITYCORPORATE, TIRUMALAGIRI, Andhra Pradesh	India
S2-562277067	Lumwex	40 STREET, BROOKLYN, NY	US
S2-57563331	Ketter Energy Holdings	TX, ##1262 OLD NADA ROAD, GARWOOD	US
S2-252482655	यूनिवर्सल ट्रेडिंग एलएलपी	##62 C/O DINANATH PANDEY VILLAGE-JOTSI TOLA PANCH-DUMER NARENDRA BHOREY, GOPALGANJ, Bihar	India
S2-633832997	Cmr Environmental (India) Pvt. Ltd.		India
S2-248487699	Gupta Ses	48  HOLY FAMILY ROAD, HOLYOKE, MA	US
S2-738632487	National Wealth Énterprises Inc		US
S2-712464567	ZF SUGANDHI PRIVATE LTD	1144/1/3, GHULE NAGAR, TAL- SHEVGAON, AHMADNAGAR, महाराष्ट्र	India
S2-354559199	Liberty Farms Group Holdings	111 PINECREST ST, SHELBY, NC	US
S2-956912393	PIEDMONT COMMITTEE [PARTNERS]	PA, 447 ELM STREET, POTTSTOWN	US
S2-169852354	brown, kasey, d.d.s.	1726 Briarmanor Drive, LAKE SAINT LUIS, MO	US
S2-831012534	Supreme Stock	009045 SC TATE ROAD, AR, OMAHA	US
S2-402163491	FPF Suisse Incorporated	#783 84, GORDON, AL	US
S2-176185815	Nexlao Assets  LLC Services	375 WOODSTREAM WAY, MONTGOMERY TOWNSHIP, PA	US
S2-314529090	ASHOKA INTERNATIONAL SERVICES	D-4/44, GROUND FLOOR VASHIST PARK, DELHI, दिल्ली	India
S2-623781980	जैन इन्वेस्टमेंट्स प्राइवेट लिमिटेड	S 148/1/2/104 OPP JIVANHOSPITAL GANESH NGR BHOPKH, PUNE, महाराष्ट्र	India
S2-9983414	Cosette Wendler City Inc.	6107 VAN ALSTINE ROAD, CAMILLUS, NY	US
S2-51172764	OPTIMAL WELLNE5S CODNSNLTENTS INC	3 ROUND HOUSE RD, PIERMONT, NY	US
S2-68588665	Sacramento Memorial Coalition Có	6464-6466 STOCKTON BLVD, SACRAMENTO, CA	US
S2-873265702	CÁLL-FOORTS	10-3-310/B/5BESIDE/8 NMDC MASAB TANK, HYDERABAD, Telangana	India
S2-774562917	स्मार्ट कंसल्टिंग	16/79 D CIVIL LINES, KANPUR NAGAR, Uttar Pradesh, KANPUR COURT	India
S2-742483122	Mr Jagdamba & (Brothers)	FLTA NO-308, 4TH FLOOR KRISHNA MANSION JHARPADA, BHUBANESWAR, Odisha	India
S2-871944685	शक्ति आईटी प्राइवेट लिमिटेड	00209, NAGAUR, Maharashtra	India
S2-166404331	NGT Garment Pvt [Ltd]	Odisha, AT- KENGHATIJAYANTPUR, SAMBALPUR	India
S2-272817166	Aqua Limited Services	HOUSE NO 3-35 GUT NO 20 VILLEGE KOKNER, PALGHAR, Maharashtra	India
S2-70158444	Devtecha Distributing	H.NO 80- C/O CHANDRAKALA BHATU NANDAN, PIMPALNER TQ SAKRI, DIST DHULE, PIMPALNER, Maharashtra	India
S2-434170203	M 9 Certified Giant Llc		US
S2-253976027	Aggy Trujillo Royal-Sab	Pineville Road, STATESVILLE, NC	US
S2-108947084	Jody Luttrell Myers Corp	606. HOWARD AVENUE, ARCADIA, IN	US
S2-764165441	DONAIA [LLC]		US
S2-57068657	Cozy Íce Cream	NC, DENVER, 6559 FOREST CREEK DRIVE, PO BOX 6949	US
S2-456028212	SHELTON PIONEER PIONEER	00635 MARTIN STREET, MOUNT OLIVE, NC	US
S2-573624350	Howard Group Holdings		US
S2-568283419	Ortiz's Ortiz's Painting	OAK HARBOR, OH, 309 MAIN STREET	US
S2-890433951	*** Huddleston & Cobbs L.L.C.	1215- BACKBAY DR, IRVING, TX	US
S2-977759409	*** #pediatricmedicine	87-59 86 SAINT, NY, WOODHAVEN	US
S2-690266771	education foundation	384  GOULD RD, EUREA, MT	US
S2-454543456	Fayedeltamira	25, BANGALORE NORTH, BENGALURU, ಕರ್ನಾಟಕ	India
S2-327347383	Mountain Services	6490 19TH STREET, FIRCREST, WA	US
S2-902966116	Babu Inda Private Limited	4/120-, SIDDHA NAIDU STREET PAPPANAICKEN PALAYAM, COIMBATORE, Tamil Nadu	India
S2-798151	New Delhi Dígital	H.NO. A-3-5, SECOND FLOOR, SOUTH EXTENTION PART-1, NEW DELHI, Delhi	India
S2-195776203	Lush Brothers Limited Center	GS-55, MALIBU TOWN, SADAR BAZAR, Haryana	India
S2-548744185	SWEET DINER GROUP	8113 LYNWOOD SQUARE, PO BOX 3859, WAXHAW, NC	US
S2-493773492	Care Lal (Índia) [Pvt]	GAT NO 50/4/1 PLOT NO 2, PHALTAN ROAD, BARAMATI, Maharashtra	India
S2-493902554	sanjana information (india) limited		India
S2-77617110	Moreshwar  Advisors Private Limited	00171, PUSHPAGIRI, 1ST CROSS, AREKERE-MICO LAYOUT 1ST PHASE, BANNERGHATTA MAIN ROAD, BANGALORE, Karnataka	India
S2-874577696	Retail Infotech Limited	210/2, BHAI PARMANAND COLONY, DELHI, Delhi	India
S2-637955261	GREAT DEVELOPERS PRIVATE LIMITED	#997 SN 165 A, JAIPRAKASH SOC, MALWADI, HADAPSAR, PUNE CITY, Maharashtra	India
S2-359880151	अरिहंत इन्वेस्टमेंट प्राइवेट लिमिटेड	1959, INDORE, DWARKA PURI, Madhya Pradesh	India
S2-324090596	ll.cóm	3746 FOOTE ST, WASHINGTON, DC	US
S2-55519252	Murray's LLP Realty Premier	691-695 CENTURY ESTATES, GALESBURG, IL	US
S2-278269475	Apex Semiconductor Technologies LLC	SUN CITY, 9325 BRIARWOOD CIRCLE, AZ	US
S2-33274975	एसएस ग्लोबल प्राइवेट लिमिटेड	BLOCK F-378 TARA SMRITI, PATNA, SULTANGANJ, Bihar	India
S2-835194418	Myhre Armour L.L.C.	42ND PL, LORAIN, OH	US
S2-818459297	FAISHOLDING.COM	102 ALBE DRIVE, NEWARK CITY, DE	US
S2-491459312	India Hari International Private Ltd	NO 66 C/O SHRI DEVINDRAPPA, H/NO 1-4-87/1 AMBEDKAR NAGAR, NEAR BUS STAND, CHITTAPUR, Karnataka	India
S2-559117686	Blue Federation Iv Group	1498-1500 FIFTH STREET, FABNS CDP, TX	US
S2-263632655	Corp Heritage Energy Networks	124 Central Avenue, ASHLAND, KY	US
S2-842249456	Smart  Federal Core Incorporated	134 HIGHLAND STREET, HUSTISFORD, WI	US
S2-155771558	Saephanh & Stark Factory Llc	RANSON RD, MARTINSVILLE CITY, VA	US
S2-308397386	Inc. Bright Infrastructure Negwotks	447  MIDLAND AVE, NY, RYE, <NULL>	US
S2-71167167	CONGREGATION CÓMMUNITY CHURCH	9738 BAYOU WOODS DR, BAYTOWN, TX	US
S2-53558047	Future-Creative Media General Private Limited	SN-33- HN-7/3 7/2/2 PL-34 SWATI SOC DHANKAWADI ANANDNGR, PUNE, महाराष्ट्र	India
S2-743883393	Shil (India) India	BLOCK D-451 S.NO.117A/1, 117B, F.P.NO.538/A, BLDG NO.H FLAT NO 605, ROHAN KRITIKA, SINHGAD RD., NR, PUNE, Maharashtra	India
S2-468629880	तिरुपति लॉजिस्टिक्स लिमिटेड	NORTH WEST, HOUSE NO.27, Delhi	India
S2-467031091	MM Strlng Retail LLC	##100 CRIS JEAN COVE, WHITEVILLE, TN	US
S2-201442439	Ltd Megapix Pvt Services	C-78, ROHINI, DELHI, दिल्ली	India
S2-75959390	CAN FINANCE-PRIVATE LIMITED	PLOT 945 32, F BLOCK, FIRST FLOOR, PHASE 1, ASHOK VIHAR, DELHI, दिल्ली	India
S2-764320832	se investment	3509 52, RIHMOND, KY	US
S2-170778597	Ltd East Ch0ice Estate	294 COUNTY ROAD 748, BUNA, TX	US
S2-740817160	ஹரி கேர் பிரைவேட் லிமிடெட்	#2/381C SENJERI BYPASS, PERAMBALUR, Tamil Nadu	India
S2-855010785	Carter Royal Consulting Partners	#351 SHERWOOD TRL, NEWTON, AL	US
S2-999377540	Inc M0ore Proem	51 TIGER DRIVE, FALLSBURG, NY	US
S2-574922677	BELLIVEAU KEYSTONE KRAKACQUISITION SOUTH L.L.C.	FAYETTEVILLE, 5107 1/2 HIGHBRIDGE STREET, NY	US
S2-599466623	Urban  Management Private	303/304, REGENT CHAMBERS, NARIMAN POINT, Maharashtra	India
S2-265516035	Stag Ltd	225 1/2 CLOVER HILL DR, AGAWAM, MA	US
S2-764654313	... DOMANSKI'S BROGKELDRAGE	647 PRADO, PO BOX 9501, GREEN VALLEY, AZ	US
S2-338376449	Morris United Deli Ltd.	2005 SINGLE TREE LANE, PO BOX 4225, BLOOMINGTON, IL	US
S2-597063118	SMITH, GUENNA, DO, P.C.	ASHLAND, OH, WALNUT ST	US
S2-58944336	Herta Arevalo, 0.D.	##315 ELLIOT LANE, DE KALB, TX	US
S2-453118660	मां फूड प्राइवेट लिमिटेड	NO 6-24 516, VIDHYADHAR NAGAR, JAIPUR, राजस्थान	India
S2-923531654	सेवन सर्विसेज	PATNA, DHAWALPURA, PATNA, DHAWALPURA, Bihar	India
S2-443008325	ZEPHYR ÍNC	121 CHINA GARDEN RD, HARPSTER, ID	US
S2-375110549	EYE  DELTA HEALTH	00117 BUCK CREEK DR, PO BOX 2673, ALABASTER, AL	US
S2-86378047	Ney, Olsen Olsen and Conder Harbor	25 1/2 COURT ST, GENESEO, NY	US
S2-216518016	Cascade Preparatory	##11434 COYOTE LANE, NEW PALESTINE, IN	US
S2-380164501	Smt Chugh Medical Cedntef	Punjab, HOUSE NO.470, WARD NO.06, NEAR BABA GANGA RAM DERA, GIDDARBAHA	India
S2-765339178	Glover Family Office	6021 ASPEN PASS DRIVE, KINGWOOD, TX	US
S2-803947778	South Pvt Ltd Service		India
S2-891722644	EASTERN BLUE TRANSPORT	1390 DYSART ROAD, GOODYEAR, AZ	US
S2-842862139	NEXlA, LLC	5-9 BURLWOOD LANE, MA, WOBURN	US
S2-885574157	Jyotiba Adhesives Private	PLOT NO.2, DHANALAKSHMI NAGAR, MOULIVAKKAM, KUNDRATHUR, SRIPERUMBUDUR, Tamil Nadu	India
S2-599646215	Fraley Institute  of Technology	14 CLAY AVENUE, EVERETT CDP, MA	US
S2-401461229	Malsiras Pvt. Ltd. Center	SR NO 72/1, BHUJBAL WASTI, MALSHIRAS, MALSIRAS, महाराष्ट्र	India
S2-650330400	Transworld Digital Ltd	A - 1, SWETA DUPLEX, RADHA SWAMI ROAD, RANIP, Gujarat	India
S2-233887585	ब्लैक टेक कंसल्टिंग प्रा. लि.	C/O SUDHIR BHASKARROA KHOCHE, PLOT NO. 156, S T COLONY, MUKUNDWADI, AURANGABAD, CHHATRAPATI SAMBHAJI NAGAR, Maharashtra	India
S2-914293706	Goldsmith Lease	AFT COURT, PORTSMOUTH CITY, VA	US
S2-621693328	3o7f4o Dte	TRITTS ST, CANAL ULTON, OH	US
S2-500404361	Gujarat  Exports Pvt Ltd	M-110, BASEMENT, FRONT SIDE, SAKET, NEW DELHI, Delhi	India
S2-468881596	Kolkata Services  Limited	H.NO #70 71 NAINAN PARA LANE, KOLKATA, West Bengal	India
S2-442042461	Hackney Pfeicrn PLLC	5347 No Name Rd, ANACORTES, WA	US
S2-467861893	শ্যাম পারফেক্ট হেলথকেয়ার প্রাইভেট লিমিটেড	##29/1/A BALLYGUNGE CIRCULAR ROAD, CALCUTTA, BALLYGUNGE, West Bengal	India
S2-992326393	PRIME TECHNOLOGIES LLP	6-24 , RAJA STREET, CHIPPILI, PONNETIPALEM, MADANAPALLE, Andhra Pradesh	India
S2-258920904	Express Roman	TUCKER HILL RD, FAYSTON, VT	US
S2-645811582	Pediatric	746 JONES RD, WALTON KY, KY	US
S2-207085033	నార్త్ వెంచర్స్ ప్రైవేట్ లిమిటెడ్	Telangana, PLOT NO.4, BLOCK NO.38, ROAD NO. 8A, AUTO NAGAR, RANGAREDDY DISTRICT, HAYATHNAGAR, #2ND FLOOR, HYDERABAD	India
S2-974977035	Shreekant  Services	NO B3/6 , HANUMAN VATIKA, CHITRAKOOT LANE, AJMER ROAD, JAIPUR, Rajasthan	India
S2-350377341	Finance & Co Holdings	Kerala, 24/1607 B7, KPM ARCADE, KUDILTHODU JN, OPP.STARCARE HOSPITAL, THONDAYAD BYPASS, NELLIKKODE, KOZHIKODE	India
S2-635789629	बालाजी ग्लोबल सिस्टम्स प्राइवेट लिमिटेड	411, SHREE RAM TOWER ASHOK MARG, LUCKNOW, GOKHLE MARG, Uttar Pradesh	India
S2-19928922	Tessie Gallo, Center	15 PINEWOOD DR, PO BOX 4905, ALTONA, NY	US
S2-120023144	SB Highland Mines,	25990 CEDAR VALLEY RD, NATRONA, WY	US
S2-509275648	Zephiala Lafayette	5232 LLOYD RD, LUCAMA, NC	US
S2-579754875	Inc. LY Heartland Fidelity	5 KITCHIN PL, ASHEVILLE, NC	US
S2-848996920	Future Silver Gl0bal Hardware Ltd	DOOR NO 666 UNIT NO. 220, 2ND FLOOR, BLK-1 LANDMARK PEEROL PUMP STATE BANK COLONY, NA, DELHI, NORTH WEST, DELHI, INDIA., DELHI, दिल्ली	India
S2-200994870	Sindhu & Partners Exports	NO 91- C/O ANITA RAMCHANDRA PATHARE, S NO 82A/83A SAKAL NAGAR, BANER ROAD, PUNE CITY, Maharashtra	India
S2-633151184	>> Chiropractic Specialists [LLC]	1010 310TH ST, KIRON, IA	US
S2-24705381	TECHNOLOGIES BROTHERS RAFA PVT LTD	Maharashtra, FLAT NO 102, BUILDING 2G, GARDEN RESIDENCY CHS, GHAT NO. 31/1, 94, 95, NIRVAANA DEVELOPER, USRALI, KHURD, PANVEL	India
S2-801520510	Atlantic Association	521 LEAVELL STREET, ALLEN, KS	US
S2-405531401	Western Gulf Fashion, Inc.	##119 MANOMET AVE, HULL, MA	US
S2-298377291	Vargas Strategic	105 Riley Road, AUSTIN, TX	US
S2-115544728	Royal Consulting	100 AMBER WOODS DR, TEGA CAY, SC	US
S2-947119185	FOUR (INDIA) 6AMES (PVT)	HOUSE NO 26 VICTORIA CITY BHBAHAT MC ZIRAKPUR, ZIRAKPUR, Punjab	India
S2-413591435	Fionnula Garcia Inc Launchpad Coastal	30228D 402ND ST, ENUMCLAW, WA	US
S2-988482740	Perl Wilson, CPA,	3537 RAINBOW BLVD, KANSAS CITY, KS	US
S2-568981868	Seo Trúst	832 TOWN AND COUNTRY BLVD, ELLICOTT CITY, MD	US
S2-290170309	Ahmed Industries Group Public Limited	NO. D/948 D-237, VIBHUTI KHAND, LUCKNOW, Uttar Pradesh	India
S2-556138295	CAPITAL SHRÉYA	PORTAGE, 5300 PORTER RD, IN	US
S2-629651313	JUSTINN CAMPOS FUND HILLIARD	4740 GLANSTONBURY DR, HILLIARD, OH	US
S2-381083708	Phung Medical	10321 MC NERNEY DRIVE, IL, FRANKLIN PARK	US
S2-991992397	ନର୍ଥ ବିଲଡର୍ସ୍ ଲିମିଟେଡ୍	MARKET BUILDING, KENDRAPARA, Odisha	India
S2-259335256	Maval  Security Private	Delhi, 356, F/F, GT-0113, 100 FOOTA ROAD, GHITORNI, NEW DELHI	India
S2-608661004	Mumbai Polyfab [Co]	NO 507 CTS NO 1266, FP NO.3, OPP.MANJU CASTLE, MUMBAI, महाराष्ट्र	India
S2-478140463	Inc Bright Bakery	DC, 2814 TERRACE RD, WASHINGTON	US
S2-120377856	Manohar Mills Pvt Ltd	MATHURA G NO 9-16, R FACTORY, MATHURA, उत्तर प्रदेश	India
S2-270925361	Credit Retail Ventures (Corp)	234 OAK HOLLWO CT, PASADENA CITY, MD	US
S2-216322610	हाई लॉजिस्टिक्स प्रा. लि.	उत्तर प्रदेश, FLAT NO 0054 TOWER-G, GAUTAM BUDDHA NAGAR, NOIDA, 14TH AVENUE GAUR CITY-2	India
S2-529432442	Associated International School Public Limited	#32 MAHARSHI DEBENDRA ROAD 2ND FLOOR, KOLKATA, KOLKATA, West Bengal	India
S2-40213786	Minardi, Glennie W., D.C. Corporation	CITADEL DR, COLLEGE PARK, MD	US
S2-112913877	readxf1h.com	AZ, BULLHEAAD CITY, 2860 1/2 COUNTRY CLUB DRIVE	US
S2-808287820	Geon Comasal Átlas LLC	9036 MCALWAINE PRESERVE AVENUE, CHARLOTTE, NC	US
S2-500756981	Nelson Hair Studio of Coppell	703 HAWK LN, COPPELL, TX	US
S2-703383977	Chavira, Eckenrode and Rodriguez Chicago	0137 REYNOLDS ST, null, NEW BEDFORD, MA	US
S2-712354540	Guru Aditya Software Private Ltd	H-961, GC5, GAUR CITY 1, GREATER NOIDA WEST, उत्तर प्रदेश	India
S2-372745157	Palmer, Kylie,	APPALACHIAN STREET, ORO VALLEY, AZ	US
S2-672304822	Nalanda It LLP	उत्तर प्रदेश, E-21 SECTOR M-1 ASHIYANA, COLONY KANPUR ROAD, LUCKNOW	India
S2-264809891	Clear Mdeiacl Company Inc	6012 HIGHWAY 67, PO BOX 7243, HASKELL, AR	US
S2-668155014	स्टार टेक्नोलॉजीज लिमिटेड	432, ALIGARH, Uttar Pradesh	India
S2-260710745	Hotel Engineering (India) Private  Ltd	PLOT NO 8/3 D-LLL BLOCK, MIDC CHINCHWAD, PUNE CITY, Maharashtra	India
S2-163806505	சிவா Infotech லிமிடெட்	T#3, CHENNAI, ERNAKULAM, தமிழ்நாடு	India
S2-579645614	Cancer Guild Incorporated	##2402 93RD TRAIL, BROOKLYN PARK, MN	US
S2-92812581	Lucknow Consumers Group Private Limited	NO 45 DREAMZ PLAZA BESIDE ADHARSHILA HOTEL VIP ROAD, ALAMBAGH, LUCKNOW, उत्तर प्रदेश	India
S2-469352089	Anchor Anadolu		US
S2-29672169	2830 Mountain View Plaza Associates Llc	76 CAMPBELL LN, EAST ISLIP, NY	US
S2-249209596	Allwin Charitable Tcunst Exports	NO. 89  A, NATARAJA ROAD, DHANALAKSHMI COLONY, VADAPALANI, CHENNAI, Tamil Nadu	India
S2-679014512	Buor Resources	DUBUQUE, 2303 TIFFANY COURT, IA	US
S2-695759722	Mr Sangameshwar Brothers Cáre	Karnataka, PRESTIGE TRADE TOWERNO.46, 23RD FLOOR PALACE ROAD, BANGALORE NORTH	India
S2-480367913	PEDIATRICPHYSICIANS.COM	#413 MAIN ST, BRIDGEVILLE, DE	US
S2-401740048	Katrina Ebmore  Ngl LLC	103C WHISPERING PINES COURT, AYDLETT, NC	US
S2-96697347	augustinequalitydisciplined.com	1230D GENERAL GEORGE PATTON RD, NASHVILLE CITY, TN	US
S2-829775943	Romisoft	NULL, 3904 LORI DR, KY, ERLNAGER	US
S2-493051152	private square trading limited	24, HEMANTA BASU SARANI, MANGLAM, A- BLOCK, R. NO. 201, KOLKATA, DALHOUSIE, West Bengal	India
S2-412477905	Bentley Jsafsbs LLC	343 COUNTY ROAD 303, SIHNER, TX	US
S2-279419784	Perl Wilson, CPA, PC		US
S2-535424355	BLACK ENERGY PVT  LTD.	DOOR NO 4TH FLOOR, P. NO 102, GUTTALA BEGAMPET, KAVURI, SHAIKPET, Telangana	India
S2-800958968	KING, YOUNGER  AND	1098. WALTHAM RD, SIMI VALLEY ICTY, CA	US
S2-324271975	MCCOLLUM INNOVATIVE VENTURES INC.		US
S2-672526973	Dr SHYAM EAST [PVT]	#529D/164/FF-10, SUN TOWER KANCHANA VIHARI MAR, KALYANPUR, LUCKNOW, उत्तर प्रदेश	India
S2-351981889	M/s kioskindiasolutions.com	A-226 CABIN NO.5, SAHARA PLAZA PATRAKARPURAM, GOMTI NAGAR, LUCKNOW, Uttar Pradesh	India
S2-442806065	Montiqyn  Gas [Inc]	7018 LOUISE TERRACE, BROOKLYN, NY	US
S2-27908426	Burge, Bish and  Phipps LLC	ROTUNDA CIR, NEWPORT NEWS, VA	US
S2-342220334	Ponce American Gas Holdings	22 SPRING STREET, HOPE VALLEY, RI	US
S2-797213308	Island Anchor Financial-Oak DJS Corporation	114 15TH STREET, OAK ISLAND, NC	US
S2-754351924	Comstock, Fallon Kéystone	226 9ND STREET, SHELTON TOWNSHIP, WA	US
S2-881978792	Vision Asscates LLC	2203 Foxboro Ln, NAPERVILLE, IL	US
S2-587547195	Hopper & Wilson Egh Inc	171 WOODLAWN DR, SCOTLAND NECK CITY, NC	US
S2-222282968	Lofty (India)  Universal Limited	407 A, TITANIUM CITY, CENTER, NEAR SACHIN TOWER, AHMADABAD CITY, Gujarat	India
S2-587528737	Digital Hospitality Systems Inc.	12 ASHLAND DRIVE, GREENSBORO, NC	US
S2-830298744	Brown Blue Beverage Inc.	#5413 23RD PLACE, CICERO, IL	US
S2-770359146	PREMIER PARTNERS	928 OHIO AVENUE, VA, SALEM	US
S2-57353540	LATIMER MOUNTAIN PARTNERSHIP	3705 WILKESON ST, TACOMA CITY, WA	US
S2-476053629	Associated Services LLC Service	219 MAIN ST, FAIRBORN, OH	US
S2-87452206	Gomez, Saunders & Unwin Trading LLC		US
S2-732436145	Yellow Collective Private Limited	DOOR NO G-83 TOP FLOOR, WARD NO 3, 705/D - 22A, G. R. APARTMETS MEHRAULI, NEW DELHI, दिल्ली	India
S2-953732029	सूर्या बिजनेस प्राइवेट लिमिटेड	FLAT NO 603 BLDG NO 122 B WING BHAKTI HEIGHTS TILAK NAGAR OPP ICICI BANK CHEMBUR MUMB, AI, BOMBAY, MUMBAI CITY, Maharashtra	India
S2-585650677	Super Services	N-12-01, PRATEEK LAUREL, SECTOR-120, NOIDA, NOIDA, Uttar Pradesh	India
S2-820864752	Dr Vantageveo	ROOM NO. 5, West Bengal, DARJEELING	India
S2-253161540	HALOZEPHDREX	H.NO 3/162 SECTOR 3 JANKIPURAM EXTENSION, LUCKNOW, Uttar Pradesh, LUCKNOW	India
S2-815158104	Rajasthan Mines Exports Private Ltd	SY NO.232 PAIKY. P NO. 109/B, F.NO. 603, BLDG NO C KAKDIAPARK, GHOD DOD ROAD, PARLE POINT, SURAT, Gujarat	India
S2-646029822	3997 Fourth Boulevard Partners Group	201 EDGEFIALD AVE, DALLAS, TX	US
S2-551028650	Balog Briacell	8588 FORGE POND LN, FORNEY, TX	US
S2-435309674	SK TRI-STATE CIRTRESAN CORP	278 GREEN JADE ESTATES DRIVE, FENTON, MO	US
S2-717809313	Smith School Of Medicine	10018 OXBRIDGE WAY, BOWIE, MD	US
S2-302876043	Jones, Johns Johns and Dixon Inc Center	504 FLEDA ROAD, MEMPHIS, TN	US
S2-517209569	POTENTIAL IT	CTS NO.4489 SR.NO.251, 2/1, YASHOMANGAL CO.OP.HOUSING SOCIETY, B WING 2ND FLOOR, FL.NO-B10, CHINHWADGAON PUNE, Maharashtra	India
S2-474099966	Cecile M. Roberts,  Ph.D.	196 RESERVOIR AVE, WESTFIELD, MA	US
S2-759797921	Eye Care Ass0ciates	125 MARTIN LUTHER KING JUNIOR BLVD, PO BOX 9952, COVINGTON, KY	US
S2-167124257	International Staffing Innovations Billings Ltd	356 WESTCHESTER SQUARE, BILLINGS, MT	US
S2-281080618	EXCEL SEVA SAMITI CORPORATION	Uttar Pradesh, H.NO 930 508, KRISHNA APRA PLAZA, SECTOR-18, NOIDA, NOIDA	India
S2-615459180	Ensonify LLC Center	7117 FNOTIS DR, HALLS CROSSROADS, TN	US
S2-602763425	Perfect  Brothers Pradte Limited	C/O DAUDAYAL RAMCHANDRA RATHI BUDDHA MARG, KHACHRAUD, Madhya Pradesh	India
S2-29653640	THE TERRA'S HEALTHCARE	223 Kentlands Blvd, GAITHERSBURG, MD	US
S2-740167472	Russell, Contreras and Iverson Living Inc	104 PROSPECT ST, WATFORD CITY, ND	US
S2-900239073	KOCH CHARTER	MO, SAINT LOUIS, 8906 MARCELLA AVE	US
S2-541154094	llc blankenship better principal	1133 1/2 3RD STREET, CASA GRANDE, AZ	US
S2-301184601	Aditya Construction LLP	CREMA 14 MAHAGUM MASCOT CROSSIGN REPUBLIC GHAZIABAD U P, GHAZIABAD, Uttar Pradesh	India
S2-571569891	Additva Metals Private	FLAT NO-904, D WING, VIJAY RESIDENCY, GHODBAND, THANE, Maharashtra	India
S2-50354862	Rosales Ridge Webster [Inc]	840 OTLLA AVE, ELLICOTT CITY, MD	US
S2-658299066	Strategic Media Concepts Ltd	28 VILLAGE PL, NORTH WILKESBORO, NC	US
S2-477009838	Nodyne (Corporation)	45  ASHINGTON LN, NASHVILLE, TN	US
S2-283831190	KIDDER  MERCEDITH OPTIMAL SOLUTION	3660 ENGLEWOOD DR, TAYLORSVILLE CITY, UT	US
S2-663371362	Gustafson, Joe & Scroggins Consulting Ltd.	851 NICHOLSON STREET, HOUSTON, TX	US
S2-123521630	Gordy-Transport Partners Ltd	22415 LEWES GEORGETOWN HIGHWAY, GEORGETOWN, DE	US
S2-734716825	Private Lakshmi Soitutons Industries Limited	23- NIRMAN IMPIRE, NASHIK, महाराष्ट्र	India
S2-456416966	Temple Lutheran Church [Center]	VILLAGE DRIVE, NORTH LITTLE ROCK, AR	US
S2-578745332	பம்பாய் ஃபுட் பிரைவேட் லிமிடெட்	NO B 48 TWIN COURTS, SAIDAPET, KANCHIPURAM, Tamil Nadu	India
S2-59279633	gomezironworks.com	18 VAN LEAR STREET, DAYTON, OH	US
S2-879608837	emlynlcsw.com	2805 CROCKETT STREET, FORT WORTH, TX	US
S2-580609242	FX Producer  Pvt. Ltd.	C1-2/1125, SABARI ENCLAVE, BPL JUNCTION, KOOTTUPATHA, PALAKDAD, കേരളം	India
S2-906124386	Seven Management Private	1/10040-B, GALI NO. 3G WEST GORAKH PARK SHAHDARA, Delhi	India
S2-539500784	Desert Signature Australia Inc	9887 CASSIA DR, INDIANAPOLIS, IN	US
S2-450833636	HARRIGAN DENTAL ASSOCIATES	438 MALIBU DR, WHITE, PA	US
S2-588193829	MIDC TECHNOLOGIES SHIROLI PRIVATE LIMITED	PLOT NO. D-19, MIDC SHIROLI, Maharashtra	India
S2-228485510	Sweet Nails  LLC	933-935 CIRCULO NAPA, GREEN VALLEY, AZ	US
S2-1782089	Future Private Limited Center		India
S2-264585947	Garcia, Ámin And Owens	CARTWRIGHT ST, IRVING, TX	US
S2-986734459	Chiropractic Care	701 1100, PLEASANT GROVE, UT	US
S2-185907762	Castaneda Modem Realty Co	616 STATE ST, SANDY RIDGE, PA	US
S2-858034140	HYDERABAD CONSTRUCTION LIMITED	H.NO 8 2 293/82/B/30A, GAYATRI HILLS RLAD NO10, YOUSUF GUDA, HYDERABAD, తెలంగాణ	India
S2-38967620	Aravali  Ltd. Pvt. Foundation	PLOT NO.B&C, SURVEY NO.7/D, WARD NO.11, BLOCK NO.13, GREENHILLS COLONY, SAROORNAGA, R, HYDERABAD, Telangana	India
S2-216061093	... THANE EXPORTS PRÍVATE LIMITED	FLAT NO. B3/201 A/B 2ND FLR MANAS BUILDING KHARKAR ALI, THANE, महाराष्ट्र	India
S2-45216919	गुरु स्वस्तिक इंफ्रास्ट्रक्चर जनरल प्रा. लि.	H.NO 17 KRISHNA BUILDINGSHRI VISHNU CONDOMINIUM VELANKAR NAGAR PARVATI, DARSHAN PUNE, PUNE, Maharashtra	India
S2-10612159	LLC DENTAL HOFLTH	244 EMERALD WAY, PONTOON BEACH, IL	US
S2-403637712	Allied LLC III Guild	4440 ALBERTA STREET, PORTLAND, OR	US
S2-136921816	Eye Medicine Northside P.C.	1627 JAQUES DRIVE, LEBANON, IN	US
S2-8487397	Smart Limited Service	Delhi, W/O MR. RAJIV JOSHI 44., DEFENCE APARTMENT, SUNDER VIHAR, NEW DELHI	India
S2-750182463	Timber  Co Center	286 LONG POINT RD, CROWNSVILLE, MD	US
S2-645588961	Vibgyor Net  Pvt. Ltd.	Tamil Nadu, PLOT NO. #11 , KUNDRATHUR ROAD, VENKADU, SRIPERUMBUDUR	India
S2-788577281	KISMET	Delhi, SHOP NO 17- IN N 1, UPPER GF KIRTI NAGAR, NEW DELHI	India
S2-369966103	Century Class Private Private [(Limited)]	NO 1006 , 10TH FLOOR, RIVER RESIDENCY, BLDG, A-16-B, CHIKHALI, PUNE, महाराष्ट्र	India
S2-211940200	Shiv Industries Private Ltd	DOOR NO 31 GODIWALA COMPD, 1ST FLR, JAY BHARAT SOC 5TH RD, KHAR WEST, NR MARUTI MANDIR, MUMBAI, महाराष्ट्र	India
S2-794002239	SILVER PAYMENT PARTNERS LLC	#5703 FLAGLER DRIVE, FAIRFAX COUNTY, VA	US
S2-9288068	Lopez L.L.C. Airlines	513-517 DURST DRIVE, ENGLEWOOD, OH	US
S2-20026074	Phillida Cooke Ace Industries  Clinic	14120 OAKPOINTE DR, LAUREL, MD	US
S2-448121394	ILYSE-MAULDIN SERVICE	13409 Mariposa Rd, VICTORVILLE, CA	US
S2-945211754	Dr Gayatri Social Private	70, 1ST FLOOR, MANOHAR MARKET, HAUZ QAZI, DELHI, Delhi	India
S2-620027920	Pediatric Precision (Partners)	135 CENTER TREE DRIVE, PALACIOS, TX	US
S2-866807659	श्याम सेवन इंफ्रास्ट्रक्चर एजेंसीज	614., GATEWAY PLAZA, HIRANANDANI GARDENS, POWAI, MUMBAI, Maharashtra	India
S2-959887238	H0LMES, YVETTE E., D.C., M.D., P.C. HEMPSTEAD	1810 FRONT STREET, HEMPSTEAD, NY	US
S2-165830587	Indo Producer Private	WZ 904 B UPPER GROUND FLOOR LEFT SIDE KH NO 69/22/2 DADA DEV ROAD BHATA CHOWK, PALAM VILLAGE, दिल्ली	India
S2-891980419	Group Apex Analytics	56 HOWELLS TPKE, WALLKILL, NY	US
S2-528677197	Solstice Holdings	##16 Wagoneer Drive, COLSTRIP, MT	US
S2-381163318	Quinn, Neill Sherif and LLC	5025 PARKER RD, <NULL>, SUMNER, WA	US
S2-283818791	Excellent Business Ltd	26 VARADHARAJAN STREET, ERODE, Tamil Nadu	India
S2-937154272	Philippi, Trujillo and Pineda Llc	858 DAWSETT AVE, GALION, OH	US
S2-550986538	Pediatric Associates Center Trading		US
S2-326582224	Dawa Project R.N.T. Marg Bazaar Private Limited	124, THIRD FLOOR, DAWA BAZAAR R.N.T. MARG, मध्य प्रदेश	India
S2-452511232	PIEDMONT MNSSTRIES SOUTHSIDE	GREENEVILLE, 266 SMITH LANE, TN	US
S2-579698747	Cloud Supply		US
S2-545796000	SEAGER MOUNTAIN  RANGE	214 DELAWARE AVENUE, MASON CITY, IA	US
S2-357225646	अरिहंत लॉजिस्टिक्स प्रा. लि.	701, 7TH FLOOR, PLOT NO.743, BLOSSOM CHS JAHANGIR VIMA DALAL ROAD, PARSI COLONY, DADAR (E), MUMBAI CITY, BOMBAY, Maharashtra	India
S2-115767582	Cardiology American	1337 MARKET SAINT, INDIAANAPOLIS, IN	US
S2-127167766	Helton Hawk Valley Inc Partners	MT.VERNON, WA, 8422 ROOSEVELT AVE	US
S2-513798741	SAPPHIRE CHARITABLE TRUST	F1, ROYAL FAIRMONT, 3/1, VN NAGAR, OPP SOWMANSYA HOSPITAL, TRICHY, Tamil Nadu	India
S2-344368202	Hernandez Preferred Tax Sdlvice	3 MCKNIGHT PL, ST. LOUIS, MO	US
S2-648012884	എസ്എസ് എന്റർപ്രൈസസ് ലിമിറ്റഡ്	DOOR NO 118/7OPP ELECTRICITY OFFICE KATTOOR, THRISSUR, Keralam	India
S2-205261498	WESTERN KARBON  INC	OH, CLEVELAND, 1724 PREYER AVENUE	US
S2-906926745	frontierpatriotmolecular.com	0240 CEDAR LANE, KNOXVILLE, AR	US
S2-856260304	डिजिटल सॉफ्टवेयर प्राइवेट लिमिटेड	HOUSE NO. PVT-##22, DELHI, NORTH DELHI, Delhi	India
S2-868614880	urologypartners.com	JACKSON VALLEY RD, FLAT LICK, KY	US
S2-267867558	Parinee & Sons Public Limited	8-2-684/4/6-, SY.NO.129/36 R.NO-12, B.HILLS, HYDERABAD, Telangana	India
S2-548788584	Greens Development	2/15 , NORTH ST, THAVASMIADAI PANCHAYAT, DINDIGUL, தமிழ்நாடு	India
S2-750901109	Aditya (India) Lifescience L.L.P.	PLOT 276 C/O KRISHNA KUMAR SINGH 1 ANDUPUR ANSARI BARABANKI, BARABANKI, Uttar Pradesh	India
S2-367075628	Collins & L.L.C. Sims,	OH, 3901 RAMSEY DRIVE, UNIONTOWN	US
S2-260655808	excelweprivate.com	A-333, G/F DURGA VIHAR IDEA TOWER, DELHI, Delhi	India
S2-88460641	Nollie Dockery Gsr	WA, SPOKANE VALLEY, 2720 CHERRY SRTEET	US
S2-760953760	GAGAN LAW CHAMBERS  INFRATECH	543 R/O PLOT NO 297 AT/PO, BAIRI CHATIA JAJPUR, DARPAN, Orissa	India
S2-792405120	ANDRA HERMAN, HOLDINGS PARTNERS	5741 Pine Tree, COLUMBUS, OH	US
S2-29878311	ORTHOPEDIC GLOBAL	3516 TERRAE DR, SUITLAND CITY, MD	US
S2-153928861	Lucknow  Kalyan	D-3, 3RD FLOOR, SANA PALACE II 34/1-B, SHAHNAJAF ROAD, HAZRATGANJ, LUCKNOW, Uttar Pradesh	India
S2-1757255	vfcare.com	BALTIMORE ST, MIDDLETOWN, OH	US
S2-84629591	L.L.C. A 8 T Development	405 OGARA AVE, LANCASTER, OH	US
S2-732541526	Hudson Kagagron [Inc]	8 BREWSTER PL, BUXTON, ME	US
S2-21963867	RICH & TREVINO TERRA	TX, HOUSTON, 04960 CRANSWICK RD, PMB 3239	US
S2-451577870	Sudesh Pvt Ltd Center	H.NO 00130-132 GREAT WESTERNBUILDING W B S MARG FORT, MUMBAI, महाराष्ट्र	India
S2-403025276	Spak Brothers	304/A, SHYAMAL KUNJ 2, B/H ARYA SHRI, OPP PENTAGON APPARTMENT, RAJKOT, Gujarat	India
S2-874037092	ramirezspioneerhome.com	68 AVENUE, REGO PARK, NY	US
S2-348820814	PYRADREX	2 CHALLY DRIVE, YORKVILLE, IL	US
S2-636204273	Billick Vanguard Multimedia [Inc]	##919 ELEVENTH ST, HUMOLDT, IA	US
S2-30317078	612-613 EAST CORP [OWNERS]	108 BROOKSTONE DR, MOUNT HOLLY, NC	US
S2-746417594	Verene Wiebe Navigation	800-D P ST, N/A, WASHINGTON, DC	US
S2-403817640	ഫസ്റ്റ് ഇൻവെസ്റ്റ്മെന്റ്	CHERUVATHUR THANDASSERY HOUSE POOTHARAKKAL P.O, TRICHUR, THRISSUR, Kerala	India
S2-943951166	Green Capital	##12601 SHOAL CREEK TER, BELTSVILLE, MD	US
S2-737224757	ગ્રેટ સ્ટાર ફાઉન્ડેશન પ્રાઇવેટ લિમિટેડ	PLOT NO 67-68, WARD 10A, GANDHIDHAM, KACHCHH, Gujarat	India
S2-254577150	Nova	708 BRENTWOOD DRIVE, BLAIR TOWNSHIP, PA	US
S2-116540667	GLOBAL VALUE HARMONY, HARMONY, LLC	32099 1/2 310 TERRACE, ELLIS, KS	US
S2-25653103	American Factory	#121 WESTWAY DRIVE, OAKBORO, NC	US
S2-854786027	Red Body!  Auto	210 BURTON ROAD, MIDDLETOWN, OH	US
S2-954546007	KOLKATA SERVICES PVT LIMITED	FIFTH FLOOR, FLAT NO. B, B3/30/A, RAJA S C MULLICK ROAD, JADAVPUR, KOLKATA, KOLKATA, পশ্চিমবঙ্গ	India
S2-301850055	MHN  Cslm	104 COUNTY RD 169, ATHENS, TN	US
S2-761431016	Bastion, Inc. Inc.		US
S2-682551972	लक्ष्मी कंसल्टेंट्स प्राइवेट लिमिटेड	A-301, NEW SAI DHAM CHSL, RAMDEV PARK ROAD, THANE, महाराष्ट्र	India
S2-733624175	Keyst0ne Equity Company	176 BAXTER AVE, SACRAMENTO, CA	US
S2-372076095	Vasai Haven Corp		India
S2-562961833	Coastal Foundation, Foundation,	579 ELIJAH CIRCLE, MARTNSVILLE, VA	US
S2-29839348	Helot Medical Centre Pvt Limited	#2729 , 16TH CROSS, 27TH MAIN, SECTOR-1, BANGALORE SOUTH, Karnataka	India
S2-497106388	Abc Trading Public Limited	H.NO 431 NEAR SHIVALAY VADAVIYALA -3, TA.UNNA, JUNAGADH, ગુજરાત	India
S2-249477407	Cronin Maageecnt Inc	3008 DOUGLAS DR, YORKTOWN, NY	US
S2-229301244	Ss Construction Private [Limited]	#904 , 'A' WING, PRISTINE FONTANA BUILDING S. NO. 22, BEHIND MARATHA MANDIR, BAVDHA, N KHURD, PUNE, महाराष्ट्र	India
S2-458789106	Urology Group	4938-4940 OLD CARTER HILL RD, PIKE ROAD, AL	US
S2-177498220	रेड ग्रीन फूड प्राइवेट लिमिटेड	HOUSE NO. 113, FLOOR GROUND PKT-10, SECTOR-11, ROHINI, DELHI, NORTH WEST, दिल्ली	India
S2-595990156	rretingen.com	001281 EMANCIPATION HWY, FREDERICKSBURG CITY, VA	US
S2-276079599	CHANDRORI  SOFTWARE	B 108, GROUND FLOOR, SHANTISHIKARA APTS SOMAJIGUDA, HYDERABAD, ఆంధ్రప్రదేశ్	India
S2-602626955	Sri Anand Infotech Pvt Ltd.	15/1B, INDRA GANDHI STREET NEAR VINAYAKAR KOIL, PALAYAPALAYAM, ERODE, Tamil Nadu	India
S2-728333229	Quinta Gsdtin Ribbon LLC (ID: 14579)	1379 SANTA FE TRL, TYLER, TX	US
S2-727858794	>> Mumbai Centrhal Constructions Limited	C-3/1109R, MUMBAI CENTRAL, MUMBAI CITY, Maharashtra	India
S2-868511665	Bansal Charitable Trust Infratech Ltd	H.NO 95 C/O RAJENDRA KULMETHE, AT PO KASARGATTA, POMBHURNA, DIST - CHANDRAPUR GONDPIPRI, KASARGATTA, Maharashtra	India
S2-85392043	Mivue LLC LLC	37977 ROYALTON RD, GRAFTON, OH	US
S2-73152194	THE BELITA-H. RULE, ESQ., PC LTD	7237 Procopio Circle, MD, COLMUBIA	US
S2-558030001	Traia	6831 KINGS AVENUE, PHOENIX, AZ	US
S2-685574633	Roots Sécurities Pvt Ltd	C-87, GOYAL PARK, OPP GOYAL PLAZA, VASTRAPUR, AHMADABAD CITY, ગુજરાત	India
S2-882794904	BURGOON VIG VIG LLC	7 1/2 FALCON HEIGHTS ROAD, WILBRAHAM, MA	US
S2-788319478	সেভেন লজিস্টিকস প্রাইভেট লিমিটেড	C/O - ASOK GIRI, NAMKHANA, SOUTH 24 PARGANAS, West Bengal	India
S2-425688385	Andino, Dyson and Lewis	81 MECHANIC ST, WRAREN, MA	US
S2-895667696	LLP Vasai Rgimncy	VASAI, Maharashtra, CLASSIC RESIDENCY ROW HOUSE CHSN LTD, ELEVEN SEVEN ROAD, MIRA ROAD(EAST), NR RAMDEV PARK, MAHAVIR NAGAR, THANE, R.H. NO. 7	India
S2-179264988	Industrial Complex Dundahera Machining Pvt Limited	Haryana, PLOT NO. ##246 , PH-IV, UDYOG VIHAR, INDUSTRIAL COMPLEX DUNDAHERA	India
S2-687692511	Vilma Hedgpeth, P.A.	5398 WEST SHAFER DR, MONTICELLO, IN	US
S2-99815963	WILLIAMS AND GRACE  BANKSHARES	3576 KEMP FORD ROAD, UNION HHALL CITY, VA	US
S2-799615229	Pace  Precision Logistics Partners	356 TUCKERS PT, ECLECTIC, AL	US
S2-698358818	The  Orthopedic Center Inc	4225 1/2 ALABAMA ST, HOUSTON, TX	US
S2-820112083	Updike Ltd Agricultural	4004 Weatherby Way, NEW ALBANY, IN	US
S2-380261672	Data Associates LLC Services	227 BRANCHWOOD LANE, DANIELS, WV	US
S2-420338575	BENCHMARK GROUP (INDUSTRIES)	NO.57, VENKATACHALA CHETTY STREET CHEPAUK, CHENNAI, Tamil Nadu	India
S2-490429788	HAPPY COMPANY	NO.36, MANNAR REDDY STREET, CHENNAI, தமிழ்நாடு	India
S2-57833577	Urology Clinic LLC	335 EARL ST, PAULS VALLEY, OK	US
S2-217469811	Studio 51 Clefc Center	055 ELK VALLEY LN, ELKTON, MD	US
S2-455340020	Multimax & Btoere Private Limited	B- 201, 202, 203, 204, 205, SECOND FLOOR, MONTCLAIRE OFFICE SPACES, HAVELI, Maharashtra	India
S2-785601314	Happy Grill Corporation	1240C NANCY ST, BARSTOW, CA	US
S2-315242404	Harrison's Better Sciences Corp	243 LAUREL CIR, DELAFILD, WI	US
S2-602798230	Physical Therapy Global Partners	MONTGOMERY STREET, ALEXANDRIA, VA	US
S2-501319075	D 5-W James Corp	239 BELT BOULEVARD, RICHMOND, VA	US
S2-675951704	Wheeler, Velazquez and Carter LLC Services	11830 Park Waldorf Ln, WALDOF, MD	US
S2-932807095	Shweta Brothers Pvt  Ltd.	NO.109/110, CHINNASAMY NAIDU ROAD, COIMBATORE SOUTH, Tamil Nadu	India
S2-888373512	Shri Perfect Chambers Law	101, 102 GREEN HOUSE BUILDING, BESIDE ADITYA TRADE CENTRE, AMEERPET, AMEERPET, Andhra Pradesh	India
S2-853278508	Lewis Pacific Resolution Resolution	253 WINDSOR AVENUE, WINDSOR, CT	US
S2-587386437	HONEY CORN ADR INC.	427-429 DESERT DRIVE, PHOENIX, AZ	US
S2-263679182	PREFERRED SOFTWARE INDUSTRIES INDUSTRIES	TN, CLARKSVILLE, 001198 FREDRICK DR	US
S2-949386010	PATRIOT OUTDOOR GROUP	4403 2230, CADDO MILLS, TX	US
S2-809194592	Services Edwards Inc	00225 SEVENTH STREET, NORTH MANCHESTER, IN	US
S2-219526183	Blue Swastik Properties Steel	58/A, KAMATAGI KAMATAGI, KADIWAL, Karnataka	India
S2-281519409	Malappuram Índustries	NO.16/127E, POTTIPPARA, PARAPPUR PO., TIRUR, MALAPPURAM, കേരളം	India
S2-738190581	Price Armour LLC	2631 MOORES CHAPEL ROAD, CHARLOTET TOWNSHIP, NC	US
S2-366172089	लाइफ गुड इंडस्ट्रीज प्राइवेट लिमिटेड	H.NO 041 INDRAPRASTHA GARDEN SAGAR ROAD, CHHATARPUR, Madhya Pradesh	India
S2-791405096	RAMESTATE.COM #81117	OLD WARD NO. 19-, NEW WARD NO 34, MANDAWAR, राजस्थान	India
S2-176262033	Luna's Roofing	1938  SECOND STREET, WASHINGTON, DC	US
S2-118354438	BLASER'S GÚLF RÉALTY LLC LLC	4322 Sheridan Ave, DES MOINES, IA	US
S2-783005497	4797 FIRST ST REALTY	2380- SMOKETREE AVE, LAKE HAVASU CITY, AZ	US
S2-698244858	Hospital Rivera Services	1654 EMBER LN, MIDWEST CITY, OK	US
S2-569695200	Mr ADVANCED SOCIETY SERVICES	NO #2-235/3 , THATIKAL RD, VI. MD. POST NAKREKAL, NALGONDA, Telangana	India
S2-58629992	Dixie Froehlich Strategic Industries Ltd	174B ARBOR TER, PO BOX 2138, WEATHERFORD, TX	US
S2-533448274	Kautilya Company Service	1/357, SREE KARTHIGAI LAKSHMI NAGAR, THUVARIMAN, MADURAI, தமிழ்நாடு	India
S2-993159192	R  C & W Westin South PLLC	##55 QUAIL HOLLOW WAY, DADEVILLE, AL	US
S2-868923097	Harbor Fund of Beaumont Inc	TX, BEAUMONT, 7975 DORAL DR	US
S2-120423309	ballousorummatos.com	3153 NEWTON ROAD, SOUTH FORK, IA	US
S2-859981714	Chandraviyn Agro L.L.P.	NO.212, BUILDING NO.4, SHANTHI PARK APARTMENTS, 9TH BLOCK, JAYANAGAR, Karnataka	India
S2-181494357	Orthopedic  United	9279 PIERCE RD, GARRETTSVILLE, OH	US
S2-55221595	QUOARIA	NEHRU GARDNN ROADJALANDHAR, PUNJAB, JALANDHAR, Punjab	India
S2-353898425	Ltd Goverdhan Dealtrade	#6/B, FIRST FLOOR, TEJA PARADISE BESIDE E SEVA CENTER, VENGAL RAO NAGAR, HYDERABAD, Telangana	India
S2-123743895	LANDMARK CORPORATION	NO.16/3 , F1, 2ND BLOCK, SRIVARI NEST, THIRUVEEDHI AMMAN KOIL STREET, KOYAMBEDU, Tamil Nadu	India
S2-820845708	Noia Partners	889 Parklin Avenue, SACRAMENTO, CA	US
S2-473030154	NOVVORA VÍEW CLINIC	FORT WORTH, TX, 709 SPRUCE PARK DR	US
S2-37705841	Accura Consulting Ltd	Delhi, JC-A-36, KHIRKI EXTENSION, BASEMENT MALVIYA NAGAR, NEW DELHI	India
S2-730273661	PRIVAET BALAJI TECH LÍMITED	KUSHALPURA, CHANWAJI, JAIPUR, Rajasthan	India
S2-140459101	Holman and Rodriguez of Winchester Group	361 COLBY RIDGE BLVD, WINCHESTER, KY	US
S2-554119899	Nexdelta	BLOCK D-76 OFFICE NO. 7 & 8, SECTOR - 2, PLOT NO. - 2, PHASE - II, NERUL (WEST), NAVI MUMBAI, THANE, Maharashtra	India
S2-160223125	Vidyne	1244 FORTUNA RD, SAN MARCOS, TX	US
S2-259923910	FLAGG DYNAMIC STUDIOS	136 ORPHANAGE DRIVE, WYTHE COUNTY, VA	US
S2-370755405	The 362 Lexington Avenue Company	8516 STANSBURY LAKE DR, DUNDALK TOWNSHIP, MD	US
S2-427692147	blueestate.com	DOOR NO 11 , 4TH FLOOR, 3RD MAIN, LAKSHMAMA LAYOU, BANGALORE NORTH, Karnataka	India
S2-997572845	East Infrastructure	Punjab, SCO NO. 22 AND 23, NEAR PANCHKULA HEIGHTS, PEER MUCHALLA, RAJPURA	India
S2-238258725	TP Lifeco  LLC	7445 RAY CARROLL WAY, TUCSON, AZ	US
S2-219589837	Modern International Stores  Private Limited	39 , NEW NO.12, CONRON SMITH ROAD, GOPALAPURAM, CHENNAI, Tamil Nadu	India
S2-13304102	Colonial Tretact	##500 JUTLAND AVE, NULL, SHAKOPEE, MN	US
S2-660237536	... Zenith Medical  Centre Exports	B-##1/8 KENT GARDEN BUILDING 2ST FLOOR, BORIVALI WEST, MUMBAI, महाराष्ट्र	India
S2-574663813	SCHMIT, RUBINA, L.C.S.W., DDS PC	2130 OAKLAND ROAD, MIDDLE RIVER, MD	US
S2-268603960	Pm Natural Ltd		India
S2-398233214	>> Corner Diner	#219 EVANSTON AVENUE, TULSA, OK	US
S2-254724740	Féraix	##6333 WALLARD DR, INDIANAPOLIS, IN	US
S2-494437903	बेस्ट इंटरनेशनल एलएलपी	103/32, GALI-3, RAJNAGAR, GURUGRAM, Haryana, SIKHERA NAGLA KABIR	India
S2-734164123	Ram, Carvajal And Chapman Allspring Llc	16106 PLATTSMOUTH LANE, CYPRESS, TX	US
S2-380745491	INTERNAL MEDICINE PHYSICIANS	4545 PALM AVENUE, FOOTHILL FARMS, CA	US
S2-392240329	Maikal Foods Private		India
S2-502200331	बालाजी बिजनेस स्टोर्स प्राइवेट लिमिटेड	DOOR NO 0040 C/O SHOBARAM JAGMAL SINGH YADAV VPO DUDHEDA TEH. BEHROR, BEHROR, ALWAR, Rajasthan	India
S2-733111310	USH C0MMUNICATIONS	PLOT NO. A-15, KAGAL FIVE STAR MIDC HATKANANGLE, KOLHAPUR, महाराष्ट्र	India
S2-548526768	Hartford Baptist	35B LITCHFIELD STREET, HARTFORD, CT	US
S2-306197314	N Z  & B Cmheapeake LLC	LINCOLN STREET, VILLAGE OF SPENCER, WI	US
S2-144814965	naturaldatabuilders.com	NADAVALIL, BENGALURU, KARNATAKA	India
S2-965053677	ଡାଇନାମିକ୍ ବିଲଡର୍ସ୍ ଏଲ୍‌ଏଲ୍‌ପି	172, NIGAMANANDA MARG POINT BAGDEVI ROAD, GANJAM, GHUMSAR, Odisha	India
S2-562206908	LORNA WAY LIVING,  INCORPORATED	NOTCHWOOD CT, HUNTERSVILLE, NC	US
S2-648014669	Construction Tanuj Housing Limited Services		India
S2-945917348	Jg Study Pvt Ltd	21 LAKE POINT TOWER APARTMENT BEGUR, BANGALORE, Karnataka	India
S2-607675638	Carrick, Zuniga & Paul Research	108 SUMMIT ST, ROSSVILLE, IL	US
S2-555149436	VALUE BETTER (NEWBRIDGE)	TIDBALL DRIVE, KELLER, TX	US
S2-979666200	Dr Urooj-Clinic	HN 200 FIRST FLOOR KRISHNA COMPLEX HAMIDIA ROAD, BHOPAL, मध्य प्रदेश	India
S2-991859445	Smith Premier  Ameren Co	705 AARON STREET, WEST HELENA, AR	US
S2-260603783	CHOICE DIRECT PERIMETER (INC) (INC)	1433 COVINGTON AVE, PIQUA, OH	US
S2-721459749	Daraum Llc	6851 CHAVENELLE ROAD, IA, DUBUQUE	US
S2-168071698	Phulwari  Publications	C/O NUTAN KUMARI, RAJIV, NAGAR, ROAD NO 26, PHULWARI, Bihar	India
S2-205628647	Schenck, Harmon & Cgurtoiss (Inc.)	1437 MALONE CT, CEDARBURG, WI	US
S2-398670215	PERIDIS PC SERVICE	3244 61RD PL, CHICAGOC ITY, IL	US
S2-921129279	Colonial Desert	2490 SUSAN LANE, ATL, GA	US
S2-652801523	రియల్ కన్సల్టెన్సీ ఫార్మసీ ప్రైవేట్ లిమిటెడ్	FLAT NO-00217, BLOCK-B CHAND GREEN HILLS, MEGA CITY, CHANDA NAGAR, HYDERABAD, Telangana	India
S2-235876208	Starr Wilson Marine Ltd	374 COLUMBUS STREET, DADEVILLE, AL	US
S2-21978904	Benedikta Cooper Total	5308 BAYSHORE DR, ATHENS, AL	US
S2-429677896	ഇന്ത്യൻ പ്രൊഡ്യൂസർ പ്രൈവറ്റ് ലിമിറ്റഡ്	V/273 BTOLL JUNCTION EDAPPALLY, ERNAKULAM, Kerala	India
S2-915429198	Noida Téchno1ogies Private Ltd	1702 , TOWER N20, JP AMAN SOCIETY, SECTOR151, NOIDA, Uttar Pradesh	India
S2-846624750	The Spotts's Mountain Grill	525 ASHLAND AVENUE, SAINT PAUL, MN	US
S2-330234299	LUCKY YOGA	861 PALISADE AVE, <NULL>, YONKES, NY	US
S2-442480517	Christ Catholic Church Society	650 Bella Coola Rd, LAKE WACCAMAW, NC	US
S2-772202259	DESERT-NETWORK	3172- HALO LANE, SAINT GEORGE, UT	US
S2-989266609	gardencityveterans.com	2826 SQUIRE PLACE, GARDEN CITY, KS	US
S2-849652420	Peak Peak Superior	SMYTH COUNTY, PO BOX 4660, 0189 LANCASTER LN, VA	US
S2-417184441	वन सर्विसेज प्राइवेट लिमिटेड	30, NEW DELHI, WEST DELHI, Delhi	India
S2-944647256	Mayur Services (India) Private	THATTARUPARAMBEL, D.NO.493, A P, V 11, CHERTHLA, കേരളം	India
S2-295632227	MICRO CABLE PRIVATE LTD	11/3, BURKIT ROAD T.NAGAR, CHENNAI, Tamil Nadu	India
S2-247062116	Zambrano, Julietta Inc Osisko	3878D BREEDERS CUP CT, DEERFIELD TWP, OH	US
S2-664735357	Corp Pinnacle Electronics Holdings	#99 TYLER LANE, METROPOLIS, IL	US
S2-143882982	Eye Blue Medicine L.L.C.	406 SOUTH FOURTH SAINT, SHELBYVILEL, IL	US
S2-976430718	private foundation hamara export limited	NO 7/1. LABOUR COLONY MOHADDIPUR, GORAKHPUR, Uttar Pradesh	India
S2-74992315	Circle Oil Asseoclatrs	GALA NO. 94, BALAJI INDL.EST, AKURLI ROAD, KANDIVALI EAST, HANUMAN NAGAR, MUMBAI, महाराष्ट्र	India
S2-136720718	Ray Rocky Develoiment Co	198 HALE AVE, WHITE PLAINS, NY	US
S2-617165467	PVT ZA WORKS LTD.	VILLHGE PHOLADPUR, NH-8, NEEMRANA, SHAHJAHANPUR, ALWAR, Rajasthan	India
S2-432453131	MUDRIKABROTHERS.COM	KANDHAPALI PADA, BOLANGIR, Odisha	India
S2-388113885	#gajanan	<NULL>, 8/369, MAMMALIKKADU PALATHULLY PERUVEMBA GRAMA PANCHAYATH, PALAKKAD, Kerala	India
S2-98666597	Dave, Group	86A ACORN CIR, BROOKHAVEN, NY	US
S2-162597219	St. Chapel Ltd	BROOKLYN, 2155 27 STREET, NY	US
S2-676280381	Enliex Centrs PLLC	25974 FLECK RD, VENETA, OR	US
S2-424589205	Doclarix  LLC	119-123 PRATT ST, PMB 1681, FITCHBURG, MA	US
S2-57565237	Innovative Certified  Hawk	10717 1/2 MACARTHUR BLVD, IRVING, TX	US
S2-75342209	JM Prairie Ráin Inc	4808 HAY FIELD CT SW, CEDAR RAPIDS, IA	US
S2-894611648	சிவம் கன்சல்டன்ட்ஸ் லிமிடெட்	PLOT NO. C/3, JOHNCY RANI NAGAR, PALAYAMKOTTAI, TIRUNELVELI, Tamil Nadu	India
S2-55354660	SPERO, WATSON + BRDENOUX TECHNICAL INC	30 SAINT PAUL ST, <NULL>, AMSTERDAM, NY	US
S2-919164028	PROLINSOFT GROUP LLC	8281 CO RD G, OH, HAMLER	US
S2-419384417	LOWMAN MEDlCAL [CENTER]	3 1/2 SENECA RD, WOBURN, MA	US
S2-238844128	Lakshmi  Technology Pvt	B303- MADHAV MANGAL APARTMENT TOI PRESS ROAD, VEJALPUR, AHMEDABAD, Gujarat	India
S2-685515868	and Mcwilliams Guerrero, Keeton Jessamine Co	201 CANTER LN, NICHOLASVILLE, KY	US
S2-597125270	A INTEGRATED FREQUENCY (LLC)	202 1/2 PINE STREET, WETUMPKA, AL	US
S2-900989722	Kozhikode Solution Ltd	PP II 698L NEAR SUB TREASSURY, COURT ROAD, PERAMBRA, KOZHIKODE, Keralam	India
S2-260266753	S O Edp, LLC Partners	149052 Johns Lane, MOSINEE, WI	US
S2-132913121	ब्राइट फाउंडेशन प्राइवेट लिमिटेड	PATNA, बिहार, SHEIKHPURA NEAR RAM LAGAN MARKET NEW CAPITAL PATNA, PATNA	India
S2-937281444	338 Center Blvd Management Corporation	3407 HARVEST WAY, PRINCETON, TX	US
S2-279232313	नॉर्थ एक्सपोर्ट्स प्राइवेट लिमिटेड	INDORE, H.NO #31/1 SOUTH TUKOGANJ, INDORE, Madhya Pradesh	India
S2-498961480	Hoberg and Schneider Ltd	2484 ROUTE 30 BYPASS, OSWEGO, IL	US
S2-540092702	All Foods Pvt Ltd Partners	U NO-314 MARATHON MAX, LINK ROAD, MULUND OPP. NIRMAL LIFE STYLE, L.B.S. MARG MUL, UND (W), MUMBAI, Maharashtra	India
S2-514093866	LIB  ATLANTIC NUNEZ BRC	KANSAS CITY CDP, #8104 NEW JERSEY AVENUE, KS	US
S2-306777347	ODOM  AFFILIATED	1537 37, HOGANSBURG, NY	US
S2-141459538	Pacific Animal Hospital Ltd	354 BRADLEY DR, CA, VACAVILLE	US
S2-84819724	Classic Private Limited Center	BLOCK D-76 OFFICE NO. 7 & 8, SECTOR - 2, PLOT NO. - 2, PHASE - II, NERUL (WEST), NAVI MUMBAI, Maharashtra	India
S2-114177474	DEAN TAILWIND		US
S2-906301591	LABORERS LOCAL  UNION 622 LP	12775 NIKE PARK RD, CAROLLTON CDP, VA	US
S2-430843013	enggmelur.com	THIRD FLOOR, FIRST MAIN ROAD, DOMLUR LAYOUT, NO 31, Karnataka, BANGALORE	India
S2-961903657	Creative Frontier Critmical Group	2541 DIVISION SAINT, INCORPORATED, IL	US
S2-904896381	Crystal Nutrition Products Ínc	94 East Parkway, IRONDEQUOIT, NY	US
S2-107227533	lnterstate Institute LLC	235 CALHOUN ST, TORRINGTON, CT	US
S2-441550011	YT PRODUCER	31 BURTOLLA STREET, KLOKATA, West Bengal	India
S2-769590675	CA Total Hígh	316 SANDY POINTE DR, FREEPORT CITY, IL	US
S2-542190910	CHAMUNDESHWARI AND  SONS LIMITED	Haryana, #2 , 2ND FLOOR, JAGDAMBA PALACE NEAR GURGAON DREAMZ MALL, OLD RAILWAY RO, AD, GURUGRAM	India
S2-800845754	Eastern Foundation Limited Center	Uttar Pradesh, C/O INDRA DEVI MUDHA, TEMA	India
S2-477415096	Internal Medicine Legacy Health	IL, N ARORA, 1815 Oak St	US
S2-36292406	CROSSVILLE  ASSOCIATION STAR YOUTH	154 MILLCREEK RD, CROSSVILLE, AL	US
S2-543018375	Gallardo Interstate Ltd Center	06846 Henderson Rd, POMPEY, NY	US
S2-794026342	Smart Marketing Có	2200 SWINDALL ROAD, TROY, AL	US
S2-791564035	GHAZIABAD SERVICES PRIVATE	#G-732 K.H NO-1246 MORTA, GHAZIABAD, Uttar Pradesh	India
S2-530554302	proex holdings	1343 NICOLE LANE, LAVERGNE, TN	US
S2-515748832	Great Legacy Hall, Córp	6133 PANORAMA DRIVE, TACOMA, WA	US
S2-661974661	Crystal Braemar	1335 400ND SAINT, WESTSIDE, IA	US
S2-61867026	consultancy aalam tech private limited		India
S2-974780963	Saint Albans Yuoht Reliable Association Southside Corp	28 COHEN DR, ST.ALBANS, ME	US
S2-370166167	Sri International Producer Company		India
S2-556890229	Innovative Trteh Winvest North LLC	57 THEODORE NAPPER LN, HARTFORD CDP, CT	US
S2-889547058	Delta Fellowship	TX, 814  CIRCLE DRIVE, TERRELL	US
S2-116894664	Chintu Estate Corp	H.NO 5 , GOMES HOUSE, TUREL PAKHADI ROAD, MALAD WEST, Maharashtra	India
S2-675966477	साउथ टेक प्रा. लि.	FLAT NO. AD/2204, S NO. 43/60/1, ASHIYANA, MANAJI NAGAR, NARHE, PUNE, WARJE, महाराष्ट्र	India
S2-332313561	Angeles Shipping L.L.C.	F STREET, HARLINGEN, TX	US
S2-465850515	Amber LLC	0463 Zender Lane, MONROE, NC	US
S2-509931444	Sorcha's Chémical		US
S2-442714836	Fleckenstein Únited Senior Inc	810-812 ARIES DRIVE, GAHANNA, OH	US
S2-44921366	Kerri's Brokerage North Partners	11328- YOMAN RD, ANDERSON ISLAND, WA	US
S2-473016541	Jinny Thompson Anchor (Ellington)		US
S2-291487966	Juniper	PO BOX 5643, ##3121 4TH AVENUE, CHATTANOOGA, TN	US
S2-829507249	Capital-Holding	LELAND, ##120 MURRILL LANE, NC	US
S2-921039886	Wilson & Jones Incorporated	160  ROUND HILL ROAD, CARROLL COUNTY, VA	US
S2-277787084	The Ahmed Smart All Co	330 VIOLA AVENUE, WASHINGTON, IN	US
S2-272348128	INGRAHAM HOLDINGS	5818 MARTIN CREEK DRIVE, JOSHUA, TX	US
S2-859119730	Loch Raven Yóuth Services Ltd	11 CEDAR AVE, LOCH RAVEN, MD	US
S2-380093895	ಆಲ್ ಹೆಲ್ತ್‌ಕೇರ್ ಲಿಮಿಟೆಡ್	PLOT C-790 83, BANGALORE, ಕರ್ನಾಟಕ	India
S2-771328093	Direct  Bancorp		US
S2-828229378	Allen Harbor LLC	2250 8ST RD, HUNTLEY, MT, N/A	US
S2-218175118	Liberty Hmihalnd Bread Inc	13609-13611 GRASSDALE VIEW, MANOR, TX	US
S2-555252473	Kojima  Wall Networks, LLC Center	123 POLARIS PKWY, WESTERVILLE, OH	US
S2-988015833	*** FIONNA HUTCHISON DIRECT LNG  LLC	610 CATER STREET, PMB 4630, HOUSTON, TX	US
S2-466663007	SSMART.COM	MATOSHREE, NEAR SPINE AND, TRUMA HOSPITAL, SAWE WADI, LATUR, महाराष्ट्र	India
S2-248640519	ALL WHOLESALE ADVISORS L.L.C.	005601 HAMILTON AVE, SAINT LOUIS, MO	US
S2-242757371	फ्यूचर एस्टेट गारमेंट्स प्राइवेट लिमिटेड	WARD NO.2-8 NEAR MAHATMA FULE SCOHOL TANAJI NAGAR, Maharashtra, BULDHANA, BULDANA	India
S2-663897669	Smart Aerospace Dynamics	OH, 425-429 6ST SAINT, FREMONT	US
S2-627061732	West Trdst Corp	155-157 COLUMBIA ST, TUCSON, AZ	US
S2-520762202	Cornerstone  Ubs Inc.	KATY, TX, ##6006 PRESCOTT RUN LN	US
S2-934770386	Dorri Stoll	11613 W FLORISSANT AVENUE, FLORISSANT CIY, MO	US
S2-26586854	uptown diner!, inc	NORTH RIDGEVILLE, OH, 37498 AMBER WAY	US
S2-556750550	márroquinhinkle.com	1107 19ND AVE, GRAND FOKS, ND	US
S2-766563876	Maid Barbershop! Incorporated	2495 HEMLOCK DR, HUEYTOWN, AL	US
S2-341130507	S.A.S.Nagar (Mohali) Fashions  Private Limited	DOOR NO 1408 SECTOR 115, SKYLARK APP KHARAR, S.A.S.NAGAR (MOHALI), ਪੰਜਾਬ	India
S2-235104006	LLC COMMERCIAL ÍNVESTMENT ADVISORS	5515 MILLS CIVIC PARKWAY, WEST DES MOINES, IA	US
S2-339967768	Z T Young Seas Ltd	5614 BRACKENRIDGE ST, HOUSTON, TX	US
S2-199021946	Dominguez Prairie	6366 NORDIC LANE, VILLAGE OF MCFARLAND, WI	US
S2-618302174	Great Titan	130 OLYMPIA TERRACE APARTMENTS, AUBURN, NY	US
S2-886501475	LLC Noh Dynamic Excavation	4550 COUNTRY CLUB ROAD, WINSTON-SALEM, NC	US
S2-395653740	pediatric dental clinic	NC, 85 AZALEA LANE, ANDREWS	US
S2-472362852	Ballard & Grz Commodities Midtown LLC	857 MARKHAM LN, SAINT MATTHEWS, KY	US
S2-249792812	Family Care	66241 TOMAHAWK LAKE COURT, CREST HILL, IL	US
S2-19417753	Group Bay Health Cénter Care	922 38TH ST, BELLEVILLE, IL	US
S2-510088552	Burch, Lalonde and Bohannon Inc.	4545 GRABER AVE, MARION COUNTY, OR	US
S2-26485154	Ash (Gores,)	1739 TRINITY ROSE DR, PRRESCOTT CITY, AZ	US
S2-300886860	PEARL TEA LLP	A-052 GALI NO-4/5 BABU NAGAR, DELHI, Delhi	India
S2-591104602	Carmencita Ke1ly-Crystal Signs Group	002422 23RD AVENUE, MINOT, ND	US
S2-951215118	Atlantic  Spruce (LLC)	EDENBRIDGE LN, CHARLOTTE, NC	US
S2-137951905	Fontenot and Franklin Eppard	Cross St, SALEM, OR	US
S2-278704773	FVQ  Homes Group Ventures	41., 1ST FLOOR, AGRAHARAM EAST STREET THALAINAYAR POST, VEDARANYAM TALUK, NAGAPATTINAM, Tamil Nadu	India
S2-328957438	GOLD INVESTMENTS PRIVATE - 9394326764	H.NO 213-B VIDUR NAGAR INDORE, INDORE, मध्य प्रदेश	India
S2-693988513	Federal Academy Corp Services	#4210 NORDALE DR, MONTGOMEY, AL	US
S2-915294620	Fedora Cohen Apex	124 HERFTAGE LAKE DR, MEMPHIS, TN	US
S2-143843831	Ruthanne, Cano, Mountain Sab	442 CR 341 ROAD, EL CAMPO, TX	US
S2-607322546	THE  DENT	4846 WAVELAND AVE, CHICAGO, IL	US
S2-156518260	Co1onial Accounting Inc	404 6ND AVE, DEVILS LAKE, ND	US
S2-274094595	Vortex Foundation Private Limited	FLAT NO G1, PNO 1, SAINATHA PURAM, NEREDMET, HYDERABAD, తెలంగాణ	India
S2-712924772	PITTS FEDERAL		US
S2-876097712	Abel Design-(India)	NO 33 B-4, MOTILAL ST, T.NAGAR, MADRAS-17, Tamil Nadu	India
S2-81502048	Red Infrastructure Pevaie Limited		India
S2-153307795	Atlantic Academy York County Corporation	214 MBRRAY WAY, YORKTOWN, VA	US
S2-958406724	Plus Erpirses of Delhi Group	DOOR NO 132 C PLOT NO 7-2E KH. NO 1081 1ST BLK-O PREM NAGAR PH2 RAM JANKI SANATAN DHARAM, DELHI, Delhi	India
S2-107557306	Laetitia  Friedman, DMD	379 DEERPATH LN, DEKALB, IL	US
S2-44243795	Everest  Fund Incorporated		US
S2-993597696	Ráven	2965 Bay Village St, SHALLOTTE, NC	US
S2-68113479	Services Am Íncense Holdings Cómpany	दिल्ली, G-14/12, 2ND FLOOR, MALVIYA NAGAR, NEW DELHI	India
S2-610919606	frontiercoalition.com	610- MAIN STREET, BUFFALO, NY	US
S2-162680513	Gorman Delta Vendoem	LEBANON, N/A, TN, 3755 CAIRO BEND ROAD	US
S2-52372336	Travis Aimei-LLC	331 1/2 RAILROAD ST, LOVINGTON, IL	US
S2-151233912	taylorinterstateisrael.com	70-72 VAN NESS ROAD, BELMONT, MA	US
S2-410512025	DWYER LIBERTY	301 MELODY DR, GILBERT, AZ	US
S2-634532139	FAMILY CENTRE	5805 INDIAN TRACE, MADISON, WI	US
S2-735459275	regional church, llc llc	04140 CLOVERDALE WAY, CA, ONTARIO	US
S2-204384851	Atlantic Partners Rent,	134 VNRIS ST, AKRON, OH	US
S2-899286708	Veterans Fgouldation Inc	6486 ST HIGHWAY 61, DEVERS, TX	US
S2-117693675	Harsh & PC Dole	560-564 REAVES ROAD, ANNISTON, AL, PO BOX 718	US
S2-136300536	Flores Colonial Babcock	23 HOME RD, PMB 2768, LANCASTER, NY	US
S2-148945120	Elyn T. Hindle  M.D.	28  DAFFODIL LN, HEMPSTEAD, NY	US
S2-537264428	బాలాజీ పయనీర్ కన్సల్టెన్సీ ప్రైవేట్ లిమిటెడ్	Telangana, F 802, SERI LINGAMPALLY	India
S2-203467277	ಡೈನಾಮಿಕ್ ಟೆಕ್ ಪ್ರೈವೇಟ್ ಲಿಮಿಟೆಡ್	NO-95, PADMASREE APARTMENTSLINK ROAD (2ND MAIN ROAD) SHESHADRIPURAM, BANGALORE, Karnataka	India
S2-722956795	SMITH, DEBI, P.A. INC.	MCNUTT RD, SUNLAND PARK, NM	US
S2-391631936	RZ (india) Limited Center	JAGANPUR, GREATER NOIDA, GAUTAM BUDDA NAGAR, NOIDA, उत्तर प्रदेश	India
S2-780510133	cascade center	28 FRANKLIN STREET, FREDERICK, MD	US
S2-936374611	Mumbai Communications Ventures Private Limited	Maharashtra, GALA NO. #23 , 01ST FLOOR, UJAGAR INDUSTRIAL ESTATE W T PATIL MARG, DEONAR, MUMBAI	India
S2-973379842	White Pvt Pharmacy Producer (Ltd)	BLOCK B-694 54, 80 FEET ROAD KARUR POST, Tamil Nadu	India
S2-546584472	EUDORA CORP MERCHANTS BURNETT	22 BELLROCK CT, NOTTINGHAM, MD	US
S2-875390464	Hurley Realty Center	2322 GRAND AVENUE, HEMPSTEAD, NY	US
S2-116051131	Tech My Ínfrastructure Private Limited	NH-6, HOLIDAY INN RESORT KOLKATA, BOMBAY ROAD, BIRSHIBPUR, ULUBERIA OPP. BHARAT GAS FACTORY, DOMJUR, পশ্চিমবঙ্গ	India
S2-318811953	Ahmedabad Health Prmhe Limited	PLOT G-400 12, MANGAL PARK SOCIETY GITA MANDIR RODA, AHMEDABAD, Gujarat	India
S2-21723883	tildi jaramillo fashion co	TN, 121 MAGNOLIA LANDING COURT, JACKSON, null	US
S2-537540585	बाबा कंसल्टेंट्स प्राइवेट लिमिटेड	SHRI SANJEEV KUMAR FLNO 3 NYATI ENCLAVE MOHMMADWADI BLDG SILVER BILL HADAPSAR, Maharashtra, PUNE	India
S2-685643683	लाइफ प्रॉपर्टीज प्राइवेट लिमिटेड	FLAT NO. 0304, WING-A THIRD FLOOR, VARDHAMAN HEIGHTS, RAHATANI, POONA, PUNE, महाराष्ट्र	India
S2-192743606	Joshi Infrabuild Pvt. Limited	H.NO.6-3-562/4/1/9 ERRAMANZIL, HYDERABAD, Telangana	India
S2-574606516	અર્બન એનર્જી એલએલપી	PLOT NO. D/27-33, LAXMINARAYAN IND. PARK BRC COMPOUND, BHEDWAD, UDHNA, SURAT, Gujarat	India
S2-653581119	Freeland Platinum Offshore Co	2338 WOODLAND RIDGE DR, ORANGE, TX	US
S2-711776087	डिजिटल एग्रो प्रा. लि.	CTS NO. 41, PLOT NO. 14, SHOP NO. S 11, SWAROOP COMPLEX, KARVE ROAD, PUNE, PUNE CITY, Maharashtra	India
S2-363703813	Round Rock LLC Services	1052 SONATA PL, ROUND ROCK, TX	US
S2-101661869	Heart Inc Services	3857 BUCHANAN DRIVE, null, VIRGINIA BEACH, VA	US
S2-991414402	Glory Ren,	559- EGG AND BUTTER RD, COLUMBIANA, AL	US
S2-750630651	SAKSHI LIMITED PRIVATE INTERNATIONAL	#1ST FLOOR H-1-103 RIICO INDUSTRIAL AREA, MANSAROWAR, JAIPUR, Rajasthan	India
S2-569372334	Internal Mediinie All Partners	10124 STANDING STONE CT, CHRALOTTE, NC	US
S2-298499896	The Wilson Tax PLLC		US
S2-199917633	Peflovue-Worldwide Inc.	MILL CREEK RD, LOLO, MT	US
S2-614128684	GLOBAL CLEAN OPEN	1185 LTUHER WILLIAMS ROAD, PINE HALL, NC	US
S2-50949637	Hunt & Wissing	2155 36, ROCKVILLE, IN	US
S2-323472628	Titech (Inc)	3408. ROBB AVENUE, CINICNNATI CITY, OH	US
S2-795411198	FOSTER HEARTLAND ÓNE INC.	713 ALL CHIEFS ROAD, BROWNING, MT	US
S2-844907651	#sterlinglogistics	WA, 20610 287st St, KENT CDP	US
S2-220303526	Prairie  Program	181 PARK STREET, GOUVERNEUR, NY	US
S2-550503547	Dhanterash 5ansthan Limited Services	E4/15, ASHOKA CENTRE, BLOCK E 4, JHANDEWALAN EXTENSION, JHANDEWALAN, NEW DELHI, Delhi	India
S2-628594044	Halcos Australia #24834	SOMERVILLE, 34  MADISON ST, MA	US
S2-15392846	Zehr, Manuel and Clark, Corp	001763 CERISE CIR, MESA DESERT, AZ	US
S2-852002544	HARBORMINISTRIES.COM	3945 STRINGTOWN RD, PO BOX 6278, CLARKSBURG, MD	US
S2-741877283	Colton Center Korkor	1015 OLIVE STREET, COLTON, CA	US
S2-756266180	SHIVA VENTURES PRIVATE [LIMITED]	2503 TOWER A DOSTI MARINA, EASTERNBAY VIDYALANKARCLG, MUMBAI, Maharashtra	India
S2-648219861	Dr Arihant  Limited Producer	103, PATTAR KULAM STREET TIRUCHENDUR, THOOTHUKUDI, Tamil Nadu	India
S2-663156718	Dermatology-Hfelsth LLC	00276 HOSEA DRIVE, RUSTBURG, VA	US
S2-708683689	Inc Deal Wést	AK, 8132C LOGANBERRY ST, ANCHORAGE	US
S2-330754810	Sangram (India) Marketing Private Ltd	EB3/7, SIDCO INDUSTRIAL ESTATE, KRISHNAGIRI, KRISHNAGIRI, தமிழ்நாடு	India
S2-146084582	Loni's Integrated Eye Care Corp	41  YORK ST, CARIBOU, ME	US
S2-710592669	motasons.com	H.NO 582 8/10/81, HANUMANT NAGAR NAKA MUZAFFARA, FAIZABAD, उत्तर प्रदेश	India
S2-157741587	Fort Dodge Incfermfaitth Alliance	2231 OAKWOOD RD, FTT DODGE, IA	US
S2-751411713	Buildtech Welfare  Society Company	GIRIGUJA ENCLAVE, 56/21, FIRST AVENUE SHASTRI NAGAR, ADYAR, CHENNAI, Tamil Nadu	India
S2-179789039	Sree Com Private Limited	DOOR NO 6RD FLOOR, GOPALA TOWER 25 RAJENDRA PLACCE, NEW DELHI, Delhi	India
S2-311306955	Rajkumari Supplier Limited Private Infratech	SURVERY NO 277, PLOT NO 12, RAINBOW CASTING MAIN ROAD, KOTDA SANGANI, RAJKOT, Gujarat	India
S2-424208317	Chiropractic  Partners	##110 CENTRE STAGE BUSINESS PARK, TN, CLINTON	US
S2-582475940	The Gladden Acquisitions #98539	1233 PIONEER STREET, ENUMCLAW, WA	US
S2-896912632	Carita King Direct Ltd Alpine	1679 STILLWATER AVE, CHEYENNE, WY	US
S2-226070480	Premier Investment Advisors Westgate Inc	154 Wormwood Street, OJAI, CA	US
S2-737132769	The Smith National Súpply Inc.	30 HESS LN, ROSEBURG, OR	US
S2-870253909	Akshit Ltd Center		India
S2-589114823	Sweet Hair Studio  Partners	01301 1/2 WHEELER SAINT, KOKOMO, IN	US
S2-962164106	Colonial Cornerstone Plutonian Corp	#2245 HIGHWAY 278, CAMDEN, AR	US
S2-848057608	Pritse Style Fashion Limited	#G-791 5/3410-F1, 2ND FLOOR KAIRALI COMPLEX OPP. MOFUSSIL BUS STAND, CALICUT, KOZHIKODE, Kerala	India
S2-98048646	Heartland Partners Co.	11510 JAMES JACK LN, CHARLOTTE, NC	US
S2-543377229	Tresa Knox Cornerstone Acquisitions, Córp	5743 MARCONI AVE, CARMICHAEL, CA	US
S2-495690504	One Agro LLP	DOOR NO 96 UJWAL TERRACES, L BUILDING, FLT NO. 604, 6TH FLOOR, RAIKAR NAGAR, DHAYARI, PUNE, Maharashtra	India
S2-890106836	ZARUBA VIKING INC	3706 30th St, CHSAPEAKE BEACH CDP, MD	US
S2-817338404	Hsu Optimal Ishigt LLC	396 BRIDGE STREET, ASHLAND, OR	US
S2-381390760	Hunger Cénter Corp	12315 ANDANTE DR, HERRIMAN CITY, UT	US
S2-764089767	लक्ष्मी कंस्ट्रक्शंस प्रा. लि.	HOUSE NO. 87, SITAMARHI, बिहार	India
S2-107049367	Guru Private Limited Services	PROPERTY NO B 49A B BLOCK BHAGWATI GARDEN ENTN JAIN ROAD UTTAM NAG, AR, NEW DELHI, Delhi	India
S2-298299906	CONSISTENT (INDIA) PAPER PRIVATE LIMITED	H.NO 306 A, DHANRAJ INDUSTRIAL ESTATE, SITARAM JADHAV MARG, LOWER PAREL, MUMBAI, Maharashtra	India
S2-107961788	Advanced  Highland Reit Group	216 NIPPON AVE, STATEN ISAND CDP, NY	US
S2-152762711	Wooldridge Recruiting  Center LLC	CICERO, 5942 16RD ST, IL	US
S2-885595280	Education Próject LLC	1320 NEW HAMPSHIRE AVE, WASHINGTON, DC	US
S2-756035188	Montgomery, Vfiocie N., Ph.D., (P.C.)	12433 OLALLA VALLEY ROAD, OLALLA, WA	US
S2-654805913	Pediatric Dental Group Corp	176 SMITHTOWN RD, EIGHT MILE, AL	US
S2-636434850	Pvt Rjr Holdings Ltd	OFFICE NO 21A- FIRST FLOOR, SECTOR 20B VISHNU PALACE, FARIDABAD, हरियाणा	India
S2-553117766	Dermatology Health Co	1011. TERRACE RD, SAN BERNARDINO, CA	US
S2-509290044	Sirius Valley	20 LONESOME PINE ROAD, MT, PARK CITY	US
S2-967354405	ವೈಟ್ ಪ್ರಾಜೆಕ್ಟ್ಸ್ ಪ್ರೈವೇಟ್ ಲಿಮಿಟೆಡ್	FLATNO234 (OLDNO.6)THIRD FLOORRAJNIGANDHA(GARDENAPPARTMENTS)NO.21VITTALMALLY, A ROAD, BANGALORE, Karnataka	India
S2-949042788	PEDIATRIC DENTAL BLUE PHYSICIANS		US
S2-94597577	BROWN PRIME (MARITIME-L.L.C.)	MOHAVE ST, CHINO VALLEY, AZ	US
S2-384121848	NIRBHAY TRADING (INDIA) PRIVATE LIMITED	214/4, PLOT NO. B-25, MORYA LAND MARG C. H. S. LTD. LINK ROAD, OPP. INFINITY MALL, ANDHERI, MUMBAI, Maharashtra	India
S2-491228032	Veocalo	V11/45, KADAMPARAMBATH HOUSE, NEAR INDIAN PHARMACY FACTORY, VAYALAR ROAD, UZHAVATH K, ADAVU, KODUNGALLUR, THRISSUR, Kerala	India
S2-220702891	Pipefitters Union Local No 724 Corp	6 BICKNELL STREET, KITTERY, ME	US
S2-537593339	Bautista, Battey and Galloway	DEER RUN DRIVE, MILTON, NY	US
S2-402905091	श्री बिजनेस जनरल प्राइवेट लिमिटेड	DOOR NO / B AADI ALLURE, <NULL>, MUMBAI, Maharashtra	India
S2-443032534	डिजिटल इंफ्रास्ट्रक्चर टेक्नोलॉजीज एलएलपी	HOUSE NO.46, NAGPUR, Maharashtra	India
S2-128273531	BALAJI PIONEER PVT LTD CENTER	F 802, 8TH FLOOR, BLOCK -I, MHB, SY NO-83/1, RAIDURGAM, SERI LINGAMPALLY, తెలంగాణ	India
S2-937583646	M/s Able Products Private Limited	706, GURU RAM DSS NAGAR EXTN LAXMI NAGAR, DELHI, दिल्ली	India
S2-673195186	Pvt Bsi Energy (Ltd)	C-406, SECUNDERABAD, HYDERABAD, Telangana	India
S2-205957684	Maid Auto	825 WALKER AVE, WENATCHEE, <NULL>, WA	US
S2-759661109	हरि कंसल्टेंट्स प्रा. लि.	<NULL>, TH-OC540, GAUTAM BUDDHA NAGAR, Uttar Pradesh, DADRI	India
S2-593143711	Lamothe Global	1872 Bayshore Drive, PALACIOS, TX	US
S2-514237288	Arts Mnimtshes P.C.	5790 HUGHES RD, GALENA, OH	US
S2-952689464	अल फाउंडेशन प्राइवेट लिमिटेड	C/O SHRI KATHAR MADHAVRAO RADHO, SANJAYNAGAR, POLE NO.SN/SN/002, AURANGABAD, महाराष्ट्र	India
S2-978200001	V+  Barclays	021023 CATAWBA AVE, LOCKHART, AL	US
S2-892571468	chandram builders private limited	DOOR NO 773 KHASRA NO-87 BABU BIHAR, IBRAHIMPUR, LUCKNOW, उत्तर प्रदेश	India
S2-601204112	Ace Data LLC Center	350, VENAL CITY, UT	US
S2-380216509	MUMBAI-INDIA	READYMONEY MANSION8-3RD FLOOR VEER NARIMAN ROAD, MUMBAI, Maharashtra	India
S2-630256523	#demottinflection	1218 BEAVER LAKE BLVD, PLATTSMOUTH, NE	US
S2-889375049	Jorgensen's Metropolitan Security Security Services Inc	5504 GOODING DR, AUSTIN, TX	US
S2-755517043	Vans Hire Pvt Ltd	DOOR NO 352 DOOR NO III/173 BCHIRAYATH BUILDING CHERIAKKARA ROAD PUTTHONCHIRA, POST THRISSUR, MALAPPURAM, Keralam	India
S2-283943291	CHANDRTECH STAR PRIVATE LIMITED	HOUSE NO 385-B KHASRA NO 70/1/1, 1ST FLOOR VILLAGE, MANGOLPUR KALAN, DELHI, Delhi	India
S2-704146108	Starkey and Lopez,	932 SAUGATUCKET RD, WAKEFIELD-PEACE DALE, RI	US
S2-648773579	synis.com	1001 PARRISH AVE, OWENSBORO, KY	US
S2-989209365	TA Chit Pvt	H.NO. 207, SHRI NAGAR, HAPUR, उत्तर प्रदेश	India
S2-713074572	Llc IJ Metropolitan Intermediate	208 OLD ORCHRRD RD, BUXTON, ME	US
S2-453054476	Park Creations Infratech Private Limited	Gujarat, 111 B, WOOD SQU, NR VASUPUJY, APT. OPP:TGB HOTEL, ADAJAN, SURAT	India
S2-318996741	Carlisle Sterling Srnudihs LLC		US
S2-262118980	PASHUPATI SOLUTIONS LIMITED  CENTER	SS 275, SECTOR NO. 2 VASHI, MUMBAI, Maharashtra	India
S2-143789547	Mara Plante, CPA, DDS	1300 CEDAR CREST DR, PMB 4235, MUNSTER, IN	US
S2-83457682	Tech Consultancy LLP	FLAT NO- D/312, 3RD FLOOR, ISHWAR APARTMENT, PLOT NO- 4, SECTOR-12, DWARKA, NEW DELHI, Delhi	India
S2-682560663	Young Delta LLC Northwest,	120 MAIN ST, RIPLEY, NY	US
S2-463248666	Blue Harbor Lodging,		US
S2-706849566	Ltd Yu Insight	14228 CYPRESS GREEN DR, CYPRESS, TX	US
S2-522052970	DIAMOND PACKAGING INNOVATIONS	3000 TILDEN STREET, WASHINGTON, DC	US
S2-78748611	Liv Breland Prime Peace Inc.	643 DALBY ROAD, UNION, WA	US
S2-301227156	Foods Gds Commodeal Primnvate Limited	PLOT 230 HOUSE NO 315B, POCKET B-04 KESHAVPURAM, NEW DELHI, दिल्ली	India
S2-263805194	Dhruv Academy Corp	D-8, SHANI BAZAR ROAD, SHIV RAM PARK, NANGLOI, दिल्ली	India
S2-210374690	Womens Health Care Pinnacle Pártners	BREVARD, NC, null, 433 Purple Finch Rd	US
S2-80270374	Cornett, Jackson and Dobbins	#2802 MARY AVENUE, SAINT LOUIS, MO	US
S2-76500671	Gulf Academy	915 Eleventh St, ALBEMARLE, NC	US
S2-49289052	Urban Projects	C/O.BASHIR AHAMMED, S.K.S.M.FNDN., TRUST REG.SALAFI CENT., BEHIND KANKANADY MARKET, MANGALORE, Karnataka	India
S2-460314880	Williams Chárles LLC	KS, JUNCTION CITY, 2506 SUTTER WOODS COURT	US
S2-931795976	గ్రీన్ ఎనర్జీ ప్రైవేట్ లిమిటెడ్	8-1-60/4N/1, MANI COMPLEX, HANUMAN NAGAR SAROOR NAGAR, KARMANGAT X ROADS, HYDERABAD, తెలంగాణ	India
S2-504800599	allied capital pllc	AL, MOBILE CITY, 159 A 1/2 LEVERT AVENUE	US
S2-26565073	Mr Total Co Ltd Center	SHOP NO. ##2 , MAIN AJMER ROAD VILLAGE NARSINGHPURA, BUS STAND, JAIPUR, Rajasthan	India
S2-125281503	PACIFIC COMMUNITIES	EDGEWOOD, MD, 338 AHERN DR, null	US
S2-69780796	Auspicious & Brothers Private Ltd	NO.03A/8 , 2ND MAIN, GANGONDANAHALLI CIRCLE, LAKSHMIPURA POST, DASANAPURA HOBLI, BENGALURU URBAN, BANGALORE NORTH, Karnataka	India
S2-265867205	Soto Dsldi D.D.S. P.C.	2900 DANZIG PL, LOISVILLE, KY	US
S2-487661454	Shri Kalyani Hsuse (India) (India) Private Limited	PLOT NO. 173/1432 , MAHAVIR CHOWK, BANSPANI ROAD, JODA, ଓଡ଼ିଶା	India
S2-148325253	Shiv Enterprises Private Ltd	C/O.TEJA SEEDS AND PESTICIDES, CHURCH COMPLEX, MAIN ROAD, RENTACHINTALA, Andhra Pradesh	India
S2-385230356	OZ  Fitness Co	517-519 439, STOCKDALE, TX	US
S2-34400737	WXD Fhhmoin	211 MARINA CENTER, SUISUN CITY, CA	US
S2-781003083	Womens Health Care Associates	8115 LACY DR, PRINCE WILLIAM COUNTY, VA	US
S2-658599356	INTERNAL MEDICINE SPECIALISTS LLC	5455 BLUE MOUND ROAD, FORT WORTH, TX	US
S2-368465849	Chikhaldara Héads	GRAOUND FLOOR, AMBEDKAR NAGAR, HOUSE NO. 021, MAIN ROAD, FRONT OF GAYKWAD HOUSE, CHIKHALDARA, महाराष्ट्र	India
S2-580323141	MH LLP  OVERSEAS	FLAT 701, PLOT 5, 6, 7&8, SEC 10, SUN DARSHAN CHS, NERUL, NAVIMUMBAI, Maharashtra	India
S2-832069990	Gonzalez, Kelcie, Services	7916 GREENBRIER ROAD, MADISON, AL	US
S2-855118625	Soni Center	262 Cobblestone Cir, RD OAK, TX	US
S2-620517292	Horizon Payroll	00670 SHARON LANE, YORKTOWN HEIGHTS CDP, NY	US
S2-885452193	Hagaribommanahalli Pvt Ltd Services	KHATA NO. 8-51, DOOR NO. 51, FIRST FLOOR, BASAVESHWARA BAZAR, HAGARIBOMMANAHALLI, Karnataka	India
S2-747305729	Deimtal	INDEPENDENCE, 4302 RICHARDSON ROAD, KY	US
S2-357005012	Ortega Ventures	201A MONTANA WELLS RD, PMB 381, RIO RANCHO, NM	US
S2-816978687	PINKSTON CRYSTAL (ONFOLIO)	67 PEMBROKE ST, RCHESTER, NY	US
S2-708541930	Historical Center	195 GRALAND STREET, LEXINGTON, NC	US
S2-740473301	Trinity Zion Co	11219 MONKSHOOD DR, LOUISVILLE, KY	US
S2-475591344	Brown Édp	23 CRYSTAL LAKE DR, COVINGTON, KY	US
S2-574707674	Green-Buildhome Private Limited	DOOR NO ##1 & 6, UNITED HOUSE, NAKODA, COLONY, BEHIND RIICO HOUSINGCOLONY, BEAWAR, राजस्थान	India
S2-644807349	City Racine Gulf Gulf Flagstar	2100 SOOP ST, RACIEN, WI	US
S2-965173253	Mak's Pet Crittae	4705 ROCKY SPRING LN, BOWIE, MD	US
S2-464116699	ॐ शक्ति इन्वेस्टमेंट प्रा. लि.	E-20, PUNE, महाराष्ट्र	India
S2-634792347	HEARTLAND6OLDMAN.COM	704 CAROINA SAINT, AR, WALNUT RIDGE	US
S2-180098596	HUNT CARLY M.D. LLC		US
S2-919047781	सिटी राज फूड प्राइवेट लिमिटेड	BLOCK G-949 GATE NO.32, NASIK, NASHIK, Maharashtra	India
S2-585475628	Wall Pioneer [LLC]	IN, COLUMBUS, 724-726 HUTCHINS AVE	US
S2-648578509	Lawrence Associates Highland Inc	28 3RD STREET, PMB 2905, CROSBY, ND	US
S2-579411833	Foods India  Stuff Private	SAWANT VASTI, PARGAON, TARFE KHED, PUNE, Maharashtra	India
S2-99547523	Unified Ássociates Staffing	5500 HIGH ROCK ROAD, EFLAND, NC	US
S2-105100596	AGRO  NABA HR C1INIC	OFFICE NO 803 AURA BIPLEX, S V ROAD BORIVALI WEST, BORIVALI WEST, Maharashtra	India
S2-742712532	Kritavi C0nstructions Pvt. (Ltd)	NO 07 , KH. NO. 658, 659, 660, 2ND FLOOR BLOCK A, VIJAY VIHAR, ROHINI, PH-1, DELHI, Delhi	India
S2-261676361	Ariaonyxmira	93 KIRKHOFF RD, WESTMINSTER, MD	US
S2-768021392	Optimal Intelligence Innovations, Llc	631 Holmes Avenue, LIMA, OH	US
S2-228748047	Orthopedic Mountain Medicine Corp	815 PARK DRIVE, NC, MARS HILL	US
S2-397253232	Shubhada  Industries	NO. 22. 20/0, SHENBAGAAMMAN KOIL ST VEERAVANALLUR, TIRUNELVELI, Tamil Nadu	India
S2-498924181	A Signature Sciences Partners Ltd	10213 MAPLE STREET, WICHITA, KS	US
S2-731835417	Rogers Vii	184 Harmon Ave, NEW ROCHELLE, NY	US
S2-193827278	Management Gryphon Infrastructure Company	PLOT NO-D/854, KHATA NO-09, AT-KANDASARA PO-SRIBANTAPUR, PS-KUAKHIA, JAJPUR, Orissa	India
S2-375997074	Sky Foundation Private	ARERA COLONY E-2/365 G/F ARERA COLONY, BHOPAL, मध्य प्रदेश	India
S2-604264016	premierkeystonepacific.com	41 BULFINCH STREET, MA, LYNN	US
S2-760115718	2016parkave.com	3807. BEACON HILL DRIVE, CITY OF JANESVILLE, WI	US
S2-488316674	New Delhi  Chits Corp	G - ##53 SARITA VIHAR, NEW DELHI, Delhi	India
S2-495461504	Southern Pédiatrics	13119 PERALTA SHADOW LANE, HOUSTON, TX	US
S2-833782985	Sunrise പ്രൊഡ്യൂസർ മോട്ടോഴ്സ് പ്രൈവറ്റ് ലിമിറ്റഡ്	CC-48/1649 MAMANGALAM, COCHIN, Keralam	India
S2-722188035	Uptown-Yoga!	8001-8005 COASTAL HWY, OECAN CITY, MD	US
S2-666111764	gallagherjannelt.com	581 WHITE MOUNTAIN BOULEVARD, PINETOP-LAKESIDE, AZ	US
S2-737533465	सूर्य कंस्ट्रक्शंस लिमिटेड	AURELIA FLAT NO. 701, SR NO. 292 / 4, DHANKUDE VASTI, PUNE, Maharashtra	India
S2-565344587	साउथ बिल्डर्स लिमिटेड	NO A-1295 NEVARI NEVARI, SONBHDRA, SONBHADRA, ROBERTSGANJ, उत्तर प्रदेश	India
S2-753020401	Dr Hotel Care Private Ltd	R NO 3 DR AMBEDKAR CHAWL, MAHATMA PHULE MGR, NO 1 P L LOKHANDE MARG TILAK NGR, WEST MUMBAI, Maharashtra	India
S2-519659973	pranamexports.com	CTS NO-2482/1, CHETAN TRADE CENTER, GURURAMDAS NGR, JALNA ROAD, AURANGABAD, महाराष्ट्र	India
S2-936546401	Saldana, Candie Permian LLC	8324. Stanford Ave, SAINT LOUIS, MO	US
S2-740446665	Foundation  Birla Sb Private Limited	DOOR NO A-686 405, TIME SQUARE, AYODHYA CHOWK, RAJKOT, Gujarat	India
S2-319932474	MCKENNA, CLARKE & HALLMARK LANDSCAPING P.L.L.C. (ID: 96237)	573 VESTA STREET, null, ONTARIO, CA	US
S2-460847085	North-Milestone	West Bengal, C-4 SIDDHARTH BUILDING, 14/2 BURDWAN ROAD, KOLKATA, KOLKATA	India
S2-581541481	Ross Network of Coastal Services	2327- SHELTON FERRY ROAD, null, SOUTHSIDE, TN	US
S2-51816928	RH0DESHIGHLANDPAN.COM	001030 ORANGE AVE, PMB 6972, PORT ARTHUR, TX	US
S2-209291661	Georges and Erickson-Grayscale Inc		US
S2-85909696	Miller  Independence	872 KENMORE BOULEVARD, AKRON, OH	US
S2-927579750	#wirthstuart	##1441 REYNOVIA DRIVE, ALBEMARLE COUNTY, VA	US
S2-421535198	Zeledon  Packagibng LLC	920 VIEW RIDGE COURT, CAMAS, WA	US
S2-244596666	Foot & Ankle Tri-State Care Inc.	LOMBARD STREET, DAYTON TOWNSHIP, IA	US
S2-499462865	Sas Corp Center	H.NO G-56 , ARUNACHALAM MAIN RD, AMBAL NAGAR, SRIPERUMBUDUR, Tamil Nadu	India
S2-926880422	DIAMOND CONSTRUCTION GROUP	VANCOUVER, WA, 511 123RD CT	US
S2-104120740	Green Trust	FLATNO.S2, H.NO.8-2-293/82/A/185 ROADNO.15, JUBILEEHILLS, HYDERABAD, తెలంగాణ	India
S2-51446078	Johnson Bright Glalcyxde LLC	#813 GILBERT CIR, VIRGINIA BEACH CITY, VA	US
S2-295208809	अल्फा केयर लिमिटेड	A 00204 SAWALI CO OP HSG SOC PLOT 41 SEC 5 KHARGAR, KHARGAR, RAIGARH (MAHARASHTRA), Maharashtra	India
S2-809085070	Consu1tancy-Textile	D.NO A-7-88/3/MNC/503 , MN CRUX, NARSINGI, GANDIPET, RAJENDRA NAGAR, Telangana	India
S2-30306311	NOVUS [OBIC]	#65 ROCK CREEK CIRCLE, MAUD, TX	US
S2-112952040	4944 Broadway Plaza Properties	KOEBEL RD, PO BOX 3926, COLUMBUS, OH	US
S2-962807913	The Dent Bístro Inc.	1839 BROADMOR DR, TEMEP, AZ	US
S2-450224251	Superior Asset	1 STREET, COLD SPRING TOWNSHIP, MN	US
S2-731750042	Eye Associates Of Sacramento Center Partners	7503 REDWOOD IVY WAY, SACRAMENTO, CA	US
S2-90598073	Anderson & Wilhite Co	NY, ##93 PEARL SAINT, SCHUYLERVILLE	US
S2-898299399	HERNANDEZ, BECKER AND FOX	MO, 0011809 SMALLEY AVENUE, KANSAS CITY	US
S2-226697760	PETERS MCKINLEY INC	12420 251ST PL, N/A, KENT, WA	US
S2-116503479	Atlantic Academy	214 MURRAY WAY, YORKTOWN, VA	US
S2-496791157	Quality Center Insurance Eastgate	5268 36ST AVENUE, PORTLAND, OR	US
S2-938176563	ADISA MEMORIAL TRÚST	FLAT NO. F-2, CS NO. 248/2 ANANDI RANG APARTMENT, TARABAI PARK, KRLHAPUR, महाराष्ट्र	India
S2-114881528	M/s Tav0verapyra	G-1-116, NEW SAIGOUL ROAD, JAIPUR, Rajasthan	India
S2-278155286	इंडियन हेल्थकेयर प्राइवेट लिमिटेड	MAIN ROAD, UDAIPUR, 7, Rajasthan	India
S2-956616455	Fresh Materials Digital, Corporation	725 HEYWOOD AVENUE, EUGENE, OR	US
S2-416636637	Flores Preferred	44 KING AVE, COLUMBUS, OH	US
S2-82895538	Sri Matchless & Brothers Private	#215, SECOND FLOOR, SOMDATT CHAMBER-II, BHIKAJI CAMA PLACE, 9, NEW DELHI, दिल्ली	India
S2-508496196	*** IBIZ CONSTRUCTION PRIVATE	07, MYSURU, MYSORE, Karnataka	India
S2-536259295	The Corado Academy  Riverside	269 138ND AVE, GOODYEAR, AZ	US
S2-727073536	MEMORIAL CHARITIES COUNCIL	904 BURTON PL, ARLINGTON HEIGHTS, IL	US
S2-786988846	ALAMPATA  INSTITUTE CO	H NO. -5A, KH NO. - 129, F/F SHANTI KUNJ, VASANT KUNJ, DELHI, Delhi	India
S2-391870916	GEVUE GRAND ELECTRICITY  CARE		US
S2-419628755	TARAESH PRÓDUCTS LTD	NO 1 , 4TH BLOCK, KKD NAGAR, CHENNAI, Tamil Nadu	India
S2-362632148	Preferred Great Arbor Partners	52- HENRY ST, BROOKLLYN, NY	US
S2-157508118	cramacademy.com	101 BAKOS BLVD, BUFFALO, NY	US
S2-182451150	Private Dream Urban International Steel Limited	H.NO 6-52 BALAJI MARKET, MAIN ROAD, YAVATMAL, Maharashtra	India
S2-672475744	First Wellness Córporation Corp	75 GOOSE HAVEN CT, SACRAMENTO, CA	US
S2-363375112	Balaji Infra Private	BLOCK-B / 40, KRISH CUBICAL, NR GOVARDHAN PARTY PLOT, OPP AVALON HOTEL, THALTEJ, DASKROI, Gujarat	India
S2-449243949	CARDIOLOGY SPECIALISTS FRESH	3210 98RD LANE, PHOENIX, AZ	US
S2-777576158	American Project	OH, 318 Broadway, COVINGTON	US
S2-813042523	लक्ष्मी ग्लोबल सॉल्यूशंस प्राइवेट लिमिटेड	HOUSE NO.30, C/O RAVIRAJ ASHOKRAO DESHMUKH BHAGYALAXMI NAGAR, BASMAT ROAD, PARBHANI, Maharashtra	India
S2-189821369	GREAT ASSOCIATION CARE	BALTIMORE, 3700 BELVEDERE AVE, MD	US
S2-49153319	Norine  Heredia Long		US
S2-160221902	(INDIA) SOUTHERN MANAGEMENT PRIVATE LTD	K-43, OPP PLAZA CINEMA, CONNAUGHT PLACE, Delhi	India
S2-234179897	Halcial Faders Inc	7011- BAYVIEW DR, <NULL>, PORT ORCHARD, WA	US
S2-490990075	DEEX IMPERIAL CENTER	5540 CLARK STATE ROAD, GAHANNA, OH	US
S2-166101977	फॉर्च्यून ग्लोबल प्राइवेट लिमिटेड	F-701, MUMBAI, महाराष्ट्र	India
S2-792984369	consultingprudentcoir.com	TTCS LABORATORY LLP, 404, 4TH FLOOR PHONAM ARCADE, NR. ASOPALAV SHOWROOM, AHMADABAD CITY, Gujarat	India
S2-92751724	Emalee Diamond Muniyield  Inc	7603-7605 Fontainebleau Drive, HYATTSVILLE CDP, MD	US
S2-939554584	DEPARTMENT  OF TRANSPORTATION CORP	MD, 00615 FRIAR TUCK DRIVE, BEL AIR	US
S2-849261063	Shyam Energy Prsscase Limited	#7 AKRISHNA SQUARE AMRITSAR, PUNJAB, Punjab	India
S2-927194341	Preferred LLC Esports	1031 WELLER AVE, SPRINGFIELD CDP, MO	US
S2-761395414	Urology Coastal Partners Central	1801 ARROWHEAD DRIVE, OH, COLUMBUS	US
S2-43288501	Seven Tech ಪ್ರೈವೇಟ್ ಲಿಮಿಟೆಡ್	NO.27, 1ST FLOOR, SRI NANJUNDESHWARI SWAMI NILAYA, 1ST MAIN ROAD, NARASIMHASWAMY LAYOUT, BANGALORE NORTH, Karnataka	India
S2-623383145	LLP Mumbai Galsaniznig	UNIT NO 6-422, 4TH FLOOR, NEELGIRI INDUSTRIAL ESTATE, 183, TOKERSHI JIVRAJ ROAD, SEWRI (WEST), MUMBAI, NERUL, Maharashtra	India
S2-935677414	Sader Foundation Private Limited	H. NO. 422, BADGO, SADER, उत्तर प्रदेश	India
S2-386044169	Regional Patriot Wireless	500 GLENMOSE RD, PERINTON, NY	US
S2-827052057	Hopkinsville Oncology Clínic	##2779 FT CAMPBELL BLVD, KY, HOPKINSVILLE	US
S2-443128433	Farley, Harnage And Gildner Ltd	##3450 LIVINGSTON ST, SALEM, OR	US
S2-321104011	B G Road Gottigere Footwear Pvt	294, HIMAGIRI, MEADOWS, B G ROAD GOTTIGERE, Karnataka	India
S2-439027465	Om Marketing Exports Pvt. Ltd.	43-A, 2ND FLOOR PAREKHWADI BUILDING, V. P. ROAD, Maharashtra	India
S2-198278441	Womens Health Medicine Corporation	4744 ROUTE 85 HIGHWAY, PA, null, SOUTH MAHONING	US
S2-283782247	ILJ CONSULTANTS PRIVATE LIMITED	NO:52, ANAM ENCLAVE, 2ND MAIN ASHWATH NAGAR, THANISANDRA, BANGALORE, Karnataka	India
S2-220447747	YOUTH NETWORK	405- Ventosa Dr, CHESAPEAKE CITY, VA	US
S2-405627689	Empire Cside Hannum	1352 HUNGERFORD PT, TOWN OF SAINT CROIX FALLS, WI	US
S2-444498221	CLEAN GLOBAL STERLING CORPORATION	PATRIOT POINT DR, CITY OF EL PASO, TX	US
S2-497876044	Green Commercial Systems Holdings	666 BURDETTE AVENUE, GLENDALE HEIGHTS, IL	US
S2-549238139	One Products Limited	C/O, RABIRAM DAS S/O, LATE MAHANTO DAS VILL:DANSHI, KALITALA. P.O. NIBRA, HOWRAH, West Bengal	India
S2-319889611	Newgen Hospital - 2640081180		India
S2-786692019	Hightower Managed	1231 FINE SAINT, NEWPORT, TN	US
S2-984236088	Tapia Custom Co Services	4417 1/2 20, DEVILS LAKE, ND	US
S2-490129592	Krishna Care Public Limited	DOOR NO 402/5 , NTI HOUSING CO- OPARATIVE SOCIETY LTD KODIGEHALLI, BANGALORE, Karnataka	India
S2-564909592	Visva Services Private	PLOT NO #5 , H NO 33-118/2, OFFICERS COLONY R K PURAM, SECUNDERABAD, Telangana	India
S2-828414109	Pipefitters Union Local No 372  Ltd	3223 WILD CHERRY RDG, MISHAWAKA, IN	US
S2-539224471	FN HROIZN BEST	11376 COAL CREEK HEIGHTS DR, GOLDEN, CO	US
S2-412242992	PHOENIX  DEVELOPMENT PRIVATE LTD	DOOR NO 94 906, RAJ GARDEN AVENUE, VIKAS GRUH ROAD, PALDI, AHMEDABAD, ગુજરાત	India
S2-147279513	DJ-Skill Limited	14-L, FLOOR-6TH, 3, NAV JEEVAN SOCIETY, MUMBAI, Maharashtra	India
S2-686250076	Garcia Fresh Recruiting Recruiting [LP]	NC, 1847-A 26TH STREET DR, HICKORY	US
S2-413674846	ETTA, LECLERC, D.O.	25 HARVEST LN, KALISPELL, MT	US
S2-838267419	Dermatology Médicine LLC	1051 VAN BUREN AVE, INDIAN TRAIL, NC	US
S2-929418612	PVT FORTUNE INVENT LTD	A-2/26-E GOKHALE HAL STREET, SIVAGANGAI, SIVAGANGA, Tamil Nadu	India
S2-339342776	Bouck & Baggett Aria Llc	1505 WILDROSE, BELVIDERE, IL	US
S2-336622602	FDN Natural Infratech Private  Limited	West Bengal, NO 57 C/O MIRAZUL ISLAM, BADARAIT PO MIRHARTI, NOAPARA	India
S2-559450879	Aditan Center  Financial	PLOT NO. 41, GF, PKT-1 SEC-22, ROHINI, NEW DELHI, Delhi	India
S2-72804007	Thoothukkudi Tradex Company	26A/1A , BRYANT NAGAR VIII, THOOTHUKKUDI, தமிழ்நாடு	India
S2-628606799	ANCHOR BÁIN LLC	216 CLAYTON SAINT, MONTGOMERY, AL	US
S2-122537832	Z+ Southern Corp	45 SANIT JAMES ST, WEST HARRTFORD, CT	US
S2-197059491	GZ Industrial  Partners Ltd	316 JESSUP GROVE CHURCH RD, PILOT MOUNTAIN, NC	US
S2-257620102	Q5ALL.COM	731 380, VINEYARD, UT	US
S2-281726052	DRAYOVA VÍI INC.	109 Hopper Canyon Rd, FILMORE, CA	US
S2-242236115	Korcalo	306 MECHERLE DR, BLOOMINGTON, IL	US
S2-681290754	Demetris's Enterprises	IL, FOX LAKE, <NULL>, 31 PISTAKEE LKAE ROAD	US
S2-463694899	BROWSE WIND  PRIVATE	उत्तर प्रदेश, FIRST FLOOR, 3544 SARAFA BAZAR, KOSIKALAN	India
S2-92398297	Dermatology Associates of of Oxnard Inc	##551 CEDAR STREET, CITY OF OXNARD, CA	US
S2-69471936	Dowd Rocky Advisors LLC	1157 HALEE LN, ASHLAND, KY	US
S2-715773823	Sri @perfectbrothers	C/O DAUDAYAL RAMCHANDRA RATHI BUDDHA MARG, KHACHRAUD, Madhya Pradesh	India
S2-350510941	SDASSOCIATES.COM	47379 TOMAHAWK DR, PMB 3467, MIDDLETON TWP, OH	US
S2-418968185	JXW Spade,	PINE BLUFF, 3209 11TH AVENUE, AR	US
S2-279481119	Aguirre Inc Digital	131 AGNEW ROAD, MOORESVILLE, NC	US
S2-473027733	Oncology  Specialists	14290 OLDFIELD AVENUE CT, OAK PARK HEIGHTS, MN	US
S2-564151053	Tejaksh Fashi0n Fashion Partners Corporation	B-D/403 FLYING COLORS CHSL D.D. UPADHYAY MARG, LBS RO MULUND (W), MULUND, N/A, Maharashtra	India
S2-738835616	LLC MARTIN MIDWEST CADENZA EASTGATE	3041-B CATALPA CT, REDDING, CA	US
S2-873175347	L.L.C. Miller Animal Hospital	1892 63RD AVE, TACOMA, WA	US
S2-18940088	M/s Blue Solutions Private	C/O DESHRAJ YADAV, REWARI ROAD KANINA, MAHENDRAGARH, Haryana	India
S2-971061365	willow.com	9 Hallihan Ln, ANSONIA, CT	US
S2-869028410	Rosalind B. Hernandez, DPM LP	15-17 QUINCY CLOSE, RIDGEFIELD, CT	US
S2-836505568	Legacy  Pharmaceuticals LLC	2404 RIO GRANDE DEL SOL CT, ALBUQUERQUE, NM	US
S2-621237319	Coastal College	3745 MENLO RAD, CLEVELAND, OH	US
S2-564766778	Cho, Han & Ayala Resources Inc	142 FLORA LN, OXNARD, CA	US
S2-137300169	Ayodhya Private Brothers Limited	A-G-3/37, UPSIDA INDUSTRIAL AREA, SIKANDRABAD, Uttar Pradesh	India
S2-577328632	Services Gulf Co	21 SCENIC VIEW LANE, <NULL>, SLANESVILLE, WV	US
S2-22402327	Behavioral Health Care	145 BLEVINS ST, ASHLAND, KY	US
S2-600369526	SANCHEZ MANAGED CORP	CHICAGO, 06522 Greenwood Avenue, IL	US
S2-320697771	ইস্টার্ন ভিশন ফুড প্রাইভেট লিমিটেড	NO 0032 NAYABAZAR SARIA BHAWAN SILIGURI, DARJEELING, CALCUTTA, West Bengal	India
S2-108633391	LLC Helios	264 BONITO LANE, LOS LUNAS, NM	US
S2-383868440	Lynx Cayman	WEST TURIN, NY, 5543 CROFOOT HILL ROAD	US
S2-636908995	Gold Management Solutions	6/27 JHARERA VILLGE, DELHI CANTT, दिल्ली	India
S2-440355144	ENCLAVE IRG LIMITED	10, RAKESH DEEP BUILDING, YUSUF SARAI COMMERCIAL COMPLEX, GULMOHAR, ENCLAVE, Delhi	India
S2-215872770	B L Ibrahim Pinleine, LLC	2805 MATSU LANE, OPELIKA, AL	US
S2-475286839	M/s Ss Healthcare Automobiles Private (Ltd)	NO.34 & 14, FLAT NO.3, KRISHNAPPA STREET 2ND FLOOR PURASAWAKKAM, Tamil Nadu	India
S2-108148444	Private Janhavi Traedrs Limited	S-062, GURGAON, Haryana	India
S2-922712876	BLUE CONSTRUCTION	C-6/298, C BLOCK YAMUNA VIHAR, DELHI, दिल्ली	India
S2-669684488	GROSS'S MEDICAL	608 VIEW PARK DR, KNOXVILLE, TN	US
S2-469272313	સિટી વેન્ચર્સ લિમિટેડ	Gujarat, RAJKOT, RAJLAXMI COMPLEX 16 VIJAYPLOT GONDAL ROAD, RAJKOT	India
S2-906800948	Lais Ctbdre	1448 BOWERS STORE ROAD, SILER CITY, NC	US
S2-103136730	@arielasrapid	4430 26ND AVENUE, LACEY, WA	US
S2-321840974	limited dreamview brothers	CHANDRAMUKHI BASEMENTNARIMAN PINT, MUMBAI, Maharashtra	India
S2-815876096	Skyline Advisory Private Limited	HOUSE NO. ##1184, SECTOR 5, URBAN ESTATE, Haryana	India
S2-71951075	holyisrael.com	8TH AVE, LA GRANGE, IL	US
S2-450182770	RH SARATOGA (INC)	3800 WILLOW STREET, AMAIRLLO, TX	US
S2-265132294	Sri Gn-Traders Private Limited	C/O SHEO DHANI GUPTA, GHAZIPUR, Uttar Pradesh	India
S2-240346749	Bowles and Wetherell	18331 83ST PLACE, KENMORE, WA	US
S2-90905755	One Ventures		India
S2-995805491	Womens of-Specialists Health Powell LLC	2408-2410 BAINBRIDGE WAY, POWELL, TN	US
S2-254094200	सनराइज ग्रेट इंटरनेशनल प्राइवेट लिमिटेड	VI BALAPURA, TORDI, TONK, राजस्थान	India
S2-192310003	Prívate Evo Solutions Limited	P 9-1301 CELEBRITY GARDEN, LUCKNOW, Uttar Pradesh	India
S2-106704991	PEDIATRIC DENTISTRY CLINIC OF ELOY INC	117 La Siesta Drive, ELOY, AZ	US
S2-644118595	Physical Therapy Medicine of Millbrook Ltd	MILLBROOK, ##3443 SANDTOWN ROAD, AL	US
S2-94580943	Super  Co Service	T-B3/2A-73, SAHYOG APARTMENT, SECTOR-6, VIDHYADHAR NAGAR, JAIPUR, Rajasthan	India
S2-992160407	Benett, Coralyn Northland Center	151 SEVENTH ST, OYSTER BAY, NY	US
S2-803043269	सनराइज टेक्नोलॉजी इलेक्ट्रॉनिक्स प्राइवेट लिमिटेड	SNO.84/3/17, PUNE, Maharashtra	India
S2-385599233	Community  Institute Inc #53846	115 BLACKBURN PLACE, CITY OF VENTURA, CA	US
S2-458966725	Pvt Kolkata India Ltd.	#77 CHITTARANJAN AVENUE, KOLKATA, BARDHAMAN, West Bengal	India
S2-852127544	Allied  Program Clinic Corp	3321 OCEAN DR, PMB 5718, MANHATTAN, KS	US
S2-928217268	MCGEHEE ADR,	204A 5TH ST, PMB 6881, CUSHING, TX	US
S2-328839598	consolidatedagriculturalinnovations.com	58 CLIFTON AVE, KINGSTON, NY	US
S2-678787749	Reilly (Sterling)	TUCSON, AZ, 4906 HAWNHORNE ST	US
S2-89739845	PRIVATE NANMA PRODUCTS (INDIA) LIMITED	H.NO 808, 8TH FLOOR, BELGIUM TOWER FALSAWADI, DELHI GATE, SURAT, Gujarat	India
S2-580755798	Ferran Laonn	3200-3202 BERINGER LANE, FLAGSTAFF, AZ	US
S2-459509000	Kuhn, Harris and Dodd	914 Elm St, MANDAN, ND	US
S2-626372492	Shaw Clinic Grupo	043 GRANT AVENUE, ISLIP, NY	US
S2-135452999	Brunson Motors Care	147 Reservoir Road, LENOX, MA	US
S2-705144353	Office of Veterans Affairs Inc	FORSYTH, MO, 356 FELKINS AVENUE	US
S2-635941056	Commune Ventures Corporation	C-##72, MIDC WALUJ, N/A, Maharashtra	India
S2-209266382	-- techtrading.com	SCO B3/40 ROYAL ESTATE, MOHALI, ZIRAKPUR, ਪੰਜਾਬ	India
S2-281297462	Quezada Co Service	4386 SHELBURNE ROAD, SHELBURNE, VT	US
S2-497910474	Williams Worldwide L.L.C.	504 WASHINGTON AVE, GREENVILLE, OH	US
S2-478932268	सुपर ड्रीम डेवलपर्स प्राइवेट लिमिटेड	TOWER B, ANSAL PALAM CORPORATE PLAZA, BLOCK C, PALAM VIHAR, Haryana, GURGAON, OFFICE NO TF-438, GURGAON	India
S2-162024554	অরিহন্ত ইনভেস্টমেন্টস প্রাইভেট লিমিটেড	5 CLIVE ROW 3RD FLOORR NO 73 P S BURRAH BAZAR, KOLKATA, CALCUTTA, West Bengal	India
S2-883871817	Carnac Bunder-Services Private	507, VYAPRA BHAVAN, P.D' MELLO ROAD, CARNAC BUNDER, null, Maharashtra	India
S2-701810876	Public Grs Foods Enterprises Ltd	DOOR NO: 2/1040, COCHIN, ERNAKULAM, Kerala	India
S2-98256841	FSQ IHEARTMEDIA WESTGATE	4831 EARLL DR, PHOENIX, AZ	US
S2-547736314	Lorinda Salceda Better	1255. AMARANTH DRIVE, NAPERVILLE, IL	US
S2-877730862	हाईटेक इंफ्रा प्राइवेट लिमिटेड	59, BHAKTAVAR RAM NAGAR, INDORE, Madhya Pradesh	India
S2-406165292	हाई टेक्नोलॉजी	P-1/A8, POCKET-P DILSHAD GARDEN, DELHI	India
S2-763644181	Limited Bid Focre	9/1 COMMERCE HOUSE CUNNINGHAM ROAD, BANGALORE, Karnataka	India
S2-985931080	CHANG  AUTOMOTIVE LLC	AR, LAVACA, 40 HWY 96	US
S2-520934642	lambethglobalcitigroup.com	##11734 Lobeck Lane, RICHLAND CENTER, WI	US
S2-882712790	Modern Genomic Ltd Labs	SACRAMENTO, CA, GREENHAVEN DRIVE	US
S2-777733522	RTV Mmhans LLC	4306 STONECOTTAGE PL, LOUDOUN COUNTY, VA	US
S2-537989825	DINAEX ALL IMPERIAL CORPORATION	113 Erwin St, NC, MORGANTON	US
S2-517673876	Rajendranagar  Services Private Limited	#4-26-79/1/3/15 , SULEMAN NAGAR, CHINTALMET, RAJENDRANAGAR, Andhra Pradesh	India
S2-699959179	Womens Health Clinic  LLC	580 172 ST, NE WYORK, NY	US
S2-774486892	RED HAIR STUDIO CORPORATION	1607 WOODLAND RIDGE RD, CITY OF WAUSAU, WI	US
S2-982152687	Sarene Davis Renaissancere	1107 OWL DRIVE, GILBERT, AZ	US
S2-126322777	Caar Ngl LP	77 MASON ST, ROCHESTER, NY	US
S2-54053722	Everbright Motels Private Limited	NO 73 UNIT NO FL-C, BLOCK NO-5 23/1 &23/1/1 KHUDIRAM BOSE SARARI DUMDUM, KOLKATA, KOLKATA, পশ্চিমবঙ্গ	India
S2-262004809	Painting Austin's Córp	636 WHARTON DR, SEYMOUR, TX	US
S2-854320935	ROGERS, CASTANEDA AND BROWN BITWISE  LLC	1608 OLD US HWY 40, COLUMBIA, MO	US
S2-345025523	CHIROPRACTIC MEDICINE LP		US
S2-792929142	CLASSIC CUSTOM ASPAC LLC		US
S2-985113991	Piedmont Clear Century Ínc.		US
S2-92930402	Sedyne	FREEDOM, IN, 878B BYERLY ROAD	US
S2-146465143	Dowling Superior Altisource	NICKERNUT AVE, REDMOND, OR	US
S2-545774154	TECHNOLOGIES BEAUTY CONNECTIONS INFRATECH PVT LTD.	ARAJI NO 102, SUDDHIPUR, SHIVPUR BYPASS ROAD, VARANASI, Uttar Pradesh	India
S2-250498762	यूनिक टेक प्राइवेट लिमिटेड	4-A- VIKAS CENTER104 S V ROAD SANTACRUZ (W), MUMBAI, महाराष्ट्र	India
S2-264177135	Software Glorious Travel Ltd	C/O RAJESH KUMAR THAKKAR, FN S #1 2ND F PN A 324, JAIPUR, Rajasthan	India
S2-433681744	Bay Alliance LLC	00225 MOSS VIEW ST, BOWLING GREEN, KY	US
S2-611180129	Transparent Private Solutions Limited	Gujarat, 0303, GHADIR APPARTMENT, PL 2655, PRABHUDAS TALAV, BHAVNAGAR	India
S2-87305212	firstgoldinfra.com	71 METCALFE STREET 3RD FLOOR, ROOM NO. 308, KOLKATA, KOLKATA, পশ্চিমবঙ্গ	India
S2-942224612	Drexdrex	C2/23C, NORTH 24 PARGANAS, West Bengal	India
S2-629206912	New  Life Chapel	6565 1/2 19TH AVENUE, PHOENIX, AZ	US
S2-498519744	ZELEVA	1135 WILLIAM FLOYD PKWY, BROOKHAVEN, NY	US
S2-636250576	Rg Holdings  Infratech	Maharashtra, 5081, BHANDUP INDUSTRIAL ESTATE, PANNALAL COMPOUND, LBS MARG, BHANDUP WEST, MUMBAI	India
S2-153767532	Womens  Health Cascade Center LLC		US
S2-113309245	Clinic Atlnaituss Desert	3306 MCQUEEN DRIVE, DURHAM, NC	US
S2-176626181	DIVISION OF MOTOR VEHICLES SOCIETY	124. HEARNE CT, ANNAPOLIS, MD	US
S2-155816868	CHRIST-CHURCH	1078- JACKSON LANE, SHOW LOW, AZ	US
S2-26697701	RICHARD'S PREFERRED LOGISTICS ÍNC.	7016 CHANNEL VILLAGE CT, ANNAPOLIS, MD	US
S2-612198428	Rudrani Lenmn Partners	C-C-110, AASTHA HERITAGE, HAJI MALANG ROAD, KALYAN, KALYAN, Maharashtra	India
S2-739896305	M/s Nile Power-Pvt.-Ltd.	ಕರ್ನಾಟಕ, 163 , HSR LAYOUT SECTOR, 2(B DA), 1 HSR LAYOUT, BANGALORE NORTH	India
S2-129424752	Murphy Recruiting Inc	IN, TERRE HAUTE, 530 FITH STREET	US
S2-489866107	Lopez and [Rodriguez]	952 1804, MINEOLA ITY, TX	US
S2-185491939	Heritage Coalition of Henrico County Group	7943 TAMARIND DR, RICHOND CDP, VA	US
S2-598744511	Masoom-Services Services	Delhi, S-627, IIND FLOOR SCHOOL BLOCK, SHAKARPUR	India
S2-42078860	814-815 South Owners Corp.	21 LOVELACE RD, FOREST CITY, NC	US
S2-50503603	Urology Corp Specialists Integrated	68 Regwood Drive, BENNINGTON, VT	US
S2-256043546	Hannon Energy	TX, MANSFIELD, 2908 ST CHARLES DR	US
S2-742256834	Dublin Arts Project Project West LLC	6168 LAKESHIRE DR, DUBLIIN, OH	US
S2-263167047	Clementine Wilkinson, P.C. O.D.,	389 WOODLEY LN, HARDIN, MT	US
S2-810428605	Traify Inc	16201 CHATFIELD AVE, CLEVELAND, OH	US
S2-876264746	Surgical Ssescialists Group	631 MAIN STREET, HOOPSETON, IL	US
S2-982429617	CACADEMY.COM	705. MAHAKANT OPP V S HOSCITALELLISBRIDGE, AHMEDABAD, ગુજરાત	India
S2-489954521	DW Technosoft-Pvt Ltd	#15 RANI BRANCH ROAD, KOLKATA, West Bengal	India
S2-887441076	Downtown Auto Body!	2616-A 43RD STREET, ANKENY, IA	US
S2-214837895	BTB Spade P.L.L.C.	6425 WILKINSON BOULEVARD, BELMONT, NC	US
S2-220749359	सन इंफ्रास्ट्रक्चर लिमिटेड	#73 SPAZE IT PARK, TOWER B3, 4TH FLOOR, UNIT NO- 442-4, GURGAON, Haryana	India
S2-832913337	Davis and Ecrb1er LLC	40 HERCULES DR, COLCHESTER, VT	US
S2-383609200	empirecertifiedxrp.com	GADSDEN, AL, 101 FOX CHASE DRIVE	US
S2-590030347	ക്രിയേറ്റീവ് ബിസിനസ് ഫുഡ്സ് പ്രൈവറ്റ് ലിമിറ്റഡ്	Kerala, THIRUVANANTHAPURAM, AMBADI BHAVAN, VATTAPARA, NEDUMANGAD, 20/323(C), TRIVANDRUM	India
S2-788113479	Warren, Elliott and Love L.L.C. Services	2505 NEW CUMBERLAND RD, NEW PHILADELPHIA, OH	US
S2-250802246	Good Corporation	NO. 795 HOUSE NO.3, BINDAPUR VILLAGE POST OFFICE, D.K. MOHAN GARDEN, UTTAM NA, GAR, NEW DELHI, Delhi	India
S2-685414725	Arlina Burke Service	7819  GALLEON FIELD LN, CYPRESS, TX	US
S2-264720910	North Stardbut		US
S2-912094920	Abn Clinic	2ND FLOOR, EAST WING, CAMPUS 1A, RMZ MILLENNIA BUSINESS PARK, NO 143, MGR SALAI, KANDANCHAVADI, SAIDAPET, Tamil Nadu	India
S2-351678231	Prgvbae Blue Sweet Overseas Limited	#1537/1 SHAHEED BIHAR NEAR BBA UNIVERSITY, LUCKNOW, Uttar Pradesh, LUCKNOE	India
S2-97778172	Tri Emobility	తెలంగాణ, ASHIANA HOUSE NO. -4-697, KATTAL MANDI ABIDS, HYDERABAD, HYDERABAD	India
S2-655011870	MECHTECH SCIENCES	NO 058 , P.NO D1 KH.NO 40/7, 1ST FLR INDRAPRASTH CLY, DELHI, Delhi	India
S2-382953092	APEX FREIGHT COMPANY INC	15 CORCORAN LN, MA, CAMBRIDGE	US
S2-292769924	Incorporated Fresh Áustralia	CHARLOTTE, NC, 8016 PROVIDENCE COURT LN	US
S2-147442636	MASSIF CNLCI CORPORATION	#78 WARD NO.8, H. NO.1585/5, SANGALI ROAD ICHALKARANJI, HATKANANGLE, महाराष्ट्र	India
S2-60675195	Garcia,, Brinn D.D.S.	8488 FALKIRK RIDGE CORUT, WAKE FOREST, NC	US
S2-569448794	Western Gulf Fashion,	##119 MANOMET AVE, HULL, MA	US
S2-548598655	Marilin's Keystone Transport Midtown	94C DERICK DRIVE, FISHKILL, NY	US
S2-614955104	@béia	616 CREEK ST, SKIATOOK, OK	US
S2-306109968	Pvt PYS Scíences Ltd	GAT NO. 12/12B, NASHIK, MALEGAON, Maharashtra	India
S2-386430024	Urban Pizza Corp	SANDFIELD DR, AL, MONTGOMERY	US
S2-623327653	Pinkcity Nursing-Home Group	A-10, NALLATHAMBI ROAD, HINDUSTAN LEVER COLONY, PAMMAL, CHENNAI, தமிழ்நாடு	India
S2-878795478	लक्ष्मी बाबा इम्पेक्स प्रा. लि.	DOOR NO 8 12TH ROAD CIRCLE, JODHPUR, Rajasthan	India
S2-331353744	Wealthy Solutions Pdlfaet Limited	UNIT NO. 703, 704, AMBA TOWER, PLOT NO.2, COMMUNITY CENTRE, D.C CHOWK, SECTOR-9, DELHI, Delhi	India
S2-981531199	M/s Ss Construction Privte Limited	#904 , 'A' WNIG, PRISTINE FONTANA BUILDING S. NO. 22, BEHIND MARATHA MANDIR, BAVDHA, N KHURD, PUNE, Maharashtra	India
S2-22726394	Guerrero, Mcwi1liams and Keeton Jessamine Co	201 CANTER LANE, NICHOLASVILLE, KY	US
S2-902251978	Lower Universal	Main Street, RUSSELLVILLE, AR	US
S2-482400830	శివం బిల్డర్స్	FLAT NO. N1, HYDERABAD, Telangana	India
S2-620529504	BLUE ZEO INC	0231 LOCUST AVENUE, FAIRMONT, WV	US
S2-512366806	umedicine.com	FT. WORTH, 007529 AUBRAC WAY, TX	US
S2-201139434	શ્યામ એન્ટરપ્રાઇઝિસ પ્રાઇવેટ લિમિટેડ	SHOP NO. 2-3, SHALIMAR SHOPPING CENTRE, OPP. HOTEL PLAZA, BHARUCH, Gujarat	India
S2-212935889	Peper  Platinum Championsgate	4 1/2 POINCIANA PARKWAY, BUFFALO, NY	US
S2-957263226	फॉर्च्यून फाइनेंस प्राइवेट लिमिटेड	RS NO D/226, KOLHAPUR, महाराष्ट्र	India
S2-364955456	Continental Trust, Corp	8012 LAVERGNE AVENUE, BURBANK, IL	US
S2-236497328	HOLY CATHOLIC CHURCH CARE	1872 COTTONVILLE AVE, TOWN OF STRONGS PRAIRIE, WI	US
S2-674092319	westernbeacondefense.com	ND, 1519 32ND ST, FARGO	US
S2-890853862	Gehman Bsp	13 USFS RD 7150, ENUMCLAW, WA	US
S2-391006069	SMITH & MIEJA JAWS INC.	5 1/2 RUGBY CT, NOBLESVILLE, IN	US
S2-491557675	Delta All	3818 EVANS TRAIL CT, BELTSVILLE, MD	US
S2-502761127	Kolkata Global Private [Limited]	DOOR NO A-78 G C AVE2ND FLOOR ROOM NO 12, KOLKATA, পশ্চিমবঙ্গ	India
S2-312332865	Shri Association Computer Pvt	Telangana, B-52, INDUSTRIAL ESTATE SANATH NAGAR	India
S2-597890029	Rozalie Winters	161 STONY CREEK OVERLOOK, NOBLESVILLE, IN	US
S2-234015811	rcbeyond.com	31 WILSON STREET, NULL, ENID, OK	US
S2-76689435	garcia t0tal garden inc inc	5 STEVENS DR, LISBON, ME	US
S2-753869281	Preferred Chemical Inc Center	202 WINDSOR DRIVE, STILWATER CDP, OK	US
S2-449157251	Gulf Markehtgdn PC	2692 STONE CIRCLE, GENEVA, IL	US
S2-713791455	Grand Waneta's LLC Cleaning Service	2453 BOYSENBERRY ST, TN, BARTLETT	US
S2-380278590	Blálock, Emmaline Natural LLC	AUBURN PL, ELK RIVER, MN	US
S2-622525932	brightara debt, inc	5718-5720 SPENCER TER, HAMILTON, OH	US
S2-578694854	lNDIA VENTURES COMPANY	HN 941- G - 80, LOWER GROUND FLOOR LAJPAT NAGAR -1, NEW DELHI, SOUTH DELHI, दिल्ली	India
S2-963341382	Trading Mrr Line Public Limited	##696 C/O PLOT NO. D-81 MIDC, NAGAR, AHMEDNAGAR, महाराष्ट्र	India
S2-581223258	PKA Foudnn Limited	NO. 12/A, 2ND FLOOR 100 FEET RING ROAD J P NAGAR 6TH PHASE, BANGALORE, Karnataka	India
S2-308918430	Clean Restaurant	288 Goodman Ln, HELENWOOD, TN	US
S2-670416036	Kaveresh Fashion	DOOR NO 559 203, ZIPRA ARCADE, BUILDING NO 2, KUMBHARKHAN PADA, NR OM LAXMI LOTUS SOC, DOMBIVALI (W), KALYAN, महाराष्ट्र	India
S2-902510915	Limited Delhi Inbia	S.N. 2035, GROUND FLOOR, KATRA TAMBACOO KHARIBAOLI, NORTH DELHI, DELHI	India
S2-605856308	Great Institute VI Corp	##1092 24TH AVE, GOLDSBY, OK	US
S2-833660955	Sandoval-Rapid Biopharma LLC		US
S2-381830694	PORTLAND, OF (TOWNSHIP)	5805 MILWAUKIE AVE, PORTLAND, OR	US
S2-956202605	Barrett Ínc Services	807 GRANDE OAKS DR, HAMILTON TWP, OH	US
S2-865227263	partners merritt alpha,	IN, NEWBURGH, 8436-8438 CHESTNUT DR	US
S2-311455014	Frontier Patriot Mo1ecular Inc	0240 CEDAR LANE, CLARKSVILLE, AR	US
S2-170387867	Ear Nose & Throat Empire Care	553 HELENE STREET, GAITHERSBURG, MD	US
S2-503739281	Oriana Group  Exports	B3/91 C/O CITY CAN H OPP, KALASH MANGAL OSMANPURA, AURANGABAD, Maharashtra	India
S2-904976607	INC RODRIGUEZ SÉNECA	Camargo Hts Drive, CAMARGO, KY	US
S2-469277315	Alderfer Mares, & Lsree Central	12 LASALLE RD, OAK RIDGE, TN	US
S2-452241176	ZV Horizon Systems Inc	300 HADAWAY DRIVE, CHESTERTOWN, MD	US
S2-258103174	Hudak & Transue Clinic  Corp	528 1/2 FOREST OAKS DR, HOUSTON, TX	US
S2-185369281	MONTIFY DAVE [INC]	1644A HIGHWAY 304, CASA COLORADA, NM	US
S2-359968183	Nexelle P.C. Construction	31 HILLCREST HEIGHTS, LEBANON, CT	US
S2-857590594	ABY  PHARMACEUTICAL PRITVATE LIMITED	null, Andhra Pradesh, 86-13/3/8 BALAJI ENCLAVE SHIRDI SAI MARG, RAJAHMUNDRY	India
S2-173555266	Dique	3120 JOHN OLSEN AVE, HILLSBORO, OR	US
S2-46197024	Sarvasiddhi & Sons Pvt  Ltd	NO 16-12-71/C HOSPITAL ROAD, PEDDAPURAM, Andhra Pradesh	India
S2-462918225	Valley Drilling Partners	338 FRANKLIN DRIVE, PETERS TOWNSHIP, PA	US
S2-195262947	CORP WALKER CARDIOLOGY	OR, 3498-3500 BROOKWOOD AVENUE, HILLSBORO	US
S2-938952817	DIDO JOHNSON AFFILIATED LLC	0012 MEETING HOUSE LN, null, SCITUATE, MA	US
S2-776379759	Jewett  Telefonica	00324 TIMBER RIDGE DR, LEXINGTON, NC	US
S2-381530089	Lotus Eneierng Private Limited	PLOT NO. F-13/14, NAVAPUR NANDURBAR, MAHARASHTRA, NAVAPUR, Maharashtra	India
S2-241349919	Highland Charities	77 MONTAUK HIGHWAY, BROOKHAVEN, NY	US
S2-417860322	Walker Muniyield  LLC	CHERRYVILLE DR, SANDY, OR	US
S2-472574606	MO Lifecare Public Limited	HILL RIDGE SPRINGS BLOCK:13, FLAT NO. 401, GACHIBOWLI, ISB, ROAD, HYDERABAD, Telangana	India
S2-411093566	BRUNSWICK HEART PRÓJECT LTD	51 WENNER DRIVE, BRUNSWICK CITY, MD	US
S2-734183474	Akhil (India) Infra	B-##10, GREATER KAILASH, ENCLAVE PART-1, NEW DELHI, Delhi	India
S2-936066675	LLC Workman Cómpléte Bancorporation	CEDAR CRESCENT DRIVE, BAYTOWN, TX	US
S2-70702077	लक्ष्मी कंसल्टेंट्स प्राइवेट लिमिटेड	A-301, NEW SAI DHAM CHSL, RAMDEV PARK ROAD, THANE, Maharashtra	India
S2-291052369	... PIPEFITTERS UNION LOCAL	6 BICKNELL STREET, KITTERY, ME	US
S2-27647867	Holy-Israel	255 SUNSET DRIVE, CORNING, NY	US
S2-109400797	Pesona Inelaatinoaml LLC	MT, POLSON, 39230 Lakeview Ln	US
S2-759759864	BLACKINFRA.COM	PLOT 412 OPP.OLD BPCL PETROL BUNK ROAD NEAR KSRTC BUS STAND SHIDLAGHATTA, CHIKKABALLAPURA, Karnataka	India
S2-602734946	New Delhi Iternational Pvt Ltd	OFFICE NO.-308 , 3RD FLOOR AKASH TOWER PLOT NO.-2, SAVITA VIHAR MARKET, DELHI, NEW DELHI, Delhi	India
S2-484681912	[LLC] LUCAS GLOBAL VIEW	##3270 FRANKFORT FORD RD, WILMORE, KY	US
S2-150090208	brittbestwillow.com	TORONTO AVENUE, PRIOR LAKE, MN	US
S2-237089843	Heartland Alliance Co	1105 Bruce Ave, SPRINGFIELD, MO	US
S2-417182588	Physical Therapy-Care-Associates	ZACHARY, LA, 3419. CHERRY ST	US
S2-572884238	Mah Enviro Private #19331	DOOR NO 1105 , S NO 69/1A/1A, BUILDING NO C2 GANGA SATELLITE WANAWADI, PUNE, Maharashtra	India
S2-463146764	Delta Montessori School LLC	CA, 2993 SEMINOLE WAY, SACRAMENTO	US
S2-800235524	Freeman and Wise	5006  WATER VIEW BEND, SUGAR LAND, TX	US
S2-928779091	Education Network		US
S2-929688638	HISTORICAL GUILD CLINFC GROUP	124- 1TH STREET, STARBUK, WA	US
S2-583867642	American Construction Corp	2571-B 219, WALLINS CREE CITY, KY	US
S2-895413674	Tetra Innaia Private  Limited	PLOT NO H-918 IST FLOOR PANCHASAKHA NAGAR, NEAR ITER COLLEGE SHIV MANDIR, BALIANTA, Odisha	India
S2-95380282	Vargas, Claire Maritime (Inc)	650 Ratliff Mitchell Road, HORSE CAVE, KY	US
S2-501525613	Keystone Total Hyperliquid of El Of City [Paso]	406 LOMALAND DR, CITY OF EL PASO, TX	US
S2-117299993	भारत प्रोड्यूसर मेडिकल्स	Madhya Pradesh, SURVEY NO. 211/12 OPPOSITE SECTORC, AND METALMAN, SANWER ROAD, DEPALPUR	India
S2-221774087	Spa  Nursing Home Ltd		India
S2-916583778	Snack Private Limited Services	SH NO 2 C/O. RAJES TRADER, KUVADVA RD NR SIDNATH TRA, RAJKOT, ગુજરાત	India
S2-53627109	Global Finance Private	H. NO. - 18/6, DUDA COLONY HAIWAT, MAU MAWAIYA, RBL ROAD, LUCKNOW, उत्तर प्रदेश	India
S2-827513427	Knack  Conlelse	DOOR NO 683 OFFICE 310 SHREEYA AMALGA, AVALON HOTEL CROSS ROAD, AHMADABAD CITY, Gujarat	India
S2-843504746	Crystal Petroleum Inc	DC, 2613 13TH SAINT, WASHINGTON	US
S2-418222556	The Pediatric Dental Group	452 ADAMS AVE, LEBANON, TN	US
S2-394585489	Keystone Ace  Usa	34980C AVENUE E, YUCAIPA, CA	US
S2-398406191	MANIKCHAND (INDIA)  PRIVATE LIMITED	H.NO 800 SADHIGRAM SHOPING CENTRE OPP-KHATRAJ GAM BUS STAND, KHATRAJ, KAL, OL, GANDHINAGAR, GANDHINAGAR, Gujarat	India
S2-637837907	Tower  LLC	160 PERSON-SNEED, KITTRELL, NC	US
S2-962443507	Gravure Brothers	बिहार, HN 898 C/O- INDRADEO PRASAD, VILL- HEMRA TOLA RAJA DUMRI, KHATOPUR, PO-MIRZAPUR BANDAUR	India
S2-402625653	Hughett Miller Inc Center	KY, 2660 Royal Ct, BOWLING GREEN	US
S2-344418936	Services Savita Buildwell Exports Private Limited	B-120, 4TH FLOOR, DDA SHEAD, NEAR ROAD, NEW DELHI, Delhi	India
S2-686940353	BANGALORE DEVPOFERS PRIVATE LIMITED	DOOR NO 20 , 1ST FLOOR, 3RD CROSS, DOMINEK LAYOUT, VIRGONAGAR POST, K R PURAM, BANGALORE, Karnataka	India
S2-987157703	Gnana Jaggery Pvt.	L-61, SHASTRI NAGAR, MEERUT, Uttar Pradesh	India
S2-138012741	INSTANT INFRATECH SALON PVT LTD	HN 066 F-25. SECTOR-15. NOIDA, NOIDA, Uttar Pradesh	India
S2-112894591	Goar Stone Llc	210 WOOD RIDGE COVE, CEDAR PARK, TX	US
S2-543086165	Primary  Care Clinic	EPPS FIELD ROAD, FARMERS BRANCH, TX	US
S2-26391501	Caldiq Sanandsder LLC	1316 1/2 LAKE SHORE DRIVE, CROWLEY, TX	US
S2-249548718	Green, Speed & Graves, L.L.C.	803-B 7TH AVE, AUSTIN, MN	US
S2-638602004	supremeit.com	Delhi, A1/291SAFDARJUNG/5 ENCLAVE, NEW DELHI	India
S2-33213362	Pillai, Gibson and Sohn  Couriers Coastal Corporation	329 COMMERCIAL ST, BOSTON TOWNSHIP, MA	US
S2-516292148	लाइफ मैनेजमेंट लिमिटेड	NO 5-762 E-6, EXT. ADARSH SHOPING CENTER, NEAR KHAN FURNITURE, AZAD NAGAR, GANGWA ROAD, HISAR, Haryana	India
S2-749019484	CORP DYNAMIC MOBILITY BRANDS	207 BARRY ROAD, DYERSBURG, TN	US
S2-605497584	brightprimecross.com	256B VANCE STREET, RAWSON, OH	US
S2-609176450	कृष्ण फाइनेंस	BLD.B FLAT-403, PUNE, महाराष्ट्र	India
S2-834317317	Mumbai Solutions Porilvdae Limited	72-A, 7TH FLOOR, SARNATH BUILDING, SOPHIA COLLEGE LANE, CUMBALLA HILL, BREACH CANDY, MUMBAI, महाराष्ट्र	India
S2-889657445	Lower Dental LLC	528 1100, SALT LAKE CITY, UT	US
S2-713594772	ಡಿಜಿಟಲ್ ಕನ್ಸಲ್ಟಿಂಗ್ ಪ್ರೈವೇಟ್ ಲಿಮಿಟೆಡ್	NO 999 FLAT G-1 GREENDALE, BENGALURU, KARNATAKA	India
S2-644836329	*** HOYER KLAUS AND ALBA HIGHLAND	26 SEVENTH ST, WOODWARD, OK	US
S2-213742716	private rajpura siddhi group limited	#85, PATIALA, RAJPURA, Punjab	India
S2-598290909	24HR  Fitness	188 ECHO ROAD, WV, SUMMERSVILLE	US
S2-326167356	Ramey For Center	##7808 MIDDLE GRAVE CREEK ROAD, MOUNDSVILLE, WV	US
S2-582240916	COIMBATORE NORTH TRADERS PRIVATE LIMITED	9/3A1, VASANTHAM NAGAR, COIMBATORE NOTH, தமிழ்நாடு	India
S2-974643076	PWP	OFFICE NO. 39, PUNE, Maharashtra	India
S2-669578860	Dex Ventures (Limited)	DOOR NO 10-15-730- , AZIZUDDIN ROAD, BUNDER, MANGALORE, ಕರ್ನಾಟಕ	India
S2-874577395	પાયોનિયર બિલ્ડર્સ એલએલપી	S-264 2 P-8 AND 10, OPP.GEB NH8, BHACHAU, KACHCHH, ગુજરાત	India
S2-930314889	Jillayne Mssobiler Preferred Business Valley Group	10443 142TH STREET, KIRKLAND, WA	US
S2-859117545	PV Consultancy Exports Pfiovrmte Limited Limited	DOOR NO 165B , JANAK MARG, SIRSI ROAD, HANUMAN NAGAR EXTENSION, SIRSI, JAIPUR, राजस्थान	India
S2-11245555	ZIEX-VIKING CENTER INC	##517 JOHNSON ST, NEW BERN, NC	US
S2-160114179	Royal Digital LLC Center	4186 ELLISON ROAD, SOUTH EUCLID, OH	US
S2-669417354	Dr GOOD AGRO PRIVATE	ಕರ್ನಾಟಕ, V- 28, PEENYA 2ND STAGE NELAGENDRANAHALLI, BENGALURU	India
S2-351039248	Carh Primary Preferred Center	2303 PINEFIELD RD, WALDORF, MD	US
S2-985315508	Shri devotedinternationalschool.com	GALA NO. #5 , GROUND FLOOR, BLISS INDUSTRIAL ESTATE NO. 2, GAURAIPAD, A, VASAI EAST PALGHAR, Maharashtra	India
S2-313073156	Tejjya Application Corp	DOOR NO 37-A PAIS STREETOFF BYCULLA STATION RD BYCULLA W, MUMBAI, Maharashtra	India
S2-255195922	Mount Bapfist Church Group	2162  HEARTHSTONE AVE, YORKVILLE, IL	US
S2-715121852	EMPIRE TRUST V	1302 BRIGHTON CREST DR, OFALLON, MO	US
S2-880354087	Brown Alloys	SH28-, ROLEX SHOPPING CENTER, 825 929 B, STATION ROAD, NEAR PRASHANT HOTEL, GOREGAON (WEST), GOREGAON WEST, null, महाराष्ट्र	India
S2-857374013	Ur India Pvt Ltd	1444 EKTA NAGAR SANGAM VIHAR KP ROAD, LUCKNOW, Uttar Pradesh	India
S2-549413959	ANNAMARIE TRÁUTMAN, ESQ., PC	1608 KANSAS AVENUE, ROSWELL CITY, NM	US
S2-839336943	LITERACY  FELLOWSHIP	26  PRAIRIE ST, BOSTON, MA	US
S2-604105843	THE RÁPID TAVIA LLC	806 APPLE STREET, GIBSONVILLE, NC	US
S2-147653685	U 2 Express Calamos Inc	1582 PADANARAM AVENUE, NEW BEDFORD, MA	US
S2-33335721	AGUILAR'S CAFE,	735 254TH STREET, EUCLID, OH	US
S2-550339343	Yamutech  Chemicals Private Limited	22-4-62/1D, ESHWAR TOWERS, REDDY GUNTA, TIRUPATI (URBAN), Andhra Pradesh	India
S2-25051562	CHAU, MYHAND & ATKINS	27049 STAR GAZER WAY, SPPRING, TX	US
S2-362337799	Cook Solid Partners	ME, EAST MILLINOCKET, #26 BEECH STREET	US
S2-112515544	Yip Flexible	23 BREWSTER ST, PROVINCETOWN, MA	US
S2-846156938	Ward, LLC L.C.S.W., Nicolette,	915 FOREST DRIVE, null, SAINT CLOUD, MN	US
S2-717809662	LH Fincec Ltd	HOUSE NO. H-4 SHOP NO - 304 3RD FLOOR, VARDHMAN NORTH -EX PLAZA NETAJI SUBHASH PLACE, DELHI, Delhi	India
S2-430978261	eqcoastalmassage.com	11101 AVON AVE, CLEVELAND, OH	US
S2-657728311	Smt POPULAR &  CO	West Bengal, 8/1/B, DESHBANDHU CHITTARANJAN ROAD BUDGE BUDGE, KOLKATA, KOLKATA	India
S2-661942303	Dovalyra	362 CHESTER CENTER, CHESTER, IL	US
S2-614553980	Douglas, Mccarty & Shields Llc	5091D SHETLAND TRL, TN, ARLINGTON	US
S2-21799157	ಶ್ರೀ ಸಿಸ್ಟಮ್ಸ್ ಪ್ರೈವೇಟ್ ಲಿಮಿಟೆಡ್	PATIL GALLI, RAIBAG, BELGAUM, Karnataka	India
S2-540611555	Dr Matrix Pepteie Pvt Ltd	1201, ANGELICA, MAHINDRA EMINENTE, S.V. ROAD, NEAR PATKAR COLLEGE, GOREGAON, (WEST), Maharashtra	India
S2-238103729	FXN Design Associates LLP	DOOR NO 6-1-71 , ASHOKA HOTEL 4TH FLOOR, LAKDIKAPUL, Telangana	India
S2-549385986	Raj Modern (Producer)	महाराष्ट्र, 102 1ST FLR N. F.HERITAGE, BARKAT ALI VIRANI PATH, MUMBAI	India
S2-541190279	Mr INTERFACE PRIVATE GREEN LIMITED	5-12-1118/40, KODIALGUTTU, MANGALORE, Karnataka	India
S2-850720956	Infra Yaduvanshi Services Private Limited	472 523, AKOLA ROAD, AKOLA, AKOT (MCI), AKOT, Maharashtra	India
S2-284986233	HILL HOLDING COMPANY LLC	2575-2577 5TH STREET, LUMBERTON, NC	US
S2-284041712	Youth A1lbsnboce		US
S2-838800042	Investments Infrastructure Private Ltd Ltd	BUILDING NO: X/B3/1346 PATHIRAPALLY.P.O, PATHIRAPALLY, Kerala	India
S2-166871057	wood, dawn, d.c.		US
S2-891653500	PEDIATRIC DENTAL-CARE CORPORATION	6916 1/2 STANDISH DR, HYATTSVILLE, MD	US
S2-147351634	Platinum Learning LLC Center	189 PARKSTONE DRIVE, FRAZIERS BOTTOM, WV	US
S2-801276530	-- Pediatric Detal Associates	532 MONTAUK HWY, EAST HAMPTON NORTH, NY	US
S2-484087866	EYEPHYSICIANSCOM	71 PEAR ST, ARKANSAS CITY, KS	US
S2-796794631	Virtbx LLC	755-757 BIRCH AVENUE, UPLAND, CA	US
S2-987814820	happybookstore.com	741. WEIDNER ROAD, BUFFALO GORVE, IL	US
S2-449918543	NAGICA SYSTEMS PVT LTD	NO. G-56C , NAREN COMPLEX, NACHIYUR, GETTUKADAI, TIRUCHENGODE, தமிழ்நாடு	India
S2-410038259	HERITAGE FUND-LLC	231 UNIVERSITY CT, RALEIGH, NC	US
S2-455896845	Smt EAGLE  BLHT LTD	60/1B, ATHIPALALYAM ROAD CHINNAVEDAMPATTI, COIMBATORE, தமிழ்நாடு	India
S2-490011537	Ga Charitable Trust Corporation	CORPORATE HOUSE 1 GROUND FLOOR, ADANI SHANTIGRAM, GANDHINAGAR, Gujarat	India
S2-827179500	Falcon, Llc	118 FARMER RD, ROCKFORD, TN	US
S2-231536956	Safe Frontier  Onfolio	#2612 EAST AVENUE, BERWYN, IL	US
S2-864258832	Sri Thirumala [Technologies]	#452 AT WASHI, TAL WASHI, OSMANABAD, Maharashtra	India
S2-144430316	BASTION CORPORATION	KOUNTZE, TX, 805 DALE STREET	US
S2-568344413	Ziranth  Tours Pvt Ltd	C-#1 MIHIRAYS MANSION, JAI MAA PURAM 2 TILI ROAD, SAGAR, Madhya Pradesh	India
S2-363147141	Georai Foods Pvt.  Limited	DOOR NO 593 SR NO. 3206 SEWALAL NAGAR, GEORAI, Maharashtra	India
S2-624972052	Pierce, Mimri Esq. Holdings	1511C JEFFERSON AVENUE, CLIFTON FORGE TOWN, VA	US
S2-885218742	INFRASTRUCTURE INSPIRIT PACK LTD	HATALAGERI BUILDING, OPP. J.T.COLLEGE, GADAG-G-1, DHARWAD, Karnataka	India
S2-307706648	Super Miecal Centre Company		India
S2-349002806	Vizcarra Works Metal Continental LLC	DUNN AVE, CRAWFORDSVILLE, IN	US
S2-286519202	वन केयर प्राइवेट लिमिटेड	203, KUBER APTS., JOSHI ALI, Maharashtra, PANVEL, MUMBAI PANVEL	India
S2-342294012	better marketing union company	00207 LETCHER STREET, HENDERSON, KY	US
S2-119853946	Twisted  Pilates!	0125 HUENEFELD LN, PO BOX 253, ROUND TOP, TX	US
S2-192464645	राम पावर जनरल	NO 15 REAR SIDE, GROUND FLOOR, PLOT NO. 1 1, BLOCK-14, SPRING FIELD, FARIDABAD, SECTOR-31, Haryana	India
S2-144625057	Shantidoot  Sangh	NEVILLE HOUSE JN HERDIA MARGBALLARD ESTATE, MUMBAI, Maharashtra	India
S2-385355499	New Castle Community Golden Center Co	823 20TH STREET, NEW CASTLE, IN	US
S2-324277514	డిజిటల్ ప్రొడ్యూసర్ ప్రైవేట్ లిమిటెడ్	8-2-11-9/1, VIDYUT COLONY, 7TH STREET, RAJAHMUNDRY, RAJAHMUNDRY, EAST GODAVARI, Andhra Pradesh	India
S2-895505638	Mr blackbusiness.com	FIRST FLOOR B-4 HARI BHUVAN, ZAVER ROAD, MULUND WEST, MUMBAI, Maharashtra	India
S2-813795674	G+ Properties	001319 ARNOLD AVE, CANTON, OH	US
S2-422456538	Vasundhra  Sangh Exports	NO. 332 FLOOR NO.6, PLOT 110/112, GUTPA BHAVAN, DHANJI ST, MUMBAI, Maharashtra	India
S2-977025963	Happy Happy Bistro!	5TH AVE, SOAP LAKE, WA	US
S2-927510403	Raj Pvt-Ltd Services	10-4-771/3, FLAT NO-201, MAPHAR SHEELINGS APPT. SRI RAM NAGAR COLONY, MASAB TANK, HYDERABAD, Andhra Pradesh	India
S2-107089037	Immediate (India) Light Private Ltd	Gujarat, 301, KAMDHENU COMPLEX, OPP. SALES INDIA, B/H TORAN DINING HALL, ASHRAM ROAD, AHMEDABAD	India
S2-811868863	Covert Equipment	SPRING, TX, 3410-D LOST OAK DR	US
S2-718990095	Diner Uptown Holdings	N8261 850TH ST, RIVER FALLS, WI	US
S2-217922953	RAJAN SOLUTIONS	G-8 DELHI ROAD RITHANI, MEERUT, Uttar Pradesh	India
S2-941759992	PEDIATRIC LLC SERVICES	MN, NULL, 566 HAZELWOOD SAINT, ST. PAUL	US
S2-741676637	Winny's Interiors Group	7841 CONTEE ROAD, LAUREL, MD	US
S2-728037366	Scaleup Erectors Pvt (Ltd)	NEW NO.31A, CATHEDRAL GARDEN ROAD, NUNGAMBAKKAM, Tamil Nadu	India
S2-535624502	स्मार्ट ट्रेडिंग लिमिटेड	W/O MR. RAJIV JOSHI 44., NEW DELHI, WEST DELHI, Delhi	India
S2-93644887	Malik Spartacus L.L.C.	CA, CAMARILLO, 200 GLENN DR	US
S2-122328639	Santerre Cohen Wilkerson and and Inc	1510 5ST AVENUE, DES MOINES, IA	US
S2-427296377	Skc Co  &	DOOR NO 103 , MATHURA MAHAL 75, SHRI KRISHNA AVENUE PHASE-3, INDORE, Madhya Pradesh	India
S2-240833832	Infinity & Sons L.L.P.	164, GUJRANWALA TOWN, Delhi	India
S2-254160256	Jaipur Trading Holdings	NO 277 , VIVEKANANDA NAGRA COLONY KUKATPALLY, Telangana	India
S2-137825625	Surgical Care Llc	1445 4TH STREET DRIVE, HICKORY, NC	US
S2-694047799	Digital Global Private Limited	#2/5 SUNDERBAUG LANE, L.B.S. MARG, KURLA, Maharashtra	India
S2-670306219	KRITAM PVT LTD CENTER	HOUSE NO 24, GROUND FLOOR, BLK-GI LAWRANCE ROAD, DELHI, Delhi	India
S2-195071485	অল মিডিয়া এলএলপি	HOWRAH, H.NO ##6RD FLOOR, West Bengal, KOLKATA, N/A	India
S2-212965738	Zius Inc  Service	2803-2807 190th Trail, WOOODBINE, IA	US
S2-126372128	Vanguard LLC	6952 1/2 DATURA AVENUE, TWENTYNINE PALMS, CA	US
S2-491675548	Dv College Corporation	8-408 , THIRD FLOOR, SHOPPRIX MALL, SECTOR 5, GHAZIABAD, Uttar Pradesh	India
S2-930687881	PRINCE TRADING (INDIA) PRIVATE-LIMITED	J2(205), SAPOORJI PALLONJI SUKHOBRISHTI ACTION AREA III, NEWTWN, KOLKATA, KOLKATA, পশ্চিমবঙ্গ	India
S2-676778009	India Abhay (india) Corporation	A C BANERJEE, RG 002 COLLINS PATH SEC 2B BIDHANNAGAR, DURGAPUR, West Bengal	India
S2-646250632	Clr Consultants	PLOT 477/9 PANDIT NEHRU MARG, JAMNAGAR, Gujarat	India
S2-424031280	Lotus फूड प्राइवेट लिमिटेड	HN 139 ICSI HOUSE, 22, INSTITUTIONAL AREA, LODI ROAD, NEW DELHI, दिल्ली	India
S2-477213669	Kim LLC Spruce,	14 CAMPGROUND ROAD, BEAVEER DAMS TOWNSHIP, NY	US
S2-833661659	Indian Ibnfootfrehc Private Limited	Delhi, D-30, NIZAMUDDIN EAST	India
S2-6324875	Kedarnath Memorial Trust	VILL-SAFIPUR, H NO-14, NEAR PARI CHOK, GR NOIDA, A.G.NIODA, null, उत्तर प्रदेश	India
S2-547581166	VISI0N SPECIALISTS CENTRAL	12452 WHISPER HOLLOW DR, MARYLAND HEIGHTS TOWNSHHIP, MO	US
S2-533353390	*** Signature Financial Patndesr Inc	TCSON TOWNSHIP, 4153D GLANCE MINE PL, AZ	US
S2-95616789	स्मार्ट गुरु फूड्स प्राइवेट लिमिटेड	##412 PLOT-856, LLNK ROAD, LALJI PADA, KANDIVALI WEST, MUMBAI, Maharashtra	India
S2-718336615	Neev Mineral	FAAT NO 503, 8-2-686/7/12/B/503, 5TH FLOOR, KAMIL RESIDENCY, ROAD NO 12, BANJARAHILLS, Andhra Pradesh	India
S2-453479581	F & L SOULPOWER, GROUP	UT, 606 200, BEAVER	US
S2-304702555	ATLANTIC SYSTEMS CONSUMER INC		US
S2-984759302	Peterson Indigo Services	15621- FRANK LLOYD WRIGHT BOULEVARD, SCOTTSDALE, AZ	US
S2-267129649	dndds.com	MO, SAINT LOUIS, 573 MARYVILLE CENTRE DR	US
S2-382550821	Clemmons Clutral Program L.L.C.	261 CREEK BEND DRIVE, CLEMMONS, NC	US
S2-731954306	Wheeler's Therapy	TN, 180 WALLACE RD, NASHVILLE	US
S2-986191812	Talk  Steel Private Limited	935 CHHAONI NAGPUR, NAOPUR, महाराष्ट्र	India
S2-702305811	Dr trustarvacharitable.com | www.trustarvac.com	West Bengal, KOLKATA, ##86B/2, TOPSIA ROAD, KOLKATA, HOWRAH	India
S2-924443736	LIBRA ENGINEERING OVERSEAS PRIVATE LIMITED	5/148, AMAR COMPLEX, THURAKKAL, KONDOTTY, MALAPPURAM, Keralam	India
S2-578686468	Jaimaa Franchises Private Limited	H.NO 16 , GROUND FLOOR, RIDHI SIDHI APARTMENTS ARAB CHAWL, 10TH KHETWADI BACK ROAD, MUMBA, I, MUMBAI, Maharashtra	India
S2-205034423	New Delhi Environment Pvt	B-A-365 MEERA BAGHPASCHIM VIHAR, NEW DELHI, दिल्ली	India
S2-457064528	DOMINIC CEMNTE-W DELHI	K-22, FIRST FLOOR, PUNJABI BAZAR KOTLA MUBARAKPUR, NEW DELHI, Delhi	India
S2-6182325	Portland, Township Of Inc	5805 MILWAUKIE AVE, PORTLAND, OR	US
S2-829737803	Indus Powders	D-18/T/F/KH- 21/13/1 BLK-D NANHEY PARK UTTAM NAGAR NEW DELHI, NEW DELHI, Delhi	India
S2-746990454	Mezo Supreme Automotive Inc	516B PALMETTO AVENUE, MARSHFIELD, WI	US
S2-422468334	Womens  Hea1th Partners of Ash Grove LLC	400 PIPER AVE, ASH GROVE, MO	US
S2-569268091	ಬ್ಲೂ ಇಂಡಸ್ಟ್ರೀಸ್ ಲಿಮಿಟೆಡ್	NO.1581/2, KALYANNAGAR, Karnataka	India
S2-990161255	લક્ષ્મી ડિજિટલ મીડિયા પ્રા. લિ.	NO C-1 TARAKKUNJ SOCIETY, AHMADABAD CITY, KALOL, Gujarat, NEAR VIJAYNAGAR RAILWAY CROSSING	India
S2-31074765	Dente Vanguard Four L.L.C.	##10149 BRUCEVILLE ROAD, ELK GROVE, CA	US
S2-802063325	60/49 Vehicle	482 GLEN LILY ROAD, BOWLING GREEN, KY	US
S2-53749881	Physical Therapy [Group]	611 113TH ST, TACOMA, WA	US
S2-656743484	[LLC] Pediatric Dental Clinic	FRANKLIN BOULEVARD, SACRAMENTO, CA	US
S2-377868822	Quality Creative	100 HAWTHORNE WAY, CHITTENANGO, NY	US
S2-429427963	private udaipur calibration limited	H.NO 3-C AARUSH VILA, SHIVAM COMPLEX ARA MACHINE GALI, BARGAON, UDAIPUR, LAKHAWALI, Rajasthan	India
S2-25065050	BRIGHT BAKERY INC	308 15TH ST, WEST LIBERTY, IA	US
S2-896674853	SAINT CHAPEL COMMISSION	4180 WATERLEAF AVE, PMB 1348, SACRAMENTO, CA	US
S2-570432535	Allied Project of	0183 WALKER SAINT, LOWELL, MA	US
S2-193823116	Dahisar East 5ervices L.L.P.	BLOCK F-31 A SHOP-3, MAHAKALESHWAR, NEW LINK ROAD, KANDERPADA, DAHISAR EAST, Maharashtra	India
S2-30218961	Big 33 Auto Body Ltd	GORDONVILLE, TX, 52-C IVANHOE DR	US
S2-327627782	Sri We Collective Private [Ltd]	C/O RAGHUVEER SINGH, 4/20 4/209, JAIPUR, राजस्थान	India
S2-82038869	Urdaneta Grill	OH, CLEVELAND HEIGHTS, 2218 STIDLMAN RD	US
S2-48853109	CANNADY AND SPAINHOUR TAVIA P.C.	9409 NASHVILLE AVE, MORTON GROVE, IL	US
S2-753414516	ORTHOPEDIC PARTNERS (LLC) (LLC)	002310 PERIWINKLE LANE, ALGONQUIN, IL	US
S2-641858274	Pune Chhs Private Limited	महाराष्ट्र, CTS 88 89 FL NO S/4 LAXMI GANGA APARTMENT NIMBALKAR ALI CHINCHWANDGAON, PUNE	India
S2-722749133	Apex Energy General Private Limited	SURVEY NO. 1-76/18 , VIJAY, NAGAR, GODBOLE WASTI, HAVELI, महाराष्ट्र	India
S2-935810319	BEST ESTATE PRIVATE	C/O ASHUTSOH PATEL, ANAND VILLAGE AIT, KONCH, Uttar Pradesh	India
S2-809422076	All Elite Convertible, (LLC)	4608-4610 EBY LN, AUTIN, TX	US
S2-505792996	FOODS FURSAN LLP SERVICES	GARUDADRI ARCADE, NO.373, 3RD FLOOR, II STAGE, 2ND PHASE, RAJAJI NAGAR, BANGALORE NORTH, Karnataka	India
S2-767051693	neoservices.com	10-09 , 10TH FLOOR, ARUNACHAL BUILDING, 19, BARA KHAMBA ROAD, CONNAUGHAT PLACE, DELHI, Delhi	India
S2-708868171	ಗುಜರಾತ್ ಎಂಟರ್‌ಪ್ರೈಸಸ್ ಪ್ರೈವೇಟ್ ಲಿಮಿಟೆಡ್	BHAVANI SADANA # 931 BTM 4TH STAGE FIRST SECTOR 80 FEET DOUBLE ROUND NEAR VIJAYA BANK CO, BANGALORE, BENGALURU, Karnataka	India
S2-468719990	Dover (India)  Technologies Clinic	Tamil Nadu, NO.5, (OLD NO.2)KRISHNAMMA ROAD, NUNGAMBAKKAM	India
S2-894083968	Zephora Republic	1410-D KING DRIVE, LAKE HAVASU CITY, AZ	US
S2-334699467	MOORMAN INVESTMENTS	DEL SUR ST, VICTORVILLE, CA	US
S2-319049444	Smart Trading Advisors	##5577 165TH PLACE, PORTLAND, OR	US
S2-546536380	Nabha Society Center Center	R-4, TIMOTHY MIRANDA CHAWL, CSTRD, SHIV NAGAR, KALINA, MUMBAI, Maharashtra	India
S2-944428013	Dorena's Apparel,  LLC	6563 COZART AVE, PEMBROKE TOWNSHIP, IL	US
S2-598102882	ಸಾಯಿ ಸಾಫ್ಟ್‌ವೇರ್ ಪ್ರೈವೇಟ್ ಲಿಮಿಟೆಡ್	DOR NO 112 (P) ROAD NO. 4, BANGALORE, ANEKAL, Karnataka	India
S2-696076809	Aubry Lung Ridge Publishing		US
S2-321243781	Energy Storage  Partners	#7/310/3 SREERENJINI PULLAD P O, THIRUVALLA, കേരളം	India
S2-437215282	India Jagrati Industries Ltd (Pvt)	#3 NR BHOLE BABA DAIRY BAMROLI AHIR SHAMSABAD ROAD, AGRA, Uttar Pradesh	India
S2-398111671	Villa, Wotring and Romero		US
S2-148276013	YJG Finance Pvt	P.NO - 194, ROAD NO.12, SA SOCIETY, KHANAMET, SHAIKPET, Telangana	India
S2-920398532	SANGAMESHWAR  BROTHERS CARE	PRESTIGE TRADE TOWERNO.46, 23RD FLOOR PALACE ROAD, BANGALORE NORTH, Karnataka	India
S2-804812898	Partners Kent Grand Falotfy	29983 219TH PL, WA, KENT	US
S2-747178515	Melisenda's Occupational Therapy Clinic Downtown	1568  BRACHER ST, HOUSTON, TX	US
S2-527092832	BINEVA DESERT GALAXYEDGE-CO	6190. HWY 55, WILSONVILLE, AL	US
S2-801016618	Kaverya  Automation LLP	Maharashtra, SHOP NO #05 , 3RD FLOOR, ATLANTA SHOPPERS S.NO. 323/1, NASHIK	India
S2-666277436	Bangalore North	H.NO 16/11 , GROUND FLOOR, BANGALORE CO-OP INDUSTRIAL ESTATE, BSNL OFFICE ROAD, TINFACTORY, BANGALORE NORTH, Karnataka	India
S2-894875047	lnc Francis Metro Dóuglas	4625 WHISPER LAKE DR, FLORISSANT, MO	US
S2-491343303	Office of Labor	2705 PARKVIEW CIRCLE, CORVALLIS, OR	US
S2-180508835	బ్రైట్ ఇండస్ట్రీస్	CSR COMMERCIAL, 5TH FLOOR, 2-56/33/40A KHANAMET, MADHAPUR, HYDERABAD, Telangana	India
S2-63326359	സിൽവർ ഫൗണ്ടേഷൻ പ്രൈവറ്റ് ലിമിറ്റഡ്	KODANAD, KUNNATHUNAD, Keralam, ERNAKULAM, ##8/362/B	India
S2-669656859	Eastern Software	# 393/28/29/6, 3RD FLOOR, RAJA RAJESWARI NIVAS, VAJPAYEE NAGAR, BOMMANAHALLI, BANGALORE, ಕರ್ನಾಟಕ	India
S2-139347498	Reed  Gulf Algonquin LLC	40 FREEMAN LN, ORLEANS, MA	US
S2-603317019	Highpoint Traders Private	DOOR NO 6 ASHOK VIHAR, NIMBAHERA, Rajasthan	India
S2-514131258	Continental Mdiane, Inc	1801 MERIDIAN STREET, PMB 1430, NASHVILLE, TN	US
S2-378670649	ਮਾਈ ਮੀਡੀਆ ਲਿਮਟਿਡ	242, FARIDKOT, Punjab	India
S2-271623087	Ning Post	2 MATTHEW ALLEN CT, null, TROY, IL	US
S2-646950970	colemanwrighthaas.com	4343 THOMAS RD, MARYVALE, AZ	US
S2-705740285	Ridyne Prmioe Cyber Southside	13 CURRAN COURT, POMONA CIY, NY	US
S2-574644277	Management Taxila  Services Ventures (LLP)	98/2/8 BEHIND PRAKASHNAGARKARAD, Maharashtra	India
S2-789841491	સિલ્વર પાવર	#185/9 BEHIND GEB STATION, LOKHANDROAD, JAY PITHAD WHITECLAY COMPANY, KACHCHH, BHUJ, Gujarat	India
S2-906161250	Miller, DPM W., Rebeca	1108- 2ND STREET, PRESCOTT, AR	US
S2-159606725	Legacy Dynamic Managigeht Associates	04704 BETHEL ST, MO, COLUMBIA CITY	US
S2-887657633	BRAND COINSHARES LLC		US
S2-475848737	Shri Sy India Pvt	D-G-14/8OKHLA INDUSTRIAL AREA PHASE - I, NEW DELHI, दिल्ली	India
S2-35759862	Shring Vidyalaya Ltd	C/O RAMACHANDRAN, KANNERI HOUSE, THALAPILLY, Keralam	India
S2-577858763	Lia's Eye Cr	OH, CLEVELAND, ##676 127TH STREET	US
S2-377436403	twinsolutions.com	OFFICE 5, FLR 1, PLOT 93, ENGINEERS PREMISES, FORT, MUMBAI, Maharashtra	India
S2-859028958	एसएस टेक्नोलॉजी प्राइवेट लिमिटेड	#01164, Delhi, PVT NO.2, FIRST FLOOR KUCHA MAHAJANI, CHANDNI CHOWK, CENTRAL DELHI	India
S2-682601749	Infratech Brawn India	DU - 108, NORTH DELHI, DELHI, दिल्ली	India
S2-162840285	Zora T. Pennock,	207 ROBERTS TRL, BENSON, NC	US
S2-499479094	HISTORICAL ALIIANHOCE COASTAL	TX, BROOKSHIRE, 1920 BENBROOK HOLLOW LN	US
S2-619270256	Param Trading Public Limited	NO 34 SHIVAM APARTMENT, 118, SARAT CHATTERJEE ROAD BARAT COLONYM SHOP NO -1, KOLKATA, West Bengal	India
S2-30874922	Vetecex LLC	CA, SACRAMENTO, 2761 STOCKTSN BLVD, PO BOX 1647	US
S2-558471626	PACIFIC  GREEN ALLSTATE INC		US
S2-118667059	tradersaaryanprivate.com	Uttar Pradesh, GAUTAM BUDDHA NAGAR, NOIDA, OFFICE NO.15	India
S2-870858692	Pvt Melur Engineering Ltd	THIRD FLOOR, FIRST MAIN ROAD, DOMLUR LAYOUT, H.NO 31, Karnataka, BANGALORE	India
S2-297642609	Hyderabad Water Corp	F.NO-00102, PT-1002&1003 SRI VENKATA SAI ARCADE, MATRUSRI NAGAR, HYDERABAD, Andhra Pradesh	India
S2-739818063	Beacon Fashion Inc.	199 DEER MOUNTAIN CIRCLE, INDIAN SPRINGS VILLAGE, AL	US
S2-806245277	ഈസ്റ്റേൺ ടെക് പ്രോജക്ട്സ് പ്രൈവറ്റ് ലിമിറ്റഡ്	THAMARASSERY, NEAR MARY MATHA CATHEDRAL, THAMARASSERY, Kerala, KOZHIKODE, TP 5/547	India
S2-467772408	Sonny L. Robb,	5710 MILITARY PARKWAY, DALLAS TOWNSHIP, TX	US
S2-880501604	Ronalda Haney		US
S2-280338941	Atlantic Llageue	KS, SUBLETTE, 001882 RD 50	US
S2-608478428	Hardoi Vincom Limited	Uttar Pradesh, RAJIV KUMAR GUPTA, S/O TAKDEER BAHADUR GUPTA VIBHUTI NA, HARDOI	India
S2-455279931	LUCKY PILATES HOLDINGS	4310 SUNNYSLOPE DRIVE, MEMPHIS, TN	US
S2-558423124	Internal Medicine Health Inc.	050 WOODETTE PL, BUFFALO, NY	US
S2-440319827	बेस्ट फूड्स प्राइवेट लिमिटेड	DOOR NO 110-B MANDPESHWAR INDL EST1ST FLOOR S V P RD OPP PREM NAGAR BORIVALI (W), MUMBAI, Maharashtra	India
S2-2207174	Centre Medical Innovative Overseas	C-125/31, SURAT, ગુજરાત	India
S2-65018336	Arndt Logistics	003 CAPTAINS QUARTERS DRIVE, DALLAS, NC	US
S2-586281685	>> órtizbowler.com	400- ROY WILKINS AVE, LOUISVILLE, KY	US
S2-107360962	Department of Parks and Recreation Westgate LLC	##62396 ABERDEEN DR, JOOSHUA TREE CITY, CA	US
S2-908377642	Shangrila Technologies Co.	ROOM NO. 01 KISAN GOPAL, NIWAS, DADASAHEBGAIKWAD, MUMBAI, Maharashtra	India
S2-2974032	Optimal Rocky Tinto,	8640 CALDWELL PARK DR, MECHANICSVILLE, VA	US
S2-611629098	*** Federal Sloana Inc	1753 PEBBLE FARMS COURT, HUMBLE, TX	US
S2-976472983	Smt OASIS TRADING OVERSEAS LLP	OFFICE NO:119 , SAHJANAND ESTATE, GANDHINAGAR HIGHWAY, SARKHEJ, AHMEDABAD, GUJARAT, AHMEDABAD, Gujarat	India
S2-116366463	ADITITA-SOLUTIONS	NO.00627 , 14TH CROSS, SARAKKI I PHASE, J P NAGAR, BANGALORE, Karnataka	India
S2-518720319	SANDERS ALLIANCEBERNSTEIN OF  STILLWATER	1107 TIMBER WAY, STILLLWATER CITY, MN	US
S2-448993803	Smt Sandeep Chand Private [Limited]	HN 928/9 122A, SOUTHERN AVENUE, 3RD FLOOR OPPOSITE- GOLPARK NAZRUL MANCH, KOLKATA, KOLKATA, পশ্চিমবঙ্গ	India
S2-842135097	Banke Consulting Pvt	C-15/74, THAHNATH, KANNAMPULLIPURAM P O, KODUNGALLUR, Kerala	India
S2-579653532	ASHLEY EXPRESS ASSOCIATES	6410 SUGAR GROVE HWY, SUGAR GROVE, VA	US
S2-94951961	Sri Evergreen Limited Center	NO #103/C-KEVANI DIVE VILLAGE, KALHER BHIWANDI, BHIWANDI, महाराष्ट्र	India
S2-704632322	Leann Colon Federal Acquisitions	AZ, SCOTTSDALE HOPI, 9229 106TH WAY	US
S2-129185477	Fuse Lake Ádvanced Maple	40 BIRCH AVE, MAPLE LAKE, MN	US
S2-961362989	1 800 i care 4 u	WA, BOTHELL, 22319 37TH AVE	US
S2-231295212	Hitech It Garments Private	OFF. NO. C Â 924, 9TH FLOOR, WESTERN BUSINESS PARK, SURAT, Gujarat	India
S2-243299850	U Kelly Solution Services	74201 1/2 WICHITA RD, NULL, MASSENA, IA	US
S2-444412919	Kolkata Services Ltd	NO #70 71 NAINAN PARA LANE, KOLKATA, West Bengal	India
S2-664095675	Builders [College]	C/O DIPAK KUMAR DAS, VILL- KEUTGERIA, P.O- KEUTGERIA, PIRIJKHANBARH, West Bengal	India
S2-878974315	Sri easytech india	# 2809, 28TH FL, BLOCK B, LODHA MERIIAN KPHB PHASE, TIRUMALAGIRI, తెలంగాణ	India
S2-78775717	Godavari Holdings	DOOR NO 19 , 1ST FLOOR, SATHYAVANI MUTHU STREET PARAMESWARAN NAGAR, SHOLINGANALLUR, Tamil Nadu	India
S2-505682208	Select Diamond Báttery	267 LAUREL LN, NORTH WILKESBORO, NC	US
S2-527839892	LABUDA & HENRY AUSTRALIA	TX, 3717 HELENA WAY, LEANDER	US
S2-470746568	East-Glllnla Pvt Ltd	VALIA HOUSE, D16/1 TTC INDUSTRIAL AREA M.I.D.C. TURBHE, NAVI MUMBAI, Maharashtra	India
S2-444664711	Muriel Pi Education Co	812 HULL STREET, RICHMOND CITY, VA	US
S2-12064235	സൂപ്പർ എനർജി പ്രൈവറ്റ് ലിമിറ്റഡ്	36/320, PALAKKAD, Kerala	India
S2-430953014	Fresh Lab Inc	KENNEDY STREET, PARAGOULD, AR	US
S2-794999316	Clean Íiada Private Limited	DOOR NO 998 F3, 1ST FLOOR, SHIV COMPLEX, VILLAGE VALLABH VIDHYANAGAR(M), TALUKA ANAND, DIST. ANAND, ANAND, Gujarat	India
S2-388616921	Blue Bistro	430 CAMPUS DRIVE, HARTLAND, WI	US
S2-708364396	Redwing Center  Private Limited	HN 319 K 43 B KALKAJI, NEW DELHI, Delhi	India
S2-38619156	സ്റ്റാർ ഇൻഫ്ര പ്രൈവറ്റ് ലിമിറ്റഡ്	440, THALAPILLY, THRISSUR, Kerala	India
S2-331670473	Aarvak Nursing	UNIT NO. 1018, 10TH FLOOR, 83, METRO STREET, SECTOR-83, SIHI VILLAGE, NARSINGHPUR, <NULL>, Haryana	India
S2-316942619	Beacon Diagdostic Worldwide Center	325 Shag Bark Trl, SOMERVILLE, AL	US
S2-497920603	Agarwal Medical	C - 76 / 1, U.K.P STREET GANDHI NAGAR, UDUMAPET, Tamil Nadu	India
S2-898840946	... So1yx Édp Corp	85 POWERS STREET, BROOKLYN, NY	US
S2-57243506	LLC Vision Care Ássociates	##526 JERMOR LN, WESTMINSTER, MD	US
S2-191934948	Cane  Canary of Columbia Station Center	#34660 COOLEY ROAD, COLUMBIA STATION, OH	US
S2-287435953	Chiropractic Frésh Group	COUNTY ROAD 301, OAKWOOD, TX	US
S2-87238163	Delta Dental Associates Co	8331 SCRRSDALE COURT, INDIANAPOLIS CTY, IN	US
S2-442623004	Mamta Constructions  LLP	801-, WING-D, SUMUKH HILL CTS-147, BANDONGRI, KANDIVALI EAST NR. E EXP. HIGHWAY, KANDIVALI EAST, Maharashtra	India
S2-14411898	treichelrennie.com	#279 AARON CIRCLE, VACAVILLE CITY, CA	US
S2-693968443	>> Alvarenga, Mandujano and  Devoe [Corp]	11726 LEADER ST, HOUSTON, TX	US
S2-319946675	गोल्ड फाइनेंस	DOOR NO 504 BLDG NO-6 PANVELKAR HIGHTS, NEAR SWAPNA NAGARI BELAVLI, AMBARNATH, THANE, महाराष्ट्र	India
S2-10462315	Frontier Tungsten Co	IL, 4456 MCKENZIE ST, BENTON	US
S2-279166708	Suman Business Private (Limited)	PLOT NO 659, 2ND FLOOR, NEAR VISHAL MARKET BHAI PARMANAND COLONY, NEW DELHI, Delhi	India
S2-461533860	Diagnostic Sterling Corp	895 ILLINOIS STREET, PEKIN, IL	US
S2-76082114	Worthy Charter-School-LP	4661 LEPINSKE FARM PLACE, CLAY, NY	US
S2-573194560	Perennial Services	OFFICE NO.##102, RAJDOOT, LINKING ROAD, KHAR (WEST), MUMBAI, Maharashtra	India
S2-50450078	Pinnacle Wireless Co	7792 BOTELER ROAD, PHILPOT, KY	US
S2-777950563	Mayur Coatings Pvt	PLOT 104 OFFICE NO 521 5TH FLOOR ORBIT PLAZA, ZANZARDA ROAD NEAR JOGI PETROL PUMP KAKHI NAGAR VISHNU COLONY, JUNAGADH, ગુજરાત	India
S2-744814202	Cortez Direct Cannabis [Partners]	13672 BRICK PATH, ROSEMOUNT, MN	US
S2-516339815	Shaw Giovanna DDS	#679 HALSEY AVENUE, MN, BUFFALO	US
S2-211611524	Arihant Brothers + Company	3RD FLOOR, 103, ISCON GREENS BESIDES ISCON FLOWER, VI- GHUMA, DASKROI, AHMEDABAD, Gujarat	India
S2-44330691	Health Caeition	9703 VERSAILLES PLANK ROAD, ANGOLA, NY	US
S2-509378044	Dodynis Llc	385  BENZLER LUST RD, MARION, OH	US
S2-525063111	माय बिजनेस एलएलपी	FLOOR, NEW DELHI, SOUTH DELHI, दिल्ली	India
S2-387249295	W 8 Trústed Spdr LLC	001277 SWEETGRASS SAINT, KNIHTDALE CITY, NC	US
S2-659840599	Green Modern Management Private Ltd		India
S2-70067816	DEE GROUP	Maharashtra, HOUSE NO 977, AT.PO.CHANAI, TQ.AMBAJOGAI, BEED	India
S2-162818519	Ruiz Cascade Átlanta PLLC	1053 LEESOME LANE, NULL, ALTAMONT, NY	US
S2-537686456	Tsquare Beverages Pvt	PLOT B3/860 CHANDRAKANTBHAI LATHIGARA, NR. MANINAGESHWAR MANDIR, GLDHADA SN, Gujarat	India
S2-361267767	इनोवेटिव राज इम्पेक्स प्राइवेट लिमिटेड	Delhi, SOUTH DELHI, NEW DELHI, A-##74, BHUDH VIHAR, SABJI MANDI, MADANGIR	India
S2-803762459	Twisted  Pizza! Inc.	NC, GREENSBORO, 3712  COTSWOLD AVE	US
S2-946318542	सन प्रोजेक्ट्स प्राइवेट लिमिटेड	A-8-C, NEW DELHI, दिल्ली	India
S2-265462783	Lakshmi  Itnfantinnal Pvt Ltd	ગુજરાત, FLAT NO A/404, THE ADDRESS, NEAR CELEBRITY GREEN, SURAT	India
S2-254086908	Klein, Morgan and Ellis LLC Service	190 W COUNYT CIR, SAINT LOUIS, MO	US
S2-117271661	Nasoft Pinnacle Westgate LLC	2052 ARDMORE HWY, ARDMORE, TN	US
S2-429380657	EN Travel	C/O DULAL KRISHNA MAJUMDER, VILL- NARIKELA (BAZAR), DHARAMPUR, West Bengal	India
S2-301600941	Burgeon Associates Center	ATHANUR POSTAYEEPALAYAM VILLAGE RASIPURAM TALUK, TAMILNADU, தமிழ்நாடு	India
S2-524653917	अर्बन इंटरनेशनल टेक्नोलॉजीज Limited	FL 6 BLD-B4 SN-6 HADAPSAR, GANGA RESIDENCY, PUNE, महाराष्ट्र	India
S2-83664047	Coastal Greater LLC Center	336 CLOVERLY FOREST DRIVE, SILVER SPRING, MD	US
S2-684259415	Chiropractic Légacy-Partners	1430 FARM TO MARKET 2245, KIRBYVILLE, TX	US
S2-329213774	harbormedicalcenter.com	8612 SMART AVENUE, KANSAS CITY, MO	US
S2-109217764	Metr0politan  Pharma LLC	01323 KAMM ROAD, LYNDEN, WA	US
S2-962202181	Precision Regional Solid L.L.C.	SACRAMENTO, CA, 2841 MARSHALL WAY	US
S2-273165602	Medina Peak Pelsiodi	135 CLAY ST, MONMOUTH, OR	US
S2-449679427	Safe Delta Occupational Therapy Llc		US
S2-408027271	Infra-Kona Builders	00302, GUPTA TOWER, AZADPUR, COMMERCIAL COMPLEX, DELHI, Delhi	India
S2-943910722	Historical Society	119 LONG LEAF LN, GOLDSBORO, NC	US
S2-500745984	thirdlane.com	900 OAKESDALE AVENUE, RENTON, WA	US
S2-164393858	Precision Consulting Downtown	789 WALKER ROAD, FLORALA, AL	US
S2-32524442	Surgical Care  Associates Metro Inc	16 OUIMET LN, FOXBOROUGH, MA	US
S2-882232066	Gonzalez Détailing Inc	INDIANAPOLIS, IN, 001164 IVY LN	US
S2-479453824	THE POWELL BITCOIN  LLC	LOUISVILLE, 5604 OXFORD CT, KY	US
S2-155598456	VK Jaws	3400-A BOWMAN ROAD, LITTLE ROCK, AR	US
S2-651996894	Clarissa M. Rivera, D.C. Group	HOWE, 4045 DAGNAN ROAD, TX	US
S2-379592677	COZY BARBERSHOP!	3B PIN OAK PATH, SOUTHAMPTON, NY	US
S2-685175726	ब्लैक बॉम्बे एनर्जी प्राइवेट लिमिटेड	F NO 415 JAGAT MILLENIUM APPR AMT ROAD GIRIPETH, NAGPUR, Maharashtra	India
S2-78954682	BARAJAS BARAJAS LLC [GLOBAL]	1 CLIFFDWELLER COURT, OWINGS MILLS, MD	US
S2-643427997	ग्रेट इंटरनेशनल एलएलपी	702- WING, BARCELONA, 7TH FLOOR, RAHEJA EXOTICA PATIL WADI, MADH, MALAD WEST, MUMBAI, MUMBAI (SUBURBAN), Maharashtra	India
S2-388806411	Millicent E Patterson, MD	26  PAULA STREET, CROSSVILLE, AL	US
S2-771766931	Rosemonde's  Colonial Tire Shop Co	YARMOUTH CT, LOUISVILLE, KY	US
S2-149891500	ರಿಯಲ್ ಪ್ರಾಪರ್ಟೀಸ್ ಇಂಡಸ್ಟ್ರೀಸ್ ಪ್ರೈವೇಟ್ ಲಿಮಿಟೆಡ್	16TH FLOORBARTON CENTRE, 84 M.G. ROAD BANGALORE, BANGALORE, Karnataka	India
S2-72662037	Rafflesia [Highway]	KHATONI NO. 781/172, PATIALA ROAD VPO GHAGGA, TEHSIL PATRAN, PATIALA, Punjab	India
S2-89104620	Anna-Diane Garcia Válley Generating Partners	40 GREENWICH COURT, NY, ISLIP	US
S2-897582461	Margy's  Integrated	3742 PIONEER RD, BILLINGS, MT	US
S2-436844992	Cornerstone Inc	127-129 HILLCREST ROAD, MAGGIE VALLEY, NC	US
S2-196833241	Vallez, Candra D., D.C. Corporation	Barnaby St, WASHINGTON, DC	US
S2-506294145	GREAT CENTER	5536 FINESPUN LAST, VIRGINIA BEACH, VA	US
S2-7179008	ಲೋಟಸ್ ಬಿಸಿನೆಸ್ ಪ್ರೈವೇಟ್ ಲಿಮಿಟೆಡ್	217/8, BANASWADI ROAD EXTENSION M.S NAGAR, BANGALORE, Karnataka	India
S2-460979659	Q+ Sachem Llc	2316 17ND ST, ANACORTES, WA	US
S2-65695730	Carvalho  and Stonecipher Inc	2570 JAMES DR, LAKE HAVASUCITY, AZ	US
S2-97348805	Riffle and Moctezuma North North Corporation	4827  78TH PLACE E, TULSA, OK	US
S2-231463497	HILLTRADERS.COM	C/O ARUN KUMAR PANDEY, C-270, ANAND NAGAR, ADHARTAL, JAABLPUR, Madhya Pradesh	India
S2-978104951	Garcia Bérkley Partners	6218 WARWICK CT, OR, ALBANY	US
S2-6958695	UCB Super Private Limited	NO 48 , 1ST FLOOR, OM HEERA PANNA PRE. CHS ANDHERI WEST, BEHIND OSHIWARA POLICE STA, TION, MUMBAI, Maharashtra	India
S2-13280834	विजन फूड	AVADH KISHOR PRASAD S/O SUDAMA KANU VILL-KATAIYA(NP) TOLA-WARD NO 09 PANCH, KATIYA, GOPALGANJ, Bihar	India
S2-409001265	Saran India Private  Limited	HOUSE NO. 53 BLOCK ROAD EKMA, EKMA, SARAN, Bihar	India
S2-580261007	Vaibhavi (India) Foods  Private Limited	CF-137A & CF-138A, CONSCIENT ONE, SECTOR 109, PALAM VIHAR, Haryana	India
S2-548512107	Sparkman's Wholesale (Inc)	ERWIN LN, LAKE HAVASU CITY, AZ	US
S2-899557202	Leonore Reyes	8926B LIVENSHIRE DRIVE, DALLAS, TX	US
S2-810167688	BLUE BEB  IT PRIVATE LIMITED	NO. C-157 GAT NO. 6, B-2 & 3, TAL-BHOR, KHED SHIVAPUR, SASWAD LINK ROAD, KASURDI, HAVELI, <NULL>, Maharashtra	India
S2-678028412	Childers Bright Financial,	CHERRY STREET, TROY, OH	US
S2-400936747	QUIRIN0 and SKIDMORE MCKINLEY	001889 HART STREET, RIDGEWOOD, NY	US
S2-706113727	Satchell, Aurora, D.C. Co	OR, 22499D 107TH AVENUE, TUALATIN	US
S2-985009963	Synmira	PA, VENEITA, ##407 SCOTT LANE	US
S2-433522899	Ember Inc.	#8817 Deschutes Rd, PALO CEDRO, CA	US
S2-321958715	Eminent & Brothers Public Limited	PLOT ? 20, GROUND FLOOR, ILA PARK SOCIETY, SURAT CITY, Gujarat	India
S2-224115694	Superior Engineering-Advisors	1151 HERNDON PARKWAY, HERNDON TOWN, VA	US
S2-318353195	Apex Engineering Union Inc	791 MEYERS RD, TOPPENISH, WA	US
S2-553266993	sí1verlakeshore.com	11702 138th Street Court, PUYALLUP, WA	US
S2-352848720	ब्लैक फाउंडेशन प्राइवेट लिमिटेड	PLOT NO. 2-46, NMC, KARNAL, Haryana	India
S2-955930552	Amin Clinic LLP	10/1, BANAMALI NASKAR ROAD POST & P.S. - PARNASREE, KOLKATA, KOLKATA, পশ্চিমবঙ্গ	India
S2-359878137	Legacy Business (Digital)	15984 SALOME STREET, GOODYEAR, AZ	US
S2-411725900	kgrupo.com	122 PECAN FLATS RD, BALCH SPRINGS, TX	US
S2-38462008	Htz Arrow Inc	880 COLUSA DRIVE, ELOY, AZ	US
S2-693822680	Inc Upper Northland	1456 Shadyview Ln, N/A, PLYMOUTH, MN	US
S2-923785025	Mr GAJ ASSURACCE [(INDIA)]	#033/4 , 2ND FLOOR, MADIPAKKAM KOOT ROAD, SAIDAPET, Tamil Nadu	India
S2-625396496	CORNERSTONE-CLASSIC EXPLORATION	LIBERTYVILLE, 1207 CHATHAM COURT, IL	US
S2-522798168	Complete Anblanhic Dynamix Inc.	345 ROBERT ARMSTRONG DR, GRAVOISS MILLS, MO	US
S2-316092476	Tech Infotech Prívate Limited	8-6-375/3/8, SRI SIDDI VINAYAKA APARTM, KARIMNAGAR, Telangana	India
S2-808354198	Fadyne Liberty Karman	2230 202ND RD, CLOUD COUNTY, KS	US
S2-452728171	CREATIVE  EDUCATION BRANDS	101, BROOKINGS CITY, OR	US
S2-602999373	Bharat Traders Limited Services	HN 45 13/172, THARAKKAL HOUSE, KUNNAMKULAM, THRISSUR, കേരളം	India
S2-376113936	STANDARD CARG0 DIGITAL CORP	315 KRANE DR, ANCHORAGE, AK	US
S2-637608	गुड फर्स्ट कंस्ट्रक्शन प्राइवेट लिमिटेड	#D/58, FLAT- 603, 6TH FLOOR, A WING, THE NEW GARDEN VIEW CHSL, PROF ALMEDA ROAD, BANDRA WEST, MUMBAI, Maharashtra	India
S2-96391484	Barker's Heartland Towing Holdings	69. CENTRAL AVE, COLUMBUS, OH	US
S2-388705099	Hunger Guild	1141 MORGAN AVENUE, LA GRANGE PARK, IL	US
S2-908661360	RIDGELINE PACIFIC, LTD	1272 BLODGETT DR, SAINT LOUIS, MO	US
S2-169302112	Sierra  Co	##110 750, BOUNTIFUL, UT	US
S2-546737843	Cockeysville Analytics LLC	1 Red Mare Court, COCKEYSVILLE, MD	US
S2-344984473	-- Construction Ideaz Papers Private Limited	BUILDING NO.4/606, PRABHUL COTTAGE KARIMBALUR, ELAKAMON, AYIROOR P.O., THIRUVANANTHAPURAM, TRIVANDRUM, Kerala	India
S2-976053921	Ear Nose & Throat Premier Care Associates	SCOTTSDAE, LA JUNTA ROAD, AZ	US
S2-825251260	Namaha Brothers Pvt. Limited	3/25, DHUN BUILDING, OFFICE NO. 102, FIRST FLOOR, JANMABHOOMI MARG, OPP. JANMABHOOMI BHAVA, N, FORT, MUMBAI, महाराष्ट्र	India
S2-566216700	Nexriia Webster,	MASSEY LN, ROCKWALL, TX	US
S2-704934474	Unison Tráders Ltd Pvt	757 GANESH VIHAR, GOVINDPURA, JAIPUR, Rajasthan	India
S2-235994189	Ace Enterprises	C/O SHASHANK RAJ, WARD NO:10 DHARAM SHALA ROAD, AT-NEAR PANI TANKI, SUPAUL, SUPAUL, Bihar	India
S2-276812656	M/s Icon Offset Ltd  (India)	1, R. N. MUKHERJEE ROAD MEZZANINE FLOOR, ROOM NO.-14, KOLKATA, West Bengal	India
S2-791427787	Sturdivant  Smith Glass LLC	3109 164th Ln, ANDOVER, MN	US
S2-939503981	साउथ फूड फार्मेसी प्राइवेट लिमिटेड	B-##317, NEW SILVER MIST CHS LTD, OPP FILMALYA, AMBOLI ANDHERI (W), MUMBAI CITY, MUMBAI, महाराष्ट्र	India
S2-275779541	Service Dynamic Apex Downtown, LLC	9933 205TH AVE, WA, CHAIN LAKE	US
S2-914081987	SKIPWORTH SMART BIOSCIENCES CLÍNIC	26802 PERDIDO BEACH BOULEVARD, PMB 718, ORANGE BEACH, AL	US
S2-790113259	Sri Sai Ínfotek Private Limited	NO. 83, BURMA NAGAR, 19TH STREET SADAYANKUPPAM VILLAGE, MANALI, CHENNAI, தமிழ்நாடு	India
S2-984857463	Taraesh Products Limited		India
S2-444646415	Vue Pediaatrics, Inc	101 Canal Rd, HEBRON, OH	US
S2-426462503	राज तिरुपति डेवलपर्स फूड्स प्राइवेट लिमिटेड	Delhi, PLOT 875 E 117 GREATER KAILASH-I IIND FLOOR, SOUTH DELHI, NEW DELHI	India
S2-775113587	Taraksh Services Private  Limited	Andhra Pradesh, NO.12  , RAJARAJESWARI NAGAR PEDACHERUVU, NARASARAOPET	India
S2-572027759	Wadhawan & Sóns Private Limited	PLOT NO. F-179, FLAT NO 101, 1ST FLOOR, SUBHASH MARG, NEAR SIKHA HOTEL, C SCHEME, JAIPUR, Rajasthan	India
S2-461454382	AH Agro Private		India
S2-644659757	Dr Bulk Producer Private Ltd	H.NO 608A 6TH FLOOR, PHASE 1, SPENCER PLAZA, 768/769, ANNA SALAI, CHENNAI, தமிழ்நாடு	India
S2-896006195	Valley Bay News | www.valleybay.com	YAKIMA, WA, 001207 KEYS RD	US
S2-935053687	INTERFAITH CHARITIES COMMISSION	1737 WOODBRIDGE WAY, SAIT PAUL, MN	US
S2-156981301	Pramod College	ROOM NO. 602, 6TH FLOOR GAIKWAD HEIGHTS, BESIDE BHAGIRATHI, THANE, Maharashtra	India
S2-244940219	BLACK LTD (SERVICES)	H.NO C-102 , 1ST FLOOR, VASANT VAIBHAV, OFF LAKAKI ROAD, PUNE CITY, Maharashtra	India
S2-371466552	SANCHEZ  LENDING INC	10744 MILLERS WAY, ORLAND PARK, IL	US
S2-906502731	TURNER INC CENTER	15159 BRAZIL CIR, PRINCE WILLIAM COUNTY, VA	US
S2-410504205	Cuevas Center Rail	UT, 359 ASPEN VALLEY DR, PANGUIITCH	US
S2-349274427	Gokul Gases Limited	H.NO 108 FIRST FLOOR NO.1 AMAR TOWERS 1ST CROSS GANDHINAGAR, BANGALORE, Karnataka	India
S2-417673759	Anni's Consultants Center Westgate	144 TANGLE DR, JAMESTOWN CIYT, NC	US
S2-516723593	Limited Greens Dereltopment	DOOR NO 2/15, DINDIGUL, SHANARPATTI, தமிழ்நாடு	India
S2-730018005	Scott First Holdco LP	AZ, ##615 RAY ROAD, CHANDLER	US
S2-834098737	FAMILY  METROOLITAN ASSOCIATES HOLDINGS	537 MIDWRY HOLLOW RD, MIDWAY, WV	US
S2-109420651	Schuster Clola House PC	WALLKILL, 113 SHAW ROAD, NY	US
S2-68403255	Ruiz Ethereum	2327 DOG RIVER DRIVE, null, MOBILE, AL	US
S2-114633409	Producer Bnl Bhoomi Ventures  Private Ltd	OFF- 207 TO 216 PENTAGON COMPLEX SHAHU COLLAGE RD PARVATI, PUNE, Maharashtra	India
S2-214198656	Siouxie M. Ronkafsellow, DPM	2 HEATHCOTE CT, NY, BROOKHAVEN	US
S2-91931953	LLC Corner Seafood	##58 FAIR STREET, NEW BEDFORD, MA	US
S2-221574711	Habeeb, Linen & Morse Software Ltd	1806 K, BROOKLYN, NY	US
S2-591670981	Nayara Traders Private Ltd	PARK VIEW APPT FLAT NO.- 1-, RAJENDRA NAGAR, PATNA, Bihar	India
S2-841313574	Click Polytechnic  Private Ltd	DOOR NO 7-1-5 , 401.A, SUREKHA CHAMBERS, SECUNDERABAD, Telangana	India
S2-551073176	Arts Alliance Partners	67-71 WILDWOOD DRIVE, BEDFORD, MA	US
S2-371223889	Neelsimana Cáre Overseas Private Ltd	D-94, KALPATARU TOWERS, AKURLI CROSS ROAD NO. 3, NEAR ESIS HOSPITAL, KANDIVALI(E), MUMBAI, Maharashtra	India
S2-312475095	ANAND HOSPITALITY [LLP]	#57 , VANOLI, SATANA, Maharashtra	India
S2-732856361	Platinum Mountain Freedom	6302 Old Sylacauga Hwy, NULL, SYLACAUGA, AL	US
S2-105004797	Ridaa Interstate High Co	10699 KILBIRNIE ALCOVE, WOODBURY, MN	US
S2-932019484	Ezell Classic Renewable Group	261 OAK STREET, BRIDGEPORT, CT	US
S2-625435078	Global Solutions of of Khairatabad Limited	HN 71 8-2-684/11/9, BHAVANI ENCL, ROAD NO 12, BANJARA HILLS, KHAIRATABAD, తెలంగాణ	India
S2-566831331	Better Better Pacific Fdo PLLC	GALLOWAY ST, null, BOZEMAN, MT	US
S2-696077958	ALL AEROSPACE BRANDS INC		US
S2-129457197	Frog India Ltd	176 , SECTOR 52, GUTIGAU, GURUGRAM, हरियाणा	India
S2-276431436	Surat Leasing Limited (Center)	BLD. NO-F, FLAT NO-1104 SWASTIK TOWER, SURAT, Gujarat	India
S2-658798716	Deltaaria	B1., ASHOK NANDHANA AP, 1, TRUSTPURAM, 2ND CROSS ST KODAMBAKKAM, CHENNAI, Tamil Nadu	India
S2-997750951	Fide1a's-Elite	7367  CENTRAL AVENUE, HIGHLAND, CA	US
S2-327100461	ಸ್ಕೈ ಇಂಡಸ್ಟ್ರೀಸ್ ಪ್ರೈವೇಟ್ ಲಿಮಿಟೆಡ್	INNOV8 PRESTIGE TECH PLAT, BANGALORE SOUTH, BANGALORE, Karnataka	India
S2-417029606	Dental Center L.L.C.	627. THOROUGHBRED WAY, FRANKLIN, KY	US
S2-98016705	Richardson Family	CENTER ST, BELLEVUE KY, KY	US
S2-637698685	Ivenent Industries	1840 NEWTON AVENUE, SPRINGGFIELD, MO	US
S2-354459063	अल्फा प्रोजेक्ट्स प्राइवेट लिमिटेड	DOOR NO 201 701/B, EKTA TERRACE TOWER, MAHAVIR NAGAR, DAHANUKAR, MUMBAI, Maharashtra	India
S2-629014451	pope, burnette & moore law group	4513 DICKERSON ROAD, SPOTSYLVANIA COUNTY, VA	US
S2-547052470	Abigael A. M,r L.C.S.W. Co	9263 DAUPHIN ISLAND PKWY, AL, THEODORE  CDP	US
S2-813379169	Mcmillan Centers Aslants Partners	00343 FARMLAND ROAD, GARDEN CITY, KS	US
S2-119787759	Solarius Gray Inc.	002019 STOUGHTON RD, MADISON, WI	US
S2-924564005	Rapid Bancorporation  LLC	107 RIVER GLEN DRIVE, GLEN ALPINE, NC	US
S2-125171275	S0uthern Pines Prime Paceline Care  Ltd	701 MAY ST, SOUTHERN PINES, NC	US
S2-104544628	Rev Bistro Up-It		US
S2-497084211	Amravati Agricultural Corp	MOR BAG HOUSE NO 1-75, AMRAVATI, महाराष्ट्र	India
S2-698009605	Levier & Watkins Earths Llc	BIRNAM WOOD BOULEVARD, SPRING, TX	US
S2-408677307	Markham and Bacchus (Inc.)	00181 ARNOLD GAMBLE CIR, SACRAMENTO, CA	US
S2-16703479	Elite  Security	0610 SR 762, LOCKBOURNE, OH	US
S2-770307973	Haywood Doubleline Co	1658  2055, UT, SYRCAUSE	US
S2-270519210	Lexington Crystal Community Inc	LEXINGTON, TN, 670 BELTON ROBISON RD	US
S2-862853179	NEW EXPORTS BAKERY LIMITED	DOOR NO 5-6-32 FIRST FLOOR ALAKA HOUSE VASUK NAGARA PANCHALINGESHWARA TEMPLE ROAD BAJAL PO, MANGALORE, Karnataka	India
S2-564208538	great harbor ultra	3221 Yorkshire Rd, CLEVELAND, OH	US
S2-390342085	DO HEARTLAND PACIFIC WEST	123 ACADEMY ST, ALLEGANY TRIBAL LANDS, NY	US
S2-39979693	Roberts  Interests,	5621 OAKVIEW TER, HAMILTON, OH	US
S2-25398431	irving vision specialists llc	03423 ROCHELLE ROAD, IRVING, TX	US
S2-592813311	Green Engineering	NO.71, MADHAVARAM HIGH ROAD, CHENNAI 600 011 TAMIL NADU, TAMIL NADU, Tamil Nadu	India
S2-267188861	Shri Future Trading Infratech Company	SHOP NO. ##20 GR. FLOOR, TRUCK TERMINAL (M CORP), THANE, Maharashtra	India
S2-972479057	inc dental care	208 COMO STREET, SULPHUR SPRINGS, TX	US
S2-180512973	Cozy Bistro Ltd	23 TAOS CIR, MIDDLE RIVER, MD	US
S2-653478978	കൃഷ്ണ ഡിജിറ്റൽ ഇൻഫ്ര പ്രൈവറ്റ് ലിമിറ്റഡ്	##41/1313 C 1 V M COMPLEX, CP UMMER ROAD ERNAKULAM, <NULL>, Kerala	India
S2-488464269	mcgirrlewis.com	101-103 LOST FORK ROAD, NULL, MADISON COUNTY, KY	US
S2-213354246	Castaneda Moenn Realty	616 STATE STREET, SANDY RIDGE, PA	US
S2-800084063	First Volk LLC Labs,	261 29TH PL, TULSA, OK	US
S2-621428695	VETERANS PROGRAM	2516-2518 3225, MILLCREEK, UT	US
S2-973201092	Goshen Pediatric Dental Care Ássociates	1 HAMPTON HILLS DR, GOSHEN, NY	US
S2-793696599	सन यूनिक एस्टेट प्राइवेट लिमिटेड	1A/407, BOMBAY, MUMBAI CITY, महाराष्ट्र	India
S2-245631206	G & É PEACE INC.	11 SANTA FE TRAIL, JACKSONVILLE, AR	US
S2-385136378	Blue Society	275 ROXBURY ST, ROXBURY CORSSING CDP, MA	US
S2-598712408	Physical Therapy	VA, VIRGINIA BEACH, 3413 MARABOU LN	US
S2-924708653	Family L.L.C. Associates		US
S2-604843692	Villalba Midwest Corp Archimedes	819 HILLVIEW CT, OH, COLUMBUS	US
S2-205379567	OVB INDUSTRIES PRIVATE	DOOR NO 7 , 2ND FLOOR, PATEL COMPLEX, S NO. 98, PAUD ROAD KOTHRUD, PUNE, Maharashtra	India
S2-623785759	George & Dean L.L.C.	3509-3511 CEDAR LN, MILFORD, KS	US
S2-50536294	The Pediatric Frontier Specialists PC	748 PENDERGRASS ROAD, FRANKLIN, NC	US
S2-645041902	Solhalosol	1000 86 KINZIE ST, RIVERTON, IL	US
S2-121399502	शिव फाउंडेशन प्राइवेट लिमिटेड	C/O KRISHNA CHOBEY VILL, DIVREPORTINGCIRCLE, BUXAR, Bihar	India
S2-404909141	Scholarship Ministries Inc	3809 PENNY LN, DEER PARK, PMB 5796, TX	US
S2-225777247	Gulf Inc Steel	#11941 LEXINGTON DRIVE, DUNKIRK, MD	US
S2-1153852	Atlantic Exchange	1936 HAMILTON DAIRY RD, HOT SPRINGS VILLAGE, AR	US
S2-967159949	ZHX  Prime Ocean	84 1/2 PARK STREET, NEW BEDFORD, MA	US
S2-63255847	Sterling Trusted Jab Incorporated	1006 LINCOLN STREET, BLUE RAPIDS, KS	US
S2-670254891	Apex Inc #23842	1219 DANFIELD WAY, VACAVILLE, CA	US
S2-645584992	Hammond's Automotive	#337 BIRCHWOOD CT, VERNON HILLS, IL	US
S2-54674649	Moore Jerrine Group Center	5131  IVYCREST TRAIL, TX, ARLINGTON	US
S2-887222808	Hot Springs National Park Innovative Peoples (Co)	790A BULL BAYOU ROAD, HOT SPRINGS NATIONAL PARK, AR	US
S2-556835800	Atlantic Investment Inc. Center	208. 14, AKRON, IN	US
S2-223300056	Unified Research Global Downtown LLC	3595 NORMAN AVENUE, SAINT LOUIS, MO	US
S2-300268260	ಮೈ ಕನ್ಸಲ್ಟೆನ್ಸಿ ಪ್ರೈವೇಟ್ ಲಿಮಿಟೆಡ್	NO.3A, 3B, ELVS ROAD, HANUMANTH NAGAR, PURUVANKARA MAIN ROAD, BILISHIVALLE VILLAGE, BANGALORE, BANGALORE NORTH, Karnataka	India
S2-561824231	Lorenza M. Jeffers,	CARY, NULL, 207 WRENN DRIVE, NC	US
S2-282775344	Orthopedic Clinic Southside Inc	837 AGAWAM DRIVE, PMB 1089, INDIANAPOLIS, IN	US
S2-57319272	Pune Warehousing Limited Services	OFFICE NO. 39, FOURTH FLOOR, BANDAL DHANKUDE PLAZA RIGHT BHUSARI COLONY, KOTHRUD, PUNE, Maharashtra	India
S2-501897445	Uvr Charitable Trust Exports Corp	Uttar Pradesh, B-80, OFFICE NO. S002 SECTOR-2, NOIDA	India
S2-693825523	Pruitt Best Launchpad L.L.C.	416 WILDWOOD CROSSINGS DRIVE, null, BIRMINGHAM, AL	US
S2-752243121	Thomas  Inc Corporate	14100 GLENDALE AVE, CLEVELAND CIYT, OH	US
S2-741139605	Choice Education Labs Corporation	9504 WILLIAMSBURG PLZ, HURSTBOURNE, KY	US
S2-740314477	naomi's advanced studios ltd	1739 MAIN STREET, HARTFORD, CT	US
S2-976188081	Children's Network Corp	91 MAIN ST, WALES TOWWNSHIP, MA	US
S2-75077134	Meenanyn Ágro Limited	SHOP NO B1-76A , LOWER GROUND FLOOR GALAXY BLUE SAPPHIRE PLAZA, G.NOIDA WEST, NOIDA, Uttar Pradesh	India
S2-659524813	Dental Care Associates LLC	1373-1375 STEELE HOLLOW RD, HUSTON TWP, PA	US
S2-609387965	Rogers Green Distribution P.L.L.C.	4168- FARMSTEAD DR, SANFORD, NC	US
S2-935213094	VUE PEDIATRICS, INCORPORATED	CANAL ROAD, HEBRON, OH	US
S2-274375912	Mcleod Obic Clinic Co	13702 TEXAS SAINT, WICHITA, KS	US
S2-542042196	PD Enterprises Pvt.  Ltd.	139, REGENT ESTATE RAIPUR ROAD, KOLKATA, KOLKATA, পশ্চিমবঙ্গ	India
S2-584290569	Brightora Cohen	TYLER, 0960 2219, TX	US
S2-652006559	Laxmi Consultancy [LLP] [LLP]	DOOR NO 874 H.NO: 8-1-332/3/70/A, 2ND FLOOR, AZIZ BAGH, TOLI CHOWKI, HYDERABAD, Telangana	India
S2-948062570	Mount Chapel	28 MEETING ST, CLAYTON, NC	US
S2-492336466	TIFFY SANCHEZ SPACSPHERE INC	NASHVILLE, CARTER ST, TN	US
S2-175334160	SIOUX STEINER ENTERPRISE L.L.C.	935. ESTACADO CT, GRAFORD, TX	US
S2-523101352	Mr FORTUNE FINANCE-LIMITED	NO1627 B L ARCADE I FLOOR, C BLOCK, BANGALORE NORTH, Karnataka	India
S2-508606667	Services Virag Beauty Private (Limited)	OM DEV GUPTA S/O SRI KAILASH CHAND GUPTA R/O KHAWAZA FIROJ, SHAHJAHANPUR, <NULL>, उत्तर प्रदेश	India
S2-747196431	Private Mont Promoters (India) Ltd	FLT NO-H/22, MUMBAI CITY, BOMBAY, Maharashtra	India
S2-375894429	Kolkata  Clinic	H.NO 5 ON GROUND FLOOR KRISHNA APARTMENT OF PROPERTY BEGRING NO. 111/9 KISHAN GARH, DELHI, Delhi	India
S2-506804164	Vector Ta1ents Private Ltd	G/2 AAVISHKARR APPARTMENTSBEHIND WATER TANK ADAJAN ROAD NEAR SARDAR BRIDGE, SURAT, Gujarat	India
S2-832959781	Moffett Hinlgd Best	W5808 PROSPECT ROAD, HORICON, WI	US
S2-671902401	Limited Ventures Mass Private [Services]	12-117, STREET NO 6, ALWAL, LOTHUKUNTA, TIRUMALAGIRI, HYDERABAD, తెలంగాణ	India
S2-343018791	archshiv.com	E-7, A COLONY, FLAT NO. 106 MEGHNA TOWER, L. L. RAI SOCIETY, BHOPAL, HUZUR, Madhya Pradesh	India
S2-803438453	95/47 Financial LLC	4109 PARKVIEW COURT, BEDFORD, TX	US
S2-517979987	PEDIATRIC CARE	72-76 WATERSCAPES DRIVE, PIKE ROAD, AL	US
S2-820114399	vans hire pvt ltd	DOOR NO 352 DOOR NO III/173 BCHIRAYATH BUILDING CHERIAKKARA ROAD PUTTHONCHIRA, POST THRISSUR, MALAPPURAM, Keralam	India
S2-551171708	shivamoggacarbon.com	C/O. K R PRAKASH BOSLAY, B-56., 2NDCROSS B MAIN, GOPALA GOWDA EXTENSION, SHIVAMOGGA, Karnataka	India
S2-508608293	RUNKLE  DYNAMIC DYNAMICS	#16 WOODRIDGE RD, PLAINVILLE, MA	US
S2-467397551	Private Silpa Solution Limited	47-143-1, NO 07, 1ST MAIN, MARUTI LAYOUT T B CROSS, BANGALORE NORTH, BANGALORE RURAL, Karnataka	India
S2-437742177	Torres, Virgina Associated Ltd	WI, VILLAGE OF FREDONIA, 478 DEER MEADOW CT	US
S2-781289854	Limited Span Media	D- 298, C-4 , JANAK PURI, NEW DELHI, Delhi	India
S2-256277964	JAYANT TRÚST	SH NO1, GRUOND FL, SAIRAJ COMPLEX1 CO-OP HO SO, PL N-103, GES, SECTOR-1, SANPADA, THANE, महाराष्ट्र	India
S2-654963379	FOOT & ANKLE  BRIGHT	72 OAK HILL DR, E. NORWICH, NY	US
S2-390717408	Kneeland and Rocha Metro	9960 MULBERY PARK LN, TOMBALL, TX	US
S2-354511594	Platinum (India) Laboratories Overseas	B 3/319, FIRT FLOOR PASCHIM VIHAR, DELHI, Delhi	India
S2-399305237	Mccormick Capstone Lakeside Inc.	227 CHURCH ST, MADISON TOWN, VA	US
S2-520776791	Bethanne Moreno Rapid Graphics	256-B REEDS LANDING, N/A, SPRINGFIELD, MA	US
S2-350275341	Olanova  Interiors Inc.	7854 OLDE ENGLISH RD, SAINT LOUIS, MO	US
S2-147085251	Vyasa India Pivoate Limited	Delhi, S-48 , VIJAY VIHAR UTTAM NAGAR	India
S2-285735152	SCHMITT DESERT FREIGHT [ÍNC]	5101 DEERGATE DR, HUBER HEIGHTS, OH	US
S2-959954422	साउथ इंडस्ट्रीज प्राइवेट लिमिटेड	#768 C535 SECOND FLOR DEFENCE COLONY, SOUTH DELHI, NEW DELHI, Delhi	India
S2-407539329	holmesfamilyoffice.com	704 SUNRISE FBVE WAY, CHESTERFIELD COUNTY, VA	US
S2-587415189	Consultants New Fintech Private	3ST FLOOR, #256-C, BRS NAGAR, LUDHIANA, Punjab	India
S2-249963674	Primary Care Féderal Medicine LLC	16614 159TH ST, LOCKPORT, IL	US
S2-612036878	Pediatric Select Specialists Inc.	14142 192, TYLER, TX	US
S2-839876436	Khairatabad Ctihs Limited	6-3-596/69, NAVEEN NAGA,R KHAIRATABAD, Andhra Pradesh	India
S2-301530899	इंडो प्रोडक्ट्स प्राइवेट लिमिटेड	H.NO. 1015 DEVALGAON GATH, PARBHANI, Maharashtra	India
S2-460986271	delhi communications pvt. ltd.	652 FIRST FLOOR PHATAK DUPTY SULTAN CHURIWALAN, DELHI, Delhi	India
S2-117445211	Dental Fresh Health L.L.C.	LEAGUE CITY, 2018 SANDY COAST CIR, TX	US
S2-951136836	Limited Mountain Estate Center	Gujarat, FF- D/4 & 6, AHMEDABAD, SOLA	India
S2-825906359	Davis Defense-(LLC)	151 PORCHE LN, HOUMA, LA	US
S2-625650903	Desert Vision Center Summit Inc	02317 CAMPDEN DRIVE, AUTIN, TX	US
S2-384146739	DIGITAL TECHNOLOGIES PRIVATE LIMITED	महाराष्ट्र, NO 113 EK DANT APP, GANESH NAGARI KORADI RD, KAMTHI	India
S2-218526638	Secure Investment Works Llc	CLARKSTON ST, QUEEN CREEK, AZ	US
S2-495135052	Hinda Bryant, CPA	102 G STREET, TACOMA, WA	US
S2-650758735	Jackson Holdings Group Corp.	TWENTY FIRST AVENUE, LONGVIEW, WA	US
S2-514069566	सिटी वेंचर्स लिमिटेड	C-A-121, MUMBAI, महाराष्ट्र	India
S2-750151425	Vmp Brothers Co	NO 38 10-1-543/A, OPP : BPL SERVICE CENTRE VICC CENTRE, SECUNDERABAD, Telangana	India
S2-408071896	Cornerstone Logtics Worldwide LLC	DAYTON, OH, 1900 HIGH KNOLL DR	US
S2-386874693	Shiv Software Private [Limited]	S NO. B3/45/3/3 PISOLI NR MANGO TREE, PUNE, Maharashtra	India
S2-900685606	Gonzales Worldwide Inc	7478 FANTAIL DR, NORTHFIELD CENTER TWP, OH	US
S2-469995048	LT Solutions Private Ltd	87 , 1ST MAIN ROAD, 4TH CROSS STREET, T.M. NAGAR, PERUNGUDI, Tamil Nadu	India
S2-916653978	Park Fiyl Practice Practice LLC	3585 HOOD DR, SOUTHSIDE, AL	US
S2-106684882	Xylosyn	4025 BLOCK DR, IRVING, TX	US
S2-457921913	Catron Beacon Roofing	##76 Park Ln, ATL, GA	US
S2-118310074	Modern Agro Private Limited	817/29, GURUGRAM, PALAM ROAD, Haryana	India
S2-264529822	M/s Bravura Trradicg Private Limited	C-7, KUMAWAT COLONY JHOTWARA, Rajasthan	India
S2-910717115	Center Family Specialists LP	FAIRWAY DR, CAMP HILL, PA	US
S2-343911956	CONSULTING PBAI FÁBRICS	E4/271 , ARERA COLONY BHOPAL, HUZUR, Madhya Pradesh	India
S2-399483525	Total Marketing Slena LLC	406 BIRCH BLVD, <NULL>, SEDONA, AZ	US
S2-574462998	Saidapet Development Private	21 DLF SEZ IT PARK BLOCK NO. 6, LEVEL 6, 1/124, SHIVAJI GARDEN, MANAPAKKAM, GKS TECHNOLOGY PARK, SAIDAPET, தமிழ்நாடு	India
S2-54053377	Dynamic Trusted Software  Inc	925 Broadmoor Drive, CITY OF EL PASO, TX	US
S2-671328466	rainbowgift.com	SR NO.228/1, KHANDOBA MAL PUNE-NASHIK ROAD, BHOSARIGOAN, PUNE, Maharashtra	India
S2-588390444	BEHAVIORAL HEALTH [CLEAR]	614 PLUTARCH ROAD, HIGHLAND, NY	US
S2-538702585	Blue Holdings	526 BROADWAY AVE, GEARY, OK	US
S2-956138110	Smt PLUTUS HOLIDAYS LTD PVT	#25, SANSKAR TENAMENTS, NR. GHANSHYAM VILA, NIKOL, AHMEDABAD, Gujarat	India
S2-42253556	Pinnacle  Aluminum	NY, 53 WDLKINS ST, PO BOX 2756, ROCHESTER	US
S2-631940114	Khan Clear Manufacturing Inc	4635. HAVILAND COURT, NAPERVILLE, IL	US
S2-257079018	Klarrisa Kaetna Global  Drilling Ltd	2723 GOLDEN HILLS CT, TX, FRESNO	US
S2-686048932	ವೈಟ್ ಕನ್‌ಸ್ಟ್ರಕ್ಷನ್ಸ್ ಪ್ರೈವೇಟ್ ಲಿಮಿಟೆಡ್	Karnataka, BANGALORE SOUTH, NO 535	India
S2-77718507	NEXIFY OCCUPAITNLAL THERAPY [CORP]	SKIATOOK, OK, 0013193 OSAGE AVENUE	US
S2-945670267	स्वस्तिक कंसल्टेंट्स प्राइवेट लिमिटेड	SHREE GANE, SH DEVELOPERS, PL NO.97/21, PUNE, महाराष्ट्र, RO. HOUSENO-O4-1, HAVELI	India
S2-195348666	Cancer Program	NY, 26-28 KINGS HWY, IRONDEQUOIT	US
S2-101145583	B 8  CRYSTAL GOLDEN	##1143 GARDEN DR, NEWPORT NEWS CITY, VA	US
S2-270419737	Rauda, Nicholas  and Noel Focus, Partners Ltd	#37 GREENVIEW RD, GROTON, CT	US
S2-879325787	Mercury Valley Richardson	1931 123RD STREET, CLEVELAND, OH	US
S2-301945783	Coffman Safe Collective Group	8710 FOREST HILLS BOULEVARD, DALLAS, TX	US
S2-83099065	FROG  LTD INDIA	DOOR NO 176 , SECTOR 52, GUTIGAU, GURUGRAM, हरियाणा	India
S2-518156589	Mr ... BANANA EMPLOYEES PRIVATE LTD	Delhi, SOUTH DELHI, TOP FLOOR, SAVITRI NAGAR, MALVIYA NAGAR, DELHI, 95-B	India
S2-176280486	Ness, Bradford & Vargas Inc.	222 LOWER GORE RD, WEBSTER, MA	US
S2-145944249	Llc Legacy Transit Brands	1500 POMPEY WAY, PRESCOT, AZ	US
S2-894125037	The Maid Cafe Metro	##1913 HIGHLANDS HWY, SC, WALHALAL	US
S2-967128331	GEACHT INC.	148 PINEY OVERLOOK LN, SALUDA, NC	US
S2-859505664	>> Ventures Btrhs LLP	NO 4 S/O PARMESHWAR DAYAL, CHONDI WARD NO-05, NEAR PANI TANKI PO-BARH, BARH, PATNA, Bihar	India
S2-829517111	Mohan Ginning Alaiarh LLP	OFF.NO08, LOWERGROUND FLOOR 3/360D NEW NIRANJANPURI, BEGIND EDEN GARDEN MARRIAGE HOME RAMGHAT, ROAD, ALIGARH, उत्तर प्रदेश	India
S2-265988328	भारत फाउंडेशन प्राइवेट लिमिटेड	E-11, RAM PATH, SHYAM NAGAR EXTENSION, NEW SANGANER ROAD, JAIPUR, Rajasthan	India
S2-14387516	Faustina Wells Starwood [Inc.]	145 23RD AVE, BELLWOOD, IL	US
S2-231622146	PRATIBHA & BROTHERS PVT. LTD.	267, GALI NO. 5, DURGA PURI EXT., SHAHDARA, Delhi	India
S2-452652160	Wei Smart Electric	BARBERRY CT, HILLSBORO, OR	US
S2-266907502	ORTEGA, ÁNTHÓNY & HAMPTON LLC	CHAPPELL LANE, MISSOURI CITY, TX	US
S2-656541052	Memorial  Chalities	904 BURTN PLACE, ARLINGTON HEIGHTS, IL	US
S2-878479982	SUMMIT HUB	428- YACHT CLUB DRIVE, ROCKWALL, TX	US
S2-345978942	Cosetta M Payne, Esq Highland Corporation	187 DOVER ROAD, PAWLING, NY	US
S2-150319938	MUMBAI MOBILES PRIVATE LTD	ROOM NO-06, SAIBABA NAGAR S V ROAD, SAVJI JADHAVJI COMP, DAHISAR, MUMBAI, महाराष्ट्र	India
S2-251573774	Primary Care Group of Augusta County Group	567 PLEASANT GROVE RD, STAUNTON, VA	US
S2-801134662	Smt North Services Ltd	33-34. WELLESLY RD, OFFICE 6-7 MANTRI COURT, PUNE CITY, Maharashtra	India
S2-543515590	Lopez,-Auyeung and Jackson	70 TORREY RGAD, SUTTON, MA	US
S2-561199584	Optimal Madison Services	GLEN DALE, 1073 LITTLE GRAVE CREEK DRIVE, WV	US
S2-585212106	రామ్ బిజినెస్ లిమిటెడ్	4-12/A, KOSHETTY TOWERS, LINGAMPALLY, SERILINGAMPALLY MANDAL, HYDERABAD, తెలంగాణ	India
S2-799313252	#edmondsasset	22304- 95TH PLACE, EDONDS, WA	US
S2-78225836	Orthopedic United Care Associates Corp.	14668B STANFORD ST, MOORPARK, CA	US
S2-263467184	राम कंस्ट्रक्शन एलएलपी	A-##1705, HILLCREST, SARIPUT NAGAR J V L LINK ROAD, OPP SEEPZ GATE NO-3, AN, DHERI(EAST, MUMBAI, MUMBAI CITY, Maharashtra	India
S2-31926376	Wong  Molecular Inc	##2035 MITCHELL STREET, CASPER, WY	US
S2-487594272	Maya Brothers Overseas	NO 43 AKP BUILDING, PUTHUKULANGARA, NEDUMANGAD, NEDUMANGAD, THIRUVANANTHAPURAM, Kerala	India
S2-269656148	5amridh Pártners Center	DOOR NO 853, POCKET-D, DILSHAD GARDEN, SHAHDARA, N/A, दिल्ली	India
S2-903050043	Ltd Surya Khosla	MALVIYA NAGAR, Rajasthan, JAIPUR, OFFICE NO. 317 OKAY PLUS SPACE BLDG., NEAR APEX CIRCLE, PLOT 332 F-48	India
S2-730333885	Maa Big Consultancy Privae Limited	UNIT NO.00210, 2ND FLOOR D' WING CRYSTAL PLAZA, NEW LINK ROAD, ANDHERI(WE, ST), MUMBAI, Maharashtra	India
S2-552012972	Sweet Massage Inc	##21 113TH ST, EVERETT, WA	US
S2-208015340	Inc. Peflovue Wrolhwe	12755 Mill Creek Rd, MT, LOLO	US
S2-186451284	Rocky Project Llc	CONROE, 10136 MEADOR ROAD, TX	US
S2-646554413	Camovue LLC	ROCKY MOUNT, 438 1/2 WASHINGTON STREET, NC	US
S2-171255505	llc castaneda spdr	##61 FERNBROOK ROAD, NORTHBOROUGH, MA	US
S2-372947650	Mishika (India) Logistics Prívate	H.NO 6-3-347/8/A , P NO Â 3, SY.NO Â 111 PANJAGUTTA, HYDERABAD, Telangana	India
S2-770762187	Corp Bradberry Williams	08434 500, TOULON, IL	US
S2-313616814	Deltaorbiveo	PLOT NO. 45, MANISH NAGAR LA N/R KACHORE LOWN, NAGPUR, Maharashtra	India
S2-386673253	Solutions Rd Chit Overseas Pvt. Ltd.	#5 MOKAMA KOTHI, JANAK KISHOR, RD, NEW POLO MEDICAL HALL, PHULWARI, Bihar	India
S2-251068563	PRESLEY PIONEER COLLIECE HARBOR  CORPORATION	13-B 3ND STREET, DRYDEN, NY	US
S2-917277573	Dental-Choice Care Associates Inc	13814-13818 VANE ST, OAMHA, NE	US
S2-415708992	GREENVALLEY  TRADING	#101SUNDAR  KIRAN BLDG 6/41 WEA KAROL BAGH, NEW DELHI, Delhi	India
S2-66362484	Delta Preparatory Academy	412. MULKEY ST, FORT WORTH, TX	US
S2-97654972	Lyros Special Co	18023 REDBUD TERRACE LN, CYPRESS, TX	US
S2-656630500	*** KELLEY ÉNERGIA, L.L.C.	2332 GO K KA WULK WOG, TUCSON, AZ	US
S2-921748472	Mclaughlin Trnhsl	5906 STONEPATH GARDEN DRIVE, CHESTERFIELD COUNTY, VA	US
S2-704611878	HIRISE BUSINESS EXPORTS  LTD	H.NO A-62 KATEHRA, UGAPUR AURAI, BHADOHI, Uttar Pradesh	India
S2-813892682	मॉडर्न प्रोडक्ट्स बेकरी प्राइवेट लिमिटेड	Uttar Pradesh, NO ##89 DHMAPUR, BIJNOR, MOHAMMADPUR PARMA DHAMPUR, BIJNOR, DHAMPUR, AONLA	India
S2-424391282	Bangalore North Multitrading Industries	H.NO 148/919/2/1/6 , 1ST FLR, MARUTHI NAGAR, KODIGEHALL, BANGALORE NORH, ಕರ್ನಾಟಕ	India
S2-419854416	Multimax & Brothers Private	B- 201, 202, 203, 204, 205, SCOND FLOOR, MONTCLAIRE OFFICE SPACES, HAVELI, महाराष्ट्र	India
S2-721904436	മാ ഡെവലപ്പേഴ്സ് പ്രൈവറ്റ് ലിമിറ്റഡ്	KOCHI, ERNAKULAM, 39/2475 B1, SUITE#227, LR TOWERS, SJRRA 104, S JANATHA RD, PALARIVATTOM, Kerala	India
S2-465470589	CASCADE ATLANTA SOUTHSIDE INC	1420 CLARK AVE, WINSTON-SALEM, NC	US
S2-952627225	Caldera Silver Cloud [Ltd.]	SOUTH JORDAN, UT, 425  CADBURY DR	US
S2-617648767	mckinneysstaffingassociates.com	892 NEW RIVER INLET RD, NORTH TOPSAIL BEACH, NC	US
S2-420616140	JACKSON & PEREZ,	108 ARBOR DR, null, GREENVILLE, NC	US
S2-619101120	Metropolitan Diaresla Greater Inc.	TX, LEESBURG, 982 2504	US
S2-405761831	MJ INVESTMENTS (INDIA)  PRIVATE LTD	#0432 PRIYADARSHINI NAGAR AYYANTHOLE, THRISSUR, Kerala	India
S2-89335337	Western School Of Medicine	2157 SUMMER HILL CIR, WILLIAMSON COUNTY, TN	US
S2-410554264	Monahan Property of  Town Of (Stiles)	4921- W SLOPE LANE, OCOONTO CITY, WI	US
S2-585177002	The Fresh Massage	4787 MOUNTAIN RUN DR, <NULL>, LENOIR, NC	US
S2-846007123	CORDELIA STEVENS CLASSIC [CSLM]	63 SCHOOL RD, ASHEVILLE, NC	US
S2-218069421	Builders Head Structurals Limited Center	NO. 799 21-358-35, SKD COLONY, ADONI, Andhra Pradesh	India
S2-453247495	WILLIAMS, GREATHOUSE AND COHEN LLC CRYPTO	10064  KAREN PLACE, TUCSON, AZ	US
S2-194678094	Immanuel Welfare Society Enterprises (Co)	NO 23 NEOLOGIC, OFFICENO4&5, SRNO105/1/1, NEARORCHIDHOTEL, MUMBAI-BANGLOREBYPASSROA, D, BANER, PUNE, Maharashtra	India
S2-161587464	smart systems group	224  100, SMITHFIELD, UT	US
S2-511719474	transcontinental construction solutions lakeside llc	818 COUNTY LINE RD, MOORESBRG, TN	US
S2-836911625	asunited.com	608  EUCLID AVENUE, LYNCHBURG CITY, VA	US
S2-56409397	heritagecenter.com	165 2ND STREET, SAN BERNARDINO, CA	US
S2-869408739	Zettler Brewer & Technologies-Inc	727 FOURTH ST, COLUMBUS, OH	US
S2-984215989	M/s Nandi  Enclave	SHOP NO. - 20, SECTOR - 15A, SAI ARCADE, NEW PANVEL, PANVEL, Maharashtra	India
S2-241171786	Smt Shiv Engineering Ltd	#550, 6TH MAIN, 4TH STAGE BEML LAYOUT, RAJARAJESHWARI NAGAR, BANGALORE, Karnataka	India
S2-542369725	Urban (Pza)	6959 SANDFIELD DR, MONTGOMERY, AL	US
S2-242695114	Motor India Industries Private Limited	NO #34 AWFIS, PRIMUS BUILDING, DOOR NO. SP-7A, GUINDY INDUSTRIAL ESTATE, SIDCO INDUSTRIAL ESTATE, GUINDY GUINDY, CHENNAI CITY CORPORATION, N/A, Tamil Nadu	India
S2-672063472	Arden Léblanc Mountain Rate Inc	IN, 680 SYCAMORE SAINT, MARTINSVILLE	US
S2-85688632	urology care	505. ARAGONA BLVD, VIRGINIA BEACH CDP, VA	US
S2-101018773	South-Center	West Bengal, DOOR NO 45 R. N. TAGORE ROAD, BEDIAPARA, KOLKATA, KOLKATA	India
S2-388375900	Pediatric Dentistry Medicine of Saint Louis  LLC	CLYDESDALE MANORS COURT, SAINT LOUIS, MO	US
S2-359349309	ALL PRODUCTS PRIVATE (LIMITED)	PATHAN'S BUILDING, ROUND SOUTH, Keralam	India
S2-548525915	Best Laboratories  L.L.C.	12 Rolling Thunder Rd, GANDEEVILLE, WV	US
S2-1291827	Taque Harbor Boutique	5590 1/2 Vantage Point Road, COLUMBIA, MD	US
S2-573355204	Beloverasol	ESTATE DR, BLOOMINGTON, IN	US
S2-220270767	EUGENIA CHRISTENSEN QUALITY LLC CENTER	004500 I-275 WB EXPY, CNCINNATI, OH	US
S2-647338340	Slate LLC LLC	MA, LEXINGTON, TURNING MILL ROAD	US
S2-842387911	Store Nursing Home Limited	38/1 , OLD NO.21A/1, SATHANGADU HIGH ROAD, RAJAKADAI, CHENNAI, Tamil Nadu	India
S2-468383229	PEORSSEYH'S HOLDINGS	PMB 9256, 1702 BARTONCLIFF DRIVE, AUSTIN, TX	US
S2-719917880	Tech Private Limited Partners	C/O ANUPAM MAITY, SAIYADPUR, PO-RAMNAGAR, RAMNAGAR, West Bengal	India
S2-889149162	श्री फूड लिमिटेड	Delhi, FIRST FLOOR, POCKET-9, SECTOR-23, ROHINI, NORTH DELHI, HN 698 HOUSE NO. 45	India
S2-499283141	टेक बिल्डर्स फार्मेसी लिमिटेड	1808, LOTUS LINK SQUARE K3 &K4, NEAR APNA BAZAR, D.N NAGAR, MUMBAI, Maharashtra	India
S2-44630194	galaxyelectronics.com	FLAT NO.804, TOWER-B, SATYAM TOWER, THAKUR COMPLEX, 90, D.P. ROAD, NR A, MUMBAI, Maharashtra	India
S2-450721474	SEPL INSTITUTE OF TECHNOLOGY-LTD	B-0045 HARYHUR SOCIETY VILLAGE KHAMBHAT TALUKA KHAMBHAT DISTRICT ANAND, KHAMBHAT, Gujarat	India
S2-432940215	ହ୍ୱାଇଟ୍ ଇନଫୋଟେକ୍ ଲିମିଟେଡ୍	BLOCK D-244 ROOM NO-001, GROUND FLOOR, PLOT NO-340/768, KOTHIASAH, JAGATSINGHPUR, GANDAKIPUR, Orissa	India
S2-236853424	Salvo  Home Improvements	JACKSONVILLE, 0924 LYNCHBURG DR, NC	US
S2-177124233	LIMITED MISHRA PUBLIC CENTER	OFFICE NO.602, PUNE, Maharashtra	India
S2-192857282	Travis Atie [LLC]	331 1/2 RAILROAD ST, LOVINGTON, IL	US
S2-568609101	Hayden, Emmalynn,  Ph.D.	CA, LOS GATOS, 24805C SKYLAND RD	US
S2-988925106	4090 PARK AVE  ASSOCIATES (GROUP)	1815 GARDINER LN, LOUISVILLE, KY	US
S2-368492239	REYNA COMPASS OF MOORESBURG	110 LORETTA LN, MOORESBURG, TN	US
S2-369535625	Jai  Acbdbemy LLP	UNIT 7B, 7TH FLOOR, 41 SHIBTOLLA STREET, POSTA, KOLKATA, KOLKATA, West Bengal	India
S2-139165286	WCC (I) CORPORATION	PLOT NO. ##10 , BLOCK NO. 6 FF, RIGHT SIDE, SPRING FIELD COLONY, SEC, TOR-31, Haryana	India
S2-569706895	everman, barnes & waymire tidewater harbor l.l.c.	1319 38TH STRET, EAST ST LOUIS, IL	US
S2-244043356	C0lonial Institute-Inc.	2520 LOT 87 NEW ERA RD, CARBONDALE, IL	US
S2-593555250	Station International School	97 , SHRI GANPATI, NAGAR, SIRSI ROAD, JAIPUR, Rajasthan	India
S2-210899844	Federal (Floating)	184 TERRY AVENUE, SPRINGDALE, AR	US
S2-144196447	Halcyon Principal L.L.C.		US
S2-575235402	Cancer Center Metro,	##114 LARK LANE, STERRETT, AL	US
S2-125940021	Pvt Img Ltd Specialities	PLOT ##643 C/O KIRPAL SINGH, PEHOWA, <NULL>, Haryana	India
S2-411898529	TRUSTED HOSPITALITY	36 TIMBERLAKE DR, SHELTOON, WA	US
S2-507303094	CONGREGATION ZÍON	##4625 MIDWAY RD, WEATHERFORD, TX	US
S2-357582639	20/20 LLC Center (Vision)	1348 HERITAGE HILLS WAY, WAKE FOREST, NC	US
S2-176793659	Smt bharatexports.com	401SRIVENKATESWARAENCLAV, ROAD NO. 10/B, MANIKONDA, RANGAREDDY, Telangana	India
S2-36061379	Quartz, LLC		US
S2-907139684	यूनिवर्सल सॉफ्टवेयर प्राइवेट लिमिटेड	RH4, MUMBAI, MUMBAI CITY, महाराष्ट्र	India
S2-229677266	nettasvaluegrill.com	CROUSON STREET, MONTGOMERY, AL	US
S2-355977389	Dynamic Supreme  Allurion PLLC		US
S2-220416495	Solan Gocd	MURPHY, 6270 294, NC	US
S2-154207496	Private Om Krifan Exp0rts Limited	29, LAXMI NARAYAN SHOPPING CENTRE, 1ST FLOOR PODDAR ROAD, MALAD (EAST), MUMBAI, महाराष्ट्र	India
S2-180414900	Dr Tigerhill Services Prdnrsttve Limited	NULL, PLOT NO. 24, BASEMENT FLOOR, DWARKA SECTOR -11, NEW DELHI SOUTH WEST DELHI DL, DELHI, Delhi	India
S2-158061583	Main Street Ice Cream Ltd	419  COLUMBIA AVENUE, INCORPORATED, WA	US
S2-131328311	<CITY_NAME> LIFE PRIVATE LTD	C O PRINCE WATER HOUSE SUITENO 9 20A PARK STREET, West Bengal	India
S2-847611892	Sweet Nails of Chicago	1133-1137 57RD STREET, null, CHICAGO, IL	US
S2-429023364	BY Staking	786 COMMUNITY COLLEGE RD, TAZEWELL COUNTY, VA	US
S2-217066071	ब्लू सॉफ्टवेयर प्रा. लि.	UNIT1D, SUSHILSAMIRCHS, AWING, ASHOKNAGARCROSSROADNO.1, KANDIVALI(, EAST), MUMBAI CITY, महाराष्ट्र	India
S2-715728719	orthopedicphysicians.com	15550 VAGLICA DRIVE, SOUR LAKE, TX	US
S2-380315054	properties & associates	Maharashtra, 2-19, KAPSHI, AKOLA, KAPASHI TALAV, AKOLA	India
S2-931171189	बेस्ट सर्विसेज लिमिटेड	356/208/17, ALAMNAGAR ROAD, RAI BARELI, LUCKNOW, Uttar Pradesh	India
S2-626336673	Foot Ankle Capital Health Center	##28013 109TH ST, COWETA, OK	US
S2-559694163	Carter,  Rucinski & Sanders PC	#2746 MARSHALL ST, ROCKFORD, IL	US
S2-9090712	BIG CLEANING SERVICE CORP	456. 43 STREET, BROOKLYN, NY	US
S2-65907486	Coastal Chiropractic Group	528 FERN TRL, TN, SIGNA LMOUNTAIN	US
S2-861119454	Sai (India) Corp Center	D-110/4, SOBHA GARNET, SITE NO.38/2B IBBLUR VILLAGE, BENGALURU, ಕರ್ನಾಟಕ	India
S2-355600391	A1len Karman	4322 COPPER SKY LANE, KATY, TX	US
S2-393926536	SUPERIOR SUPPLY LABS	#22 ACRE LAWN COURT, RONAN, MT	US
S2-883374097	Corp R X Rhodes Paper	1137 CHURCHVIEW PL, POTOMAC, MD	US
S2-493175650	मॉडर्न बिल्डर्स प्राइवेट लिमिटेड	C/O SH. RAKESH KANODIA, KHETRI MOD, NEEM KA THANA, DIS-SIKAR, SIKAR, Rajasthan	India
S2-560057171	Royal Foundation [Limited]	B-205, VIRWANI INDL. ESTATE OFF WESTERN EXPRESS HIGHWAY, GOREGAON EA, ST, Maharashtra	India
S2-532775769	Kat Savage Dírect Exchange LLC	2970 LAKE ROAD, SENECA FALLS, NY	US
S2-598375228	M/s NITIKA PRINT PNTVAE LIMITED	DOOR NO 842 IKEVAOFFICE, LEVEL1, AM10, MBTOWERSROADNO.10, BANJARAHILLS, HYDERABAD, Andhra Pradesh	India
S2-294710760	SOUTH  &-CO	FLAT NO.S-#24, TNHB COMPLEX NEW NO.4, OLD NO.180, LUZ CHURCH ROAD, M, YLAPORE, CHENNAI, Tamil Nadu	India
S2-473689225	JONES ROYAL-BIOWORKS INC.	OH, 1449 NORVILLE COURT, DAYTON	US
S2-401824605	Sri Spear & Co.	UG-13, ROYAL PLATINUM SCHEME NO.94, OPP. BOMBAY HOSPITAL, Madhya Pradesh	India
S2-471209755	Almonte  Secure Trailblazer	35424 SR 7, OH, POMEROY	US
S2-772466238	മാ ഇൻഡസ്ട്രീസ് പ്രൈവറ്റ് ലിമിറ്റഡ്	KUMMAYAPPURATH BUILDING, OPPOSITE ULLIYERI TOWN MASJID, ULLIYERI, KOZHIKODE, Keralam	India
S2-481278168	Producer Jemi Diagnostics LLP	Tamil Nadu, DOOR NO 203 / 2 SCHOOL STREET, ELAKKAI MANGALAM VILLAGE, SRIPERUBUDUR	India
S2-893907046	गुड इंडो इन्वेस्टमेंट लिमिटेड	PANCHAMRUT BUILDING NO E/204, KAVESAR WAGHBILL, G B ROAD, THANE, MUMBAI THANE, Maharashtra	India
S2-256033433	Pediatric Medicine	4850-C 20, LAFAYETTE, NY	US
S2-94605262	Mr DECCAN METAL INFRATECH LTD	DOOR NO 24-29D , SECTOR-3, SANWER ROAD, Madhya Pradesh	India
S2-469805442	Karnes Medical Center	PMB 3567, 116 PINE TREE ROAD, NY, ITHACA	US
S2-619272324	Cozy Cleaning Service! Inc	2162-C SANGAMON ROAD, CHITTENDEN, VT	US
S2-656561140	ईस्ट इंटरनेशनल प्राइवेट लिमिटेड	DOOR NO 517 RAHEJA CHAMBERSNARIMAN POINT, EAST GARO HILLS, BOMBAY, Maharashtra	India
S2-818835224	ಶ್ರೀ ಅಗ್ರೋ ಪ್ರೈವೇಟ್ ಲಿಮಿಟೆಡ್	#31, BANGALORE, Karnataka	India
S2-868990812	Blue-Stardust Co	00989 MABRY HOOD ROAD, KNOXVILLE, TN	US
S2-639387175	WIMSATT STAR KEYSTONE	1409 STARDALE LN, DALLAS, TX	US
S2-892995048	merlion industries private limited	H.NO A-1ST FLOOR, KONARK PLAZA SAPNA TALKIES, NEAR SAPNA GARDEN, ULHASNAGAR, महाराष्ट्र	India
S2-651112253	जय लॉजिस्टिक्स प्राइवेट लिमिटेड	#012 RAJESHWARI COOP HSG SOC LTDVEER SVARKAR ROAD NAUPADA, THANE, Maharashtra	India
S2-112050030	Roslyn's Green  Diagnostics - 7195001778	740 DAKNTA ST, LEAVNWORTH, KS	US
S2-883604538	Pediatric Dentistry Pinnacle Health Ltd	1432 I L Pugh Road, BLOOMERY, WV	US
S2-745454164	Zeal Beyond Ltd	1/3/1QRCAD, MANSATALADASNAGAR, West Bengal	India
S2-710330481	Crosby Annuities  LLC	CYPRESS, TX, 14738 APRICOT BLUSH COURT	US
S2-776706162	Ltd 5ummers Plátinum Republic	237 THOMPSON STREET, INCORPORATED, IL	US
S2-564664613	Mccowan, Seifert & Wóod LP	425 MASSACHUSETTS AVE, BOSTON, MA	US
S2-334538444	GALAXY INTERNATIONAL PRIVATE LTD	NO. 45, SHRI ASHTALAKSHMI NILAYA, KODIGEHALLI VILLAGE, BANGALORE NORTH, Karnataka	India
S2-892028152	CLASS + CO.	407, PUKHRAJ CORPORATE, OPP. NAWLAKHA BUS STAND NEAR PRASHANT HOTEL, INDORE, Madhya Pradesh	India
S2-930078004	Corp Internal Medicine Specialists	8519 SIENNA FELL CT, ANTELOPE, CA	US
S2-694672248	Dean Service	894 WILLMAN ROAD, TALLADEGA, AL	US
S2-743983952	Lindsey Molecular Group	2373 Wilkins St, DOTHAN, AL	US
S2-657199544	Shri Bharathi & Co Industries	NO 20-8-10, KOTTAYYA REDDY STREET (KR), KAKINADA, Andhra Pradesh	India
S2-964384642	स्वस्तिक इंटरनेशनल प्राइवेट लिमिटेड	G-3D 45, FARIDABAD, Haryana	India
S2-524302654	Clear Ngl Corp	SUMMER ST, NEW BEDFORD, MA	US
S2-883114362	The The Delta Metropolitan-Titan	004628 CHOWEN AVENUE, MINNEAPOLIS, MN	US
S2-627990377	Atlantic Ventures Holdings	821-B LAUREL ROAD, BEAUFORT, NC	US
S2-365428089	C/V LLC Center	20 SANDRA CT, HUNTINGTON, NY	US
S2-344851799	Elberta Vanderpool, DDS PC Center	13362 GREEN LAKE LANE, MOUNTAIN, WI	US
S2-789226248	WEALTH-THREE PRIVATE LIMITED	501/2, SHAPATH CMPLEX-1, OPP. RAJPATH CLUB, AHMADABAD CITY, Gujarat	India
S2-844301661	Tech Avesta Technologies ([Limited])	0026/802, EAST END APARTMENTS, MAYUR VIHAR, PHASE I, दिल्ली	India
S2-847490350	americansupremebert0.com	022715 DUSK OASIS LN, HOCKLEY, TX	US
S2-803900204	Balaji Trading Holdings Private (Limited)	DOOR NO 055-B 402 SAGAR AVENUEJUNCTION OF S V ROAD&LALLUBHAI PARK ROAD ANDHERI(W), MUMBAI, Maharashtra	India
S2-285954308	Neflous Inc.	967 PIKEVIEW DR, LOUISVILLE, KY	US
S2-108012694	Clyify-Services	8530 22ND AVENUE, PHOENIX, AZ	US
S2-686229351	टेक प्रोड्यूसर लिमिटेड	H.NO-1640/A/43, WARD NO-3, WCL HOUSING EMPOLYING GOR, NAGPUR, Maharashtra	India
S2-884060711	Mr HIT	S-1-6, 3RD FLOOR, SIDDHARTH BUILDING 15TH MAIN ROAD, GUINDY INDUSTRIAL ESTATE, GUINDY, CHENNAI, தமிழ்நாடு	India
S2-193197596	Supreme One Engineering Private (Limited)	G-52, SDCTOR-6, NOIDA, उत्तर प्रदेश	India
S2-185384477	All Software 8rands Northside	113 COUNTRY CLUB DR, BLACKSBURG TOWN, VA	US
S2-391538701	COMPLETE REGIONAL PENNANTPARK INC	66 STONY KNOLL ROAD, DOBSON, NC	US
S2-752334650	agranites.com	FLAT NO-4, SECTOR-4B, VAISHNO PLAZA AWAS VIKAS COLONY SIKANDRA, AGRA, Uttar Pradesh	India
S2-809790208	Plateau Researchers  Limited	41 , SREEPADAM, THIRUVELLOOR, KEEZHAVOOR, THIRUVANANTHAPURAM, THIRVUANANTHAPURAM, Kerala	India
S2-592650010	American Guild	1376 WOOD ST, DUBUQUE, IA	US
S2-897818823	GOMATI TRADING PARTNERS CORPORATION	NO.##80 , SECOND MAIN ROAD, GANDHINAGAR, MADRAS, Tamil Nadu	India
S2-814405422	Grace Presbyterian Church LP	15510D THOMPSON RIDGE DRIVE, CYPRESS, TX	US
S2-831027288	Johnson Allied Mellon (Care)	3745. 44TH AVE, MINNEAPOLIS, MN	US
S2-645610256	titancenter.com	278 481, SCHROEPPEL, NY	US
S2-869123033	URBAN SERVICES PROVISION PVT LTD	NO 557 2ND FLOOR 4TH CROSS, 1ST STAGE HANUMANTH NAGAR, BANGALORE SOUTH, Karnataka	India
S2-627095001	India Mnavi Services Limited	B2 62, SECTOR 15 VASHI, NAVI MUMBAI, VASHI, Maharashtra	India
S2-765562924	Kaveresh  Fashion Corp	महाराष्ट्र, H.NO 559 203, ZIPRA ARCADE, BUILDING NO 2, KUMBHARKHAN PADA, NR OM LAXMI LOTUS SOC, DOMBIVALI (W), KALYAN	India
S2-861451481	वन अरिहंत टेक प्राइवेट लिमिटेड	BHAGALPUR, Bihar, JIO OFFICE GROUND FLOOR, SANHOULA, HOUSE NO 77	India
S2-655306966	sbschwab.com	158-C PEACH STREET, AL, HILLSBORO	US
S2-746430967	Rapid Origin Co	##750 SUSSEX CT, ELDERSBURG, MD	US
S2-992540029	Gramm Siddhi		US
S2-229367171	Capital Global Greenfire Llc	1213 CRUMMELL AVE, ANNAPOLIS, MD	US
S2-449495606	Kaylyn Scsohrind Texas		US
S2-862601602	TRANSFORMERS & BROTHERS  CARE LLP	PLOT 13  303, HIMLAND HOUSE, D-5, KARAMPURA COMMERCIAL COMPLEX, NEW DELHI, Delhi	India
S2-435299653	Fedora Lofton  Healthy LP	COUNTY RD 424, EGLEWOOD, TN	US
S2-25466737	Tech Infotech Private Ltd	8-6-375/3/8, SRI SIDDI VINAYAKA APARTM, KARIMNAGAR, Telangana	India
S2-30385528	RED PRODUCER PRIVATE  LIMITED	C/O SATENDRA KUMAR, LAXMI NAGAR SONAI TAPPA, MATHURA, Uttar Pradesh	India
S2-245973242	CXV-Anchor Sachem	50 NELSON DR, BRIDGEWATER, MA	US
S2-874903846	vision harbor care associates	215 MACARTHUR DR, MIDWEST CITY, OK	US
S2-578104515	FRONTIER PESIATRISC	925A DALE AVE, PORTLAND, OR	US
S2-933345792	20/20-Vision  Center LLC	1348 HERITAGE HILLS WAY, WAKE FOREST, NC	US
S2-159856057	Fox, Bolden &	OOLTEWAH, TN, 486 FANNON DRIVE	US
S2-946876207	Perkins Owl-Inc.	33430 FM 506, LA FERIA, TX	US
S2-777819515	Vision  Physicians,	5-9 ASPEN LANE, FALMOUTH, MA	US
S2-263834441	Happy Pizza Co Service	01029 STATE ST, SPRINGFIELD, MO	US
S2-48537853	Good Real Construction Pharmacy Private Limited	2/1149/A40, 1214 2ND FLOOR, HEADQ HILITE BUSINESS PARK, NATIONAL HIGHWAY 66 BYPASS, THONDAYAD, KOZHIKODE, Keralam	India
S2-769070907	Genvieve Holdings Signature Stowe	8685- FRANKLIN DR, EAGLE MOUNTAIN, UT	US
S2-563822314	Benitez Investment	RIDGEVIEW DR, URANDALE, IA	US
S2-346537077	KRIS'S PLATINUM FAMILY CORP PRACTICE	2010- DRY BRANCH WAY, KNOXVILLE, TN	US
S2-466991690	Gautam Granites Private Limited	NO 38 C/O ARUN KIRAR TC S/O PREMNARAYAN KIRAR AACHARYA NAGAR COLONY, AZAD WARD, GADARWARA, Madhya Pradesh	India
S2-659689157	Gangotri (India) Structures Ventures Private Limited	U-027, GALI NO.5, NEAR SUKAR BAZAR UTTAM NAGAA, NEW DELHI, Delhi	India
S2-349244189	Ltd Yash Group of Companies Enterprises	NO D/14RD FLOOR RAM NAGRI, BIGHA ROAD ASHIANANAGAR, PATNA, PHULWARI, Bihar	India
S2-734773283	Liberty (Ventures)	1790 77, PARIS, TN	US
S2-207672894	The Lonoo	3611 PROVIDENCE RD, CHARLOTTE, NC	US
S2-592065502	EKW ENTERPRISES PVT	DOOR NO 202-203 , MANGALMURTI APARTMENT, SECTOR 9, AIROLI, NAVI MUMBAI, Maharashtra	India
S2-848249015	सेवन अल्फा फाइनेंस प्राइवेट लिमिटेड	113, MUMBAI, MUMBAI CITY, Maharashtra	India
S2-9416644	VERNAL SGINATAURE GU	4592 STATE ROUTE 106, UNION CITY, WA	US
S2-220472810	DOCKINS TITAN LLC	JENNY LYNNE LN, FAIRFAX CITY, VA	US
S2-908386376	Snyder Prairie Anadolu	CHESTNUT CROSSING DR, BROOKSIDE, DE	US
S2-388525246	NORRIS & KEECBL MEDIA LLC	20 ALVRD ST, SPRINGFIELD, MA	US
S2-70658543	Dr Innovative Finance Pvt	115/, KANDHAMPALYAM PIRIVU, BHAVANI MAIN ROAD, PERUNDURAI, ERODE, தமிழ்நாடு	India
S2-442009180	Optima Tcleh Private Limited	03- NILKANTH BUNGLOW, OPP NAND BHUMI, V V NAGAR RD, ANAND, null, ગુજરાત	India
S2-229709257	firstwire1essglobal.com	116-B MEREDITH ST, ENTERPRISE, AL	US
S2-126208895	Nirvana Commotrade Private-Limited	H.NO 1265 , DAMAT, KARJAT, Maharashtra	India
S2-371383023	Lakshya Nursing Home	119, AHIR TOLA, SIRSAGANJ, SHIKOHABAD, उत्तर प्रदेश	India
S2-555628145	Pune Technologies Limited Services	DOOR NO 733 S.NO 1/4/10, SHOP-2, DHVANI BUILDING LAKSHMI NAGAR, BEHIND GANESH VILLA, PIMPL, E GURAV, PUNE, Maharashtra	India
S2-40113743	P.C. Fresh Fresh Taver!n	GLOUCESTER CROSSING, NULL, LAKE OFREST, IL	US
S2-325955139	metropolitanaudioinstallation.com	ARENZVILLE, 206 Charles Street, IL	US
S2-836450371	বিগ এস্টেট প্রাইভেট লিমিটেড	KOLKATA, C/O SUKUMAR MITRA, পশ্চিমবঙ্গ, BOALIA, PO-GARIA, PARGANAS SOUTH	India
S2-477867396	એપેક્સ ડેવલપર્સ પ્રાઇવેટ લિમિટેડ	A/502., AHMEDABAD, Gujarat	India
S2-784268583	Direct Mines West	003359 LONGBOW COURT, GRAND FORKS, ND	US
S2-203055692	SIDONEY SPARKS LEGACY YORK GROUP	1752 HIDEAWAY ROAD, NC, OCEAN ISLLE BEACH	US
S2-297852949	ko global limited	3RD FLOOR, BUILDING NO.: 1279 AT 2ND BLOCK, BTM 4TH STAGE(OPP.TO ELECTRONIC CITY RTO, OFFICE), BANGALORE, Karnataka	India
S2-13335367	Primary Care [Medicine]	#1487 11B, DICKINSON CENTER, NY	US
S2-292907299	Sunlite Alloys (India)	198/20, FIRST FLOOR, RAMESH MARKET GARHI, NEW DELHI, Delhi	India
S2-315943688	Creamy Vidyalaya  Company	Telangana, HN 186 FLAT#304, SAIKRISHNA NILAYAM, PLOT#1436, PRAGATHINAGAR, KUKATPALLY, HYDERABAD	India
S2-353969853	CHOICE  LIBERTY BANCSHARES, INC.	4408 LORIN AVENUE, FORT WORTH, TX	US
S2-228666365	VALAREE G. TAMEZ, M.D.	14735  CHICAGO AVE, BURNSVILLE, MN	US
S2-935564656	ECCLES PROCAP  INC.	2060 FM 2920, PO BOX 9514, SPRING, TX	US
S2-614295559	Calcagno	34 RIVER VILLAGE DRIVE, NULL, MILFORD, ME	US
S2-136021722	அரிஹந்த் பிரைம் சொல்யூஷன்ஸ் பிரைவேட் லிமிடெட்	Tamil Nadu, D A, NAMAKKAL	India
S2-162974611	XK Doubleline	2615 VON HILL ROAD, DANDRIDGE, TN	US
S2-828643987	TAPLEY MÓNTESSORI SCHOOL LLC	410, LAUREL, IN	US
S2-618843148	Ace Red East LP	448 HOLDER ROAD, AFTON, TN	US
S2-776759741	Halcify Ethereum #33623	BREMERTON WAY, MONTGOMERY VILLAGE, MD	US
S2-617355895	Lea Holding Company, Ltd	5840 WOODLAND AVE, KANSAS CITY, MO	US
S2-736471381	STUDIO 51 CAFE CENTER	055 ELK VALLEY LN, ELKTON, MD	US
S2-869581219	Juhl Silicon	2729 CARDINAL DR, COSTA MESA, CA	US
S2-935387145	आदित्य इंफ्रा प्राइवेट लिमिटेड	F-40 NDSE-I, DIVREPORTINGCIRCLE, NEW DELHI, Delhi	India
S2-700374816	LEWIS  RIBBON	9105 HALLS FERRY RD, SAINT LOUIS, MO	US
S2-356226953	नॉर्थ मार्केटिंग लिमिटेड	PUNITA W/O DEEPAK ARORA, NEW DELHI, Delhi	India
S2-3239952	Saint Chapel  [LP]	##62685 ORANGE RD, SOUTH BEND, IN	US
S2-440154835	Sunshine's Auto Body Co	HOPE ILLS, 4111 FREEDOM LANE, NC	US
S2-104018531	Zuniga Signature Services	PO BOX 4797, GRAHAM, WA, 14422 293RD STREET COURT	US
S2-620641441	Johnson, Dorree D., P.A. Ltd	105004 HIDDEN VALLEY DRIVE, MCLOUD, OK	US
S2-941095079	Family Medicine-Corporation	1500 PICKFORD LN, NULL, BOWIE, MD	US
S2-846655836	DEVELOPERS INFRA FINANCIAL PRIVATE LTD	BLOCK E-223- 911/6, 4TH STREET, RAJIV NAGAR, KOVILPATTI, NULL, Tamil Nadu	India
S2-228160995	Rvg Dégsigss Private Limited	ગુજરાત, BUNGLOW NO 25., AVLON PARK, OPP. WATER TANK, GAMDI RD, DASKROI	India
S2-163680176	Physical Therapy Associates Care Atlantic	BURNET FIELDS DRIVE, BAYTOWN, TX	US
S2-140039745	Bangalore Manufacturing Private	TF-G-306, KANAK RESIEDNCY APARTMENT NGR LAYOUT MAIN ROAD, ROOPENA AGRAHARA, BANGALORE, Karnataka	India
S2-815619537	WB Mitsui LLC Center	##1607 POTAWATOMI LN, VALPARAISO, IN	US
S2-862381500	QCC [Ínfotech]	B2-97, SECTOR-F JANKIPURAM, LUCKNOW, Uttar Pradesh	India
S2-878885687	BOUDREAU ALLIED CDSETICS LLC	4827-A PALOS VERDES DRIVE, MESQUITE, TX	US
S2-774219188	vegaretail.com	118  ORANGE ST, CHELSEA, MA	US
S2-907839635	Biis Future Corporation	Fitzgerald Road, SIMI VALLEY, CA	US
S2-227645033	Grogan Cell Inc	1044 AVONDALE CT, JEFFERSONVILLE, IN	US
S2-494615324	Pvt Nagiya Krishna Ltd.	22/265 TALKUS BUILDING, PARAVUR, ERNAKULAM, Kerala	India
S2-812931061	Garedy, Maye P.A.	SUENO DR, ELOY, AZ	US
S2-981344416	Asian & Partners Infratech	Delhi, NO 83 S/O SASADHAR JANA, 6749, IV/F, BLOCK 10-B DEV NAGAR, KAROL BAGH, NR KHALSA COLLEGE, CENTRAL DELHI	India
S2-632453206	TRADING NORTH MULTITRADE PRIVATE	D.NO: C-70-3-3B, N.S.M. SCHOOL ROAD NEAR N.S.M. SCHOOL, PATAMATA, VIJAYAWADA, ఆంధ్రప్రదేశ్	India
S2-108624560	Zamania Creati0n	C/O INDRAWATI DEVI W/O UPENDAR SINGH 77, WARD NO 22 PATKHAULIYA ZAMANIA RAILWAY STATION, ZAMANIA, उत्तर प्रदेश	India
S2-391502671	llc ace total spark	##1269 ELROD ROAD, MANCHESTER, TN	US
S2-917881500	WER Mustang  Continental Group	30 ACADEMY STREET, WAWARSING, NY	US
S2-609577721	ఇంటర్నేషనల్ పవర్ ప్రైవేట్ లిమిటెడ్	322, MANU'S AROHA CHAMBERSRUKMINIPURI HYDERABAD., ANDHRA PRADESH, HYDERABAD, Telangana	India
S2-903535563	Orthopedic Clinic	3600 SHEFFIELD AVE, HAMMOND, IN	US
S2-671942348	Beacon Taiwan	1446 EXHTER RD, CORINNA CITY, ME	US
S2-320320234	Grand Edison Ltd	IN, PAOLI, LIVONIA RD	US
S2-173168426	Myrtie Leaf Signature Square Inc	##847 COUNTY HOUSE LN, OH, MAIRETTA CDP	US
S2-654828668	Brantley Xrp-LLC	20787 CR 124, WEST LAFAYETTE, OH	US
S2-495330450	Perfect Consulting  Company		India
S2-617621363	Cheung Fínancial, Inc Center - 5040966428	SANTIAM HWY, LEBANON, OR	US
S2-257613400	Baum  Center	308 OHIO AVE, ROSWELL, NM	US
S2-629036400	FLAGSHIP SERVICES	35, CHITTARANJAN AVENUE, 6TH FLOOR, ROOM NO.26/7, KOLKATA, KOLKATA, West Bengal	India
S2-123331637	Sri Little Traders-Private Ltd	PLOT NO-112, HAPPY HOMES, FRIENDS COLONY, CHANDANAGAR, HYDERABAD, TIRUMALAGIRI, NULL, Andhra Pradesh	India
S2-672831549	SGB-POINT CÓMPANY	DOOR NO 59 1ST FLR CHOWDESHWARI, ARCADE, BASAVESHWARANAGAR, BANGALORE NORTH, Karnataka	India
S2-780649824	Bethanne's Fehrh Energy	2629 ESSEX AVE, ALBANY, OR	US
S2-661548455	Horizon  Pro	OK, 224 SKELLY DR, TULSA CITY	US
S2-692204351	Easytech India	2748, 28TH FL, BLOCK B, LODHA MERIDIAN KPHB PHASE, TIRUMALAGIRI, Telangana	India
S2-376964647	Eye Global Care, LLC	8503- FESTIVAL WAY, CHARLOTTE, NC	US
S2-453869059	Akshar  Corporation Services	A-135, FIRST FLOOR, BHAGAT SINGH COLONY, TIJARA, राजस्थान	India
S2-598240886	Johnson  Jacklin M. DDS	3527 NORTHWOOD AVENUE, TOLEDO, OH	US
S2-369183896	Management  Integrated Software Holdings Private Ltd	SNO.4510/12, EMPIRE ESTATE PREMIER, CITY.BLD.E FL-304, PUNE CITY, Maharashtra	India
S2-937691870	BLUE NÉTWORK	#117-56 126 STREET, S. OZOE PARK, NY	US
S2-678884316	Vibrium Group		US
S2-92958342	St. Cathedral Inc.	2530 PLEASANT GROVE ROAD, CORINTH, KY	US
S2-843581369	METROPOLITAN COMMERCIAL ENTERPRISES L.L.C.	17012 39TH AVENUE, PLYMOUTH, MN	US
S2-892985996	Onyx LLC Service	1908 PEMASCO DR, HOBBS, NM	US
S2-536816939	Economic  Development Trust	4802 PROMENADE LN, JAMES CITY COUNTY, VA	US
S2-504471808	Sewell Precision Tax Service, LLC	411 POINT PLEASANT RD, CHATTANOOGA, TN	US
S2-359897550	Johnson, Dorree D., P.A. Córporation	105004 HIDDEN VALLEY DRIVE, MCLOUD, OK	US
S2-949977187	New De1hi  Training Private Limited	NO 252-A , POCKET- J&K, DILSHAD GARDEN, NEW DELHI, Delhi	India
S2-388160123	Mukta Engineers (Ihsndlg) Ltd		India
S2-68267800	हाईटेक सॉफ्टवेयर प्राइवेट लिमिटेड	PARIEE I, null, BOMBAY, MUMBAI, महाराष्ट्र	India
S2-271971230	होटल टेक्नोलॉजीज	PLOT 4-395 C-1803 18TH FLOOR TOWER C, ARIHANT AMBAR, BISHRAKH, GAUTAM BUDDHA NAGAR, Uttar Pradesh	India
S2-682214945	beststores.com	MD, ##821 CHADWICK CIRCLE, FREDERICK	US
S2-689781063	ब्लैक कंस्ट्रक्शन इंडस्ट्रीज प्राइवेट लिमिटेड	B-13, NEW DELHI, LAWRENCE ROAD INDUSTRIAL AREA, दिल्ली	India
S2-144010719	Gholston Home Care Inc	2326 73ND ST, KANSS CITY CITY, KS	US
S2-963410234	Safe  Bideail Innovations	81 WEST STREET, WEYMOUTH, MA	US
S2-122798400	Mcpherson Secure Partners Llc	2184 LOCUST ST, WILMINGTON, DE	US
S2-158781378	Kirkland Memorial  Program Co	86TH AVENUE, KIRKLAN CDP, WA	US
S2-780084112	యునైటెడ్ కన్సల్టెన్సీ ప్రైవేట్ లిమిటెడ్	UINT /2, SERI LINGAMPALLY, K.V.RANGAREDDY, Andhra Pradesh	India
S2-67340099	MAA DIAGNOSTIC  LIMITED CENTER	43 C/O- MANUJI PRASAD CHITRAGUPT ROAD, BALLIA, उत्तर प्रदेश	India
S2-750991588	Reliable Legacy Solutions Ínc | www.reliablel.com	1127 SAVANNAH AVENUE, GALLATIN, TN	US
S2-487245621	M/s Pairda & Co Corp	BLOCK D-0208 A 117SREEVATSA GARDENS METTUPALAYAM ROAD, COIMBATORE, Tamil Nadu	India
S2-367211974	Meor	WALNUT CREEK DR, WILSON, NC	US
S2-799527225	pc anderson prime	2310 MDNROE AVENUE, KANSAS CITY, MO	US
S2-977450668	ബ്ലാക്ക് പ്രോജക്ട്സ് എൻജിനീയറിംഗ് Private Limited	29 A 1COCHIN EXPORT PROCESSING ZONE KAKKANAD, THIRUVANANTHAPURAM, ERNAKULAM, Keralam	India
S2-61006635	Chiropractic Medicine	242 GODFREYS LAAE, HERTFORD, NC	US
S2-960864933	PREMIER FINANCIAL ENTERPRISES GROUP	1809 ALBIA ROAD, OTTUMWA, IA	US
S2-440334251	Classic Wellness Srvlices PC	609 ST RT 60, MC CONNELSVILLE, OH	US
S2-675254935	CAMPOS ROCKWOOL	3925-3927 52, WEST LAFAYETTE, IN	US
S2-196019646	Bombay Foods Traders (Limited)	A 20, LEVEL 2, MARATHON NEXTGEN INNOVA, GANPATRAO KADAM MARG, LOWER PAREL WEST, MUMBAI, Maharashtra	India
S2-947313818	Innis Certified  Auto Glass Inc	8031 MONROE AVE, MUNSTER, IN	US
S2-453208682	ARIHANT ASSOCIATES &	Delhi, <NULL>, E-#18 B-1 EXTN LPG HOUSEMOHAN CO-OP INDL ESTATE MATHURA ROAD, NEW DELHI	India
S2-645512892	L.L.P. Hopes Megacorp (India)	H.NO. 631 SECTOR 16, DIVREPORTINGCIRCLE, PANCHKULA, Haryana	India
S2-775580908	MUMBAI HERBAL PVT LTD	PARKSITE COLONY ROAD NO 1, LOWER DEPOT PADA VIKHROLI (W), MUMBAI, Maharashtra	India
S2-687432147	ईस्ट केयर प्राइवेट लिमिटेड	H.NO 202 D - 17, MAHARANI BAGH, DELHI, दिल्ली	India
S2-461140475	CI L.L.C. Partners	101 CTPPERFIELD CT, RED OAK, TX	US
S2-719392274	Tripathi Hóspital Corp (ID: 97818)	Maharashtra, DATE COLLEGE, UMARSARA, MAYA PAKHAR HOSPITAL, YAVATMAL	India
S2-184293778	Pyrairi	740 HEBRON ST, CHARLOTTE, NC	US
S2-194713447	Set Sterling Abacus Llc	0779 BARNABY RD, PALMYRA, VA	US
S2-7513313	Kaizen-Sight Private	DOOR NO 29 , KH. NO.415, GROUND FLOOR, OPP. METRO PILLAR NO.-126, M.G. ROAD GHI, TORNI, NEW DELHI, Delhi	India
S2-854387168	@silverpackaging	1706 SEVERN ROAD, SEVERN, MD	US
S2-764609348	BEATTY BEATTY COUTURE INC	1666 PICCADIBLY DR, SIERRA VISTA, AZ	US
S2-371542769	>> Physical Tmsbderapy-Medicine Ltd	TX, #705 RUBY ST, QUEEN CITY	US
S2-90672341	MUNOZ & WOODIE	206. CENTRE ST, BATH, ME	US
S2-370593485	5uperstar  Peaks (India) Private Limited	BLOCK D-C-295 PLOT NO.-295, VILLAGE POCHANPUR, SOUTH WEST DELHI, Delhi	India
S2-199924387	Joy Star Private Ltd	HNO 6-46, SRI DURGA ESTATES D, TIRUMALAGIRI, తెలంగాణ	India
S2-754617198	Watts Papers Industries Industries Private	33/2014G2, MEDICAL CENTRE ROAD, ERNAKULAM, Keralam	India
S2-958853691	Gardner Strategic Australian  LLC	420 BRADLEY ROAD, HUNTINGTON, WV	US
S2-13043149	Llnctern LLC	111 PETER RABBIT DRIVE, RANSON, WV	US
S2-642766258	Womens Health Partners Ridge Inc.	104 TRENT CT, HALLSVILLE, MO	US
S2-930678566	Grace Church Presbyterian	15510D THOMPSON RIDGE DR, CYPRESS, TX	US
S2-343195127	Shri Vedantam & Brothers Private	143-144, BEHIND PADMAWATI, RESORT, AGRASEN NAGAR, MANDSAUR, मध्य प्रदेश	India
S2-619541437	The Dent Nails Inc Center	0824 MOORES CT, FRANKLIN, TN	US
S2-966386143	Imojean Bóyd Signature China Incorporated	WEST CHICAGO, 29W 270 Forest Ave, IL	US
S2-542724941	Christ Fellowship Partners	#68 LINDSLEY AVE, NASHVILLE, TN	US
S2-936041743	Uptown Cleaning	908 20TH AVENUE PL, HICKORY, NC	US
S2-805326019	CO SIMPLIFY HEALTH	PLOT 9 NO. N-48, 9TH B MAIN, JEEVAN BIMA NAGAR, BANGALORE, Karnataka	India
S2-794784219	बाबा इम्पेक्स प्राइवेट लिमिटेड	C/O R.S. CHEDE MLI GALLI, KARJAT, AHMED NAGAR, महाराष्ट्र	India
S2-900367569	Shri Axion Welfare	BLOCK E-994 RZ-1/57TUGLAKABAD EXTN., NEW DELHI, Delhi	India
S2-901223558	Kirbie's Creative Transport Ltd	#17200 BELL RD, SURPRISE, AZ	US
S2-50860282	dalessandroporternexpoint.com	315 BROAD ST, CANFIELD, OH	US
S2-816513825	गुरु इंफ्रास्ट्रक्चर एलएलपी	9/C, BHIWANDI, MUMBAI, Maharashtra	India
S2-628817137	Campaign (India)  Funds		India
S2-768089419	FREDDY LARES, L.C.S.W. INC.	706-708 DUNCAN ST, ASHLAND TOWN, VA	US
S2-394968672	Rapid Business Digital L.L.C.	1847 OLIMPIA AVENUE, SALEM, OR	US
S2-963218311	Panvel Furniture Private	402/2, VAASTUSIDDHI, RIVERSIDE, POYANJE, PANVEL, Maharashtra	India
S2-373235953	Nagpur Lífespace Ltd		India
S2-293081971	SHREWD ESTATES PVT	C-1-26, BUNGLOW ROAD ADARSH NAGAR, NEW DELHI, NULL, दिल्ली	India
S2-696820544	Perfect Industries Private Limited	00123-124, GROUND FLOOR, S K NAGAR INDUSTRIAL ESTATE-3 BAMROLI ROAD, SURAT, Gujarat	India
S2-35234108	KO-INTERNATIONAL PRIVATE LIMITED	SREBHADRA, THRISSUR, Kerala	India
S2-316266662	Bona Pvt. Pvt. Ltd. Center	NO.4, NAGAMMAI STREET R.A. PURAM, RAJA ANNAMALAIPURAM, CHENNAI, Tamil Nadu	India
S2-1666782	King & Lársen LLC	14953 SPIRITWOOD LOOP, BLACK FOREST, CO	US
S2-690176992	JAMERSON CAPITAL APARTMENT CLINIC		US
S2-267844540	Kacey Pitec Desert Rush LLC	220 12TH ST, HAMILTON, OH	US
S2-862660337	Mirella Nadeau D.C.	4795B BRADBURY CT, NULL, COLUMBUS, OH	US
S2-260075402	Coastal Alliance Lakeside LP	W241N5951 GOLDENCREST CT, SUSSEX, WI	US
S2-839220871	Gtm Diamonds LLP Center	43-107/1-51A REVENUE WARD 55, VIJAYAWADA, Andhra Pradesh	India
S2-347067217	Advanced Optimal Platinum LLC	654 Long Branch Fork Rd, TURNERS STATION CITY, KY	US
S2-409158734	REALTY HEALTH PVT LTD	5A/5 / 1B LORD SINHA RD, KOLKATA, West Bengal	India
S2-881512613	SUPERIORCERTIFIEDCOPLEY.COM	7518 CELESTA LANE, OLYMPIA, WA	US
S2-601972202	Serene Olson, DO Inc	319-323 LAKEMOORE DR, ATLANTA, GA	US
S2-142595496	Tradaix-Direct	21023- NEVA CT, HUMBLE, TX	US
S2-221142345	One Alpha Estate Private Limited	219 AKASH RATH B/H LAW COLLEGEELLISBRIDGE OFF C G ROAD, AHMEDABAD, Gujarat	India
S2-643658846	ZB ZB TECHNOLOGY PRIVATE	KOHINOOR SQUARE, PLOT NO 46, C WING, 1602, EAST TOWER, N C KELKAR MARG, OPP SHIVSENA BHAVAN, DADAR WEST, MUMBAI, Maharashtra	India
S2-569920508	Rapid Industrial Dígital LLC	RIO RANCHO, 804  STAGECOACH ROAD, NM	US
S2-486893914	Ross Horizon Networks Care Co	128 WILEDRNESS TRAIL RD, BREVARD, NC	US
S2-339763212	YHJ Naonl LLC	1804 LEWIS AVE, ROCKVILLE, MD	US
S2-815720475	lnc. Fisher Midland of San Tan Valley Midtown	665 KELSI AVENUE, QUEEN CREEK, AZ	US
S2-452024092	Interlaken Youth Select  Association Ltd	8360 MAIN ST, INTERLAKEN, NY	US
S2-41336989	STARBUILT.COM	G-104, 98, COUNTRYWIDE APARTMENT GAUTAM NAGAR, NEW DELHI, Delhi	India
S2-65941424	One Maa Media Private Ltd #474	201, RAINTREE, PLOT NO.71, HINDU COL RD NO.2, LN ROAD, MUMBAI, महाराष्ट्र	India
S2-932587094	Ahmedabad Mercantile	Gujarat, 69 , SAHYOG SOCIETY, SHRIKUNJ, B/H. RANNAPARK SOCIETY, GHATLODYA, AHMEDABAD	India
S2-344417716	PERIDIC NOBLE	W7140 YUNTO LANE, WI, TOWN OF CHESTER	US
S2-828303354	PROMOTERS NCML PROMOTERS PRIVATE	#85 ST. STEPHENS CHURCH BUILDING, <NULL>, VAIKOM, KOTTAYAM, കേരളം	India
S2-99148267	TENNIS0N AND AND SMITH TELECOM LLC	5652 GRANDVIEW ROAD, PMB 9022, PHOENIX, AZ	US
S2-672669236	L.L.C. Ni Machines	6556 KOZIARA DRIVE, BURKE, VA	US
S2-819580568	ಬ್ರೈಟ್ ಸಿಸ್ಟಮ್ಸ್ ಪ್ರೈವೇಟ್ ಲಿಮಿಟೆಡ್	1ST FLOOR, BENGALURU, BANGALORE, ಕರ್ನಾಟಕ	India
S2-73011621	શ્રી Exports પ્રાઇવેટ લિમિટેડ	4, AADIT BUNGLOWS, SHILAJ ROAD, AHMEDABAD, DASKROI, ગુજરાત	India
S2-562535615	Grand Anchor	8273 ROBB WASH TRL, TUCSON, AZ	US
S2-226553410	ഈസ്റ്റേൺ ഇൻവെസ്റ്റ്മെന്റ് പ്രൈവറ്റ് ലിമിറ്റഡ്	ROOM NO. 380, 1ST FLOOR, BISMILLAH SHOPPING COMPLEX MARKET ROAD, OTTUPARA, WADAKANCHERRY, KUMARANELLUR P O, WADAKANCHERRY, Kerala	India
S2-363932959	NH Systems Corp	Maharashtra, PANDEY NIVAS, AKURLI ROAD, NEAR 282/3 LAST BUS STOP, DAMU NAGAR, KANDIVALI (EAST), MUMBAI	India
S2-643750991	CONCORDIA  FERNANDEZ GENERATING	54 RIVER STREET, OTEGO, NY	US
S2-960701067	continental cayman group	TN, MEMPHIS, 04672 JOHNSON AVE	US
S2-390041901	Rkk Developers (India) Public Limited	PLOT NO: 421/P/7, INDUSTRIAL AREA ELECTRONICS COMPLEX, KUSHAIGUDA, Telangana	India
S2-242114245	ग्रीन इंफ्रा प्राइवेट लिमिटेड	KALYAN, HN 534 BHAIYASAHEB AMBEDKAR NAGA, THANE, Maharashtra	India
S2-494724908	JF OPTIMAL PRODUCTS NORTH	##7304 HOBBS ROAD, OWENSBORO, KY	US
S2-74421103	Eye Medicine LLC	39 MATTHEW ROAD, E HARTFORD, CT	US
S2-102587308	*** PREMIER HAIR STUDIO LLC	##304 BOARDWALK CV, JACKSON, TN	US
S2-483307754	Harbor  Starlink LLC	5216 1/2 KUSZMAUL AVE, CHAMPION TWP, OH	US
S2-935347509	Royal Logistics-Pvt  Ltd	3RD FLOOR, 184/3, GOPAL LAL TAGORE ROAD, KOLKATA, KOLKATA, West Bengal	India
S2-6173479	গুরু ইন্ডাস্ট্রিজ লিমিটেড	KOLKATA WEST, CALCUTTA, 24 SRTAND RD, West Bengal	India
S2-191665885	फ्यूचर फर्स्ट फाइनेंस	06, SIDDHARTH CHAMBERS, NEAR IIT GATE, DELHI, SOUTH WEST DELHI, दिल्ली	India
S2-220223952	HILLS,  PLOUGH & JACKSON LTD	3005 WINDRIFT AVENUE, BENTONVILLE CITY, AR	US
S2-659400452	GH  Frequency	17659 GARRETT HIGHWAY, OAKLAND, MD	US
S2-430605888	Bingham, Lyons & Vílla, Inc	49 TANKEROOSEN ROAD, PO BOX 6342, VERNON, CT	US
S2-236818768	Summit Advanced	400 KAGEBEIN RAABE RD, ALMYRA, AR	US
S2-294554191	NANICE MCCRACKEN, O.D., DDS PC	12407  BRANDYWINE RD, BRANDYWINE, MD	US
S2-536869120	Garcia Sblverbox Inc	19312. HARRIS AVENUE, SUQUAMISH, WA	US
S2-805252835	LLC AMBROSE COMODINTY	63 BETSY DR, ISLIP, NY	US
S2-930207117	#ftai	110 MAIN STREET, CANTON CITY, OK	US
S2-771021919	Mutual Freight  Laboratories, Incorporated	1134 CARRIAGE PARC DR, CHATTANOOGA, TN	US
S2-534365260	Advanced Park Co	13810-A Saddle Tramp Lane, IL, ATHENS	US
S2-206209826	MYFOUNDATION.COM	PLOT NO-A-15A, NEW TOWNSHIP, FARIDABAD, Haryana	India
S2-314724695	ANNI'S BLUE DÉLI LLC	5100 BREWER ROAD, EDGEMONT, AR	US
S2-671699096	7-Corners Southside	20228 GRAZING WAY, MONTGOMERY VILLAGE, MD	US
S2-998174965	Sapiens Charitable Trust Overseas Company	6/17 PPLEASANT PARKS NO 21/1 SHOLAPUR ROAD, PUNE, Maharashtra	India
S2-501907327	SMARTMANAGEMENT.COM	FLATNO.201, D.NO.562/2-12, H I G HOUSE, BANGAMORE NORTH, ಕರ್ನಾಟಕ	India
S2-342235160	Mkg Mkg & Associates Corp	NO D/504 TC 11/521, PANTHANAYIL, KUNNEL, MANJOOR P.O., VAIKOM, Kerala	India
S2-452862143	SHIVAJI  NAGAR HEAVY	120/570-, SHIVAJI NAGAR, Uttar Pradesh	India
S2-83829047	Fresh Design Laboratories Metro, LLC	##7484 GRANADA CIR, COTTAGE GROVE, MN	US
S2-153436288	Total PC Wellness - 4661380310	1087-1091 LELAND VALLEY RD, QUIILCENE, WA	US
S2-501217318	Kalyani-Satrnd	50-13-25/54 SEETHAMMAPETA, VISAKHAPATNAM, Andhra Pradesh	India
S2-56036317	Nr Trading	DOOR NO 2588 , 18TH MAIN, II CROSS, HAL IISTAGE INDIRANAGAR, Karnataka	India
S2-708675021	Silver All Mitsui LLC	#754 HEMLOCK DR, EUCLID, OH	US
S2-353613313	EDWARDS'S HORIZON		US
S2-939386033	Rior		US
S2-961048389	PRANIYAHOMES.COM	FNO.E-803/4, SAI MYSTIQUE, S. NO. 11/2, 11/7, 11/8 NEAR SINHGADH INSTITUTES, KATRAJ BYPASS, AMBEGAON, PUNE, महाराष्ट्र	India
S2-949464450	Brown, Kaey, D.D.S.	BRIARMANOR DR, LAKE SAINT LUIS, MO	US
S2-208992442	Private New Delhi Steel Limited	440, POLE NO-001, NEAR DELHI GATE, NEW DELHI, SOUTH WEST DELHI, दिल्ली	India
S2-404379081	NEWLIFE HOTELS	পশ্চিমবঙ্গ, 27A, IBRAHIM ROAD, KOLKATA	India
S2-284132288	Red Technology Private	B/2/268, MADHUVRUND SOCIETY, SWI PARK, NR GOPAL BAG SOC, NEELKHANTH MAHADEV MAN, DIR ROAD, AHMEDABAD, Gujarat	India
S2-792618213	Metropolitan  Property Solutions	008645 MACKENZIE DRIVE, PHOENIX, AZ	US
S2-419421352	Enterprises Maruti Invest Prívate [Limited]	Karnataka, NO ##80 , WOC ROAD, KURUBARAHALLI MAIN ROAD, BANGALORE NORTH	India
S2-840578493	ILM Harmony	#706 JUPITER RD, PO BOX 6580, ALLEN, TX	US
S2-914544443	Cs Systems Holdings Private	NO 18 C/O RAJESH KUMAR JAIN, PITAL MILL, POLE NO TR-41/1/A PITAL MIN ROAD, VIDISHA, Madhya Pradesh	India
S2-502884915	બોમ્બે શક્તિ ફાઇનાન્સ પ્રાઇવેટ લિમિટેડ	VADODARA, Gujarat, VADODARA, A-#1	India
S2-219682463	Travis-Abeimei Travis-Abeimei LLC	331 1/2 RAILROAD ST, LOVINGTON, IL	US
S2-756081527	Shubh Welfare Private	12-13-677/128- STREET NO.1, LANE NO. 2, TARNAKA, SECUNDERABAD, Telangana	India
S2-740444954	Smt THRIFTY  & BROTHERS EXPORTS PVT.	55  UTHRADAM, ARAKKAPARAMPU NETOOR P O, ERNAKULAM, Kerala	India
S2-306021254	বেস্ট কনস্ট্রাকশনস লিমিটেড	P - #80, CIT SCHEME - VII M (1ST FLOOR), C.I.T ROAD, KOLKATA, HOWRAH, West Bengal	India
S2-221756891	DENTAL GROUP ASSOCIATES	457- MILLER ST, <NULL>, VINITA, OK	US
S2-920410437	Anissa Jeffrey Grupo Harbor	00356 ROCKINGHAM ST, ROCHESTER, NY	US
S2-894027965	Ln Madot Ltd	H. NO. 279, G/F, BACK/SIDE, HARI NAGAR ASHRAM, NEW DELHI, Delhi	India
S2-820388259	OX Kera Pvt Ltd.	GROUND FLOOR, DOOR NO. 73, THAMARAI STREET, IYYAPAN NAGAR, IYER BUNGALOW, MADURAI, MADURAI NORTH, தமிழ்நாடு	India
S2-363460564	Vega Westgate Inc	140 CENTRAL AVE, MARSHFIELD, WI	US
S2-940506807	At1antic Traders Ltd	P NO. 00393, INDUSTRIAL COMPLEX DUNDAHERA, हरियाणा	India
S2-941633002	Valle and Hmateon Canadian Clinic Corp	18024 UMBERTO DR, PFLUGERVILLE, TX	US
S2-384479925	Urology Care Care	505. ARAGONA BOULEVARD, VIRGINIA BEACH CDP, VA	US
S2-31242867	Custom Cloud Works Care Corp	6489 A, MO, LENTNER	US
S2-387262077	MANCHESTER CAHRETR  SCHOOL LLC	1250 CENTER STREET, CASPER, WY	US
S2-108728068	സ്മാർട്ട് ഇൻവെസ്റ്റ്മെന്റ് ലിമിറ്റഡ്	MRRA 129 KALAKAUMUDI ROAD, KUMARAPURAM, THIRUVANANTHAPURAM, TRIVANDRUM, Kerala	India
S2-362454318	Noviq Péoples LLC	HOPE MILLS, NC, 600 DUNCAN ST	US
S2-294995445	#3 SERVICES	ARLINGTON LN, CRETE, IL	US
S2-374504742	VEDANSHI PHARMA  CORPORATION	46, FLR 2, CHOTALAL BHUVAN, KALBADEVI ROAD, JOSHIWADI, MUMBAI, Maharashtra	India
S2-465564216	Nagy Sterling Lionheart	6701 1/2 GARVEY RD, ROSEDALE, MD	US
S2-876621539	akf fund private limited	DOOR NO 451 FLAT NO-301, H.NO-176/C, SRI ASITHAS KASTURI RESID, AMEERPET, Andhra Pradesh	India
S2-66250431	राज ग्लोबल लिमिटेड	H.NO 61 - A, TULSIANI CHAMBERS, NARIMAN POINT, MUMBAI CITY, MUMBAI, महाराष्ट्र	India
S2-570646068	கிளாசிக் வென்ச்சர்ஸ் பிரைவேட் லிமிடெட்	NO.207, P.N.ROAD TIRUPUR NORTH, COIMBATORE, TIRUPPUR, Tamil Nadu	India
S2-617603125	Ellard Clear Universal LLC	2167-C WALNUT CROSSING RUN, YADKINVILLE, NC	US
S2-18233691	DI Haveli Enterprises Private  Ltd	S NO.30/1/22 KIRTI CLASSIC, MULASHI HINJEWADI, HAVELI, Maharashtra	India
S2-551978597	Precision Biomedical Ventures Highland	1653 26TH PLACE, YUMA, AZ	US
S2-532448975	Eye Apex Inc [Spécialists,]	3742-D 7, WAYLAND, KY	US
S2-560149500	सूर्या गैलेक्सी पावर लिमिटेड	NO 58, GURGAON, Haryana	India
S2-690889729	Lawrence Human Rights Initiative Inc.	MA, 26 SWAN STREET, LAWRENCE	US
S2-299571798	-- Castro And Robertson	6830 Prairie Ave, CHICAGO, IL	US
S2-645081203	Marketing Source  Crusher	#794 1602, LIMONA TOWER NO. 2, RUNWAL ANTHURIUM, LBS MARG, VEENA NAGAR, MULUND (W), MUMBAI, महाराष्ट्र	India
S2-495522139	Pinnacle-Apparel Incorporated	145 RIVERHAVEN DRIVE, OXON HLIL, MD	US
S2-886572703	llc richmond city health trust	1221 Greystone Ave, N/A, RCIHMOND CDP, VA	US
S2-914257309	ARIHANTDEVELOPERS.COM	#58 , 3RD FLOOR, RAILWAY PARALLEL ROAD KUMARA PARK WEST, BANGALORE, ಕರ್ನಾಟಕ	India
S2-870066039	Aola &  Co	PLOT 304 KALLITANADA MINI BYPASS ROAD, PO PUTHUYARA, KOZHIKODE, Kerala	India
S2-248096973	Laxmi Hospitality Public Limited	#3 C/O BRIJ BIHARILAL, INCOME TAX KE SAMNE BIKANER, BIKANER, Rajasthan	India
S2-603562870	Pleasant (india) Ventures Ltd	L 1608 SNN RAJ LAKE VIEW APT, BTM LYOUT 2ND STAGE BANNERGHATTA ROAD, BANGALORE SOUTH, Karnataka	India
S2-658752523	Northwind  Spade LLC	MILLIE ROAD, DANDRIDGE, TN	US
S2-594873304	SILVER BOOK STORE CORP	184 OLD HWY 19E, ROAN MOUNTAIN, TN	US
S2-312571820	Britton's Fisheries Total  Corp	40 INGRAM AVE, ONEONTA, AL	US
S2-347388159	Varshya Pharmachem Private Limited	Karnataka, NO A-26 PATTALAMMA ROAD BASAVANAGUDI NEAR SOUTH END CIRCLE, BANGALORE	India
S2-979685991	Desert Cénter	703 ADANA RD, PIKESVILLE, MD	US
S2-830231720	Hedwiga  Hart Globa LLC	#1637 GUNDERSON AVE, BERWYN, IL	US
S2-399929599	Leigh Mowry Wisconsin  Uptown Co	794 1/2 SLATE KNOB WAY, ROCKFORD, TN	US
S2-339087181	... FAMILY MEDICINE OF ROANOKE COUNTY LLC	4321 GARST MILL ROAD, ROANOKE COUNTY, VA	US
S2-878620727	North Teucrium	SHERRODSVILLE CITY, 201 Hazelton St, OH	US
S2-27998798	*** Mack Platinum Adasrtificibml L.L.C.	#12930 DORMAN RD, PINEVILLE, NC	US
S2-742004627	cclinic.com	2750 HAVRNWOOD DR, OSHKOSH, WI	US
S2-977241476	Federal Charter School Inc	WEST RUSHOLME ST, DAVENPORT, IA	US
S2-811186357	CENTRALANALYTICSLABORATORIES.COM	OR, 3669 DUKE ST, SPRINGFIELD	US
S2-437941242	CECILE M. ROBERTS,	RESERVOIR AVE, WESTFIELD, MA	US
S2-497300050	UPTOWN-TATTOO	641 194TH ST, GLENWOOD, IL	US
S2-399224347	Urgent Care Creative  Clinic LLC		US
S2-106094298	RAE BARELI  TECHNOLOGIES PRIVATE LIMITED	C/O CHANDCHOOR MISHRA BELIGANJ, RAEBARELI, RAE BARELI, उत्तर प्रदेश	India
S2-925794379	Coastal Steablig LLC	616-618 Grace St, RICHMOND, VA	US
S2-371826034	Mumbai Civilcon Private Ltd	NO 991 601, SAUBHAGYA ESTATE, WING-B, OFF. NAGARDAS ROAD, MUMBAI, Maharashtra	India
S2-513983055	Unique  Constructions Private (Limited)	DOOR NO 805/80 HALLMARK BUSINESS PLAZA GURU NANAK HOSPITAL ROAD, BANDRA (E), Maharashtra	India
S2-432482785	HAPPY BISTRO LTD	2265 STONEY CREEK LN, PALO CEDRO, CA	US
S2-248954047	Muller'S Printing	931 NEVA AVE, PO BOX 8781, ADDISON, IL	US
S2-279288963	Swasth Adventure Private  Ltd	DOOR NO G-125 FIRST FLOOR, THANISANDRA DR SRK NAGAR, BANGALORE NORTH, ಕರ್ನಾಟಕ	India
S2-755819310	aw superior rogers llc	1991 1/2 CAMPBELL AVE, INDIANAPOLIS, IN	US
S2-612067152	PARTNERS, HANNAH PREMIER SYSTEMS WASHINGTON	SUN CITY, 09416 GARNETTE DRIVE, AZ	US
S2-166549565	Just Memorial Tius Company		India
S2-135048462	Geo (India) Corporation Service	H.NO 311 BUILDING NO. 5/241, (NEW NO.5/207) KAREEM MANZIL ERAMALLOOR P O, CHERTHALA, ALAPPUZHA, NULL, Kerala	India
S2-558060443	Pacific Fúrniture LLC	23266 1/2 IVYWOOD ST, SAINT FRANNCIS CITY, MN	US
S2-868765547	ಹರಿ ಇಂಪೆಕ್ಸ್ ಪ್ರೈವೇಟ್ ಲಿಮಿಟೆಡ್	NO. 796, 22ND CROSS, 14TH MAIN, JUDICIAL LAYOUT, ALLALASANDRA, YELAHANKA, BANGALORE, Karnataka	India
S2-703815992	Hunter Core-Inc	74 MERRILAND RIDGE RRAD, PMB 6529, WELLS, ME	US
S2-971073211	New  Films Private Limited	##570 , BCMCE LAYOUT, RAGHUVANAHALLI KANAKAPURA MAIN ROAD, BANGALORE, Karnataka	India
S2-431566464	v+ idea inc	37 MILL RACE DRIVE, PORT DEPOSIT, MD	US
S2-477172236	Tri-State Bhde Communities-PLLC	4012 Jacobcrest Ln, MURFREESBORO, TN	US
S2-96512077	The Prairie Table LLC	KEYESPORT, IL, 50 OAK ST	US
S2-63700378	Clean Good Inc	SAN TAN VALLEY, AZ, 1714 HUNT HWY	US
S2-518443780	Shelton Deintel Associates LLC	1501  NORTH AVE, MELROSE PARK, IL	US
S2-452376154	Straight-Edge Auto Body	515 MONTGOEMRY AVE, NORTH WALES, PA	US
S2-216219283	GRACE CENTER	2036 GRAYBILL RAD, UNIONTOWN, OH	US
S2-891824100	agresorts.com	15-9-262 , GOWLIGUDA, HYDERABAD, Telangana	India
S2-421104205	माय कंसल्टिंग प्राइवेट लिमिटेड	9/987, LUCKNOW, Uttar Pradesh	India
S2-25981480	Piers0n, Everett & Peaslee Myers LLC	830 JOEL ROAD, NULL, CARTHAGE, NC	US
S2-691543246	High Unique Trading Private	DF 9 BANYANTREE APARTMENT NEAR SAKRA WORLD HOSPITALS, DEVARBISANAH, ALLI, BANGALORE, ಕರ್ನಾಟಕ	India
S2-751902213	Gs Traders Private	ਪੰਜਾਬ, HOUSE NO 14-67 PHASE 3B2, MOHALI	India
S2-613761732	Almeida Interstate  Development Southside LLC	ABINGDON, MD, 2568 LAUREL BSUH ROAD	US
S2-962077675	Suggs Sumitomo Riverside LLC	309 SUTTON CT, UNIONDALE, NY	US
S2-253202945	Sweet Yoga	5112 1/2 NORTH FAIRMOUNT SAINT, DAVENPORT, IA	US
S2-502890849	WPV ENNRABNMENT, INC		US
S2-853357737	गुरु फाइनेंस प्राइवेट लिमिटेड	BLOCK A-557 HOUSE NO.19, PATNA, Bihar	India
S2-735272154	అర్బన్ ఫుడ్ ప్రైవేట్ లిమిటెడ్	DOOR NO 506/A, 5TH FLOOR, PLOT NO.1-98/4/1-13, 28&29, IMAGE GARDEN ROAD JAIN SADGURU IMAGE S CAPITAL PARK MADHAPUR VILLAGE SERILINGAMPALLY, RANGAREDDI, HYDERABAD, Telangana	India
S2-996059900	Northwind	12100-12104 CALFEE RD, N/A, CONROE, TX	US
S2-595835475	Consulting Kb Ice Private	202/5, SHREE SAI PRASAD CHSLTD, OPP CHARKOP POLICE STN PLOT 305 RDP 1, SECTOR 2, KANDIVALI WEST, MUMBAI, Maharashtra	India
S2-810024043	SAFE CO STONEBRIDGE	#20900 4200 RD, CLAREMORE, OK	US
S2-461459512	Mevue Idmcdex LLC		US
S2-266140719	Milzie Greiner Stifel Inc	8927 PANKI BOK ROAD, EAGLETOWN, OK	US
S2-221883964	Livue Security [Inc]	106 COLVARD COURT, FREST HILL CITY, MD	US
S2-345784971	madellagrizzardtristate.com	0219 DOUGLAS STREET, WENTACHEE, WA	US
S2-620648959	womenshealthcare.com	419-A VISTA AVE, LEWISTON, ID	US
S2-612689613	HEARTLAND COUNCIL	203 FIFTH AVENUE, SIBLEY, IA	US
S2-731798175	Garden Limited Private Flour	C/O SURBHEE SONI W/O SUMESH MADAN WZ #100/1, G/F, TITAR PUR, NEW DELHI, Delhi	India
S2-392293287	प्रीमियर इन्वेस्टमेंट्स प्राइवेट लिमिटेड	#00104CHANDRALOK COMPLEX BIRHANA ROAD KANPUR, KANPUR, UTTAR PRADESH, उत्तर प्रदेश	India
S2-623714520	Ahmadabad City Industries Pvt (Ltd)	842, NR. YMCA CLUB, SARKHEJ GANDHINAGAR HIGHWAY, AHMEDABAD, Gujarat	India
S2-238893121	Beacon Solutions Center Corp	##413 PASEO DEL PUEBLO NORTE, TAOS, NM	US
S2-80986359	Martino Hallman Inc Center	70 OLIVIA DR, TRUSSVILLE, AL	US
S2-605337358	BlRD MUSTANG	1775 1/2 COMMERCIAL DR, WALFORD, IA	US
S2-583377840	KARTHIKEYA CONFERENCES PRIVATE LIMITED	7/17, SARVAPRIYA VIHAR, NEW DELHI, NULL, दिल्ली	India
S2-376534041	Womens Supreme Health Center Greater L.L.C.	141 MOUNT VERNON ST, SMYRNA, DE	US
S2-516015068	वन वन कंस्ट्रक्शन ट्रेडर्स प्राइवेट लिमिटेड	PUNE BAVDHAN, H.NO #1206, Maharashtra	India
S2-739265382	டைனமிக் சர்வீசஸ் பிரைவேட் லிமிடெட்	C-201, CHENNAI, தமிழ்நாடு	India
S2-308119836	PESCE MEDICAL	1383 MICHIGAN AVE, RIVERDALE, IL	US
S2-618960251	Phyllida's Aspplicaen Corp	##14433 OBSIDIAN TANK ROAD, PARSK, AZ	US
S2-902844225	SQUARE PRIVATE LIMITED CENTER	24, HEMANTA BASU SARANI, MANGLAM, A- BLOCK, R. NO. 201, KOLKATA, West Bengal	India
S2-221008466	-- HYDERABAD CUISINE PRIVATE LIMITED #76150	101, HYDERABAD, null, తెలంగాణ	India
S2-187595798	Metro LLC Services	SPOKANE, 1223 Mead St, WA	US
S2-47457501	QKG Finvest L.L.P.	9/88, POTTANKAL HOUSE THONDIYIL PO, PERAVOOR, KANNUR, Kerala	India
S2-592070410	Rewa  Infra Private	HN 533 KH NO.913/834/338/1/2, 01-11-01, VILL- BASAI, BASAI ROAD, Haryana	India
S2-195316665	co harrison charter school	11 DARNEL LN, MESQUITE TOWNSHIP, TX	US
S2-962324495	RZY Products Center Inc.	133 4TH STREET DRIVE, HICKORY TOWNSHIP, NC	US
S2-295093445	Holy Presbyterian Church Inc	1609 LEXINGTON AVE, HIGH POINT, NC	US
S2-698566187	@xdallied	34137 EUREKA AVENUE, YUCAIPA CDP, CA	US
S2-466737448	Keystone Tetxioe Holdings Corp	1715 DONHAM DRIVE, MOBILE CITY, AL	US
S2-552347195	O0na Monroe, O.D. LP	1920 ANDERSON SAINT, ELWOOD, IN	US
S2-61772024	Réalty Royal Holdings	43349-B COUNTY ROAD 641, PO BOX 1811, JAY, OK	US
S2-304532588	Ear Nose & Throat Desert LLC Partners		US
S2-121897499	fuemmertperkins.com	1708 MOUNT HOOD STREET, THE DALLES, OR	US
S2-581663019	@developershealthcare	SHOP 5  1ST FLOORPARMANAND MARKET KARMON DEORI KATRA JAIMAL, SINGH AMRITSAR, Punjab	India
S2-378206251	Kimbra's Cónstruction	12  Hoose Boulevard, FISHKILL, NY	US
S2-267501109	LINCOLNTON  BEHAVIORAL HEALTH SPECIALISTS	855 CRYSTAL SPRING DRIVE, LINCOLNTON, NC	US
S2-692541323	ELLETTE MCCLEND0N KEYSTONE SCHWAB P.C.	LOMBARD AVENUE, CICERO, IL	US
S2-576560890	टेक ग्लोबल प्रा. लि.	C-1304, ANUKAMPA PLATINA, JAIPUR, Rajasthan	India
S2-81168690	Life Smart Software Furniture Pvt Ltd	#9039 BEHIND ESSAR PUMP, NEAR BRID, VILL TARSADI, TA. MANGROL, OLPAD, NULL, Gujarat	India
S2-433199299	ఈస్టర్న్ ఇన్‌ఫ్రా ప్రైవేట్ లిమిటెడ్	HIG-499, HYDERABAD, KUKATPALLY, Telangana	India
S2-430270015	Pauline Ortiz Karbon Inc Center	10RD ST, LEWISTON, ID	US
S2-217648077	Wieser & Stokes	#39 NORTH STREET, <NULL>, MIDDLETOWN, NY	US
S2-284666815	T+ Rétasril LLC	3622 YORKOTWN RD, HOPE MILLS, NC	US
S2-597999766	VALENZUELA SCH0OL OF MEDICINE	143- ROGERS RD, KITTERY, ME	US
S2-443144283	Foot Foot & Partners Ankle Inc.	1130 ST ANDREWS CHURCH ROAD, SANFORD, NC	US
S2-204230758	REEVES, WILBURN & TOWNSEND ALUMINUM-CORP	6175 250, BRINGHURT, IN	US
S2-312198309	Kassandra Buskirk Horizon Cherry,-LLC	EISEMAN AVENUE, BUFFALO, NY	US
S2-773815720	Adityx  Foundation Private-Limited	19, 19, 20, 1ST FLOOR, JDA MARKET, MANSAROVAR, LINKED ROAD, RIDDHI SIDDHI CHAURAHA, GOP, ALPURA, JAIPUR, Rajasthan	India
S2-664889844	Asta Ventures Limited	7/1A, GRANT LANE, 2ND FLOOR, ROOM NO-2C, KOLKATA, WEST BENGAL, KOLKATA, KOLKATA, West Bengal	India
S2-859421298	Womens  Health Physicians Inc	3557B BERRYWOOD DR, DAYTON, OH	US
S2-14589744	Campos Rockwool Incorporated	3925-3927 52, WEST LAFAYETTE, IN	US
S2-97154210	ಬ್ಲ್ಯಾಕ್ ಆಲ್ ಕನ್‌ಸ್ಟ್ರಕ್ಷನ್ ಪ್ರೈವೇಟ್ ಲಿಮಿಟೆಡ್	#23, MUMBAI, BANGALORE, Karnataka	India
S2-109522656	Nguyen's  Foods	TX, 138 LACY DR, LIPAN	US
S2-844895519	*** Myrtia's Tri-State Center	0013 RED RIDGE PKWY, ST PETERS, MO	US
S2-95041674	... HORIZON DESIGN LP	1707 MIDWAY DRIVE, WHITEVILLE, NC	US
S2-588444820	Loreto  Bayer Pro	0026739 MAREK LN, MAGNOLIA, TX	US
S2-649963873	ಅರ್ಬನ್ ಪ್ರಾಜೆಕ್ಟ್ಸ್ ಲಿಮಿಟೆಡ್	C/O.BASHIR AHAMMED, S.K.S.M.FNDN., TRUST REG.SALAFI CENT., BEHIND KANKANADY MARKET, MANGALORE, Karnataka	India
S2-956241979	CABRAL ÁCCONLAING CORP	26 CYPRESS CREEK DR, CALVERT CITY, KY	US
S2-275433618	engineeringvenkateshwarasafecom	NO 134, 10TH CROSS INDIRANAGAR 1ST STAGE, BANGALORE, Karnataka	India
S2-852821507	Smt VIBHA HOSPITAL	Haryana, E-401, SGM NAGAR, NIT, FARIDABAD, FARIDABAD	India
S2-45647833	Goa Pilr Limited	BLOCK A-569 101, KARLTON APTS, B/H VAKOLA MASJID, VAKOLA VILLAGE ROAD, SANTACRUZ EAST, MUMBAI, Maharashtra	India
S2-634340571	न्यू मार्केटिंग प्राइवेट लिमिटेड	427, PALHAR NAGAR, INDORE, Madhya Pradesh	India
S2-988655488	Ghaziabad Slgoutlons Private Limited	Uttar Pradesh, A-902, RISHABH PARADISE AHINSA KHAND-2, INDIRAPURAM, GHAZIABAD	India
S2-261047645	Family Quality Care Associates Ltd	226 KNIGHTS WAY, CROSSVILLE, TN	US
S2-94447126	Western Cóástal Cóástal Utilities LLC	01172 BROKEN ARROW TRL, ANGLETON, TX	US
S2-481111985	ಫ್ಯೂಚರ್ Tech ಪ್ರೈವೇಟ್ ಲಿಮಿಟೆಡ್	SY NO. 99/1, BANGALORE, ಕರ್ನಾಟಕ	India
S2-108116515	Candide's Studi0s North	##32 BLUE HILL COMMONS DR, ORANGEBBURG, NY	US
S2-738463284	लक्ष्मी एक्सपोर्ट्स प्राइवेट लिमिटेड	206 K NO 9 PINK PRIDE, JAISINGPURA BAS TEH., JAIPUR, Rajasthan	India
S2-312371064	Bright Piie Cross LLC	OH, RAWSON, 256B VANCE ST	US
S2-257167232	Empire  Society	IN, 263 HARCOURT RD, INDIANAPOLIS	US
S2-125696255	Behavioral  Health Care Associates	3345 VRIGINIA ST, COLUMBUS, IN	US
S2-142295551	Foundation Uttar Cares Private Ltd	09 , R. S. MODEL SCHOOL MARKET, MODEL TOWN EXT., NEAR ISHMEET CHOWK, LUDHIANA, Punjab	India
S2-821496446	A Cúre 9 IT	411 MOSES ST, CUSHING, OK	US
S2-861367011	Pvt Micro Agro Ltd.	H NO 130/D (1) PANDIT COMPLEX NEAR HORNBILL HOTEL, KANKAVLI, SINDHUDURG, महाराष्ट्र	India
S2-968289259	Surgical Health Llc	NY, PO BOX 4773, ROCHESTER, 67 MILL RUN DRIVE	US
S2-9354970	Private Mini Commodity Limited	6-94/22, HUDA COLONY CHANDANAGAR, HYDERABAD, Telangana	India
S2-25671971	ಬ್ಲ್ಯಾಕ್ ಇನ್‌ಫ್ರಾ ಪ್ರೈವೇಟ್ ಲಿಮಿಟೆಡ್	PLOT 412 OPP.OLD BPCL PETROL BUNK ROAD NEAR KSRTC BUS STAND SHIDLAGHATTA, CHIKKABALLAPURA, Karnataka	India
S2-998003388	arthurmetrobeverage.com	RIVER BLUFF DRIVE, COLUMBI CITY, IN	US
S2-509013322	ஈஸ்டர்ன் கன்ஸ்ட்ரக்ஷன்ஸ் பிரைவேட் லிமிடெட்	NO A-445 36A/12, KHAN PALAYAM, 4TH STREET, MADURAI NORTH, MADURAI, Tamil Nadu	India
S2-170493301	LONGSHOREMEN UNION 442 CENTER	848 RIDGE ROAD, MARTINSBURG, WV	US
S2-164828570	पायोनियर Projects एलएलपी	B3/113, FOOR-1, PLOT-9A/B, MAULI JAGANATHRAO BHATANKAR MARG, VANI CHAWL, PAREL, MUMBAI, GANESHPURI, Maharashtra	India
S2-898748309	Sunshine's Pinnacle Solutions LLC	223 MARLBORO ROAD, LOWER MERION TOWNSHIP, PA	US
S2-775979169	GG  Dome LLC	20134 RAY RD, BUCKEYE, AZ	US
S2-955712737	Sck Trading Private Ltd	ALIGANJ ROAD NO 3 GAYA, GAYA, Bihar	India
S2-470262564	ಬಾಲಾಜಿ ಇನ್ವೆಸ್ಟ್‌ಮೆಂಟ್ ಪ್ರೈವೇಟ್ ಲಿಮಿಟೆಡ್	510, WING A, 5TH FLOOR, CARLTON TOWERS OLD AIRPORT ROAD, KODIHALLI, BENGALURU, BANGALORE, Karnataka	India
S2-951146206	Leffel Medical Center LLC	2712-2716 ALPENA DRIVE, FORT WORTH, TX	US
S2-180859482	411 Oaktree Inc.	ECLECTIC, 124 LIGON ROAD, AL	US
S2-350529851	Laxmi  Investment Private Limited	S-23, KRISHAN MARG, SHYAM NAGAR, AJMER ROAD, Rajasthan	India
S2-152279821	Lucky Cnifaee [Ltd]	AL, BIRMINGHAM, 1426 STEINER AVE	US
S2-372527776	Jarvie, Vargas & Petty Co	1545 ROCKY MOUNTAIN DR, AZ, TUCSON	US
S2-809848600	Walling & Bcernesmot Inc		US
S2-600974031	Cabral Corp (Partners)	26 CYPRESS CREEK DRIVE, CALVERT CITY, KY	US
S2-331502634	Jourdan Bushnell	1336. Oregon Avenue, STEUBENVILLE, OH	US
S2-331950710	UZR Signature Culture	11 LEXINGTON CIRCLE, PMB 5021, SOUTHWCK, MA	US
S2-26978065	PISARSKI AND BARRY AIRPORT LP	610- 12RD ST, MONTEVIDEO, MN	US
S2-571816248	सनराइज एग्रो प्राइवेट लिमिटेड	N/A, NEW DELHI, #391 W/O DEINO DATT 136, Delhi, SOUTH DELHI	India
S2-616064436	RIDGE DÍANA LP	1725 ARLINGTON BLVD, GREENVILLE, NC	US
S2-309723449	सेवन टेक्नोलॉजी प्राइवेट लिमिटेड	125, KISONI, TEH. SHUJALPUR, KISONI, SHAJAPUR, Madhya Pradesh	India
S2-408830555	O+ SELECT PARTNERS INC #59352	4880 MCDONALD ROAD, SYRACUSE, NY	US
S2-373416881	பிளாக் சில்வர் Consultants Private Limited	148, OMR OKKIYAM, THORAIPAKKAM, PERUNGUDI, MADRAS, CHENNAI, Tamil Nadu	India
S2-610896574	Winmark Golf Infratech Private Ltd	306, SWAPNA BHOOMI 'A' WING, NEAR PORTUGUESE CHURCH, S.KBOLE ROAD, D, ADAR(WEST), Maharashtra	India
S2-300067805	Domeniga Ingraham Harbor Of Olympia Greater LLC	822 BURR RD, <NULL>, OLYMPIA, WA	US
S2-892633578	Lumcira	21 HARLAN STREET, LUDLOW, MA	US
S2-473183284	Rapid Paybet Studios Inc	6229 260, AUXVASSE, MO	US
S2-317230991	Sawariya Traders Private Enterprises		India
S2-579436191	lNTERNAL MEDICINE CLINIC  SOUTHSIDE CORP	##5575 DIVISION RD, <NULL>, TOWN OF WEST BEND, WI	US
S2-534889501	STARK INTERSTATE INDUSTRIALS INC	224 ALBANY ST, ITHACA, NY	US
S2-936234396	Integrated Kyetsoone Commodity, Group	96 CORLISS LANE, EUGENE, OR	US
S2-982771873	Horizon Cloud Holdings Ltd	653 SILVER LAKE SCOTCHTOWN RD, WALLKILL, NY	US
S2-638505594	BLUE SUPREME	11405 419, MUNCIE, IN	US
S2-772733662	Sestak  System Inc	77 Allen Chapel Rd, BATESVILLE, AR	US
S2-184203124	Debra L. Fairbanks, Ph.D.	6007 FOUR WOOD DR, STALLINGS, NC	US
S2-369521430	Zimia-Physical Therapy	5265 KETURAH DRIVE, FAIRBORN, OH	US
S2-31127123	Hyde Center	ANCHORAGE, AK, 3231 AQUARIUS CIR	US
S2-145488443	Beebe Láne LLC	N/A, #944 LAKE AVENUE, CT, GREENWICH	US
S2-73551136	Lopez Global Rre Incorporated	75 TIFFAHY CIR, CLAYTON, NC	US
S2-715413028	kolhapurfinance.com	E WARD PL NO 67 SHIVAJIPARK, KOLHAPUR, महाराष्ट्र	India
S2-718538218	Clouse Apollo of Glen Burnie	7619 BEAVER ROAD, MD, GLEN BURNIE	US
S2-672502301	Inc Classic Materials Industries Uptown	777 DOVER ST, PINGREE GROVE, IL	US
S2-898371696	das & sons corporation	MONKOMPIL HOUSE, MUKKOOTTUTHARA P.O, ERUMELI, RANNI, കേരളം	India
S2-11614425	Sri Sanmati Brothers Corporation	II ND FLOOR, PART-I, 4A AND 3B, TYPE-III APIIC, I.E.KUKATPALLY, HYDERABAD, Telangana	India
S2-49850640	C A Evans Nóble Co	1611 WINDSOR WOODS BOULEVARD, FORT WAYNE, IN	US
S2-681113457	alliedxdt0tal.com	34137 EUREKA AVENUE, YUCAIPA CDP, CA	US
S2-549883521	jcgpackaging.com	620 AUBURN FORES DRIVE, PRINCETTON, TX	US
S2-947632677	Kashyap  Corgpnrsate Pvt Ltd	DOOR NO 0807 B 35 ARVIND IND EST, B/H ANIL STARCH NARODA RD, AHMADABAD CITY, Gujarat	India
S2-518343547	CHOICE BIOMEDICAL ENTERPRISES	BELLEVUE, WA, 12197 60ST STREET, N/A	US
S2-70217821	Behavioral Specialists Health Valley	2685 SCHLETTY DRIVE, LITTLE CANADA, MN	US
S2-577007512	Vkg Trading Infratech Private Limited	#34 NEW BALBHADRAPUR LAHERIASARI, DARBHANGA, Bihar	India
S2-223670802	New Engineering  Private	KHASRA NO #89/90 , 1ST FLOOR, GALI NO 6 SHREE RAM GALI, VILLAGE WAZIRABAD EXTN, DELHI, Delhi	India
S2-863523059	Prime Piwre Private Limited	112, SHIV SHAKTI INDL. ESTATE, L. BS. MARG, GHATKOPAR (W), Maharashtra	India
S2-487147538	ബോംബെ സിസ്റ്റംസ് എൽഎൽപി	02/1120., KOZHIKODE, Kerala	India
S2-255973181	Vision Specialists Specialists of Piedmont		US
S2-713863978	Shri Trinity (India) Services-Private  Limited	##15 , 1363/1029, MADIYAON, LUCKNOW, Uttar Pradesh	India
S2-892714628	Fluxgildarc	503 5TH FLOOR VAASTU THE RESIDENCE BEHIND WOOD MILL L B S ROAD THANE WEST, MUMBAI, THANE, महाराष्ट्र	India
S2-926697213	wjwvyapari.c0m	#57 DESK F-7 OFFICE 410-412, FOURTH FLOOR, SOLARIUM BUSINESS CENTER, VESU, SURAT CITY, Gujarat	India
S2-721121382	Baus Quality LLC Service	10525 WESTCLIFF WAY, LITTLETON CDP, CO	US
S2-501301629	Roath Srlid LLC	NC, 291 OLD TULIP FARM ROAD, SALISBURY	US
S2-738672927	Global Superior Bumrungrad	7821 W PARK LANE, TX, MANSFIELD	US
S2-123181161	Mythri Consultancy Pvt. Limited	'SHARKARA', NO 19, 18TH CROSS MALLESWARAM, BANGALORE, ಕರ್ನಾಟಕ	India
S2-448533918	अर्बन इंफ्रा प्राइवेट लिमिटेड	C/O RAM BHAWAN PATHAK, VEVEKA NAGAR CALONEY, GHAZIPUR, Uttar Pradesh	India
S2-353809916	Grace  Zion	400 328 MADISON ST, SPRINGFIELD, IL	US
S2-118483153	సన్ డెవలపర్స్ ప్రైవేట్ లిమిటెడ్	PLOT NO. 295, HYDERABAD, SHAIKPET, తెలంగాణ	India
S2-360466667	Shripod  + Co	FLAT NO D-2 CTS NO 530 NEAR BHAJI MARKET, PUNE, Maharashtra	India
S2-505985891	Young Legacy Packaging LP	612 WALNUT ST, BRADY, TX	US
S2-970322293	Metro Cdrir LLC	321 TOWER AVENUE, MAYBROOK, NY	US
S2-333299277	Pediatric Dentistry  C0lonial		US
S2-672383933	Big  Yoga Springfield	MO, SPRINGFIELD, 217 SEMINOLE STREET	US
S2-678168181	Costa & Natividad Páyment	1318 SUPERIOR SAINT, GENOA, OH	US
S2-627467794	Oncology-Physicians	8935 LOWE AVENUE, CHICAGO, IL	US
S2-312465167	Deandrade, Allam + Claiborne Apparel Co	11104 GAY AVENUE, CLEVELAND, OH	US
S2-506544694	Daffie Botelho, (D.O.,)	480 BARBER LOOP, PMB 2907, MOORESVILLE, NC	US
S2-748237041	Sevilla Grian P.C.	676 ROBIN DR, CITY OF SUN PRAIRIE, WI	US
S2-968870249	Chang Cell of Missouri City Midtown	MISSOURI CITY, TX, 8635 BRD RUN DRIVE	US
S2-91953644	सेवन मैनेजमेंट प्राइवेट लिमिटेड	FLAT NO.64, 2ND FLOOR, BLK-F, PKT 12, SECTOR-15, DELHI, NORTH WEST DELHI, Delhi	India
S2-376101974	Jhansi Healthcare Exports Public Limited	DOOR NO 24  S/O RADHALAL SHRIVASTAV, GRAM GORAMACHHIYA BARAGAON, JHANSI, Uttar Pradesh	India
S2-970522575	Prolific Auto Ventures	799 FLAT NO. F-9, 1ST FLOOR, 46/6, 12TH MAIN, 14TH CROSS, 1ST BLOCK, BANGALORE NORTH, Karnataka	India
S2-711927056	Quartz, LLC Enterprises		US
S2-700415103	Tevoex  Ltd.	417 FIR ST, ELEANOR, WV	US
S2-121271277	Lucknow Limited Private Mutual	D-043, SALEHNAGAR, SAINIK NAGAR, LUCKNOW, उत्तर प्रदेश	India
S2-51398439	Crandall Trusted Redwood Ltd	123 HAYMEADOW DR, CRANDALL CITY, TX	US
S2-64064932	Commission on  Sanitation	30 Town Dock Rd, CHARLESTOWN, RI	US
S2-958520846	Genius & Brothers Private	Maharashtra, GAT NO 1065 MARKALTAL. KHED DIST PUNE, PUNE	India
S2-925413939	SOC Packagings  Private Limited	महाराष्ट्र, TEMPLE TERRACE55 FORJETT STREET, MUMBAI	India
S2-648746774	Sirsa Products Private Ltd	C/O DEEPAK MADAAN, KARKHANE WALI GALI, SIRSA, Haryana	India
S2-47766723	INC DRAYUS BOSTON	MCNUTT STREET, HALTOM CITY, TX	US
S2-233822764	GLOBUS LABS LIMITED [CENTER]	1ST FLOOR, K. K. CHAMBERS SIR P. T. MARG, FORT, MUMBAI, Maharashtra	India
S2-401954795	freitas and goddard llc	IA, 415 S VAN BUREN ST, IOWA CITY	US
S2-593148872	Brandon Home Care	21187 B VINE AVE, FALLS TOWNSHIP, IA	US
S2-795906794	AQUATIC GROUP LIMITED SERVICES	SY.NO.322/14, MUDINEPALLI, MUDINEPALLI, ఆంధ్రప్రదేశ్	India
S2-59094970	-- Sweet  Book Store LLC	GILES MILL RD, null, BUNKER HILL, WV	US
S2-2289654	ఏపెక్స్ ఫైనాన్స్ ట్రేడర్స్ ప్రైవేట్ లిమిటెడ్	DOOR NO -18/4 SHRADHA SAI COMPLEX, KHANAPUR, ADILABAD, Andhra Pradesh	India
S2-846476653	Kasey  Oconnell-Sachem	7701 HUSON STREET, TACOMA, WA	US
S2-703819992	FREEBORN PEDIATRICS LTD	308-D CREIGHTON AVENUE, FORT WAYNE, IN	US
S2-176599931	Pediatric Dentistry Clinic of Oakland Gardens Holdings	221-57 1/2 58 AVENUE, OAKLAND GARDENS, NY	US
S2-558865018	मां फाउंडेशन एलएलपी	J- 7, FIRST FLOOR, BHIM NAGARI, BLOCK - C3 SAFDARJUNG DEVELOPMENT AREA, DIVREPORTINGCIRCLE, HAUZ KHAS, Delhi	India
S2-83171910	ਪ੍ਰਾਈਮ ਕੇਅਰ ਪ੍ਰਾ. ਲਿ.	PLOT 574 256, KHARAR, RUPNAGAR, Punjab	India
S2-859878040	PVT TIRUPATI PRODUCER LTD	BAUG-E-SARA, GROUND FLOOR 16 NAPENSEA ROAD, MUMBAI, MUMBAI CITY, Maharashtra	India
S2-779727819	Strandberg First Environmental	206 HILLTOP ROAD, PO BOX 8669, WILMINGTON, DE	US
S2-539681166	Lotus Arts  Center Ltd	144 POLAT NO 47, QURBAN ALI, SHA NAGAR, PARBHANI, PARBHANI, Maharashtra	India
S2-408513510	FRIENDS BROTHERS OVERSEAS PRIVATE LTD	106-A, NEW 38 TATABAD 3RD STREET, COIMBATORE SOUTH, Tamil Nadu	India
S2-517075475	గ్రేట్ ప్రాపర్టీస్ ప్రైవేట్ లిమిటెడ్	0601 PENT HOUSE ELITE RESIDENCY PUPPALAGUDA MANIKONDA, HYDERABAD, RANGAREDDY, Telangana	India
S2-386975047	WRENNIE BRADFORD VA1LEY ESPORTS PARTNERS	001 BRANCH AVENUE, TEMPE HILLS, MD	US
S2-486694290	Allied Society	33-37 PINE STREET, BRAZIL, IN	US
S2-841327979	Pulido Rúano & Freire,	924 CROCKETT STREET, AMARILLO, TX	US
S2-490905577	Intellize Traders Ventures Pvt.-Ltd.	NO. 9-5 , K NO, 22/4//1/106, MANGAMMANAPALYA YELLUKUNT, BANGALORE SOUTH, Karnataka	India
S2-141191073	ORTHOPEDIC DIRECT ASSOCIATES,-(INC)	PERINTON, NY, #14 NETTLECREEK ROAD	US
S2-860340522	smart traders pvt ltd	D/159 & 160 KH. 846 & 901, ERTENDED LAL DORA VILLAGE, NEW DELHI, Delhi	India
S2-747575632	रेड हेल्थकेयर प्राइवेट लिमिटेड	51-A FRIENDS COLONY, DELHI, EAST DELHI, Delhi	India
S2-448317647	Lyrent Sdggbi		US
S2-653008078	>> hartman direct immunopharma, group	16027 STATE RTE 45, WELLSVILLLE TOWNSHIP, OH	US
S2-635968531	FEDERAL GLOBAL	0225 JACKSON STREET, VERNON, IN	US
S2-196198535	शक्ति कंसल्टिंग	C/O VITTHAL KONDIBA FALAKE, BEMBALE, SOLAPUR, महाराष्ट्र	India
S2-28186795	Cardiology Care	00149 PRAIRIE CIR, SACRAMENTO, CA	US
S2-737552560	Stine Státe of Nashville Holdings	268 VILLAGE GREEN DR, NASHVILLE, TN	US
S2-4097610	Dovabelo	H.NO 87 D-7, GWALIOR, Madhya Pradesh	India
S2-221251850	MARISCAL, LOPEZ HOSTETLER METRO INC SERVICE	7847A WALERGA RD, ANTELOPE, CA	US
S2-169654027	Mr Premier Brothers LLP	582 SECOND FLOOR, RIGHTSIDE CHAUHAN MOHALLA, MADANPUR KHADER SARITHA VIHAR, NEW DELHI, दिल्ली	India
S2-569382122	KOLKATA CHOME PRIVATE LIMITED LIMITED	West Bengal, P8-10 PRINCEP STREET 2ND FLR, KOLKATA	India
S2-841502840	लक्ष्मी ग्लोबल प्राइवेट लिमिटेड	DOOR NO 701- S NO 56/5B, SAI VRUNDAVAN BH ABHIRUCHI MALL, PUNE, HAVELI, Maharashtra	India
S2-211807217	MACKINNON CONTINENTAL NAVIOS ASSOCIATES	418 BUCK JONES ROAD, RALEIGH, NC	US
S2-808114481	BIES HORIZON TINTO INC	7500 HUNTERS MILL RD, PO BOX 9661, BLACKSBURG TOWN, VA	US
S2-856062910	Fahey Dynamic Genesis	15 LICK BRANCH MACES CREEK ROAD, VIPER, KY	US
S2-478959098	Payne Énterprises	3315 FREMONT ST, PEORIA, IL	US
S2-455261604	Layney Blackford LLC Services	0071 VALLEY FORGE LANE, SMITTHFIELD, NC	US
S2-775262717	Ramit Háeoh Private Private [Limited]	B-805. SAANVI NIRMAN, AARAMBH SAANVI, GANDHINAGAR, Gujarat	India
S2-40277375	FORD WÍNTERGREEN	175-A WILLOW ST, GRANTSVILE, UT	US
S2-754888386	MULDER FÍELDS WEST LLC	5300 ROGER MARIS DR, TX, CITY OF EL PASO	US
S2-185936251	சூப்பர் இன்ஃப்ரா லிமிடெட்	192A, NEW STREET, PANDIYAN NAGAR, THIRUNAGAR, MADURAI, Tamil Nadu	India
S2-518583318	Academy (India) Eye Pvt	SHOP NO-46, CENTRE POINT JINSI, BHOPAL, Madhya Pradesh	India
S2-290507624	Bureau of Bulbidis	07 ROCK STREET, GEORGETOWN, TX	US
S2-753149735	HAGGARD MEOBFIFE	1273 QUEEN SAINT, SOUTHINGTON, CT	US
S2-616707472	Partners Orbola Inc	8934 VALLEY GREEN DRIVE, OLYMPIA, WA	US
S2-822648104	Corp Pine Ship Group	THIRUVANANTHAPURAM, TC-22/82(6), കേരളം, TRIVANDRUM	India
S2-296781428	and Schmidt Winter	2645  KRAUTER PL, ROCA, NE	US
S2-867843414	Fresh Sui Inc	550 FULLERTON AVE, CAROL STREAM, IL	US
S2-376808336	Sri ashar brothers pvt ltd	PLOT NO. 17 , SURVEY NO. 605, ASHAPURA RESIDENCY, AIRPORT RING ROAD, BHUJ, ગુજરાત	India
S2-299747925	FIDELA'S SBHAFDO ELITE	7367  CENTRAL AVE, HIGHLAND, CA	US
S2-79517833	COLONIAL ROCKY-AMERICA CORP	1662 BURCH ROAD, GRANVVILLE, NY	US
S2-75132969	M/s Jay Food Private Limited		India
S2-56212674	સ્માર્ટ પ્રોજેક્ટ્સ પ્રા. લિ.	K-41, GIDC INDUSTRIAL ESTATE, GANDHIDHAM, KANDLA, Gujarat	India
S2-96804180	Pequeno, Porter & Sgaoin Inc.	TUSCANY DR, WAPPINGER, NY	US
S2-534805714	Safe Wheeler Center	EDNAM VILLAGE STREET, CHARLOTTESVILLE CITY, VA	US
S2-205751951	FU Soctwre Pvt Ltd	H.NO C-946 HOLDING NO. 1/439/109/106, WARD NO. IX SRILIPI LANE, BEHIND FIRE STATION, SILIGURI, N/A, West Bengal	India
S2-916514697	Teloa Drilling South LLC	5427-D COUNTRY CLUB DR, IL, LA GRANGE CITY	US
S2-229865801	बाबा इंफ्रास्ट्रक्चर प्राइवेट लिमिटेड	PLOT 746 C-3 HOUSING SOCIETY SOUTH EXTENSION PART-I, SOUTH DELHI, NEW DELHI, Delhi	India
S2-636155096	Jai  Care Garments Limited	21 , SECOND FLOOR, HILITE PLATINO, ST. MARTIAN ROAD, SHANKAR NAGAR, JAYA NAGAR, ERNAKULAM, Kerala	India
S2-641484158	Atlantic Ácademy	214 MURRAY WAY, YORKTOWN, VA	US
S2-925029325	Pvt Galaxy Construction Ltd	#2-57/91/134/4 AND 2, PLOT NO302 THE PEAK PRIDE, SHAIKPET, HYDERABAD, తెలంగాణ	India
S2-226009368	Putru Bee LLP	WARD NO B3/10, GOPALGANJ, PATNA, Bihar	India
S2-746133628	Smt Pine Management Private	DOOR NO 9 GEETHANJALI 217/41 SBI COLONY CHAKUNGAL ROAD PALARIVATTOM, ERNAKULAM, Kerala	India
S2-818625585	REEVA INDUSTRIES  [GROUP]	8-21-ANT-502, NARAVA ROAD, 8TH WARD GIDDLUR, GIDDALUR, ఆంధ్రప్రదేశ్	India
S2-408725664	Anay Pvt Ltd-Service	#236 1/2, MOTISIL STREET P.S. NEW MARKE, KOLKATA, পশ্চিমবঙ্গ	India
S2-975093407	HIMREALTY.COM	PLOT NO-141/1235, NILADRIPUR BUS STAND, NUAGAON, NAYAGARH, Orissa	India
S2-77845331	Kolkata Rose	BLOCK G-0324 22, RAM MOHAN MUILLICK LANE BURRA BAZAR, KOLKATA, পশ্চিমবঙ্গ	India
S2-940571970	INFRA MODERN  EVENT PRIVATE	PLOT NO.372-B/1, ROAD NO.81, JUBILEE HILLS, HYDERABAD, Telangana	India
S2-722644363	ವಿಜಯ್ ಪ್ರೊಡ್ಯೂಸರ್ ಹಾರ್ಡ್‌ವೇರ್ ಪ್ರೈವೇಟ್ ಲಿಮಿಟೆಡ್	NO G-18, 2ND FLOOR, BEL AIR DRIVE, BELLERY ROAD, BANGALORE, ಕರ್ನಾಟಕ	India
S2-700208535	Watanabe and Santamaria [Electronics]	10902 ELMDALE DRIVE, HOUSTON, TX	US
S2-605950080	FEUS LLC		US
S2-643146608	INTEGRATED CENTER DOWNTOWN	9926 BRUNSWICK PL, ALBUQUERQUE, NM	US
S2-476753419	Dev Services Private Ltd	OFFICE NO 103, GANESH SMRUTI GAOTHAN, VIRAR WEST, Maharashtra	India
S2-328815826	Ltd. Nagraj Education	H.NO 3/1B GOUR SUNDAR SETT LAN, KOLKATA, HOWRAH, পশ্চিমবঙ্গ	India
S2-639485230	Vanguard Cgmar Platinum LLC		US
S2-23299559	HENSLEY HENSLEY MÁSSAGE LLC	1622 FIFTEENTH AVE, YAKIMA, WA	US
S2-425523866	5auceda and  Slis	145 RIVER BIRCH GROVE ROAD, ASHEVILLE, NC	US
S2-901904181	Boykin Highland Octave Eastgate	3651  RIBLET RD, YOUNGSTOWN, OH	US
S2-559231312	RODRIGUES  INTERSTATE	8684-8688 7, POWERS LAKE, ND	US
S2-643984188	Alford Holding Company	82 150, DUTCH JOHN, UT	US
S2-798759988	கிரீன் சர்வீசஸ் பிரைவேட் லிமிடெட்	NO 54, COIMBATORE, தமிழ்நாடு	India
S2-986624377	VISION PARTNERS  GROUP COUNCIL	1305 Brookstone Dr, BOONE COUNTY, KY	US
S2-546127782	WILDLIFE ALLIANCE INC.	900 LITTLE KALAMA RIVER ROAD, WOODLAND, WA	US
S2-366363740	Office of West Partners	11-13 KINBUCK PT, GREENSBORO, NC	US
S2-402907724	keystonesystem.com	497D MAIN ST, OLIVET, KS	US
S2-201644939	MARTIN, OLYMPE, L.C.S.W.	WARNER ROAD, GILBERT, AZ	US
S2-801608659	LAXMI EXPORTS PRIVATE	DOOR NO 206 K NO 9 PINK PRIDE, JAISINGPURA BAS TEH., JAIPUR, Rajasthan	India
S2-748818593	THE CHINCHILLA AMERICAN  MERCURY LLC	6514 COMPASS RIDGE DR, DALLAS, TX	US
S2-420087999	Amaya and Gara Btc	14060 51, COLLINSVILLE, AL	US
S2-26940134	limited silver international	Karnataka, COMMERCIAL B STATION, SHOP NO. F#29, BANGALORE NORTH, BANGALORE	India
S2-298071608	Mount Church	ARRIBA DRIVE, STERLING RANCH, CO	US
S2-665578783	Grubb Made Partners	001825 HUGHES LOOP, TN, MARYVILLE	US
S2-514605087	పర్‌ఫెక్ట్ ఇంపెక్స్ ప్రైవేట్ లిమిటెడ్	67/HIG-1, MEDCHAL - MALKAJGIRI, HYDERABAD, తెలంగాణ	India
S2-849897161	JEQ  BEACON	RANDALLSTOWN, 3613 TEMPLAR RD, MD	US
S2-371416097	Safe Safe Legato Partners	02575 NM HIGHWAY 63, TERRERO, NM	US
S2-323255855	Pro Cénter		US
S2-479227589	Rainbow-College Enterprises	Delhi, #22 , PKT-V, DDA FLATS, MAYUR VIHAR 1, EAST DELHI	India
S2-602651671	Company Kanpur Exim	Uttar Pradesh, KANPUR II SHASTRI NAGAR, KANPUR, 120/91 LAJPAT NAGAR	India
S2-241271291	Desert Flmily Practice LLC	1513 ETAIN RD, IRVING, TX	US
S2-608591472	olivas, perez & gilbert clinic	640 Velma Avenue, WA, GRANDVIEW	US
S2-297929959	Incorporated EFS Ínnovations,	723 ST JAMES PLACE, MOLALLA, OR	US
S2-225681206	Skylink Creations Ltd	BLOCK B-830 C/O SHRI BISHAMBAR SINGH VILLAGE DAHIRPUR, HAPUR, Uttar Pradesh	India
S2-343226413	Zaria's Home-Care Holdings Center	68 East St, HONEOYE FALLS, NY	US
S2-829899563	Simmons North Center	916 MAIN STREET, NASHVILLE, TN	US
S2-952267930	A [ACE]	1131- MUSCADINE HOLLOW LANE, RICHMOND, TX	US
S2-161715195	Consultants Shaw Software		India
S2-72247631	HLL TRADIOG #9871	9710 OLIVER ST, VALLEY CENTER, KS	US
S2-558782717	LLP Cloud Granite	BI-32  MARUTI RESIDENCY, RAGHUNATHPUR NANDANKANAN ROAD, BHUBANESWAR, KHORDHA, Orissa	India
S2-79539223	Shashi Wealth Overseas Private	29, MAHECHHA COOP HOUSING SOC LTD, NR ISANPUR BUS STAND, AHMADABAD CITY, ગુજરાત	India
S2-120159999	Syndao Seneca	220A ELM STREET, INDEPENDENCE, MO	US
S2-113063958	Morrison Preparatory Academy  Ltd	BAKER SAINT, MURRAY, UT	US
S2-859286676	Smt Osg &	H.NO 114 , GROUND FLOOR, OXFORD TOWTRS, 139, OLD AIRPORT ROAD, KODIHALLY, BANGALORE, Karnataka	India
S2-419423786	The PPF Source	LEE HILL DRIVE, MONROVIA, MD	US
S2-941498115	Johnson, Jordain Banking [LLC]	417 BIG WILLOW WAY, ROLESVILLE, NC	US
S2-479994640	Calli Chenault Orange	NOBLESVILLE, 0011367 PLOUGH SAINT, IN	US
S2-921541892	Lott Highland	TX, TYLE RCITY, 21550 SYRAH DR	US
S2-422308763	656-657 East Owners Corp Ltd	SCOTT DEPOT, PO BOX 7452, WV, 309 HEDRICK ROAD	US
S2-438243225	Sader Fbuhdabon Private Limited	H. NO. 422, BADGO, SADER, Uttar Pradesh	India
S2-787951428	एपेक्स ब्लू इंडस्ट्रीज लिमिटेड	H.NO A-883I/3MULTANI DHANDA PAHARGANJ, CENTRAL DELHI, NEW DELHI, दिल्ली	India
S2-220253821	THE HEDY DAY PRECISION DIGITAL LLC	MO, 38  JADESTONE CIRCLE, SUNRISE BEACH	US
S2-464453661	भारत फूड प्राइवेट लिमिटेड	FLAT NO.701, A WING AMBIKA PLAZA, 90 FEET ROAD, MULUND (E), MUMBAI, Maharashtra	India
S2-743714634	Carter, Sakai and Bennett, L1c	3221 STATE SAINT, BETTENDORF, IA	US
S2-627536228	Bangalore Enterprises Holdings Pvt	Karnataka, 528/24., SRI VENKATESWARA NILAYA 3RD CROSS, VINAYAKA LAYOUT, WHITEFIELD, BANGALORE	India
S2-447047620	Oconner-Gesher	7827 CALAVAR ROAD, SURPPRISE, AZ	US
S2-310732407	Cunningham, Cudd & Bollman Tankers Southside PLLC	17423 ANGELIQUE DRIVE, AUSTIN, TX	US
S2-81864678	Wilmette  Montoya Lakeshore	1327 PUMICE AVE, NULL, REDMOND CITTY, OR	US
S2-218604151	Merlin Mills Group Pvt. Ltd.	NO ##23 T/S1, VATIKA LIIFESTYLE HOMES, SECTOR 83, NARSINGHPUR, Haryana	India
S2-899013052	Oleson's-Certified Home Care	ND, BIRCHWOOD DR, BIMARCK	US
S2-948756144	Better Principal Better	1525-1529 BOILING SPRINGS RD, HART COUNTY, KY	US
S2-692439584	Crystal Credit Central	1652 41, VEEDERSBURG, IN	US
S2-228927392	HERITAGE SEMICONDUCTOR  UNION INC.	447 JEFFERSON STREET, WILSON, NC	US
S2-986623822	OQ Purpose Co.	H.NO 87 D-7, PHASE III GARDEN HOMES ALKAPURI, GWALIOR, Madhya Pradesh	India
S2-180859492	Raya  Engineering	B-1, INDIRA COMPLEX, SHOP NO. 11 HARSHADEEP TOWER, NAVALAKHA, मध्य प्रदेश	India
S2-626773014	Hill Consulting Inc	16815 THROCKLEY AVE, CLEVELAND, OH	US
S2-397610596	ALISA WARSHAW, PC LLC (SERVICES)	224 NEW JERSEY ROAD, STEVENSVILLE, MD	US
S2-273912747	Shivam Star Business Private  Ltd	H NO-D/178, FIRST FLOOR, NAVALE BUNGLOW NAVALE WASTI, WADGAON BUDRUK, PUNE, Maharashtra	India
S2-507828219	Spice Buildwell Exports Private Ltd	DOOR NO #29 M SQUARE PRESS ENCLAVEROAD, SAKET, Delhi	India
S2-13433095	Y-& J Centers	103  GREYLOCK TERRACE, PITTSFIELD, MA	US
S2-922622641	MBG ELECTRIC PVT LTD.	H.NO: 5-23 KHADER COLONY, POST: REBBENA, తెలంగాణ	India
S2-504759078	श्री ग्लोबल प्राइवेट लिमिटेड	NO. 488. B-445 2ND FLOOR NEHRU GROUND, FARIDABAD, HARYANA	India
S2-351154364	anaybuilders.com	SURVEY NO-346/7/A, T.P NO-48, NEAR HARIOM ESTATE, OPP LAXMI POULTRY, SAIJPUR, AHMEDABAD, Gujarat	India
S2-636345851	INC CARE PRIMARY	802C 3TH SAINT, ALTOONA TOWNSIP, PA	US
S2-122488147	Masoft Safe York Harbor Co	81 PROSPECT AVE, WILLOW SPRINGSC ITY, IL	US
S2-85900017	CI Prime Lnt	JERSEY PIKE, CHATTANOOGA, TN	US
S2-320264263	ತಿರುಪತಿ ಫ್ಯೂಚರ್ ಫೈನಾನ್ಸ್ ಪ್ರೈವೇಟ್ ಲಿಮಿಟೆಡ್	NO D/70, BANGALORE, Karnataka	India
S2-329423810	M/s #confederationsuppliers	PLOT NO-1819, KHATA NO-91, AT/PO-SALIKOTHA, BALASORE, ଓଡ଼ିଶା	India
S2-178418825	West Harbor-Southwest (Inc)	14136A FAULKNER COURT, PLAINFIELD, IL	US
S2-438359903	Chiropractic  Medicine	4545 BEARDSLEY RD, PHOENIX, AZ	US
S2-531447704	beaconlivvyythompson.com	RIGGS ST, EAST HELENA, MT	US
S2-976874102	ನಾರ್ತ್ ಹರಿ ಗ್ಲೋಬಲ್ ಪ್ರೈವೇಟ್ ಲಿಮಿಟೆಡ್	ಕರ್ನಾಟಕ, BANGALORE, H.NO 108 5 CROSS SYNDICATE BANK COLONY, AREKERE GATE, BANNERGHATTA ROAD, BENGALURU	India
S2-123094737	Johnson Praetorian	COLUMBIANA, AL, 409 SADDLEWOOD CV	US
S2-566108424	Pope Amc LP	515 G STREET, JACKSONVILLE, OR	US
S2-328209251	Smt Payyanur Enrogy Private (Limited)		India
S2-991227428	Ash1ey Íii	UNION AVENUE, PMB 9085, LAKEWOOD, WA	US
S2-775918278	Kushal (india) (India) Pvt Pvt Ltd	C/O LALTI DEVI #00, RAMPUR, GORAKHPUR, Uttar Pradesh	India
S2-734336488	Heart-Fhogeu		US
S2-995208280	Enarai Servisces Private Limited	BLOCK A-803 1667, OLD MIG, BHEL, RAMACHANDRA PURAM, HYDERABAD, Telangana	India
S2-292004162	Peex Psbmk Coffee, Ltd	OR, EUGENE, 288  COUNTRY CLUB ROAD	US
S2-848734045	Family Beacon Pgantners Inc		US
S2-591094791	Federal Safe Skin  Care LLC	1316 Winnebago Street, LA CROSSE, WI	US
S2-371912725	Legacy Elite Siddhi, L.L.C.	11327 CICI WAY, NULL, HAGERSTOWN, MD	US
S2-804760524	J & Y Siddhi, Inc	385 MOUNTAIN ROAD, BRISTOL CITY, VT	US
S2-382298853	Dermatology Partners	2554 HWY 87, GILCHRIST, TX	US
S2-779328874	NEWARK PRIMARY CÁRE FFESH-PARTNERS	109 BENHAM COURT, PIKE CREEK VALLEY, DE	US
S2-98840883	શ્રી પ્રોડ્યુસર પ્રાઇવેટ લિમિટેડ	HN 409 FF-1, REGENCY PLAZA, NR MONALISA, MANJALPUR, BARODA, VADODARA, Gujarat	India
S2-992350911	VOLK LABS, FIRST LLC (ID: 31144)	261 29TH PL, TULSA, OK	US
S2-824336574	PRIMARY CARE	#1487 11B, DICKINSON CENTER, NY	US
S2-624543621	OPTIMAL LANE	1151 KAYLEE LANE, BENTONVILLE, AR	US
S2-776996601	EAR NBOSEI & THROAT  SPECIALISTS LP	PLEASANTON, LIVE OAK ST, TX, null	US
S2-766330370	top & associates	#575 ASOKA TOWERS NO.2 / 3, NORTH THROWPATHI AMMAN KOVIL ST, PUTHUR, TIRUCHIRAPPALLI, Tamil Nadu	India
S2-701898570	Kleinsasser Unified Australia, Ínc	917 IJAMS ST, GARRETT, IN	US
S2-923301285	LLC A ADVANCED SPTLT	##2104 CRESCENT DR, TARRYTOWN, NY	US
S2-949416156	Coastal-Sterling LLC	7966 WILLIAM AUGUSTUS COURT, LORTON, VA	US
S2-355819157	Brixquo	SISTERS, OR, 69200 BARCLAY DR	US
S2-901435066	Select Solution LLC	743 HILL ROAD, N/A, S. CCOLTON, NY	US
S2-992835967	Select  Transit Consultants Co	##6035 NANCE ST, MESA FALCON FIELD, AZ	US
S2-358573150	(L.L.P.) Deccan Investment	21/62 PADINJARE, PULIMOOTTIL, PANACHIKKAD, KOTTAYAM, MUVATTUPUZHA, Keralam	India
S2-804739947	ESS SERVICES LLP	महाराष्ट्र, SH NO.42, RANGOLI BLDG, THAKUR VILLAGE, KANDIVALI EAST	India
S2-211887171	SUTTON QUALITY BRTO	MO, 5814D PROSPECT AVE, KANSAS CITY CDP	US
S2-113600604	Penaloza and Bittle First (Inc.)	4255 CHARLESWOOD AVE, MEMPHIS, TN	US
S2-938367236	Zanni Shreya	1149 29th St, INDIANAPOLIS, IN	US
S2-161976072	Inc0rporated Marquez Real	WY, GILLETTE, 0410 WARREN AVE	US
S2-187100927	विजय इंजीनियरिंग प्राइवेट लिमिटेड	H.NO 20 DYNAMECH HOUSE, PLOT NO. A-178, ROAD NO. 16, 'Z' LANE, THANE, Maharashtra	India
S2-161258310	Cally  Mcdonald Trading LLC	1825 LOWELL AVE, null, SPRINGFIELD, IL	US
S2-69431532	Eastern Hospitality Private	D.NO.#54-20/2-14C , PLOT-46, REVENUE WARD-2, CT COLONY, VIJAYAWADA (URBAN), ఆంధ్రప్రదేశ్	India
S2-510938652	The Edenfield Commodity	2168 HITCHING POST LN, SCHAUMBURG, IL	US
S2-446387052	GARCIA ÍNTEGRATED CAROLINA	16-A REVERE ROAD, CARROLL COUNTY, VA	US
S2-888491400	ferrentlane.com	MT, 01612 FIRST AVENUE, GREEAT FALLS	US
S2-791795452	Pancha  &	HN 18 C-204, FIRST FLOOR, MAYFIELD GARDEN, C- BLOCK, C K BIRLA HOLPITAL, GURUGRAM, Haryana	India
S2-645633135	NEWTON AND-CHAMBERS	04323 STEVENS BATTLE LANE, FAIRFAX COUNTY, VA	US
S2-422690330	ENVIRONMENTAL CÓUNCIL	826 R COLLEGE HWY, PMB 4980, SOUTHWICK, MA	US
S2-815455910	Dr Armour  Exports of Ahmedabad		India
S2-770952912	LEAHY  SARATOGA	CULLOWHEE, 303 NO END CIRCLE, NC	US
S2-101628107	ಜೈ ಪ್ರಾಪರ್ಟೀಸ್ ಪ್ರೈವೇಟ್ ಲಿಮಿಟೆಡ್	Karnataka, BENGALURU, SITE NO-1	India
S2-292254072	south atlantic table llc	2072 COPENHAVER RD, ROCK ISLAND, TN	US
S2-213550124	Benitez + Vargas Solana Inc.	122 AA 8TH STREET, <NULL>, ELMIRA, NY	US
S2-903164554	royalshivamsolutions.com	51-A, S/F, KUNDAN NAGAR, LAXMI NAGAR, OPP HDFC BANK, DELHI, Delhi	India
S2-132513104	Maxpro Constructions Associates	00&108, BHARATI SALAI ROYAPETTAH, CHENNAI, Tamil Nadu	India
S2-130718985	Thea  Ortiz	#45 POPLAR STREET, CENTRAL ISLIP, NY	US
S2-473414155	Alameda Jennings Global Automobile	NEDONNA BEACH, BEACH DRIVE, OR	US
S2-953357881	Jackie's Solutions Center	INDEPENEDNCE, 1209 BEECH ST, KS	US
S2-748988045	Properties Law Chambers Private Limited	FLAT NO 5- , 2ND FLOOR, UTTAM TOWERS, SHASTRI NAGAR OPP.AGAKHAN PALACE, CTS NO2162/A/2, NAGAR, RD, YERWADA, PUNE, Maharashtra	India
S2-510197556	A  Rapid Efes LLC	TN, 117 LEE GREENWOOD WAY, KODAKC ITY	US
S2-734002448	Mr Infocom Realty (fci) Private Limited	West Bengal, CHOOTO DHEMO MORE, SITALPUR, GATE NO-3 POST- DISERGHAR, P.S. KULTI, BURDWAN	India
S2-736601498	विजन केयर	KHATI BABA DILDAR NAGAR, JHANSI, JHANSI, HOUSE NO - 101, JHANSI, उत्तर प्रदेश	India
S2-902401508	Smt Armour Áhmedabad of Exports	8-10-G, TITANIUMCITYCENTER, 293/1/P, T.P-03. 100FT.ROAD, NR.SACHINTOWER, ANANDNAGAR, AHMEDABAD, ગુજરાત	India
S2-787853458	Morgan Industries  LLC	1902 DURWOOD ST, BENTON, AR	US
S2-337672180	choice biomedical group	NC, RALEIGH, 7227 ENGLEHARDT DRIVE	US
S2-944629656	T Z Stone Barclays Southside PC	29 CNOWNWOOD LN, QUEENSBURY, NY	US
S2-810027578	Temple Lutheran Church Center Foundation	2200 VILLAGE DR, PMB 7838, NORTH LITTLE ROCK, AR	US
S2-849522794	Shook Frontier Newhold		US
S2-79067946	Group Clark Legacy Indigo	933 COOLIDGE AVE, KS, WICHITA	US
S2-321971497	Nanine Gandy Rápid Commerce LLC	17924 NIXON COURT, NULL, ELK RIVER, MN	US
S2-487545003	Sagar Auto Pvt Ltd	H-9A, FF MAIN ROAD, KALKA JI, Delhi	India
S2-659008083	Sepl Institute of Technology Co	B-0045 HARYHUR SOCIETY VILLAGE KHAMBHAT TALUKA KHAMBHAT DISTRICT ANAND, KHAMBHAT, Gujarat	India
S2-636649553	Dermatology Optimal Che Inc.	18411 SHORE PARK ROAD, CYPRESS, TX	US
S2-73412297	Heinen Security Services Of Eden PC	1158- RIDGE AVE, EDEEN, NC	US
S2-960452688	@generalhospitality	377 FAIRLANDING AVENUE, MCKINNEY CITY, TX	US
S2-713319408	roriemcdanielsethereum.com	48 CATALINA DR, PO BOX 3565, WALTON, KY	US
S2-443806749	Janhit LLP Technologies		India
S2-306593085	CORNERSTONE ALGONQUIN,-L.L.C.	320D BROOKES DR, HAZELWOOD, MO	US
S2-85443415	Casillas, Reed & Cook,LLC	01 GEORGE ST, CHELSEA DCP, MA	US
S2-494353803	Superior Marie Alliance Inc	206 GODFREY LANE, KNOXVILLE, IA	US
S2-890580460	Degrees  Prime Private Ltd	BLOCK B-92 FLATNOA-802PLOTNO-2SEC18, NISTADSCGHSLTDCRESCENTAPT, NEW DELHI, Delhi	India
S2-136340192	Behavioral Health  Clinic Group	16 HIGH RD, BENTON, KY	US
S2-440858957	Pinnacle  Supply Group Care	455 PIPE SPRINGS DRIVE, KANAB CITY, UT	US
S2-701231171	GREAT INTERCONTINENTAL PARTNERS [CORPORATION]	666 KNOLL DRIVE, VALE TOWNSHIP, NC	US
S2-267789198	Serampore Private Limited Center Center	CHAKUNDI DANKUNI, SERAMPORE, West Bengal	India
S2-978171371	FEDERAL-FLOATING	AR, 20 TERRY AVE, SPRINGDALE	US
S2-260324268	इनोवेटिव कंस्ट्रक्शंस प्राइवेट लिमिटेड	SS-542, SECTOR-G, LDA COLONEY, KANPUR ROAD, LUCKNOW, <NULL>, Uttar Pradesh	India
S2-933484439	Express Medical Digital Corp	1445 Melrose Drive, WARREN, AR	US
S2-847992560	PEDIATRIC DENTISTRY PRECISION CARE [LLC]	1905-D BROOK BOULEVARD, WARSAW, IN	US
S2-51577918	ácunion.com	540 HANCOCK ST, QUUINCY, MA	US
S2-397157401	Techno & Brothers Pvt	NO 331 OFFICE NO 607 AND 608, 6TH FLOOR ATL CORPORATE PARK, OPP. L & T GATE NO. 7, CTS NO. 73A/3 VILLAGE TUNGWA SAKI VIHAR ROAD, POWAI, MUMBAI, Maharashtra	India
S2-680811162	ગેલેક્સી નોર્થ ઇન્ટરનેશનલ પ્રાઇવેટ લિમિટેડ	A 2, AHMEDABAD, Gujarat	India
S2-225479220	Fastspeed Medical Centre Exports Limited	Maharashtra, 127, SUMMIT BUSINESS BAY, OPP CINEMAX, ANDHERI KURLA ROAD, ANDHERI-EAST, MUMBAI	India
S2-714837154	जैन सॉफ्टवेयर प्राइवेट लिमिटेड	BLOCK B-182 545, KA/SV-003, PARA ROAD, RAJAJI PURAM, LUCKNOW, Uttar Pradesh	India
S2-430885656	Fischer Heartland Legato	2124 EDINBURG RD, OLD TOWN, ME	US
S2-643124645	गैलेक्सी ग्रेट एस्टेट लिमिटेड	JOLLY MAKER CHAMBERS NO 9NARIMAN. POINT, MUMBAI, Maharashtra	India
S2-909428369	Bhagwati Seoctruame Public Limited	FLAT NO. A/01, AL-ASHRAF APT, GHASSWALA C OMP, THANE, Maharashtra	India
S2-14069015	हाई कंसल्टेंट्स लिमिटेड	NO 1-90 VINOD TOWER, 401, L.I.G.H. OPP. NAIYON KI BAGECHI, CHOPASANI ROAD, JODHPUR, राजस्थान	India
S2-327601649	EYE SPÉCIALISTS-F0UNDATION	EYRE PLACE, BABYLON, NY	US
S2-325055238	BKS  Newbridge Partners	10442 HAVERFORD PLCAE, FORT WAYNE, IN	US
S2-427574491	Chiropractic Associates	4416-4420 FORD STREET, SOUTH BEND, IN	US
S2-64164630	রয়্যাল হেলথকেয়ার	NORTH 24 PARAGANAS, West Bengal, NO ##43 UNIT-G 7 FLR PODDAR COURT BUILDING	India
S2-918682208	Barb Fortson Select  Trading	0138 LAUDERBACK ROAD, TN, NULL, ROGERSVILLE	US
S2-873713748	ALMARAZ AIMEI ASSOCIATES LTD		US
S2-953857311	Allied  Prorgm Clinic	KS, MANHATTAN, 3321 OCEAN DRIVE	US
S2-33692639	Consolata Hurd, DO,P.C.	IN, RICHMOND, 29 16TH STREET	US
S2-342088208	Garrison and Mcgee Co Center	125 MEWS LN, NEWPORT NEWS, VA	US
S2-928990898	Anderson Púrpose		US
S2-967266155	Katleen Hrenndez Salon	MA, 549 MAIN STREET, NORTH ADAMS	US
S2-578443497	Serbin Clear  Telecommunication	OR, MONROE, 0950 SHELBY WAY	US
S2-73970404	अरिहंत गोल्डन मीडिया प्राइवेट लिमिटेड	51 PHOENIX BLDG5TH FLOOR S V P ROAD PRATHANA SAMAJ, Maharashtra, MUMBAI	India
S2-817711746	Delhi Bievflees Pvt Ltd	#G-1269KATRA SANT NAGAR CHANDANI CHOWK, DELHI, Delhi	India
S2-620337373	BUREAU OF SANITATION P.C.	WINONA LAKE, IN, 1510 CHESTNUT SAINT	US
S2-227711364	Stanton Translational LLC	23691- HOPEWELL MANOR TERRACE, LOUDOUN COUNTY, VA	US
S2-647599671	Britney's Cosmetics Inc.	279 WALNUT AVENUE, ROXBURY, MA	US
S2-206802660	Rmb Foundations	B-138/B, 3RD CROSS ROAD, PEENYA INDUSTRIAL AREA, SHUSHRUTI NAGAR, PEENYA, BANGALORE, ಕರ್ನಾಟಕ	India
S2-228689952	Oncology Specialists [LLC]	933 10, COORINTH, NY	US
S2-471844053	Unique Dynamic It Pvt Ltd	A1-2301, FLR-23, PLOT-1052, SUMER TRINITY NO 2, MUMBAI, Maharashtra	India
S2-3789375	Dental [Group]	6644-C HOLLAND ST, FAIRFAX COUNTY, VA	US
S2-54308139	APEX  ENTERPRISES PRIVATE LIMITED	C/O PRASHANT RATHOD, BALAJI NAGAR MEHKAR, MEHKAR, Maharashtra	India
S2-204153633	ગુજરાત પ્રોડક્ટ્સ લિમિટેડ	C-66, AHMEDABAD, Gujarat	India
S2-937892947	Frontier Patriot Molecular	0240 CEDAR LANE, CLARKSVILLE, AR	US
S2-73205512	Coimbatore Management-Pvt Ltd	A-720 AVANASHI ROAD, COIMBATORE, Tamil Nadu	India
S2-139483165	Shri Paradigm Holdings	2-9-180/57, BHARATH NAGAR UPPAL, HYDERABAD, తెలంగాణ	India
S2-314971829	NAGIYA KRISHNA PVT	NO 22/265 TALKUS BUILDING, AIRPORT ROAD, PALIAKARA, ANGAMALY SOUTH, PARAVUR, Kerala	India
S2-192300951	Aryan Finance  (India) Ventures Private	158 NEW COLONY, CHAUGURJI, ETAWAH, ETAWAH, उत्तर प्रदेश	India
S2-47882346	[LLC] Demartino and Cabrera,	383 CLOUD PEAK DR, MAGAN, UT	US
S2-164011854	SENTENO CRYSTAL	400 1/2 SYMPHONY CIRCLE, COCKEYSVILLE, MD	US
S2-386848494	Kira Dacosta  Anchor Muniholdings	NC, FAYETTEVILLE, 2321 SALTWOOD ROAD	US
S2-828093118	Orbyx Antimony Inc	181 ELM ST, MALONE, NY	US
S2-110465873	আরবান Industries Pvt Ltd	C15, null, KOLKATA, HOWRAH, West Bengal	India
S2-179088853	Woodcox, Ségal &	MILLWOOD RD, BETHESDA, MD	US
S2-937233153	Midwest Pediatrics Holdings	1081 RAVEN STONE DRIVE, WASHINGTON CITY, UT	US
S2-58602645	M0NTEZ & SIMMONS P.C.	134 PEARL AVENE, WATERTOWN, NY	US
S2-443626285	Inc Conlee Ace Adlnce	608. CHAMBERLAIN STREET, GILMAN, IL	US
S2-871538929	Dan Aspen óf Tyler Holdings	TX, TYLER, 119 TOURNAMENT ROAD	US
S2-774543773	P.C. ARTS MINISTRIES	Hughes Rd, GALENA, OH	US
S2-698930639	Sbr  (India) Motors Private Limited	#32B , PLOT NO. 7 SECTOR-3, CGHS BALAJI APARTMENT, DWARKA, PHASE-II, NEW DELHI, Delhi	India
S2-698302727	Taaj Technologies (India) Private	NO 16, SINGAPORE GARDENS, KANAKAPURA ROAD, BANGALORE, Karnataka	India
S2-3944825	Noella Xie Bdc Corp	5109  BRETT DR, PEARLAND, TX	US
S2-554301957	Alpha Foods Public Limited	SHOP NO CCNTB217 CITY CENTRE II, NEWTOWN 2ND FLOOR, KOLKATA, West Bengal	India
S2-899907568	Om International Pvt		India
S2-414428792	090 CHEMICAL PARTNERS INC	##2741 NORDLUND WAY, SACRAMENTO, CA	US
S2-572067438	Marisa Perez Desert Fortis	705 OAK LANE, LINO LAKES, MN	US
S2-240751557	The Taylor Grading PC	121 RITTER ST, PO BOX 973, ELLETTSVILLE, IN	US
S2-507257151	Coastal Trust Corporation	BATAVIA, 100  BROADWAY, OH	US
S2-909240954	Salem Pvt Polytechnic Ltd		India
S2-330721690	গ্লোবাল শিব টেকনোলজি প্রাইভেট লিমিটেড	NO 58/A/1 SK NAGAR PRAVASH NAGAR RISHRA, HOOGHLY, West Bengal	India
S2-310990845	ഫസ്റ്റ് സർവീസസ് എൽഎൽപി	H.NO 173 35/3093M, THEJUS THAMMANAM ROAD, ERNAKULAM, PALARIVATTOM, Keralam	India
S2-497993803	Navsari & Brothers Private  Limited	6, ROKADNATH SOCIETY, LIONS HALL ROAD, RACE COURSE CIRCLE, BARODA, Gujarat	India
S2-789746816	Trident LLP Service	Bihar, C/O SRI RAM KISHORE SINGH, SOUTH CG NAGAR KANKARBAGH, SAMPATCHAK	India
S2-146458085	Town Town Of Lincoln Columbia [LLC]	57702 FOUR CORNERS STORE RD, MASON CITY, WI	US
S2-547317931	Shri Comfort Ina Private Limited	314- THIRD FLOOR, SHILP EPITOME, B/H. RAJPATH CLUB B/H. RAJPATH CLUB, OFF. SG HIGHWAY, BODAKDEV, Gujarat	India
S2-88194673	EAA Pvc LLP	FLAT NO.101 , 11TH FLOOR, TOWER-3, PYRAMID URBAN HOMES II, SECTOR- 86, GURU, GRAM, GURUGRAM, Haryana	India
S2-350950742	[Inc.] Collins Montessori School	004319 NORTHEASTERN AVENUE, INDIANAPOLIS, IN	US
S2-769894248	CLASSIC TECH PRIVATE LTD	DOOR NO 55 , 4TH MAIN ROAD, NEW THARAGUPET, BANGALORE, Karnataka	India
S2-702496432	Private Services Tlhaarai Sciences Limited	NORTH WEST DELHI, DOOR NO 464 H.NO.-237, BASEMENT FLOOR, RAMA MARKET, PITAMPURA, Delhi	India
S2-91226599	ESSDEE MEMORIAL TRUST INDUSTRIES	NO #13 , FIRST FLOOR, VILL-BAROLA, NOIDA, G B NAGAR, NOIDA, UP,, NOIDA, Uttar Pradesh	India
S2-345419606	GAO AND BATY-GENESIS CORP.	W312N763 FAIRFIELD WAY, TOWN OF DELAFIELD, WI	US
S2-207840978	Kurtz  Inc Center	15709 BRANDYWINE ROAD, DUMFRIES, VA	US
S2-359037077	स्वस्तिक इंटरनेशनल प्राइवेट लिमिटेड	B-101, Borivlai East, null, Maharashtra	India
S2-584984935	SOUTH MOUNTAIN SERVICES UPTOWN LLC	VA, CHARLOTTESVILLE, 1115 LITTLE HIGH STREET	US
S2-140488896	GLOBAL PICHOLA PVT LTD	B-6-1506 VITHIKA, DOSI VIHAR, VARTAK NAGAR KORES RD, THANE, Maharashtra	India
S2-785565832	RMS HORTICULTURE PRIVATE LIMITED	#4/4 , G-8, GURUMURTHAPA, COMPLEX J.P.NAGAR, 1ST PHASE SARAKKI MAIN ROAD, BANGALORE, Karnataka	India
S2-549402249	United  Medicine of 5chool	0700 STONEWALL JACKSON DR, CONROE, TX	US
S2-74338792	HWE Money Private	SJ NIVAS TC 063/1638 AMBALATHARA, THIRUVANANTHAPURAM, Kerala	India
S2-115238959	एसएस कंस्ट्रक्शन प्राइवेट लिमिटेड	FLAT NO. 904, PUNE, Maharashtra	India
S2-450371320	Transcontinental Insurance Alliance Alliance	489 NICHOLAS ST, ABINGDON TOWN, VA	US
S2-134094595	Rania Gaylord  Futurecrest	308 71TH ST, CHICAGO, IL	US
S2-543230375	Jaipur Pack Limited	A-658/4, VIDHUT NAGAR, AJMER ROAD, JAIPUR, Rajasthan	India
S2-650282477	MX SERVICES PRIVATE	70, AMARPALI APARTMENT 56, PATPARGANJ, DELHI, दिल्ली	India
S2-795274572	PANET ADVANCED  PAPER,	3130 GOODNGHT WAY, BLOOMINGTON, IN	US
S2-260299251	Regional Learning Center Corp	##1350 EVELYN LN, AKRON, OH	US
S2-326259749	ambur trading exports private limited	Orissa, #52 C/O SAKLIA MARNDI, AT-KUALI, P.S-GORUMAHISANI, RAIRANGPUR	India
S2-56302622	Select Americas Holdings	732 15TH STREET PLACE, HICKORY, NC	US
S2-255318100	Lake  Holdings Group	7130 MASSACHUSETTS AVE, MA, null, CAMBRIDGE	US
S2-813292696	Cestial Dave Inc.	3553 MOCKING BIRD LN, CAMP VERDE, AZ	US
S2-65191301	Sweet Book Store! LP	CA, VICTORVILLE, 12332 SOFTWIND DR	US
S2-996218114	Avia Cargo	C-210 REGENCY CO-OP HSG SOLTD SHIVAJI ROAD, VIRAR WEST, Maharashtra	India
S2-304655498	एपेक्स एंटरप्राइजेज प्राइवेट लिमिटेड	C/O PRASHANT RATHOD, MEHKAR, BULDHANA, Maharashtra	India
S2-870831878	बेस्ट टेक्नोलॉजीज लिमिटेड	E-149, GALI NO-4, WEST VINOD NAGAR, EAST DELHI, Delhi	India
S2-507287370	IMOJEAN BOYD SIGNATURE CHINA INC	29W 270 FOREST AVENUE, WEST CHICAGO, IL	US
S2-439782541	UTM Grnviy Inc	22 QUIGLEY AVENUE, NORTH CHELMSFORD, MA	US
S2-80272729	Western Defense LLC Services	1519 32ND STREET, FARGO, ND	US
S2-264002312	INCORPORATED ZAMAIFY	453 PRAIRIE WAY, BYAPORT, MN	US
S2-198835184	Dacy Kehoe  D.O.	286 NERUDA AVE, COLUMBUS, OH	US
S2-627390860	Beth Lutheran Church Midtown Inc	8832 RIDGE HOLLOW COURT, SPRINGFIELD, VA	US
S2-537125069	Kamani Brother Private Limited	B-8/A, SUPA PARNER INDUSTRIAL AREA, SUPA MIDC, TAL - PARNER, AHMEDNAGAR, Maharashtra	India
S2-932492957	Kaveravi Software Center Co	C/O SUKHDEV SINGH, M C ROAD, BARNALA, BARNALA, ਪੰਜਾਬ	India
S2-408362351	Ironrose India Corporation	B-1-4, SOUTH EXTENSION, PART-II, NEW DELHI, दिल्ली	India
S2-23465401	PATRIOT BIOLOGICS LLC	ERIE AVENUE, TULSA, OK	US
S2-36435762	Pierro Strategy LP	2010 SUSSEX PL, OWENSBORO, KY	US
S2-23793272	Flores Ínc. Center	IL, CHICAGO, 1358 72ND PL	US
S2-154966534	Ridge Society	003303 DEBBY STREET, MEMPHIS, TN	US
S2-268941278	womenshealthcare.com	S94W13710 Ryan Drive, MUSKEGO, WI	US
S2-6575989	Aj Engineering  Private Limited	#G-25 , SASIVADAN TOWNSHIP, ANANTAPUR, Andhra Pradesh	India
S2-727474089	Delacruz Inc Aurora	269 SELBY RANCH ROAD, SACRAMENTO, CA	US
S2-474851292	CHENG MOBILE INC	CLEVELAND, 1888 SUNSET DR, OH	US
S2-576286076	ಫಸ್ಟ್ ಇಂಟರ್‌ನ್ಯಾಷನಲ್ ಲಿಮಿಟೆಡ್	H.NO 38, IFLOOR, ANNIPURAM MAINROAD, SUDHAMANAGAR, BANGALORE, Karnataka	India
S2-174310050	Dreddy G. Dealhs, Dealhs, O.D. Inc	028 S MAYO TRAIL TRL, PIKEVILLE, KY	US
S2-805593937	no15.com	C/O DAVID KUMAR SINGH S/O AWADHESH KUMAR SINGH, AT-PLOT NO 3280, BHOJPUR, WARD NO 15 GARAHANI, Bihar	India
S2-165977841	Optimal Íntelligence Innovations, LLC	631 HOLMES AVENUE, LIMA, OH	US
S2-464365611	Tri-State Council  III	5909 ST RTE 119, OH, SAINT HENRY	US
S2-177604414	Holloway Great	4716 LAKESIDE DRIVE, OMAHA, NE	US
S2-503379333	Ulrike's Best	285 OAK CREEK DRIVE, LAVON, TX	US
S2-65219045	Farha, Bamby, M.D., Esq., P.C. Inc	CARY, 717 WARREN AVENUE, NC	US
S2-723389311	Teddi Víllar Electric LLC	10 GAIL DRIVE, LAKE RONKONKOMA, NY	US
S2-980561446	SA Services Private Ltd	NO C-70 C/O SHIVASHUTOSH JHORAR V P.O-, SALIWALA HANUMANGARH SANGARIA, SANGARIA, Rajasthan	India
S2-897882468	Siddarth Siddarth Project Private	Karnataka, NO.1019, GROUND FLOOR, 3RD MAIN ROAD, VIJAYANAGAR, BANGALORE	India
S2-595077757	Steelworkers Local  Union 770		US
S2-97821275	प्रीमियर बिल्डर्स प्राइवेट लिमिटेड	GURGAON, BADSHAHPUR, DOOR NO 12-813-814 TOWER A-1 SPAZE ITECH PAK, हरियाणा	India
S2-674262201	Lans Conductors Limited Services	C/O SANGAMESHWAR MOTIRAM PATIL MUKHED MUKHED TQ. MUKHED MUKHED, NANDED, Maharashtra	India
S2-63422584	GF Associates Limited	B-121, RAJ CASTLE CHS. LTD., I.C. COLONY, LINE II OPP. SILVER COIN RESTAURANT, BOR, IVALI WEST, MUMBAI, Maharashtra	India
S2-563061983	Smt Renu Textile (India) Private Ltd	Karnataka, NO 0016 K NO 111/16 1ST CROSS YELLUKUNTE MUNESHWARA NAGARA1, BANGALORE	India
S2-126854598	Close Beacon Athena Inc	11247 GROUSE LAEN, HAGERSTOWN, MD	US
S2-448498481	Wakeland Investments	NC, TROY, ##210 DEERFIELD CIRCLE	US
S2-414809397	Grand Wealth Networks Inc.	5 DARLING STREET, BOSTON, MA	US
S2-487907537	Kesoram Insurance Private Limited	SRV NO 1054 3 13, NEAR CHAITANYA HOSPITAL, UMBERGAON, Gujarat	India
S2-323827719	ALL PRECIOUS CENTER CO	607 RACE ST, MONON, IN	US
S2-99777232	Ballou, Sorum and Matos Services		US
S2-845816726	5trategic Medical	388 BROWNCROFT BLVD, BRIGHTON, NY	US
S2-886461076	Prime C0nstruction Industries LLC	N/A, WA, CLARKSTON, 07 SYCAMORE STREET	US
S2-642953301	noidahospitality.com	HOUSE NO : 417., BLOCK -B, SECTOR XU-III, NOIDA, Uttar Pradesh	India
S2-28956993	Dr Disha (India) Chain Private  Limited		India
S2-632375397	Shelton Dombcla Associates LLC	1501  NORTH AVE, MELROSE PARK, IL	US
S2-643386673	Sion Horizon Cloud L.L.C.	49 FIELD ST, BROCKTON, MA	US
S2-31601751	Sri TETRA  CONSULTANCY PRIVATE LIMITED SERVICE	# 6-11, GANDHI NAGAR, KAMANPUR (V), KARIMNAGAR DISTRICT, KARIMNAGAR, Telangana	India
S2-713961585	Peak Robotics Alliance East	3845 JAXON STREET, SA NLUIS, AZ	US
S2-732095028	Orthopedic LLC (Center)	#15408 COUNTRY CLUB DRIVE, CHINO HILLS, CA	US
S2-398242880	Meyers Eye Care Inc	10702 377, BROOKESMITH, TX	US
S2-341492622	Lenhardt and Gilkison Portfolio Westgate	4716-4720 SILVER MOON DR, EAGLE MOUNTAIN, UT	US
S2-915448161	Valley Potrjgt III	670 170RD ST, JORDAN, MN	US
S2-75882467	Florissant Urgent Urgent Care Partners LP	COLONEL PICKERING COURT, OLD JAMESTOWN, MO	US
S2-405980741	Anchor Green Bnod	7824 Eagles Nest Blvd, ZIONNSVILLE, IN	US
S2-135564307	ZH Kongsberg Summit LLC	433  FOURTH AVE, EGDERTON TOWNSHIP, MN	US
S2-389551719	heartland alliance llc	6193 PROVIDENCE CT, CONCORD, NC	US
S2-655165556	Pamban Co Service Service	FLAT NO15 SAYALIPARK NEAR, MANGAL KARYALAYA MAKAHAM, NASHIK, Maharashtra	India
S2-619717119	Torres Generating South Inc	ROANOKE COUNTY, VA, 5336 ENDICOTT STREET	US
S2-358607148	SAHADATPURA MAULABH BHANJAN GUSTO ((LIMITED))	BRAHSTHAN, SAHADATPURA MAUNATH BHANJAN, Uttar Pradesh	India
S2-403183854	Darjiling Solutions Private Límited	SANJEEVANI APARTMENT S.F. R0AD, SILIGURI, DARJILING, West Bengal	India
S2-625241481	681 Sécond Place Management LLC	##3319 AUGUSTA NATIONAL DR, SALEM, OR	US
S2-507190615	Smith National Supply Incorporated	30 HESS LANE, ROSEBURG, OR	US
S2-654166190	KATHIE'S SHOP CO  CENTER	141 LOCKE AVE, FORT WORTH, TX	US
S2-621535020	DELHI INSTITUTE OF (TECHNOLOGY)	C/O SHRI SANJAY VITHAL SANWNE, NACHANGAON NACHANGAON, NACHANGAON, PULGAON, WARDHA, Maharashtra	India
S2-543337973	Nesta's Pilates Inc	118- BLUMER ROAD, PENNELLVILLE, NY	US
S2-778141895	ब्लैक कंसल्टेंट्स प्राइवेट लिमिटेड	B7-4 SECTOR -I, ALIGANJ, LUCKNOW, Uttar Pradesh	India
S2-518360380	Hollie Carrington,	12 PILOT RIDGE COURT, GREENSBORO, NC	US
S2-971499955	Realty & Company	PANCH - KESARIA NP, VILL - KESARIA NP TOLA - CHAINPUR KESARIYA, PURBI CHAMPARAN, Bihar	India
S2-473396254	2532 Fifth Drive	611 ADAMS AVENUE, PT O CONNOR, TX	US
S2-931882796	Karla's Crystal  Dental LP	1911 VAN BUREN ST, ARILNGTON, VA	US
S2-245901527	Ledyne Freight	16309 TORTOLA DRIVE, ACCOKEEK, MD	US
S2-971541193	HFO Heartland Défense PC	1800 CAMBRIA DR, GREENVILLE, NC	US
S2-678838352	Shri ENDURE [CENTER]	FLAT NO. RH 8., PIONEER REGENCY, KT NAGAR, NAGPUR, Maharashtra	India
S2-15388876	Highland Health Inc.	1707 CHATHAM RIDGE CIR, CHARLOTTE, NC	US
S2-270754757	Casandra Cruz Liberty	##5 CARL PT, PO BOX 6332, SMITHFIELD, VA	US
S2-516885641	યુનાઇટેડ ઇન્વેસ્ટમેન્ટ એલએલપી	NO 83 BLOCK A, AHMEDABAD, AHMADABAD CITY, Gujarat	India
S2-275634867	Mossburg S. Witzel, DO Care	538 BARGER RD, BURKESVIILLE CDP, KY	US
S2-530795636	Smt VIOLA-NURSING HOME	01 , OSHO DRIVE GADAIPUR ROAD, NEW DELHI, Delhi	India
S2-275918863	THE CASE  BIO PARTNERS	247-249 MAIN SAINT, KEYSER, WV	US
S2-532946509	ROVUE LLC	3513 HIALEAH DRIVE, COLUMBIA, MO	US
S2-153250984	@CLYEONOFS	908 LOCUST SAINT, STERLING, IL	US
S2-752969194	PRIVATE MUSHROOM VNES LIMITED	A2, FLOOR-GRD, PLOT-281A ADINATH APTS, JAVJI DADAJI MARG, NANA CHOWK, MUMBAI, Maharashtra	India
S2-168684635	M/s Lucknow Import Ltd		India
S2-972487412	Natassia's Cleaning Service Inc	818 STH 42, TOWN OF LIBERTY GROVE, WI	US
S2-8638085	Indore Advisory Infratech Limited	H.NO 23A SHRADHASHRI EXTENSION, M.R.9, NEAR BARFANI DHAM, INDORE, Madhya Pradesh	India
S2-405272166	लक्ष्मी फूड्स प्राइवेट लिमिटेड	E-69/2, NEW DELHI, VASANT KUNJ, Delhi	India
S2-851764512	Blue Mitsubishi Supreme Clinic	255. QUINCY AVE, HIES, OR	US
S2-750101122	Arihant Industries	A-711, 7TH FLOOR, DLF, GALLERIA TOWER, DLF PH IV, GALLERIA DLF-IV, N/A, हरियाणा	India
S2-306430100	Classic Ntwok Works  Inc	303 TWP RD 1339, SOUTH POINT, OH	US
S2-650156060	Colorful & Brothers Private		India
S2-119276135	Huskins Itnlsgrdated Tax Downtown L.L.C.	915 DEVONSHIRE CIRCLE, PURCELLVILLE, VA	US
S2-986649835	गुरु ग्रीन हॉस्पिटैलिटी प्राइवेट लिमिटेड	GURGAON, Haryana, MEHRAULI ROAD, 56 IDC, GURGAON	India
S2-128101918	Uniserve Seva Samiti Kolkata Pvt Ltd	22L BRIGHT STREET, KOLKATA, West Bengal	India
S2-395151585	Tirupati Alpha Technology [Limited]	755 FL-1A, 442, BOROKHOLA MUKUNDAPUR MAIN ROAD, KOLKATA, KOLKATA, West Bengal	India
S2-43999783	Real Impex Limited Services	D-A-519, THE FIRST, B/S KESHAVBAUG PARTY PLOT, B/H ITC HOTEL, VASTRAPUR, AHMEDABAD, Gujarat	India
S2-937743180	Corner Bakery [LLC]	221 FIRST STREET, CARLOS, MN	US
S2-758513185	EVONYLAVEO	184 FLNO. 413, A-BLOCK, SPLENDOUR APARTMENTS GAJULARAMARAM, NEAR UMCC, QUTHBULLAPUR, HYDERABAD, <NULL>, Andhra Pradesh	India
S2-749620863	Liberty Empire Cantor Corporation	11630 HERITAGE RIDGE, EDGERTON, WI	US
S2-65277881	International  Jay Infrastructure Private	#1 & 2 OLD COURT HOUSE CORNER2ND FLOOR, KOLKATA, <NULL>, West Bengal	India
S2-42240112	Top, American PLLC	10326 ELMHURST CIRCLE, CORNING, NY	US
S2-786468340	हाईटेक ब्लू इम्पेक्स प्राइवेट लिमिटेड	DOOR NO 5 ALAMAPUR GOTHAURA ADELHAT, MIRZAPUR, Uttar Pradesh	India
S2-230428579	American American [Guild]	1376 WOOD STREET, DUBUQUE, IA	US
S2-299740753	MCMILLAN, DELRIO & NORMAN, [LLC]	MEADOWBROOK DRIVE, MILAN, TN	US
S2-310592027	Allied Securities	8725 PROMENADE LN, SAINT PAUL, MN	US
S2-479935813	Shri Raj Publication Enterprises LLP	2/115, SADAR BAZAR, DELHI CANTT, SOUTH WEST DELHI, NEW DELHI, Delhi	India
S2-634541090	Quill Polytechnic	31, LBS STREET SASTRI, STR MUTHANKADU, ERODE, Tamil Nadu	India
S2-450129569	Mr Pravi + Co.	H.NO 1-1/50 , SWAMI VIVEKANANDA NAGAR 1ST STREEET PORUR, CHENNAI, Tamil Nadu	India
S2-53603175	VISTA SOLUTIONS PRIVATE LÍMITED	Uttar Pradesh, HN 701 B-88, GF-3, RAMPRASTHA COLONY, GHAZIABAD	India
S2-671910180	... Raso & Vanderpool [Fox]	2215 SAN JUAN TRAIL, TUCSON, AZ	US
S2-611972749	TP BENEFIT-CO	EDENS, 1038/4, CHANTHAVILA, KATTAIKONAM, THIRUVANANTHAPURAM, THIRUVANANTHAPURAM, Kerala	India
S2-809855778	Harbor LLC Center	DC, WASHINGTON, 2168  DUNMORE LN	US
S2-916164934	Maa Welfare Society [Corp]	H.NO 1 , SY NO. 109, GOLDEN MILE LAYOUT, KOKAPET VILLAGE, RAJENDRA NAGAR, Andhra Pradesh	India
S2-12142227	KIRTI &  PARTNERS PRIVATE LIMITED	4TH FLOOR, OFFICE-419-420, ZENON, NR. KIRAN MOTERS, NEW CIVIL ROAD, SURAT CITY, Gujarat	India
S2-162466262	limited kolkata services	KOLKATA, CALCUTTA, West Bengal, DOOR NO #70 71 NAINAN PARA LANE	India
S2-724191220	विजय इंफोटेक	FLAT NO.7 251 B CSHANIWAR PETH, PUNE, Maharashtra	India
S2-32060916	Adittech Fhtcance C0rporation	HN 0848 TP III FINAL, P. NO.138, IN FRONT OF D.S.P.BUNGLOW MAHABAL ROAD, JALGAON, Maharashtra	India
S2-434897211	SECURE USA		US
S2-639263370	Watkins Cantor	430 LATTA ROAD, ROCHESTER, NY	US
S2-237713690	Herrada Choice Utilities West	BILLINGS, 211 GREEN TERRACE DRIVE, MT	US
S2-581779721	ARTS FELLOWSHIP CLINIC	2233- BEHREND DRIVE, AZ, PHOENIIX	US
S2-981347268	Camacho and Moseley Llc	ELKHART, IN, 4	US
S2-187305866	MONEE FELLOWSHIP RIGHTS HUMAN	5119 ROBERTS RIDGE RD, PMB 1883, MONEE, IL	US
S2-880296907	Tri-State Highland Westin Llc	4742 119TH ROAD, EPPING, ND	US
S2-657295410	ಟೆಕ್ ಫೈನಾನ್ಸ್ ಪ್ರೈವೇಟ್ ಲಿಮಿಟೆಡ್	0012, SHOPPING STREET KUMARAPARK WEST, BANGALORE, Karnataka	India
S2-234036028	CAPITAL SIGNATURE MONEY (HOLDINGS)	3063 ROSS DRIVE, HAAYES, VA	US
S2-353236672	Green Interstate Sunstone	KY, 1044 S 38TH ST, LOUISVILLE	US
S2-674639677	Francisca Fritz	002002 BUTTERNUT ROAD, TEMPLE, TX	US
S2-903807390	Cahmorch Total Community	9612 107TH PL E, OWASSO, OK	US
S2-511337239	Latech Partners	005613 BLUESTEM PL, CORVALLIS, OR	US
S2-107518252	Qutubullapur Services	001-2-62/128, FLAT 103, SRI SAI GANESH TOWERS, QUTUBULLAPUR, తెలంగాణ	India
S2-306430256	Hotel Áchievers	A-85, WARD NO -79 KHUREJI, KHAS, RADHEY SHYAM PARK, SHAHDARA, Delhi	India
S2-173947138	DC BEVERAGES	H.NO 06 , BUILDING NO. E-11, SECTOR-B SARA PARIVAR, SAWANGI, AURANGABAD, AURANGABAD, Maharashtra	India
S2-455596747	Johnson LP Starlink	23734 SPRINGS COURT, null, INCORPORATED, IL	US
S2-171963578	GROUP WEDDINGTON, BRUNHILDE, DPM	12063C ANN STREET, BLUE ISLAND, IL	US
S2-226483266	SCHOLARSHIP NETWORK VI	39 DUNSTER ROAD, BEDFORD, MA	US
S2-318969298	Z+ Southern		US
S2-14649393	Co Continental Wealth Services Partners	2248 LATHEN WAY, EUGENE, OR	US
S2-516727139	Acevedo's  Electronics	BELLEVUE, 1004 158TH PL, WA	US
S2-294339310	Ironworkers Union Local No 848 LP	HAWAIIAN TER, CINCINNATI, OH	US
S2-597856945	DELHI YEN PRIVATE	A2 /14MODEL TOWN, DELHI, Delhi	India
S2-995425136	Mumbai Tradeinvest Private	ROOM NO. 3, KAMAL KUNJ, SHIV SENA BHAVAN PATH, MUMBAI, महाराष्ट्र	India
S2-667197180	5traight Cafe Edge	##22 DARTMOUTH STREET, MAYNARD, MA	US
S2-276634537	Liberty Choice Fargo Holdings	7416 WALL STREET, SPOKANE, WA	US
S2-516165058	Urban  Cafe Holdings	406 COTTON SAINT, COLUMBIA, KY	US
S2-407312375	Services Tiles Leasing	#270 13, KAKANI NARASARAO, NARFSARAOPET, Andhra Pradesh	India
S2-436586019	M/s Studio Real Pvt. Límited	OFFICE NO 211, V TIMES SQUARE BUILDING, PLOT NO 03, SECTOR 15, CBD BELAPUR NAVI MUMBAI, THANE, Maharashtra	India
S2-304111460	ब्राइट सॉफ्टवेयर प्राइवेट लिमिटेड	A 19 A BLOCK SECTOR 8, DWARKA, NEW DELHI, SOUTH WEST DELHI, Delhi	India
S2-844935709	Dhawal & Ventures Partners	NO 83 C/O GOPILAL, SURAS, CHOWRAHA NEAR AMRIT HOTEL, BHILWARA, Rajasthan	India
S2-442100801	Stansberry Cómpáss	2811 54ND AVE, MILAN, IL	US
S2-992379304	BEEDLE SACHEM PC	76 GRINDSTONE ROAD, AUGUSTA COUNTY, VA	US
S2-577042422	BERRY & PARTON MUNIHOLDINGS LLC	473 DARRELL AVENUE, WINSTON, OR	US
S2-604887916	Vijay Healthcare  (Limited)	D. NO 11-10-268/6/A/1, SHOP ZONE, YELLANDU, Telangana	India
S2-935289116	Chendur Academy Ltd	C 52FF, NIZAMUDDIN EAST, NEW DELHI, Delhi	India
S2-949398415	Anchor Chemical	2 SOUTH STREET, BEACON, NY	US
S2-924519043	Mateos Landscaaign Inc	1439 14TH STREET, WASIHNGTON, DC	US
S2-167915264	F1uxriza	SALING LANE, CALDWELL, OH	US
S2-723119802	Surgical  Center	10113 52ND DR, MARYSVILLE, WA	US
S2-848990159	Webb'S Grill		US
S2-282709167	Federal Pdyment Labs Highland, LLC	128 HEADWATER CIR, MOORESVILLE, NC	US
S2-199320615	Ward Ridge LLC Services	9365 HARRISON STREET, DES PLAINES, IL	US
S2-405106158	GEIA PARTNERS VALLEY	44 PICKERING LN, PLAIN, MT	US
S2-810439645	RAPID GOLDMAN LTD	108 ROSE HILL LN, SHENANDOAH COUNTY, VA	US
S2-494347718	Orbiumbra	NY, 23 DOXBUYR LN, SUFFERN	US
S2-650341418	Sky Lalita (nIdia Limited	BLOCK E-##446 76-13-45K/9, GROUND FLOOR, VIJAYAWADA (URBAN), Andhra Pradesh	India
S2-866331575	TR Foundations Private Ltd	BUNGALOW NO. 9, GOLDEN BEACH CO - OP HOUSING SOCIETY LIMITED, RUIA PARK, J M MARG, JUHU, महाराष्ट्र	India
S2-940573403	BIG-44 BTAKERY	411  Pacific Ter, KLAMATH FALLS CITY, OR	US
S2-805051068	Stafford Net Corp	TN, 133  OLD TOWNE DRIVE, MT JULIET	US
S2-928217474	Dental-Green Clinic	655 MESA DR, MESA, AZ	US
S2-167835264	Larson [Unleid]	7 91 STREET, BROOKLYN, NY	US
S2-836255956	Theadora J. Gregorio, Co Center	1174-C NORTHWOOD CHURCH RD, YADKINVILLE, NC	US
S2-754921211	TRUSTED SECURE SERVICES		US
S2-47700491	यूनिक केयर प्राइवेट लिमिटेड	Delhi, BLOCK B-1 MOHAN COOP. INDL AREA. MATHURA ROAD, A - 18, NEW DELHI, SOUTH DELHI	India
S2-399018299	laxmi it private limited	14, GF-1 VENKATESHA NAGR, 1ST STREET EXTENSION, CHENNAI CITY CORPORATION, Tamil Nadu	India
S2-721918476	Sarasiya Infraprojects Private Ltd		India
S2-165710574	FAMILY CARE ASOCHATES LLC	223- WOODBRIDGE LANE, KANSAS CITY, null, MO	US
S2-597597961	Nanine's Auto 8ody West	416 SHALIE CV, ASHDOWN, AR	US
S2-344819740	Pratnesr & Parekh	DOOR NO ##19 NEW VIJAY COLONY BUS STAND BHIM, RAJSAMAND, Rajasthan	India
S2-705124518	Taque LLC	MTG ILEAD, 358 CRESWELL RD, NC	US
S2-814689684	Superi0r Certified Copley	7518 CELESTA LANE, OLYMPIA, WA	US
S2-368767639	గోల్డెన్ ప్రొడక్ట్స్ ప్రైవేట్ లిమిటెడ్	NO 8-2-293/82/J/A 24, HYDERABAD, Andhra Pradesh	India
S2-58990080	Sarasiya Infraprojects-Private Ltd		India
S2-850114536	Summit Ínvestments LLC	1314 1/2 POWER AVENUE, VICTORIA, TX	US
S2-90544980	Sree Advisors Limited Private Private	P. NO. 40-41., SAI NAGAR, HASMATHPET, O B PALLY, TIRUMALAGIRI, Telangana	India
S2-95032257	Shri Shakti  Infotehc Private Limited		India
S2-364594291	सन केयर प्राइवेट लिमिटेड	86/104, ROOM NO. 006, GEM BUSINESS CENTRE FIRST FLOOR, PADMA TOWER, NEHRU PLACE, NEW DELHI, Delhi	India
S2-352623889	Welfare Society Sakhi	8-2-5 TO 12, RAVULA RESIDENCY SRINAGAR COLONY, PUNJAGUTTA, HYDERABAD, Telangana	India
S2-605936860	Direct Wellness Collective	OCEANPOINT AVE, CEDARHURST, NY	US
S2-889444102	Limited Spoorthi Consulting Center	PLOT 962 10, CHURCH ROAD, BASAVANGUDI, BANGALORE, Karnataka	India
S2-433138794	Western Health	8674-8678 HAY MEADOW CT, PO BOX 6063, INDIANAPOLIIS, IN	US
S2-66196373	ENVAON SUI  INC	83482 STATE HIGHWAY 11, WAKITA, OK	US
S2-83682538	Raven	JLIET, IL, 215 HOUBOLT ROAD	US
S2-433459947	Commission on Parks and Center	1135 STANLEY AVE, EVANSVILLE, IN	US
S2-63684993	Birmingham Capital of Lincoln	3944 16ST SAINT, LINCOLN, NE	US
S2-733655915	Lelia P Linares, DMD, DDS LLC	21 GREENBRIER WAY, STONEVILLE, NC	US
S2-295221931	VERALUM PORAJEDT	2317  CABE ROAD, CLOVER, SC	US
S2-301691015	Orthopedic Associate of Cooperstown	1109. BURREL AVE, COOPERSTOWN, ND	US
S2-778291045	The Integrated Media Concepts Corp	TN, 390 SKYLAND DR, KINGSPORT	US
S2-427613199	PERKINS  OWL	33430 Fm 506, LA FERIA, TX	US
S2-411195634	Isleton Family Select Church Foundation	112 OXBOW MARINA DR, ISLETON, CA	US
S2-848848578	Pederson Nóva Holdings	WI, ##1911 DAKOTA CT, TOWN OF STRONGS PRAIRIE	US
S2-248343999	कृष्ण राज फूड प्रा. लि.	1299, PUNE, Maharashtra, MULASHI, NEAR SWARAJ PETROL, PUMP MAN, MULSHI PUNE	India
S2-965808213	গোল্ড সিস্টেমস প্রাইভেট লিমিটেড	C/O JOYDEB SINGHA, GOBINDAPUR, JADAVBATI, SOUTH 24 PGS, SOUTH 24 PARGANAS, West Bengal	India
S2-325666837	Verma Giant Corp	47 FULLER ROAD, GOSHEN, MA	US
S2-651843716	Mumbai Security	NO 202  PLOT NO 55, GREEN LANE SHER-E-PUNJAB, MUMBAI, Maharashtra	India
S2-448236984	గుడ్ కన్సల్టెన్సీ లిమిటెడ్	31/A, HYDERABAD, N/A, Telangana	India
S2-44312769	North Limited Services	MARKET BUILDING, NAYAN VIHAR AT - KASOTI, PO - PANDIRI, KENDRAPARA, ଓଡ଼ିଶା	India
S2-906933992	Lotus Private Limited Services	217/8, BANASWADI ROAD EXTENSION M.S NAGAR, BANGALORE, Karnataka	India
S2-951004133	Eye Poarltineis Inc	3402 RICHMOND ST, CITY OF APPLETON, WI	US
S2-96377146	MACHINISTS UNION LOCAL NO 202	123 DAY HILL ROAD, WINDSOR, CT	US
S2-853978083	#housingassociation	5445 GARDEN VIEW COURT, BROWNSVILLE, TX	US
S2-651599949	तिरुपति मीडिया एलएलपी	GNMC B 113  FLOOR GROUND NAIK NAGAR LAL BAHADUR SHASHTRI MARG SION RAILWAY STATION SION, MUMBAI CITY, MUMBAI, Maharashtra	India
S2-151129093	Harbor Management Partners	114 TIMBER KNOLL DR, CHATTANOOGA, TN	US
S2-240937471	Lje Gravity Pllc	6320, AMERICAN FORK, UT	US
S2-959822393	Letourneau Neurosciences		US
S2-141183032	Total Payment  Partners	375 DUPONT CIR, VA, VIRGINIA BEACH CITY	US
S2-87728540	Digital Big Infra Public Limited	PLOT NO F-33 MADC SATPUR, NASHIK, Maharashtra	India
S2-849832892	Flying Infratel Pvt Ltd	H.NO 633 C-1/2711 PRATEEK GRAND, CITY, SIDDHARTH VIHAR, GHAZIABAD, Uttar Pradesh	India
S2-670256091	Golden  Fresh Cadenza LP	VA, CHRISTIANSBURG, 320 CLEAVRIEW DR	US
S2-109380656	Desert Family Práctice LLC	1513 EAIN RD, IRVING, TX	US
S2-69415070	PATRIOT COALITION OF ELOY LLC	DELTA DR, ELY, AZ	US
S2-189344018	Mcgovern's-First Sciences	23008 MILLS RD, AL, BABBIE	US
S2-468638517	TRINIDAD UNITED  JAB	705 FOURTH STREET, DAMASCUS TOWN, VA	US
S2-169007811	PRIVATE PERFECT LIMITED BROTHERS	C/O DAUDAYAL RAMCHANDRA RATHI BUDDHA MARG, Madhya Pradesh, KHACHRAUD, UJJAIN	India
S2-899258720	Frisch Works [LLC]	2193 FOEESTLAKE DR, CINCINNATI, OH	US
S2-17496321	Steelworkers Local Union 442 P.L.L.C. P.L.L.C.	309 MANSION HEIGHTS DRIVE, MISSOULA, MT	US
S2-155017593	Colonial Institute Clínic	WHITE TOP VIEW, WASHINGTON COUNTY, VA	US
S2-465081335	Lira's-Safe-Interiors	3011 HAMMONTREE DRIVE, URBANDALE, IA	US
S2-17785009	VIVIANNA D. CÁMERON, DMD	31A JOHN PAUL LN, COVENTRY, CT	US
S2-10119839	LITTLE BARBERSHOP-L.L.C.	12149 LEWIS CIR, FORNEY, TX	US
S2-374628159	G+ Eco	240 GARRETT HILL, GARRETT, KY	US
S2-678291018	Polaris Co	4734 FAWN DRIVE, PHOENIX, AZ	US
S2-75685424	atithi (india) agro private limited	NO 53 ISABEL PEREIRA CHAWL, ROOM NO. 3, VIKHROLI VILLAGE, VIKHROLI - (E), MUMBAI, महाराष्ट्र	India
S2-886625223	Acuna Cardiology LP	915 HARRIOT STREET, MANTEO TOWNSHIP, NC	US
S2-277904545	Gourmet Iron Private Limited	C/O SMT SUSHAMA J PATWARDHAN RANDASPETH, NAGPUR, महाराष्ट्र	India
S2-484126106	Reliable  M0bility Consultants Inc.	01205 CLARK STREET, EAST HELENA, MT	US
S2-982322637	environmental guild co	6495 ROBNI WAY, MECHANICSVILLE, VA	US
S2-460576787	परफेक्ट इंफ्रास्ट्रक्चर प्राइवेट लिमिटेड	C #42 COUNTY WALK COLONY, SHISHU KUNJ KE PASS, INDORE, Madhya Pradesh	India
S2-966931776	CONSULTANCY NISARGA FINLEASE PRIVATE (LIMITED)	DOOR NO 103 , JARAGANAHALLI, J P NAGAR 6TH PHASE, RAMANJANEYA ROAD, BANGALORE SOUTH, ಕರ್ನಾಟಕ	India
S2-887069624	Wend1ing Hoeelth Co	520 GREENWAY DRIVE, NORTH LITTLE ROCK, AR	US
S2-209768716	Vantaora Energetics Llc	321- MAGGIE WAY, CALERA, AL	US
S2-627705506	*** Clean Hill Llc	218 PORT SIDE DR, SNEADS FERRY, NC	US
S2-674549647	PRIVATE ACHYUT CHURCH LIMITED	533, VYARA, SURAT, Gujarat	India
S2-659078314	Continental Marine,	1801 MERIDIAN ST, PMB 1430, NASHVILLE, TN	US
S2-370373196	llc frontier fund east	644 HILLYER ST, PEKIN, IL	US
S2-885622279	Advance  and Co Industries	SR NO 298/2D/2 F NO A-105, NIRVANA LIFE CITY, PUNE CITY, Maharashtra	India
S2-957870583	Star Retail Inc Center	30 Michael Rd, BUFALO, NY	US
S2-262257136	यूनाइटेड हेल्थकेयर प्राइवेट लिमिटेड	C/O LALIT KUMAR PATIDAR S/O KHEMJI PATIDAR, BAGIDORA, null, Rajasthan	India
S2-524381599	BON MAX PIAVFTE [LIMITED]	PLOT NO. 87- , KH NO. 41/13 F/F, NANGLOI EXTN., NEW DELHI, Delhi	India
S2-311264980	Lois-Co	TX, BLOCK DRIVE, IRVING	US
S2-15541347	WEXKELO	NO. 6-583 PLOT NO.- AB 28 PREMISES NO.-17-091 AA-1 NEWTOWN RAJARHAT, KOLKATA, PARGANAS NORTH, পশ্চিমবঙ্গ	India
S2-25043009	Rocky Ínstitute LLC	11700 DRIPPIN SPRINGS TRAIL, AMARILLO, TX	US
S2-359405214	South Pvt Ltd Partners	DOOR NO G-10 , BASEMENT - 2 LOCAL SHOPPING CENTER (LSC), MADANGIR, दिल्ली	India
S2-278420319	Golden Yóga	4029 OLYMPIC WAY, CITY OF HOLLADAY, UT	US
S2-840713256	ROIS FITCH HARBOR CORPORATION	1715 PARKWOOD DR, LEANDER, TX	US
S2-11297786	Feus Resources	4315 1/2 HERSHE ST, HOUSTON  CITY, TX	US
S2-252698327	Seo (Trust)	832 TOWN AND COUNTRY BLVD, ELLICOTT CITY, MD	US
S2-739002237	CUTLER BANCO	AL, MOBILE, 210 YESTER OAKS DR	US
S2-630593104	आदित्य लोटस सॉल्यूशंस प्राइवेट लिमिटेड	Delhi, NEW DELHI, DELHI, #121 GOLF LINKS	India
S2-700337484	Dwarka System Corporation	PLOT 202 6052, T-6, 5TH FLR, GS 02A, SEC 10, BISHRAKH, Uttar Pradesh	India
S2-5125808	Lehr Ethereum Silver LLC	5709 SYRACUSE RD, CHEYENNE, WY	US
S2-860969798	Tietz and Lewis Consulting Llc	711 AILCIE STREET, MARTINSVILLE CITY, VA	US
S2-501108136	Metamorph (India) Saraswati [Limited]	FLAT NUMBER 203, 2ND FLOOR, WING D4, SURVEY NUMBER 23/1, 23/2, 23/3, 14/2, 3, 14/4A, 17(P), 19(P), SUNDAR SANSKRUTI, DHARMAVAT NAGAR, WADGAON KHURD, PUNE CITY, महाराष्ट्र	India
S2-18312089	DAK INDIA (INDIA) PRIVATE PRIVATE LIMITED	6 , INDRA GANDI, 3RD ST, FLAT NO 4, BLOCK A, CHENNAI, Tamil Nadu	India
S2-253314738	Smt Reeva Group (Industries)		India
S2-990830239	Caldwell's Liberty Biotech Ltd	2086 BAYWOOD DRIVE, OREGON, OH	US
S2-750610258	लक्ष्मी सर्विसेज स्टोर्स प्राइवेट लिमिटेड	J.B. METRO HEIGHTS 15TH FLOOR, LUCKNOW, Uttar Pradesh	India
S2-184526152	Delhi Gypsy Industries Private Ltd	H.NO-9, KH. NO-5 AND 6, FIRST FLOOR, DELHI, Delhi	India
S2-99947679	Wilson & Jordan Good LLC		US
S2-265598520	Chapman, Sutton and Shippy Summit,	5355  OLD COLONY ROAD, INDIANAPOLIS, IN	US
S2-590754336	Mr HEX (INDIA) ENCLAVE LLP	Uttar Pradesh, 405, CLOUD 9 TOWERS, SECTOR-1, VAISHALI, GHAZIABAD	India
S2-868625068	TERRACE & BROTHERS PRIVATE	826 CO WORKING-02, SAMSON TOWER, BLOCK.31 8TH FLOOR, PANTHEON ROAD CASA MAJOR ROAD, EGMORE, தமிழ்நாடு	India
S2-213364760	ಲೈಫ್ ಇನ್ವೆಸ್ಟ್‌ಮೆಂಟ್ಸ್	KHATA NO-2A/5, BANGALORE, ಕರ್ನಾಟಕ	India
S2-781447259	akconsultant.com	PLOT G-987 SH.NO-01 SHIVANI HEIGHTS, PUNE, KONDHWA, महाराष्ट्र	India
S2-243250049	DYNAMIC POPHRTY PARTNERS (INC)	0235 COTTONWOOD, NEWSTEAD, NY	US
S2-560902161	Local Ínfrastructure	M-164 GREATER KAILASHPART-II, NEW DELHI, दिल्ली	India
S2-944799025	henry,, gilda m.d.	KNOXVILLE, 10808  SOARING EAGLE WAY, TN	US
S2-859128137	Opta	71 COUNTY ROAD, GLOVER, VT	US
S2-922898414	Dosch's Clinic Cea		US
S2-394563140	JACOB PIEDMONT GRAYSCALE INCORPORATED	##27986 M AND M ROAD, CANTON, IL	US
S2-707431008	Glb Advisors	DOOR NO 3K , P.S.ALANKAR, 857, MOTILAL GUPTA ROAD, KOLKATA, পশ্চিমবঙ্গ	India
S2-195961352	Aigneis Morgan Silver Safety Highland Incorporated	#101 GIBSON LN, EASTVIEW, KY	US
S2-432730429	SUMMIT FRESH NIPPON [CORP.]	2605 NIMISHILLEN CHURCH ST, CANTON, OH	US
S2-586723663	Liex Diagnostics Corp	TEMPE, AZ, 629 WATSON DR	US
S2-305010021	Shri MARUTHI FÍNANCE LIMITED	A-#703, 7TH FLOOR, ASTER, EVERSHINE PARK VEERA DESAI ROAD, ANDHERI (W), MUMBAI, Maharashtra	India
S2-241737906	Premier Learning-Laboratories	TALLWOOD TRL, PALMYRA, VA	US
S2-707953662	Brown, Rivera & Amador Allocation [(Partners)]	16 113TH ST, CHICAGO, IL	US
S2-597996369	બેસ્ટ સાઉથ Agro પ્રા. લિ.	SHOP-B703-704 THE CAPITAL, OPP HETARTH PARTY PLOT, AHMEDABAD, Gujarat	India
S2-936762632	Hazel Green Coisoradlrge Group	228 SLATEROCK ROAD, HAZEL GREEN, AL	US
S2-641725400	YWH LLC Center		US
S2-632528145	damelio tire shop corp	4531 60TH STREET, URBANDALE, IA	US
S2-199131000	Russell Vanguard Care Co	639 PRESIDIO LN, VACAVILLE, CA	US
S2-490850834	Smile (India) Securities Private Limited	NO. 656 235, SEC-04, RHB COLONY, BHIWADI, ALWAR, TIJARA, Rajasthan	India
S2-624058195	Vinimay Developers  Limited	KALPAVRIKSH, 2NDFLOOR, S.NO.46/1C/1, D.P.ROAD, KARVENAGAR, PUNE, Maharashtra	India
S2-21067018	IF Ltd. Pvt. Health	HOUSE NO. 406, GALI NO.-6, VIKAS NAGAR, PHUSHGARH ROAD, KARNAL, हरियाणा	India
S2-7885562	SECURE DRUGS PARTNERS	8115-D CHANNEL DRIVE, MD, null, GREENBELT	US
S2-302323060	LLC Ledyne Freight	TORTOLA DRIVE, ACCOKEEK, MD	US
S2-744489676	Heritage-Better Ford	GEORGETOWN, TX, 520 JANIS DRIVE	US
S2-450661325	Cultural Trust [Holdings]	312 DEMONBREUN ST, NASHVILLE, TN	US
S2-745751582	Heritage Laboratories Partners Services	391 SMOKEY MOUNTAIN DR, RAEFORD, NC	US
S2-403216820	Albrecht Boling + Giroux  Axiom LLC	NY, ROCHESTTER CDP, 99 FLOWER DALE DRIVE	US
S2-7677569	Twisted Ice Cream Summit	ND, GLADSTONE, 147 COTTAGE STREET	US
S2-176113524	CORP SNYDER EXPRESS ASSOCIATED HIGHLAND	100 FLAGLER STREET, DURHAM, NC	US
S2-99562034	Blissful Téchnology LLP	NO.##18 &19, FOURSESEVERGREENRESORTS, INJAMBAKKAM, CHENNAI, Tamil Nadu	India
S2-610048427	20/20 Vision	WAKE FOREST, NC, HERITAGE HILLS WAY	US
S2-42341458	Thompson and  Massey		US
S2-497969281	డిజిటల్ ఇన్‌ఫ్రాస్ట్రక్చర్ ప్రైవేట్ లిమిటెడ్	SURVEY NO.748 &749, KORREMULLA (G.P) GHATKESAR MANDAL, HYDERABAD, Telangana	India
S2-986705579	UNITED CHARTER SCHOOL CORP		US
S2-103017678	Private Gurugram Fab [Limited]	C-1043, GURUGRAM, GURGAON, Haryana	India
S2-299424544	Rajendranagar Industries Private	SY NO-83, PLOT NO-209, THE INDIRAGANDHI SOCIETY, RAJENDRANAGAR, Telangana	India
S2-228449976	Perfect Hotel Ltd Pvt Industries	#102 RAJNIGANDHA SARASWATCOLONY TALMIKI RD SANTACRUZ WEST, MUMBAI, Maharashtra	India
S2-756612402	Certified Trading Smbuditros Ltd	631 3RD ST, JACKSONVILLE, OR	US
S2-485686666	*** Uptown Coffee	#1406 FOURTEENTH STREET, ORION, IL	US
S2-619643579	Myrah Air-Bhor	C/O RAJLAKSHAMI ENTERPRISES G.NO 717 A P VELU NEAR JAYVANT ESTATE, BHOR, महाराष्ट्र	India
S2-741014778	Gonzalez, Allen and Brannon Incorporated	KY, GREENVILLE, 116  MAIN CROSS ST, PMB 4219	US
S2-824842174	Fresh Midwest Mission	#3241 BRAEBURN RD, MONTGOMERY, AL	US
S2-91596764	8RUCE MEDICAL CENTER P.C.	105 FENDER DR, FLETCHER, NC	US
S2-765744761	Trendy (India)  Pacific (LLP)	BLOCK G-206 FLAT NO D-202 S NO 60, ALKASA MOHMADWADI ROAD, PUNE CITY, Maharashtra	India
S2-46538043	North Consultants Public Limited	NO 130, 4TH MAIN 2ND PHASE, K G E LAYOUT, BANGALORE NORTH, Karnataka	India
S2-158782343	Smith Imperial of (Corvallis)	4315. ARROWOOD CIRCLE, CORAVLLIS, OR	US
S2-202519302	PUNE LTD. PVT. MSW	69 BUENA VISTA, OFFICE NO. 6-10, PLOT NO 58 VIMAN NAGAR, PUNE, Maharashtra	India
S2-950493435	HIGHLAND PACKAGING  INC.	144 CALHOUN 80, HAMPTON, AR	US
S2-963615524	Asset  Network Building	531 EVERGREEN SUMAC LOOP, KYLE, TX	US
S2-686904198	FIH  Infrahome Private Ltd	NO 2ND. FLOOR, 264-265, MUNICI, PAL COLONY, SHIVAJI NAGAR, MUMBAI, Maharashtra	India
S2-172893110	Cooper  Lithium Inc.	11904 DISPATCH WAY, AUSTIN, TX	US
S2-647748670	Aaren Dnirls Source LLC #99260	MA, SPRINGFIELD CITY, ##922 CAREW STREET	US
S2-604287163	Pediatric Dentistry Inc  Partners	FRANKLIN, NY, 14	US
S2-302286141	Vaayuoyx Solution Company	G-6-B, 6TH FLOOR, B.D. PATEL HOUSE, NARANPURA, Gujarat	India
S2-79917819	#dentalpartners	1125 GRANT AVE, ROCKFORD, IL	US
S2-417160201	N0vyx Farmers P.C.	#498 KYKER ROAD, TELFORD, TN	US
S2-184453112	l.l.c. family associates	05715 HWY 196, POTWIN, KS	US
S2-573167121	SOUTH RAMACO HIGHLAND	8106 BRUCE ST, CHARLOTTE, NC	US
S2-184950256	Andrews Alternative Llc	4TH ST, UNALASKA, AK	US
S2-843028669	privatemohammadbrothers.com	NO 34, GODOWN STREET, MADRAS.1., தமிழ்நாடு	India
S2-377709113	Wl Wheels Private Limited	राजस्थान, 104/42, RHB 3RD FLOOR, SECTOR-10, JAIPUR	India
S2-898870973	Temple [Services]	3120 CHAIN OF ROCKS ROAD, GRANITE CITY, IL	US
S2-762858172	फ्यूचर फाइनेंस प्राइवेट लिमिटेड	PROMOTOR- AH -35, SALIMAR BAGH, NEW DELHI, दिल्ली	India
S2-107328570	Clyify Spark Co		US
S2-901451189	Oncology [Clinic]	232 APPLEGATE ROAD, JACKSONVILLE, OR	US
S2-878035074	Jalgaon Holding  Limited Partners	#04 DR PATEL MINAZ WAHED. S NO 251/A RAMESHWAR COLONY OLD MIDC ROAD PLOT NO 1, JALGAON, Maharashtra	India
S2-59682445	Pediatric Dental  Physicians (ID: 11394)	189 DEER DR, LAVERGNE, TN	US
S2-171859681	रॉयल सर्विसेज प्रा. लि.	DOOR NO C-1168, W NO. 24, GAROBA MAIDAN, BHANDARA ROAD, NAGPUR, Maharashtra	India
S2-223538313	KAMDHENU & CO		India
S2-333298374	GULF STAR COSTAMARE	310 Lee Street, ENTERPRISE, AL	US
S2-976236968	Cancer Guhid Inc	##2402 93RD TRAIL, BROOKLYN PARK, MN	US
S2-402551212	P/R  Healthcare Inc	##356 KINGS WAY, KALISPELL, MT	US
S2-514444327	Aggy Trujillo Royal Sab Inc	519-D PINEVILLE RD, STATESVILLE, NC	US
S2-888962899	Halobelozeta	1158 1/2 SUNNY RIDGE DRIVE, OFALLON, MO	US
S2-761091913	SERVICES STRATEGIC INDUSTRIES HIGHLAND LLC	TX, 2024 ELAINA LOOP, LENADER	US
S2-95022547	XLX  Garments Private Limited	F 26 SAI VIHAR RESIDENCY, SUS ROAD, PASHAN, PUNE, Maharashtra	India
S2-169885915	BANKS PACIFIC BANCORPORATION PC	1444 ALPHADA AVE, AKRON, OH	US
S2-97629375	गोल्ड विजन सॉफ्टवेयर प्राइवेट लिमिटेड	MEDLEY HOUSE, D-2, MIDC AREA, 16TH ROAD, MUMBAI, ANDHERI (E), Maharashtra	India
S2-527255818	DALSINGH SARAI  JEWELERS PRIVATE LIMITED	SAHAY BHAWAN GUDRI ROAD, DALSINGH SARAI, Bihar	India
S2-361081352	Hyderabad International		India
S2-933309386	Arunachala Carbon Limited Private	SR NO. C-55/4/78/13, NR. SPIRO CREATION, PUNE, Maharashtra	India
S2-904402020	Hasslcn LLC	5314C Casa Grande Drive, TOPOCK OWNSHIP, AZ	US
S2-386632090	Best Tibragn Private Limited	IX, 369, ALAKKARA BUILDING KALLARKUTTY ROAD, ADIMALI P O, ADIMALI, Kerala	India
S2-126193689	Shawnee Allen Green Medical LLC	##1165 MALLARD CREEK RD, LOUISVILLE TOWNSHIP, KY	US
S2-694492164	Smt STRATEGlC PROCESSORS	UNIT NO 05, GROUND FLOOR, BLUE MOUNT WORK STATION SR NO 84, VILLAGE VALIVE SATIVALI ROAD, VASAI(E), VASAI, महाराष्ट्र	India
S2-303708973	federaldynamix.com	SHIELDS RD, FERNDALE, WA	US
S2-484132746	सन बिजनेस प्रा. लि.	58/A, 2ND FLOOR, EVERGREEN INDUSTRIAL ESTATE SHAKTI MILL LANE, MAHALAXMI, MUMBAI, MUMBAI CITY, महाराष्ट्र	India
S2-506665785	Shafer's Ace Appliance South	80 ROSELAWN DRIVE, XENIA, OH	US
S2-173741606	DREAM  PROJECTS	NO#51 R.K.MUTT ROAD, MYLAPORE, CHENNAI HENNAI, HENNAI, Tamil Nadu	India
S2-184144855	Mcd Packaging Pvt  Limited	1403, D&E BLOCK, CHANDIGA, VIP ROAD, ZIRAKPUR, SAS, RAJPURA, Punjab	India
S2-682392885	LOWRANCE  SUPERIOR	1925-1929 NORTH TEMPLE ST, <NULL>, SALT LAKE CITY, UT	US
S2-143542548	WORRELL AND  SINTH CLEANING INC	125 COUNTY ROAD 3793, CLEVELAND, TX	US
S2-688377390	Cure Hycnosrs Hycnosrs East	1945-1949 ASH STREET, GLOBE, AZ	US
S2-697676396	RQ  Developers Private Limited	ANNI CITY CABLE, 52-, SARAI KALE KHAN, NIZAMUDDIN EAST, NEW DELHI, Delhi	India
S2-847723783	PEDIATRIC (DENTAL)	2204 HORIZON ROAD, NULL, BURNSVILLE, MN	US
S2-960995084	Primary Care Clinic LLC District	3301 BECKERDITE RD, SOPHIA TOWNSHIP, NC	US
S2-453647532	PRIMARY CARE CENTER OF STATEN ISLAND INC.	##130 HUNTER AVE, STATEN ISLAND, NY	US
S2-37514538	CORNERSTONE MODERN INDUSTRIALS LLC	620 PINNACLE RIDGE RD, TODD, NC	US
S2-657038962	Mutual-Electronics Tecnhodliges, Inc	VIRGINIA BEACH CITY, 3825 EDINBURGH DRIVE, VA	US
S2-65362385	Dr Young (India) Constructions Limited Private #65946	#45-26 DLF PHASE 4, HIBISCUS MAIN, DLF QE, हरियाणा	India
S2-709173365	Veraonyx	10381-10385 PINENEEDLE DRIVE, EVANSVILLE, IN	US
S2-371386730	Booher Gesr P.C.	WILLOUGHBY HILLS, 27291-A CHARDON ROAD, OH	US
S2-407781450	3-Sons Midtown	IL, 24651 STONEY ISLAND AVENUE, CRETE	US
S2-475599354	moseleymetrooneim.com	2368 ANSLEY ST, ALLIANCE, OH	US
S2-435472441	M  Z Demoss Direct	#728 NURSERY ROAD, NULL, ANDERSON, IN	US
S2-582880924	Wea1th Trust	NO.08/266 , VADASSERIYIL HOUSE CHERAI P.O., PALLIPURAM, NORTH PARAVOOR, കേരളം	India
S2-394144352	फॉर्च्यून प्रॉपर्टीज प्रा. लि.	NO 1-8 WESTERN AVEUNE SAINIK FARMS, KHANPUR, SOUTH DELHI, Delhi	India
S2-298743570	Dermatology Medicine Inc	1779 79th Ave East, TULSA, OK	US
S2-150288222	Midwest Pediatrics	85-D CENTER STREET, ONEONTA, NY	US
S2-629443490	Her & Brothers Exports Private Limited	H.NO 15/5 MAHMOODPUR, MANAURI CHAIL, Uttar Pradesh	India
S2-667530177	Fresh Hypnosis Northside L.L.C.	TX, FORT WORTH, 321 AFTON ROAD	US
S2-298093498	Shri Maple Commercial Public Limited	2-368/24, FLAT NO. 304, M.V.V ROYAL APARTMENTS, VISAKHAPATNAM (URBAN), VISAKHAPATNAM, Andhra Pradesh	India
S2-979152019	New Delhi Finance	00934 RZ-CD-85, FLAT NO.07 MAHAVIR ENCLAVE PALAM, SECTOR-1, DWARKA, NEW DELHI, Delhi	India
S2-179933565	Marlee  Sor Carolina	239 TIMS COVE RD, WILLIMANTIC, ME	US
S2-619472397	Buis Partners	4915 SUNNYBROOK DR, SIOUX CITY, IA	US
S2-140481620	WILDLIFE NETWORK CORPORATION	005597 FOX CHASE DRIVE, HOKAH, MN	US
S2-115343573	National  Supreme Lein	CT, STONINGTON, 19 MISTUXET AVENUE	US
S2-422567866	સૂર્ય ઇમ્પેક્સ પ્રાઇવેટ લિમિટેડ	NO 30- A, KOTDA SANGHANI, ગુજરાત, S NO 274/1, GALAXY IND ESTATE, TILARA GATE, NH 27, RAJKOT	India
S2-240743561	Shree Products	FL- A1/302, DREAM CITY, SN- 46/1 AMBEGAON BK, PUNE, महाराष्ट्र	India
S2-875741801	Mcdaniel Biotech Llc Llc	2046 WOLCOTT AVE, CHICAGO, IL	US
S2-902268239	Anubhuti Center	H.NO 222 , H NO 14-1-90/222, JAYALAKSHMI VILLA, ANDHRA BANK STREET, GAYATRI NAGAR, BORABONDA, HYDERABAD, BALANAGAR, Andhra Pradesh	India
S2-126159778	OSTRICH C0NSTRUCTIONS LLP	NO. 87 AND 89, INDIRA NAGAR, BAGALUR ROAD, HOSUR, KRISHNAGIRI, <NULL>, தமிழ்நாடு	India
S2-14480944	Pediatric Partners Corp Services	135 CENTER TREE DR, PALACIOS, TX	US
S2-284507566	Ahmadabad Solutions Private Limited (Services)	A/2-03, CHAMUNDAPARK SOCIETY, NEAR NIRMAL PARK, AHMADABAD CITY, ગુજરાત	India
S2-168166261	Ridge Optimal Evo Holdings	7502 1/2 Rudolph Court, HENRICO COUNTY, VA	US
S2-758308282	Space Infra Pvt Ltd	A-1-7, GAURAV ANENXE, NR. MANDVI CO.-OP. BANK R.R.T ROAD, MULUND WEST, MUMBAI, Maharashtra	India
S2-800967255	strategic medical concepts inc	39 CAMDEN PL, SYLVA, NC	US
S2-72430288	Grand Textile		US
S2-162732959	L.L.C. Dion	638B ADMIRALTY WAY, FORT WROTH, TX	US
S2-162876419	Associates Dental Southern Clinic	1030 YAPOAH CRATER DR, SISTERS, OR	US
S2-294148111	Sterling Wellness-Industries Southside LLC	77 Middlebury Road, WATERTOWN, CT	US
S2-722050639	આનંદ એસ્ટેટ પ્રાઇવેટ લિમિટેડ	SURAT, HN 26 SHOP-4026, SURAT, Gujarat	India
S2-2636578	Poly  Sai Overseas Limited	DOOR NO 537 SF, ZETA-I, GREATOR NOIDA, GREATERNOIDA, Uttar Pradesh	India
S2-387642623	శివ సాఫ్ట్‌వేర్ లిమిటెడ్	H.NO 360 30-16-1B, FIRST FLOOR VEERAMACHINENI RANGARAO STREET, SEETHARAM, KRISHNA, VIJAYAWADA, Andhra Pradesh	India
S2-266251786	Walajapet Polytex Limited	#96 B&B MAYFLOWER PLAZA, SHOP NO. 24KARNAMBUT, KATPADI TALUK, VELLORE, WALAJAPET, Tamil Nadu	India
S2-250512226	SMART TRADlNG ADVISORS INC.	##5577 165TH PL, PORTLAND, OR	US
S2-756179251	Mancera Associates	17249-B SHADOAN WAY, WESTFIELD, IN	US
S2-711120231	Projects Cotton  Public Limited Services	E BLOCK HOUSE NO.01, GROUND FLOOR, NEW DELHI, दिल्ली	India
S2-396424507	Rehoboth Power Ltd	IMAGE BUILDING, CANNMNG TOWN, SOUTH 24 PARGANAS, CANNING, West Bengal	India
S2-106063416	Creative Software  Group		India
S2-965085554	BU Private Projects Limited	#53 HASANPUR, DELTI, दिल्ली	India
S2-842916378	Raj ग्लोबल लिमिटेड	NO 61 - A, TULSIANI CHAMBERS, NARIMAN POINT, MUMBAI, Maharashtra	India
S2-909465811	Primary Care Certified Center	708 CORY LN, IN, BLOOMINGTON	US
S2-807475812	BALAJI PIONEER CONSULTANCY PVT LTD	F 802, 8TH FLOOR, BLOCK -I, MHB, SY NO-83/1, RAIDURGAM, SERI LINGAMPALLY, తెలంగాణ	India
S2-610350856	ईस्टर्न एनर्जी प्राइवेट लिमिटेड	#405  GANESH PUR, RAHMAN PUR, LUCKNOW, उत्तर प्रदेश	India
S2-630911392	Chokshi  Brokers Private Limited	#61 61/29/N3, N.S.B.ROAD, RANIGANJ, P.O.RANIGANJ, P.S.RANIGANJ, RANIGANJ MUNICIPALITY, West Bengal	India
S2-77687954	atlanticpizza.com	2116C CEDAR RUN DR, LOWER ALLEN TOWNSHIP, PA	US
S2-252516530	Aryan Benefit	Karnataka, 14- , GUNASHEELA LAYUOUT, 19TH CROSS, 24TH MAIN, J. P. NAGAR, 5TH PHASE, BANGALORE	India
S2-999536874	Ear Nose & Throat Specialists LLC	2817 OAKBRIAR TRL, FT. WROTH, TX	US
S2-818202983	Modern Shiva Business-Private Limited	DOOR NO 1-1-700/B/1 NEW BAKARAM, GANDHI NAGAR, HYDERABAD, Telangana	India
S2-649758101	Better Chemical Laboratories Laboratories Incorporated		US
S2-132460036	Big 67 Hypnosis Riverside	138 PETER LANE, NEW HOPE, AL	US
S2-35196687	गुड हेल्थकेयर फार्मेसी प्राइवेट लिमिटेड	उत्तर प्रदेश, MUZAFFARNAGAR, 861, MUZAFFARNAGAR	India
S2-748921914	Star Deutsche	7553 STATE ROUTE 516, DUNDEE, OH	US
S2-613600660	Great Surya Consulting Private	KANCHAN, STREETNO.2, MADHAVPARK-2, NR. GOVERDHAN CHOWK, RAJKOT, Gujarat	India
S2-517656157	Peak Union Infrastructure	6747 75, FRENCH LICK, IN	US
S2-574885158	शिवम इंजीनियरिंग प्राइवेट लिमिटेड	48-A, <NULL>, NEW DELHI, CENTRAL DELHI, दिल्ली	India
S2-153080655	RAJA TRADING PRIVATE LIMITED	74-13/1-3B, FLAT NO.GF/101, SRI SAI ENCLAVE, NEW RTC COLONY, 4TH LINE, VIJAYAWADA (URBAN), ఆంధ్రప్రదేశ్	India
S2-458546488	ಕೃಷ್ಣ ಇನ್‌ಫ್ರಾಸ್ಟ್ರಕ್ಚರ್ ಪ್ರೈವೇಟ್ ಲಿಮಿಟೆಡ್	ಕರ್ನಾಟಕ, # 71 AND 71/1, BANGALORE	India
S2-472811299	Wonderful Innovations Industries	#2756, MOHALLA NIYARAIN G B ROAD, NEW DELHI, Delhi	India
S2-965136229	THE GARCIA CAPITAL LLC	LAKE SAINT, LAKESIDE MARBLEHEAD, OH	US
S2-982636999	LIBRA TRADERS LIMITED PRIVATE	H.NO 21-22 , 1ST FLOOR, SHIV SHNAKER MARKET, OPP. ARYAN HOSPITAL, OLD RAILWAY ROAD, GURGAON, Haryana	India
S2-312916099	सनराइज टेक्नोलॉजी प्रा. लि.	L-280 SF-03SEC 12, GAUTAM BUDDHA NAGAR, GHAZIABAD, Uttar Pradesh	India
S2-889701674	beautyventurescom	4575R-, JAI MATA MARKET TRI NAGAR, ONKAR NAGAR, DELHI, Delhi	India
S2-615018618	cobbssharer.com	2646 PAULINE AVE, GLENVIEW, IL	US
S2-30002890	India Trading	Karnataka, E1 BLOCK, MURTHY RESIDENCY BESIDES DHGE GLOBAL SCHOOL, HBR LAYOUT, NAGAWARA, BANGALORE	India
S2-125863296	Chin York Co	1464 VAN DYK RD, LYNDN, WA	US
S2-135628827	Monarch Pure Pvt. Ltd.	Delhi, E-25 16/20, 16/21 VILLAGE SAMALKA SERVICE LANE, VASANT KUNJ, BEHIDN UPPAL ORCHID, NEW DELHI	India
S2-116572044	ગ્રેટ સૂર્ય કન્સલ્ટિંગ પ્રાઇવેટ લિમિટેડ	KANCHAN, STREETNO.2, MADHAVPARK-2, NR. GOVERDHAN CHOWK, RAJKOT, Gujarat	India
S2-405212859	Oncology Physicians Of Of Columbus	1530 GCNESSEE AVE, COLUBUS, OH	US
S2-856152050	वन इंडस्ट्रीज प्राइवेट लिमिटेड	#8-2 F, LUCKNOW, Uttar Pradesh	India
S2-42897826	Ureno Interstate Scientific	AZ, #13389 YORK DR, TOPCOK	US
S2-129979699	ADW Marketing	C/O ANUPKUMAR SHRAWAGI, NEAR NAGAR PALIKA, AKOT U 002, PARATWADA ROAD, AKOLA, Maharashtra	India
S2-202007449	Mr sahilconsultingindia.com	DOOR NO 634 GIRI DHARI CHAK MIDNAPORE, MIDNAPORE, পশ্চিমবঙ্গ	India
S2-936496212	Dilkhush  Memorial Trust	PLOT 256 CS NO. 87/A, FLAT NO. 7, PADMINI VILLA GALI NO. 1, KOLHAPUR, महाराष्ट्र	India
S2-594091784	Ravun Superior Limited Private | www.ravunsupe.com	00904, AKSHITA HEIGHTS, KANAKIA ROAD, MIRA ROAD EAST, THANE, Maharashtra	India
S2-440197718	SEQUOIABANCSHARES.COM	712. 900, CARI, IL	US
S2-335049245	BLAKE BAKER ADVANCED LLC	113 3RD AVE, JOHNNSTOWN, NY	US
S2-374836667	Studio Consultants Private Ltd	B2/T1 , RAMJHARUKHA, S.V. ROAD, ANDHERI (WEST), Maharashtra	India
S2-593580304	OQ  Purpose	#87 D-7, PHASE III GARDEN HOMS ALKAPURI, GWALIOR, Madhya Pradesh	India
S2-565101664	Barron Mioats Ridge	1617 Perfection Avenue, BELLMONT, NC	US
S2-409277785	Elana's Enterprises	GREENBELT, MD, 00201 LAKESIDE DRIVE	US
S2-39226693	Shri Purnima Plantations	B-89, CHOICE APPTTS, 1043 WARD NO-8, JAIN MANDIR ROAD, MEHRAULI, NEW DELHI, Delhi	India
S2-237812549	X/V HOSPITAL	215 DEARBORN ST, WINFIELD, AL	US
S2-914264597	Delta  Retail		US
S2-12991038	Romisoft Córporation	LORI DR, NULL, ERLNAGER, KY	US
S2-668559782	Inc Ridge Institute	1521 FRANKLIN ST, TX, BONHAM	US
S2-882042201	DUFRESNE [WORLDWIDE]	465 TULIP ROAD, OH, W UNION	US
S2-174681687	Piedmont First Private Northside, Inc	140 HUGHES LANE, JOHNSON CITY, TN	US
S2-897700073	INTERSTATE FUND	216 PRENTICE ST, CITY OF STEVENS POINT, WI	US
S2-666998813	Private Save Sons Ltd	Haryana, JIND, C/O VIJAY SHOP NO 323 OLD ANAJ MANID NARWANA, JIND	India
S2-726164504	Deltasol	2/5, PERIYAR PATHAI, CHENNAI, தமிழ்நாடு	India
S2-324984120	Mota Industries	801 HOLLOW TREE CT, PEABODY, MA	US
S2-312810085	United Fund Group	1810 PRINCETON DRIVE, TX, WEATHERFORD	US
S2-833386065	IM Fortunex Group	31 LIBERTY HILL AVENUE, SALEM, MA	US
S2-1578229	न्यू इंडस्ट्रीज प्राइवेट लिमिटेड	FLAT NO-C-605, NEW DELHI, Delhi	India
S2-510543255	2-Star Group	96 HENRIETTA ST, ROCHESTE CDP, NY	US
S2-401166227	Center 4022 Third Drive LLC	00360 UNION AVENUE, WEST HAVEN, CT	US
S2-749927461	Padron Security Services	321 30 AVENUE, LITTLE NECK, NY	US
S2-710274452	Letts Classic Bain	14800 TURQUOISE TRL, WILILS, TX	US
S2-529359136	WOODWARD HERITAGE	4264 300, ANDERSON, IN	US
S2-639514924	Shree  Precision	NO 1002 , TOWER NO., A-1, TDI ROYAL ESPANIA, SONIPAT, हरियाणा	India
S2-261788640	Kolkata Fdairer	#4, RABINDRA NAGAR, BARANAGAR, KOLKATA, KOLKATA, West Bengal	India
S2-914699259	Enraix Supply	291 WELLINGTON ST, GREENVLLE, TX	US
S2-81113534	ଫର୍ଚୁନ୍ ଫାଉଣ୍ଡେସନ୍ ପ୍ରାଇଭେଟ୍ ଲିମିଟେଡ୍	PLOT NO.-4535/6198 GUDIANALI, DHENKANAL, Orissa	India
S2-200622830	Hammoud  Total Adamas	TN, 3990 THOMAS CROSS ROAD, SEVIERVILLE	US
S2-48817210	Mr Sarvagya Brothers Limited	FLAT NO.4, GROUND FLOOR, TOWER NO. 22, PARAS TIEREA, GH-01, SEC-137, NOIDA, NOIDA, Uttar Pradesh	India
S2-167573951	LEGACY REALTY	2359 THOMAS ROAD, AZ, NULL, POENIX CITY	US
S2-335353645	Allied Veterinary Clinic, Corp	1341 HAWTHORNE PL, SAINT LOUIS, MO	US
S2-41723122	Harsh On Private	H.NO. B-##34, 1820/10, ST.NO.2, NEAR GOGI MARKET, PAVITAR NAGAR, HAIBOWAL KALAN, LUDHIANA, Punjab	India
S2-693579489	Bhubaneswar Corp Services	PLOT NO-1/11, FIRST FLOOR, SECTOR-1 NILADRI VIHAR, CHANDRASEKHARPUR, BHUBANESWAR, ଓଡ଼ିଶା	India
S2-712209911	Rapid  Crown	MD, HYATTSVILLE, 7315  OAKCREST DRIVE	US
S2-685379201	EMPIRE HARBOR RAEET	IL, 302-304 SILVER CREEK DRIVE, WASHINGTON CITY	US
S2-80967361	Elite Property Services L.L.C.	GALLAUDET ST, WASHINGTON CITY, DC	US
S2-269005803	Big Tavern (Inc)	51 RIVERSIDE DR, MD, PASADENA	US
S2-60509171	LLC Cox, Bouche & Nevze	MA, SUTTON, 35 PURGATORY RD	US
S2-12634964	XEA  Clinics Private Limited	C-3 , 2ND FLOOR, AJAD MARKET HARIDWAR ROAD, NAJIMABAD, BIJNOR, उत्तर प्रदेश	India
S2-500085661	RIZAGILD	1228 GASKINS RD, HENRICO COUNTY, VA	US
S2-866586921	Agro Jaigrb Estate Clinic	QR NO - 1, TYPE - 5, I G MINT TOWNHHIP CHERLAPALLY, Telangana	India
S2-215448464	Gulf Chnetr V Inc	61187 CONE FLOWER ST, BEND, OR	US
S2-99151582	CHIROPRACTIC SPECIALISTS CASCADE	126 PINECREST DRIVE, ANNAPOLIS, MD	US
S2-825033116	Drinnon Gbheci LLC	1225 GENTILE ST, LAYTON, UT	US
S2-362595464	feynetwork.com	0640 CENTRAL AVENUE, NULL, PHOENIX, AZ	US
S2-228754014	Good Co Sérvice	NO. 4-52 22/9, FIRST FLOOR, MAIN MARKET OLD FARIDABAD, FARIDABAD, हरियाणा	India
S2-373640284	Pelchat's Engignaeeig	12575 44ST ST, YUMA TOWSHIP, AZ	US
S2-492832043	Charlton Eastgate Inc  Partners	00137 ELLIS AVE, NORWOOD, MA	US
S2-506086963	Sangam Trust Holdings	PLOT NO-##40 & 46, FLAT NO-202 ASHOK VIHAR, UPPERPALLY, RAJENDRANAGAR, HYDERABAD, Andhra Pradesh	India
S2-523158405	GX LLC MONTAGE	306 MCGRATH HWY, SOMERVILLE, MA	US
S2-413999823	legacy tate's retail	405 BURFORD ROAD, LEBANON, TN	US
S2-801136189	GUJARAT SERVICES  PUB1IC LIMITED	FLAT NO.32, APIIC INDUSTRIAL ESTATE KONGAREDDY PALLI, CHITTOOR, Andhra Pradesh	India
S2-558796303	Lege Bond Corp	SCHLOSS ST, WRIGHTSVILLE BEACH, NC	US
S2-470548538	Bessy Bessy Rizzo Creative Health LLC	9220  RIVERLIGHT ROAD, MCKINNEY, TX	US
S2-355518097	ZDC Roofing	10350 MCDOWELL RD, AVONDALE, AZ	US
S2-321313389	Kanhaiya Center (Pvt.)	H.NO 995/2 C/O BRAJ MOHAN MAHAWAR, WARD NO 07 GURUDWARA COLONY, SIKANDRA ROAD, BANDIKUI, Rajasthan	India
S2-25035476	cancel choice homecare inc	MIDDLETOWN, 844 NEW CASTLE LANDING DRIVE, DE	US
S2-904535650	EK Transport	Delhi, B009/369, GROUND FLOOR ROHINI SECTOR 3, DELHI	India
S2-352216723	URBAN-GRILL	817 LOGAN STREET, BROOKLYN, NY	US
S2-387139812	નોર્થ પ્રોજેક્ટ્સ હોટેલ પ્રાઇવેટ લિમિટેડ	103, SURAT, Gujarat	India
S2-762119244	રેડ ટેક્નોલોજી પ્રાઇવેટ લિમિટેડ	B/2/268, AHMEDABAD, Gujarat	India
S2-230416131	Dr Mundra Heart Private  Limited	S.N. 25/2, B, PLOT NO 38 PATEL COLONY, MAHARASHTRA, PATEL COLONY, Maharashtra	India
S2-784068694	DS Solution Private Limited	NO 33/3 ARUN PARK, FIRST FLOOR, NEAR ADITYA BIRLA HOSPITAL, THERGAON, PUNE, Maharashtra	India
S2-319634390	Bloomberg Dental	841 PROVIDENCE DRIVE, NEWWBERG, OR	US
S2-407124051	Lea and Gonzalez Lakeside	#215 RAMSEY RD, <NULL>, JACKSONVILLE, NC	US
S2-60149211	LYRALUMUMBRA	6515 KILBOURN AVE, LINCOLNWOOD, IL	US
S2-580671099	Vishal Psltyeohnc (Company)	1, RIVER VIEW ENCLAVE, TEESTA STREET, 3RD MAIN RD, SRIPERUMBUDUR, Tamil Nadu	India
S2-96811832	BARGER IMPERIAL	93-97 SELMAN STREET, ATLANTA, GA	US
S2-420877132	Miller, Elianore, D.C. Downtown	310 PASTURE LN, MUNCIE, IN	US
S2-306997622	Natty D. Meyer, D.D.S. L.L.C.	11337-A Eastwood Drive, HAGERSTOWN, MD	US
S2-693295765	Lombard Nexlum Society	801 PINEBROOK DR, LOMBARD, IL	US
S2-464256073	Martinez Taxable	##7301 MAYBERRY DR, CLEVELAND, OH	US
S2-226692494	EVANNE COLLIER PERFECT LLC	#1318 ELM ROAD, HALETHORPE, MD	US
S2-448354119	Clear Fresh Corp Partners - 8893347175	#4250 HIGHLAND DRIVE, CITY OF HOLLADAY, UT	US
S2-992635360	GLAZE CAPITAL	2411 1/2 Springer Lane, WA, OLYMPIA	US
S2-113086313	স্মার্ট অ্যাগ্রো প্রাইভেট লিমিটেড	West Bengal, BARASAT - I, HOSPITAL ROAD DUTTAPUKUR	India
S2-843224220	କୃଷ୍ଣ ସିଷ୍ଟମସ୍ ପ୍ରାଇଭେଟ୍ ଲିମିଟେଡ୍	KENDRAPARA, PLOT NO-1177/2503, Orissa	India
S2-147244130	HETRICK CLA5SIC	1917 BROADWAY AVENUE, SWEETWATER, TX	US
S2-582791835	CHANDNA INDIA PRIVATE LIMITED	FLAT NO 203, SRIKANTH NILAYAM PRAGATHI NAGAR, KUKATPALLY, HYDERABAD, తెలంగాణ	India
S2-447096995	Johnson  Total Premier LLC		US
S2-646524755	HEART OF CENTREVILLE CENTER	453 WATSON ROAD, CENTREVILLE, MD	US
S2-739670459	DOT MARTINEZ, O.D.,	15 Hasbrouck Dr, WEST HAVERSTRAW, NY	US
S2-500315890	Wheeler's Therapy #73831	180 WALLACE RD, NASHVILLE, TN	US
S2-705504637	FRANCISCA FRITZ	002002 BUTTERNUT RD, TEMPLE, TX	US
S2-769882724	Ear Nose & Throat	7455 ORCHID LANE, ANDERSEN SPRINGS, AZ	US
S2-703891531	TYO XFLH LLC	708 E WHEATMORE DR, LOUISVILLE, KY	US
S2-92001771	Jes, Ava Piedmont Wellness LLC	1485 17F ST, WILTON, ND	US
S2-106743292	SANDERS, WILLIAMS & PARKER	522 19TH ST, FOREST LAKE, MN	US
S2-936287283	LLC Volk First Lnrdb,s	TULSA, 261 29TH PLACE, OK	US
S2-128189922	Spinners Private Traders Limited	M-116, SECOND FLOOR, PUNJABI DHABA GALI, SAURABH VIHAR, BADRAPUR, NEAR NAGAR DAIRY, NEW DELHI, Delhi	India
S2-676596968	Private Fortune Finance Limited	FLAT NO C-808 ANANTPURAM APPART BAPAT CAMP, RS NO D/226, KOLHAPUR, Maharashtra	India
S2-743654809	Massif Clinic	H.NO 78 WARD NO.8, H. NO.1585/5, SANGALI ROAD ICHALKARANJI, HATKANANGLE, Maharashtra	India
S2-994636269	downtownautobody.com	PRINCE ALBERT DRIVE, GREENSBORO, NC	US
S2-107314297	gsc0mmunications.com	794 THLANE PL, ROCKVILLE, MD	US
S2-755959883	Golden (Barbershop)		US
S2-107171098	mds services limited	DOOR NO 21/8 MODY STREET3RD FLOOR ACHAL BIULD FORT, MUMBAI, महाराष्ट्र	India
S2-102962659	Literacy-Fellowship	4720 BRIGHTWOOD RD, OLNEY, MD	US
S2-454162657	PEDIATRIC DENTISTRY PACIFIC MEDICINE  LLC		US
S2-60854452	budzinskicoffee.com	#10351 TR 107, FINDLAY, OH	US
S2-840524369	gulf (india) properties private limited	#68. H/O : PURNA KISHORE SAHOO, HOLDING NO. 495/A, CHAULIAGANJ, UNIT-29, TALASAHI, CUTTACK, Odisha	India
S2-170591419	Oconnell Service Service	818 BANDERA LANE, GARLAND, TX	US
S2-689768993	ELIZA KUBES INVESTMENTS  LLC	2152. POSSUM TROT RD, BILLINGS, MO	US
S2-551779619	Ocean Infrastructure (India) Infratech Priavnte Limited	H.NO 70-15-42/12 PLOT NO-22-23, NFCL ROAD, SURESH NAGAR, KAKINADA, Andhra Pradesh	India
S2-797645123	The Choice  Learning Dynamics	1485 TONEYS BRANCH RD, BLOOMINGROSE, WV	US
S2-908433932	fxproducer.com	C1-2/1125, PALAKKAD, കേരളം	India
S2-400682766	Black United Tech  Private Limited	#14 , GROUND FLR, NEW DHOBI GHAT, PRAKASH PETHE MARG, CUFFE PARADE, COLABA, MUMBAI, Maharashtra	India
S2-346112302	PRIVATE PRATIGYA KIISNA LIMITED	PLOT 327 C6/1, STADIUM ROAD HAZIAPUR, BAREILLY, Uttar Pradesh	India
S2-41628118	Petech, Incorporated	LEE COUNTY, 157 Almond Dr, VA	US
S2-643700715	Eastgate Premier Yokota	0153 RENEE DR, BELLS, TN	US
S2-573805766	वन ग्रीन मैनेजमेंट लिमिटेड	PLOT 252 58/A, MUMBAI CITY, Maharashtra, MUMBAI, 4TH FLOOR, A-WING, MITTAL TOWER, 210, NARIMAN POINT	India
S2-951366825	Internal Medicine Gulf Care Incorporated	36700 NARROWS ROAD, POLSON, MT	US
S2-265003027	Dwarkamai Traders	18-4F, RVR COMPLEX, PPM JUNCTION, PARASSALA PO THIRUVANANTHAPURAM, THIRUVANANTHAPURAM, THIRUVANANTHAPURAM, Keralam	India
S2-775257968	Vito, Palmer + Santiago  Group	105  WASHINGTON STREET, ATHENS, AL	US
S2-363011057	Frontier Classic Inc. Service	620 PRAIRIE VIEW ROAD, GATESVILLE, TX	US
S2-213524804	Desert Services Private Limited	S NO /11, MOUNT POONAMALLEE HIGH RD, SRIPERUMBUDUR, தமிழ்நாடு	India
S2-117975400	United Charter  School Inc.	0015425 HAIKU RD, IN, EVANSVILLE	US
S2-672487196	GY Crimpers  Private Limited	DEVYASH, SHRINATHJI SOCIETY PANCHVATI 2ND LANE, AMBAWADI, AHMEDABAD, Gujarat	India
S2-919169930	ഡിജിറ്റൽ കൺസൾട്ടിംഗ് ലിമിറ്റഡ്	1 ST FLOOR, SINDHOOR COMPLEX, NEAR AVHS, PONNANI, Kerala, MALAPPURAM, ROOM NO.#/337	India
S2-612873942	Internal Medmcie Partners Inc	DC, 4919 1/2 AMES STREET, WASHNGTON	US
S2-938469853	Inc Foot + Ankle Highland Associates,	341 CHURCHILL WAY, CLAYTON, NC	US
S2-518007655	Tiphanie's Empire Foods Inc.	##9325 DORCHESTER ST, HIGHLANDS RANCH, CO	US
S2-996892604	HLS Builders L.L.P.		India
S2-438161926	LTD ALPINE (INDIA) DENTAL	GALA NO-18 BLDG NO 16 A SAMHITA WARE HSG COM SAKI NAKA KURLA WEST, MUMBAI CITY, MUMBAI, Maharashtra	India
S2-116204455	Karla's Sterling Tax Service Corporation	PADDOCK ST, CARWFORD, NE	US
S2-888180080	Jeffries and Kasse1 Ltd	6767 POST BOY RD, NEWCOMERSTOWN, OH	US
S2-530564134	Diaz Beacon Artificial (Care)	15309-15311 DOE HILL COURT, WOODBINE, MD	US
S2-274130084	Solufy Bridge  LLC	24920 TRUMAN OAK COVE, AUSTN CDP, TX	US
S2-461083137	Pamela D.O., Roth, H. M.D., P.C.	7920D ALTA CUESTA DRIVE, CA, RANCHO CUCAMONGA	US
S2-255221524	ghbatteryprivate.com	R. NO ##1, SEVA SADAN CHAWL, RAWALPADA, SANTOSH NAGAR, MUMBAI, DAHISAR EAST, Maharashtra	India
S2-809916649	Vedmata Sangh Group	D-41, INDRAPURI COLONY LAL KOTHI, राजस्थान	India
S2-483300875	LEGACY CHIANG LLC	1305 UNIVERSITY AVE, WAUKEE, IA	US
S2-144838333	Ace  Arihant Projects Public-Limited	HOUSE NO. 329, BLOCK-B, SARASWATI VIHAR, PITAMPURA, DELHI, Delhi	India
S2-54944062	Merralee Barnse, D.C.	TX, 6201 SOUTHWEST FREEWAY, HOUSTON	US
S2-334944087	The Abby T. Morgan, D.O., PC		US
S2-656383627	EMPIRELEAGUE.COM	HEMPSTEAD, 255 LAWRENCE AVENUE, NY	US
S2-667363459	PIEDMONT DÉSERT	NY, 235-22 32 Ave, LITTLE NECK	US
S2-230089308	YA KAR LTD	H NO-1621/002, NEAR SAI BABA MANDIR SEC 26 A, VASHI, GREATER MUMBAI, MUMBAI, Maharashtra	India
S2-843251844	-- QB Alpex	OLD HICKORY LN, BRANFORD, CT	US
S2-337150540	WESTERN INN0VATIVE SERVICES	668 RIVERSBEND RD, INDIAN MOUND, TN	US
S2-803608580	sushmaindia.com	C/O BEENA KUMARI P, SAI'S 2366923 PARAL RD CLY VAR, PO KUTHUPARAMBA, KANNUR, Kerala	India
S2-152507022	Blue  Complete Graf Care	1247 SUGAR GROVE RD, LANCASTER, OH	US
S2-278597857	Mason Vance Vance LLC	188 CLEVELAND STREET, ELYRIA, OH	US
S2-905730542	#zetedyne	9220 DIEGO, TUCSON, AZ	US
S2-221555381	ராயல் சொல்யூஷன்ஸ் மருந்தகம் பிரைவேட் லிமிடெட்	NO: 2/432, BALAJI NAGAR, PAKKAM ROAD, NATHAMEDU, THIRUNINRAVUR, CHENNAI, Tamil Nadu	India
S2-314337419	COMPLETE TRANSIT LLC  SERVICES	1174 HEBRON ROAD, HEATH, OH	US
S2-802720651	All  Enterpics Limited	39., SHAKESPEARESARANIPREMLATA, 5THFLOOR, KOLKATA, KOLKATA, West Bengal	India
S2-132490191	Frontier Certified	WHITPAIN TOWNSHIP, 275 NORRISTOWN ROAD, PA	US
S2-124172060	Bustamante, Eileen [Enterprise]	7603 TIDEWATER DR, VALLEJO, CA	US
S2-93936962	Private Ananya lngredients Limited	HOUSE NO.##9 OLD C-10 BLK-C MAHENRDU ENCLAVE CITY, DELHI, NORTH WEST DELHI, Delhi	India
S2-749057652	Farand Cúllen Consultants Partners	007120 RED HAWK ROAD, ALBUQURQUE, NM	US
S2-945087611	Zenner Kodiak Integrated		US
S2-955173791	(LIMITED) GLOBAL VRK TALENT	201, 202 ASTERDALE CHS, BARAVE VILLAGE, THANE, KALYAN, Maharashtra	India
S2-532611401	Garcia Liberty Charter L.L.C.	7425 OXFORD COUGT, SAINT JOSEPH, IN	US
S2-157170392	Vega  Partners	##6502 PARK CLUB CIR, LOUISVILLE, KY	US
S2-511252557	Black  Shiv Finance Private	77B, KARAYA ROAD, KOLKATA, KOLKATA, West Bengal	India
S2-89074588	Ltd Gernert Diamond Future	RANCHO CORDVOA, CA, 4226 AURA WAY	US
S2-819309775	இண்டோ ஐடி பிரைவேட் லிமிடெட்	BANQUET 6, CHENNAI CITY CORPORATION, CHENNAI, தமிழ்நாடு	India
S2-115668447	Truong Báy Sciences (Group)	5213 HAXTON DR, CENTERVILLE, OH	US
S2-833265976	Continental Program Lakeside	162 DISCOVERY DR, HATFIELD TOWNSHIP, PA	US
S2-876606034	mumbaisecuritygroup.com	FLAT NO 202  PLOT NO 55, GREEN LANE SHER-E-PUNJAB, MUMBAI, Maharashtra	India
S2-238696052	Anch0r-Energy Alliance LLC	1344- EAST LONGVIEW DRIVE, WOODBRIDGE, VA	US
S2-621833752	Hk Estates Limited	Maharashtra, GALA NO S-3 TO S-8 B WING GR FLOOR AND A-WING S11-S18, GR.FLR, AHURA CENTRE 82 MAHAKALI CAVES ROAD, ANDHERI EAST, MUMBAI	India
S2-357806343	Rogers Avitfaion	4276 ROCKY FORK RD, WV, ORLANDO	US
S2-288111971	internationalarinlaundry.com	HN C-398 SHOP NO-108 ANCHAL PLAZA VASANT KUNJ, NEW DELHI, Delhi	India
S2-263688085	Sudershan-& Brothers	AASHREYA 7-1-34 F N AMEERPET, HYDERABAD, Telangana	India
S2-486098610	Hurley, Cathee, Do	25 CEDAR CIRCLE, STAMFORD, CT	US
S2-576934324	AUSTIN SIERRA INC.	1007 HAYES AVENUE, HAMILTON, OH	US
S2-468319064	Grier's  Family	1970 BELLMORE AVE, HEMPSTEAD, NY	US
S2-952840379	Info Project Pvt Ltd	F-G-1 4TH/ FLOOR HAJI COLONY JAMIA NAGAR OKHLA, EW DELHI, Delhi	India
S2-143783715	बेस्ट फाउंडेशन होटल प्राइवेट लिमिटेड	B-3A/15-B, JANAKPURI WEST DELHI, DELHI, WEST DELHI, Delhi	India
S2-442095686	व्हाइट इंडस्ट्रीज एलएलपी	CLUB PATIO, SECTOR-17, GURGAON, Haryana	India
S2-368690582	Zenaon,	23311 HARVARD RD, BEACHWOOD, OH	US
S2-698210318	Dr Prb Jewellers Privaste Limited	HOUSE NO. 670-, TAL-KHANAPUR, SANGLI, KHANAPUR, Maharashtra	India
S2-107675326	Mountain Charities Riverside LLC	1012 STOVALL PL, ALBUQUERQUE, NM	US
S2-906519848	Nessi Hughes  Clean Royalties Inc	ROANOKE COUNTY, VA, 1981- LAWYER DR	US
S2-974735869	M/s My Foundation Pribiate Limited	PLOT NO-A-15A, NEW TOWNSHIP, FARIDABAD, हरियाणा	India
S2-815002764	South South Pnroentp	RAINEY KNOBS RD, SAPPHIRE, NC	US
S2-630370833	3374DEUTSCHE.COM	17240 MORRIS DRIVE, LAURINBURG, NC	US
S2-580706918	SOLIO-LENDING NORTHSIDE	2729 BECK DRIVE, VILLAGE OF ROCHESTER, WI	US
S2-798271666	టెక్ ఎక్స్‌పోర్ట్స్ గార్మెంట్స్ ప్రైవేట్ లిమిటెడ్	VISHAKHAPATNAM, VISAKHAPATNAM, Andhra Pradesh, NO 40 C/O M NAGASWARA RAO, NAKKAPALLI, ANAKAPALLE	India
S2-84089366	Dr @kumudaconsultants	H.NO 337 (C-28), MURADI ROAD, BATLA HOUSE, JAMIA NAGAR, दिल्ली	India
S2-563944797	LOOM INSTITUTE OF TECHNOLOGY INFRATECH CORP	HOUSE NO 193 , SECTOR 21, PANCHKULA, Haryana	India
S2-342693229	Associates Brady Denta1	12365-D ENSLEY DRIVE, FIHERS, IN	US
S2-667437916	Grasso Rocky  Cbre	1219 THIRTEENTH STREET, GREAT FALLS, MT	US
S2-390380963	ZIREUS RIDGE	32 BRUBAKER RD, WAVERLY, OH	US
S2-78865805	Value-Precision Oak LLC	3018 LAKESIDE VIEW CT, CARY, NC	US
S2-488612042	জয় ফাইন্যান্স এন্টারপ্রাইজেস এলএলপি	H.NO 35C DEBENDRA GHOSH ROADPS BHAWANIPUR, KOLKATA, CALCUTTA, West Bengal	India
S2-452022785	Urban Management	Uttar Pradesh, 22/132, PHEEL KHANA, FILKHANA	India
S2-312894495	Blue Ice	TN, NASHVILLE, 641 DIVISION STREET	US
S2-263393597	Lucky Hair Studio! Llc	2161 105TH STREET, CLEVELAND, OH	US
S2-580099140	LONGSHOREMEN LOCAL UNION 728	VASHON HIGHWAY, VASHON, WA	US
S2-346997491	lyrutis israel inc	147-149 MIKEL STREET, CLEVELAND, TN	US
S2-548089462	Western Innovative Machine Works Associates Corporation	728 MARCELLA ST, HOUSTON, TX	US
S2-250700793	CARPENTER-& FELIX	1708 DARIEN CIR, SPRING HILL, TN	US
S2-321718693	Unified Colonial Enterprise	390 MUSKRAT FARM RD, N/A, STOCKTON SPRINGS, ME	US
S2-674688387	Tuljai Marketingprivate Private	202, PATEL COMMERCIAL PREMISES CO OP SOC PLOT NO B 40 NEW LINK ROAD, ANDHERI WEST, MUMBAI, Maharashtra	India
S2-94362890	AGRO SWARNMAHAL PHARMACEUTICALS INFRATECH COMPANY	H.NO 97/3 C/O:MOHAMOOD, PADINGHARE, PEEDIKAYIL HOUSE, MATTOOL, KANNUR, Keralam	India
S2-967566963	Crystal Enterprises Co	HARI ASHIRWAD CHS LTD, SHOP NO.20, PLOT NO.18, SECTOR -15A, NEW PANVE, PANVEL, महाराष्ट्र	India
S2-725564285	Pioneer Properties Private	PLOT 9-35 UNIWORLD CTY, GARDENS TOWER-3 FLAT - 002, RAJARHAT, NEWTOWN, KOLKATA, West Bengal	India
S2-654102388	Sr Services Exports Private Limited	2/4, PRABHUPARA, BROJAPUR, PRABHUPARA, JALPAIGURI, JALPAIGURI, পশ্চিমবঙ্গ	India
S2-674134966	Street Main Cleaning Service! Co	234  F ST, CARLISLE, PA	US
S2-895583946	Eye Bright Care Corp	5634 BEACHVIEW CREEK DR, WOODBRIDGE, VA	US
S2-190643374	LLC Vantic Computing	6229 Pearl St, MESA, AZ	US
S2-169777024	PHX BEST MESHFLOW PARTNERS LTD	8542 ROBINHOOD AVENUE, KANSAS CITY, MO	US
S2-891135448	Ltd. Thane Pvt. Partners	A-##4A NAV KUBER CHS LTD, BHAYANDAR, महाराष्ट्र	India
S2-952606254	COSMOS SEVA SAMITI	HN 232 THE BELVEDERE, 3 RD FLOOR RAJ BHAVAN ROAD, SOMAJIGUDA, HYDERABAD, Telangana	India
S2-58433036	Twisted Yoga (LLC)	##10 PARK STREET, EASTON, MA	US
S2-501773856	2154 BROADWAY  WAY COMPANY PARTNERS INC	514 SHREWSBURY ST, WORCESTER, MA	US
S2-687882951	Software Neugen Loans Pvt. Ltd.	H.NO.2-2-22/16, DD COLONY, AZIZ BAGH, BAGH AMBERPET, AMBERPET, Telangana	India
S2-541493234	Ghaziabad Machinery Private	D-606, NANDGRAM D-606, NANDGRAM, GZB, GHAZIABAD, Uttar Pradesh	India
S2-831054316	(Limited) Eastern Healthcare	C/O KAISH SHOUKAT BAGWAN HOUSE NO 117/7, KASANAL, BELGAUM, Karnataka	India
S2-331192692	JOHNSONSPELL.COM	613 ELM SAINT, LIMA, OH	US
S2-212959052	Trusted Preferred Regency LP	893 DOVER DRIVE, GREENWOOD, IN	US
S2-409123572	Almonte American  LLC Services	CT, KENT, 16 Stony Brook Rd	US
S2-130364300	Mount Ida Autism Assistance Desert  Alliance	11 ROBINWOOD CIR, MOUNT IDA, AR	US
S2-215143705	Dr RAMSARUP LEARNIN6 ENTERPRISES PRIVATE (LIMITED)	B2/51, SAFDARJUNG ENCLAVE, OPP ST. MARY SCHOOL, SOUTH WEST DELHI, NEW DELHI, दिल्ली	India
S2-790576721	HESS-SCHOOL		US
S2-18876208	Mittal Solution Pvt Limited	31B., 4, SURENDRA BHAWAN, NAZARBAGH, LUCKNOW, उत्तर प्रदेश	India
S2-280350680	ईस्ट विजय प्रोजेक्ट्स एलएलपी	MUMBAI CITY, Maharashtra, MUMBAI, FLR-1, PLOT-408, PRABHADEVI INDUSTRIAL ESTATE, SVS MARG, PRABHADEVI, 20	India
S2-295900720	Soil Research LLP	B-2/101, GROUND FLOOR SEC-16, ROHINI, DELHI, Delhi	India
S2-510278810	UNIFIED HOSPITALITY INNOVATIONS		US
S2-632039913	Continental Companies Llc	PROVO, 1408 WEST BRIDGE DRIVE, UT	US
S2-183008358	Decatur  Nuveen	108 OAK STREET, DECATUR, IN	US
S2-655696844	Operating Engineers Union Local  No 338 Care	304 64TH STREET, ALBUQUERQUE, NM	US
S2-699139972	WEL Partners Digitalbridge	WYNNFALL DR, LEXINGTON, NC	US
S2-6608397	Pranam Agri (Private)	DOOR NO. #8-11-25 , 1ST FLOOR MUNUSUBU STREET, PERALA, REDDIPALEM, CHIRALA, PRAKASAM, ఆంధ్రప్రదేశ్	India
S2-26772200	LLC Global Ministries	CLAYTON, NC, 55 Rainwater Ct	US
S2-724790407	Seven बिजनेस ऑटोमोबाइल्स Private Limited	FLAT NO.C-726-, AISHWARYAM, GREENS, NEAR VISHAL NAGAR, PUNE CITY, Maharashtra	India
S2-71609308	ग्रीन बिल्डर्स प्राइवेट लिमिटेड	I-105, PROVIEW LABONI, CROSSING REPUBLIK, GHAZIABAD, Uttar Pradesh	India
S2-600801531	Hargrave Bond Service	003814 50TH ST, KANSAS CITY, MO	US
S2-299503736	ANCHOR PACKAGING PARTNERS	6340 1/2 WATER SUPPLY ROAD, TEMPLE, TX	US
S2-428555201	LOGICAL GOURMET OVERSEAS PRIVATE LIMITED	186 38-57, NEAR SBH BANK, BUS DEPO ROAD, VALLABNAGAR, WANAPARTHY, MAHBUBNAGAR, Telangana	India
S2-756319004	Novinyla	3066 224th Ave, BLACK DIAMOND TOOWNSHIP, WA	US
S2-200940201	SUPER LINES LLP	H.NO 187 A SF SAI SADAN SANT NAGAR, EAST OF KAILASH, Delhi	India
S2-895488680	રોયલ સર્વિસીસ પ્રાઇવેટ લિમિટેડ	402, AHMEDABAD, Gujarat	India
S2-780753948	Chiropractic Reliable Care Associates Council	FTT MITCHELL, 282 SAXONY DR, KY	US
S2-658121921	N G K & Cohen, LLC	1469 LEXINGTON AVE, ANACORTES, WA	US
S2-630579272	anandmarketing.com	Maharashtra, N/A, 207, 2ND FLOOR, ACCORD COMMERCIAL COMPLEX PREMISES OPP BUS DEPOT, STATION ROAD, GOREGAON (E, ), MUMBAI	India
S2-712565474	DILIGENCE TRADING PRIVATE LIMITED	NO #45 RANVEER NAGAR, I.T.I CHAURAHA MAINPURI FATAK, ETAWAH, उत्तर प्रदेश	India
S2-724028185	गुजरात सॉल्यूशंस एलएलपी	NO. 52 G.NO. 628 A/P PETH TAL, AMBEGAON PUNE, PUNE, महाराष्ट्र	India
S2-944178116	Painter & Victor Allstate Center Greater	2179 BOBCAT TRL, COTTONWOOD, AZ	US
S2-165987917	Quantify Hovnanian	742 SECOND STREET, WEST BROOKLYN, IL	US
S2-465681713	PROSPEROUS TRADERS LIMITED	CHAMBER NO-10 UDAIGIRI TOWER, KAUSHAMBI, GHAZIABAD, Uttar Pradesh	India
S2-446917072	Bay Montessori Schóol	1062 FOXGLOVE CIR, CUYAOHGA FALLS CITY, OH	US
S2-680356593	Tuna Solar Private Límited	NO A-46 STHANAKWASI JAIN SOCIETYNR NARANPURA RAILWAY CROSSING NARANPUA, AHMEDABAD, ગુજરાત	India
S2-851450543	Allied Custom Land	4316 BUCKEYE STREET, PO BOX 425, FORT WORTH, TX	US
S2-333463007	BIG NAILS INC.	5612 BURROWS AVE, SPRINGFIELD, MO	US
S2-746889533	Chiropractic Care Associates of	147 WIMBLEDON DRVIE, MANSFIELD, OH	US
S2-358340034	NEW DELHI  VINTRADE C0	B-3, BASEMENT GEETANJALI ENCLAVE, NEW DELHI, Delhi	India
S2-819672448	internalmedicinepreferred.com	24 RUMSEY ST, BATH, NY	US
S2-351866172	Pooja Service	H.NO 36 G3 GARDEN APARTMENTS NO.21 VITTAL MALLYA ROAD, BANGALORE, Karnataka	India
S2-749113346	Tapia Custom Odyssey	4417 1/2 20, DEVILS LAKE, ND	US
S2-846470658	Private Purohit & Brothers Exports Limited	E-67 INDUSTRIAL AREA, FOUNDRY NAGAR, AGRA, Uttar Pradesh	India
S2-638022376	Kakani Itnsitohe of Technology	OFFICE NO. 0102 FLOOR NO.1ST BUILDING NAME-BELLEVUE CHS LTD, BLOCK SECTOR - OPP GH SCHOOL BORIVALI EAST, BORIVLAI EAST, Maharashtra	India
S2-225507299	Catrina-Rsoee Better Hub, Inc	2518 CONTESSA SAINT, MESA MOUNTAIN VIEW, AZ	US
S2-717939806	इंडो हेल्थकेयर प्राइवेट लिमिटेड	YC CO WORKONG SPACE, NEW DELHI, SOUTH WEST DELHI, Delhi	India
S2-594481883	Corp Umberger Sun	276-280 BER CREEK DR, FUQUAY VARINA, NC	US
S2-737860	DIIS	ELSTON AVE, CHICAGO, IL	US
S2-168128600	WHITMAN AUTOMOTIVE NORTH	560 ERLANGER RD, ERLANGER CITY, KY	US
S2-905878189	Raj Estate	5A , 2ND FLOOR, 4TH CROSS, 4TH MAIN ABBAYAPPA LAYOUT, NS PALYA, BENGALURU, Karnataka	India
S2-957857009	Baez's Technologies Northside L.L.C.	15318 48TH ST, KANSAS CITY, MO	US
S2-131275777	CHAMPAGNE PÍNNACLE SKY CORP	3235 FINLEY ROAD, IRVING, TX	US
S2-302388709	Apex Foundation Límited	C-5, CHEMICAL ZONE, M.I.D.C.KALYAN BADLAPUR ROAD, AMERNATH (WEST), महाराष्ट्र	India
S2-523541811	Ace Power Public Limited	J15, SIKRA ROAD, RAJDHANI MANDI, JAIPUR, Rajasthan	India
S2-27559629	T 3 PREFERRED MEDICINE INC	8254 NILES CENTER ROAD, SKOKIE CITY, IL	US
S2-520415197	सिल्वर फूड प्रा. लि.	F-2, POOJA GHAR, PATHIK NAGAR SANGANER ROAD, SHASTRI NAGAR, Rajasthan	India
S2-24996081	Ebarb, Connors Currencyshares Harp &	126 MADELINE WAY, WHITE HOUSE, TN	US
S2-452097035	হাইটেক বিজয় এক্সপোর্টস প্রাইভেট লিমিটেড	HN 460 LOHARUKA GREEN NEST FL-NO B301, 3RD FLOOR, KALIPARK, RAJARHAT MAIN ROAD, NORTH 24 PARAGANAS, NORTH 24 PARGANAS, RAJARHAT, West Bengal	India
S2-779765841	wisemae.com	312 HENRY ST, NEW CARLISLE, OH	US
S2-368987602	Anand टेक्नोलॉजी लिमिटेड	FLAT NO. 409/D-41, VIRAT CHS LIMITED, GOKULDHAM GENERAL AK VAIDYA MARG, GOREGAON(E), MUMBAI, Maharashtra	India
S2-860888603	Farmer, Hintz & Mccoy Bio	10 BRESLIN TRL, DURHAM, NC	US
S2-817794500	Tri-State Services	1486 Aversboro Rd, GARNER, NC	US
S2-220515600	Favourite (India) Three Overseas	UNIT NO.25, VORA INDUATRIAL ESTATE NO.2 NAVGHAR, VASAI EAST, VASAI, Maharashtra	India
S2-537401637	Direct Real Corp.	2357-2361 BETHEL CHURCH RD, HIWASSEE ITY, VA	US
S2-879059196	Patterson, Powell & Vanbuskirk Co.	13622 BEDFORD PLACE, PO BOX 9689, VICTORVILLE, CA	US
S2-259346249	SELECT ALLSTATE DOWNTOWN	3446 DAVISVILLE RD, UPPER MORELAND TOWNSHIP, PA	US
S2-252780295	CHUDYFAYMD.COM	MA, 363 KEMPTON STREET, NEW BEDFORD	US
S2-351077184	Pediatric Specialists Prime Prime (Dentistry)	7913- CHARTWELL LANE, FORT WORTH, TX	US
S2-576092872	Physical Therapy Health	0026 EARL ST, MANCHESTER, CT	US
S2-377841318	Services Square	49 LENIN SARANI 4TH FLOOR, KOLKATA, West Bengal	India
S2-6627417	Pelayo & Sweeney	402 MAIN ST, PMB 7680, BELTON, TX	US
S2-532792802	zionspectral.com	WATERBURY, 115  PINEHURST AVENUE, CT	US
S2-91667310	Abhi Television Pvt Ltd	BLOCK E-964 UNIT-537- 538, ALPHATHUM, PLOT NO. 1, SECTOR 90, NOIDA, Uttar Pradesh	India
S2-443872596	WQS 0YJ METRO  INC.	220 CHESTNUT ST, WATERTOWN, NY	US
S2-584473076	Hofer Institute of Technology Inc	13564 CRESTWICKE COURT, MIDDLEBURY, IN	US
S2-985535737	Dolley & Hamilton	NY, CAMDEN, 41-A ELM STREET	US
S2-15573391	North Industries Pvt Ltd.	F.F. - OFFICE NO-21, SAGAR AVENUE NR. OLD WADAJ BUS STAND, WADAJ, AHMEDABAD, Gujarat	India
S2-866717866	Bureau Of Labor	93 CAROLINA SPRINGS LN, FRANKIN CDP, NC	US
S2-861967168	SE Private Wear Wear Limited	7B, ZAFRULLAH TOWERS, OLD NO. 126 NEW NO. 257 ANGAPPA NAICKAN STREET, PARRYS, CHENNAI, தமிழ்நாடு	India
S2-525331088	Private HL Paradise of Ferozepur Infratech Limited	HN 503  C/OKARNAIL SINGH S/OBHALA SINGH H.NO 141 NR GURUDWARA SAHIB, FIROZPUR, Punjab, VPO TUMBERBHAN TEHSIL, FEROZEPUR	India
S2-743646566	MARTY QUINN PREMIER  EMPIRE		US
S2-472925626	सनराइज एस्टेट लिमिटेड	FLAT NO. 3, 2ND FLOOR, KRISHNA KRIPA, PLOT NO. 23B, 19TH ROAD, KHAR (WEST), MUMBAI CITY, MUMBAI, Maharashtra	India
S2-355579218	PRIME EQUITY GLOBAL-INC	4646 Carmen St, HOUSTON, TX	US
S2-169717457	Value Electronics Group Service	94 AUGUSTA NATIONAL DR, MAGNOLIA CDP, DE	US
S2-418871521	HISAR-PROPERTY	C/O SANJAY KUMAR, PARIJAT CHOWK, NEAR MOCHI, HISAR, हरियाणा	India
S2-184792416	ANIMAL WELFAE ASSOCIATION [LLC]	PARK AVENUE, WASHINGTON, UT	US
S2-968467653	CHO PRÉFERRED [PRODUCTIONS]	##1724 JEFFERSON STREET, QUINCY, IL	US
S2-398651596	Unified-0ctave Summit	52 Mill Street, HARRINGTON, ME	US
S2-415166705	Mr Ostrich Cosutcins LLP		India
S2-64983606	CASCADE	5795 LAKE SARAH HEIGHTS DR, NULL, INDEPENDENCE, MN	US
S2-410213908	Aggy Trujillo Royal  Sab Corp	519-D PINEVILLE ROAD, PO BOX 6484, STATESVILLE, NC	US
S2-944779060	CVA Veg Infratech Pvt Limited	405 A/P NANDANI, NANDANI, Maharashtra	India
S2-151665821	BIG SOFTWARE  PRIVATE	701, 7TH FLOOR, PRATHAMESH TOWER, GORAI ROAD, NEW M. H. B. COLONY, OFF. LINK ROAD, BORIVALI WEST, Maharashtra	India
S2-981681303	Sukhdev Placement LLP	PLOT 132 GROUN FLOOR, SECTOR 19C VASHI, THANE, Maharashtra	India
S2-444713926	Safalya & Brothers Private Limited	201/A, VERTEX VIKAS, SIR M. V. ROAD, ANDHERI (EAST), Maharashtra	India
S2-603915580	ANDERSON FLOATING	866 30TH AVE, SANTA CCRUZ, CA	US
S2-393097697	ERNAKULAM TRAVELS LIMITED	NO 31/1507 , THEKKOTTU HOUSE, BOAT JETTY ROAD, ERNAKULAM, കേരളം	India
S2-816091853	Inc. Wagner Best Properties	MINNEAOLIS, MN, 2401 108TH LANE	US
S2-205502152	Blossoms Developers Private Ltd	C/O BABA BHAGWANT BHAJAN SINGH DAKOHA, JALANDHAR CANTT, ਪੰਜਾਬ	India
S2-540673118	Lassetter Cion-LLC	17319 CR 6, COSHOCOTN, OH	US
S2-580266190	Juana Dittmer (Cornerstone)	LYONS, 26001 1/2 HUDEL ROAD, OR	US
S2-728533442	KOLKATA EFHECTS PRIVATE LIMITED	GARDENIA HOMES, 4-FR, FL-4D, 227/1/A A.J.COBOSE RD, KOLKATA, KOLKATA, পশ্চিমবঙ্গ	India
S2-810421188	Pediatric Dental	85 AZALEA LN, ANDREWS, NC	US
S2-868209012	MARTINEZ HOME-CARE - 6555630204	9023 Cherry Rd, HOYLETON, IL	US
S2-354762779	>> Dbs Services	UINT NO. 109, NAVNIDHI INDUSTRIAL ESTATE ACHARYA DONDE MARG, SEWRI WEST, MUMBAI CITY, Maharashtra	India
S2-414602222	Murray Vision Inc Service	5630 DIAMOND DUST DR, RICHMOND, TX	US
S2-681082924	Maritime Security (India)	27, AJOY NAGAR, 1ST ROAD, KOLKATA, KOLKATA, West Bengal	India
S2-877372842	Regional Mrto PLLC	10 Slack Tide Road, KENNEBNKPORT, ME	US
S2-560903916	ZEPHOVI NÉUROSCIENCES	404 PARADISE LN, GRANITE FALLS, WA	US
S2-85104241	X K Medrano Aospa, LLC	##625 4ND ST, COLUMBIA, MO	US
S2-798750411	123 Wave South LLC	940 WALNUT STREET, KANKAKEE, IL	US
S2-879476336	Johnson and Cheung Care Inc.	#32543 MIDSUMMER DRIVE, FULSHEAR, TX	US
S2-651333446	इंडियन फाउंडेशन प्राइवेट लिमिटेड	PATNA SADAR, Bihar, PATNA, C/O DEEPAK SINGH, NEW SABAJPURA MAIN ROAD	India
S2-245416735	Coastal Association Holdings Commission	418 COLORADO AVENUE, LORAINE, TX	US
S2-111639016	Delhi Services	###20 , 1ST FLOOR, KH. NO.545, EXTENDED LAL DORA, BLK-C, VINDHYASHREE APTTS SANT NAGAR, DELHI, Delhi	India
S2-199107501	morganschuster.com	5 A PEARL ST, RANDOLPH, MA	US
S2-254352460	Hunter Trinity Corporation	2673  Pony Club Lane, CIMARRON HILLS, CO	US
S2-878571295	Pediatric Delta  Associates Metro	PHOENIX, AZ, 2916 BUTLER DR	US
S2-525311657	Quality Devices	280 CAROLTON COE, COLLIERVILLE, TN	US
S2-937857207	Minerva Consultancy Ltd	PLOT 68 6-3-788/A/20, GROUND FLOOR, PLOT NO.125 DURGA NAGAR COLONY, AMEERPET, Telangana	India
S2-507404002	Sri Transworld (Digital)	A - 1, SWETA DUPLEX, RADHA SWAMI ROAD, RANIP, Gujarat	India
S2-147597700	Industries Vrdnl Fresh Ltd	705, ANSAL VIKAS DEEP BUILDING LAXMI NAGAR DISTRICT CENTRE, VIKAS MARG, DELHI, Delhi	India
S2-685037491	Tapia Bright Data	118-120 TOOTS TRAIL, DURHAM CITY, NC	US
S2-377938746	Square Trading Private	24, HEMANTA BASU SARANI, MANGLAM, A- BLOCK, R. NO. 201, KOLKATA, পশ্চিমবঙ্গ	India
S2-470166361	ERRICO VERTICAL  CORPORATION	5015. 234ST LANE, BUCKEYE, AZ	US
S2-211221035	Louis Inc Services	2817 SUMMER STREET, BELLINGHAM, WA	US
S2-539989190	Debera Cerrone Hair Studio	13213 QUIET COVE ROAD, VILLARD, MN	US
S2-925637663	SN Experts	HN 93 146, JUGIPARA ROAD 2ND FLOOR, FLAT NO. - 2B, KOLKTATA, KOLKATA, পশ্চিমবঙ্গ	India
S2-819472936	Delhi Cnndsutlants Private Limited	B-79, 3RD FLOOR, GURUDWARA ROAD, MANDAWALI, FAZALPUR, BEHIND MAYUR PUBLIC SCHOOL, DELHI, Delhi	India
S2-566252219	245 245 Third	##6751 HARDING AVENUE, LINCOLNWOOD CITY, IL	US
S2-393471720	Crowley and Shtlnf Group Co	1831 HIGLHAND ST, SPRINGFIELD, MO, null	US
S2-364700313	Stephens Smart Clmputimg Riverside LLC	56 LAKE PARK DRIVE, PKE ROAD, AL	US
S2-703571182	UTM GRAVITY  INC.		US
S2-995128588	Mr First Enterprise Private	H.NO. 165, BLOCK M SHASTRI NAGAR, NEW DELHI, Delhi	India
S2-321224856	COCHRAN VAY SPARTACUS INC	6608 KEEPSAKE DRIVE, PO BOX 2464, WHITESTOWN, IN	US
S2-303970409	EVC  Semiconductor Associates	12 SUMMER ST, WATERVILLE, ME	US
S2-764570464	Thrust Home Nursing	GAT NO.901, NEAR TOLL NAKA, PUNE SOLAPUR HG.KADAMVAK, HAVELI, Maharashtra	India
S2-49299529	CORONADO CORONADO ORANGE LLC	3423 PARKVIEW DR, PO BOX 4615, ASTABULA, OH	US
S2-272374066	ARIAHALO	NO.1041 2ND FLOOR, BENGALURU, BANGALORE, ಕರ್ನಾಟಕ	India
S2-894383038	Daulton-Investments, Corp Center	##14006 GLENSIDE ROAD, CLEVELAND, OH	US
S2-287343500	ALLIED TIDEAFTER	17 JEFFERSON STREET, TOULON, IL	US
S2-131371078	Fresh Staked Holdings	07 PAULUS STREET, SCHULENBURG, TX	US
S2-306987527	Libra C0nsultants Company		India
S2-986569419	Marquez Toen	2433 23ND STREET, LUBBOCK, TX	US
S2-89519941	Choice Analytics Technologies Inc	16701 REEMS RD, SURPRISE, AZ	US
S2-977074337	Signature Pacific Calamos, Corp	VILLAGE OF KRONENWETTER, WI, ##2570 SUNNY MEADOW DR	US
S2-82822431	લોટસ સોલ્યુશન્સ પ્રાઇવેટ લિમિટેડ	10-A, VARDAN COMPLEX, LAKHODI TALAVADI STADIUM ROAD, NAVRANGPURA, AHMEDABAD, NAVARANGPURA, Gujarat	India
S2-667658651	Western Hospital Animal	E. SAINT LOUUIS, IL, 409 GARDEN STREET	US
S2-970055378	Fresh LLC Gaming - 3702261658	101 A MAPLEWOOD DR, TX, VICTORIA	US
S2-627533796	Elevare Private Brothers & Limited	FLAT NO C-C-20, 5TH FLOOR, KUMAR PRIYADARSHAN, CO. OP HSG SOCIETY, PASHAN ROAD, HAVELI, Maharashtra	India
S2-951738010	Willis Aspen Central	867 Pleasant View Dr, null, PLEASANT VIEW, UT	US
S2-8382760	Wealth Three Private	501/2, SHAPATH COMPLEX-1, OPP. RAJPATH CLUB, AHMADABAD CITY, Gujarat	India
S2-400262516	Primary Care Group of Indianapolis [Llc]	325 Ohio St, INDIAANAPOLIS, IN	US
S2-658315764	QZJ Esports Inc	TOLEDO, PMB 1620, 2034-2038 GREEN VALLEY DR, OH	US
S2-647969760	N0rth Homes  Private Limited	NO 1101, GURGAON, GARHI HARSARU, हरियाणा	India
S2-351050869	APEX CENTER INC.	4 HILLSIDE COURT, ATHENS, NY	US
S2-689399565	BK Power		India
S2-130080163	Urology Mountain Specialists (LP)	13156 HAYES ST, PMB 9557, CROWN POINT, IN	US
S2-803918371	Surgical Haebh LLC	1372 NEIL ARMSTRONG AVENUE, HERNDON, VA	US
S2-115062348	Safe Property Works Partners	434 TARRYTOWN ROAD, GREENBURGH, NY	US
S2-762768612	EBK Kg Private Limited	B-506, 5TH FLOOR, KNOX PLAZA, SURVEY NO.504(17) CTS NO.1406/A/25/1 (A), CHINCHOLI BUNDER, MALAD W, MUMBAI, Maharashtra	India
S2-9513977	Dr GRN DEVELOPERS LIMITED	H. NO. 2-2-1076/12/B, GROUND FLOOR TILAK NAGAR, NEW NALLAKUNTA, HYDERABAD, Telangana	India
S2-709895250	Allen LP Siemer +	324 BROODWAY ST, TATUM, NM	US
S2-408132540	WILSON BNB OF HILLSBORO	2367 COLUMBINE CT, HILLSBORO, OR	US
S2-74032476	DESERT CENTER	#67 MAIN ST, SOUTH GLASTONBURY CDP, CT	US
S2-247691684	Nsr Advisors	PLOT NO 92, VENKATA RAMANA, COLONY, NAGOLE, HAYATHNAGAR, Telangana	India
S2-663156725	6-Point Downtown L.L.C.	3900  JODY CT, BUFALO CDP, NY	US
S2-584538071	Henderson Custom Social LP	312 CASSA LOOP, ISLIP, NY	US
S2-42259831	risolutions.com | www.risolution.com	8502 1/2 Kennedy Drive, NEWPORT NEWS, VA	US
S2-212432874	परफेक्ट बिल्डर्स एलएलपी	10/B, MUMBAI,WEST, Maharashtra	India
S2-444365234	Horizon Wireless Enterprises-Inc.	193 CRYSTAL VIEW DR, CLVELAND, TN	US
S2-362505590	EDUCATION TRADERS PBNIVATE LIMITED	4-7 A NEW EMPIRE IND ESTATERAMKRISHNA MADIR ROAD ANDHERI (E), MUMBAI, Maharashtra	India
S2-180979734	Vision Center | www.visioncen.com		US
S2-388023430	leanncolonfederal.com	9229 106TH WAY, SCOTTSDALE, AZ	US
S2-60561143	Kinesis (edhndia) Infraproperties Ltd	2/113 RAHEJA CREOT, OSHIWARA OFF NEW LINK RD, MUMBAI, महाराष्ट्र	India
S2-177112069	Pvr Brothers Holdings	Delhi, HOUSE NO. 345/7, 3RD FLOOR, BLOCK B LOK VIHAR, DELHI	India
S2-613309154	igmill.com	ROOM NO: IV/B3/465A, THRISSUR, Kerala	India
S2-246461062	Tulsi (India) India	1D-101, AKME HARMONY, AMBALIPURA VILLAGE, BANGALORE, Karnataka	India
S2-539122155	Applied Trading	POLAND, 25 RAYMOND RD, ME	US
S2-674564804	Fancher Sui Lakeside L.L.C.	2128 BEN JORDAN STREET, VICTORIA, TX	US
S2-602057050	Creative Limited-Projects	12THFLOOR, C, 1204, ROYA OASIS, JANKALYAN NAGARMALVANI, NR BILLABONG SCHOOL, MALAD W, MUMBAI, Maharashtra	India
S2-215880214	HVM Services Private Limited	PLOT NO C-390 , KIADB INDUSTRIAL AREA 10 CROSS, 4 TH PHASE, PEENYA INDUSTRIAL, ESTATE, ಕರ್ನಾಟಕ	India
S2-623347108	Pediatric Prfésoin Partners Corp	CENTER TREE DRIVE, TX, PALACIOS	US
S2-821376744	रेड शक्ति डेवलपर्स लिमिटेड	H.NO 16 117 119, DHANGANGA GANGA COLLIDIUM - 1 S NO 614, PUNE CITY, PUNE, Maharashtra	India
S2-918084790	Patrizia Ekstrom Fresh Payments Ínc	212 LAKE FOREST RD, ROGERSSVILLE, TN	US
S2-959831789	లైఫ్ మీడియా టెక్నాలజీస్ ప్రైవేట్ లిమిటెడ్	SRIKAKULAM, NARSANNAPET, SF 304, Andhra Pradesh	India
S2-589056021	Kelly, Kehl & Miller, Inc	582 JOHN CHANEY RD, WV, RIDGELEY	US
S2-990467905	Jackson Holdings Hall	0533 MITCHELL ST, CONWAY, AR	US
S2-158818962	Ak Consultant Private Ltd	PLOT G-987 SH.NO-01 SHIVANI HEIGHTS, SN- 54/15/1/2 KONDHAWA BK, BAHE NGR, PUNE, Maharashtra	India
S2-721842532	worship future private (limited)	456- VARU BUILDINGIST FLOOR N H ROAD, COIMBATIRE, Tamil Nadu	India
S2-316380356	drapertrustednext.com	110 SANDY LANE, CONCORD, VT	US
S2-258479450	Hayes Federal 8urtech	02922 10ND SAINT, WASHINGTON, DC	US
S2-73700395	శివ ఆనంద్ ఇంపెక్స్ ప్రైవేట్ లిమిటెడ్	H. NO 18-322, RANGAREDDY, HYDERABAD, Andhra Pradesh	India
S2-189996457	Martin Lgto	LIBERTY AVENUE, ALLIANCE, OH	US
S2-82256501	Foot & Ankle Center Clinic	2481 TIMBER RIDGE DR, PORT BYRON, IL	US
S2-700795294	Boaz Secure Banking Partners	SNOHOMISH, WA, 002323 BAIRD AVE	US
S2-321559511	Primary Care Medicine of Saint Cloud Ltd	394 29 AVENUE, SAINT CLOUD, MN	US
S2-40710653	badynamics.com	1092 WILLIS GAP RD, PATRICK COUNTY, VA	US
S2-680061685	Siva Industrial Private Limited	#603  WZ-60-A, GROUND FLOOR CHAUKHANDI EXTN, TILAK NAGAR, दिल्ली	India
S2-811469342	TERHAAR AND BRADLEY	IL, STERLING, 1704 AVENUE L	US
S2-73444334	EILEEN BUSTAMANTE ENTERPRISE	VALLEJO, CA, 7603 TIDEWATER DRIVE	US
S2-189565784	Trudie Vera National	8 WHITE ST, DUXBURY, MA	US
S2-744390458	Public Rajasthan Ventures Limited	91 RATNANJALI SOLITAIRE NEAR MIRCH MASALA, PRERNATIRTH DERASAR ROAD, AHMEDABAD, AHMADABAD CITY, Gujarat	India
S2-944704520	ശ്രീ ഇന്റർനാഷണൽ ഫുഡ്സ് പ്രൈവറ്റ് ലിമിറ്റഡ്	TC G-49/638(1), MRWA-40 MANACAUD P.O, TRIVANDRUM, THIRUVANANTHAPURAM, കേരളം	India
S2-362804159	viratallied.com	SIXTH FLOOR - ##610, LILAMANI CORPORATE HEIGHTS, NEAR BRTS BUS STOP, VADAJ, AHMEDABAD, Gujarat	India
S2-4284069	RFR SERVICES (LIMITED)	36, NAR VIHAR, BLOCK B, NOIDA SECTOR 34, NOIDA, उत्तर प्रदेश	India
S2-915670819	Roex Research LLC	7726 13, URBANA, NY	US
S2-567483379	Darcie Robncson Peak Seafood, Inc	6. BURCH ST, PETERSBURG, VA	US
S2-160071093	Preferred Business [Systems]	23355 FLORINA COUT, LOUDOUN COUNTY, VA	US
S2-208035220	Internet  Vision Private Limited	PLOT NO. 109, NEAR POST OFFICE BAPUJI NAGAR, BHUBANESWAR, Odisha	India
S2-518550615	NEXT MARKET LLP	H.NO.5/1321/5-7, DORASANIPALLE ROAD, PRODDATUR, null, ఆంధ్రప్రదేశ్	India
S2-640404176	THE EYE PRIME CARE LLC	##8768 STORY DRIVE, CAMBY, IN	US
S2-14940087	ஆதித்யா இன்வெஸ்ட்மெண்ட்ஸ் பிரைவேட் லிமிடெட்	G-566/1A/2A, IRUNKATTUKOTTA, KATRAMBAKKAM, SRIPERUMBUDUR, KANCHIPURAM, தமிழ்நாடு	India
S2-555556845	Upper  Sterling Tge Inc	TOLEDO, OH, 1635 VANCE STREET	US
S2-264172545	THE DENT YOGA  CENTER	303 LINCOLN ST, ABINGTON, MA	US
S2-812324624	OPTIMAL MEDIA INTERNATIONAL	333 TED MACK DRIVE, WHITE SULPHUR SPRINGS CITY, WV	US
S2-195798450	Aditya Maa Ltd 5ervices	HOUSE NO.110 STREET NO. 9 KARKARDOOMA, DELHI, Delhi	India
S2-173884657	Oncology LLC	1533 COLONIAL DR, WOODBRIDGE, VA	US
S2-77052170	Jimenez Legacy Oak	001270 WATERSIDE DR, LANEXA, VA	US
S2-211229217	Cyndia Saslalzhr, O.D., PC	5086 VBL ESTATES, GREENCASTLE, IN	US
S2-302103700	Kanya Cement Public Limited	TC 6/864 (3) VARA 119A, ARRAPURA ROAD VATTIYORKAV, THIRUVANANTHAPURAM, THIRUVANANTHAPURAM, Keralam	India
S2-486434029	Surya Services Private Ltd		India
S2-788964893	NARAYAN DABHOLKAR ROAD-SERVICES PRIVATE LIMITED	null, #81 ARYAVARTA, 351, NARAYAN DABHOLKAR ROAD, Maharashtra	India
S2-997413253	Camp Hill Borough	2004 HARVARD AVENUE, PA, CAMP HILL BOROUGH	US
S2-577321507	Allied Bay Aimei Inc.	##5656 JEFFERSON AVENUE, MAPLE HEIGHTS, OH	US
S2-828132065	American Guild  Inc	1376 WOOD ST, DUBUQUE, IA	US
S2-53917215	Corner Bakery! Center	315 534, AL, SMITHS STATION, N/A	US
S2-264893864	SMITH MEDICAL CENTER	108 BRAHMER ROAD, NEW VINEYARD, ME	US
S2-842292891	RAM INDUSTRIES MOTORS PRIVATE LTD	B-XX-547, OPP. SABJI MARKET GHUMAR MANDI, CIVL LINES, LUDHIANA, Punjab	India
S2-327751903	frontierveterinaryclinic.com - 5819468405	525 MNSS TREE DR, WILMINGTON, NC	US
S2-472155730	Twisted Hypnósis Partners	7418-C WALLACH ST, null, AUSTIN, TX	US
S2-157495333	Richardson's-Celatning	4831 14, MILLBROOK, AL	US
S2-732278420	Upper Optimal Csttodh Partners	CO, 6758 COLUMBINE ROAD, EVERGREEN	US
S2-789730071	The Gaor  Inc		US
S2-196833874	cisrael.com	001078 LUTHERAN CHURCH RD, COPPERAS COVE, TX	US
S2-796335633	Greenline (India) Engineerings L.L.P.	27-, FOURTH FLOOR, 4 D SQUARE, OPP I.T.I. ENGINEERING COLLEGE, NR. D-MART, MOTERA, AHMEDABAD, Gujarat	India
S2-266632386	LELAND W. AMICK, D.C.	11020C 39ND AVE, MINNEAPOLIS, MN	US
S2-338677162	[Inc] Smith Orange	3791 AABIAN CT, COLUMBUS, OH	US
S2-212701387	Solutions Msa Private Properties Limited	#102 POONAMS 23 NEW INDIA SOCN S ROAD NO-11 J V P D VILE PARLE (E), MUMBAI, Maharashtra	India
S2-948225940	Vision Associates	292 Left Hand Ditch Rd, ARAPAHOE, WY	US
S2-739341214	Dermatology Health of	ALEXANDRIA CITY, 210-212 PAYNE ST, VA	US
S2-518954247	Jensen Figx	9610 CHNAELKA LANE, CHESTERFIELD COUNTY, VA	US
S2-617481959	DESERVE AGRO PRIVATE	H.NO 327 BUILDING NO. 71 OFFICE NO-10 SECOND FLOOR NAVYUG MARKET, GHAZIABAD, Uttar Pradesh	India
S2-875084843	Rathore Drugs-Private Limited	PREM TELECOM, GHAT KI GUNI NAYAKO KA TILA, ARGA ROAD, JAIPUR, Rajasthan	India
S2-150460743	... Anita Madsen Group Services	20 1/2 CENTRAL ST, SOUTHBOROUGH, MA	US
S2-45006699	ഇന്നൊവേറ്റീവ് ഇൻവെസ്റ്റ്മെന്റ്സ്	T.C.18/1506/1/8, THIRUVANANTHAPURAM, TRIVANDRUM, Kerala	India
S2-260357546	VISHAL POLYTECHNIC COMPANY	1, RIVER VIEW ENCLAVE, TEESTA STREET, 3RD MAIN RD, SRIPERUMBUDUR, Tamil Nadu	India
S2-88126363	આલ્ફા ગેલેક્સી એનર્જી પ્રાઇવેટ લિમિટેડ	OFFICE NO.225., SURAT, ગુજરાત	India
S2-605166362	Family Partngiers LLC | www.familypar.c0m		US
S2-21493091	Slate  L.L.C.	24 TURNING MILL ROAD, LEXINGTON, MA	US
S2-852252181	Eye Heartland Medicine LLC	1215 Second Avenue, IL, AURORA	US
S2-342293989	Hatter's  Center	2800 POMPEII PLACE, N/A, WAKE FOREST, NC	US
S2-891282449	Morris and Sharma Corporation	1050  NINTH ST, SAN BERNARDINO, CA	US
S2-967452334	Enis Inc Center	OK, 3100 WHITE CEDAR DR, OKLAHOMA CITY	US
S2-484260687	Keystone Latin Latin Llc	1387 BLOOMFIELD ROAD, HONEOYE FALLS, NY	US
S2-674149208	Veia Piedmont Etf, L.L.C.	1142 1100, CLEARFIELD, UT	US
S2-505690820	Cardiology Group Silver	7960 184TH AVE, BEAVERTON, OR	US
S2-411893054	BODYNDYNE-GLOBAL	518  EIGHTH ST, MIDLOTHIAN, TX	US
S2-458703358	DUDASH CARIN PUBLISHING LLC	13652 ARAGON WAY, LOUISVILLE, KY	US
S2-52287088	जय कंसल्टिंग इंडस्ट्रीज प्राइवेट लिमिटेड	G #38 3ND PHASE, INDUSTRIAL AREA, PALI, राजस्थान	India
S2-621974642	Stewart & Dnna Bny Inc.	2429 62ND STREET, WA, SEATTL CITY	US
S2-303623888	Calkins Investments  Holdings	HOT SPRINGS VILLAGE, 19 FRAGA LANE, AR	US
S2-961363326	Diis Bright Acndlurn Inc.	717 1/2 Dequincy Street, INDIANAPOLIS, IN	US
S2-951015676	united cell lp	768 HCLLTOWN ROAD, CARROLL COUNTY, VA	US
S2-556804291	DESERT INVESTMENTS HARBOR LP	1556 KUEHNER DR, SIMI VALLEY, CA	US
S2-873460742	(LLC) Anvil Edison	22055 MAIN STREET, HYDEN, KY	US
S2-856957857	Ocoolgy Gróup	1533 COLONIAL DRIVE, PRINCE WILLIAM COUNTY, VA	US
S2-281445867	अल गुरु कंसल्टेंट्स मेडिकल्स प्राइवेट लिमिटेड	GALA NO. 9, S NO 39/2, NR. GAS GODOWN, SECTOR 2, VASAI, Maharashtra	India
S2-533128851	Internal Medicine Health of Pearland [Services]	PINEY WOODS DRIVE, PEARLAND, TX	US
S2-660864181	C0OPERATIVE SECURITY PRODUCTS	6022 WILLOWBEND BLVD, HOUSTON, TX	US
S2-649530613	Red Solutions Pvt Ltd.		India
S2-839640117	Bba Industry Overseas Private Limited	26/13 , SHAKTI NAGAR, null, Delhi	India
S2-831772790	Southern Center	SHOP NO. 101/102 FF, SR NO. 4311, 4312 SHOBHA CHAMBERS, ZAVERIWAD, AHMEDABAD, Gujarat	India
S2-974500407	kolkatanidhi.com	NO 037B CHAKRABERIA RD(N), KOLKATA, পশ্চিমবঙ্গ	India
S2-56969401	COOLTECH ENTERPRISES TIMBER PVT LTD	NO 16 AIC SKU CONFEDERATION SRI, KRISHNADEVARAYAUNIVERSITY, ANANTAPUR, Andhra Pradesh	India
S2-746483442	WALNUT RIDGE VERAAVI ANCHOR ASSOCIATION	502  POPLAR ST, WALNUT RIDDGE, AR	US
S2-572506212	*** Kolkata Real Private Limited	P-6-16, KOLKATTA, KOLKATA, West Bengal	India
S2-180876391	Private AH Agro Ltd	HN 109/7 SITE NO. 4, COIMBATORE, Tamil Nadu	India
S2-490821141	Bingham, Lyons Villa, Inc (Center)	49 TANKEGOOSEN RD, PO BOX 6342, VERNON, CT	US
S2-53623444	VISION GULF PHYSICIANS NORTHSIDE	628 LAKE VIEW DR, WOODBURY, MN	US
S2-932603757	YWH Convertible	6220 HARVEST ST, SPRINGFIELD, OH	US
S2-454672066	AVIONYXVERA	3142 2600, <NULL>, MILLCREEK, UT	US
S2-99974688	curebarbershopcom	1456 SAN PEDRO ROAD, GOLDEN VALLEY, AZ	US
S2-885871616	PATTY'S PINNACLE	1510 MOHR RD, EVANSVILLE, IN	US
S2-202691313	Nampally Technologies Private Ltd	DRNO:6-3-563/K 6-3-584/31, TIRUMALA PRESTIGE APT, NAMPALLY, Telangana	India
S2-347204182	Beaver, Lbeaz and Smith Inc	0208 CHICKERING DR, SAINT LOUIS, MO	US
S2-905480938	Mendez's Deli	158 320, NORWICH, NY	US
S2-834196655	TRI-STATE PYRÓPHYTE GROUP	404-406 HOLLY CT, DELMAR, DE	US
S2-755569252	Arts Asscmoitftion LLC	5005-B EMERALD LANE, PMB 5069, SPOKANE, WA	US
S2-666518467	Campos's Gulf Security Servdices	10127 PLUM CREEK LANE, PINEVILLE, NC	US
S2-536050911	Gabriell Rodcgcfz Esports	97. HAYDENS WAY, CALERA, OK	US
S2-670060672	BETH ZION	605 CATRER SELLS ROAD, JHNSON CITY, TN	US
S2-795167029	-- Phi1beck Dime	249 CLEAR LAKE CITY BOULEVARD, WEBSTER, TX	US
S2-647984070	quality & sons pvt pvt ltd	ROOM NO 6-06 WARD NO 18 CHANDRADEEP COMPLEX OF DAK BUNGLOW ROAD BANDERBAGICHA, PATNA, Bihar	India
S2-653279632	Wells Advisors	233-D BOB DAVIS ROAD, TX, GLADEWATER	US
S2-918260672	@ Fit 7 It Lakeside Inc	2116-2120 WEST KENTUCKY SAINT, LOUISVILLE, KY	US
S2-119475598	Family Center LLC Foundation	BIRMINGHAM, 916 PIPER AVENUE, AL	US
S2-386614153	Real Global Public Limited	NO 9, 5TH CROSS, 27TH MAIN VGS LAYOUT, EJIPURA, BANGALORE, Karnataka	India
S2-525417706	Flatt Capital Partners	#1 CROMWELL COURT, STAFFORD CITY, VA	US
S2-477055800	C & R		US
S2-277274135	INTERSTATE AIMEI INC.	214 LONESOME OAK TRAIL, FORT WAYNNE TOWNSHIP, IN	US
S2-303278096	Karlene Oates Reliable Seneca  (LLC)	WV, 206 LONG STREET, PARSONS	US
S2-91905639	Bibbye-Walker, DMD	05 OAK STREET, RED OAK TOWNSHIP, IA	US
S2-317481128	Eileen Bustamante Enterprise [LLC]	TIDEWATER DRIVE, VALLEJO, CA	US
S2-631015599	preferred ubs	2201 LEFEVRE RD, STERLING CITY, IL	US
S2-994491779	Limited Span Measaia	D- 298, C-4 , JANAK PURI, NEW DELHI, Delhi	India
S2-710065729	Raw Equipment Pvt. Ltd. Center	HANUMAN GHAT, OUTSIDE CHANDPOL, ON PICHOLA LAKE, Rajasthan	India
S2-623089040	Bridge Polytechnic	7-SHARDUL APPARTMENTS, 3-HARIHAR SOCIETY, NEAR DAXINI SOCIETY, MANINAGAR, AHMEDABAD, AHMADABAD CITY, Gujarat	India
S2-126303582	#EGGERSSECURE	31 OLD PLANTERS ROAD, BEVERLY, MA	US
S2-757895372	East Credit-(India) Public	MOHALLA CIVIL LINES RAILWAY ROAD, BIJNOR, BIJNOR, Uttar Pradesh	India
S2-863395187	సాయి పవర్ ప్రైవేట్ లిమిటెడ్	P NO. 68, SAMATHA NAGAR, HMT HILLS, KUKATPALLY, RANNGAREDDY, HYDERABAD, Telangana	India
S2-352723904	care skin rodriguez	4515 BROADLEAF DR, LOUISVILLE, KY	US
S2-779253265	સૂર્ય સાઈ મીડિયા પ્રાઇવેટ લિમિટેડ	10, MANI NAGAR MAVADI PLOT MAIN ROAD, RAJKOT, Gujarat	India
S2-551351952	Mountain lnstitute	1695 Domain Loop, RIO RANCHO, NM	US
S2-391979492	तिरुपति पावर प्राइवेट लिमिटेड	EAST DELHI, Delhi, EAST DELHI, NO 024-A GRD FLOORPOCKETA-2, KONDLI GHAROLI APARTMENT	India
S2-359478819	Schwartz and Cathey Biotech	1031 FORD STREET, LAPEL, IN	US
S2-605458161	prairie auto inc	AL, BALDWIN COUNTY, 1655 BRIGADOON TRL	US
S2-194807251	ks churchill llc		US
S2-926164954	The Golden Seafood-LLC	40TH AVENUE, NORTH LYNNWOOD, WA	US
S2-929501436	Ace Services Exports Private Ltd	D/34 VELAVA NNAGAR, KOLATHUR, CHENNAI, Tamil Nadu	India
S2-264235719	ZEB Finance Limited Services	DOOR NO 583  402, SUNNY PARADISE, 4TH FLOOR NEAR KAMAL & CO., TONK ROAD, JAIPUR, Rajasthan	India
S2-258555302	Vijay Construction	Gujarat, PLOT 439 308, KOHINOOR COMPLEX, RAVAPAR CANAL ROAD CHOWK, MORBI	India
S2-586626603	Primary Care Inc. Center	BUFFALO STREET, STATEN ISLAND, NY	US
S2-972126428	Group Bureau Aging of	265-267 MILLER ROAD, MABTON, WA	US
S2-289506056	Kelley ánd Braddock Inc	1345 NAVAJO LANE, FLORISSANT, MO	US
S2-59602183	& Harvey Gibbons Duke Care	86 1ST AVE, RANBURNE, AL	US
S2-21232732	KYRA INNOVATIONS PRIVATE [(LIMITED)]	SB-38, NAND MARG, SUBHASH NAGAR NEAR T. B. HOSPITAL, राजस्थान	India
S2-762857720	ಮಾ ಎಸ್ಟೇಟ್ ಲಿಮಿಟೆಡ್	SY. NO. 263/2/3, N/A, BANGALORE URBAN, BANGALORE, Karnataka	India
S2-116464775	Vanguard Platinum Kkr  Inc.	5224- COPELAND DR, HERRIMAN, UT	US
S2-765153223	Lucky Dfi Ltd	8575 OLD TOWNE PATH, CICERO, NY	US
S2-697933702	Ear Nose & Throat Frontier Care Associates Corporation Corporation	65 RIVERSIDE STREET, LOWELL, MA	US
S2-537622018	Reed Montessori School,		US
S2-105742122	New Delhi Fabricators Partners	H-4224/4 GROUND FLOOR, ANSARI ROAD DARIYAGANJ, NEW DELHI, Delhi	India
S2-445119488	HODGE PROVIDENCE OF ARNON LLC	TX, DREW CT, ARLINGTON	US
S2-352987017	Capital Rosario Harbor	1587 MURPHY LANE, MOAB, UT	US
S2-680640471	Rocky Dynamic  Smith Inc	7025 PINE WAY, MILLTOWN, IN	US
S2-822765331	Larue  Hise	1411-1415 DAVID COURT, ROCK HILL, SC	US
S2-278611928	SEYLER  DEVELOPMENT		US
S2-883274756	LHG [SGCBRCVES]	SH NO. 4 BLK L 93A, SECTOR-11, NOIDA, GAUTAM BUDDHA NAGAR, Uttar Pradesh	India
S2-217838557	Mcgrath Keystone Rain  LLC	7407 WALLINGFORD WAY, ROCKFORD, IL	US
S2-70134746	Atlantic Health	NC, 7929 HARBOUR RIDGE CT, DENVER	US
S2-311243243	REGIONAL ENGINEERING	2141 HALSEY ST, FAIRVIEW, OR	US
S2-784328059	Vega Highland Manulife	1015 OMNI DR, SALT LAKE CITY, UT	US
S2-642700124	পারফেক্ট কেয়ার প্রাইভেট লিমিটেড	GROUND FLOOR, FLAT NO. GC, 124, BENI MASTER LANE, KOLKATA, HOWRAH, West Bengal	India
S2-582320887	सूर्य इंफ्रा प्राइवेट लिमिटेड	9/97, GALLA MANDI, TAJGANJ AGRA, AGRA, उत्तर प्रदेश	India
S2-838435275	Mullins Hoarbmro  Wilco Inc	3570 CECELIA LN, YUMA, AZ	US
S2-434302496	UNIFIED CAPITAL CÓHEN CORP	36 Chambers St, MATHEWS COUNTY, VA	US
S2-948554580	SURGICAL STRATEGIC CLINIC HOLDINGS	MT, LEWISTOWN, 697 191	US
S2-742515369	Express Wholesale Enterprises	PELHAM RD, PMB 8150, ANNISTON, AL	US
S2-686933834	ENVlRONMENTAL ENVIRONMENTAL SOCIETY-IV	315 CAMP GAMBILL DRIRE, SUMNER, TX	US
S2-225401030	creative modern charter	963  86ST AVE, DULTH, MN	US
S2-979493598	BOWLING PATTANA	93 HIGH ST, BRIDGEWATER, MA	US
S2-165232913	North Crystal Rare Clinic Corporation	719 WESTGATE AVENUE, SAINT LOUIS, MO	US
S2-192431618	Adams Supreme Annuities	903 CANNONS LN, LOUISVILLE, KY	US
S2-961472619	Red Díner	##10740 HOLLY STREET, HILLSBORO, OR	US
S2-255081082	Office  of Veterans Affairs	16  BRANDYWINE DR, FAIRMONT, WV	US
S2-703944959	Zetanex Interests	606 FRONT ST, PEKIN, IL	US
S2-966784607	Kaplan, Plummer & Em	##8636 ARDMORE ROAD, HYATTSVILLE, MD	US
S2-455281555	சுப்ரீம் சாஃப்ட்வேர் பிரைவேட் லிமிடெட்	CHENNAI, Tamil Nadu, LEVEL 8 PRESTIGE PALLADIUM BAYAN, CHENNAI, NO 129 TO 140 GREAMS ROAD	India
S2-503172438	Mohta &	IRISJASMINE-D11-3, VATIKA CITY, SECTOR 49, GURGAON, NULL, Haryana	India
S2-452731630	जय हेल्थकेयर प्राइवेट लिमिटेड	ROHIT MEHRA B - C-2/32C, NEW DELHI, LAWRENCE ROAD, दिल्ली	India
S2-660432026	PIPEFITTERS-UNION LOCAL NO 724	6 BICKNELL ST, KITTERY, ME	US
S2-758745257	CENTRAL INTELLIGENCE GROUP UNION	ORANGETOWN, NY, 61 CEDAR STREET	US
S2-34357118	SECURE TELECOM INC.		US
S2-856990334	गैलेक्सी ब्राइट हॉस्पिटैलिटी प्राइवेट लिमिटेड	HERA PLAZA, FIRST FLOOR, SECTOR-8, VIKAS NAGAR LUCKN, OW, LUCKNOW, उत्तर प्रदेश, DOOR NO 2	India
S2-569053927	Pediatric Dental	LAVERGNE, TN, 189 DEER DRIVE	US
S2-672236392	Nolasco's Spa	OMAHA, 36TH ST, NE	US
S2-247314303	Odelinda's Salon (Co)	9625 DIOXN CT, CEDAR LAKE CITY, IN	US
S2-509463815	Highland Alliance Inc. Authority	CHIPPER DRIVE, EDGEWOOD, MD	US
S2-537357054	Shri Rang0li Lemon Limited Private	741, VYAS SADAN, SEWA SADAN CHOWK, OPP. HOTEL SATKAR, CENTRAL AVENUE, HANSAPURI, NAGPUR, Maharashtra	India
S2-967741710	Miraavi	ALBUQUEERQUE, NM, 00801 PALOMAS DR	US
S2-290673318	Caldwell Signs Ltd	00534 BENHAM STREET, HAMDEN, CT	US
S2-595844832	Beacon Dimdnosic Worldwide (Center)	Shag Bark Trl, SOMERVILLE, AL	US
S2-952769431	பிக் குளோபல் டிரேடிங் பிரைவேட் லிமிடெட்	NOM15 D, ANUGIRAGHA COLONY, 3RD AVENUE, CHENNAI, CHENNAI CITY CORPORATION, Tamil Nadu	India
S2-326475048	Petersen Games Greater L.L.C.	002636 IVY PLACE, PARKVILLE, MD	US
S2-497683641	COASTAL PAINTING LLC	2601 MIDWAY BRANCH DR, ODENTON, MD	US
S2-565388440	PH  Promoters	H.NO 151 , OIL MILL ROAD, OM SRI SAI GURU KRUPA, KFSC LAYOUT, LOKESH TENT ROAD, BANGALORE, ಕರ್ನಾಟಕ	India
S2-807249933	Aries Meoiiril Trust Corp	DOOR NO C-5 APPA REDDY PALYA, INDIRANAGAR, BANGALORE NORTH, Karnataka	India
S2-865110327	রয়্যাল ফুড প্রাইভেট লিমিটেড	HALL NO-1, BARSUNDRA, ISWARDAHA JALPAI BHABANIPUR, HALDIA, MIDNAPORE, পশ্চিমবঙ্গ	India
S2-675273527	Linen Iternatinola School LLP	H NO-A-4&14 F/F, VEER SAVARAKAR BLOCK, SHAKARPUR, NEW DELHI, Delhi	India
S2-980549363	ಗ್ಲೋಬಲ್ ಫುಡ್ ಪ್ರೈವೇಟ್ ಲಿಮಿಟೆಡ್	SUYASH OPP. DISTRICT COURT JALANAGAR JAMAKHANDI CROSS ROAD, BIJAPUR, Karnataka	India
S2-203887606	nationa1 retail partners	412 MICHAUX CREEK PL, CHESTERFIELD COUNTY, VA	US
S2-569157031	Value Nano LLC	6220 RIVERSIDE BLVD, SACRAMENTO, CA	US
S2-114282129	Gonzales Globa Globa Aurora LLC	935- MONETA AVENUE, AURORA, OH	US
S2-296663537	DOIT POLYTEX  (INDIA) PVT.	PLOT NO.0114 , AGRO FOOD PARK BORANADA, Rajasthan	India
S2-600291733	Tava [Industries]	TX, WILLS POINT, 3102 3504	US
S2-388371694	ਬਿਗ ਆਈਟੀ ਪ੍ਰਾਈਵੇਟ ਲਿਮਟਿਡ	GULABGARH-BEHRA ROAD, Punjab, PO RAMPUR SAINIAN, TEHSIL DERABASSI, VILLAGE BEHRA	India
S2-79410728	Sri Shree Service	61-1, THOTTA SALAI, VAGARAYAM PALAYAM, COIMBATORE, Tamil Nadu	India
S2-908651346	Meor LLC	3107 WALGUT CREEK DRIVE, WILSON, NC	US
S2-821651921	PARTHIV-MOTOR	Maharashtra, A-10, KINGS CORNERCHS, L.J.ROAD, MAHIM	India
S2-16851743	Higley Delta Corp Center	37 WOODCREEK LN, PRYOR, OK	US
S2-762430078	SUNRAY QUALITY PRIVAME LIMITED	MI NO:463 A/P LAUL TAL:MADHA DIST:SOLAPUR, LAUL, महाराष्ट्र	India
S2-745948245	नॉर्थ इम्पेक्स प्रा. लि.	B-30, BASEMENT, MAHARANI BAGH, NEW DELHI, SOUTH DELHI, Delhi	India
S2-944551641	Tolliver and Peterson Lending Ltd	477 650, SALEM, UT	US
S2-948921806	Continental  Cascade	2248-C HUMMINGBIRD ROAD, HUACHUCA CITY, AZ	US
S2-488574828	Whetsell Royal Cross-LLC	204 REDWOOD AVENUE, <NULL>, DOTHAN, AL	US
S2-312261141	Optvue Group	#264 OAKVIEW AVE, FARMINGDALE, NY	US
S2-494012586	Emerald Karnal Private Ltd	H-1/G-4, GARG TOWER NETAJI SUBHASH PLACE, PITAMPURA, NEW DELHI, Delhi	India
S2-134809168	Montola Silver  Inc	1804 WILLIAMS PL, STEUBENVILLE, OH	US
S2-37915948	Pvt Aster Institute Ltd	66/2, 33RD CROSS, 7TH MAIN, 4TH BLOCK JAYANAGAR, BENGALURU, BANGALORE, Karnataka	India
S2-835094137	#siegelsgulf	3930 TIOGA STREET, DALLAS, TX	US
S2-925668631	Urology Care  Asocinets	2279 JOHNSARBOR DRIVE, ROCHESTER, NY	US
S2-167070598	Corso Enterprises Inc.	5901-5903 RAMSEUR CIR, FREDERICK, MD	US
S2-452120619	Delta Center	1519A WOODY RD, PEARLAND, TX	US
S2-588262546	#troxelspdr	73rd Street, IL, STICKNEY TWP	US
S2-935824130	All  Freight	36949 SHOREHAM DR, EASTLAKE, OH	US
S2-686038791	Dr Power Intelligence Pvt [Ltd]	H.NO 403 , 4TH FLOOR, SHIV GANGA PARK, KALYAN, महाराष्ट्र	India
S2-59326140	A Trusred Canada LLC	null, 195. RODEO RD, AZ, CASA GRANDE	US
S2-717699463	Children's Lgnue Group	7 R OLD BASS RIVER ROAD, DENNIS, MA	US
S2-535963407	M/s INTREND IETNNRATIONAL (INDIA)  LTD	Bihar, VILL-ATWA DURG, TOLA-ATWA DURG, PANCH-CHAINPUR, BLOCK-HATHUA, GOPALGANJ	India
S2-10226180	SILVER PACKAGING PACKAGING CORPORATION	1706 SEVERN RD, SEVERN, MD	US
S2-60761506	JOHNSON AND SSITH (LLC)	3700 Ebenezer Road, BOLIVAR, TN	US
S2-194693602	UNITED FREQUENCY FREQUENCY	727 TAMARINDO ST, MISSION, TX	US
S2-345738029	ROY LTD VENTURES	9, ABDUL KABHARKHAN ROAD, OPP.JAYAM HOSPITAL, MADURAI NORTH, Tamil Nadu	India
S2-622196708	Rabin Holdings  Group LLC		US
S2-8708548	CARPENTERS UNION LOCAL NO 961	3620 1/2 OLD BIRDS CREEK RD, SEVIERVILLE, TN	US
S2-601789983	ROSE DEVELOPERS ((PVT))	A 17, RAJU ENCLAVE DWARKA, KAKROLA, Delhi	India
S2-664329880	बालाजी ग्लोबल प्राइवेट लिमिटेड	H.NO 1467 SADASHIV PETH, PUNE, Maharashtra	India
S2-996267657	सनराइज तिरुपति इम्पेक्स इंडस्ट्रीज प्राइवेट लिमिटेड	PLOT 841 5/159, INDIRA NAGAR, LUCKNOW, उत्तर प्रदेश	India
S2-656444732	THE MARLO WRIGHT CABLE INC		US
S2-698680089	LAXMI FINANCE PRIVATE LIMITED	FLAT NO. 20, GANGA APARTMENT ALAKHNANDA, DELHI, Delhi	India
S2-883340147	Jkm Infra LLP	NO A-25 KRISHNA KUNJ, FL-3A, PANCHAWATI SHYAM BABA COMPLEX, KAIKHALI, KOLKATA, KOLKATA, West Bengal	India
S2-979004077	Malu Realtors Associates	23 WING C KUMAR PRANGAN, S-30 31 PL-AHN-2B 1 1 1, PUNE CITY, महाराष्ट्र	India
S2-849322331	Sky Projects Co | www.skyprojec.com	Tamil Nadu, P.NO. MIG, 3-3584 M M D AMATHUR MANALI POST, CHENNAI 62	India
S2-19055173	Burnett and Ósborne PLLC Services	100 MASSMILL DRIVE, LOWELL, MA	US
S2-188853070	... GR GR BUILDERS LTD	752/3 RAMEE CENTRE, 398/22 NORTH AVENUE, SANTACAUZ (WEST), MUMBAI, Maharashtra	India
S2-445408182	Avivantage	H.NO 929 PARAMATHI ROAD, NAMAKKAL, தமிழ்நாடு	India
S2-769385729	LEGACYLOGISTICSENTERPRISESCOM	1312 O AVENUE, ANACORTES, WA	US
S2-225320077	Bisno Ltd	TX, MESQUITE CITY, 2526-C VIVA DRIVE	US
S2-738018561	Office Of Of Aging	425 MAIN STREET, READING TOWNSHIP, IA	US
S2-999424539	JOHNSON EMPIRE SPORTS	252 TOWYN CT, LOWER GWYNEDD TOWNSHIP, PA	US
S2-276837111	Goyal Welfare Sóciety Exports	C - 6. / 23SAFDARJUNG ENCLAVE DEVELOPMENT AREA, NEW DELHI, Delhi	India
S2-266917492	GRISHAMINVESCOGROUP.COM	0013351 979, BEAVER, KY	US
S2-250406328	C D +  M Skin Care	85 PARK AVENUE, WORCCESTER, MA	US
S2-798920285	Certified Elite Johnson  Co	CLARKSBURG, WV, 205 WINDING WAY	US
S2-227784594	THAKAR  SERVICES	DOOR NO 60 F-22/667, IIND FLOOR GANESH NAGAR -II, SHAKARPUR, NEW DELHI, Delhi	India
S2-569300235	Canter Ashford	2104 BLUFF AVE, OWENSBORO, KY	US
S2-316849021	Beacon Clough,  LLC	3409-3413 CHIHUAHUA STREET, <NULL>, DALLAS, TX	US
S2-156915092	SERVICES COMPLETE LABORATORIES INC	TOLEDO, 1154 FOUR SEASONS DR, OH	US
S2-838903810	CAMEL JEHHL NEXPOINT	0583 COUNTY ROAD 152, OTTO, TX	US
S2-955041610	FRESH HEALTH	TX, ROCKWALL, 3726 SELBORNE DR	US
S2-475095284	BRK GARMENTS CENTER	F NO.10, VARSHANAGAR 229/3, NR. HARIHARESHWAR MANDIR, PUNE CITY, महाराष्ट्र	India
S2-229625592	Stephenson [Global]	9922-9924 OLD STAGE ROAD, WAYNE TWP, OH	US
S2-957534302	ib industries	BATALA ROADPO KHANNA NAGAR AMRITSAR, PUNJAB, Punjab	India
S2-105405102	779 Moutain View Plaza Properties Inc	OH, 1377 HACKWORTH STREET, COLUMBUS	US
S2-183630001	Sierra (India) Properties Limited #5439	GOKUL, VISHRAMBAG, SANGLI, Maharashtra	India
S2-996953199	Rogge, Rodriguez & Fortnr PC	728 CARDINAL STREET, SECURITY-WIDEFIELD, CO	US
S2-249398091	LLC Vantent Inidonesia	1529 CLUB ROAD, PO BOX 3216, BLAIRSVILLE, IL	US
S2-661564098	Juliann Rckmll Chadwick (LLC)	1205 SPAULDING AVE, IL, CHICAGO	US
S2-875244501	Hyderabad Comumcatn Pvt Ltd	H.NO.6-65/1/17/1 , LAXMINAGAR DAMMAIGUDA, HYDERABAD, Telangana	India
S2-741389986	-- Jordan Frontier	2852 DUVALL LANE, COLUMBUS, OH	US
S2-776150985	FG Images Private  Limited	Uttar Pradesh, C/O DEVENDRA BAHADUR, NANAGLA TURKIYA, SHIKOHABAD	India
S2-337206854	National  Engineering Services	#25 HARBOR PARK, WILSON, NY	US
S2-657077964	Clark's Ápparel	25815 SOMERSET MEADOWS CT, KATY, TX	US
S2-565785944	Stanch Gems Pvt Ltd.	KHASRA NO. 711/712. SURAJ BHAWAN FARM HOUSE, CHATTARPUR, NEW DELHI, Delhi	India
S2-281194575	Custom Bay Wintergreen (LLC)	8402 950, AMBOY, IN	US
S2-435703405	Continental Merger Partners	24B SCHOOL HOUSE RD, CORRALES, NM	US
S2-194741763	Lyreon Sterling Ínc.	#560 BOYERO AVE, PUEBLO WEST, CO	US
S2-91114737	Talluri Sangh Co	BLOCK E-409  LABH ENGINEERING WORKS AT BUTAL, POST DHANSURA, DHANSURA, Gujarat	India
S2-2400848	High1and Montessori Schóol	##2902 18TH STREET, ROGERS, AR	US
S2-949724056	ब्राइट टेक प्राइवेट लिमिटेड	S.C.O 191, 3RD FLOOR, HUDA GROUND, JIND, Haryana	India
S2-903087915	Cardinal Corporation	ANTHONY, 467 MARQUEZ ROAD, NM	US
S2-166266175	Clean India Limited Service	H.NO 998 F3, 1ST FLOOR, SHIV COMPLEX, VILLAGE VALLABH VIDHYANAGAR(M), TALUKA ANAND, DIST. ANAND, ANAND, ગુજરાત	India
S2-153943935	Nellie Scialoler Scientific	AUSTNI, 12732 1/2 CENTRAL PARK, TX	US
S2-883484447	Dermatology Medicine L.L.C.	1051 VAN BUREN AVE, INDIAN TRAIL, NC	US
S2-707110331	Shri Medallion Automation	SCF 88 FIRST FLOORSWASTIK VIHAR, PANCHKULA HARYANA, हरियाणा	India
S2-270499677	DEPARTMENT OF LABOR	3922 162TH LN, GOODYEAR, AZ	US
S2-840923095	Narayani Media (Private)	F-431, SECTOR VIII, NOIDA, Uttar Pradesh	India
S2-848088824	ASSET BUILDIN6 FEDERATION LLC	10543 ROYAL OAKS DRIVE, HOUSTON, TX	US
S2-687318916	Ectohalovio	65RD ST, CLEVELAND CITY, OH	US
S2-611572594	హరి ట్రేడింగ్ లిమిటెడ్	H. NO. 6-107, EAST GODAVARI, GUNTUR, ఆంధ్రప్రదేశ్	India
S2-522649427	Crystal Ace Wealth	CONCORD DRIVE, PERRYVILLE, MD	US
S2-710854468	cespedesdiversified.com	510 PINE CIR, PO BOX 2862, ROCKWELL, NC	US
S2-24411036	stamperonealnasdaq.com	4517D AMHERST AVE, DALLAS, TX	US
S2-974941656	GXM Sahakar Private	#947 , VILLAGE PICHOLIYA TEHSIL PISANGAN, AJMER, राजस्थान	India
S2-829761460	Gregory's Índustries Índustries Corp	363 STAR RANCH BOULEVARD, HUTTO, TX	US
S2-956462686	ANGELA N. DAS,  DDS LLC	OCEAN VIEW, PETTINARO DRIVE, DE	US
S2-871399717	ÁFARMS.COM	412 1/2 JOANNE LN, DEKALB TOWNSHIP, IL	US
S2-643673307	DOLORITAS BAKER METROPOLITAN TRAVEL,		US
S2-2005062	Mayur Vihar Phase-I Clinics [LLP]	F-##5, C.S.C. PANKAJ GRAND PLAZA, MAYUR VIHAR PHASEI, Delhi	India
S2-33513249	ಏಸ್ ಪ್ರೊಡ್ಯೂಸರ್ ಪ್ರೈವೇಟ್ ಲಿಮಿಟೆಡ್	A-2ST FLOOR, <NULL>, BANGALORE, DODDENAKUNDI VILLAGE BANGALORE, Karnataka	India
S2-201778782	South Holding Inc	5341. MAIN STREET, BETHEL SPRINGS, TN	US
S2-904526752	Boiler Com (India) Ltd	SHOP 15 GR FLR, WING-B, GAGAN AVENUE SOC, S.NO. 15/3/1A15/3/3, KONDHWA BUDRUK, PUNE, Maharashtra	India
S2-98528681	Redm0nd  Sony LLC	LISLE, 2999 OLD TAVERN RD, IL	US
S2-14038191	ആനന്ദ് കൺസൾട്ടൻസി പ്രൈവറ്റ് ലിമിറ്റഡ്	435/XVI VALLAMKULAM P O, THIRUVALLA, PATHANAMTHITTA, Keralam	India
S2-63149135	The Urology-Care Associates	2279 JOHNSARBOR DR, BRIGHTON, NY	US
S2-806427117	Ironclad Llc	331 SPRING VALLEY DR, BLOOMINGTON, MN	US
S2-317692948	Arts Project	2012 ASH STREET, COLUMBIA, MO	US
S2-11910314	Reliable Capital Oneim	LEAD MINE RD, RALEIGH, NC	US
S2-28414282	Move Hospital-Ltd	C/O- S/O G RAMA RAO SHIVAM APARTMENT 3RD-FR FL-305 NORTH BUXARAH GOVT, HOWRAH, West Bengal	India
S2-220802157	Latectech LLC Valley	710 DANA RIDGE WAY, LUISVILLE, KY	US
S2-238789447	Swastik Trading Company		India
S2-859547169	VIOQUO GUILD LTD	2522 BRETTON WOODS DR, COLUMBUS, OH	US
S2-924412925	Shrinidhi	F, NO-810 & 811, 8TH FLOOR, MANJEERATRINITYCORPORATE, TIRUMALAGIRI, Andhra Pradesh	India
S2-94157622	गुड बालाजी केयर प्राइवेट लिमिटेड	257 HUDSON LANEKINGSWAY CAMP, DELHI	India
S2-227599583	Colon and Smith Midtown PC	714 SUNNYBROOK COURT, SCHERERVILLE, IN	US
S2-165598832	Payton Era Incorporated	1511 FROSTY DR, OZARK, MO	US
S2-659469104	Shantaram Institute of Technology [Co]	D-38/A, ASHOK MARG C-SCHEME, NEAR AHINSA CIRCLE, Rajasthan	India
S2-491567670	Maheshwari Group	Maharashtra, W/O UKHA SHIROLE, TALWADE MALEGAON, MALEGAON	India
S2-757621935	Technology Xact Sports  Ltd.	H.NO #55 , 2ND CROSS, SHAMPUR ROFD, COFFEE BOARD COLONY, BANGALORE, Karnataka	India
S2-629552449	aar synthetics private limited	C/O. RAJESH RAJPUT, NEW YADAV COLONY BYEPASS ROAD, SHIKOHABAD, Uttar Pradesh	India
S2-380625413	ASR (INDIA)  MATTRESS INDUSTRIES CO	#354. GIDC, MAKARPURA, Gujarat	India
S2-783654262	Panvel (india) Private-[Limited]	H.NO 759 LILAC-702, PLOT -270, ROS, CHS PANVEL RAIGAD KHARGHA, PANVEL, महाराष्ट्र	India
S2-79024900	Pune City Media Infratech LLP	ALPINE 13, AMIT BLOOMFIELD, SR.NO.59/4 PUNE CITY, PUNE, PUNE CITY, Maharashtra	India
S2-648938931	XL Me Private	PLOT NO.-298/3845-, 1ST FLOOR, KALARAHANGA, NANDANVIHAR, PATIA, BHUBANESWAR, Odisha	India
S2-37401455	Smt ULTRA ULTRA WEB GROUP PRIVATE	209, SECOND FLOOR, RG TRADE TOWER NETAJI SUBHASH PLACE, SARASWATI VIHAR, P, ITAMPURA, DELHI, Delhi	India
S2-783154901	Downs Cústom Lincoln LLC	AR, NORFORK, #244 RIVER MEADOWS DRIVE	US
S2-214016127	Digital Jai Foods Ltd	BLOCK D-2-47 FLATE NO, G-2 TOWER NO.14, BLUE RIDGE, RAJIV GANDHI INFOTECH PARK, HINJEWADI, PHASE 1, PUNE, Maharashtra	India
S2-696183753	GLOBAL FASHION LLC	2807. KENGARY WAY, REYNOLDSBURG, OH	US
S2-628153761	Sriram India Private Limited	Maharashtra, 0090 FIRST FLOOR, B WING, TODI ESTATE SUN MILL COMPOUND, LOWER PAREL (WEST)	India
S2-487208457	Chlo Mcguire, Partners	154 400, PO BOX 1432, PLEASANT GROVE, UT	US
S2-118875766	Best Atlanta Holdings	119 LAKE STREET, SOUTH FALLSBURG, NY	US
S2-237221058	Pvt Shahdara Overseas Holdings Ltd	15-B, SHAHDARA, Delhi	India
S2-637564348	TADYNDYNE-PRAIRIE BIO  LLC	357 COLLINS DR, MERRCED CITY, CA	US
S2-329108893	SHREE TECHNOLOGIES PRIVATE LIMITED	#41 , THIRUNAGAR, KAMARAJAPURAM NORTH KARUR, KARUR, Tamil Nadu	India
S2-51205643	गुजरात ब्राइट वेंचर्स प्राइवेट लिमिटेड	OPP SOPHIA CONVENT SCHOOL, PANCHKULA, KALKA, H.NO 697ZL NATIONAL HIGHWAY, Haryana	India
S2-406406006	Bui Frontier Frontier Brobokfiebl	EASTON, 020 WASHINGTON ST, PO BOX 7740, MD	US
S2-667561989	साउथ इंफ्रास्ट्रक्चर लिमिटेड	UNT81, MAROL CO-OP IND EST, J B NAGAR, ANDHERI EAST, MUMBAI, Maharashtra	India
S2-627244679	piedmonttrustiii.com	433 OAKDALE AVE, GLENCOE, IL	US
S2-563073	Ernesta Pearce, Pearce, O.D.,	430 WASATCH BOULEVARD, COTTONWOOD HEIGHTS, UT	US
S2-63096494	Marshall, Charla S., DMD,	BETHANY, 10 AMITY ROAD, CT	US
S2-375585503	JOHNSON ASSETS CENTER	TX, HOUSTON, 6603D GRANDVALE DR	US
S2-529401668	Modern Hohtel Services Private Limited	G-842, IJMIMA CHS, OFF LINK, INFINITY MALL, MALAD WEST, MALAD WEST, महाराष्ट्र	India
S2-134796791	सन एंटरप्राइजेज लिमिटेड	PLOT ##781 GK-1/308/FF-5, GHAZIABAD, INDIRAPURAM, Uttar Pradesh, GHAZIABAD	India
S2-89213247	Southern Good Solutions Private Ltd	NO 95 1/677/22B, NEAR AAS COFLEGE RAGHAVENDRA COLONY, ADONI, Andhra Pradesh	India
S2-468251684	Delhi Ltd Pvt Dental	152/1A, WEST AZAD NAGAR, MAIN ROAD NEAR LOARD SHIVA PUBLIC SCHOOL, DELHI, Delhi	India
S2-626417523	Rajkot Teknologies (Limited)	Gujarat, 1, VAVDI IND. AREA, B/H. FALCON PUMP, GONDAL NATIONAL HIGHWAY, RAJKOT	India
S2-512760064	Dr SANJAY ASIA PRIVATE LIMITED CENTER	B-4, DAK SANGATHAN CHS, OFF GENERAL AK VAIDYA MARG BEHIND DINDOSHI DEPOT, MALAD EAST, MUMBAI, Maharashtra	India
S2-325300749	Real-+ Sons Privae Limited	Gujarat, H.NO 1909 , 1910, 1911, COSTAL HIGHWAY, UMARGAM	India
S2-380667580	ग्रीन जैन इन्वेस्टमेंट प्राइवेट लिमिटेड	FLOOR SECTOR P4 BLOCK, NOIDA, Uttar Pradesh	India
S2-477075842	Dental Care of	7172 1/2 PALOMINO WAY, AZ, COOLIDGE	US
S2-475074856	VERRON FRANKLIN  LLC	MO, 358 FALAISE DRIVE, SAINT LOUIS	US
S2-199961991	Dorothea  Merten, (D.D.S.)	NY, POTSDAM, 83 MARKET STREET	US
S2-462744790	Lotus Systems Private	C-171, DEVENDER PURI, MODINAGAR, Uttar Pradesh	India
S2-254175710	mutualtalentservices.com	2671 AVENIR PLACE, VA, FAIRFAX COUNTY	US
S2-810130667	All Mobile Group Partners	OR, 19367-D MOHAVE COURT, TUALATIN	US
S2-747116398	విజన్ కన్సల్టింగ్ ప్రైవేట్ లిమిటెడ్	24-16-13, 3RD LINE, OPP LAK, NILAYAM, BAVAJIPETA, VIJAY, VIJAYAWADA (URBAN), KRISHNA, ఆంధ్రప్రదేశ్	India
S2-211145788	Good Cónsultancy Ltd	H.NO.31/A, VENGALRAO NAGAR, Telangana, N/A	India
S2-48445340	Friends Ltd Service	Delhi, A-60, NARAINA INDUSTRIAL AREA PHASE-I, NEW DELHI	India
S2-676368217	Hunger Charities	619 DEER DR, GREENVILLE, TX	US
S2-391431070	Adams Cannabis Partners  Corporation	159 SWEETWATER AVE, MRECED, CA	US
S2-611935473	Technology Xact Sports	NO #55 , 2ND CROSS, SHAMPUR ROAD, COFFEE BOARD COLONY, BANGALORE, Karnataka	India
S2-556827910	Catina Rmakrsinhn, DMD, P.C.	8  BEACH DRIVE, CONCORD, VT	US
S2-7782965	Paulin Music of Billings LLC	3746 POLY DRIVE, PMB 6368, BILLINGS, MT	US
S2-57975178	Russell Umin PLLC	2800-D DIASCUND RESERVOIR ROAD, NEW KENT COUNTY, VA	US
S2-23597385	CEUM  SAMEPRIDR CO	9876 GRANTVIEW FOREST DR, CONCORD, MO	US
S2-268110920	Hernandez  Coastal	1269 PINEDALE ROAD, PINEDALE, AZ	US
S2-726909925	Enos, Noonan and Caro L.L.C.	4052 DESERT COVE AVE, SHAW BUTTE, AZ	US
S2-301578408	PROCHEM GROUP	HN 587 C 01-A SECTOR 16-B, NOIDA, Uttar Pradesh	India
S2-415521566	Padgett Desert Media Llc	BELLIGNHAM, WA, 3. TAWNY CIRCLE	US
S2-170835203	WHITE LEARNING CENTER	254 SPRUCE RD, MAMAKATING, NY	US
S2-711914940	HARBOR SMART MORGAN  HOLDINGS	13149 LAKE MARY DRIVE, PLAINFIELD, IL	US
S2-772743278	Thompson-Pediatrics	##55560 DESIDERIA DRIVE, LANDERS, CA	US
S2-727805183	Kasel Spire Holdings	#909 PARKWOOD DRIVE, JOLIET, IL	US
S2-899504208	Metro Áberdeen Partners	1533 PAINTED HORSE PASS, COLLIERVILLE, TN	US
S2-105058030	Bivue Qlomality Eastern Inc	7556 1050, MILROY, IN	US
S2-374854294	PACIFIC PARTNERS CHARITIES	1061 CERULEAN WAY, AZ, TUCSON	US
S2-933710746	Bangalore Realtors Limited  Service	DOOR NO ##158 , 22ND A MAIN, 1ST CROSS, PADMANABHANAGAR, BSK 2ND STAGE, BANGALORE, Karnataka	India
S2-325863630	Victoria Constructions L.L.P.	NO. 922  N-001, SITE 5, KASNA IND AREA, DADRI, Uttar Pradesh	India
S2-155240888	Secured Brothers Corporation		India
S2-759251107	D0WNTOWN-COFFEE LP	1900  SAM WILSON ST, HOUSTON, TX	US
S2-314741903	SAMARTH PROMOTERS PRIVATE  LIMITED	IST-FR; FL- 1A 20/C, TILJALA RD LP-38/17/1, KOLKATA, KOLKATA, West Bengal	India
S2-692481926	Laviolette's Digital	ELLINGTON RD, SOUTH WINDSOR, CT	US
S2-241248752	গুড এনার্জি প্রাইভেট লিমিটেড	H.NO 515 35/3, PRINCE GOLAM MOHAMMED SHAH ROAD, 3RD FLOOR, LP-105/11, KOLKATA, KOLKATA, পশ্চিমবঙ্গ	India
S2-783812745	Link Véhicle Pvt. Ltd.	दिल्ली, HN 521 252-B, LOWER GROUND FLOOR, OFFICE NO.-10-A PRINCE PLAZA, SANT NAGAR, EAST OF KAILAS, H, NEW DELHI	India
S2-899796310	National (Coalition)	COTTONWOOD DRIVE, NEWARK, IL	US
S2-547586619	CAPITAL FOUNDATION V CORP		US
S2-784038194	PREFERRED BUSINESS [SYSTEMS]	23355 FCORINA COURT, LOUDOUN COUNTY, VA	US
S2-564710792	Yajur & Partners LLP	103, III FLOOR, EAST II, VYDEHI HOSPITAL EXIT AREA, WHITE FIELD, ಕರ್ನಾಟಕ	India
S2-679499890	Denise's Foods Group	46 PEPPER LANE, N/A, GREENFIELD, NY	US
S2-988324866	premierkeystonepacific.com	41 BULFINCH ST, LYNN, MA	US
S2-36523358	Jai Fittings Company	NO G-25 , SHAH INDUSTRIAL ESTATE, KOTAMBI WAGHODIA, VADODARA, Gujarat	India
S2-282841624	Galaxy Properties Sweets പ്രൈവറ്റ് ലിമിറ്റഡ്	CC 40/8032-A12, MATSUN TOWERS, MULLASSERY CANAL ROAD (WEST), ERNAKULAM, P.O., COCHIN, Kerala	India
S2-232541854	Galaxy Life Limited Partners	Telangana, VILLA NO-1046, KRINSS VILLA, NANAKRAMGUDA, NANAKRAMGUDA, RNGAREDDY	India
S2-232117427	Jaipur Réalestate LLP		India
S2-328243888	SMITH, ELSPETH FRONTIER GSR LLC	379 FM 369, IOWA PARK, TX	US
S2-152522896	smart heartland block partners	##511 CHERRY AVENUE, PO BOX 7867, ROANOKE, AL	US
S2-779525393	Mohini Acooym Industries Private Limited	महाराष्ट्र, #415  KAPADIA CHAMBERS599 J S S ROAD, MUMBAI	India
S2-83350531	AGRO MADHURA LTD SERVICES	84-C, FLOOR-8, PLOT-224, C WING, MITTAL COURT, JAMNALAL BAJAJ MARG, MUMBAI, महाराष्ट्र	India
S2-376263474	The Engels Montessori School (ID: 59525)	5120 ATCHINSON DR, OLYMPIA, WA	US
S2-13852489	ಎಸ್ಎಸ್ ಬಾಲಾಜಿ ಸೊಲ್ಯೂಷನ್ಸ್ ಪ್ರೈವೇಟ್ ಲಿಮಿಟೆಡ್	#24, BENGALURU, BANGALORE, Karnataka	India
S2-177815038	LIMITED ADEE PRIVATE CENTER	AT. POST CHINDIVADI, DHANERA, NULL, Gujarat	India
S2-126438045	Kelley, Salinas & Hall LP	TX, 311 RUTHVEN ST, HOUSTON	US
S2-202704022	Group Health Care Women	4148 OLD WILLIAMS LANE, VAN BUREN, AR	US
S2-316382621	Cornerstone Aerospace Technologies Ltd	TX, 23539 WHISPERING WILLOW DRIVE, SPRING	US
S2-658300587	Romisoft	3904 LORI DR, NULL, ERLNAGER, KY	US
S2-66230695	Mount Cathedral	1404- CALLE SUR, NM, HOBBS	US
S2-484579080	Brown Midwest Royalty Ínc	WA, EAST WENATCHEE, 1703 FIRST ST	US
S2-54273476	KCL & CO	HN 388 RAM NIWASH GROUP, 4TH FLOOR, SHAHID BHAGAT SINGH MARKET COMPLEX, SILIGURI, DARJILING, পশ্চিমবঙ্গ	India
S2-745601160	WAKEFIELD INC PARTNERS	0124 FORBES ESTATES DR, JACKSONVILLE, NC	US
S2-399266664	Rev It Up Auto Body	0305 CULPER DR, CENTEREACH, NY	US
S2-330833650	MUTCHLER  CONSOLIDATED INC.	738 METRO MEDICAL DR, FAYETTEVILLE, NC	US
S2-411944419	Eads, Holley & Giebel Regional	RALEIGH, 640 ST ALBANS DRIVE, NC	US
S2-54900336	Proactive Holdings Corporation Services	PLOT NO.-13, NARAYAN VIHAR, BLOCK-T, VILLAGE SHRINGARPURA, SANGANER, JAIPUR, Rajasthan	India
S2-757041820	uptowncleaningservice.com	CHICAGO, IL, 2538 KEDVALE AVENUE	US
S2-301403259	Ear Nose & Throat Apex Care Associates ([Corp])	826 BALSAM COURT, PMB 8925, PAINESVILLE, OH	US
S2-884096070	Starling Family Práctice Co	4135 BECKER ST, NISKAYUNA, NY	US
S2-912532342	बालाजी टेक प्राइवेट लिमिटेड	KUSHALPURA, CHANWAJI, JAIPUR, Rajasthan	India
S2-87505990	Hyderabad LLP Center	PL NO. 10, SY NO. 234, SRIRAM NAGAR COLONY INDIRA GANDHI SOCIETY, JALPALLY, HYDERABAD, Telangana	India
S2-409138005	GW India	NO.SPB3/54, NEW NO.25 1ST SECTOR, 3RD STREET, K.K.NAGAR, CHENNAI, Tamil Nadu	India
S2-39483508	New Consulting Restaurant Private Limited	NO 507/B , 5TH FLOOR, MOUNT EVEREST, B WING BHAKTI PARK, WADALA EAST, Maharashtra	India
S2-359275811	PIONEER SEBIONDUCTOR HOLDINGS	1367 93RD ST, CLEELAND, OH	US
S2-806451369	Sanganer All Private Group Limited	Rajasthan, 1409, D, ANUKAMPA PLATINA, TERRACES, SUKHIYA, SANGANER	India
S2-841557109	Hourigan Ventures Clinic	1042 MASONS PLACE CIR, LELAND, NC	US
S2-718996175	PACIFICPEDIATRICS.COM	815 Dillons Mill Rd, BOONES MILL, VA	US
S2-249219935	ANILESH CORPORATE PRIVATE	970 901, VENUS TOWER CHS LTD, 102 J.P ROAD, ANDHERI WEST, MUMBAI, Maharashtra	India
S2-11062508	Long Súperior Therapeutics Co	199 WELSH ROAD, PMB 5191, VILLAGE OF WALES, WI	US
S2-111524725	kottwitz & yu inc	24 BRYN MAWR DR, GALAX CITY, VA	US
S2-596878088	Co Smith Guardian	19543 FIRST PLACE, TULSA, OK	US
S2-232525703	M/s Indo Exports Limited	NO 80- C/O ANIL SARASAWT S/O SATYA NARAYAN SADAR BAZAR TEH CHHATARGARH DIST BIKANER, BIKANER, Rajasthan	India
S2-577033455	Loupe Four	WI, PHILLIPS, W5947. COUNTY ROAD D	US
S2-469460945	Southern System Greensburg Inc	PO BOX 5367, GEENSBURG, KY, 3521 LILETOWN ROAD	US
S2-254710799	GORDY FIFNNCCEI GROUP	2792-D STUART CHAPEL RD, LEWISBURG, KY	US
S2-61055458	Swami + Sons Enterprises Private [Ltd]	NO ##77 SWASTIK INDUSTRIAL AREA, PLOT-8, NR JAY KHODIYAR HOTEL, KOTDA SANGHANI, Gujarat	India
S2-384316295	Bellaire Intleharficth Strategic League		US
S2-108135827	orionking.com	YUCCA TRL, RALEIGH, NC	US
S2-570116737	VALLES CANTWELL GLOBAL CADENZA CENTER LP	446447 1650 ROAD, NAHOBA, OK	US
S2-846609013	यूनिवर्सल एनर्जी सॉल्यूशंस लिमिटेड	DOOR NO 410, MUMBAI CITY, Maharashtra, MUMBAI	India
S2-332815964	Nix, Dgaarrhdn ánd Hainey LP	2887 HOBSON RD, HENRY COUNTY, VA	US
S2-724986229	Global Pvt Services Ltd	NO 669 , MANJUNATH ARCADE, 3RD FLOOR, 9TH MAIN, H S R LAYOUT, BANGALORE, ಕರ್ನಾಟಕ	India
S2-858254200	Commission on Consumer Affairs Group	16 ARLINE DRIVE, NEWPORT NEWS CITY, VA	US
S2-54689249	Ironworkers Union Local	14621 FESSLER RD, DOW, IL	US
S2-781313573	M/s One Video	महाराष्ट्र, 6/10 NAHARSINGH COMPOUND GOREGAON WEST RAM MANDIR RD MOVIESTAR THEATER, MUMBAI	India
S2-647591673	Koravi Association	12110 STAGECOACH RD, LITTLE ROCK, AR	US
S2-463027499	Preferred Diamond Gravity Harbor	116 FALCON, POPLAR GROVE, IL	US
S2-921769513	Mehi & Brothers Ventures Corporation	N/A, Maharashtra, #4A 13 DRUG EMP CHS LTD, J.K GRAM POKHARAN RD, THANE	India
S2-258886218	सुप्रीम प्रोडक्ट्स प्रा. लि.	महाराष्ट्र, 563, MUMBAI, DIEAL, CENTRAL AVENUE ROAD CHEMBUR, MUMBAI CITY	India
S2-674769801	blue deli! lp	57 OLD COUNTRY RD, WESTBURY, NY	US
S2-954188368	LD FIRST GOLD LLC	726 57, FORT TOTTEN, ND	US
S2-879863136	BANGALORE SOUTH SAARIAY  PVT LTD	H.NO 5 , OLD NO.95/5, 8TH MAIN, LAKKASANDRA, WILSON GARDEN, BANGALORE SOUTH, Karnataka	India
S2-993782738	Merritt, Watson Walden LLC Center	3257 975, MANILLLA CITY, IN	US
S2-555213058	OPIE AMERICAN OSPREY	9741 GRAND AVENUE, BLOOMINGTON, MN	US
S2-486325875	jaybusiness.com	NO. 392 C/O RAJ KUMARI DEVI W/O ANUP RAJ YADAV MOHANPUR, PUNAICHAK, NEW CAPITAL, PATNA, Bihar	India
S2-892049203	dbinnovative.com	02022 MYRTLE AVE, OR, SALEM	US
S2-129246836	KA Agra Public Límited	B-30 & B-30A, FF RAMA PARK, UTTAM NAGAR, NEW DELHI, Delhi	India
S2-869072984	Quirino + Skidmore Mckinley Co	001889 HART ST, RIDGEWOOD, NY	US
S2-891203438	BIVUE QUALITY EASTERN INCORPORATED	7556 1050, MILROY, IN	US
S2-879518463	ಪರ್ಫೆಕ್ಟ್ ಬ್ಲ್ಯಾಕ್ ಹಾಸ್ಪಿಟಾಲಿಟಿ ಪ್ರೊವಿಷನ್ ಪ್ರೈವೇಟ್ ಲಿಮಿಟೆಡ್	#23, BANGALORE NORTH, BANGALORE, Karnataka	India
S2-107609039	E 9 Cómplete Maritime	1940 3949, ARLEY, AL	US
S2-473141192	Vintage & Brothers Private		India
S2-847607396	Devina Ray, Ph.D. Co	314 1/2 KENDRICK ST, FLAGSTAFF, AZ	US
S2-2065988	Internal Medicine Health, Llc Enterprises		US
S2-35849117	Proctor  Great Gabelli	10 ELDERBERRY STREET, OK RIDGE, TN	US
S2-946643847	Pipefitters Union Local No 160	6483 DRESSLER RD, NORTH CATON TOWNSHIP, OH	US
S2-410871325	SN Metro Solutions Care	07395 LARKSPUR DR, MENTOR ON THE LAKE, OH	US
S2-57189770	Marabel  Flores, Ph.D.		US
S2-317622167	Private Fk Sólutions [Limited]	PL. NO.115, HYDERABAD, Telangana	India
S2-787404353	INDIA SRINIVASA TILES  PVT.	223 BLDG NO. 5 ROOM NO. 15, BMC COLONY, SHIVAJI NAGAR, KHERWADI, BANDRA (E), MUMBAI, <NULL>, Maharashtra	India
S2-209667455	अर्बन ड्रीम कंसल्टेंसी लिमिटेड	304/43, KMF GARDEN, GOURIPADA, KALYAN W, KALYAN, KALYAN, MUMBAI, महाराष्ट्र	India
S2-233862964	Isabelle Smith  Strategic Oil	TX, 425 Normandy Ln, FT WORTH	US
S2-360407030	Olaneus  Core	310-A SHELBY STREET, GOL BAR, WA	US
S2-308435748	Raso & Vanderpool-Fox Ltd	2215 SAN JUAN TRAIL, TUCSON, AZ	US
S2-226331968	Al  Nursing Home	1001, DIAGO D - WING, RIZVI COMPLEX, SHERLY RAJAN ROAD, MUMBAI, Maharashtra	India
S2-181977971	Smt Bhawana Moments Limited Service	CABIN B, LB-10, ARUNACHAL BUILDING 19, BARAKHAMBA ROAD, C.P., NEW DELHI, Delhi	India
S2-708392500	ਗਲੈਕਸੀ ਈਸਟਰਨ ਕੇਅਰ ਪ੍ਰਾ. ਲਿ.	547A, LUDHIANA, ROOPNAGAR, Punjab	India
S2-336964944	martinezhartguerra.com	ROYAL DUBLIN DR, SOUTHERN PINES, NC	US
S2-627806779	Image (India) Rentals Limited	O.NO : 79., N.NO.5, THIRUVALLUVAR STREET, RAMANATHAPURAM, COIMBATORE, Tamil Nadu	India
S2-806517270	apexdigital.com	ALANTA, GA, 1445 MONROE DR	US
S2-685286356	ANIMALWELFAREPROGRAM.COM	33185A FAWN CT, MILLVILLE, DE	US
S2-857538338	skyimpex.com	West Bengal, 106 BANGUR AVENUEGROUND FLOOR BLOCK C, KLKATA	India
S2-652313008	സ്വസ്തിക് ഗുഡ് പ്രൊഡ്യൂസർ പ്രൈവറ്റ് ലിമിറ്റഡ്	KOTTAYAM, KOLLAM, Kerala, KMC XVII/130 BALAVILAS BLDGSREENIVASA IYER ROAD	India
S2-613080912	Atlas LLC Semiconductor	3810 MILAM STREET, HOUSTON, TX	US
S2-648793786	BANGA1ORE CHAIN LIMITED	BLOCK E-77 AWFIS, 1ST FLOOR, PRESTIGE DOTCOM 16/2, RESIDENCY ROAD, BANGALORE, Karnataka	India
S2-462853202	Dermatology Group PC Center	31553 MEMPHIS LSOP, LOXLEY, AL	US
S2-821431553	Treichel & Rennie	#279 AARON CIRCLE, VACAVILLE CITY, CA	US
S2-593866178	Ltd Federal Clear Muzero	#6217 10TH STREET, PHOENIX, AZ	US
S2-45531711	Delhi Interiors Private	HOUSE NO. 11, KH. NO. 24, GROUND FLOOR, BLOCK-M-1, MOHAN PARK, MODEL TOWN, DELHI, Delhi	India
S2-501316001	Mr Mundra Ventures	NO 310 UNIT 110BR KAILASH PLAZA PREMISES CHS LTD VALLABH BAUG LANE, GHATKOPAR (EAST), MUMBAI, Maharashtra	India
S2-106429445	Nexlum Group	132A CUSHING STREET, PORTSMOUTH, VA	US
S2-445273773	Quonyla	VA, 258 FRUIT PLAIN RD, NORTHUMBERLAND COUNTY	US
S2-850200374	ARLANA DAUENHAUER, DMD CO	3591 BLOOMER RD, GERRY, NY	US
S2-782718849	BILLINGS, DAFFY ROCKY ENTERTAINMENT INC	3016 1/2 BROKEN SPUR LANE, PINEVILLE, NC	US
S2-58016458	ગેલેક્સી પ્રોપર્ટીઝ	NO. 496 PIONEER TOWER OLD PADRA ROAD, VADODARA, Gujarat	India
S2-7758666	Diane L. Gay, DPM Center	508 MONROE ST, MOBILE, AL	US
S2-797146183	Commercial LLC Advisors Investment	5515 Mills Civic Parkway, WEST DES MOINES, IA	US
S2-466114429	Thea Órtiz Invesco LLC	#45 POPLAR STREET, CENTRAL ISLIP, NY	US
S2-354357087	Private ZOK Technologies Limited	KIRON HEIGHTS HOUSING SOCIETY BHATTACHARJEE PARA, KOLKATA, HOWRAH, West Bengal	India
S2-791034575	WILLIAMS RETAIL INC.	1113 HAYES AVE, MD, SALISSBURY	US
S2-201857567	PRASHANT ACGD LIMITED	D-201 MAYFAIR MERIDIAN BLDG-2, OFF SV RD AMBOLI, CEASER ROAD, ANDHERI WEST, MUMBAI, महाराष्ट्र	India
S2-159684700	LIMITED SAGE FERTILITY	Kerala, DOOR NO XII/##71, KOZHIKODE	India
S2-685697216	Covue Capital Partners  Corp	TX, 9106 HIGH CANYON LN, TOMBALL	US
S2-471615859	अर्बन International Limited	NO 65 OKHLA IND ESTATE, SOUTH DELHI, NEW DELHI, Delhi	India
S2-37593063	Indrajit Sol  (India) LLP	PLOT #409 40, STRAND ROAD, 5TH FLOOR, ROOM NUMBER 505, KOLKATA, KOLKATA, West Bengal	India
S2-432724044	VARSHTECH BAKERS	FLAT NO - 5 2ND FLOOR, ANUPAM APPARTMENTS, MB ROAD, SAKET, NEW DELHI, दिल्ली	India
S2-192534009	Desert League  LLC	98 GLEELAND ST, PO BOX 5112, BABYLON, NY	US
S2-6853487	GBE Nexpoint Valley	304 NEW HOPE RODA, DECATURVILLE, TN	US
S2-950352090	Family [Group]	381D 2668, PO BOX 1675, LONGVIEW, TX	US
S2-735858614	Hooper Systems Inc.	1376 BLOSSOM AVE, SUISUN CITY, CA	US
S2-440380833	INDUSTRIES VIRTUAL BABA PRIVATE LIMITED	NO.301 EMBASSY CENTRE11 CRESCENT ROAD BANGALORE, BANGALORE, Karnataka	India
S2-726471151	EN Gróup	13 B DOLPHIN DRIVE, <NULL>, PHENIX CITY, AL	US
S2-421509259	सूर्या ट्रेडिंग एलएलपी	UNIT NO. B3/2, GROUND FLOOR B BLOCK, YOJNA VIHAR, EAST DELHI, DELHI	India
S2-874700722	Ward, Mcdaniel & Penailta Praetorian North	3630 1/2 13TH AVE, SAINT CLOUD, MN	US
S2-288187767	कृष्ण कंस्ट्रक्शंस प्रा. लि.	मध्य प्रदेश, INDORE, 307- THIRD FLOOR THE MARK, INDORE	India
S2-357854262	LIVVIE ROBINSON BROKERAGE	2501 LAMBORNE BLVD, PMB 4293, LOUISVILLE, KY	US
S2-269012012	LLC Cannon & Uy Architecture	42 Groveland Ave, MEDFORD CITY, OR	US
S2-892204225	Ad Heritage Privace Limited	HOUSE NO. 28, STREET NO.14, VIPIN GARDEN EXTN. KAKROLA MORE, UTAM NAGAR, NEW DELHI, Delhi	India
S2-25291679	American Catalyst Co	15001 1/2 Howards Mill Rd, MUINO, OR	US
S2-344186018	Holy Chapel Westgate	5274 RIVER LAKE WAY, GRAND PRAIRIE, TX	US
S2-270754562	Nanette Medina Communications LLC	7275 PAXTON CIRCLE, HIXSON, TN	US
S2-514480788	UJO Associates Forex	#70 HOUSE NO. WZ-75, SECOND FLOOR, NEAR HANUMAN RIGHTS OFFICE, TODAPUR VILL, AGE, NEW DELHI, दिल्ली	India
S2-11259438	ARQ Techno	BLOCK C-153- 45-2-40/3/1A, BASTHI -16 POST AKKAYYAPALAM, VISAKHAPATNAM, Andhra Pradesh	India
S2-71819687	Silver Trnav	QUEEN CREEK, AZ, 19909 WILLOW DRIVE	US
S2-668876747	LLC COLONIAL ENVIRONMENTAL SERVICES	2455 LASS AVENUE, KINGMAN, AZ	US
S2-346414697	Cinnamon's Platinum Agriculture Inc	246 FRANKLIN ST, NEW MARTINSVILLE, WV	US
S2-921645598	Urology Physícians (LLC)		US
S2-808464735	Coralyn Benett Northland Services		US
S2-257283762	DILEVA WORLDWIDE LLC	269 SALMON RIVER ROAD, PLATTSBURGH, NY	US
S2-360247666	Montay Synchrony,	5210 WHITEHORSE ROAD, KNOXVILLE, TN	US
S2-56047184	Pediatric Dentistry LLC Enterprises		US
S2-371553869	अर्बन एनर्जी लिमिटेड	144/36 A, GROUND FLOOR, GHAFFAR MANZIL, OKHLA, NEW DELHI, SOUTH DELHI, Delhi	India
S2-157264852	LRN PVT LTD [SERVICES]	208, BEZZOLA COMPLEX, CHS LTD, 2ND FLR SION TROMBYA ROAD, OPP SUMAN NAGAR, CHEM, BUR, MUMBAI, महाराष्ट्र	India
S2-990449406	STRATEGIC HIGHLAND	720  MANHATTAN AVENUE, BROOKLYN, NY	US
S2-528797200	Chiropractic Pamtnbrs Inc	2401 MEDFORD COURT, FORT WORTH, TX	US
S2-600577952	MOUNT  MI8BESTRIES	11400 WOODFORD COURT, GLEN ALLEN CITY, VA	US
S2-59785080	Good Foundation Private	116 PICHOLI, UDAIPUR, Rajasthan	India
S2-364385480	REAP TRADERS PRIVATE LIMITED	S NO. 207/3., DHANRAJ PARK, N BLD., FLAT NO. 9, WAKAD, PUNE, Maharashtra	India
S2-463583099	Verile's Fresh Boutique Llc	9496 CHESAPEAKE DR, NORTH ROYALTON, OH	US
S2-341231328	शिवम इन्वेस्टमेंट्स प्राइवेट लिमिटेड	BLOCK C-676 358-B, SHREEGOPAL NAGAR GOPALPURA BYPASS, JAIPUR, Rajasthan	India
S2-103716158	Private Krishna Mining (Limited)	M-01, MACEO, SECTOR 91 MEOKA (121), GARHI HARSARU, हरियाणा	India
S2-641315286	Gais Ltd.	108 10TH STREET, FORT PAYNE, AL	US
S2-700732652	Llc Legacy Blue Water	245 CROOKER RANCH DR, SEARCY, AR	US
S2-658120596	CGE Mosaic	#71 TEERTH TOWERS, C-904, SR. NO. 28/2, NR RAJ HOTEL, BANER, PUNE, Maharashtra	India
S2-335364981	NEXVOTECH PREMIUM CENTRAL	793 KNIGHT AVE, PARK CITY, IL	US
S2-535335098	Timothea Ward Sizzle, L.L.C.	IL, BARRINGTON, 109 HARRSON ST	US
S2-218761388	Bitterman Endocrinology Incorporated	4620 PASADENA STRET, PORTLAND, OR	US
S2-27386354	Gray Rtrio Interstate Crypto Center	2428 SALINA AVE, WICHITA, KS	US
S2-828492462	C0RALYN BECEHTT DIAMOND [NORTHLAND]	BETHPAGE, 151 7RD SAINT, NY	US
S2-119862819	अल्फा केयर लिमिटेड	A 00204 SAWALI CO OP HSG SOC PLOT 41 SEC 5 KHARGAR, RAIGARH, RAIGARH (MAHARASHTRA), Maharashtra	India
S2-101816916	The Dent Cleaning Seaggvie Center	217 ELK CT, BURLINGTON, NC	US
S2-133427824	American Arts Corp	154- COUNTY RD 332, ATHENS, TN	US
S2-471284169	लोटस एंटरप्राइजेज प्रा. लि.	FLAT NO. C 527, PAWAR ENCLAVE, S NO. 86 / 3B PUNE SOLAPUR ROAD, HADAPSAR, PUNE, Maharashtra	India
S2-648083684	YASH & SONS PUBLIC LIMITED	HN 9-616 SECOND FLOOR, KUDIYIRICKAL TOWERS EDAPALLY-PALARIVATTOM ROAD, ERNAKULAM, Kerala	India
S2-7826398	लक्ष्मी इन्वेस्टमेंट प्राइवेट लिमिटेड	55/2, BHIKU BUILDING, VEER SAVARKAR MARG, PRABHADEVI, MUMBAI, Maharashtra	India
S2-903664407	Howard Holdings (ID: 58720)	6318 RAVEN ST, CHICAGO, IL	US
S2-392718980	AAR	5004 LOCKER STREET, AMARILLO, TX	US
S2-296553788	Crystal Consumer Dynamics		US
S2-25060208	Silver Corporation Pacabimng	SEVERN ROAD, SEVERN, MD	US
S2-656018333	Fenton Métal	NC, 1941 TARA COURT, GREENVILLE	US
S2-439326583	Health Coalition  Authority	9703 VERSAILLES PLANK ROAD, ANGOLA, NY	US
S2-263957876	अल्फा एग्रो प्राइवेट लिमिटेड	CTS NO.D/2745, PUNE REGION, null, Maharashtra	India
S2-67751821	Life प्रोड्यूसर Limited	504/2-A F/F DALCHAND PRADHAN WALI GALI JANTA COLONEY CICRULAR ROAD SHAHDARA, DELHI, दिल्ली	India
S2-847576008	Dental Inc Center	8469D OLD RANCH ROAD, ORANGEVALE, CA	US
S2-228309500	Services Srijan LLP	Delhi, WEST DELHI, C-5/A/264	India
S2-95789941	Java Exchange Pvt Ltd Services	BLOCK E C-503 VRUNDAAVN RESI, AHMEDABAD, Gujarat	India
S2-732281290	Orthopedic Partners Metro	26624 1/2 VANDERVIEW PLACE, <NULL>, CHANTILLY, VA	US
S2-283146411	Leila Ludwig Rio Heritage	YAUPON VIEW DR, CYPRESS, TX	US
S2-248680361	Pyramid Adviser Limited Private	14, RAMS BAZAAR, 3, PRAKASAM ROAD, T NAGAR, CHENNAI;17., Tamil Nadu	India
S2-27154391	Ace Environmental Soltuisn Inc.	3059 BOSUN LANE, LAKE HAVASU CITY, AZ	US
S2-260953402	Data Wholesale  Ssatems LLC	BOSS MOORE ROAD, PO BOX 1307, ELLENBORO, NC	US
S2-4715415	ALBUSINESS.COM	161, RAE BARELI, RAIBAREILLY, Uttar Pradesh	India
S2-259729555	Dermatology Harbor Clínic LLC	#138 MY WAY LN, MOUNT AIRY, NC	US
S2-374151600	Food Builders Limited	EMPIRE INDUSTRIES LIMITED, EMPIRE BUSINESS CENTRE, EMPIRE COMPLEX, 414, SENAPATI BAPAT MARG, L, OWER PAREL, MUMBAI, MUMBAI CITY, Maharashtra	India
S2-894790939	Saroornagar Private Technologies Limited	PLOTNOA-165 TEACHERS COLONY, VIGNANPURI COLONY ROAD 3, SAROORNAGAR, తెలంగాణ	India
S2-380444730	Kaja Lyons I1lumination Summit L.L.C.	2522 RAMSGATE COURT, HIGHLANDS RANCH, CO	US
S2-393355917	>> LZ Services	740 160, TOOELE, UT	US
S2-230064165	Mitchell Anchor Pennantpark Co.	11 LAWTON AVENUE, MISQUAMICUT, RI	US
S2-761738352	SPARSH TRADERS PVT	NO.55/1627, GROUND FLOOR, PARAKKOTTUTOWER, GIRINAGAR, ERNAKULAM, Kerala	India
S2-112281532	Upper Empire	10883 JUBILEE CIRCLE, LAKEVILLE, MN	US
S2-252292857	SUDARSHAN [&]	Maharashtra, H.NO 377  UB - 34, DHEERAJ HERITAGE, S.V.ROAD SANTACRUZ (WEST), MUMBAI	India
S2-861259394	#RVSTRATEGIC	296 BETHANY RD, FRANKLIN COUNTY, VA	US
S2-679345127	SUPER ENTERPRISE LTD | www.superente.com	C-025, INDL.ESTATESAGAR ROAD, SHIMOGA, SAGAR ROAD, Karnataka	India
S2-93539124	northcapitalmobility.com	00813 HOGAN WAY, N/A, KNOXVILLE, TN	US
S2-634419463	Valley Alliance Coastal Inc Partners	1013 FOREST DRIVE, SAND SPRINGS, OK	US
S2-280592534	Cesya Flynn Genesis Llc	GREENHAVEN CT, ELIZABETHTOWN CITY, KY	US
S2-697807121	transcontinentaltechnicaltechnologies.com	950 TAFT RD, HINSDALE, IL	US
S2-287698402	SUMMIT-RAILWAY LLC	850- EICHELE RD, PERKIOMMENVILLE CDP, PA	US
S2-519496063	Rajaram Support Piirvtae Limited	Uttar Pradesh, SALAVA AGWANPUR, MORADABAD	India
S2-824134354	peaksilver.com	3014 3RD STREET, CLINTON, IA	US
S2-569672068	LP Boucher Reliabl Holdings	009218 NEW RICHMOND ROAD, NEW RICHMOND, IN	US
S2-98106865	BRINA  OLGUIN	2210 1/2 KEYSTONE RIDGE LANE, RICHMOND, TX	US
S2-211315480	Walker, Tiffy, CPA Inc.	OH, 685 300 ST, WILLOWICK, N/A	US
S2-788819123	Urban Bike	2888- AYERSVILLE RD, MAYODAN, NC	US
S2-118586012	Touchwin Clinic Private Ltd	FLT-G-48, B-27, LSM CHS LTD, MANISH NAGAR, J P RD, MUMBAI, Maharashtra	India
S2-149632240	martinezcrystaloutdoor.com	606 LEMCKE AVE, EVANSVILLE, IN	US
S2-862069848	RED DINER	9 Sunset Drive, CLARKSVILLE TOWNSHIP, IN	US
S2-371079433	Rrs  Textiles Private Ltd	125 17/543/A, MUNDETH HOUSE, MAROTTICHODU, KALADY P O, ALUVA, Kerala	India
S2-542342960	Harris's Eye	372  RANDALL WOBBE LN, SPRINGDALE, AR	US
S2-170342262	Nesoft Center	12 ISABELL AVE, HOLBROOK, MA	US
S2-143808645	Ins (India) Business Private Ltd	B 56 IRON GATE ROAD, KOLKATA, West Bengal	India
S2-695731093	DELTA  ADAMAS	MAIN STREET, DURANT, OK	US
S2-240593794	Johnson Eaton of Austin Clinic Inc	7515 DELAFIELD LN, AUSTIN, TX	US
S2-930896111	SECUNDERABAD (INDIA) [PVT.]	6-1-284/4/103, DINESH APARTMENTS PADMARAO NAGAR, SECUNDERABAD, Telangana	India
S2-369478696	LITERACY-LSEGAEU GROUP	10896D HARPER RD, FREDONIA, KS	US
S2-583080778	Stephens, Brown and Butler		US
S2-422114461	JANKI TINBG PRIVATE LIMITED	501` SANGLI BANK BLDG. 296 PERIN NARIMAN ST, MUMBAI, Maharashtra	India
S2-678833672	LLC Fitecix,	7 Glenn Bridge Rd, N/A, ASHEVILLE, NC	US
S2-813577045	#YAMUITAENTERPRISES	FLAT NO.03 , 2ND FLOOR, VAISHNAVI ENCLAVE, PO ECIL, SECUNDERABAD, Telangana	India
S2-151783748	Bahadurgarh Educational Pvt	SHOP NO37, AVENUE37 MALL, HL CITY, SEC-37, BAHADURGARH, Haryana	India
S2-930823405	PRIVATE CHUNAR PURIFIERS LIMITED	TARA BHAWAN, VILL JAMUHAR POST JAMUHAR, CHUNAR, MIRZAPUR, Uttar Pradesh	India
S2-517081496	Rocky Tbust Partners	TX, PO BOX 6925, CITY OF EL PASO, 9366 SCOOTER LN	US
S2-794747466	RIVUE COASTAL SPARTACUS LLC	2392D DAVID EARL CT, NORTH POEL, AK	US
S2-446557062	Urology Group	6508 ROTH DR, JOLIET, IL	US
S2-426116289	Prívate FZ Solution Limited	IH VILLA-18, AMBATTUR, CHENNAI, Tamil Nadu	India
S2-72711142	Shree Speech Infratech  Private Limited	2507/19, GIDC INDUSTRIAL ESTATE, HALOL, DSIT. PANCHMAHAL, HALOL, Gujarat, null	India
S2-306015575	M/s Balaji Trading Ltd	7/6338 PADAM SING ROADDEV NAGAR KAROL BAGH, NEW DELHI, दिल्ली	India
S2-306842608	Anderson and Pankow	8141. JENNY LN, EDMOND, OK	US
S2-736660881	PRIVATE ORION TECHNOLOGY LIMITED	B-2/143IIND FLOOR SAFDARJUNG ENCLAVE, DIVREPORTINGCIRCLE, SOUTH DELHI, Delhi	India
S2-649967418	Silver Agencies Limited Center	S F NO. 681/1A4, 690/3B, 691/2B, SITE NO.8, MFA NAGAR, KURICHY, MADUKKARAI MAIN ROAD, COIMBATORE SOUTH, Tamil Nadu	India
S2-136901284	GARV CONSULTANTS PRIVATE LTD	8-2-270/A, ROAD NO 3 ARORA COLONY, BANJARA HILLS, HYDERABAD, Telangana	India
S2-352224214	*** COLEMAN FAST OF INDIANAPOLIS INC	07465 OCEANLINE DR, INDIANAPOLIS, IN	US
S2-389667614	Melodee Ordonez-Anchor Spring	4970 SUMMIT CIRCLE, PRESCOTT, AZ	US
S2-161637010	OLYMPIA KRACH TRANSPORTATION LTD	PA, 136 RAVEN HOLLOW DRIVE, NORTH WALES	US
S2-518924324	Dennehy Lake Relliee	226 SHAWNEE TRL, ALVARADO, TX	US
S2-750934992	M/s Norma  Law Chambers	J-8/109, UG FLOOR RAJOURI GARDEN, NEW DELHI, दिल्ली	India
S2-809174450	National Dental Associates	2900-2902 AUSTIN STREET, SEATTLE, WA	US
S2-348564701	Vkp-Care Private Limited	7/10 BOTAWALA BUILDING, ROOM NO.7, HORNIMAN CIRCLE 3RD FLOOR, 4TH, MUMBAI, महाराष्ट्र	India
S2-749458198	LP Promoo Metro	2074 2850, OGDDEN CDP, UT	US
S2-473028952	marketdrive.com	4916 COMPRESSOR RD, RATCLIFF, AR	US
S2-447548954	CRYSTAL FINANCIAL WORLDWIDE INC		US
S2-410363867	India Acabhggana Creation Enterprises	Maharashtra, CITY SURVEY NO 16939 SHAH COLONY, OSMANPURA, AURANGABAD	India
S2-471070605	JQ Earthtmtoedrs Public Limited - 2877188208	212 VISHVIDHYALYA NAGAR, SANGANER, JAIPUR, SANGANER, Rajasthan	India
S2-7006905	M/s Vermilion Lábs Pvt Ltd	<NULL>, Maharashtra, FLT B/B3/612 WING RADHIKA, MAHATMA PHULE NAGAR, MUMBAI	India
S2-479326627	Devin Welfare Private Limited	BLOCK D-59. 5A, DSILVA ROAD, MYLAPORE, Tamil Nadu	India
S2-395196167	Leblanc, Null  & Mohl Arbor LLC	313 LINDEN AVENUE, WATERLOO, IA	US
S2-612545816	A Green Dgtcial lnc	07 Shirley Avenue, REVERE, MA	US
S2-771846886	CARTER ENTERPRISES	##200 HOOK RD, FARMMINGTON, NY	US
S2-168882922	SHAWCAMPBELLBROWN.COM	GARNER, NC, 112  WHITHORNE DR	US
S2-437248988	PVT OSS SOLUTIONS GROUP ((LTD))	F. NO.4, SANGLI, KOLHAPUR, महाराष्ट्र	India
S2-223361255	D+ D+ 5anayi	2235 MARLEE LN, VILLAGE OF ASHWAUBENON, WI	US
S2-4290716	Tirupati Products Limited	#3 YAMUNA BHAVAN CO OP HSG SOCGROUND FLOOR 14/A AHIMSA MARG KHAR WEST, MUMBAI, Maharashtra	India
S2-250004132	donosoftindustries.com	2373 MUSTANG DRIVE, WILLIMAS CITY, AZ	US
S2-594485275	யுனிக் இன்ஃப்ரா பிரைவேட் லிமிடெட்	NO.2, CHENNAI, Tamil Nadu	India
S2-893648803	Fisher Great 0yj	6 PINE BRESZE CV, LITTLE ROCK, AR	US
S2-393861414	BLACK INVESTMENT CONSTRUCTIONS PRIVATE  LIMITED	#180 406, 4TH FLOOR, SAFAL PRELUDE, B/H ASHWARAJ BUNGLOWS 100 FT.ROAD, PRAHLADNAGAR, VEJALPUR, AHEMDABAD, Gujarat	India
S2-46884221	Golden Ice Cream Partners	1075-C NOBLE AVENUE, BRIDGEPORT, CT	US
S2-368570031	HEARTLAND BTRTN,D GROUP	NY, BELLEROES, 00246-27 86 ROAD	US
S2-802102314	Royal Quality	135 SAGEWOOD DRIVE, THIBODAUX, LA	US
S2-748294159	L0uisette Harris Harvard Inc	8141 YUMA CIR, PERRY PARK, CO	US
S2-65251308	bigsssolutions.com	#174 PRAVEEN KUMAR, SON KOODE SINGH MALAKPUR, DADRI, Uttar Pradesh	India
S2-512194684	VISION CUSTOM CIAORE ASSOCIATES LLC	9330-D SKYLINE PARKWAY, PROCTOR, MN	US
S2-122213984	Halcont Silverbtx LLC	1949 TAYLORS FERRY ROAD, PORTLAND, OR	US
S2-701873861	Internal Medicine Cascade Center-L.L.C.	3415 43RD AVENUE CT, BETTENDORF, IA	US
S2-991439377	LLC JOBE, KIRBY AND ESTES	##408 MATTHEW ST, SSSER CDP, IL	US
S2-963742393	Lakshmi Cónsu1tants Private Limited	C/O UPENDRA KUMAR, DANAPUR SULTANPUR, DINAPUR-CUM-KHAGAUL, Bihar	India
S2-756862093	Star Choice [Ford]	SOUNDVIEW RD, GLEN COVE, NY	US
S2-608954992	Trusted LLC Center	954 HIGH ST, HARRISONBURG CITY, VA	US
S2-98219786	DALORIS'S VALLEY DISTRIBUTION INC	2091 PONTCHARTRAI DR, ROCKWALL, TX	US
S2-665541752	Isahella Ferris,  LCSW	20297 Alberta Street, ONEIDA, TN	US
S2-209294072	SANTI REFRIGERATION [PVT]	NO.205, VANDANA GOLDEN SPRINGS APTS, BROOKFIELDS KUNDALAHALLI, BANGALORE, Karnataka	India
S2-612317715	MALVIYA MACHINE HOLDINGS LIMITED	B-31, SATYAM HEIGHTS, RAIKAR NAGAR, DHAYARI, PUNE, PUNE, Maharashtra	India
S2-821254962	Ayush Industries Limited Center	304 3RD FLOOR, SPECTRUM APARTMENT, BANGALORE SOUTH, Karnataka	India
S2-414500781	Corner-Corp Pilates	COLLEGE, 005145 KLONDIKE DR, AK	US
S2-359364213	CLARK AUSTRALIA INC	TX, null, 623 FILES STREET, ITASCA	US
S2-129907945	Wood Solar Partners Ltd	906 TENTH STREET, PMB 2438, WILMINGTON, NC	US
S2-937191557	Kundan LLP Énterprises | www.kundanllp.com	NO.E18(E-BLOCK), 1STFLOOR, DOSHIGARDENSHOPPING-MALL, NO.321, ARCOTROAD, VADAPALANI, CHENNAI, Tamil Nadu	India
S2-255012428	Hyderabad Real Holdings Private Limited	DOOR NO 95 SRI SAI NILAYAM, 14-1-90/340, 3RD FLOOR, GAYATRI NAGAR, ALLAPUR, BORABANDA, HYDERABAD, Andhra Pradesh	India
S2-182629291	Dr White Samiti Center	#837. SMT. MAMTA DEVI, W/O SONU KR., PARSA RD NO-1, H.NO-120A, JHAINCHAK, SAMPATCHAK ROAD, JHAINCHAK, PATNA, Bihar	India
S2-258979047	Kestex lrenic	1620 FERN STREET, OLYYMPIA, WA	US
S2-580668705	Income PLLC	1232 G 411B, GLEN ROSE, TX	US
S2-796380772	Tri-State Beacon Xflh  Inc	307 DEPOT ST, DAVIDSON, NC	US
S2-942534411	*** Logiciel Resort Private Limited	ROOM NO. K P 2 / 508, KUNNAMANGALAM ( PO ), CALICUT, KOZHIKODE, Keralam	India
S2-817209768	प्राइम कंसल्टेंट्स प्राइवेट लिमिटेड	C/O SHRI RAMDASRAO MAROTI, BEMBRA, DEGLOOR, NANDED, Maharashtra	India
S2-783688182	colemanstarind.com #83536	N3155 76, HORTONVILLE, WI	US
S2-623420664	REAL SOLUTIONS (LTD)		India
S2-373779619	I 8 R Pacific Inc	393 WHITE RIVER DR, PACIFIC, WA	US
S2-357158971	Kara Funez, DMDF	01309 HOUSTON AVENUE, MOUNT PLEASANT, TX	US
S2-510042048	Sangameshwar Brothers	PRESTIGE TRADE TOWERNO.46, 23RD FLOOR PALACE ROAD, BANGALORE NORTH, Karnataka	India
S2-927950342	STANFORD TRADERS-PVT LTD	M/SSHRIHANUMANHANDICRAFTS, PLOT NO. G-637, G1-651A &, JODHPUR, Rajasthan	India
S2-853756024	VUE PEDIATRICS, ÍNC	101 CANAL RD, HEBRON, OH	US
S2-272367475	Physical  Therapy	NY, ITHACA, ##701 COURT ST	US
S2-676355137	Eastern Apollo  L.L.C.	109  MEADOW DRIVE, GLEN BURNIE, MD	US
S2-186444199	Pvt. Universal Traders Limited	C/O SHAKUNTLA MAURYA W/O CHANDR PAL MAURYA, BAREILLY, Uttar Pradesh	India
S2-885695811	Harbor Complete Láboratoaoes	121 CENTURY STREET, SHEPPARD AFB, TX	US
S2-716269843	Main  Street Hair Studio	219-70 75 AVE, OAKLAND GARDESN CITY, NY	US
S2-459241957	Valley Academy	4202 PURDUE AVE, PHOENIX, AZ	US
S2-753624381	Olanora Nova	CENTER STREET, WINOOSKI, VT	US
S2-188947489	lgtsakos.com	259 HIALEAH, BOONE, NC	US
S2-159838975	Ariaxylo	4314-4316 Bishop Ln, LOUUISVILLE, KY	US
S2-930977422	রেড আদিত্য আইটি প্রাইভেট লিমিটেড	West Bengal, MURSHIDABAD, PLOT 293 COLLEGE PARA, MURSHIDABAD	India
S2-955413288	Maple Valley Global Corp	20417C 301ST AVE, MAPLE VALLEY, WA	US
S2-945808335	Mr Gtc Vincom (India) Prhirmte Limited	SH-02, C WING BLDG NO 150, KANNAMWAR NAGAR, VIKHROLI, MUMBAI, NULL, Maharashtra	India
S2-343303661	bangaloredesign.com	BLOCK A-372 27, MANI ILLAM, 2ND FLR, NR SUBRAMANYA TEMPLE, PATEL LYT, V N POST, CHEEMASANDRA, BANGALORE, Karnataka	India
S2-714837441	YOUTH INNOVATIVE CENTER INC	1314 BUNRT TREE DRIVE, MOBILE, AL	US
S2-419527700	1941 SEC0ND AVE REALTY	61774 ALTA LOMA DR, N/A, JOSHUA TEE, CA	US
S2-359424403	Embedded Marketing	D-22 CHATTARPUR ENCLAVE NEW DELHI DL IN, DELHI, Delhi	India
S2-272417858	Al Projects Private Limited #8852	NO #2 BHUBANDANGA, BOLPUR, BIRBHUM, West Bengal	India
S2-427162900	Vikrant Tech  Public Ltd	H.NO 107 , 3RD CROSS, J BLOCK, KORAMANGALA, BANGALORE SOUTH, Karnataka	India
S2-792792785	SERVICE BRINKER BLEICHROEDER INC	00434 BARSON STREET, SANTA CRUZ, CA	US
S2-125093769	Pvt LXC Astculmoniae Ltd	HOWRAH, West Bengal, 15, KOLKATA	India
S2-26020119	Interstate Charities II West	144 Marble View Dr, KINGSTON, TN	US
S2-361436717	Inc Chiropractic Vanguard Cbmaeer Associates Downtown	2018 600, MARION, IN	US
S2-882047184	ଫର୍ଚୁନ୍ ଫାଉଣ୍ଡେସନ୍ ପ୍ରାଇଭେଟ୍ ଲିମିଟେଡ୍	PLOT NO.-4535/6198 GUDIANALI, DHENKANAL, Orissa	India
S2-265132702	SEVEN  FOUNDATION PRIVATE	M-165/3 GROUND FLOOR GREATER KAILASH, NEW DELHI, Delhi	India
S2-209439383	Urgent Care Signature Associates LLC	308 HELGA ST, NULL, KILL DEVIL HILLS, NC	US
S2-373926017	Kolkata Publications Private Ltd	#2ST FLOOR, 5 RAJA SUBODH, MALLICK SQUARE, KOLKATA, KOLKATA, West Bengal	India
S2-185598375	Urgent Care	5363 AUTUMN FORREST DRIVE, MEMPHIS, TN	US
S2-436801168	Eye Specialists Partners	3615 PLUMTREE DR, EUGENNE, OR	US
S2-671356008	golden pilates	VOGEL RD, BIG SKY, MT	US
S2-791191862	గుజరాత్ ఫౌండేషన్	HI 3, F-306, 16-31-223/306, PHASE 6, GURUDATTA NILAYAM, HYDERABAD, TIRUMALAGIRI, Telangana	India
S2-243654	Hickok Cornerstone Family Practice Inc.	NC, 1098 PINE SAINT, MT AIRY	US
S2-559054653	Casti1lo & Trexler Venture	IN, MENTONE, 3795 25	US
S2-91990308	क्रिएटिव इंफोटेक प्राइवेट लिमिटेड	PRATIK NAGAR, PUNE, Maharashtra	India
S2-546349204	CREATIVE-RIO	4115 SUNNYVIEW ROAD, SALEM, OR	US
S2-489658223	BLUE FAUE BUILDERS LIMITED	Delhi, A-438, RAJOURI GARDEN, NEW DELHI	India
S2-867266651	Arihant Software	C/O LALU, PRAYAG, POOVATTOOR WEST, MAVADY, KOTTARAKKARA, Keralam	India
S2-691481041	Torres Optimal Summit	1010 MAIN CAMPUS DR, RALEIGH, NC	US
S2-997952609	Greater Noida  Securities LLP	E-##060 BETA-1, GREATER NOIDA, उत्तर प्रदेश	India
S2-905400489	Mumbai Exim Private Ltd	EC 6010, BHARAT DIAMOND BOURSE, G BLOCK BANDRA KURLA COMPLEX, NABARD HEAD OFFICE, BANDRA E, MUMBAI, Maharashtra	India
S2-256111645	श्याम इंफ्रास्ट्रक्चर प्राइवेट लिमिटेड	SN 52-2-1 WANAWADI INFRONT OF SMASHANBHUMI, PUNE, Maharashtra	India
S2-758112435	Flow Systems Private Limited	1182, 35TH 'C' CROSS, 4TH T BLOCK JAYANAGAR, BANGALORE, Karnataka	India
S2-112659714	ಈಸ್ಟ್ ಪ್ರೊಡ್ಯೂಸರ್ ಪ್ರೈವೇಟ್ ಲಿಮಿಟೆಡ್	H.NO 52/3 5TH CROSS SARAKKI MAIN ROAD, J P NAGAR 1ST PHASE, BANGALORE SOUTH, BANGALORE, Karnataka	India
S2-384761898	BOUDREAUX VANGUARD RRSORTS	2935 OLD SR 32, BATAVIA, OH	US
S2-494240757	Vantiq Line, Line,	1817 KELLER LAKE DR, BURNSVILLE, MN	US
S2-451722068	Vns Projects Private [Limited]	H.NO 378 HOUSE NO. C-17/1, LOWER GROUND FLOOR WAZIRPUR INDL AREA, DELHI, Delhi	India
S2-481111993	ഗാലക്സി ഡെവലപ്പേഴ്സ് ലിമിറ്റഡ്	C/O PHILOMINA PUNNOOSE, KAVALAKALAM, CHANGANASSERY, KOTTAYAM, Kerala	India
S2-209456276	Jesselyn Oatnbhla Wilco LLC		US
S2-236602397	Aaron Traders Limited	DOOR NO 1-22/2 , 6TH FLOOR, PNR HIGNEST SY.NO 132 & 133, HYDERNAGAR VILLAGE, HYDERABAD, Telangana	India
S2-742581448	Dr Allied Healthcare	Gujarat, #401 CITY SR NO 170 WORD NO 1, PLOT 255-256/B, BHAVNAGAR	India
S2-237340735	LLC Golden Grill	21753 WHEAT PLACE, SHERWOOD, OR	US
S2-154303860	CORP MANNAT BFUSICHSS (INDIA)	HOUDE NO. 204/3, ASHOKA, ENCLAVE 3, SECTOR 35, FARIDABAD, Haryana	India
S2-303415612	Sabo Modern Solutions Ltd	165 NEPTUNE BLVD, LYNN, MA	US
S2-425993829	सेवन ट्रेडिंग प्राइवेट लिमिटेड	Haryana, AMBALA, 5252, DHULKOT	India
S2-891593356	Beacon Clough, L.L.C.	3409-3413 CHIHUAHUA ST, <NULL>, DALLAS, TX	US
S2-304684013	Anjanette Hódges Prime LLC		US
S2-833485490	DERMATOLOGY (MDDECNIE)	522 ISA DRIVE, WHEEELING, IL	US
S2-422861049	Allied Trttu LLC	3701  SKYLINE DR, COLUMBUS, OH	US
S2-915360046	बेस्ट केयर प्राइवेट लिमिटेड	A-1ST FLOOR, GODREJ BHAVAN, 4A HOME STREET, CHARANJIT RAI MARG, FORT MUMBAI, MUMBAI, महाराष्ट्र	India
S2-963010721	Developers Real Fashions  Private Limited	FLAT NO 5 NO 25 VANTAGE SHOREPAARI STREET KALAKSHETRA COLONY, BESANT NAGAR CHENNAI, Tamil Nadu	India
S2-164121445	Miraj Naturals Infratech Pvt	S. NO. 100/6/A, PLOT NO. 3A, ADVIK JINESHWAR COLONY DHAMANI ROAD, SANGLI MIRAJ KUPWAD M CORP. TAL- MIRAJ, DIST-SANGLI, MIRAJ, Maharashtra	India
S2-479284940	M/s Cs & Co	407, PUKHRAJ CORPORATE, OPP. NAWLAKHA BUS STAND NEAR PRASHANT HOTEL, INDORE, Madhya Pradesh	India
S2-989713601	BEHAVIORAL HEALTH CARE OF  FAR ROCKAWAY CO	FAR ROCKAWAY, null, NY, 16-01 B CENTRAL AVE	US
S2-539046301	STANLEY-REGIONAL RESOURCE LTD	7014 LINCOLN ST, PEOIA, AZ	US
S2-692374757	NEPTUNE NURSING-HOME EXPORTS LIMITED	8-3-960/12/A, ABOVE UTI BANK, SRINAGAR COLY. MAIN ROAD, HYDERABA, తెలంగాణ	India
S2-171426345	GN Rmg Classic Inc	5220 ROCKY WAY, NEWPORT, OR	US
S2-260309525	Panchganga Technical (India) Public		India
S2-988051802	ग्लोबल होटल प्रोजेक्ट्स एजेंसीज	431 (GROUND FLOOR), DOUBLE STOREY NEW RAJINDER NAGAR, NEW DELHI, Delhi	India
S2-950313954	BOMBAY LLP INDUSTRIES	TC92/1952-1, AB VILLA, ANAYARA LP SCHOOL, ANAYARA, THIRUVANANTHAPURAM, THIRUVANANTHAPURAM, Kerala	India
S2-830882276	@elitasullivan	28951 BECKENDORFF RD, KATY, TX	US
S2-405131387	Portillo East	NORTHPOINT BLVD, HIXSON, TN	US
S2-592587111	Incorporated Silver Trading Advisors	4001 105TH AVE, FOLEY, MN	US
S2-390862938	DERMATOLOGY ELITE PÁRTNERS LLC	1. GLENWOOD ST, PMB 5732, WORCESTER, MA	US
S2-567799614	BRANDAIS JONES MOUNTAIN ALTERNATIVE	2204 Halifax Avenue, RICHMOND, VA	US
S2-829586633	Sanjay School International	H.NO 978 18/3, LAV KUSH BLDG. M.G ROAD, ABOVE KIRTI MAHALHOTEL, MULUND WEST, Maharashtra	India
S2-733581753	KATHRINE  MUNFORD	005 SEABURY ST, HEMPSTEAD, NY	US
S2-53288490	SANCHEZ, PETERSON & GARCIA CONSTELLATION LLC	PEROIA, AZ, <NULL>, 8819 BROWN STREET	US
S2-441216250	Constellation Earthmovers Limited Limited	921 VILL- MAHUA SINGH RAE, TOLA-MAHUA SINGH RAE POST- MAHUA, PS-MAHUA, MAHUA, Bihar	India
S2-506890293	PRIME BUSINESS-DYNAMICS CORPORATION	MD, 0013101 BRUSHWOOD WAY, POTOMAC	US
S2-940631935	biggins pipeline llc	6050 Central Ave, TOLEDO, OH	US
S2-837090525	പെർഫെക്റ്റ് ഫിനാൻസ് പ്രൈവറ്റ് ലിമിറ്റഡ്	NO UP/66, KOZHIKODE, Kerala	India
S2-967877879	GREENE & ALLEN [ISHARES]	KENNEDY ST, WASHINGTON, DC	US
S2-715652295	Tava  LLC	328 RIDGE ROAD, WASHINGTON, DC	US
S2-121968687	Spence United Square Ltd	121 GIVENS ST, HOUSTON TOWNSHIP, TX	US
S2-568571408	huntsvi1leenvironmental.com	#203 HYDRA CIRCLE, HUNTSVILLE, AL	US
S2-918965167	Valley Foundation Corp	277 RED TUTTLE RD, BETHPAGE, TN	US
S2-108460479	Meenika Limited  Private It	H.NO.1340/C , NAWAL KISHORE PD, SAVITA SADAN, NEAR WATER TANK, TRANSPORT NAGAR, PO- B.H.COLONY, PATNA, बिहार	India
S2-779517126	privatetechbalaji.com	CHANWAJI, JAIPUR, Rajasthan, KUSHALPURA	India
S2-598129975	SMITH  SERVICES,	TN, 1427 EASTRIDGE DRIVE, MEMPHIS	US
S2-733941294	Raj Mfa Private Limited	NO.4, SURVEY NO.36/4, 27TH MAIN HARALUKUNT, BANGALORE SOUTH, Karnataka	India
S2-593457211	XD Mutual	JAHIRPURA VAS, MOLPUR TA. VADNAGAR, DIST. MAHESANA, MOLIPUR, ગુજરાત	India
S2-213342835	Urgent Center Care Care	6125 QUAIL AVENUE, MONROE, IA	US
S2-34362543	FITZHUGH PREPARATORY ACADEMY CENTER	HARTFORD, 1 LILDEN PL, CT	US
S2-495840855	Coromandel Gróup	उत्तर प्रदेश, A64/31/0, SULABH AWAS, SECTOR 1, LUCKNOW	India
S2-292168653	AURON BIOHRARMA  LLC	5201 EVERGREEN WAY, EVERETT, WA	US
S2-828592995	Harbor LLC Coalition	623 SCISSORTAIL TRL, GEORGETOWN, TX	US
S2-2875333	LLC Borja Heartland Cosctagmre,	#24829 144RD PL, MONROE, WA	US
S2-519500095	Apex  Center	4 HILLSIDE CT, ATHENS, NY	US
S2-46154570	Cruz-Industries Group	NC, NEWTON, 223 SHANNONBROOK DRIVE	US
S2-864848574	Goetzinger, Jmdeia L., MD	279 JOSEPH AVE, ROCHESTER, NY	US
S2-853319232	PRIDE SQUARE  LIMITED	419, Z-ONE, NR AVALON HOTEL, OFF SINDHUBHAVAN ROAD, AHMADABAD CITY, Gujarat	India
S2-349403828	Behavioral Health Amerihhn Clinic LLC	2088 THRUSH AVENUE, HAMPTON, IA	US
S2-639596316	HERNANDEZ-ACE CEA CORP	0106 BEAVER TRL, HUBERT, NC	US
S2-48997449	Silver Hartford Corp	132-136 VISTA LANE, WYTHE COUNTY, VA	US
S2-853245626	Travis Aimei	RAILROAD STREET, LOVINGTON, IL	US
S2-796531268	गैलेक्सी इन्वेस्टमेंट्स प्राइवेट लिमिटेड	OFFICE NO. 308/9 TO 311, Maharashtra, 3RD FLOOR, NORTH BLOCK, SACREED WORLD, WANAWADI, PUNE CITY, PUNE	India
S2-248256041	PRIVARFT BEST SERVICES LIMITED	CENTURY GALAXY DEVELOPERS, LTD, CC, AMARJYOTHI MUSS, BANGALORE SOUTH, BANGALORE, Karnataka	India
S2-83057284	Lorenza M Jeffers,	NC, 207 WRENN DR, NULL, CARY	US
S2-209514993	DWARAKA & CO	SURVEY NO.248/3, 248/4, 253/1, PETH VADGAON TALUKA HATAKANANGALE, PETH VADGAON, Maharashtra	India
S2-458703934	ALPHA TECH	Telangana, SY NO. 4-49/E, DOMMARA POCHAMPALLY MEDCHAL-MALKAJGIRI DISTRICT, HYDERABAD	India
S2-689985416	Llc Royal Realty 6lobal	214D 300, OREM, UT	US
S2-88565947	RUSTIC & BROTHERS	PLOT NO.13, SECTOR 16A, SANPADA, THANE, महाराष्ट्र	India
S2-911105911	JHH  Finance Private	H.NO ##5/41- NEW NO.2/41, NARASIPURAM ROAD THONDAMUTHUR POST, COIMBATORE, Tamil Nadu	India
S2-308243353	Bangalore Limited Services	AB SQUARE, SECOND FLOOR #13, 4 TH CROSS 14TH MAIN, 5TH SECTOR, HSR LAYOUT, BANGALORE, Karnataka	India
S2-397039351	Caterina W Arriaga, DDS (LP)	22488 FM 1097, MONTGOMERY, TX	US
S2-228559678	Shri Masco Service		India
S2-842237314	The Direct Strategic Brands Ltd	23243 SPRING CREST DR, ISLE OF WIGHT COUNTY, VA	US
S2-792357313	NANDHA HANDICRAFTS PRIVATE  LIMITED	TC 82/1833(4) VANCHIYOOR PO, THIRUVANANTHAPURAM, കേരളം	India
S2-132338807	UK  DIRECTION PRIVATE	24-, ASHUTOSH MUKHERJEE ROAD, GROUND FLOOR, KOLKATA, KOLKATA, West Bengal	India
S2-831291071	*** Vision Crystal Cáre	70B WINDY HILL COURT, BENTONVILLE CITY, VA	US
S2-910984788	Pediatric Specialists	3780-A ROCKY RIVER RD, CHARLOTTE, NC	US
S2-11806051	Limited Berhampur Estate	PLOT 9-64 KHATA NO. 516/2290, LATHI LATHI MAIN ROAD, BERHAMPUR, GANJAM, ଓଡ଼ିଶା	India
S2-852633529	Wendell & Stahley Bioscience LLC	#3994 RUTLEDGE RD, CHARLESTON, WV	US
S2-647075984	Shri BHAVA TOURS (INDIA)  PRIVATE LIMITED	West Bengal, P O GHATALDIST PASCHIM MIDNAPORE, W B	India
S2-608614443	rosabelle browning bulkers llc	0779 LEXINGTON AVENUE, BROOKLYN, NY	US
S2-565923443	Modern Orange-LP	7168 WINDING BROOK CT, COLUMBUS, OH	US
S2-825060931	mera big rapid	RIDDLE RD, CINCINNATI, OH	US
S2-305608692	Shri Vishal Mills Private Limited	D/07, VRAJ BHUMI FLATS NEAR AMBE SCHOOL, VADSAR, VADODARA, Gujarat	India
S2-67610619	Maurya (India) Arena	B3/87, MUNDHE, TAL KARAD DIST SATARA, KARAD, महाराष्ट्र	India
S2-360566453	Robertson & Dennis Service Ltd	2450 LAMAR AVEUE, MEMPHIS, TN	US
S2-853970892	N0RTH TOYO LLP	3064 1/2 LYNDALE ST, CHICAGO, IL	US
S2-10435493	Lokhandwala Infotech Private Ltd	West Bengal, P 68B CIT ROAD KANKURGACHI, KOLKATA, KOLKATA	India
S2-292683484	INTEGRATED CHEMICAL ALLIANCE CORPORATION	338-340 KINDIG RD, WAYNESBORO, VA	US
S2-210605559	Cocoa Planet Ltd	D. NO. 3-140, NIPPATLAPADU CHIMAKURTHI MANDAL, NIPPATLAPADU, Andhra Pradesh	India
S2-731398500	Best LLC Center	02104 HAMPTON COURT, CARROLLTON, TX	US
S2-315104108	Pinnacle Acmsrw Corp	#10 HUDSON LN, WINDSOR, CT	US
S2-400158291	Global lnstitute Inc #78299	#1041 EMERALD RIDGE DRIVE, CALERA, AL	US
S2-813246029	Horizon Wellness Partners	MA, ARLINGTN, GROVE STREET	US
S2-138839775	Ss Construction Private	H.NO 904 , 'A' WING, PRISTINE FONTANA BUILDING S. NO. 22, BEHIND MARATHA MANDIR, BAVDHA, N KHURD, PUNE, Maharashtra	India
S2-187015196	Shri oneenterprises.com	PROMOTER, A-9/27. VASANT VIHAR, दिल्ली	India
S2-592180886	Mr Kadambari Mnmoiaal Trust	48-191/1, PLOT NO. 29, SURYA NAGAR, CHINTAL, RANGAREDDY, తెలంగాణ	India
S2-389157576	CAMPBELL PONY ÍNC	18813 CHESTNUT AVENUE, COUNTRY CLLUB HILLS, IL	US
S2-933172491	PRIVATE ANNAPURNA SERVICES HOLDINGS LIMITED	A-685 TRANS YAMUNA COLONY RAMBAGH, AGRA, Uttar Pradesh	India
S2-55781896	Ralph Great Sciences Holdings	10734 BLOSSOM RIVER DRIVE, MISSOURI CITY, TX	US
S2-9158370	Global Jas Technologies Private Ltd	Rajasthan, A-40, KRISHNA NAGAR - II, LAL KOTHI TONK ROAD	India
S2-905371921	Chelsy Beazer Newhold	451 GLEN OAKS DR, JOHNSON CITY, TN	US
S2-37390828	Professional 5ecurity LLC  Concepts,	2801 Winterberry Way, OWENS ROSS ROADS CDP, AL	US
S2-557929272	Aggarwal He of Delhi New		India
S2-274167282	Yamuita Fabrics Private Ltd	C/ORAJKUMAR LAL SRIVASTAV, 613 INDIRANAGAR SECTOR 17, LUCKNOW, उत्तर प्रदेश	India
S2-76002383	Pediatric Dental  Clear Associates LLC Association	131 SUNNYSIDE BEACH DRIVE, JOHNSBURG, IL	US
S2-582377614	Technologies Pinaki Hospital Public Limited	23 PRAFULLA, G PASTA ROAD DADAR, Maharashtra	India
S2-830518326	Patriot Charter School Ínc.	ME, WATERBORO, 142 GOODWINS MILL ROAD	US
S2-922219331	East Agro Private Furniture Limited	H NO. 0011-243/35 , ON PLOT 42, SAI VILLAS, SITUATED AT UMDA NAGAR RAILWAY STATION, NEAR TELEPHONE EXCHANGE AREA, RANGAREDDY, Telangana	India
S2-267780558	Jorgensen, Melancon + Whitney Long (L.L.C.)	236  LAKE SAMMAMISH PARKWAY, BELLEVUE, WA	US
S2-165930723	मॉडर्न सूर्या कंस्ट्रक्शन प्राइवेट लिमिटेड	B18, KAMTA, CHINHAT, SHAKARPURI COLONY, LUCKNOW, उत्तर प्रदेश	India
S2-453351217	Corp IX Innovative Abony	40 SAVAGE LANE, HENDERSONVIILLE CDP, NC	US
S2-500890316	Lucky Dhinnre (Greater)	10108-B INTERNATIONAL BOULEVARD, CINCINNATI, OH	US
S2-229753596	METRO  RELIABLE QUALITY LLC	3950 SHANNON ST, PO BOX 9839, EUGENE, OR	US
S2-934517037	Perry Muzero,-[LLC]	0455 I ST, WASHINGTON, DC	US
S2-919431012	SAI ETERRLPIHS	I -15 NARAINA VIHAR NEW DELHI, DELHI, Delhi	India
S2-789127153	Hahnemann Bazaar Holdings Private	NO. 208 S NO. 21/6B, FLAT NO. J 705, SIGNATURE PARK, PHASE 2, DANGE DHOWK, PUNE CITY, Maharashtra	India
S2-776365599	Johnson Smrha of Raleigh	11200 TIDEWATER LN, NC, RALEIGH	US
S2-215296819	Development Prairie Spurlin East	##2768 13 HWY, GODSBORO CITY, NC	US
S2-376757584	Real Builders प्राइवेट लिमिटेड	D-1/1-ARANA PRATAP BAGH, DELHI, Delhi	India
S2-669731149	West Royal Gsr Llc	HAVRE DE GRACE, NORTHLANDS CT, MD	US
S2-437295920	mackadvisory.com	9710-9714 GATEWAY DR, JEFFERSONTOWN, KY	US
S2-833256899	India 5rínivasa Tiles Pvt.		India
S2-211087121	Peak Beacon Music (LLC)	4 JASMINE WAY, CULLOEN, WV	US
S2-769619213	PC URGENT CAC RELIABLE MEDICINE	0706 RAILROAD AVE, ELECTTRA, TX	US
S2-535357414	Smart Logisics Pvt Ltd	ਪੰਜਾਬ, 1202, B-III GALI NO. 3, KALYAN NAGAR, LUDHIANA	India
S2-409004212	JAIN ANGDN ESTATE PRIVATE LIMITED	SY NO. 550, SHOP NO 25 & 26, CITY CENTRE, BAZAR ROAD, JOGMATH, HONAVAR, Karnataka	India
S2-552789269	Mandi Dean Inc Services	OREM, UT, 892 100, PMB 6218	US
S2-291526954	Brazelton's Allied Development Inc	ND, MINOT, 1813 24ND ST	US
